1.956999659538269043e+00,1.523843479156494141e+01
3.640691041946411133e+00,2.065661621093750000e+01
6.842089295387268066e-01,2.222842788696289062e+01
-5.750863552093505859e-01,4.534389019012451172e+00
2.341934919357299805e+00,2.194715881347656250e+01
2.234048604965209961e+00,2.221997833251953125e+01
1.378710627555847168e+00,2.155811500549316406e+01
2.434554249048233032e-01,1.978001785278320312e+01
1.774340748786926270e+00,1.835802650451660156e+01
3.007877588272094727e+00,2.023690032958984375e+01
2.091122388839721680e+00,2.158684539794921875e+01
6.924041509628295898e-01,2.215695571899414062e+01
2.636330366134643555e+00,2.160972213745117188e+01
3.105967521667480469e+00,1.882643508911132812e+01
3.158936262130737305e+00,2.124282455444335938e+01
-1.246791839599609375e+00,6.655484676361083984e+00
3.412343740463256836e+00,2.107270812988281250e+01
-6.571711897850036621e-01,1.082821750640869141e+01
4.772990643978118896e-01,2.220216751098632812e+01
1.694777965545654297e+00,1.291638374328613281e+01
2.254980325698852539e+00,2.202508735656738281e+01
1.893091917037963867e+00,1.657095718383789062e+01
1.378167271614074707e+00,2.202025222778320312e+01
2.616628646850585938e+00,2.069934844970703125e+01
-2.300091236829757690e-01,2.131902122497558594e+01
-3.694903552532196045e-01,1.691522407531738281e+01
-1.469898670911788940e-01,2.126306915283203125e+01
1.243726849555969238e+00,1.549357318878173828e+01
1.526772975921630859e+00,1.582998943328857422e+01
-1.039016008377075195e+00,6.898551940917968750e+00
2.732077121734619141e+00,2.152593612670898438e+01
2.807678654789924622e-02,1.228229045867919922e+01
9.445489048957824707e-01,2.191966247558593750e+01
5.389882922172546387e-01,1.524962902069091797e+01
2.965672686696052551e-02,1.537374687194824219e+01
7.010875344276428223e-01,1.359257221221923828e+01
8.967342972755432129e-01,1.309613132476806641e+01
1.149430036544799805e+00,1.131634044647216797e+01
-2.633903920650482178e-01,1.118889141082763672e+01
7.225883007049560547e-01,1.371413326263427734e+01
1.156931996345520020e+00,1.672550582885742188e+01
1.420643568038940430e+00,2.226436996459960938e+01
2.264963388442993164e+00,1.951803970336914062e+01
1.089432001113891602e+00,2.059939575195312500e+01
-1.022385001182556152e+00,2.025967025756835938e+01
1.352858543395996094e+00,1.342018413543701172e+01
2.593237161636352539e+00,2.008422470092773438e+01
1.929745554924011230e+00,2.209425354003906250e+01
2.013100147247314453e+00,2.197291564941406250e+01
-2.656399011611938477e-01,1.944192528724670410e+00
3.862502574920654297e+00,2.067749404907226562e+01
3.332665443420410156e+00,2.087304687500000000e+01
1.195060014724731445e+00,1.656016159057617188e+01
8.200969696044921875e-01,1.092019271850585938e+01
3.328490018844604492e+00,2.133125877380371094e+01
2.608740568161010742e+00,2.166537857055664062e+01
1.200708031654357910e+00,2.137042999267578125e+01
2.869043827056884766e+00,2.141252517700195312e+01
-4.842076003551483154e-01,2.097753524780273438e+01
1.082789182662963867e+00,2.212148666381835938e+01
1.127300977706909180e+00,2.220793914794921875e+01
3.358937978744506836e+00,2.112755775451660156e+01
2.956983566284179688e+00,1.463582515716552734e+01
3.609282493591308594e+00,2.095780563354492188e+01
2.195729494094848633e+00,1.610213088989257812e+01
3.372807979583740234e+00,2.085780525207519531e+01
-7.685585021972656250e-01,1.354758548736572266e+01
5.082137584686279297e-01,2.153475952148437500e+01
2.974879264831542969e+00,2.065974617004394531e+01
1.540253639221191406e+00,1.636457061767578125e+01
1.145597696304321289e+00,2.058463096618652344e+01
2.627777755260467529e-01,2.201870346069335938e+01
1.850269794464111328e+00,2.207895851135253906e+01
6.042029261589050293e-01,2.189445877075195312e+01
3.799196243286132812e+00,2.035667991638183594e+01
1.749707221984863281e+00,2.206144332885742188e+01
1.618297934532165527e+00,2.157685089111328125e+01
2.582988739013671875e+00,1.818758392333984375e+01
-2.117045372724533081e-01,2.039806556701660156e+01
2.365171909332275391e+00,2.130066871643066406e+01
2.994302988052368164e+00,2.175522804260253906e+01
8.066423535346984863e-01,2.226594734191894531e+01
7.346231937408447266e-01,1.263220596313476562e+01
2.484400123357772827e-01,1.104774379730224609e+01
7.098670005798339844e-01,2.207057571411132812e+01
1.085461497306823730e+00,1.998499679565429688e+01
2.297397613525390625e+00,1.766599655151367188e+01
-5.358723402023315430e-01,1.890305328369140625e+01
-2.885387241840362549e-01,1.210240840911865234e+01
2.461255311965942383e+00,2.185505485534667969e+01
-6.029197573661804199e-01,1.057389545440673828e+01
6.048530340194702148e-01,1.985499763488769531e+01
8.714433908462524414e-01,2.196914100646972656e+01
2.260613918304443359e+00,2.057238769531250000e+01
1.851780414581298828e+00,1.431768417358398438e+01
4.906696379184722900e-01,1.751890945434570312e+01
2.661268234252929688e+00,1.357694530487060547e+01
3.234492063522338867e+00,2.141220855712890625e+01
1.091233491897583008e+00,1.477737426757812500e+01
4.105117321014404297e+00,2.009505462646484375e+01
2.523570656776428223e-01,1.361118984222412109e+01
2.636988878250122070e+00,2.181069946289062500e+01
1.750904202461242676e+00,2.222392082214355469e+01
-7.272235304117202759e-02,1.742037582397460938e+01
2.553877830505371094e+00,2.155613708496093750e+01
1.022302627563476562e+00,8.260144233703613281e+00
8.315483927726745605e-01,1.988603401184082031e+01
-1.929365992546081543e-01,4.578848361968994141e+00
2.602120876312255859e+00,1.935890960693359375e+01
8.305432796478271484e-01,1.878544998168945312e+01
5.421386957168579102e-01,1.483082294464111328e+01
5.800666213035583496e-01,2.228264808654785156e+01
-2.986089289188385010e-01,1.709657287597656250e+01
-3.045783638954162598e-01,1.140253067016601562e+01
-7.925338149070739746e-01,9.997528076171875000e+00
1.946813583374023438e+00,2.116915893554687500e+01
1.309413194656372070e+00,2.115812301635742188e+01
6.707581877708435059e-01,1.839166259765625000e+01
8.859560489654541016e-01,1.748222732543945312e+01
-6.270382404327392578e-01,1.071682834625244141e+01
-2.791129052639007568e-01,1.804705047607421875e+01
3.375836610794067383e+00,2.067300415039062500e+01
1.397521615028381348e+00,1.897621917724609375e+01
4.513905942440032959e-01,2.175636100769042969e+01
9.157267212867736816e-01,2.158515357971191406e+01
-6.536849141120910645e-01,1.381541442871093750e+01
1.660643100738525391e+00,2.148867416381835938e+01
1.966021776199340820e+00,2.187794113159179688e+01
2.762737512588500977e+00,2.181703948974609375e+01
2.918267488479614258e+00,2.142572212219238281e+01
-6.927094608545303345e-02,2.133911895751953125e+01
-6.515601277351379395e-01,2.096646308898925781e+01
1.142309188842773438e+00,2.207393264770507812e+01
2.121674060821533203e+00,2.132676506042480469e+01
7.192637771368026733e-02,7.615183830261230469e+00
6.524661779403686523e-01,1.614086151123046875e+01
9.308946132659912109e-01,1.259144592285156250e+01
1.293180137872695923e-01,1.550812053680419922e+01
1.397882223129272461e+00,1.971094512939453125e+01
8.685649633407592773e-01,2.206503295898437500e+01
3.363058328628540039e+00,2.082892227172851562e+01
2.317576646804809570e+00,2.116776657104492188e+01
1.197245344519615173e-01,1.940391159057617188e+01
1.199055194854736328e+00,2.108203887939453125e+01
3.148584842681884766e+00,2.140858078002929688e+01
1.175285816192626953e+00,1.798622894287109375e+01
1.630695343017578125e+00,1.527466583251953125e+01
3.476387500762939453e+00,2.066822814941406250e+01
1.202992320060729980e+00,2.200233459472656250e+01
2.411521196365356445e+00,2.162961959838867188e+01
1.892573595046997070e+00,2.215883636474609375e+01
4.146859169006347656e+00,1.940795516967773438e+01
3.057878732681274414e+00,2.172286224365234375e+01
-3.139263093471527100e-01,1.971470260620117188e+01
1.207509756088256836e+00,1.779573822021484375e+01
-4.542897045612335205e-01,9.194681167602539062e+00
1.025569915771484375e+00,1.524646472930908203e+01
2.629950523376464844e+00,1.830255126953125000e+01
4.587900340557098389e-01,1.725674247741699219e+01
3.405363321304321289e+00,2.111734962463378906e+01
8.867584466934204102e-01,1.616402816772460938e+01
3.560998737812042236e-01,1.157832431793212891e+01
2.857535183429718018e-01,1.329819679260253906e+01
1.533605605363845825e-01,1.946427536010742188e+01
1.172732114791870117e+00,2.116307830810546875e+01
1.864683628082275391e+00,1.545579051971435547e+01
-9.518675804138183594e-01,1.764282989501953125e+01
1.395854949951171875e+00,1.777659606933593750e+01
-2.590943276882171631e-01,1.642864227294921875e+01
1.412994623184204102e+00,1.552533340454101562e+01
1.309631586074829102e+00,2.227859878540039062e+01
-1.298087835311889648e-01,8.205309867858886719e+00
8.643848896026611328e-01,9.211998939514160156e+00
2.421383142471313477e+00,2.222037315368652344e+01
1.425345659255981445e+00,1.359586143493652344e+01
3.456664323806762695e+00,2.083539199829101562e+01
2.503366231918334961e+00,2.178337097167968750e+01
1.641868114471435547e+00,2.202308273315429688e+01
2.350400209426879883e+00,2.093521308898925781e+01
1.298761248588562012e+00,2.198479652404785156e+01
1.260086655616760254e+00,1.958946609497070312e+01
-4.681108593940734863e-01,9.159817695617675781e+00
-8.977753669023513794e-02,1.080011653900146484e+01
2.946244001388549805e+00,1.942907714843750000e+01
2.380236536264419556e-01,2.078064155578613281e+01
9.709628820419311523e-01,1.529131221771240234e+01
8.485571146011352539e-01,2.215111923217773438e+01
2.037998914718627930e+00,1.866468429565429688e+01
7.867803424596786499e-02,1.835393142700195312e+01
2.156159400939941406e+00,2.195801544189453125e+01
9.245611429214477539e-01,2.193188858032226562e+01
4.519682824611663818e-01,1.499066448211669922e+01
1.401322722434997559e+00,2.225203514099121094e+01
1.493377447128295898e+00,1.968349647521972656e+01
1.575430393218994141e+00,1.341439914703369141e+01
1.129023551940917969e+00,1.336449909210205078e+01
2.392354756593704224e-01,1.751435089111328125e+01
1.315341711044311523e+00,2.133852767944335938e+01
6.844587922096252441e-01,1.085934925079345703e+01
2.037137031555175781e+00,2.194165420532226562e+01
3.986125066876411438e-02,1.354742336273193359e+01
4.693171977996826172e+00,1.645890808105468750e+01
-1.144778013229370117e+00,1.616662025451660156e+01
3.556894958019256592e-01,1.732024765014648438e+01
2.236162900924682617e+00,1.662394523620605469e+01
3.239417314529418945e+00,2.151491165161132812e+01
1.071848273277282715e+00,1.447907543182373047e+01
-1.969248503446578979e-01,4.405008792877197266e+00
9.049315936863422394e-03,1.331214046478271484e+01
1.850932598114013672e+00,2.018449783325195312e+01
1.966133952140808105e+00,1.054864788055419922e+01
1.700993299484252930e+00,1.528569126129150391e+01
6.288265585899353027e-01,1.377815818786621094e+01
1.347080349922180176e+00,2.165850448608398438e+01
5.313935875892639160e-01,2.134699821472167969e+01
1.675475716590881348e+00,2.154281044006347656e+01
1.927379369735717773e+00,2.188089942932128906e+01
-3.120801150798797607e-01,1.449513721466064453e+01
1.460072994232177734e+00,2.087419891357421875e+01
1.366663217544555664e+00,2.211636352539062500e+01
-9.350979328155517578e-01,2.053664016723632812e+01
1.444773912429809570e+00,1.412149238586425781e+01
3.191980123519897461e+00,1.780126380920410156e+01
3.126756846904754639e-01,2.110890197753906250e+01
1.823361635208129883e+00,1.846439552307128906e+01
9.613060951232910156e-01,2.126621437072753906e+01
-1.049892663955688477e+00,6.869804859161376953e+00
2.666216373443603516e+00,2.174487686157226562e+01
2.557343721389770508e+00,2.196141624450683594e+01
4.499031007289886475e-01,2.177960777282714844e+01
-6.690483689308166504e-01,1.842808151245117188e+01
2.522669076919555664e+00,2.192356109619140625e+01
5.097777843475341797e-01,1.776605606079101562e+01
1.814331531524658203e+00,2.077434921264648438e+01
1.987573146820068359e+00,2.195413780212402344e+01
3.158147037029266357e-01,1.374590778350830078e+01
2.399600267410278320e+00,2.177322006225585938e+01
1.271480470895767212e-01,1.756952667236328125e+01
6.826375722885131836e-01,2.194081115722656250e+01
1.264320492744445801e+00,2.220012283325195312e+01
1.529739141464233398e+00,2.220113563537597656e+01
-9.081742763519287109e-01,1.759000778198242188e+01
1.721002310514450073e-01,1.415444087982177734e+01
1.800633221864700317e-01,1.204018497467041016e+01
1.231152296066284180e+00,2.212690734863281250e+01
2.148623704910278320e+00,2.206355285644531250e+01
1.211199998855590820e+00,1.314158535003662109e+01
1.474636316299438477e+00,1.426369476318359375e+01
1.269440412521362305e+00,1.350131607055664062e+01
1.708490133285522461e+00,2.143112564086914062e+01
1.587260484695434570e+00,2.193175506591796875e+01
2.697925567626953125e+00,2.166643714904785156e+01
1.483493089675903320e+00,2.774008512496948242e-01
-1.317779868841171265e-01,1.798137283325195312e+01
1.200113892555236816e+00,1.722845077514648438e+01
-1.752263069152832031e+00,1.497120094299316406e+01
-7.723383903503417969e-01,6.847820281982421875e+00
-1.057086586952209473e+00,1.485427284240722656e+01
4.157465398311614990e-01,2.063774871826171875e+01
-3.902326151728630066e-02,1.970547866821289062e+01
3.358117580413818359e+00,1.461032676696777344e+01
3.424773931503295898e+00,1.332213878631591797e+01
1.106180667877197266e+00,1.742268371582031250e+01
1.848943978548049927e-01,1.774563217163085938e+01
1.548274159431457520e+00,1.583021259307861328e+01
1.123116493225097656e+00,2.094403457641601562e+01
3.143345355987548828e+00,2.146297454833984375e+01
1.347639132291078568e-02,1.543414020538330078e+01
-6.539314985275268555e-01,1.298437213897705078e+01
1.627935171127319336e+00,2.201863479614257812e+01
2.330671787261962891e+00,2.212364387512207031e+01
2.007646486163139343e-02,5.544342517852783203e+00
1.972876548767089844e+00,2.081653404235839844e+01
1.349802017211914062e+00,2.226792526245117188e+01
1.385064363479614258e+00,9.110799789428710938e+00
5.715743899345397949e-01,1.869037818908691406e+01
3.723085880279541016e+00,1.622780609130859375e+01
-5.103535577654838562e-02,1.179274082183837891e+01
5.271311402320861816e-01,1.364848423004150391e+01
4.173465073108673096e-01,1.954846382141113281e+01
-8.182486295700073242e-01,1.192089557647705078e+01
-1.287849992513656616e-01,1.399422836303710938e+01
2.945331037044525146e-01,1.637732696533203125e+01
3.600856065750122070e+00,2.014441490173339844e+01
1.941988348960876465e+00,2.214449501037597656e+01
1.799333572387695312e+00,2.231547164916992188e+01
2.504236459732055664e+00,2.174082374572753906e+01
3.116662800312042236e-01,1.564675998687744141e+01
1.118274927139282227e+00,1.995358657836914062e+01
7.958862185478210449e-01,2.075667953491210938e+01
1.254774570465087891e+00,2.230476188659667969e+01
7.134875655174255371e-01,1.727781295776367188e+01
1.874587059020996094e+00,2.209767913818359375e+01
3.518141984939575195e+00,2.085168266296386719e+01
1.207322120666503906e+00,2.233246421813964844e+01
2.394659996032714844e+00,1.523701381683349609e+01
-5.364043712615966797e-01,9.304536819458007812e+00
8.328352570533752441e-01,1.282352924346923828e+01
6.197354793548583984e-01,2.203067016601562500e+01
7.918910384178161621e-01,1.352464008331298828e+01
2.631419897079467773e+00,2.178327178955078125e+01
5.244612693786621094e-01,1.274623775482177734e+01
-2.277051061391830444e-01,2.131420135498046875e+01
1.899458885192871094e+00,1.276080799102783203e+01
8.419286012649536133e-01,2.206863021850585938e+01
1.487744569778442383e+00,1.387261104583740234e+01
3.978073298931121826e-01,1.379723644256591797e+01
2.231979370117187500e+00,2.172639846801757812e+01
2.454542636871337891e+00,2.163751029968261719e+01
2.036001205444335938e+00,2.014728546142578125e+01
9.455401301383972168e-01,1.232243251800537109e+01
2.593423128128051758e+00,2.166133499145507812e+01
2.769190549850463867e+00,2.150589370727539062e+01
1.513062357902526855e+00,2.197908020019531250e+01
4.247943401336669922e+00,1.947565460205078125e+01
1.778016567230224609e+00,2.212407493591308594e+01
2.062952756881713867e+00,2.187840461730957031e+01
2.913700640201568604e-01,2.200114440917968750e+01
2.772137403488159180e+00,2.160859298706054688e+01
-6.798068284988403320e-01,7.735382556915283203e+00
1.276978969573974609e+00,2.194889831542968750e+01
3.767614126205444336e+00,2.055726051330566406e+01
2.811153411865234375e+00,2.191137123107910156e+01
1.365314245223999023e+00,2.015127754211425781e+01
7.980082631111145020e-01,1.421772480010986328e+01
-1.179106593132019043e+00,1.261175346374511719e+01
3.311681032180786133e+00,1.991943359375000000e+01
2.319249391555786133e+00,2.188155746459960938e+01
1.391751766204833984e+00,2.199704933166503906e+01
1.868985414505004883e+00,1.702042198181152344e+01
2.349184751510620117e+00,1.728334617614746094e+01
1.041822060942649841e-01,2.181068038940429688e+01
1.443954259157180786e-01,1.888076782226562500e+01
2.450846195220947266e+00,2.172812271118164062e+01
2.290137529373168945e+00,2.052983283996582031e+01
7.359793186187744141e-01,8.994412422180175781e+00
1.382277250289916992e+00,1.584359073638916016e+01
1.835548281669616699e+00,2.196330642700195312e+01
4.679505348205566406e+00,1.555898094177246094e+01
1.633484482765197754e+00,1.478824710845947266e+01
2.195167303085327148e+00,2.111746406555175781e+01
1.216911077499389648e+00,1.984767913818359375e+01
1.486266851425170898e+00,1.288232898712158203e+01
2.079591512680053711e+00,2.093608093261718750e+01
4.099947929382324219e+00,1.753590774536132812e+01
2.021936655044555664e+00,2.214818191528320312e+01
1.064908877015113831e-01,5.461142063140869141e+00
3.876347064971923828e+00,2.024318313598632812e+01
1.531315565109252930e+00,2.235140228271484375e+01
9.682927131652832031e-01,2.170823287963867188e+01
3.081517934799194336e+00,2.154027557373046875e+01
5.923705175518989563e-04,2.111576271057128906e+01
9.061351418495178223e-01,2.013614654541015625e+01
1.736509323120117188e+00,1.705359649658203125e+01
8.699959516525268555e-01,2.191001892089843750e+01
5.366325378417968750e-01,1.490663433074951172e+01
4.065513312816619873e-01,1.552906894683837891e+01
3.065407991409301758e+00,2.096887969970703125e+01
1.163302659988403320e+00,1.763269805908203125e+01
2.486208230257034302e-01,2.073372840881347656e+01
2.355675935745239258e+00,2.188576316833496094e+01
3.301998376846313477e+00,2.118624877929687500e+01
2.504061937332153320e+00,2.201464653015136719e+01
2.077422380447387695e+00,1.778559684753417969e+01
3.616358995437622070e+00,2.078017616271972656e+01
1.355271488428115845e-01,2.117815399169921875e+01
1.183490991592407227e+00,1.727046585083007812e+01
1.962587594985961914e+00,2.030365180969238281e+01
1.161194682121276855e+00,2.097276878356933594e+01
1.042116880416870117e+00,1.708099174499511719e+01
1.642923474311828613e+00,2.151116752624511719e+01
5.561091899871826172e-01,9.038672447204589844e+00
3.519342660903930664e+00,1.877357482910156250e+01
1.721205472946166992e+00,1.363541507720947266e+01
1.900404691696166992e+00,2.118450927734375000e+01
3.552726268768310547e+00,2.063500022888183594e+01
7.420170903205871582e-01,1.488006591796875000e+01
6.172100305557250977e-01,2.187587738037109375e+01
1.277838945388793945e+00,2.232232666015625000e+01
-5.131460428237915039e-01,2.026105880737304688e+01
1.277540445327758789e+00,2.132053375244140625e+01
1.396553993225097656e+00,2.235149192810058594e+01
9.928620457649230957e-01,2.198582839965820312e+01
6.680886149406433105e-01,2.069881820678710938e+01
3.439760208129882812e+00,2.109793090820312500e+01
4.863905608654022217e-01,2.210488510131835938e+01
-7.480470538139343262e-01,1.242711162567138672e+01
2.092829942703247070e+00,2.208168792724609375e+01
7.792769670486450195e-01,1.644773101806640625e+01
1.224144101142883301e+00,1.855482482910156250e+01
2.936940908432006836e+00,2.170169448852539062e+01
2.582682609558105469e+00,2.154997444152832031e+01
6.618575006723403931e-02,8.937886238098144531e+00
2.287684440612792969e+00,2.202344703674316406e+01
9.835252165794372559e-01,1.154488658905029297e+01
2.897701025009155273e+00,2.125917434692382812e+01
1.752555847167968750e+00,2.233213233947753906e+01
2.220266580581665039e+00,2.213654899597167969e+01
2.690617144107818604e-01,1.583868408203125000e+01
1.276235818862915039e+00,2.224383163452148438e+01
1.203876972198486328e+00,1.131486797332763672e+01
2.301558256149291992e+00,2.190202331542968750e+01
1.489327907562255859e+00,2.118585014343261719e+01
1.212128520011901855e+00,1.753441619873046875e+01
6.848459243774414062e-01,1.376998996734619141e+01
2.974083185195922852e+00,2.103001022338867188e+01
1.643857359886169434e+00,2.175401687622070312e+01
1.414152145385742188e+00,1.683363533020019531e+01
2.488850116729736328e+00,1.362693119049072266e+01
4.343040660023689270e-02,2.177519226074218750e+01
-3.259772956371307373e-01,1.756678390502929688e+01
1.508356690406799316e+00,2.186572265625000000e+01
1.863522052764892578e+00,2.076234054565429688e+01
1.104483485221862793e+00,6.603446483612060547e+00
8.820126056671142578e-01,2.184115791320800781e+01
-3.575504124164581299e-01,1.985274505615234375e+01
3.233044385910034180e+00,2.068837165832519531e+01
6.429078429937362671e-02,2.131939697265625000e+01
1.164319634437561035e+00,1.248878192901611328e+01
1.053100585937500000e+00,1.242229843139648438e+01
1.497475743293762207e+00,2.136397933959960938e+01
1.639737963676452637e+00,1.344680881500244141e+01
5.404548048973083496e-01,1.636358833312988281e+01
2.195134878158569336e+00,1.827338790893554688e+01
3.612550020217895508e+00,1.947402572631835938e+01
3.843573033809661865e-01,1.089766597747802734e+01
1.369057178497314453e+00,2.212767982482910156e+01
1.067443847656250000e+00,1.601383399963378906e+01
-5.673358961939811707e-02,8.796096801757812500e+00
2.243810415267944336e+00,1.422489738464355469e+01
1.307981252670288086e+00,2.225122451782226562e+01
3.329540967941284180e+00,2.096905136108398438e+01
1.634858369827270508e+00,1.318599033355712891e+01
2.398129940032958984e+00,1.759653663635253906e+01
2.501255035400390625e+00,2.196587753295898438e+01
1.823906183242797852e+00,2.110700607299804688e+01
1.414256572723388672e+00,1.935348892211914062e+01
4.246077537536621094e+00,1.924214172363281250e+01
1.228127717971801758e+00,2.214253616333007812e+01
4.292373359203338623e-01,1.725718879699707031e+01
3.806998014450073242e+00,1.828116416931152344e+01
-2.517758905887603760e-01,1.298958873748779297e+01
1.264999032020568848e+00,1.559742259979248047e+01
4.636366069316864014e-01,1.803154373168945312e+01
2.800283193588256836e+00,1.948896408081054688e+01
8.659728765487670898e-01,1.616390800476074219e+01
1.376527070999145508e+00,2.156542778015136719e+01
1.504864692687988281e+00,2.203002929687500000e+01
1.726671934127807617e+00,1.907552337646484375e+01
2.762160778045654297e+00,1.866019821166992188e+01
-6.651618480682373047e-01,1.382769012451171875e+01
2.470086574554443359e+00,2.184803009033203125e+01
1.079258322715759277e+00,2.113085365295410156e+01
3.318353414535522461e+00,2.142393112182617188e+01
8.758515715599060059e-01,1.735007095336914062e+01
3.146195650100708008e+00,1.826692962646484375e+01
2.127546787261962891e+00,1.663138008117675781e+01
1.933452606201171875e+00,2.204763412475585938e+01
1.949126243591308594e+00,2.220220756530761719e+01
-5.600086450576782227e-01,1.372421073913574219e+01
1.638089656829833984e+00,2.230801963806152344e+01
1.599199295043945312e+00,1.457021903991699219e+01
1.182040929794311523e+00,2.203889083862304688e+01
7.332751750946044922e-01,8.830269813537597656e+00
2.339772462844848633e+00,1.947578811645507812e+01
7.298415899276733398e-01,1.560148239135742188e+01
1.488926649093627930e+00,1.986089515686035156e+01
1.399136781692504883e+00,2.219329833984375000e+01
-1.490080207586288452e-01,9.674382209777832031e+00
7.401609420776367188e-01,2.232151412963867188e+01
1.717887878417968750e+00,2.227801132202148438e+01
3.402723550796508789e+00,1.824584197998046875e+01
1.622473001480102539e+00,2.209161376953125000e+01
1.503368496894836426e+00,1.961508178710937500e+01
1.946183323860168457e+00,2.221224212646484375e+01
-5.350013971328735352e-01,1.877891159057617188e+01
9.867480993270874023e-01,1.619185066223144531e+01
2.351604700088500977e+00,2.197297668457031250e+01
9.656515717506408691e-01,2.144026947021484375e+01
1.313343048095703125e+00,1.980895614624023438e+01
2.790351390838623047e+00,2.144758987426757812e+01
1.043998003005981445e+00,1.013336849212646484e+01
1.100816249847412109e+00,2.237005615234375000e+01
1.535141706466674805e+00,2.217018508911132812e+01
-7.198997735977172852e-01,1.161979579925537109e+01
9.703931212425231934e-01,2.118198204040527344e+01
6.805788278579711914e-01,1.385499095916748047e+01
1.461370825767517090e+00,2.208024597167968750e+01
3.692505657672882080e-01,1.505532073974609375e+01
7.121238857507705688e-02,9.083336830139160156e+00
1.235458016395568848e+00,2.071935844421386719e+01
1.148787021636962891e+00,2.222409439086914062e+01
1.246834158897399902e+00,1.674895668029785156e+01
1.969342947006225586e+00,9.915561676025390625e+00
1.163342952728271484e+00,1.422434616088867188e+01
2.128812551498413086e+00,2.224617385864257812e+01
1.874865651130676270e+00,2.180429077148437500e+01
1.912616342306137085e-01,1.370013904571533203e+01
2.454141616821289062e+00,2.179060554504394531e+01
2.646109819412231445e+00,2.170485305786132812e+01
1.151021361351013184e+00,2.210070800781250000e+01
3.011349141597747803e-01,1.963351821899414062e+01
4.065365314483642578e+00,2.030839157104492188e+01
1.514696836471557617e+00,1.697398757934570312e+01
-2.591858431696891785e-02,1.282263088226318359e+01
1.821944236755371094e+00,2.206909561157226562e+01
1.417866110801696777e+00,2.209864807128906250e+01
5.311958193778991699e-01,5.345157146453857422e+00
3.689407348632812500e+00,2.071446228027343750e+01
1.286823749542236328e+00,2.200641059875488281e+01
-5.073210000991821289e-01,2.050594902038574219e+01
1.129031181335449219e+00,2.184866333007812500e+01
2.486200571060180664e+00,2.082595443725585938e+01
-2.003704756498336792e-01,1.987439727783203125e+01
2.509389877319335938e+00,2.168130111694335938e+01
-5.498757362365722656e-01,1.217421722412109375e+01
7.121791839599609375e-01,1.910145759582519531e+01
1.561182498931884766e+00,2.149835586547851562e+01
1.835345029830932617e+00,2.223712921142578125e+01
7.906510829925537109e-01,1.784271240234375000e+01
1.670538425445556641e+00,2.188492584228515625e+01
-6.055331826210021973e-01,9.288074493408203125e+00
1.743500709533691406e+00,2.222385025024414062e+01
-6.276605129241943359e-01,1.852383041381835938e+01
3.183555841445922852e+00,2.070363616943359375e+01
1.539117574691772461e+00,2.213474655151367188e+01
3.261456251144409180e+00,2.115252685546875000e+01
1.979316234588623047e+00,2.043862915039062500e+01
1.893331766128540039e+00,2.201398468017578125e+01
1.599906921386718750e+00,2.087610244750976562e+01
1.877677679061889648e+00,2.211006164550781250e+01
3.121324479579925537e-01,1.816765975952148438e+01
3.058238506317138672e+00,2.133547210693359375e+01
7.855011224746704102e-01,9.860386848449707031e+00
1.427921056747436523e+00,2.202597999572753906e+01
2.261524915695190430e+00,1.616390991210937500e+01
-3.784130141139030457e-02,1.190714073181152344e+01
1.209551572799682617e+00,2.062788009643554688e+01
1.346613883972167969e+00,2.235092926025390625e+01
1.791564702987670898e+00,2.213642883300781250e+01
3.207525968551635742e+00,1.872537612915039062e+01
3.146432876586914062e+00,2.132723426818847656e+01
5.836216807365417480e-01,1.677824401855468750e+01
1.896957993507385254e+00,2.180076217651367188e+01
2.914981126785278320e+00,2.021924209594726562e+01
3.027612447738647461e+00,2.190043640136718750e+01
5.241975784301757812e-01,1.325316143035888672e+01
3.250652313232421875e+00,2.105278587341308594e+01
2.618174552917480469e+00,2.193780708312988281e+01
-1.048018112778663635e-01,2.130635452270507812e+01
1.573108196258544922e+00,1.498219013214111328e+01
1.957951545715332031e+00,1.096258831024169922e+01
1.577170133590698242e+00,2.236928558349609375e+01
1.800827264785766602e+00,9.231701850891113281e+00
1.084091663360595703e+00,1.755672645568847656e+01
-1.240191832184791565e-01,1.770045280456542969e+01
2.301189661026000977e+00,2.199393653869628906e+01
4.411603510379791260e-01,1.172113132476806641e+01
1.926795005798339844e+00,1.871794319152832031e+01
1.108190536499023438e+00,2.226279830932617188e+01
3.487284660339355469e+00,2.070374679565429688e+01
2.052300691604614258e+00,2.228338623046875000e+01
-7.709451913833618164e-01,6.919350147247314453e+00
1.759169340133666992e+00,2.228189086914062500e+01
2.573161363601684570e+00,2.157214355468750000e+01
5.999866127967834473e-01,1.459176731109619141e+01
1.506200671195983887e+00,2.164435768127441406e+01
2.462740898132324219e+00,2.182915878295898438e+01
-1.762693285942077637e+00,1.716816711425781250e+01
8.417059779167175293e-01,2.182434082031250000e+01
1.734552145004272461e+00,2.144137382507324219e+01
3.159243583679199219e+00,1.814615249633789062e+01
2.258693456649780273e+00,1.970954895019531250e+01
1.975422620773315430e+00,2.094777870178222656e+01
2.751967906951904297e+00,2.126584053039550781e+01
-7.961956411600112915e-02,1.454602432250976562e+01
-4.505197331309318542e-02,1.922472953796386719e+01
1.168509364128112793e+00,2.072243499755859375e+01
2.281258344650268555e+00,2.198463630676269531e+01
3.228351354598999023e+00,2.156492805480957031e+01
2.929865121841430664e+00,1.786694526672363281e+01
2.828296184539794922e+00,-1.193863749504089355e+00
1.750308036804199219e+00,1.570590782165527344e+01
-1.182579517364501953e+00,6.957046031951904297e+00
-3.211065828800201416e-01,9.583271980285644531e+00
-4.875840842723846436e-01,1.529737186431884766e+01
5.878223851323127747e-02,1.343571567535400391e+01
2.413555383682250977e+00,2.190783309936523438e+01
-2.161676734685897827e-01,1.519101238250732422e+01
1.670678615570068359e+00,1.783075332641601562e+01
1.328160643577575684e+00,1.410469245910644531e+01
2.798023700714111328e+00,2.071107101440429688e+01
5.147852897644042969e-01,2.032384872436523438e+01
2.191506624221801758e+00,2.197036743164062500e+01
8.548148870468139648e-01,2.234253311157226562e+01
-8.909115940332412720e-02,2.123891639709472656e+01
1.013447165489196777e+00,1.936156463623046875e+01
1.433893203735351562e+00,2.224714279174804688e+01
2.236059427261352539e+00,2.193845558166503906e+01
2.246165752410888672e+00,2.179080200195312500e+01
3.137826681137084961e+00,2.090942001342773438e+01
1.345748156309127808e-01,1.207302951812744141e+01
8.056682944297790527e-01,1.987516784667968750e+01
1.003893256187438965e+00,1.287531948089599609e+01
2.827056884765625000e+00,2.151820182800292969e+01
1.148031234741210938e+00,2.143735313415527344e+01
3.067612648010253906e+00,2.159378623962402344e+01
-8.413734436035156250e-01,1.831262207031250000e+01
1.225882053375244141e+00,1.606251907348632812e+01
2.507449090480804443e-01,2.061266326904296875e+01
3.767280817031860352e+00,2.044491958618164062e+01
2.948291301727294922e+00,2.094207763671875000e+01
-6.762411594390869141e-01,1.345711994171142578e+01
9.619348645210266113e-01,1.328690242767333984e+01
2.247117757797241211e+00,2.204988098144531250e+01
6.346799135208129883e-01,1.212367153167724609e+01
1.419700145721435547e+00,-2.894196748733520508e+00
1.292774677276611328e-01,7.104442119598388672e+00
-1.257553845643997192e-01,7.290815830230712891e+00
1.589243888854980469e+00,1.557645511627197266e+01
3.162395477294921875e+00,2.153073120117187500e+01
3.666401207447052002e-01,1.190667343139648438e+01
-7.250840216875076294e-02,1.395355129241943359e+01
1.027634516358375549e-01,6.697896957397460938e+00
1.241029858589172363e+00,1.541554260253906250e+01
2.518838167190551758e+00,2.188609313964843750e+01
2.520035982131958008e+00,1.303568553924560547e+01
1.914873957633972168e+00,1.401047801971435547e+01
1.087545633316040039e+00,1.216046428680419922e+01
3.740732908248901367e+00,2.083018302917480469e+01
1.036574840545654297e+00,1.617982101440429688e+01
2.879423379898071289e+00,2.141439056396484375e+01
2.264964133501052856e-01,1.096819019317626953e+01
-7.550749927759170532e-02,2.147645950317382812e+01
1.579064846038818359e+00,2.223089981079101562e+01
2.338519811630249023e+00,2.183153724670410156e+01
2.167049884796142578e+00,2.195167922973632812e+01
-1.201149001717567444e-01,8.221186637878417969e+00
3.182055711746215820e+00,2.135955810546875000e+01
3.107509315013885498e-01,1.063136768341064453e+01
8.069506883621215820e-01,2.180008697509765625e+01
-1.157971978187561035e+00,5.353208541870117188e+00
2.038275957107543945e+00,2.180978202819824219e+01
1.817110538482666016e+00,2.214139175415039062e+01
2.068364769220352173e-01,1.938772583007812500e+01
1.509193062782287598e+00,2.182514953613281250e+01
-1.008280038833618164e+00,1.359909725189208984e+01
3.205311596393585205e-01,2.191892433166503906e+01
3.743039071559906006e-01,1.460891151428222656e+01
-2.913020551204681396e-01,1.880317687988281250e+01
2.733024835586547852e+00,2.190985870361328125e+01
1.398520469665527344e+00,1.682788467407226562e+01
4.473581016063690186e-01,1.597075939178466797e+01
3.124813318252563477e+00,2.140042114257812500e+01
9.674454927444458008e-01,2.096410179138183594e+01
1.373724937438964844e+00,1.651224136352539062e+01
3.166437864303588867e+00,2.071453094482421875e+01
-9.251551032066345215e-01,1.734787750244140625e+01
1.751710653305053711e+00,1.995543670654296875e+01
2.554192543029785156e+00,1.924528884887695312e+01
1.395990371704101562e+00,2.229827308654785156e+01
-1.219365969300270081e-01,1.295456027984619141e+01
3.649854421615600586e+00,2.058254241943359375e+01
1.729416131973266602e+00,1.917624282836914062e+01
1.680147528648376465e+00,7.248780727386474609e+00
1.646151542663574219e+00,1.710751342773437500e+01
1.581688880920410156e+00,7.480420112609863281e+00
1.038640975952148438e+00,1.767928123474121094e+01
2.728189229965209961e+00,2.184470367431640625e+01
2.033908851444721222e-03,2.068556022644042969e+01
3.719131231307983398e+00,1.840433120727539062e+01
1.768522500991821289e+00,1.700662803649902344e+01
1.191870197653770447e-01,2.018336868286132812e+01
3.473586320877075195e+00,1.414026165008544922e+01
-4.204174578189849854e-01,1.225422954559326172e+01
8.904749751091003418e-01,2.227310562133789062e+01
4.950593411922454834e-01,1.658620834350585938e+01
9.031393378973007202e-02,1.897609329223632812e+01
3.359837830066680908e-01,1.663251876831054688e+01
6.909982562065124512e-01,1.506646156311035156e+01
2.761862993240356445e+00,2.166386604309082031e+01
8.729677796363830566e-01,2.221932220458984375e+01
3.151702582836151123e-01,2.154174613952636719e+01
6.868422031402587891e-01,9.908205986022949219e+00
1.692749261856079102e+00,1.836380767822265625e+01
-4.005723893642425537e-01,1.007132625579833984e+01
1.574250459671020508e+00,2.228985786437988281e+01
1.993423938751220703e+00,2.194229888916015625e+01
1.181559324264526367e+00,2.206627655029296875e+01
1.139182090759277344e+00,2.216906929016113281e+01
2.602945089340209961e+00,2.165765190124511719e+01
1.833396673202514648e+00,2.188210296630859375e+01
3.657876729965209961e+00,1.677765655517578125e+01
1.968146324157714844e+00,1.490799713134765625e+01
6.087107658386230469e-01,1.561977291107177734e+01
1.429677605628967285e+00,2.220030593872070312e+01
7.656098008155822754e-01,2.201740455627441406e+01
5.042604804039001465e-01,1.984956741333007812e+01
3.828113377094268799e-01,1.029847812652587891e+01
2.046539068222045898e+00,2.205692672729492188e+01
5.700917840003967285e-01,1.618326568603515625e+01
1.582583546638488770e+00,9.565537452697753906e+00
2.418904542922973633e+00,2.201976394653320312e+01
3.666824102401733398e+00,2.097111129760742188e+01
1.939343452453613281e+00,1.672614288330078125e+01
3.486107885837554932e-01,1.356202507019042969e+01
1.123665452003479004e+00,1.861519622802734375e+01
9.382219910621643066e-01,1.782816123962402344e+01
3.258911848068237305e+00,1.719382095336914062e+01
-9.409833699464797974e-02,1.377183628082275391e+01
1.397870540618896484e+00,-2.474179744720458984e+00
2.246672391891479492e+00,1.251368999481201172e+01
2.970286607742309570e+00,1.578200435638427734e+01
-1.159538403153419495e-01,2.095086669921875000e+01
3.507402658462524414e+00,2.108482360839843750e+01
2.549693822860717773e+00,2.210368347167968750e+01
-3.471806347370147705e-01,5.524968624114990234e+00
8.989920020103454590e-01,1.705539321899414062e+01
1.618182897567749023e+00,2.233491134643554688e+01
3.145021677017211914e+00,2.146837997436523438e+01
-8.224556595087051392e-02,1.372703838348388672e+01
7.954987883567810059e-01,1.258825969696044922e+01
9.552538394927978516e-01,1.546061992645263672e+01
2.363499641418457031e+00,2.138109588623046875e+01
2.587677478790283203e+00,2.199609375000000000e+01
2.914488077163696289e+00,2.162916564941406250e+01
5.358900502324104309e-02,2.066055679321289062e+01
2.576287508010864258e+00,2.168085670471191406e+01
1.654253959655761719e+00,1.644576263427734375e+01
1.508217334747314453e+00,2.218599700927734375e+01
9.565546512603759766e-01,2.180043411254882812e+01
1.668934375047683716e-01,6.627244949340820312e+00
8.724825382232666016e-01,1.674690628051757812e+01
1.991376996040344238e+00,2.133649063110351562e+01
2.824986457824707031e+00,2.139444541931152344e+01
2.859544038772583008e+00,2.167003631591796875e+01
-2.784470021724700928e-01,7.888803005218505859e+00
-5.470790266990661621e-01,2.125404739379882812e+01
2.949005603790283203e+00,1.865577507019042969e+01
8.611182570457458496e-01,2.210770225524902344e+01
-2.451161853969097137e-03,1.375758838653564453e+01
2.075857400894165039e+00,2.182033920288085938e+01
2.182916879653930664e+00,1.124767398834228516e+01
8.119062185287475586e-01,1.748987388610839844e+01
3.425964832305908203e+00,2.052315902709960938e+01
8.247442841529846191e-01,2.221221923828125000e+01
3.133292913436889648e+00,2.140285491943359375e+01
9.340431541204452515e-02,1.081036472320556641e+01
5.377470970153808594e+00,1.629289436340332031e+01
3.447352647781372070e+00,2.091548919677734375e+01
1.521575450897216797e+00,1.786020660400390625e+01
2.356606245040893555e+00,2.166502952575683594e+01
4.048313573002815247e-02,1.268743801116943359e+01
1.860809564590454102e+00,1.775498199462890625e+01
5.220134258270263672e-01,1.038236904144287109e+01
1.546498656272888184e+00,1.772421264648437500e+01
1.527554750442504883e+00,2.200098800659179688e+01
9.215822815895080566e-01,1.079237651824951172e+01
2.088583946228027344e+00,2.193832588195800781e+01
6.213973760604858398e-01,2.220969390869140625e+01
-6.230748817324638367e-02,1.101272964477539062e+01
3.576116323471069336e+00,2.078631210327148438e+01
2.657660722732543945e+00,2.147171401977539062e+01
9.292463064193725586e-01,2.215871429443359375e+01
1.803416848182678223e+00,7.912709236145019531e+00
1.197144269943237305e+00,2.229206466674804688e+01
6.710460186004638672e-01,1.362318706512451172e+01
-2.708156704902648926e-01,1.399515533447265625e+01
2.575140237808227539e+00,1.703670310974121094e+01
2.264678239822387695e+00,2.177448654174804688e+01
-1.161731004714965820e+00,1.322623062133789062e+01
1.164071798324584961e+00,1.035699176788330078e+01
1.292395353317260742e+00,2.230246734619140625e+01
1.826241016387939453e+00,2.175422668457031250e+01
2.923718452453613281e+00,2.142734146118164062e+01
3.404503822326660156e+00,2.087277984619140625e+01
-8.384717106819152832e-01,7.520487308502197266e+00
-2.403018623590469360e-01,8.502091407775878906e+00
5.418715476989746094e-01,2.215834045410156250e+01
1.775757789611816406e+00,2.133096694946289062e+01
7.145203351974487305e-01,2.182425689697265625e+01
5.530688166618347168e-01,2.206058502197265625e+01
1.614936113357543945e+00,1.663554763793945312e+01
5.891807079315185547e-01,2.117873001098632812e+01
-2.312351912260055542e-01,1.877359580993652344e+01
9.408471584320068359e-01,2.198338127136230469e+01
2.860524415969848633e+00,2.175548744201660156e+01
-1.439315319061279297e+00,1.234264469146728516e+01
4.502887248992919922e+00,1.201319408416748047e+01
2.190821886062622070e+00,1.713866424560546875e+01
-7.527611255645751953e-01,2.081283950805664062e+01
2.753031492233276367e+00,2.160797500610351562e+01
6.507112383842468262e-01,1.274271583557128906e+01
1.349362492561340332e+00,1.354768085479736328e+01
1.857047557830810547e+00,1.614053344726562500e+01
3.575457334518432617e+00,2.073789787292480469e+01
3.814029932022094727e+00,1.971205902099609375e+01
5.490703582763671875e+00,1.491695880889892578e+01
2.598032951354980469e+00,2.196413993835449219e+01
3.466621875762939453e+00,2.086859893798828125e+01
7.120217680931091309e-01,2.196697044372558594e+01
2.870581865310668945e+00,2.161893844604492188e+01
1.408408403396606445e+00,2.084133911132812500e+01
3.366820812225341797e+00,2.113930892944335938e+01
7.155321836471557617e-01,1.520846843719482422e+01
4.785356223583221436e-01,2.209073257446289062e+01
3.883562803268432617e+00,2.038150024414062500e+01
9.763165563344955444e-02,1.589261913299560547e+01
1.551457047462463379e+00,2.206690788269042969e+01
1.441394567489624023e+00,1.625411605834960938e+01
3.920958340167999268e-01,1.514236164093017578e+01
3.928042173385620117e+00,2.076011276245117188e+01
3.254919767379760742e+00,2.101977157592773438e+01
2.768268823623657227e+00,2.121704101562500000e+01
1.844309329986572266e+00,2.211180877685546875e+01
1.845473527908325195e+00,1.782708740234375000e+01
4.362553596496582031e+00,1.952847290039062500e+01
2.085906267166137695e+00,2.235722351074218750e+01
3.271034002304077148e+00,2.113727951049804688e+01
7.104935646057128906e-01,2.203791427612304688e+01
1.765447616577148438e+00,2.138879394531250000e+01
8.449834585189819336e-01,1.724546241760253906e+01
3.642879724502563477e+00,1.953077697753906250e+01
1.658439397811889648e+00,1.708975982666015625e+01
5.191931128501892090e-01,1.294787120819091797e+01
1.660694956779479980e+00,1.814446830749511719e+01
1.503722906112670898e+00,2.022677612304687500e+01
2.371364831924438477e+00,1.566971874237060547e+01
8.778252005577087402e-01,2.218131446838378906e+01
2.060877561569213867e+00,1.750810241699218750e+01
4.267076551914215088e-01,1.388248348236083984e+01
1.429754257202148438e+00,1.935474777221679688e+01
9.042970538139343262e-01,2.234727859497070312e+01
3.997882604598999023e+00,1.997856140136718750e+01
1.165691852569580078e+00,1.602357673645019531e+01
2.017143011093139648e+00,2.183902168273925781e+01
1.546318769454956055e+00,1.044902992248535156e+01
-6.008965373039245605e-01,1.117957019805908203e+01
9.042581319808959961e-01,1.664213371276855469e+01
1.868032217025756836e+00,1.979638862609863281e+01
1.745770692825317383e+00,1.467656230926513672e+01
3.025047779083251953e-01,1.036531162261962891e+01
-7.792196273803710938e-01,2.014906692504882812e+01
1.366770029067993164e+00,1.921663284301757812e+01
2.756259679794311523e+00,2.114933013916015625e+01
2.988820552825927734e+00,1.862508010864257812e+01
-1.105191782116889954e-01,1.494582366943359375e+01
8.112092018127441406e-01,1.346052551269531250e+01
2.459435224533081055e+00,2.191228866577148438e+01
3.511425554752349854e-01,1.951222229003906250e+01
5.709895491600036621e-01,2.128285598754882812e+01
1.878248572349548340e+00,2.135976219177246094e+01
3.967435061931610107e-01,2.191778373718261719e+01
2.579533100128173828e+00,2.185770416259765625e+01
1.255761384963989258e+00,9.926907539367675781e+00
-1.510100841522216797e+00,1.477857017517089844e+01
2.563481092453002930e+00,2.193300056457519531e+01
-6.033258438110351562e-01,5.465619564056396484e+00
2.431692838668823242e+00,2.184527015686035156e+01
3.762151673436164856e-02,2.116980743408203125e+01
8.672915101051330566e-01,2.194780540466308594e+01
4.076378643512725830e-01,1.009208393096923828e+01
1.385240435600280762e+00,1.827656555175781250e+01
2.277823686599731445e+00,2.199007987976074219e+01
9.738830327987670898e-01,1.813897514343261719e+01
2.484812498092651367e+00,2.196413803100585938e+01
1.888401865959167480e+00,2.141399765014648438e+01
1.075560688972473145e+00,2.189378166198730469e+01
1.821297407150268555e+00,2.201742172241210938e+01
2.513272523880004883e+00,1.755902862548828125e+01
1.655277013778686523e+00,1.760307121276855469e+01
3.236283063888549805e+00,2.139194488525390625e+01
3.111996650695800781e+00,2.150374221801757812e+01
1.666913270950317383e+00,2.210274887084960938e+01
1.705494165420532227e+00,2.177142906188964844e+01
3.276737451553344727e+00,2.105662536621093750e+01
3.909994602203369141e+00,2.048246955871582031e+01
1.564460277557373047e+00,2.222677612304687500e+01
-7.343773841857910156e-01,1.510739040374755859e+01
1.372845917940139771e-01,2.175700378417968750e+01
1.366631031036376953e+00,2.230148124694824219e+01
1.129663467407226562e+00,1.951742744445800781e+01
6.132354028522968292e-03,8.684873580932617188e+00
1.251831501722335815e-01,8.642003059387207031e+00
-7.761950492858886719e-01,8.452137947082519531e+00
2.409169822931289673e-01,1.551657772064208984e+01
2.118848085403442383e+00,2.204510498046875000e+01
7.141669392585754395e-01,2.183924484252929688e+01
1.383746623992919922e+00,2.143040084838867188e+01
2.815371274948120117e+00,2.188072586059570312e+01
-6.079206988215446472e-02,2.117147445678710938e+01
1.428779363632202148e+00,2.209533309936523438e+01
8.871905207633972168e-01,2.227185440063476562e+01
-3.369302451610565186e-01,9.285367965698242188e+00
3.031669855117797852e+00,2.055849647521972656e+01
1.731031894683837891e+00,1.602396011352539062e+01
4.356434822082519531e+00,1.892585372924804688e+01
-3.682748973369598389e-01,1.999178886413574219e+01
1.660509705543518066e+00,2.158431816101074219e+01
2.698830664157867432e-01,2.156421470642089844e+01
2.394597530364990234e+00,2.202220153808593750e+01
1.350073099136352539e+00,1.254715442657470703e+01
6.976767182350158691e-01,2.046363067626953125e+01
3.434654474258422852e+00,1.951081466674804688e+01
1.713453173637390137e+00,1.621782112121582031e+01
-4.564476013183593750e-01,1.783846664428710938e+01
3.009373247623443604e-01,1.627580261230468750e+01
2.182645559310913086e+00,1.598871994018554688e+01
2.144837379455566406e+00,2.181272315979003906e+01
1.130799174308776855e+00,1.414615440368652344e+01
5.972152352333068848e-01,1.807136917114257812e+01
-2.955816313624382019e-02,2.112091636657714844e+01
5.359676480293273926e-01,1.946467590332031250e+01
1.742790460586547852e+00,1.191324615478515625e+01
9.012451022863388062e-02,8.654047966003417969e+00
2.970993280410766602e+00,2.072413253784179688e+01
1.138449430465698242e+00,2.196913146972656250e+01
-1.899179518222808838e-01,9.839447975158691406e+00
-2.375284284353256226e-01,7.354556560516357422e+00
2.940881490707397461e+00,2.149094200134277344e+01
2.993433237075805664e+00,2.140522003173828125e+01
2.754681348800659180e+00,2.152975082397460938e+01
2.824017524719238281e+00,2.156949615478515625e+01
1.155758857727050781e+00,2.220075607299804688e+01
2.310182601213455200e-01,7.459987163543701172e+00
2.417751103639602661e-01,1.032270908355712891e+01
1.575324535369873047e+00,1.566055107116699219e+01
1.168991804122924805e+00,2.099204826354980469e+01
1.184902548789978027e+00,8.825848579406738281e+00
2.926207780838012695e+00,2.157226943969726562e+01
2.128234148025512695e+00,1.619855880737304688e+01
1.065881729125976562e+00,1.587228775024414062e+01
8.381193280220031738e-01,2.137327194213867188e+01
-3.172080032527446747e-03,2.070901870727539062e+01
2.398340851068496704e-01,1.247921657562255859e+01
1.053330421447753906e+00,2.226722717285156250e+01
1.394200563430786133e+00,-2.438462972640991211e+00
2.319144725799560547e+00,2.214099502563476562e+01
2.881204128265380859e+00,1.645034027099609375e+01
1.017068848013877869e-01,1.647910308837890625e+01
3.990994453430175781e+00,1.983494377136230469e+01
2.122263908386230469e+00,2.213097572326660156e+01
6.775650382041931152e-01,1.182746601104736328e+01
2.600538492202758789e+00,2.165845108032226562e+01
3.107158660888671875e+00,1.802969360351562500e+01
-4.779878556728363037e-01,2.065776062011718750e+01
2.527880430221557617e+00,2.147472381591796875e+01
2.661155939102172852e+00,1.789453125000000000e+01
3.547392845153808594e+00,2.055278015136718750e+01
3.244459867477416992e+00,2.130419921875000000e+01
1.812159538269042969e+00,2.144404983520507812e+01
2.530451297760009766e+00,2.191596221923828125e+01
1.686136871576309204e-01,2.214745521545410156e+01
3.286204099655151367e+00,2.115029144287109375e+01
1.746177196502685547e+00,2.206890487670898438e+01
3.395463228225708008e-01,1.098088645935058594e+01
1.786466002464294434e+00,2.050691223144531250e+01
-2.837324440479278564e-01,2.044781494140625000e+01
3.652604579925537109e+00,1.933092117309570312e+01
6.607128381729125977e-01,2.225173950195312500e+01
2.788677453994750977e+00,2.189398193359375000e+01
2.664547443389892578e+00,1.396000385284423828e+01
3.784387111663818359e+00,2.034740829467773438e+01
2.209089994430541992e+00,2.214557647705078125e+01
1.524128794670104980e+00,1.672001647949218750e+01
8.355934619903564453e-01,9.883591651916503906e+00
-3.028448224067687988e-01,8.629645347595214844e+00
7.077974677085876465e-01,1.637580871582031250e+01
2.079031467437744141e+00,2.205440139770507812e+01
2.350578546524047852e+00,1.706395721435546875e+01
5.998529791831970215e-01,1.941905975341796875e+01
2.837244272232055664e-01,1.339622879028320312e+01
1.164491653442382812e+00,2.201499176025390625e+01
2.346491098403930664e+00,2.195185470581054688e+01
1.690156936645507812e+00,2.211572074890136719e+01
1.116540003567934036e-02,2.157231521606445312e+01
2.105794191360473633e+00,2.193680000305175781e+01
2.673633813858032227e+00,2.196725654602050781e+01
3.270326375961303711e+00,2.006703567504882812e+01
1.023121833801269531e+00,2.217225265502929688e+01
1.851167917251586914e+00,1.615923309326171875e+01
2.260612249374389648e+00,2.200786209106445312e+01
1.565716981887817383e+00,2.223675727844238281e+01
1.927692890167236328e+00,2.211989021301269531e+01
9.080988168716430664e-01,1.835936355590820312e+01
1.656763315200805664e+00,2.230908966064453125e+01
1.255392432212829590e+00,2.214730834960937500e+01
2.706238329410552979e-01,1.548622798919677734e+01
5.334267616271972656e+00,1.296692562103271484e+01
3.153655529022216797e+00,2.098508834838867188e+01
4.141629219055175781e+00,1.891983032226562500e+01
-1.448511958122253418e+00,1.002986812591552734e+01
1.633696317672729492e+00,1.483204746246337891e+01
9.680558443069458008e-01,1.617538452148437500e+01
2.291046380996704102e+00,1.143687343597412109e+01
4.615056216716766357e-01,5.056613445281982422e+00
1.554085493087768555e+00,1.582267570495605469e+01
1.657802581787109375e+00,1.810136222839355469e+01
5.511986613273620605e-01,2.112632942199707031e+01
2.422780752182006836e+00,2.185857772827148438e+01
1.501567006111145020e+00,1.371771335601806641e+01
3.240025997161865234e+00,1.628137207031250000e+01
2.826848983764648438e+00,2.160308074951171875e+01
2.522363662719726562e+00,2.174398994445800781e+01
2.179895162582397461e+00,2.206894493103027344e+01
2.247597932815551758e+00,2.153704071044921875e+01
1.743298053741455078e+00,-4.813386797904968262e-01
1.740439653396606445e+00,1.592477607727050781e+01
1.609522461891174316e+00,1.296698570251464844e+01
5.567880347371101379e-02,1.712419509887695312e+01
3.509376347064971924e-01,2.149562072753906250e+01
2.831362247467041016e+00,2.154475593566894531e+01
4.019725322723388672e-01,5.932964324951171875e+00
2.165533781051635742e+00,2.148948478698730469e+01
1.235810995101928711e+00,1.982331466674804688e+01
-4.589393436908721924e-01,1.716794586181640625e+01
2.204738855361938477e+00,2.094088363647460938e+01
5.692189931869506836e-01,2.193614768981933594e+01
2.778911352157592773e+00,1.131838607788085938e+01
-1.882721632719039917e-01,2.135735511779785156e+01
-8.640486001968383789e-01,7.019868850708007812e+00
-1.047085970640182495e-05,2.072733116149902344e+01
1.336924791336059570e+00,7.580996990203857422e+00
-4.382143318653106689e-01,8.478270530700683594e+00
2.780848979949951172e+00,1.517247581481933594e+01
3.870656967163085938e+00,1.484218692779541016e+01
1.363198518753051758e+00,8.664284706115722656e+00
1.963775306940078735e-01,8.932841300964355469e+00
2.679753541946411133e+00,2.137079238891601562e+01
2.872802972793579102e+00,2.164517974853515625e+01
1.427933692932128906e+00,2.221500015258789062e+01
2.860848188400268555e+00,2.168309020996093750e+01
1.496019124984741211e+00,2.228077888488769531e+01
2.072592496871948242e+00,2.103473663330078125e+01
6.995918601751327515e-02,1.013662528991699219e+01
1.413976430892944336e+00,2.235128402709960938e+01
1.546331167221069336e+00,1.924460411071777344e+01
-1.036185979843139648e+00,1.207594585418701172e+01
3.366887807846069336e+00,2.018211746215820312e+01
1.128533363342285156e+00,1.506496906280517578e+01
3.852624595165252686e-01,1.467620182037353516e+01
1.363748311996459961e+00,2.026909637451171875e+01
2.362272262573242188e+00,2.175310897827148438e+01
3.073383867740631104e-01,1.819365501403808594e+01
1.443197280168533325e-01,1.792895317077636719e+01
1.492840051651000977e+00,2.227119445800781250e+01
1.598551988601684570e+00,2.230582237243652344e+01
1.896434783935546875e+00,1.697680091857910156e+01
1.396423220634460449e+00,1.966145706176757812e+01
1.947694659233093262e+00,2.194120407104492188e+01
-5.355717539787292480e-01,1.473024559020996094e+01
4.118017673492431641e+00,1.899612236022949219e+01
3.703379929065704346e-01,1.653263664245605469e+01
1.774888634681701660e+00,2.228645706176757812e+01
1.686959266662597656e+00,2.243464660644531250e+01
1.467779725790023804e-01,6.274103641510009766e+00
1.059751152992248535e+00,1.527889347076416016e+01
1.928755640983581543e+00,2.103864669799804688e+01
1.182665452361106873e-01,1.369071102142333984e+01
1.713829159736633301e+00,2.152091217041015625e+01
2.602870702743530273e+00,2.175167465209960938e+01
-1.051758304238319397e-01,1.022177791595458984e+01
1.110439062118530273e+00,1.433153247833251953e+01
1.790059089660644531e+00,2.217555046081542969e+01
1.516912937164306641e+00,2.226501083374023438e+01
4.698232710361480713e-01,2.120905685424804688e+01
1.920722246170043945e+00,1.778358268737792969e+01
-1.379632502794265747e-01,1.153913593292236328e+01
6.419907212257385254e-01,1.637926864624023438e+01
-7.000399827957153320e-01,1.005093288421630859e+01
2.123237371444702148e+00,1.539641380310058594e+01
-8.372057676315307617e-01,1.001772785186767578e+01
-1.937255114316940308e-01,1.809732437133789062e+01
4.028587639331817627e-01,1.285569953918457031e+01
4.167334735393524170e-01,1.441816711425781250e+01
-1.158419623970985413e-01,2.162298393249511719e+01
2.966892242431640625e+00,1.273026943206787109e+01
3.669905900955200195e+00,2.063599777221679688e+01
2.584686517715454102e+00,2.022739982604980469e+01
2.377443462610244751e-01,2.126970672607421875e+01
3.524948358535766602e+00,1.956146240234375000e+01
-6.036146879196166992e-01,1.025232124328613281e+01
3.182375192642211914e+00,2.100112152099609375e+01
-8.313168883323669434e-01,2.061779022216796875e+01
1.445762872695922852e+00,2.218155479431152344e+01
8.998481035232543945e-01,2.152766799926757812e+01
-3.556033670902252197e-01,2.113053131103515625e+01
2.506523609161376953e+00,2.176424789428710938e+01
7.512559890747070312e-01,2.217772293090820312e+01
1.089596033096313477e+00,1.111633396148681641e+01
1.150827169418334961e+00,2.223983573913574219e+01
1.125552415847778320e+00,2.190904998779296875e+01
-4.511660635471343994e-01,7.777015209197998047e+00
1.951091170310974121e+00,2.149210166931152344e+01
-2.932150065898895264e-01,1.285173702239990234e+01
2.613405227661132812e+00,2.210636901855468750e+01
-6.593111753463745117e-01,1.664447784423828125e+01
1.156602382659912109e+00,1.662340545654296875e+01
1.899471879005432129e+00,1.250320053100585938e+01
3.334696531295776367e+00,1.985929298400878906e+01
1.721018791198730469e+00,2.213230514526367188e+01
2.114496231079101562e+00,2.114541625976562500e+01
1.599856615066528320e+00,2.226172256469726562e+01
1.854353696107864380e-01,8.494971275329589844e+00
1.760278582572937012e+00,1.250510978698730469e+01
-3.243290483951568604e-01,2.080296325683593750e+01
7.009615302085876465e-01,1.303494358062744141e+01
2.352096557617187500e+00,2.020316314697265625e+01
2.540377378463745117e+00,2.140528297424316406e+01
2.930667877197265625e+00,2.173572921752929688e+01
2.421822309494018555e+00,2.038770294189453125e+01
3.372809171676635742e+00,2.090753936767578125e+01
2.319687843322753906e+00,2.180201339721679688e+01
3.394300460815429688e+00,2.142122268676757812e+01
2.028142690658569336e+00,1.865397453308105469e+01
-5.984377264976501465e-01,9.541765213012695312e+00
-2.391972392797470093e-01,1.276474666595458984e+01
8.249264955520629883e-01,2.216024398803710938e+01
3.172024488449096680e+00,2.159821319580078125e+01
7.683321237564086914e-01,1.242060756683349609e+01
1.846975207328796387e+00,1.704634094238281250e+01
6.548426747322082520e-01,2.144687843322753906e+01
2.215487241744995117e+00,2.165748596191406250e+01
2.135510921478271484e+00,2.210922813415527344e+01
9.625639319419860840e-01,2.239998817443847656e+01
2.126721620559692383e+00,1.923695755004882812e+01
-9.662839770317077637e-02,6.268394947052001953e+00
4.953170120716094971e-01,1.491452693939208984e+01
3.258511304855346680e+00,2.092453765869140625e+01
2.148391485214233398e+00,2.215761947631835938e+01
6.321119666099548340e-01,2.025153350830078125e+01
5.399651527404785156e-01,2.211365509033203125e+01
2.913917303085327148e+00,2.107586669921875000e+01
-6.124905347824096680e-01,1.721158981323242188e+01
5.374915599822998047e-01,1.518900203704833984e+01
9.213814735412597656e-01,2.046747779846191406e+01
1.893397927284240723e+00,2.200476837158203125e+01
2.479937076568603516e+00,1.636556625366210938e+01
1.068859577178955078e+00,2.224359130859375000e+01
2.693740367889404297e+00,2.126956939697265625e+01
2.701402902603149414e+00,2.196953582763671875e+01
2.427289962768554688e+00,2.191104125976562500e+01
2.563803195953369141e+00,2.120733451843261719e+01
2.139951467514038086e+00,2.171923446655273438e+01
8.540252447128295898e-01,1.807670783996582031e+01
1.505578160285949707e+00,2.116511917114257812e+01
2.812311172485351562e+00,2.102416419982910156e+01
-4.459416866302490234e-01,4.941742420196533203e+00
2.701852083206176758e+00,2.184466171264648438e+01
3.315614461898803711e+00,2.035190773010253906e+01
-2.189988940954208374e-01,2.014282226562500000e+01
1.879791498184204102e+00,2.141132545471191406e+01
1.861083269119262695e+00,1.416185474395751953e+01
-1.338628977537155151e-01,2.161009216308593750e+01
2.323588609695434570e+00,2.214402770996093750e+01
-9.582613706588745117e-01,5.598223209381103516e+00
2.506801128387451172e+00,2.170269203186035156e+01
9.395113587379455566e-01,2.232183837890625000e+01
5.218608975410461426e-01,2.170999145507812500e+01
1.583752870559692383e+00,2.228263473510742188e+01
-2.354404777288436890e-01,2.147737503051757812e+01
4.653624594211578369e-01,1.907513427734375000e+01
1.183195352554321289e+00,2.207699966430664062e+01
1.254872322082519531e+00,2.174414443969726562e+01
3.671961128711700439e-01,1.490928173065185547e+01
1.090404987335205078e+00,2.212830352783203125e+01
2.145276308059692383e+00,-1.863608241081237793e+00
2.013563871383666992e+00,1.499477100372314453e+01
1.744473457336425781e+00,2.200065994262695312e+01
2.188022375106811523e+00,2.193760681152343750e+01
2.557885885238647461e+00,2.191725540161132812e+01
3.420713663101196289e+00,2.127555656433105469e+01
1.344027966260910034e-01,1.267507457733154297e+01
1.628466397523880005e-01,1.751067352294921875e+01
1.024408102035522461e+00,1.775293350219726562e+01
3.595137596130371094e+00,2.014200210571289062e+01
1.043490171432495117e+00,2.223274040222167969e+01
1.731495618820190430e+00,2.149976348876953125e+01
2.378014802932739258e+00,2.166865539550781250e+01
1.779274463653564453e+00,2.222705078125000000e+01
2.158327579498291016e+00,1.544617748260498047e+01
-2.976662218570709229e-01,2.099908828735351562e+01
1.395834684371948242e+00,2.209237289428710938e+01
3.115104675292968750e+00,2.135190010070800781e+01
2.455930471420288086e+00,2.172132682800292969e+01
2.789006471633911133e+00,2.172201538085937500e+01
1.280515044927597046e-01,9.473786354064941406e+00
2.636635780334472656e+00,2.160435485839843750e+01
-3.109423816204071045e-01,8.631217002868652344e+00
2.828317403793334961e+00,2.181224060058593750e+01
-4.190010949969291687e-04,1.355861949920654297e+01
1.861281394958496094e+00,1.927290916442871094e+01
6.184150576591491699e-01,1.844437026977539062e+01
2.874190568923950195e+00,2.169028854370117188e+01
9.075237512588500977e-01,1.620672607421875000e+01
9.822583794593811035e-01,2.216142654418945312e+01
3.834393739700317383e+00,2.002166748046875000e+01
3.646936655044555664e+00,2.037174034118652344e+01
8.055934906005859375e-01,1.597494506835937500e+01
3.345084667205810547e+00,2.020449066162109375e+01
1.070803284645080566e+00,2.088030624389648438e+01
1.400889873504638672e+00,1.929682922363281250e+01
3.267686367034912109e+00,2.120050811767578125e+01
3.483473539352416992e+00,2.085215759277343750e+01
1.890172243118286133e+00,1.677311325073242188e+01
-9.145135879516601562e-01,1.152828884124755859e+01
2.527660846710205078e+00,2.185483932495117188e+01
3.986212015151977539e+00,1.892400169372558594e+01
2.381389141082763672e+00,2.188752746582031250e+01
3.568821430206298828e+00,1.696712875366210938e+01
3.524464845657348633e+00,2.124624252319335938e+01
1.534422159194946289e+00,1.685846138000488281e+01
4.744767844676971436e-01,4.984736919403076172e+00
6.110893487930297852e-01,1.862455177307128906e+01
2.959564626216888428e-01,2.175234603881835938e+01
7.847290039062500000e-01,2.218155097961425781e+01
-1.349264383316040039e+00,1.509404087066650391e+01
-1.956398785114288330e-01,9.629419326782226562e+00
1.259066343307495117e+00,1.593592453002929688e+01
4.151741504669189453e+00,1.950534057617187500e+01
2.811340570449829102e+00,1.486807918548583984e+01
-1.358261853456497192e-01,9.373583793640136719e+00
1.596035003662109375e+00,2.205352020263671875e+01
1.547278314828872681e-01,1.562250709533691406e+01
2.279649674892425537e-01,5.787940502166748047e+00
1.618595600128173828e+00,2.142507553100585938e+01
-4.805056378245353699e-02,1.457337760925292969e+01
3.009855747222900391e+00,2.003804779052734375e+01
1.747671365737915039e+00,1.608503723144531250e+01
2.622629165649414062e+00,2.157911682128906250e+01
3.573090791702270508e+00,2.008916473388671875e+01
-1.982083171606063843e-01,1.342420673370361328e+01
2.031263589859008789e+00,2.216584777832031250e+01
7.217969894409179688e-01,1.727075958251953125e+01
3.050822973251342773e+00,2.159416389465332031e+01
1.994866013526916504e+00,2.201501846313476562e+01
2.086507320404052734e+00,1.758864212036132812e+01
1.953478097915649414e+00,2.203725051879882812e+01
2.083572864532470703e+00,2.111001014709472656e+01
-4.454980418086051941e-02,1.887496185302734375e+01
1.220488309860229492e+00,1.979478073120117188e+01
3.325990676879882812e+00,2.114748382568359375e+01
2.534529924392700195e+00,2.211012268066406250e+01
1.335619091987609863e+00,7.392025470733642578e+00
1.522022366523742676e+00,2.213121795654296875e+01
4.035864830017089844e+00,1.971959304809570312e+01
5.119636654853820801e-01,1.922178268432617188e+01
1.227316617965698242e+00,2.221874618530273438e+01
1.755056977272033691e+00,2.070898628234863281e+01
1.651141792535781860e-01,1.603188705444335938e+01
2.834258079528808594e+00,2.100326538085937500e+01
2.784021615982055664e+00,2.063529396057128906e+01
6.876379847526550293e-01,1.742102813720703125e+01
1.999698877334594727e+00,1.372082805633544922e+01
5.436428263783454895e-02,2.071791839599609375e+01
-1.426970511674880981e-01,1.043888759613037109e+01
2.572872400283813477e+00,2.184194564819335938e+01
-2.834552824497222900e-01,1.651948738098144531e+01
1.990360140800476074e+00,2.206040191650390625e+01
2.367964535951614380e-01,1.962458229064941406e+01
2.349604129791259766e+00,2.131133460998535156e+01
2.800577163696289062e+00,2.048736190795898438e+01
5.211972072720527649e-02,1.296985244750976562e+01
6.011006832122802734e-01,2.180022621154785156e+01
2.358454465866088867e+00,2.177225494384765625e+01
9.147204756736755371e-01,2.161911010742187500e+01
2.594953536987304688e+00,2.184386062622070312e+01
5.285274982452392578e-01,1.873551559448242188e+01
-3.663860857486724854e-01,1.627601051330566406e+01
5.210693553090095520e-02,9.857500076293945312e+00
1.170442327857017517e-01,2.111685180664062500e+01
9.666314125061035156e-01,2.107605361938476562e+01
-7.736319303512573242e-01,1.460065555572509766e+01
2.258646726608276367e+00,2.077686500549316406e+01
7.836650609970092773e-01,-6.188121438026428223e-01
8.452520370483398438e-01,1.319638347625732422e+01
1.048653602600097656e+00,2.172824859619140625e+01
7.994990348815917969e-01,8.801959991455078125e+00
2.189862579107284546e-01,8.914910316467285156e+00
1.421548604965209961e+00,2.231490898132324219e+01
2.257092714309692383e+00,2.164102554321289062e+01
7.422698736190795898e-01,1.777956008911132812e+01
2.133166551589965820e+00,2.220014381408691406e+01
1.047597408294677734e+00,1.723526382446289062e+01
1.634571909904479980e+00,1.475206089019775391e+01
5.672721266746520996e-01,1.600930786132812500e+01
6.534307003021240234e-01,1.229015827178955078e+01
3.562584817409515381e-01,1.627477073669433594e+01
3.604639768600463867e+00,2.001749420166015625e+01
3.380597531795501709e-01,2.205389595031738281e+01
1.200025081634521484e+00,1.225245761871337891e+01
3.499921038746833801e-02,1.159801387786865234e+01
1.138784289360046387e+00,2.220405769348144531e+01
2.478973150253295898e+00,2.191253280639648438e+01
7.082191109657287598e-01,1.380516338348388672e+01
9.639330506324768066e-01,2.178143119812011719e+01
2.899838924407958984e+00,2.177525901794433594e+01
1.178438901901245117e+00,2.213798904418945312e+01
1.472166061401367188e+00,2.233313369750976562e+01
2.341672658920288086e+00,2.193017196655273438e+01
-1.052692010998725891e-01,8.864858627319335938e+00
1.284767389297485352e+00,2.240777587890625000e+01
8.846071958541870117e-01,2.171932792663574219e+01
9.609170556068420410e-01,1.594746875762939453e+01
1.397789478302001953e+00,1.538946437835693359e+01
1.652473211288452148e+00,2.231695938110351562e+01
1.437630891799926758e+00,1.177180576324462891e+01
1.514507532119750977e+00,2.099452209472656250e+01
3.532937049865722656e+00,2.109945297241210938e+01
9.379038214683532715e-01,1.722406768798828125e+01
2.624261140823364258e+00,1.937327957153320312e+01
1.786776259541511536e-02,1.431102085113525391e+01
2.549238443374633789e+00,2.146383857727050781e+01
2.590638637542724609e+00,1.706151199340820312e+01
3.464810132980346680e+00,2.092878723144531250e+01
1.166541099548339844e+00,2.165824508666992188e+01
5.760889649391174316e-01,1.500779438018798828e+01
3.147047042846679688e+00,2.152792739868164062e+01
1.845432281494140625e+00,2.237029647827148438e+01
1.886335253715515137e+00,2.214055633544921875e+01
2.979078292846679688e+00,2.173363876342773438e+01
6.945433020591735840e-01,2.115806961059570312e+01
2.839367151260375977e+00,2.175726127624511719e+01
1.457591056823730469e+00,2.229145622253417969e+01
6.133545041084289551e-01,2.126225662231445312e+01
3.894462585449218750e+00,2.071515655517578125e+01
2.137624502182006836e+00,2.198985862731933594e+01
1.956136465072631836e+00,1.514757156372070312e+01
1.111683249473571777e+00,2.122880172729492188e+01
1.215698242187500000e+00,1.415982341766357422e+01
4.220378398895263672e+00,1.969401168823242188e+01
1.707264542579650879e+00,1.714417648315429688e+01
1.442185640335083008e+00,1.466761112213134766e+01
-4.840527772903442383e-01,1.260499858856201172e+01
3.975874185562133789e+00,1.959723663330078125e+01
9.430068135261535645e-01,2.318087816238403320e+00
2.765657007694244385e-01,1.627918243408203125e+01
2.610625267028808594e+00,2.126663208007812500e+01
1.485737562179565430e+00,2.211490631103515625e+01
2.659215688705444336e+00,1.507064151763916016e+01
-7.082582116127014160e-01,7.942340373992919922e+00
-2.359057515859603882e-01,8.596820831298828125e+00
1.219965577125549316e+00,1.265297985076904297e+01
2.168404340744018555e+00,2.223406219482421875e+01
1.485693931579589844e+00,1.829450225830078125e+01
1.740272998809814453e+00,2.214759445190429688e+01
1.696988582611083984e+00,2.086706542968750000e+01
1.758082151412963867e+00,2.209982681274414062e+01
1.723026156425476074e+00,2.196130180358886719e+01
1.915175437927246094e+00,2.235139465332031250e+01
1.102378487586975098e+00,2.012240219116210938e+01
1.390108823776245117e+00,1.218974399566650391e+01
2.525426626205444336e+00,2.194676017761230469e+01
2.943795204162597656e+00,2.154371643066406250e+01
2.812972545623779297e+00,1.859126472473144531e+01
1.620724350214004517e-01,1.202349567413330078e+01
2.042299032211303711e+00,1.653678894042968750e+01
1.593968629837036133e+00,2.214517211914062500e+01
1.520842075347900391e+00,2.206700897216796875e+01
2.613271951675415039e+00,2.035519790649414062e+01
2.056969165802001953e+00,2.191939353942871094e+01
2.566356420516967773e+00,1.848845291137695312e+01
-2.884782254695892334e-01,1.457607936859130859e+01
1.434112548828125000e+00,2.153013229370117188e+01
1.630194187164306641e+00,2.224956893920898438e+01
-9.228669404983520508e-01,1.253289508819580078e+01
1.568708419799804688e+00,2.222211456298828125e+01
3.455547332763671875e+00,1.766496658325195312e+01
2.585174560546875000e+00,2.199313163757324219e+01
2.607978582382202148e+00,1.842137908935546875e+01
1.046156167984008789e+00,1.751092910766601562e+01
1.362056016921997070e+00,2.092223167419433594e+01
1.397636890411376953e+00,9.072441101074218750e+00
9.342878460884094238e-01,1.982346725463867188e+01
2.630248069763183594e+00,2.181400489807128906e+01
8.195855021476745605e-01,1.514973926544189453e+01
1.900024175643920898e+00,2.224934387207031250e+01
1.111263990402221680e+00,2.070878219604492188e+01
1.018390059471130371e+00,1.961567306518554688e+01
6.805650591850280762e-01,-2.247083425521850586e+00
1.639662027359008789e+00,2.210087203979492188e+01
3.312983036041259766e+00,2.109735679626464844e+01
8.249130249023437500e-01,1.547824668884277344e+01
4.715599715709686279e-01,1.342908096313476562e+01
3.245497941970825195e-01,1.204650020599365234e+01
1.881566047668457031e+00,1.541187095642089844e+01
3.781322717666625977e+00,2.069420051574707031e+01
1.851658344268798828e+00,2.126299285888671875e+01
1.648273706436157227e+00,1.537640666961669922e+01
1.966455698013305664e+00,2.180134582519531250e+01
-1.636584848165512085e-01,2.086518859863281250e+01
2.670301914215087891e+00,2.182758140563964844e+01
2.542638778686523438e+00,1.708918380737304688e+01
1.384889721870422363e+00,2.090489578247070312e+01
8.456398248672485352e-01,9.451310157775878906e+00
-5.423018336296081543e-01,2.047961473464965820e+00
1.925934791564941406e+00,1.729695129394531250e+01
1.012685060501098633e+00,9.153136253356933594e+00
5.119749903678894043e-01,1.497234058380126953e+01
3.516132593154907227e+00,1.872437667846679688e+01
2.882286548614501953e+00,2.179898071289062500e+01
1.466452836990356445e+00,2.209828948974609375e+01
1.508526325225830078e+00,1.538920593261718750e+01
-2.065903097391128540e-01,1.318097591400146484e+01
3.759523868560791016e+00,1.966015625000000000e+01
3.468963384628295898e+00,1.368465328216552734e+01
-2.638529986143112183e-05,1.711658477783203125e+01
2.714004218578338623e-01,2.190604400634765625e+01
4.155323028564453125e+00,1.947172927856445312e+01
8.385072350502014160e-01,1.202687168121337891e+01
1.521846055984497070e+00,1.288616752624511719e+01
1.964202642440795898e+00,2.235057258605957031e+01
-2.482215687632560730e-02,1.984826469421386719e+01
1.914137721061706543e+00,1.818287467956542969e+01
6.241860389709472656e-01,2.198955917358398438e+01
1.702004671096801758e+00,2.233098602294921875e+01
1.330967098474502563e-01,1.815188980102539062e+01
2.023419141769409180e+00,2.192937469482421875e+01
2.438603878021240234e+00,2.179588890075683594e+01
2.090641975402832031e+00,2.193884658813476562e+01
2.975127458572387695e+00,2.019659996032714844e+01
1.940614938735961914e+00,2.212234115600585938e+01
-1.250074952840805054e-01,8.214316368103027344e+00
1.622958183288574219e+00,2.177863121032714844e+01
2.072622060775756836e+00,2.223436355590820312e+01
7.084199041128158569e-02,2.125156402587890625e+01
1.445840597152709961e+00,2.166431808471679688e+01
2.761171579360961914e+00,2.172908401489257812e+01
2.100778341293334961e+00,1.841521072387695312e+01
3.071108818054199219e+00,1.942201995849609375e+01
-1.049643233418464661e-01,1.143320751190185547e+01
4.263421058654785156e+00,1.982322692871093750e+01
2.611637353897094727e+00,2.037637138366699219e+01
9.258034825325012207e-01,2.222630119323730469e+01
1.329940319061279297e+00,2.225891304016113281e+01
1.932324647903442383e+00,1.922117805480957031e+01
4.160210788249969482e-01,9.407022476196289062e+00
3.725722074508666992e+00,2.035687637329101562e+01
1.663426160812377930e+00,1.865025138854980469e+01
-2.463572472333908081e-01,7.381416320800781250e+00
1.824144721031188965e+00,2.219290161132812500e+01
3.644091367721557617e+00,1.790344619750976562e+01
7.799543738365173340e-01,1.891085815429687500e+01
1.182442188262939453e+00,2.211213302612304688e+01
-6.802267432212829590e-01,1.614956665039062500e+01
2.127135992050170898e+00,2.185681724548339844e+01
3.712344169616699219e+00,2.055987358093261719e+01
2.604139566421508789e+00,2.080431938171386719e+01
4.090890884399414062e+00,1.770877075195312500e+01
1.358409643173217773e+00,2.208074569702148438e+01
2.188563823699951172e+00,2.206880187988281250e+01
2.133817911148071289e+00,2.214748954772949219e+01
2.706313133239746094e+00,2.145029067993164062e+01
1.597120046615600586e+00,1.425068378448486328e+01
2.303285360336303711e+00,2.175559997558593750e+01
2.434740066528320312e+00,2.046248817443847656e+01
1.635347604751586914e+00,2.192464065551757812e+01
3.067229986190795898e+00,2.154365539550781250e+01
-4.594031274318695068e-01,8.335259437561035156e+00
1.129949569702148438e+00,2.223653030395507812e+01
1.203548192977905273e+00,1.616373825073242188e+01
1.384204179048538208e-01,2.180155944824218750e+01
1.271332979202270508e+00,2.215452194213867188e+01
2.539687156677246094e+00,1.576159954071044922e+01
1.063943386077880859e+00,2.015931701660156250e+01
1.508340477943420410e+00,2.232775497436523438e+01
2.136404514312744141e+00,2.189290046691894531e+01
-9.015219211578369141e-01,1.893204116821289062e+01
-3.152553364634513855e-02,1.158701038360595703e+01
1.603906035423278809e+00,2.233242797851562500e+01
2.978430986404418945e+00,2.098235130310058594e+01
2.340044260025024414e+00,2.188739585876464844e+01
1.773567676544189453e+00,1.617963409423828125e+01
-5.819284915924072266e-01,1.846757507324218750e+01
1.277851104736328125e+00,1.974444198608398438e+01
9.832616895437240601e-02,1.648655319213867188e+01
8.011730909347534180e-01,1.957425308227539062e+01
-4.199334979057312012e-02,6.662388324737548828e+00
2.951380968093872070e+00,2.150049018859863281e+01
4.261235892772674561e-01,1.674758911132812500e+01
-9.434634447097778320e-01,5.257169246673583984e+00
3.744558811187744141e+00,2.035468292236328125e+01
2.417048931121826172e+00,1.452411174774169922e+01
4.674365222454071045e-01,2.115623474121093750e+01
3.449877500534057617e+00,1.884783363342285156e+01
8.582693934440612793e-01,1.316485309600830078e+01
1.722945928573608398e+00,2.222032737731933594e+01
1.134480476379394531e+00,2.167129898071289062e+01
1.431010961532592773e+00,2.222437667846679688e+01
6.272240877151489258e-01,1.336537837982177734e+01
3.076862096786499023e+00,1.305960464477539062e+01
1.447635173797607422e+00,1.766555595397949219e+01
2.179973125457763672e+00,2.214953231811523438e+01
1.377934813499450684e+00,1.674780654907226562e+01
1.709877252578735352e+00,1.790647125244140625e+01
1.367086410522460938e+00,2.228364372253417969e+01
4.453626573085784912e-01,2.206659698486328125e+01
8.713174462318420410e-01,1.813592338562011719e+01
4.061900138854980469e+00,1.995691680908203125e+01
5.154393911361694336e-01,2.217863273620605469e+01
1.885807752609252930e+00,2.181195068359375000e+01
7.738189697265625000e-01,1.357343387603759766e+01
2.952704191207885742e+00,1.601682472229003906e+01
2.095914602279663086e+00,1.685525321960449219e+01
1.143603563308715820e+00,2.094981765747070312e+01
2.323362827301025391e+00,2.016594314575195312e+01
2.547430276870727539e+00,2.207549285888671875e+01
1.055469274520874023e+00,2.159704971313476562e+01
2.544310808181762695e+00,2.188764572143554688e+01
6.952818036079406738e-01,1.404426097869873047e+01
4.010747432708740234e+00,1.994198226928710938e+01
2.400047302246093750e+00,2.217991638183593750e+01
1.898409843444824219e+00,2.205756759643554688e+01
6.824890375137329102e-01,8.454079627990722656e+00
3.406248390674591064e-01,1.589174556732177734e+01
1.202500581741333008e+00,1.819749450683593750e+01
-3.719673678278923035e-02,1.226182460784912109e+01
2.877611398696899414e+00,2.141395187377929688e+01
1.208983659744262695e+00,1.700847244262695312e+01
1.259643197059631348e+00,2.228173255920410156e+01
1.556998640298843384e-01,1.796940612792968750e+01
4.001540839672088623e-01,2.153329467773437500e+01
1.718707799911499023e+00,1.554508399963378906e+01
1.015153884887695312e+00,1.967905426025390625e+01
1.678875207901000977e+00,2.217162132263183594e+01
2.838647842407226562e+00,2.051315879821777344e+01
1.066105842590332031e+00,2.227905845642089844e+01
1.281126737594604492e+00,1.631046295166015625e+01
1.141850590705871582e+00,2.214240646362304688e+01
2.166178703308105469e+00,2.214332580566406250e+01
5.768711566925048828e-01,1.615983390808105469e+01
3.733834028244018555e+00,1.915040206909179688e+01
2.615302324295043945e+00,1.895129013061523438e+01
1.796722292900085449e+00,1.912125396728515625e+01
-7.810024023056030273e-01,6.047679424285888672e+00
1.960536003112792969e+00,2.234871673583984375e+01
1.555735021829605103e-01,2.721986532211303711e+00
2.245246171951293945e+00,1.930115890502929688e+01
-1.098755076527595520e-01,1.397610664367675781e+01
2.359715223312377930e+00,2.185500717163085938e+01
1.501733541488647461e+00,2.084623908996582031e+01
9.594770073890686035e-01,2.239000892639160156e+01
4.587528407573699951e-01,1.852735137939453125e+01
-2.474818080663681030e-01,2.146518325805664062e+01
5.701188445091247559e-01,1.516341686248779297e+01
-3.737609088420867920e-01,5.499547481536865234e+00
2.953036069869995117e+00,1.967749404907226562e+01
1.353031158447265625e+00,2.166205024719238281e+01
3.410484075546264648e+00,2.130458068847656250e+01
-1.703883260488510132e-01,2.139228057861328125e+01
-3.306984007358551025e-01,1.420993328094482422e+01
1.405957490205764771e-01,2.141441154479980469e+01
1.548981904983520508e+00,1.618723869323730469e+01
8.885866403579711914e-01,1.090339946746826172e+01
2.395176649093627930e+00,2.216325759887695312e+01
6.658345460891723633e-01,1.478111743927001953e+01
-6.138513609766960144e-02,1.719927978515625000e+01
3.826477527618408203e+00,2.032928466796875000e+01
2.767529964447021484e+00,2.069424819946289062e+01
1.718258142471313477e+00,2.194158172607421875e+01
1.351225137710571289e+00,1.441835308074951172e+01
4.789177894592285156e+00,5.000415802001953125e+00
1.210829257965087891e+00,1.653393554687500000e+01
-2.576514780521392822e-01,8.185656547546386719e+00
6.798006892204284668e-01,1.680700492858886719e+01
1.321169137954711914e+00,8.335622787475585938e+00
-1.236082836985588074e-01,1.033865833282470703e+01
2.916886568069458008e+00,2.157585144042968750e+01
2.896373987197875977e+00,2.162478828430175781e+01
8.633869290351867676e-01,2.111352157592773438e+01
9.833505749702453613e-01,2.094386482238769531e+01
1.767190098762512207e+00,2.211266326904296875e+01
1.140360713005065918e+00,1.856110191345214844e+01
1.507228136062622070e+00,1.817462158203125000e+01
4.104586601257324219e+00,1.975642585754394531e+01
1.742561817169189453e+00,2.189575195312500000e+01
1.256289243698120117e+00,2.170708656311035156e+01
1.978595733642578125e+00,2.215600204467773438e+01
-4.792106449604034424e-01,1.957206535339355469e+01
9.332678318023681641e-01,2.158095169067382812e+01
3.435667276382446289e+00,2.101483917236328125e+01
1.751182794570922852e+00,2.215290069580078125e+01
8.866189718246459961e-01,1.255045032501220703e+01
2.101283788681030273e+00,2.201977920532226562e+01
2.130632877349853516e+00,2.044424057006835938e+01
6.253892928361892700e-02,9.000660896301269531e+00
6.735146641731262207e-01,1.818480110168457031e+01
1.433760762214660645e+00,2.214958572387695312e+01
7.775757908821105957e-01,2.026259040832519531e+01
6.766399145126342773e-01,4.987647533416748047e+00
2.460017204284667969e+00,2.145506668090820312e+01
6.445589661598205566e-01,1.103414630889892578e+01
1.752987146377563477e+00,1.778708457946777344e+01
4.199650585651397705e-01,1.068689632415771484e+01
1.452913522720336914e+00,9.393871307373046875e+00
1.939464449882507324e+00,1.853943443298339844e+01
1.428730249404907227e+00,2.189378356933593750e+01
4.535565972328186035e-01,1.068988132476806641e+01
4.480194151401519775e-01,2.162081909179687500e+01
2.220089673995971680e+00,1.809847259521484375e+01
1.418026804924011230e+00,2.210322570800781250e+01
3.316912353038787842e-01,1.672425270080566406e+01
-3.075846731662750244e-01,6.259439945220947266e+00
2.584635496139526367e+00,2.173540306091308594e+01
1.639005899429321289e+00,1.598062992095947266e+01
3.378628194332122803e-01,1.193235301971435547e+01
2.104786396026611328e+00,2.197103118896484375e+01
1.142177343368530273e+00,2.196280097961425781e+01
1.671310663223266602e+00,2.220844841003417969e+01
2.766280412673950195e+00,1.760768318176269531e+01
5.093862056732177734e+00,1.702714538574218750e+01
1.762280941009521484e+00,2.183952140808105469e+01
-8.848786950111389160e-01,1.929912376403808594e+01
5.126648545265197754e-01,1.824580192565917969e+01
3.917688131332397461e+00,1.961524772644042969e+01
3.901194095611572266e+00,1.987958908081054688e+01
8.113034963607788086e-01,9.588746070861816406e+00
-6.398094296455383301e-01,9.899479866027832031e+00
5.965059995651245117e-01,2.204479980468750000e+01
1.934249162673950195e+00,2.120156097412109375e+01
7.955478429794311523e-01,2.235196113586425781e+01
5.616303682327270508e-01,2.206764793395996094e+01
1.732679247856140137e+00,2.231365776062011719e+01
1.362235307693481445e+00,1.752611541748046875e+01
1.477570176124572754e+00,1.259460639953613281e+01
1.476006269454956055e+00,1.663860511779785156e+01
1.195664167404174805e+00,2.227458190917968750e+01
8.529360294342041016e-01,1.641862678527832031e+01
-3.326175734400749207e-02,2.174750709533691406e+01
1.766126990318298340e+00,2.187330627441406250e+01
1.669395208358764648e+00,1.855127334594726562e+01
1.485211253166198730e+00,8.994377136230468750e+00
2.466739177703857422e+00,2.107802200317382812e+01
3.993590593338012695e+00,1.982053375244140625e+01
9.282523393630981445e-01,1.930820465087890625e+01
1.959114789962768555e+00,2.033668327331542969e+01
1.803326159715652466e-01,1.793885040283203125e+01
4.662693023681640625e+00,1.812741470336914062e+01
2.076848268508911133e+00,2.188108634948730469e+01
2.455595254898071289e+00,2.142110061645507812e+01
2.237854480743408203e+00,1.917020034790039062e+01
2.388712644577026367e+00,2.189439392089843750e+01
1.166065692901611328e+00,2.215245437622070312e+01
2.423561096191406250e+00,2.176140594482421875e+01
1.509887695312500000e+00,1.822864913940429688e+01
1.470479965209960938e+00,2.220136833190917969e+01
3.325835466384887695e+00,1.540780925750732422e+01
9.139632582664489746e-01,1.860835075378417969e+01
-6.482959985733032227e-01,1.830790328979492188e+01
1.426571488380432129e+00,2.235850524902343750e+01
3.752471506595611572e-01,1.691933250427246094e+01
3.269199609756469727e+00,2.089674186706542969e+01
2.026567459106445312e+00,2.223162460327148438e+01
2.264769315719604492e+00,2.212140083312988281e+01
3.200022459030151367e+00,2.165123367309570312e+01
3.127154588699340820e+00,2.061983299255371094e+01
1.057041645050048828e+00,2.022116279602050781e+01
5.070409774780273438e-01,1.050019550323486328e+01
1.640269994735717773e+00,1.450949764251708984e+01
7.858586311340332031e-01,2.213271331787109375e+01
1.700346469879150391e+00,1.795142364501953125e+01
7.435486316680908203e-01,2.222466278076171875e+01
1.058046817779541016e+00,1.706039619445800781e+01
2.845117807388305664e+00,2.168286132812500000e+01
3.437496900558471680e+00,1.927423095703125000e+01
3.148034095764160156e+00,2.158428192138671875e+01
1.093001842498779297e+00,2.230120468139648438e+01
1.569491267204284668e+00,2.194716835021972656e+01
2.380035638809204102e+00,1.914309883117675781e+01
3.214535236358642578e+00,2.107772445678710938e+01
-8.029399514198303223e-01,1.767848396301269531e+01
1.027521848678588867e+00,2.221793365478515625e+01
2.024634838104248047e+00,2.182895278930664062e+01
1.892582327127456665e-01,1.743045234680175781e+01
3.398290157318115234e+00,1.976946067810058594e+01
1.288957118988037109e+00,2.105363464355468750e+01
1.081308603286743164e+00,2.200245285034179688e+01
1.087565541267395020e+00,2.202996826171875000e+01
1.226556420326232910e+00,1.025061321258544922e+01
1.969042778015136719e+00,2.220282936096191406e+01
3.074991703033447266e+00,1.615391540527343750e+01
8.547079563140869141e-01,1.660764694213867188e+01
2.494239568710327148e+00,2.206568145751953125e+01
2.175734281539916992e+00,2.174007415771484375e+01
1.297624111175537109e+00,1.692680931091308594e+01
-4.174992740154266357e-01,2.131196022033691406e+01
-8.865240961313247681e-02,2.155325317382812500e+01
1.126900434494018555e+00,2.227331542968750000e+01
-5.030924081802368164e-01,7.434480190277099609e+00
7.072296738624572754e-02,4.618890285491943359e+00
1.620906591415405273e+00,2.212535858154296875e+01
-1.954585164785385132e-01,1.699492263793945312e+01
1.555235147476196289e+00,2.228745460510253906e+01
1.778659343719482422e+00,2.207953834533691406e+01
2.863974809646606445e+00,2.168232345581054688e+01
5.304300785064697266e-01,2.019591903686523438e+01
2.180816084146499634e-01,7.523531913757324219e+00
-2.955239713191986084e-01,9.123127937316894531e+00
-9.869081526994705200e-02,6.167253971099853516e+00
1.285097360610961914e+00,2.189645767211914062e+01
-3.961741030216217041e-01,1.308780860900878906e+01
2.428100824356079102e+00,2.049156951904296875e+01
1.475529909133911133e+00,2.171855354309082031e+01
3.105575323104858398e+00,2.069940376281738281e+01
9.765064120292663574e-01,1.252412509918212891e+01
-7.476643919944763184e-01,1.092591953277587891e+01
3.978939771652221680e+00,1.984225654602050781e+01
2.391065835952758789e+00,1.729216957092285156e+01
6.157763004302978516e-01,2.222985076904296875e+01
5.271404385566711426e-01,2.086567306518554688e+01
3.900199234485626221e-01,1.135765171051025391e+01
1.606394529342651367e+00,1.564223194122314453e+01
2.534734487533569336e+00,2.134014892578125000e+01
2.053866833448410034e-01,1.262681674957275391e+01
3.429463148117065430e+00,2.092856025695800781e+01
3.858261406421661377e-01,1.074420261383056641e+01
1.363596677780151367e+00,2.185901260375976562e+01
1.506073236465454102e+00,2.225367164611816406e+01
1.101694941520690918e+00,1.649340248107910156e+01
9.923547506332397461e-01,2.186970901489257812e+01
3.564702272415161133e+00,1.416664409637451172e+01
2.584643125534057617e+00,2.155761528015136719e+01
2.806386709213256836e+00,2.090710067749023438e+01
1.667200446128845215e+00,1.163534927368164062e+01
2.708864212036132812e+00,1.655083847045898438e+01
4.297278225421905518e-01,2.074198150634765625e+01
3.671432733535766602e+00,2.067006111145019531e+01
3.682836771011352539e+00,2.047299957275390625e+01
7.137460708618164062e-01,2.032008552551269531e+01
6.857808232307434082e-01,1.870188140869140625e+01
4.000185489654541016e+00,1.867002105712890625e+01
1.638455033302307129e+00,2.050753974914550781e+01
1.772269248962402344e+00,2.228878784179687500e+01
3.668090105056762695e+00,2.007028579711914062e+01
3.262402772903442383e+00,2.157960319519042969e+01
1.427469491958618164e+00,1.956192016601562500e+01
1.913795709609985352e+00,2.184675979614257812e+01
2.287172794342041016e+00,2.195686721801757812e+01
8.917459249496459961e-01,1.960554695129394531e+01
2.823651313781738281e+00,2.139693832397460938e+01
1.514952421188354492e+00,1.635807418823242188e+01
2.564651250839233398e+00,1.777607727050781250e+01
2.240825653076171875e+00,2.209566116333007812e+01
1.679158687591552734e+00,1.172187519073486328e+01
9.720975756645202637e-01,1.136212730407714844e+01
6.317245960235595703e-01,9.010980606079101562e+00
7.186142206192016602e-01,1.449387454986572266e+01
1.511500358581542969e+00,2.223342132568359375e+01
1.481378912925720215e+00,2.102008819580078125e+01
1.281078577041625977e+00,2.227466201782226562e+01
-4.888765141367912292e-02,2.125190544128417969e+01
1.377243280410766602e+00,1.262561130523681641e+01
3.722177445888519287e-01,1.415240001678466797e+01
3.012475728988647461e+00,2.132984542846679688e+01
2.094759941101074219e+00,2.174898529052734375e+01
3.631518781185150146e-01,1.607962989807128906e+01
5.066248178482055664e-01,9.654704093933105469e+00
1.065626963973045349e-01,2.077871513366699219e+01
6.884385347366333008e-01,1.171536540985107422e+01
-2.888932228088378906e-01,1.040691375732421875e+01
2.559401273727416992e+00,2.163651275634765625e+01
-3.045545220375061035e-01,4.361902236938476562e+00
2.658342123031616211e+00,2.177053833007812500e+01
1.069083213806152344e+00,1.697598648071289062e+01
-4.304456412792205811e-01,7.569663047790527344e+00
1.903882622718811035e+00,2.220168113708496094e+01
1.826222300529479980e+00,1.195344352722167969e+01
2.287318706512451172e+00,2.198446464538574219e+01
4.412505328655242920e-01,2.112114906311035156e+01
2.932362318038940430e+00,2.135648345947265625e+01
-5.767408609390258789e-01,1.165489196777343750e+01
3.482835769653320312e+00,2.081094741821289062e+01
9.034029245376586914e-01,1.562374591827392578e+01
3.741424977779388428e-01,1.617033195495605469e+01
9.988838434219360352e-01,2.005567169189453125e+01
1.116690754890441895e+00,2.196678543090820312e+01
8.523537963628768921e-02,1.560633754730224609e+01
-8.935250043869018555e-01,7.123754978179931641e+00
2.996108233928680420e-01,1.490721416473388672e+01
7.130665779113769531e-01,2.201721572875976562e+01
3.267741441726684570e+00,2.137715911865234375e+01
1.176105976104736328e+00,1.988064193725585938e+01
2.457951784133911133e+00,2.183517074584960938e+01
9.897851347923278809e-01,1.888614654541015625e+01
1.114745497703552246e+00,2.218747711181640625e+01
1.634218335151672363e+00,2.139836883544921875e+01
3.059904813766479492e+00,2.047553253173828125e+01
2.023274660110473633e+00,2.157180786132812500e+01
-4.745058119297027588e-01,3.184094190597534180e+00
1.461070775985717773e+00,1.236869621276855469e+01
3.342599153518676758e+00,2.096338272094726562e+01
3.228536605834960938e+00,2.133611106872558594e+01
2.586081266403198242e+00,2.187443161010742188e+01
1.532790660858154297e+00,2.192925834655761719e+01
3.946551561355590820e+00,1.992193984985351562e+01
-1.854327678680419922e+00,1.787741088867187500e+01
2.086419582366943359e+00,1.871349525451660156e+01
3.089676618576049805e+00,2.153490829467773438e+01
2.204135417938232422e+00,1.824297332763671875e+01
3.359259843826293945e+00,2.123278427124023438e+01
6.952094435691833496e-01,1.619831085205078125e+01
1.485288381576538086e+00,1.881430244445800781e+01
1.484954118728637695e+00,2.197736358642578125e+01
8.434682488441467285e-01,-3.296610593795776367e+00
1.141676783561706543e+00,1.858894920349121094e+01
1.576094388961791992e+00,2.216000175476074219e+01
2.690510749816894531e+00,2.162652587890625000e+01
6.259508132934570312e-01,1.501706027984619141e+01
1.056403398513793945e+00,2.173373794555664062e+01
2.673741579055786133e+00,1.878600311279296875e+01
-3.350910842418670654e-01,1.186501216888427734e+01
1.658940076828002930e+00,1.743696975708007812e+01
2.729998350143432617e+00,2.105810546875000000e+01
7.685829997062683105e-01,2.229403686523437500e+01
2.692739248275756836e+00,2.130211639404296875e+01
9.318209886550903320e-01,2.150324058532714844e+01
1.121268391609191895e+00,2.165293693542480469e+01
9.029055237770080566e-01,2.203332519531250000e+01
3.482108831405639648e+00,1.469319629669189453e+01
9.542134404182434082e-01,2.176566505432128906e+01
4.392025768756866455e-01,7.567949771881103516e+00
2.558246374130249023e+00,2.169186973571777344e+01
2.827143907546997070e+00,1.862335395812988281e+01
2.038688421249389648e+00,2.201158714294433594e+01
9.958566427230834961e-01,2.107171630859375000e+01
2.266896724700927734e+00,2.172332572937011719e+01
1.438485860824584961e+00,1.492187786102294922e+01
3.193593323230743408e-01,2.183087158203125000e+01
1.612874865531921387e+00,7.430440425872802734e+00
9.926227480173110962e-02,8.940699577331542969e+00
3.030678987503051758e+00,2.178980636596679688e+01
9.874555468559265137e-01,1.658084106445312500e+01
2.664204597473144531e+00,2.168174743652343750e+01
2.689417898654937744e-01,2.135578918457031250e+01
-3.219432234764099121e-01,8.103597640991210938e+00
6.837342381477355957e-01,1.429218196868896484e+01
1.767447829246520996e+00,2.088430213928222656e+01
3.685750246047973633e+00,2.068888664245605469e+01
2.336263656616210938e+00,2.172977447509765625e+01
1.140453934669494629e+00,2.228516387939453125e+01
2.424560785293579102e+00,2.178194808959960938e+01
1.299331665039062500e+00,1.664828109741210938e+01
2.999829053878784180e+00,1.443318748474121094e+01
1.509024858474731445e+00,2.228603172302246094e+01
9.644903540611267090e-01,1.899617767333984375e+01
4.745236337184906006e-01,1.861304855346679688e+01
4.743850529193878174e-01,1.860673522949218750e+01
3.738680124282836914e+00,1.824286270141601562e+01
3.211431980133056641e+00,2.070889663696289062e+01
6.202127933502197266e-01,1.344231128692626953e+01
4.041930675506591797e+00,2.012942123413085938e+01
3.555375337600708008e+00,2.057448577880859375e+01
9.215818643569946289e-01,1.256464099884033203e+01
1.150904655456542969e+00,1.858736419677734375e+01
2.190069675445556641e+00,2.207709884643554688e+01
1.527494192123413086e+00,-3.075056791305541992e+00
2.231463193893432617e+00,2.159925460815429688e+01
2.717833518981933594e+00,2.063070487976074219e+01
-1.190522074699401855e+00,4.914044857025146484e+00
1.430253982543945312e+00,2.236997985839843750e+01
2.020779848098754883e+00,2.243825721740722656e+01
8.085831999778747559e-01,1.184874153137207031e+01
2.807498216629028320e+00,2.152076339721679688e+01
4.423803985118865967e-01,2.175109863281250000e+01
7.364590167999267578e-01,1.451088428497314453e+01
3.973720788955688477e+00,2.023561477661132812e+01
-4.273446202278137207e-01,4.432259559631347656e+00
6.633937954902648926e-01,2.157490158081054688e+01
5.665279030799865723e-01,2.204208374023437500e+01
3.057824611663818359e+00,1.997805786132812500e+01
1.902569532394409180e+00,2.206423950195312500e+01
2.027405261993408203e+00,1.693103981018066406e+01
-4.442125260829925537e-01,-4.111787974834442139e-01
5.225859880447387695e-01,5.480288982391357422e+00
8.612846732139587402e-01,2.222815322875976562e+01
4.144062519073486328e+00,1.909015655517578125e+01
1.896191239356994629e+00,2.216456985473632812e+01
3.020442247390747070e+00,2.121014404296875000e+01
2.100408792495727539e+00,2.245653152465820312e+01
3.138916492462158203e+00,2.115346717834472656e+01
3.010002613067626953e+00,1.985570526123046875e+01
1.510283708572387695e+00,2.225755691528320312e+01
-1.574767976999282837e-01,1.181787586212158203e+01
2.669016599655151367e+00,2.176580047607421875e+01
-1.252142041921615601e-01,1.495675754547119141e+01
4.781528189778327942e-02,1.668535423278808594e+01
2.350385904312133789e+00,1.350026321411132812e+01
2.199988603591918945e+00,1.263517093658447266e+01
1.264415979385375977e+00,2.224538040161132812e+01
-1.140622328966856003e-02,1.887034988403320312e+01
1.040057763457298279e-01,2.127868652343750000e+01
1.258170843124389648e+00,2.132002639770507812e+01
1.961111903190612793e+00,2.209701538085937500e+01
1.434765815734863281e+00,2.059383773803710938e+01
1.159459576010704041e-01,1.641043090820312500e+01
2.237695008516311646e-01,2.184803009033203125e+01
1.452336311340332031e+00,2.021346282958984375e+01
1.851487517356872559e+00,2.207079696655273438e+01
8.510395884513854980e-01,2.167481422424316406e+01
-4.667462408542633057e-01,1.333061885833740234e+01
-4.989406764507293701e-01,8.684937477111816406e+00
5.841462612152099609e-01,1.284103870391845703e+01
2.044478893280029297e+00,2.205764579772949219e+01
2.574457406997680664e+00,2.043756294250488281e+01
2.384477853775024414e+00,2.197848701477050781e+01
1.933632850646972656e+00,2.225378608703613281e+01
1.188218235969543457e+00,1.752902984619140625e+01
2.369595766067504883e+00,2.207044219970703125e+01
6.561740040779113770e-01,9.228357315063476562e+00
-9.541740417480468750e-01,2.075738906860351562e+01
-2.607574164867401123e-01,1.803366088867187500e+01
2.160543203353881836e+00,2.004926872253417969e+01
2.531008243560791016e+00,2.178636550903320312e+01
2.931169748306274414e+00,2.164968299865722656e+01
4.386238753795623779e-01,2.191112136840820312e+01
-3.591848909854888916e-01,1.462045001983642578e+01
-4.749848544597625732e-01,9.825575828552246094e+00
2.899352014064788818e-01,1.315274906158447266e+01
2.639065980911254883e+00,2.087481498718261719e+01
1.916669130325317383e+00,2.030012321472167969e+01
1.872490644454956055e+00,2.217892456054687500e+01
1.879665255546569824e+00,2.223134040832519531e+01
1.099844574928283691e+00,1.618967056274414062e+01
4.978691101074218750e+00,1.789402961730957031e+01
1.308119893074035645e+00,1.539388370513916016e+01
6.840435266494750977e-01,2.205792808532714844e+01
1.543370962142944336e+00,2.223167228698730469e+01
2.048668622970581055e+00,-2.200342893600463867e+00
1.306481361389160156e+00,2.227811813354492188e+01
1.129040047526359558e-01,1.058595752716064453e+01
1.934941530227661133e+00,2.173553848266601562e+01
-5.864309668540954590e-01,1.938429641723632812e+01
2.423455953598022461e+00,2.173892021179199219e+01
1.377116203308105469e+00,-2.692197084426879883e+00
-1.035205364227294922e+00,1.380545330047607422e+01
3.834866285324096680e+00,2.027183532714843750e+01
1.306521892547607422e+00,1.951663780212402344e+01
7.181779742240905762e-01,1.227106857299804688e+01
7.021420001983642578e-01,2.226546096801757812e+01
1.578138351440429688e+00,2.163908386230468750e+01
2.017877340316772461e+00,1.593041419982910156e+01
2.807069301605224609e+00,1.843851470947265625e+01
1.136136770248413086e+00,1.524886035919189453e+01
3.145098686218261719e+00,2.145514869689941406e+01
4.187963008880615234e+00,1.982414054870605469e+01
3.506017923355102539e+00,2.063517379760742188e+01
3.123899936676025391e+00,1.697075653076171875e+01
3.383685648441314697e-01,2.194497489929199219e+01
3.022282123565673828e+00,2.140432357788085938e+01
2.387830972671508789e+00,2.197092247009277344e+01
3.241450548171997070e+00,1.947119903564453125e+01
2.486715555191040039e+00,2.208879852294921875e+01
1.002335906028747559e+00,2.237356758117675781e+01
7.185348272323608398e-01,2.221932792663574219e+01
4.719266414642333984e+00,1.863979148864746094e+01
2.337720632553100586e+00,2.198946380615234375e+01
1.471357345581054688e+00,2.229495620727539062e+01
1.717433929443359375e+00,1.730128479003906250e+01
1.394114375114440918e+00,1.820765304565429688e+01
4.957170963287353516e+00,1.696981430053710938e+01
9.911942481994628906e-01,8.061223983764648438e+00
1.656776905059814453e+00,2.210835266113281250e+01
2.201319932937622070e+00,1.887523651123046875e+01
2.605117082595825195e+00,1.549259853363037109e+01
1.179625272750854492e+00,1.610293388366699219e+01
1.743975996971130371e+00,1.025954723358154297e+01
3.017532587051391602e+00,2.129468154907226562e+01
1.568430900573730469e+00,1.909231948852539062e+01
7.542684674263000488e-01,1.241802120208740234e+01
6.682186722755432129e-01,2.184138488769531250e+01
2.065354585647583008e+00,2.209454536437988281e+01
2.374326467514038086e+00,2.177145576477050781e+01
3.848041966557502747e-02,2.158809471130371094e+01
3.544982194900512695e+00,2.087611389160156250e+01
2.614516735076904297e+00,2.149808692932128906e+01
1.821790188550949097e-01,1.056125926971435547e+01
-1.736743301153182983e-01,1.896684646606445312e+01
1.772065877914428711e+00,2.220429992675781250e+01
9.534466266632080078e-01,1.083506870269775391e+01
-3.229758739471435547e-01,1.639998435974121094e+01
1.713733673095703125e+00,2.198006820678710938e+01
1.324079275131225586e+00,1.037220001220703125e+01
5.170745372772216797e+00,1.667092323303222656e+01
1.833042979240417480e+00,-2.725629329681396484e+00
4.431667625904083252e-01,2.002898406982421875e+01
2.399185419082641602e+00,2.191433334350585938e+01
1.029267072677612305e+00,2.130520629882812500e+01
1.698299884796142578e+00,2.128223419189453125e+01
5.656823515892028809e-01,2.202012634277343750e+01
3.253808915615081787e-01,1.460942649841308594e+01
3.377493143081665039e+00,2.055590820312500000e+01
1.035565361380577087e-01,1.944686126708984375e+01
-5.073272064328193665e-02,5.810004711151123047e+00
2.471046209335327148e+00,2.182219123840332031e+01
2.591986656188964844e+00,2.188557052612304688e+01
3.563208818435668945e+00,2.035111808776855469e+01
1.756539583206176758e+00,1.797914505004882812e+01
1.985349893569946289e+00,2.036013412475585938e+01
2.955203056335449219e+00,1.938529396057128906e+01
-4.618597328662872314e-01,1.650466918945312500e+01
2.694605112075805664e+00,2.190340232849121094e+01
1.327765583992004395e+00,1.710839271545410156e+01
1.201486468315124512e+00,1.477736949920654297e+01
2.128851890563964844e+00,2.201911163330078125e+01
1.045149326324462891e+00,1.706532096862792969e+01
8.351624608039855957e-01,1.968037414550781250e+01
1.327777147293090820e+00,2.229086303710937500e+01
1.388613462448120117e+00,2.185321044921875000e+01
1.867025852203369141e+00,1.715555191040039062e+01
9.474538564682006836e-01,2.092968750000000000e+01
1.163536667823791504e+00,1.857614135742187500e+01
1.881526589393615723e+00,2.204541778564453125e+01
3.609551191329956055e+00,2.078565406799316406e+01
2.967691659927368164e+00,2.136434364318847656e+01
1.664380669593811035e+00,2.058505821228027344e+01
2.142305850982666016e+00,2.009162139892578125e+01
3.424313366413116455e-01,2.114943313598632812e+01
1.834048509597778320e+00,2.204254531860351562e+01
5.170644521713256836e-01,1.578652191162109375e+01
2.244417220354080200e-01,1.134581756591796875e+01
9.023422002792358398e-01,1.857676315307617188e+01
1.174596771597862244e-01,1.385240936279296875e+01
-3.247449100017547607e-01,1.444828128814697266e+01
6.738885641098022461e-01,1.999985122680664062e+01
1.203399419784545898e+00,2.199728012084960938e+01
-9.863246679306030273e-01,1.203530311584472656e+01
2.610345840454101562e+00,2.171862792968750000e+01
1.199415087699890137e+00,2.204708480834960938e+01
1.402104616165161133e+00,1.460016918182373047e+01
3.441860973834991455e-01,1.480187129974365234e+01
2.599282741546630859e+00,2.172184753417968750e+01
2.228434085845947266e+00,2.201315879821777344e+01
2.167054414749145508e+00,2.126452636718750000e+01
-3.801957666873931885e-01,1.790307807922363281e+01
5.006291344761848450e-02,1.708017921447753906e+01
1.083581447601318359e+00,1.598189640045166016e+01
3.322056293487548828e+00,2.068791961669921875e+01
8.735613226890563965e-01,1.576950454711914062e+01
-6.857274770736694336e-01,1.493536090850830078e+01
2.529094219207763672e+00,2.169849395751953125e+01
1.189263820648193359e+00,1.328011989593505859e+01
6.717187762260437012e-01,1.588769435882568359e+01
2.469951391220092773e+00,1.166712474822998047e+01
2.347423553466796875e+00,1.427420520782470703e+01
1.246576905250549316e+00,1.358351039886474609e+01
2.394209146499633789e+00,2.204396438598632812e+01
2.427576065063476562e+00,2.183148193359375000e+01
-1.381717443466186523e+00,1.886855888366699219e+01
2.014545202255249023e+00,2.210677719116210938e+01
1.645381689071655273e+00,1.593361949920654297e+01
8.138462901115417480e-01,1.815933799743652344e+01
7.448213696479797363e-01,1.770939826965332031e+01
4.503294944763183594e+00,1.280267810821533203e+01
1.198527097702026367e+00,1.703823661804199219e+01
1.575252294540405273e+00,1.973242759704589844e+01
2.732043504714965820e+00,2.106439590454101562e+01
2.418894529342651367e+00,2.085134315490722656e+01
1.404201507568359375e+00,1.831138801574707031e+01
2.191119670867919922e+00,2.187336921691894531e+01
3.660468757152557373e-01,1.602575302124023438e+01
3.144402742385864258e+00,1.895934867858886719e+01
3.537200450897216797e+00,2.105017280578613281e+01
1.239202737808227539e+00,2.161286735534667969e+01
1.663351058959960938e+00,2.219214439392089844e+01
2.160392045974731445e+00,2.154425239562988281e+01
-2.079294770956039429e-01,1.616174316406250000e+01
1.148124575614929199e+00,2.194280815124511719e+01
2.563996791839599609e+00,2.202263450622558594e+01
1.790220499038696289e+00,1.130826282501220703e+01
6.805784702301025391e-01,1.667565155029296875e+01
1.290407419204711914e+00,2.208722686767578125e+01
9.755971431732177734e-01,1.535150337219238281e+01
1.029305458068847656e+00,1.156523132324218750e+01
2.232535600662231445e+00,2.210198211669921875e+01
1.783735275268554688e+00,1.374334621429443359e+01
2.109409809112548828e+00,1.691627120971679688e+01
1.132291555404663086e+00,1.150429534912109375e+01
3.061671972274780273e+00,1.755717468261718750e+01
2.727285921573638916e-01,2.174711608886718750e+01
2.237903118133544922e+00,1.335550403594970703e+01
5.557492971420288086e-01,1.346645927429199219e+01
1.818995326757431030e-01,5.661444664001464844e+00
2.313877105712890625e+00,1.927442932128906250e+01
1.219795227050781250e+00,1.774922370910644531e+01
3.170294046401977539e+00,2.098996543884277344e+01
1.243565440177917480e+00,2.188352584838867188e+01
3.653799772262573242e+00,1.012065601348876953e+01
2.868133783340454102e+00,2.041469001770019531e+01
4.497449100017547607e-01,1.510610485076904297e+01
4.104670524597167969e+00,1.948014068603515625e+01
6.251533031463623047e-01,1.368291473388671875e+01
2.133341580629348755e-01,2.080850601196289062e+01
3.943907916545867920e-01,2.157018661499023438e+01
1.299738526344299316e+00,1.100634479522705078e+01
2.329045057296752930e+00,2.208987998962402344e+01
2.139573097229003906e+00,1.987635803222656250e+01
1.471861362457275391e+00,2.216720581054687500e+01
2.002984762191772461e+00,2.213476753234863281e+01
1.876283407211303711e+00,2.199601745605468750e+01
2.298537492752075195e+00,2.185279846191406250e+01
8.886435031890869141e-01,6.994500637054443359e+00
2.771465063095092773e+00,2.161516189575195312e+01
1.711787655949592590e-02,1.260451221466064453e+01
5.004886150360107422e+00,1.571420192718505859e+01
4.902590811252593994e-01,2.191447448730468750e+01
1.722400426864624023e+00,2.212356948852539062e+01
2.470708608627319336e+00,2.196762657165527344e+01
-1.735642403364181519e-01,1.533303642272949219e+01
3.418272972106933594e+00,2.122694206237792969e+01
3.804654777050018311e-01,1.999921989440917969e+01
2.183967351913452148e+00,2.222809410095214844e+01
1.647754460573196411e-01,9.706661224365234375e+00
1.005025506019592285e+00,2.219898223876953125e+01
-3.762982413172721863e-02,2.153987884521484375e+01
1.413803577423095703e+00,1.438510894775390625e+01
1.402628183364868164e+00,1.775906372070312500e+01
2.318918466567993164e+00,1.759651184082031250e+01
1.787725329399108887e+00,2.206349563598632812e+01
1.646813511848449707e+00,2.197705078125000000e+01
9.245911240577697754e-01,2.210406875610351562e+01
1.745856761932373047e+00,2.151845359802246094e+01
3.541225671768188477e+00,2.047423934936523438e+01
6.457495689392089844e-01,1.371761989593505859e+01
1.583633065223693848e+00,2.223560142517089844e+01
-2.925942242145538330e-01,1.074908733367919922e+01
4.025436341762542725e-01,1.612770080566406250e+01
8.794300556182861328e-01,1.425880050659179688e+01
1.527234077453613281e+00,2.206348800659179688e+01
1.146512389183044434e+00,2.218172454833984375e+01
9.050858616828918457e-01,2.201404571533203125e+01
-5.549514889717102051e-01,3.301736831665039062e+00
2.709952592849731445e+00,2.169984054565429688e+01
1.087493419647216797e+00,1.496427440643310547e+01
1.600052356719970703e+00,2.221919631958007812e+01
-7.250891923904418945e-01,2.033895301818847656e+01
4.261427521705627441e-01,1.022260093688964844e+01
2.023506402969360352e+00,2.040786743164062500e+01
3.382429122924804688e+00,2.102266311645507812e+01
8.647398948669433594e-01,1.324703693389892578e+01
1.281056046485900879e+00,2.241308593750000000e+01
3.746264278888702393e-01,9.072434425354003906e+00
1.150524839758872986e-01,1.080366992950439453e+01
9.015592187643051147e-02,2.167539215087890625e+01
1.337571740150451660e+00,2.016531944274902344e+01
2.102169543504714966e-01,1.051469135284423828e+01
1.575461864471435547e+00,1.710824203491210938e+01
5.128731727600097656e-01,1.325140285491943359e+01
-2.473744004964828491e-01,8.284134864807128906e+00
8.327575325965881348e-01,1.320023536682128906e+01
1.041703939437866211e+00,2.223704147338867188e+01
3.019753217697143555e+00,2.153155517578125000e+01
1.975104689598083496e+00,2.213048553466796875e+01
1.085357189178466797e+00,1.242240238189697266e+01
2.741327524185180664e+00,2.162734794616699219e+01
1.125979661941528320e+00,2.237592315673828125e+01
1.021498203277587891e+00,2.219438552856445312e+01
1.475188016891479492e+00,2.011146163940429688e+01
3.848595321178436279e-01,1.398910045623779297e+01
9.345170855522155762e-01,2.206310653686523438e+01
-5.197121500968933105e-01,2.128755569458007812e+01
4.388612806797027588e-01,1.514258480072021484e+01
1.716298580169677734e+00,2.172218704223632812e+01
2.979413270950317383e+00,2.154493331909179688e+01
1.067270517349243164e+00,1.608255958557128906e+01
1.274759888648986816e+00,2.038485336303710938e+01
1.895404458045959473e+00,2.217432022094726562e+01
1.246198177337646484e+00,1.153581047058105469e+01
7.800875306129455566e-01,1.906578636169433594e+01
-4.892609640955924988e-02,2.123669242858886719e+01
3.369998216629028320e+00,2.080515289306640625e+01
2.271108388900756836e+00,2.058697319030761719e+01
2.436181783676147461e+00,2.093425178527832031e+01
2.453743934631347656e+00,2.158808898925781250e+01
1.563503980636596680e+00,1.862896919250488281e+01
3.254051923751831055e+00,2.063269996643066406e+01
5.640456676483154297e-01,1.809852027893066406e+01
1.811781048774719238e+00,1.710213661193847656e+01
1.081602573394775391e+00,1.268642234802246094e+01
2.396256476640701294e-01,2.041239166259765625e+01
-9.646264910697937012e-01,1.931403732299804688e+01
2.904768228530883789e+00,2.120207977294921875e+01
-1.309089511632919312e-01,1.729953384399414062e+01
3.216516733169555664e+00,2.139709854125976562e+01
3.783197700977325439e-01,2.020891189575195312e+01
4.184580802917480469e+00,1.829134750366210938e+01
9.047709107398986816e-01,2.215016937255859375e+01
5.463367104530334473e-01,1.452870559692382812e+01
1.048904180526733398e+00,1.816224288940429688e+01
6.982730627059936523e-01,2.227499580383300781e+01
1.230193018913269043e+00,1.719910240173339844e+01
-3.742564618587493896e-01,2.067318153381347656e+01
1.616346001625061035e+00,1.876782226562500000e+01
-2.875192761421203613e-01,1.582048320770263672e+01
5.974395275115966797e-01,1.695365905761718750e+01
2.116274118423461914e+00,2.142787170410156250e+01
2.531719446182250977e+00,2.153237342834472656e+01
1.559650659561157227e+00,2.223821258544921875e+01
3.251653671264648438e+00,2.061014747619628906e+01
2.700543165206909180e+00,2.173113632202148438e+01
1.402563452720642090e+00,2.230043029785156250e+01
2.159826755523681641e+00,2.199830055236816406e+01
2.854059934616088867e+00,2.009593963623046875e+01
6.745068430900573730e-01,1.197796916961669922e+01
1.871371984481811523e+00,2.210594940185546875e+01
1.147802114486694336e+00,1.672521972656250000e+01
6.945931911468505859e-01,1.835094833374023438e+01
2.815096139907836914e+00,1.575368022918701172e+01
3.401454687118530273e+00,2.079706382751464844e+01
1.342234492301940918e+00,2.205640029907226562e+01
1.471148252487182617e+00,1.796006011962890625e+01
1.591571450233459473e+00,2.223503494262695312e+01
1.537733197212219238e+00,2.211680603027343750e+01
3.904825747013092041e-01,2.175975227355957031e+01
1.927193880081176758e+00,1.895745086669921875e+01
2.047422170639038086e+00,1.856589698791503906e+01
-1.075707897543907166e-01,9.119978904724121094e+00
-8.162140846252441406e-01,1.545507526397705078e+01
2.791897535324096680e+00,1.522891044616699219e+01
7.019553780555725098e-01,1.716010093688964844e+01
3.687635183334350586e+00,2.089138793945312500e+01
2.381764888763427734e+00,2.206020545959472656e+01
1.232672929763793945e+00,2.168729019165039062e+01
8.963207602500915527e-01,2.187144088745117188e+01
1.813514113426208496e+00,1.958370590209960938e+01
3.009146928787231445e+00,1.981786346435546875e+01
9.277642965316772461e-01,1.879498291015625000e+01
3.581450462341308594e+00,2.118029975891113281e+01
3.471679925918579102e+00,2.082173156738281250e+01
2.940570592880249023e+00,2.141057205200195312e+01
6.437922716140747070e-01,-2.513321638107299805e+00
9.906937927007675171e-02,2.106916999816894531e+01
1.922936916351318359e+00,2.138256263732910156e+01
8.394583314657211304e-02,1.841572761535644531e+01
2.399002790451049805e+00,2.154882049560546875e+01
-7.825824618339538574e-01,1.011901855468750000e+01
-1.827826261520385742e+00,1.618569755554199219e+01
1.937230348587036133e+00,2.202439498901367188e+01
1.804038047790527344e+00,2.210219955444335938e+01
1.699752569198608398e+00,2.096588134765625000e+01
2.468181997537612915e-01,2.199902343750000000e+01
-7.551729679107666016e-01,9.266001701354980469e+00
7.183853387832641602e-01,1.554122638702392578e+01
-4.760694801807403564e-01,8.683099746704101562e+00
1.783333569765090942e-01,1.034480190277099609e+01
1.702869415283203125e+00,1.319785976409912109e+01
1.963201761245727539e+00,2.193816375732421875e+01
1.375201106071472168e+00,1.602563667297363281e+01
6.220150589942932129e-01,7.904164791107177734e+00
3.460895538330078125e+00,2.089875984191894531e+01
1.810543775558471680e+00,2.170514297485351562e+01
3.779172182083129883e+00,2.084351730346679688e+01
-6.352885961532592773e-01,1.686289405822753906e+01
-4.576991498470306396e-01,2.088905906677246094e+01
2.215607881546020508e+00,2.213401031494140625e+01
-8.272087574005126953e-01,1.374744987487792969e+01
6.494807600975036621e-01,1.627857208251953125e+01
-3.385176062583923340e-01,1.775802993774414062e+01
1.941701889038085938e+00,1.867196655273437500e+01
2.197494268417358398e+00,1.962930107116699219e+01
2.240006446838378906e+00,2.196930503845214844e+01
8.208419680595397949e-01,2.164084815979003906e+01
2.940460681915283203e+00,2.149148368835449219e+01
1.836844801902770996e+00,2.193272590637207031e+01
-7.826415300369262695e-01,1.652794265747070312e+01
2.979899168014526367e+00,2.144693946838378906e+01
7.424749135971069336e-01,2.197860908508300781e+01
3.010473966598510742e+00,2.159857940673828125e+01
-2.855122089385986328e-01,1.168914318084716797e+01
-4.087682664394378662e-01,7.372132301330566406e+00
3.283021926879882812e+00,1.315011215209960938e+01
2.441936731338500977e+00,1.831792449951171875e+01
2.398605585098266602e+00,2.023819160461425781e+01
1.295833230018615723e+00,2.217824745178222656e+01
5.960472300648689270e-02,2.114563179016113281e+01
6.965627074241638184e-01,1.660674667358398438e+01
2.252565175294876099e-01,1.240159702301025391e+01
2.031158924102783203e+00,1.937319564819335938e+01
1.498181581497192383e+00,1.348683357238769531e+01
1.849939227104187012e+00,2.225580978393554688e+01
1.971757769584655762e+00,2.223126029968261719e+01
4.823295772075653076e-01,1.101165103912353516e+01
4.440299272537231445e-01,7.158813953399658203e+00
-6.188416481018066406e-01,1.745269393920898438e+01
-5.293558835983276367e-01,8.392081260681152344e+00
1.740872710943222046e-01,9.880024909973144531e+00
7.112637758255004883e-01,2.137110519409179688e+01
1.433653593063354492e+00,2.225060653686523438e+01
1.405178070068359375e+00,2.223043441772460938e+01
1.439482688903808594e+00,1.963525772094726562e+01
2.433288335800170898e+00,1.664947891235351562e+01
2.476107597351074219e+00,2.173095703125000000e+01
3.308884620666503906e+00,2.096810150146484375e+01
-2.192018553614616394e-02,1.661320495605468750e+01
1.542449951171875000e+00,2.205420303344726562e+01
1.419119089841842651e-01,1.182943058013916016e+01
3.755821943283081055e+00,1.910592842102050781e+01
2.752284049987792969e+00,2.184728240966796875e+01
2.585001230239868164e+00,2.156483268737792969e+01
1.969397068023681641e+00,2.205615997314453125e+01
1.145117998123168945e+00,2.163275718688964844e+01
9.642007201910018921e-02,1.554769611358642578e+01
1.961323857307434082e+00,2.194581604003906250e+01
3.181481599807739258e+00,2.123139572143554688e+01
6.060726046562194824e-01,1.883698654174804688e+01
3.940218687057495117e+00,1.973585510253906250e+01
2.302324056625366211e+00,2.194989204406738281e+01
1.812399148941040039e+00,2.079386329650878906e+01
2.033193588256835938e+00,1.974438858032226562e+01
1.115811347961425781e+00,1.670301055908203125e+01
7.790997624397277832e-01,1.628102493286132812e+01
3.458363115787506104e-01,1.563598632812500000e+01
5.823037028312683105e-01,2.058872604370117188e+01
-6.827076673507690430e-01,6.766279697418212891e+00
3.148872852325439453e+00,2.114530563354492188e+01
1.323643088340759277e+00,1.009715557098388672e+01
-3.804965317249298096e-01,2.018387222290039062e+01
1.837705135345458984e+00,2.220097160339355469e+01
5.744900107383728027e-01,2.187565231323242188e+01
-7.014818191528320312e-01,7.413009166717529297e+00
3.505614757537841797e+00,1.862116050720214844e+01
-1.624219417572021484e-01,9.044922828674316406e+00
5.848907232284545898e-01,2.175110626220703125e+01
3.475972414016723633e+00,2.107471275329589844e+01
3.290150165557861328e+00,2.099323272705078125e+01
-2.173719853162765503e-01,1.495604705810546875e+01
1.607751250267028809e+00,2.198186302185058594e+01
1.616704910993576050e-01,8.419934272766113281e+00
-3.997196853160858154e-01,1.710886764526367188e+01
3.679802894592285156e+00,1.888208770751953125e+01
4.899754822254180908e-01,5.908338069915771484e+00
1.671120882034301758e+00,2.218912506103515625e+01
-6.610235571861267090e-01,2.502784013748168945e+00
1.931828141212463379e+00,2.216394424438476562e+01
1.512017965316772461e+00,1.897640609741210938e+01
6.342098712921142578e-01,2.176547241210937500e+01
1.642487287521362305e+00,2.067633819580078125e+01
-9.686089754104614258e-01,1.426893901824951172e+01
1.902993440628051758e+00,2.159413146972656250e+01
7.956141829490661621e-01,2.119829559326171875e+01
2.591289520263671875e+00,2.163292312622070312e+01
9.262446761131286621e-01,1.242615509033203125e+01
1.077610179781913757e-01,1.387510395050048828e+01
2.551343679428100586e+00,2.202254486083984375e+01
1.316270112991333008e+00,1.721307754516601562e+01
-3.351662456989288330e-01,8.811378479003906250e+00
4.758487045764923096e-01,2.171906471252441406e+01
4.451807975769042969e+00,1.937650680541992188e+01
2.835686683654785156e+00,2.186863708496093750e+01
4.241255819797515869e-01,1.520588302612304688e+01
7.523598074913024902e-01,1.295960521697998047e+01
1.786743998527526855e+00,2.061668968200683594e+01
6.219388246536254883e-01,1.856751823425292969e+01
3.573723554611206055e+00,2.065961074829101562e+01
5.269109010696411133e-01,2.187553787231445312e+01
6.977230310440063477e-01,1.056987476348876953e+01
7.751685976982116699e-01,1.478669166564941406e+01
3.354100465774536133e+00,2.026210784912109375e+01
-7.044056057929992676e-01,1.888711166381835938e+01
3.203207731246948242e+00,1.014223289489746094e+01
4.666185379028320312e+00,1.816160202026367188e+01
1.608643054962158203e+00,1.090758514404296875e+01
1.358282327651977539e+00,1.582218074798583984e+01
-1.478670984506607056e-01,1.428749370574951172e+01
1.389763951301574707e+00,2.236323738098144531e+01
2.084439516067504883e+00,2.167949104309082031e+01
-1.108748540282249451e-01,5.895104408264160156e+00
5.645457506179809570e-01,7.623797416687011719e+00
2.095566749572753906e+00,2.076039505004882812e+01
-2.499807924032211304e-01,1.905391311645507812e+01
1.461721658706665039e+00,1.722970581054687500e+01
-2.676784694194793701e-01,2.062795257568359375e+01
1.264091730117797852e+00,2.226506042480468750e+01
2.280352115631103516e+00,1.481391429901123047e+01
6.282474398612976074e-01,1.540222644805908203e+01
2.412440329790115356e-01,1.484022521972656250e+01
-1.133767247200012207e+00,1.515560817718505859e+01
2.817018508911132812e+00,2.126697540283203125e+01
2.356249094009399414e+00,2.087419509887695312e+01
2.376353025436401367e+00,1.979815673828125000e+01
5.286414623260498047e-01,2.072050094604492188e+01
1.271049618721008301e+00,2.233092689514160156e+01
1.176128029823303223e+00,1.990879440307617188e+01
2.644601583480834961e+00,2.100077056884765625e+01
1.715628623962402344e+00,2.179481697082519531e+01
1.991747021675109863e+00,1.930800247192382812e+01
3.670625388622283936e-01,2.017956161499023438e+01
-7.423679344356060028e-03,1.967145919799804688e+01
2.056877374649047852e+00,2.223582077026367188e+01
1.500042200088500977e+00,2.017589950561523438e+01
1.141851186752319336e+00,2.185874176025390625e+01
1.834607601165771484e+00,2.174218750000000000e+01
2.085776329040527344e+00,2.216161727905273438e+01
2.296054512262344360e-01,2.100178718566894531e+01
1.901732444763183594e+00,2.019846725463867188e+01
1.513472080230712891e+00,2.073774909973144531e+01
1.963923096656799316e+00,1.554524898529052734e+01
7.291879653930664062e-01,1.701309394836425781e+01
-6.994284987449645996e-01,5.906395435333251953e+00
-2.398769706487655640e-01,2.088909530639648438e+01
4.153102874755859375e+00,1.941090011596679688e+01
-4.256155192852020264e-01,2.054133796691894531e+01
-1.056969761848449707e+00,1.654137229919433594e+01
2.426492691040039062e+00,2.166004562377929688e+01
2.516591072082519531e+00,2.207457351684570312e+01
1.119015693664550781e+00,1.992249488830566406e+01
6.635863184928894043e-01,1.735354614257812500e+01
1.564166069030761719e+00,1.392684459686279297e+01
1.638078212738037109e+00,2.005661773681640625e+01
-5.532128810882568359e-01,1.880417251586914062e+01
-1.268229912966489792e-02,1.898883628845214844e+01
2.007477760314941406e+00,2.139988517761230469e+01
2.156956434249877930e+00,1.593240261077880859e+01
-4.287734925746917725e-01,1.211391735076904297e+01
-3.330631554126739502e-01,1.922781753540039062e+01
2.660892486572265625e+00,2.202728080749511719e+01
9.626992344856262207e-01,1.810649871826171875e+01
2.650370359420776367e+00,1.948491668701171875e+01
1.570980072021484375e+00,2.235709381103515625e+01
-3.347908556461334229e-01,2.093622398376464844e+01
1.371204376220703125e+00,1.042514991760253906e+01
-4.183041155338287354e-01,1.252793312072753906e+01
1.342079639434814453e+00,2.211949539184570312e+01
-4.243897795677185059e-01,1.030856990814208984e+01
1.097167730331420898e+00,2.208417892456054688e+01
-3.302316181361675262e-03,2.041717529296875000e+01
6.472114324569702148e-01,1.818166732788085938e+01
1.800027608871459961e+00,2.231582641601562500e+01
8.045544624328613281e-01,2.223743057250976562e+01
1.744798541069030762e+00,2.133744430541992188e+01
2.715854167938232422e+00,2.176530647277832031e+01
1.475144863128662109e+00,1.742828369140625000e+01
2.457207918167114258e+00,2.174967384338378906e+01
3.592599153518676758e+00,2.029168701171875000e+01
3.563350200653076172e+00,2.052662849426269531e+01
1.712978631258010864e-01,2.195278549194335938e+01
1.936603784561157227e+00,2.182284164428710938e+01
1.754503369331359863e+00,2.177779388427734375e+01
2.985162496566772461e+00,2.047627449035644531e+01
1.493513822555541992e+00,2.210882949829101562e+01
2.098048448562622070e+00,2.190846061706542969e+01
1.622203826904296875e+00,2.222466468811035156e+01
1.555335044860839844e+00,2.157206726074218750e+01
-6.789225339889526367e-01,7.116359233856201172e+00
6.878197193145751953e-01,1.045860004425048828e+01
8.191343545913696289e-01,2.194678115844726562e+01
3.039943054318428040e-02,1.334992790222167969e+01
-7.673478722572326660e-01,1.942403030395507812e+01
-4.596430957317352295e-01,2.131266212463378906e+01
7.930441498756408691e-01,1.525687789916992188e+01
2.975447416305541992e+00,2.024550247192382812e+01
2.340070962905883789e+00,2.151443290710449219e+01
2.425270795822143555e+00,2.215913391113281250e+01
3.219569027423858643e-01,2.084912300109863281e+01
1.845992326736450195e+00,1.985168457031250000e+01
-1.202019095420837402e+00,1.829352188110351562e+01
3.051024675369262695e+00,2.167802429199218750e+01
1.576371908187866211e+00,1.357229518890380859e+01
1.446223139762878418e+00,2.229491043090820312e+01
3.172077178955078125e+00,2.132522583007812500e+01
1.807575225830078125e+00,1.736265373229980469e+01
-3.104201257228851318e-01,1.383087062835693359e+01
1.250616192817687988e+00,1.631124687194824219e+01
1.214089393615722656e+00,1.616636276245117188e+01
6.779457926750183105e-01,2.165245437622070312e+01
1.799964070320129395e+00,2.206021499633789062e+01
1.211773633956909180e+00,1.824867248535156250e+01
9.398458003997802734e-01,2.198102378845214844e+01
2.634865045547485352e+00,1.855017089843750000e+01
7.156987190246582031e-01,2.121789932250976562e+01
-4.912899434566497803e-01,1.191102504730224609e+01
1.251090645790100098e+00,1.540012550354003906e+01
5.094515085220336914e-01,1.647047805786132812e+01
6.068345308303833008e-01,2.090851974487304688e+01
1.728828907012939453e+00,2.165900421142578125e+01
1.511114358901977539e+00,1.748600387573242188e+01
9.483423233032226562e-01,1.263411712646484375e+01
2.963691949844360352e+00,2.108550643920898438e+01
1.278097152709960938e+00,2.073019790649414062e+01
-6.253236532211303711e-01,2.102843093872070312e+01
1.531691670417785645e+00,1.474565601348876953e+01
4.101781547069549561e-01,1.256284999847412109e+01
1.476464509963989258e+00,1.565350341796875000e+01
2.820442438125610352e+00,2.146753120422363281e+01
2.668880462646484375e+00,1.909374618530273438e+01
9.631589651107788086e-01,2.200237274169921875e+01
1.981665492057800293e+00,2.175546073913574219e+01
1.843181014060974121e+00,1.240363216400146484e+01
1.917890667915344238e+00,2.212214279174804688e+01
1.221331581473350525e-01,1.309154891967773438e+01
4.466588020324707031e+00,1.909466361999511719e+01
1.865581035614013672e+00,2.160639572143554688e+01
1.361706256866455078e+00,2.184983253479003906e+01
1.066983699798583984e+00,1.979107475280761719e+01
1.551478981971740723e+00,1.547090339660644531e+01
2.320929765701293945e+00,2.161617279052734375e+01
1.843796730041503906e+00,2.199467849731445312e+01
1.323917865753173828e+00,2.219456481933593750e+01
2.985839545726776123e-01,5.481550693511962891e+00
-8.628145456314086914e-01,5.299032688140869141e+00
1.721516400575637817e-01,2.117623519897460938e+01
2.573118925094604492e+00,2.121159934997558594e+01
3.232928216457366943e-01,2.210786247253417969e+01
2.820471227169036865e-01,1.224524402618408203e+01
3.664198637008666992e+00,2.034870910644531250e+01
5.229206085205078125e-01,1.270017910003662109e+01
3.735651254653930664e+00,2.075760269165039062e+01
2.164366483688354492e+00,1.945583343505859375e+01
2.451153993606567383e+00,1.674740791320800781e+01
2.881916761398315430e+00,2.158065223693847656e+01
1.547466635704040527e+00,2.133290481567382812e+01
9.264050722122192383e-01,2.210652160644531250e+01
3.685291051864624023e+00,2.079659652709960938e+01
2.809360921382904053e-01,2.023647308349609375e+01
1.791243553161621094e+00,2.216846466064453125e+01
-6.023196503520011902e-02,1.136109447479248047e+01
-8.919422626495361328e-01,9.615030288696289062e+00
2.249172687530517578e+00,2.203057479858398438e+01
1.106956481933593750e+00,1.969853973388671875e+01
2.654442548751831055e+00,2.198158073425292969e+01
-8.565323948860168457e-01,2.109433364868164062e+01
7.213937640190124512e-01,1.293400287628173828e+01
1.739073395729064941e+00,2.071585845947265625e+01
1.500888228416442871e+00,2.152815246582031250e+01
3.133589506149291992e+00,1.932532501220703125e+01
2.269182443618774414e+00,1.987231445312500000e+01
-3.238241076469421387e-01,9.951872825622558594e+00
2.156223535537719727e+00,2.210130882263183594e+01
2.267370462417602539e+00,2.204813766479492188e+01
8.905350565910339355e-01,2.142009735107421875e+01
2.749343633651733398e+00,2.172167205810546875e+01
2.915443420410156250e+00,2.157858467102050781e+01
1.881183624267578125e+00,2.229235458374023438e+01
-5.356663465499877930e-01,5.932639598846435547e+00
1.444858789443969727e+00,1.712157058715820312e+01
2.209778547286987305e+00,2.200903511047363281e+01
1.481727361679077148e+00,2.163221931457519531e+01
1.585094571113586426e+00,1.510365009307861328e+01
1.272169232368469238e+00,1.752857589721679688e+01
2.602182626724243164e+00,2.123550605773925781e+01
-7.089421153068542480e-01,1.591672611236572266e+01
1.182115077972412109e+00,1.576162719726562500e+01
9.166083931922912598e-01,1.459651565551757812e+01
2.795134305953979492e+00,2.160090255737304688e+01
-2.899998128414154053e-01,1.381056404113769531e+01
2.262057542800903320e+00,2.193340682983398438e+01
1.819615840911865234e+00,2.236760520935058594e+01
9.328007698059082031e-01,2.225522232055664062e+01
1.205379009246826172e+00,1.652639198303222656e+01
1.029665827751159668e+00,2.217857360839843750e+01
-1.008813023567199707e+00,1.975472450256347656e+01
2.727661430835723877e-01,2.179018402099609375e+01
1.560396432876586914e+00,2.005634498596191406e+01
3.658928394317626953e+00,2.044480514526367188e+01
-8.164126425981521606e-02,9.673259735107421875e+00
8.089340925216674805e-01,1.608916282653808594e+01
1.922197937965393066e+00,2.223319625854492188e+01
1.032637596130371094e+00,2.210369110107421875e+01
3.413568735122680664e+00,2.059000587463378906e+01
2.638795137405395508e+00,2.149845123291015625e+01
8.822504878044128418e-01,1.624316215515136719e+01
3.938854634761810303e-01,1.732602310180664062e+01
2.806384563446044922e+00,2.116617393493652344e+01
1.806004166603088379e+00,1.913525772094726562e+01
-2.042170614004135132e-01,1.552488231658935547e+01
1.780102610588073730e+00,1.003781032562255859e+01
-1.489838361740112305e+00,3.905482530593872070e+00
1.222978830337524414e+00,1.006581401824951172e+01
1.324147343635559082e+00,1.559562587738037109e+01
1.236909389495849609e+00,2.153367424011230469e+01
1.481213569641113281e+00,2.174946784973144531e+01
3.343687772750854492e+00,2.075404357910156250e+01
2.559912681579589844e+00,2.144148254394531250e+01
2.747820138931274414e+00,2.150930595397949219e+01
2.976483345031738281e+00,2.158023071289062500e+01
2.400577783584594727e+00,1.646573829650878906e+01
-6.932390332221984863e-01,1.841199111938476562e+01
-2.803253829479217529e-01,2.046774482727050781e+01
1.911614418029785156e+00,2.019755935668945312e+01
1.248201847076416016e+00,1.973857498168945312e+01
8.272305130958557129e-01,1.397705936431884766e+01
6.837028264999389648e-01,2.204030418395996094e+01
1.683347940444946289e+00,1.763166809082031250e+01
-3.828779757022857666e-01,1.815818786621093750e+01
-2.669133245944976807e-01,2.129631805419921875e+01
3.063350200653076172e+00,2.136923217773437500e+01
1.754595518112182617e+00,2.205871772766113281e+01
-1.188804864883422852e+00,1.595170307159423828e+01
2.530622720718383789e+00,1.386292171478271484e+01
9.591196179389953613e-01,2.207944107055664062e+01
-4.842513501644134521e-01,2.086658477783203125e+01
2.286799192428588867e+00,1.733382415771484375e+01
2.169041872024536133e+00,2.203412628173828125e+01
2.791063547134399414e+00,2.185486602783203125e+01
1.252747178077697754e+00,2.222081565856933594e+01
1.146090745925903320e+00,1.613632774353027344e+01
1.128877639770507812e+00,1.845319938659667969e+01
2.979619503021240234e+00,2.152384948730468750e+01
1.008185267448425293e+00,2.238229942321777344e+01
2.100353240966796875e+00,2.195775413513183594e+01
1.717009693384170532e-01,2.079859924316406250e+01
2.289312362670898438e+00,2.176115226745605469e+01
4.322561919689178467e-01,1.169267177581787109e+01
7.713949680328369141e-01,2.197755813598632812e+01
2.423974275588989258e+00,2.197951889038085938e+01
1.686374545097351074e+00,1.925511741638183594e+01
1.371195316314697266e+00,2.188359069824218750e+01
2.435143470764160156e+00,2.194095993041992188e+01
4.279763698577880859e+00,1.832331657409667969e+01
1.507982492446899414e+00,1.493972969055175781e+01
-8.955808877944946289e-01,2.094966888427734375e+01
1.848420023918151855e+00,1.979753684997558594e+01
1.880092620849609375e+00,2.205480957031250000e+01
2.212488800287246704e-01,2.188372039794921875e+01
1.567498445510864258e+00,2.170699882507324219e+01
8.537650704383850098e-01,2.219584083557128906e+01
3.460710048675537109e+00,2.114665222167968750e+01
-1.722903400659561157e-01,1.081184864044189453e+01
4.046873569488525391e+00,1.783975601196289062e+01
8.904208540916442871e-01,2.238087844848632812e+01
5.697001889348030090e-02,1.841928482055664062e+01
2.876185476779937744e-01,2.009088516235351562e+01
1.709432244300842285e+00,1.530194950103759766e+01
3.470990419387817383e+00,2.094927978515625000e+01
-5.787311792373657227e-01,2.077959823608398438e+01
2.467404842376708984e+00,2.181086921691894531e+01
-1.390242576599121094e+00,1.969713211059570312e+01
2.462813854217529297e+00,2.183555984497070312e+01
5.774877071380615234e-01,1.194283771514892578e+01
3.568666458129882812e+00,2.072763824462890625e+01
4.462262094020843506e-01,9.021910667419433594e+00
4.095462322235107422e+00,1.995011329650878906e+01
6.199548840522766113e-01,1.514488506317138672e+01
-5.881779789924621582e-01,2.103892135620117188e+01
7.031252384185791016e-01,2.190111732482910156e+01
2.093190431594848633e+00,2.055560684204101562e+01
-7.011743634939193726e-02,7.744204044342041016e+00
1.726485013961791992e+00,2.225754165649414062e+01
2.321851491928100586e+00,2.019319915771484375e+01
9.291581511497497559e-01,2.189672660827636719e+01
1.557014226913452148e+00,2.168521690368652344e+01
1.184332728385925293e+00,2.193085098266601562e+01
3.249274492263793945e+00,2.104830551147460938e+01
1.005541324615478516e+00,1.536878299713134766e+01
4.951711595058441162e-01,2.143288803100585938e+01
1.583994626998901367e+00,2.094588279724121094e+01
1.072281837463378906e+00,1.978897857666015625e+01
2.037759065628051758e+00,1.687060928344726562e+01
6.403046846389770508e-01,2.179302978515625000e+01
2.508815050125122070e+00,1.915782546997070312e+01
8.693496584892272949e-01,1.136831188201904297e+01
-1.937839686870574951e-01,1.057760715484619141e+01
6.697132587432861328e-01,2.198169136047363281e+01
-2.384337335824966431e-01,1.054212760925292969e+01
1.608403801918029785e+00,2.181044578552246094e+01
2.818483591079711914e+00,2.170187377929687500e+01
1.786888599395751953e+00,1.385302352905273438e+01
2.930219411849975586e+00,2.134777832031250000e+01
1.722071170806884766e+00,1.409992790222167969e+01
4.064950942993164062e+00,1.974736022949218750e+01
1.505171656608581543e+00,2.215110969543457031e+01
3.500275611877441406e+00,2.097953605651855469e+01
5.010938048362731934e-01,2.187036514282226562e+01
6.692593097686767578e-01,4.902354717254638672e+00
7.162273526191711426e-01,2.111554908752441406e+01
7.788834571838378906e-01,1.210514545440673828e+01
1.019342184066772461e+00,1.632864761352539062e+01
3.008538961410522461e+00,2.154043769836425781e+01
-4.356248974800109863e-01,9.319828987121582031e+00
2.121496438980102539e+00,1.715277862548828125e+01
1.045215725898742676e+00,1.393234729766845703e+01
9.975847601890563965e-01,2.228739547729492188e+01
3.191187620162963867e+00,2.164271926879882812e+01
2.294434458017349243e-01,8.007555007934570312e+00
3.765880823135375977e+00,2.050375556945800781e+01
1.716959118843078613e+00,2.150231933593750000e+01
7.317460179328918457e-01,2.218443298339843750e+01
2.778553724288940430e+00,2.107055473327636719e+01
1.094167232513427734e+00,2.205864715576171875e+01
1.077688217163085938e+00,2.207203483581542969e+01
1.321443557739257812e+00,2.097292518615722656e+01
-1.800454109907150269e-01,2.010890579223632812e+01
4.258234024047851562e+00,1.536367130279541016e+01
3.198035061359405518e-01,2.014437866210937500e+01
1.737379431724548340e+00,2.066276931762695312e+01
2.475113153457641602e+00,2.176616668701171875e+01
-2.196863442659378052e-01,5.304170608520507812e+00
-1.618244171142578125e+00,1.509694004058837891e+01
1.244456529617309570e+00,2.222824287414550781e+01
4.426463127136230469e+00,1.751668930053710938e+01
1.922286033630371094e+00,2.205157089233398438e+01
3.619228601455688477e+00,1.289317035675048828e+01
1.621558189392089844e+00,2.177033615112304688e+01
2.782035171985626221e-01,1.439804744720458984e+01
2.253780514001846313e-01,1.586775875091552734e+01
1.197172626852989197e-01,9.623241424560546875e+00
8.593037724494934082e-01,2.169947814941406250e+01
-3.457557260990142822e-01,-2.157138586044311523e+00
2.760914087295532227e+00,2.132507324218750000e+01
1.565833568572998047e+00,2.241349792480468750e+01
4.341472089290618896e-01,1.304330348968505859e+01
-4.039533436298370361e-01,1.720335960388183594e+01
-7.681714892387390137e-01,2.019568252563476562e+01
4.735617637634277344e+00,1.862590789794921875e+01
1.615076541900634766e+00,1.378821086883544922e+01
1.322525978088378906e+00,2.147401428222656250e+01
1.715220659971237183e-01,1.065578460693359375e+01
-1.748577207326889038e-01,1.701750159263610840e+00
8.001244664192199707e-01,1.984110641479492188e+01
3.196994960308074951e-01,1.702491760253906250e+01
-8.505618572235107422e-01,1.376952362060546875e+01
2.024444341659545898e+00,1.590359401702880859e+01
2.035007476806640625e+00,2.204827880859375000e+01
4.540812492370605469e+00,1.876976776123046875e+01
8.077865242958068848e-01,2.211297988891601562e+01
3.387850522994995117e+00,2.044546318054199219e+01
1.738661050796508789e+00,1.587405872344970703e+01
4.022796630859375000e+00,1.597978115081787109e+01
2.829436540603637695e+00,2.150076675415039062e+01
1.638875961303710938e+00,2.188931465148925781e+01
2.258657932281494141e+00,2.178509521484375000e+01
-4.977653920650482178e-01,9.198993682861328125e+00
1.127403736114501953e+00,2.228677177429199219e+01
2.433952093124389648e+00,2.185164260864257812e+01
-2.812631726264953613e-01,1.453253841400146484e+01
8.520498871803283691e-01,1.309651470184326172e+01
3.391049861907958984e+00,2.109119796752929688e+01
1.485561609268188477e+00,2.231577301025390625e+01
1.759667634963989258e+00,2.222233200073242188e+01
2.175748348236083984e+00,2.112643051147460938e+01
3.805771470069885254e-01,8.512036323547363281e+00
1.354367017745971680e+00,2.218242645263671875e+01
-7.530398964881896973e-01,4.844774246215820312e+00
1.910828590393066406e+00,1.806911849975585938e+01
1.138656958937644958e-01,1.052989864349365234e+01
4.395391643047332764e-01,1.885386657714843750e+01
1.407021045684814453e+00,1.466504383087158203e+01
3.926389455795288086e+00,2.046331024169921875e+01
1.756687164306640625e+00,2.225916671752929688e+01
1.256901502609252930e+00,1.957561492919921875e+01
1.794142961502075195e+00,2.201509857177734375e+01
1.464555412530899048e-01,2.139970397949218750e+01
3.019080877304077148e+00,2.126606559753417969e+01
6.669240593910217285e-01,1.326754283905029297e+01
8.504155874252319336e-01,1.355337619781494141e+01
-1.370901823043823242e+00,1.835638999938964844e+01
1.530739545822143555e+00,2.106278610229492188e+01
1.579455375671386719e+00,2.229074859619140625e+01
1.345566749572753906e+00,1.410485744476318359e+01
2.240553617477416992e+00,2.208496475219726562e+01
5.208637237548828125e+00,1.655104064941406250e+01
2.112026929855346680e+00,2.214710998535156250e+01
1.600910902023315430e+00,2.207190322875976562e+01
1.194247722625732422e+00,1.195543098449707031e+01
2.197879105806350708e-01,2.107119369506835938e+01
1.671035289764404297e+00,1.738938140869140625e+01
1.779962301254272461e+00,1.777059173583984375e+01
-5.634241104125976562e-01,5.282854557037353516e+00
1.294794529676437378e-01,9.225729942321777344e+00
1.439752340316772461e+00,2.212572288513183594e+01
2.113795429468154907e-01,2.053027153015136719e+01
3.313058614730834961e+00,2.143083000183105469e+01
1.697633266448974609e+00,2.138626289367675781e+01
5.160150527954101562e-01,2.218736457824707031e+01
2.420176714658737183e-01,1.207530498504638672e+01
-2.603563964366912842e-01,1.777758407592773438e+01
1.571085333824157715e+00,9.208673477172851562e+00
-2.058307975530624390e-01,1.070876502990722656e+01
1.650955677032470703e+00,2.226267623901367188e+01
2.201946496963500977e+00,2.112051582336425781e+01
1.429094910621643066e+00,1.672687339782714844e+01
9.711206555366516113e-01,2.229441833496093750e+01
1.517574548721313477e+00,2.190112304687500000e+01
2.563572168350219727e+00,2.179414176940917969e+01
2.392842769622802734e+00,2.211206817626953125e+01
2.177095651626586914e+00,2.188703346252441406e+01
-1.672655582427978516e+00,1.630928039550781250e+01
2.490689516067504883e+00,2.178240203857421875e+01
2.375710964202880859e+00,2.160725784301757812e+01
7.282092571258544922e-01,2.174118804931640625e+01
2.847424745559692383e+00,2.089511108398437500e+01
2.008762359619140625e+00,2.209014129638671875e+01
2.612925767898559570e+00,2.033028221130371094e+01
-3.628149330615997314e-01,7.307011127471923828e+00
2.686826467514038086e+00,1.459882831573486328e+01
1.153777122497558594e+00,2.178457832336425781e+01
4.880298078060150146e-01,2.205642700195312500e+01
1.265229463577270508e+00,2.183206939697265625e+01
9.667947888374328613e-01,1.258141613006591797e+01
1.661032795906066895e+00,1.961236953735351562e+01
3.244642972946166992e+00,2.095175361633300781e+01
4.645116627216339111e-01,2.138801193237304688e+01
-8.740401864051818848e-01,1.069354629516601562e+01
2.251318454742431641e+00,1.639686393737792969e+01
2.193383127450942993e-01,2.111227035522460938e+01
2.552338123321533203e+00,2.034261894226074219e+01
1.380737304687500000e+00,1.888574981689453125e+01
2.402057170867919922e+00,2.207739257812500000e+01
1.739486306905746460e-01,9.860171318054199219e+00
2.449951410293579102e+00,1.777414321899414062e+01
-3.622377216815948486e-01,9.075381278991699219e+00
2.227624207735061646e-01,1.612572097778320312e+01
3.349960803985595703e+00,2.059842872619628906e+01
2.492067217826843262e-01,6.952094554901123047e+00
2.220096737146377563e-01,2.204205894470214844e+01
1.987987399101257324e+00,1.970765686035156250e+01
2.836080491542816162e-01,2.092094039916992188e+01
8.121837861835956573e-03,1.229177188873291016e+01
1.174658164381980896e-01,6.432078838348388672e+00
1.331116795539855957e+00,2.192515373229980469e+01
3.314212083816528320e+00,1.570096683502197266e+01
1.694123148918151855e+00,2.219806671142578125e+01
9.846727848052978516e-01,2.216218948364257812e+01
2.246165037155151367e+00,2.167049789428710938e+01
1.007957220077514648e+00,2.238410568237304688e+01
1.518945932388305664e+00,1.742130661010742188e+01
-1.318343877792358398e+00,1.446069335937500000e+01
1.261541604995727539e+00,2.115684318542480469e+01
-1.056051626801490784e-01,9.503846168518066406e+00
1.732316017150878906e+00,-2.057938337326049805e+00
3.557837486267089844e+00,2.072121620178222656e+01
-8.546621799468994141e-01,2.042902374267578125e+01
1.427999019622802734e+00,2.169702529907226562e+01
1.535787820816040039e+00,1.584856224060058594e+01
1.072034239768981934e+00,1.803252220153808594e+01
2.285689592361450195e+00,1.936636924743652344e+01
5.527575016021728516e-01,2.038842201232910156e+01
-1.756452023983001709e-01,1.138228607177734375e+01
1.498647212982177734e+00,2.175562286376953125e+01
2.627870798110961914e+00,2.171107292175292969e+01
2.927230834960937500e+00,2.177640151977539062e+01
1.724900007247924805e+00,1.630302047729492188e+01
2.336516380310058594e+00,2.193138885498046875e+01
4.449244499206542969e+00,1.821337318420410156e+01
3.127585172653198242e+00,2.148416900634765625e+01
2.427344560623168945e+00,2.209796524047851562e+01
-9.311134368181228638e-02,1.112486171722412109e+01
2.758520126342773438e+00,1.656405258178710938e+01
6.963878870010375977e-01,2.200871658325195312e+01
2.902195155620574951e-01,2.178821945190429688e+01
-3.163911402225494385e-01,2.080480575561523438e+01
1.363427877426147461e+00,1.722060394287109375e+01
4.291013479232788086e-01,8.938213348388671875e+00
3.286138296127319336e+00,1.963070869445800781e+01
1.371618032455444336e+00,2.241413116455078125e+01
8.602840900421142578e-01,1.762548446655273438e+01
8.884183317422866821e-02,4.216369152069091797e+00
1.373704195022583008e+00,1.649100303649902344e+01
-2.553980052471160889e-01,2.100379943847656250e+01
2.211664438247680664e+00,2.193926239013671875e+01
2.801109790802001953e+00,2.120705223083496094e+01
6.034427285194396973e-01,2.079283905029296875e+01
2.924017667770385742e+00,2.140262985229492188e+01
4.667150080204010010e-01,1.534696292877197266e+01
1.821622014045715332e+00,9.915203094482421875e+00
2.317255258560180664e+00,1.882938957214355469e+01
1.680679082870483398e+00,2.183731079101562500e+01
1.435926705598831177e-01,9.102768898010253906e+00
7.368035912513732910e-01,2.183100318908691406e+01
2.052707910537719727e+00,1.495054912567138672e+01
2.659434556961059570e+00,2.150191497802734375e+01
2.375312566757202148e+00,1.418046760559082031e+01
1.909262180328369141e+00,1.478136730194091797e+01
1.242689371109008789e+00,2.216622352600097656e+01
2.717914342880249023e+00,1.940973281860351562e+01
2.608719766139984131e-01,2.128182983398437500e+01
9.240916371345520020e-01,2.178250503540039062e+01
7.847095131874084473e-01,1.308257865905761719e+01
3.789104893803596497e-02,1.028575897216796875e+01
2.329900979995727539e+00,1.917539596557617188e+01
2.847262620925903320e+00,2.173835182189941406e+01
3.082393407821655273e+00,2.125051879882812500e+01
2.263468503952026367e+00,2.228755187988281250e+01
1.421274423599243164e+00,2.172895240783691406e+01
3.034465312957763672e+00,1.821737670898437500e+01
8.670775294303894043e-01,4.941344738006591797e+00
2.787086665630340576e-01,2.192259025573730469e+01
-1.387175172567367554e-01,1.055899715423583984e+01
4.816494882106781006e-01,1.194006824493408203e+01
1.128752589225769043e+00,2.209164619445800781e+01
1.619580268859863281e+00,2.220554542541503906e+01
8.251737952232360840e-01,1.521950054168701172e+01
2.767351150512695312e+00,2.168391036987304688e+01
2.899697065353393555e+00,2.133751296997070312e+01
1.828983068466186523e+00,2.221779441833496094e+01
-3.758554160594940186e-01,8.628108024597167969e+00
1.749410182237625122e-01,2.162090301513671875e+01
2.600175619125366211e+00,2.161136245727539062e+01
5.438202023506164551e-01,1.595294284820556641e+01
1.313225984573364258e+00,2.197813987731933594e+01
3.004202604293823242e+00,2.168115234375000000e+01
1.443726181983947754e+00,2.225069427490234375e+01
3.913005590438842773e+00,2.038958168029785156e+01
1.181073784828186035e+00,2.233181571960449219e+01
8.331088423728942871e-01,1.295892620086669922e+01
8.555157184600830078e-01,1.525017547607421875e+01
2.861726045608520508e+00,2.166055488586425781e+01
2.512732267379760742e+00,2.186823272705078125e+01
-2.585195004940032959e-02,4.860767364501953125e+00
7.342141121625900269e-02,1.156540393829345703e+01
2.677861452102661133e+00,2.170415496826171875e+01
2.599513292312622070e+00,1.450837230682373047e+01
-8.973745256662368774e-02,1.942220306396484375e+01
2.691479444503784180e+00,2.162656593322753906e+01
3.068195581436157227e+00,2.081273651123046875e+01
3.694135844707489014e-01,1.257142543792724609e+01
4.121192932128906250e+00,1.982632827758789062e+01
2.611606121063232422e+00,2.179652214050292969e+01
1.109903216361999512e+00,2.212789916992187500e+01
-2.977685630321502686e-01,1.513182353973388672e+01
2.950302660465240479e-01,2.079097366333007812e+01
2.236636400222778320e+00,2.180982398986816406e+01
9.221997261047363281e-01,2.218353652954101562e+01
2.710932791233062744e-01,1.831484603881835938e+01
2.245008230209350586e+00,2.204850959777832031e+01
3.766239404678344727e+00,2.092406463623046875e+01
2.550010442733764648e+00,2.174238967895507812e+01
2.735080957412719727e+00,2.168699836730957031e+01
3.650676727294921875e+00,1.955463600158691406e+01
2.801278829574584961e+00,2.082318878173828125e+01
6.100795865058898926e-01,1.139500904083251953e+01
2.756703615188598633e+00,2.148908042907714844e+01
1.595219254493713379e+00,2.215269851684570312e+01
2.348500251770019531e+00,2.211063003540039062e+01
3.026709318161010742e+00,2.082191848754882812e+01
9.387792348861694336e-01,2.225123596191406250e+01
-9.469351917505264282e-02,1.260511207580566406e+01
5.757241249084472656e-01,8.804009437561035156e+00
-2.999453246593475342e-01,1.071119976043701172e+01
1.897520542144775391e+00,2.087751007080078125e+01
2.041105031967163086e+00,2.201063919067382812e+01
2.033409833908081055e+00,2.205984497070312500e+01
1.308084607124328613e+00,1.990328407287597656e+01
2.112886667251586914e+00,2.190739440917968750e+01
6.009734272956848145e-01,1.863514709472656250e+01
-1.065329790115356445e+00,8.386929512023925781e+00
-2.196831628680229187e-04,1.033373355865478516e+01
3.547573685646057129e-01,7.580117702484130859e+00
-2.164391130208969116e-01,2.151008796691894531e+01
1.308806419372558594e+00,2.212622070312500000e+01
1.631441712379455566e+00,2.089577484130859375e+01
6.952075958251953125e-01,1.631326293945312500e+01
-2.659561932086944580e-01,2.118952751159667969e+01
4.957228004932403564e-01,1.934443664550781250e+01
3.392836809158325195e+00,1.259232997894287109e+01
2.702219188213348389e-01,2.196227264404296875e+01
2.341349124908447266e+00,2.213636589050292969e+01
1.587160348892211914e+00,1.155913066864013672e+01
1.855648517608642578e+00,1.923585891723632812e+01
1.004223942756652832e+00,2.229914093017578125e+01
2.426858901977539062e+00,2.180861473083496094e+01
1.198813542723655701e-01,1.824604225158691406e+01
2.696964979171752930e+00,2.190090942382812500e+01
1.045839428901672363e+00,2.215228271484375000e+01
3.209910154342651367e+00,2.006831359863281250e+01
2.278421163558959961e+00,2.100921821594238281e+01
1.411437749862670898e+00,1.569497776031494141e+01
2.359180450439453125e+00,2.193254470825195312e+01
-3.539602272212505341e-03,2.173422431945800781e+01
3.333251953125000000e+00,2.033860397338867188e+01
1.364117383956909180e+00,2.148074340820312500e+01
1.238320946693420410e+00,1.149805927276611328e+01
1.295843124389648438e+00,2.243395233154296875e+01
2.519414424896240234e+00,2.201160812377929688e+01
1.621544122695922852e+00,1.941319274902343750e+01
1.354777365922927856e-01,2.009352111816406250e+01
1.689388230443000793e-02,1.321105122566223145e+00
3.131977558135986328e+00,2.151492500305175781e+01
2.437764883041381836e+00,2.172415161132812500e+01
1.418939828872680664e+00,1.323460865020751953e+01
1.881531000137329102e+00,1.875985527038574219e+01
9.204025864601135254e-01,1.456561851501464844e+01
1.187328025698661804e-01,1.306238842010498047e+01
-1.015860438346862793e+00,1.962603759765625000e+01
7.531384825706481934e-01,1.347383594512939453e+01
2.662684440612792969e+00,1.009926223754882812e+01
2.693875789642333984e+00,2.036577606201171875e+01
1.143315553665161133e+00,2.177383041381835938e+01
-4.966754019260406494e-01,1.635029983520507812e+01
2.474298238754272461e+00,2.201751136779785156e+01
9.029976129531860352e-01,1.816857528686523438e+01
2.327204227447509766e+00,2.086271667480468750e+01
1.048048257827758789e+00,2.044554138183593750e+01
-6.771661639213562012e-01,1.772233009338378906e+01
8.302226662635803223e-01,2.245733642578125000e+01
2.259197235107421875e+00,2.053196907043457031e+01
1.419239521026611328e+00,-2.028541088104248047e+00
2.632687568664550781e+00,2.097765350341796875e+01
6.720897555351257324e-01,1.484710025787353516e+01
4.735420644283294678e-01,1.600907516479492188e+01
5.839104652404785156e-01,1.425073146820068359e+01
1.133461475372314453e+00,2.115147018432617188e+01
-6.201341375708580017e-02,8.315468788146972656e+00
1.332127094268798828e+00,1.980765342712402344e+01
3.198415338993072510e-01,1.957654380798339844e+01
2.879612684249877930e+00,2.163604354858398438e+01
2.570848226547241211e+00,2.101400566101074219e+01
3.331122159957885742e+00,2.105841255187988281e+01
4.050337791442871094e+00,1.997056198120117188e+01
2.694195985794067383e+00,2.178175354003906250e+01
8.194820880889892578e-01,1.109958744049072266e+01
4.059622287750244141e+00,1.314068889617919922e+01
6.637293100357055664e-01,-2.717500209808349609e+00
3.085711896419525146e-01,2.132507514953613281e+01
1.183312416076660156e+00,1.667959213256835938e+01
8.655335754156112671e-02,2.146350669860839844e+01
1.696422100067138672e+00,1.751649284362792969e+01
-2.057751566171646118e-01,8.382925987243652344e+00
5.746061205863952637e-01,1.262509727478027344e+01
3.828248739242553711e+00,2.031646728515625000e+01
2.895314931869506836e+00,2.172631072998046875e+01
4.769133627414703369e-01,1.081246852874755859e+01
2.961414337158203125e+00,2.070811843872070312e+01
1.488271594047546387e+00,2.215944480895996094e+01
1.620292186737060547e+00,2.149706649780273438e+01
3.546953916549682617e+00,2.049345016479492188e+01
5.946989730000495911e-02,2.193461608886718750e+01
1.524495720863342285e+00,2.090327644348144531e+01
2.249810695648193359e+00,2.177567100524902344e+01
-5.685102343559265137e-01,7.868111133575439453e+00
4.743411242961883545e-01,1.883094215393066406e+01
9.150450229644775391e-01,2.195787429809570312e+01
2.805192470550537109e+00,2.182868194580078125e+01
2.286632776260375977e+00,2.126359176635742188e+01
1.812357425689697266e+00,2.216981315612792969e+01
5.707206726074218750e-01,1.166465663909912109e+01
2.374629735946655273e+00,2.190686225891113281e+01
2.902055025100708008e+00,2.158092117309570312e+01
5.491064190864562988e-01,2.171743774414062500e+01
-2.944779694080352783e-01,1.677477455139160156e+01
4.604360759258270264e-01,2.064672851562500000e+01
5.083563327789306641e-01,9.133325576782226562e+00
-3.308280110359191895e-01,1.067051410675048828e+01
8.761833310127258301e-01,2.174818420410156250e+01
6.341333985328674316e-01,2.181055641174316406e+01
-1.088796481490135193e-01,4.987132549285888672e+00
3.386637687683105469e+00,2.106668472290039062e+01
8.156239241361618042e-02,1.234035873413085938e+01
1.801714539527893066e+00,2.110640335083007812e+01
1.991046309471130371e+00,2.192594909667968750e+01
9.742767214775085449e-01,2.029548263549804688e+01
3.102523386478424072e-01,2.107407379150390625e+01
-1.204039230942726135e-01,1.606970214843750000e+01
3.130493640899658203e+00,2.141584777832031250e+01
9.712963700294494629e-01,2.208292770385742188e+01
1.183416128158569336e+00,1.414930057525634766e+01
-1.085021018981933594e+00,1.655160140991210938e+01
3.152650594711303711e+00,2.107799720764160156e+01
4.445546567440032959e-01,1.734888076782226562e+01
3.131265401840209961e+00,2.148088073730468750e+01
5.566730499267578125e-01,1.361709880828857422e+01
3.913267374038696289e+00,2.004364204406738281e+01
2.445631980895996094e+00,2.056508636474609375e+01
-9.696285240352153778e-03,2.168586730957031250e+01
1.510751485824584961e+00,2.207743835449218750e+01
3.399626970291137695e+00,2.128273010253906250e+01
4.519580841064453125e+00,1.793324470520019531e+01
6.859296560287475586e-01,2.103718566894531250e+01
2.480190753936767578e+00,2.211134147644042969e+01
2.241939783096313477e+00,2.186752128601074219e+01
4.128583967685699463e-01,1.579907703399658203e+01
4.051085472106933594e+00,2.004927444458007812e+01
1.674734473228454590e+00,2.139594078063964844e+01
1.004767417907714844e+00,1.887585830688476562e+01
9.373068213462829590e-01,2.212220764160156250e+01
1.503720402717590332e+00,2.155483055114746094e+01
1.141431570053100586e+00,1.310938835144042969e+01
2.854865074157714844e+00,2.169855880737304688e+01
2.037846803665161133e+00,1.762098693847656250e+01
1.560038566589355469e+00,1.368623065948486328e+01
3.906255483627319336e+00,1.997839736938476562e+01
6.648263931274414062e-01,1.294637775421142578e+01
1.511600971221923828e+00,2.196787071228027344e+01
1.357617616653442383e+00,1.434064006805419922e+01
8.088514208793640137e-01,2.198499679565429688e+01
2.790472209453582764e-01,1.458916378021240234e+01
3.329208374023437500e+00,1.153248405456542969e+01
2.707123994827270508e+00,2.160263061523437500e+01
2.406139858067035675e-03,1.058178234100341797e+01
-6.034934520721435547e-01,1.965962219238281250e+01
3.319389104843139648e+00,2.120280838012695312e+01
2.773180961608886719e+00,9.944729804992675781e+00
1.037090301513671875e+00,1.625935935974121094e+01
5.700793266296386719e-01,1.489667034149169922e+01
1.226758956909179688e+00,1.643863868713378906e+01
2.749360561370849609e+00,1.857702636718750000e+01
6.539549827575683594e-01,1.586015033721923828e+01
5.412401556968688965e-01,1.623642730712890625e+01
2.171015024185180664e+00,2.212203598022460938e+01
1.584775447845458984e+00,1.203283786773681641e+01
1.613690376281738281e+00,2.230568122863769531e+01
1.983840942382812500e+00,1.925663566589355469e+01
3.090435504913330078e+00,2.136648178100585938e+01
4.578102111816406250e+00,1.718805313110351562e+01
2.065673351287841797e+00,1.554943752288818359e+01
9.363324642181396484e-01,2.123788833618164062e+01
3.294011354446411133e+00,2.109240150451660156e+01
-5.066324472427368164e-01,1.700713348388671875e+01
8.874902725219726562e-01,1.985191345214843750e+01
3.023864328861236572e-01,1.715858459472656250e+01
-7.330379486083984375e-01,1.003076267242431641e+01
1.739667654037475586e+00,2.220950698852539062e+01
3.049788951873779297e+00,2.076337814331054688e+01
1.962471961975097656e+00,2.208606147766113281e+01
3.504467964172363281e+00,2.095068359375000000e+01
1.271037936210632324e+00,2.226393127441406250e+01
2.511616706848144531e+00,2.187164306640625000e+01
2.102615594863891602e+00,1.875582504272460938e+01
2.591870069503784180e+00,2.186167526245117188e+01
3.284250497817993164e+00,2.036487007141113281e+01
2.690513134002685547e+00,2.183035278320312500e+01
-1.640842080116271973e+00,1.843869018554687500e+01
4.674505293369293213e-01,2.127059936523437500e+01
9.176587462425231934e-01,2.105753326416015625e+01
8.901966214179992676e-01,2.186291122436523438e+01
2.064435005187988281e+00,2.197737884521484375e+01
1.285551786422729492e+00,1.895253372192382812e+01
3.171751737594604492e+00,2.111297607421875000e+01
5.953235030174255371e-01,9.900529861450195312e+00
-3.162319958209991455e-01,1.212988281250000000e+01
7.478682398796081543e-01,8.200139045715332031e+00
3.555920362472534180e+00,2.101217651367187500e+01
2.125251054763793945e+00,2.225670623779296875e+01
2.304423093795776367e+00,2.210436439514160156e+01
5.043746232986450195e-01,1.998934173583984375e+01
6.986798048019409180e-01,1.779905700683593750e+01
-8.530138731002807617e-01,5.502787113189697266e+00
5.755158662796020508e-01,1.374664974212646484e+01
9.304305315017700195e-01,2.224998474121093750e+01
2.764610290527343750e+00,2.164816665649414062e+01
9.836140871047973633e-01,-9.622974991798400879e-01
7.950939536094665527e-01,1.449723529815673828e+01
1.883876800537109375e+00,-1.510283112525939941e+00
-5.628238916397094727e-01,2.091732025146484375e+01
1.459323316812515259e-01,1.875958442687988281e+01
1.364692687988281250e+00,2.204538726806640625e+01
1.135960102081298828e+00,1.353142452239990234e+01
2.854665279388427734e+00,2.188246536254882812e+01
1.547458410263061523e+00,2.230241966247558594e+01
1.755275875329971313e-01,2.165875244140625000e+01
2.913497686386108398e+00,1.636693382263183594e+01
9.110191464424133301e-01,2.217376708984375000e+01
2.729331970214843750e+00,2.094688034057617188e+01
3.582774698734283447e-01,1.235925102233886719e+01
-1.707684844732284546e-01,1.533143615722656250e+01
6.855817437171936035e-01,1.139454650878906250e+01
2.184669256210327148e+00,2.215339660644531250e+01
1.776196002960205078e+00,2.207288742065429688e+01
1.896471500396728516e+00,9.273053169250488281e+00
1.313182830810546875e+00,2.232322883605957031e+01
2.543228864669799805e+00,2.193515014648437500e+01
-1.151399388909339905e-01,1.093181610107421875e+01
-3.770439326763153076e-01,2.149034500122070312e+01
-8.154226094484329224e-02,1.300253009796142578e+01
2.135191202163696289e+00,2.171585273742675781e+01
5.939676165580749512e-01,2.196339607238769531e+01
3.016652345657348633e+00,2.150667190551757812e+01
1.162055134773254395e+00,2.188019943237304688e+01
2.148735284805297852e+00,2.194876480102539062e+01
3.152965009212493896e-01,2.182091903686523438e+01
7.510808110237121582e-01,2.203479194641113281e+01
7.777943462133407593e-02,2.131069946289062500e+01
7.568731904029846191e-01,2.159658622741699219e+01
1.558973550796508789e+00,1.945355033874511719e+01
3.457146406173706055e+00,2.106846809387207031e+01
-2.318951934576034546e-01,2.021828079223632812e+01
2.924866676330566406e+00,1.680535697937011719e+01
7.177997827529907227e-01,1.704750633239746094e+01
2.778226613998413086e+00,2.121800041198730469e+01
-1.045411586761474609e+00,2.026585960388183594e+01
4.347961902618408203e+00,1.374839496612548828e+01
-3.752122446894645691e-02,1.530832767486572266e+01
1.604857325553894043e+00,2.167577362060546875e+01
1.720718383789062500e+00,1.920053100585937500e+01
-1.311944723129272461e+00,1.943304443359375000e+01
3.808764696121215820e+00,2.000419235229492188e+01
1.569826602935791016e+00,1.435039329528808594e+01
1.991754770278930664e+00,2.222327613830566406e+01
8.570650219917297363e-01,2.196356201171875000e+01
6.188883781433105469e-01,2.209908676147460938e+01
3.247684240341186523e+00,2.136246490478515625e+01
1.869408607482910156e+00,2.228701019287109375e+01
3.065549135208129883e+00,2.121926879882812500e+01
1.248125076293945312e+00,2.224769973754882812e+01
2.374006986618041992e+00,2.098848152160644531e+01
-1.488717198371887207e+00,1.675166320800781250e+01
6.256198883056640625e-01,9.798401832580566406e+00
1.002003774046897888e-01,1.042980861663818359e+01
2.478306293487548828e+00,2.121096992492675781e+01
1.917521953582763672e+00,2.219668197631835938e+01
2.968803644180297852e+00,2.071204376220703125e+01
4.268979072570800781e+00,1.600249671936035156e+01
1.162687763571739197e-01,1.550747203826904297e+01
6.582840085029602051e-01,1.155225563049316406e+01
-3.024698793888092041e-01,1.923652648925781250e+01
1.204765081405639648e+00,1.914039993286132812e+01
1.089198589324951172e+00,1.234383296966552734e+01
3.315643548965454102e+00,1.498041820526123047e+01
2.027643680572509766e+00,2.010153961181640625e+01
1.279637098312377930e+00,1.960689926147460938e+01
-5.208370685577392578e-01,1.210986900329589844e+01
6.322615146636962891e-01,1.227288532257080078e+01
1.258251667022705078e+00,1.805955505371093750e+01
7.901770472526550293e-01,1.669894790649414062e+01
2.599102258682250977e+00,2.193924713134765625e+01
3.295061290264129639e-01,2.183663177490234375e+01
6.127366423606872559e-01,2.211030578613281250e+01
7.773465514183044434e-01,1.913476562500000000e+01
1.732236623764038086e+00,2.115552330017089844e+01
1.893424987792968750e+00,2.126281738281250000e+01
-5.822976231575012207e-01,1.086801815032958984e+01
6.698512434959411621e-01,2.071899795532226562e+01
1.342442274093627930e+00,1.851702690124511719e+01
4.469118416309356689e-01,1.316889572143554688e+01
2.785867214202880859e+00,2.177606964111328125e+01
1.164649128913879395e+00,2.158511924743652344e+01
6.611349433660507202e-02,9.314295768737792969e+00
2.528165102005004883e+00,2.207539176940917969e+01
2.604839563369750977e+00,5.445585727691650391e+00
5.729695037007331848e-02,1.846574020385742188e+01
3.069658517837524414e+00,2.146160316467285156e+01
6.350511908531188965e-01,2.217779159545898438e+01
1.199843525886535645e+00,2.233211135864257812e+01
2.733329296112060547e+00,2.097150039672851562e+01
1.386787652969360352e+00,-1.622289180755615234e+00
4.536370277404785156e+00,1.717085647583007812e+01
2.426274776458740234e+00,2.200488281250000000e+01
2.129674673080444336e+00,1.525537395477294922e+01
3.097151041030883789e+00,1.588501358032226562e+01
-5.216382071375846863e-02,2.140792846679687500e+01
3.232994079589843750e+00,2.024752807617187500e+01
2.766344785690307617e+00,2.167731857299804688e+01
7.272564172744750977e-01,7.371386051177978516e+00
5.564000084996223450e-02,1.809993362426757812e+01
-3.710812032222747803e-01,5.508983135223388672e+00
2.199948072433471680e+00,2.207262802124023438e+01
1.808907270431518555e+00,1.916453170776367188e+01
2.336392402648925781e+00,2.201124191284179688e+01
1.684682518243789673e-01,2.086958694458007812e+01
3.771256506443023682e-01,1.284651279449462891e+01
3.189783334732055664e+00,2.110030746459960938e+01
3.903918564319610596e-01,2.055018043518066406e+01
-5.385321378707885742e-01,6.932463169097900391e+00
1.010799884796142578e+00,2.150414085388183594e+01
6.923816800117492676e-01,2.211396217346191406e+01
2.017512083053588867e+00,2.189653968811035156e+01
3.413006067276000977e+00,2.103510284423828125e+01
1.394887208938598633e+00,2.228947257995605469e+01
-4.029779732227325439e-01,1.929483222961425781e+01
2.105826139450073242e+00,1.731390190124511719e+01
2.790290117263793945e+00,2.153479194641113281e+01
6.087701320648193359e-01,1.538860702514648438e+01
3.679413080215454102e+00,2.007372093200683594e+01
1.187523841857910156e+00,1.170153236389160156e+01
5.538392066955566406e-01,2.216962432861328125e+01
2.440104722976684570e+00,2.204582786560058594e+01
1.004875183105468750e+00,1.498269939422607422e+01
1.835140943527221680e+00,2.207186508178710938e+01
3.146298646926879883e+00,1.949201583862304688e+01
3.771401941776275635e-01,2.191352462768554688e+01
1.377034425735473633e+00,-1.533236145973205566e+00
2.171016216278076172e+00,2.177934837341308594e+01
1.288485765457153320e+00,2.210005569458007812e+01
7.012010216712951660e-01,2.227415847778320312e+01
1.087116956710815430e+00,2.208029174804687500e+01
1.838544607162475586e+00,2.190402030944824219e+01
1.843704462051391602e+00,2.211323928833007812e+01
1.892904758453369141e+00,2.225222015380859375e+01
1.431822538375854492e+00,2.176819038391113281e+01
1.541151553392410278e-01,9.365614891052246094e+00
2.953651905059814453e+00,2.131320571899414062e+01
-6.710488796234130859e-01,7.377082824707031250e+00
1.048507452011108398e+00,2.059226417541503906e+01
-7.444071769714355469e-01,1.205992126464843750e+01
8.516975641250610352e-01,1.634867095947265625e+01
1.980246186256408691e+00,1.795309638977050781e+01
2.499880790710449219e+00,2.177733993530273438e+01
1.771662473678588867e+00,2.203745269775390625e+01
3.578390181064605713e-01,2.211584472656250000e+01
7.057855725288391113e-01,1.481918525695800781e+01
8.745178580284118652e-01,1.987257766723632812e+01
6.501061320304870605e-01,1.353852462768554688e+01
1.540646076202392578e+00,2.149937438964843750e+01
2.869202613830566406e+00,2.163774871826171875e+01
-1.747929304838180542e-01,2.134126472473144531e+01
-9.461928158998489380e-02,5.062272548675537109e+00
4.903359115123748779e-01,2.109351921081542969e+01
2.130616188049316406e+00,8.210056304931640625e+00
1.572198629379272461e+00,2.150244140625000000e+01
2.377576977014541626e-01,1.130630970001220703e+01
6.350519657135009766e-01,2.136153411865234375e+01
-9.682573080062866211e-01,1.801793098449707031e+01
2.306695654988288879e-02,1.468573093414306641e+01
1.250613689422607422e+00,2.202069091796875000e+01
9.422932863235473633e-01,2.208188056945800781e+01
-6.914715766906738281e-01,1.763790893554687500e+01
1.900359869003295898e+00,1.952194786071777344e+01
2.334908246994018555e+00,2.194096374511718750e+01
8.581308722496032715e-01,2.160043334960937500e+01
2.106161788105964661e-02,2.199781417846679688e+01
-3.471795618534088135e-01,7.514363765716552734e+00
1.189581513404846191e+00,2.189913940429687500e+01
1.838314086198806763e-01,1.913660049438476562e+01
1.838445544242858887e+00,2.183304977416992188e+01
9.715374112129211426e-01,1.216551685333251953e+01
-1.241172626614570618e-01,1.309735584259033203e+01
3.443463087081909180e+00,2.102811431884765625e+01
1.441337466239929199e+00,2.213360214233398438e+01
2.111406326293945312e+00,2.208429527282714844e+01
1.075929880142211914e+00,2.202876663208007812e+01
1.691601395606994629e+00,1.122399806976318359e+01
7.909055352210998535e-01,1.765721321105957031e+01
-1.860031336545944214e-01,1.187456035614013672e+01
3.475171029567718506e-01,1.660665893554687500e+01
2.364730834960937500e+00,2.202000427246093750e+01
2.225939273834228516e+00,2.103029251098632812e+01
3.454950749874114990e-01,-2.710477590560913086e+00
-2.364117056131362915e-01,1.109642696380615234e+01
2.485309123992919922e+00,2.179758453369140625e+01
2.338637113571166992e+00,1.552396869659423828e+01
-3.524403274059295654e-01,8.696266174316406250e+00
3.274512767791748047e+00,2.083849716186523438e+01
7.198454737663269043e-01,2.207878303527832031e+01
1.021939039230346680e+00,2.221337890625000000e+01
-4.895362555980682373e-01,2.027241897583007812e+01
2.751881122589111328e+00,2.132446098327636719e+01
-4.724301993846893311e-01,1.605758285522460938e+01
3.239486217498779297e+00,1.696953392028808594e+01
3.651335716247558594e+00,1.957575607299804688e+01
-3.551698848605155945e-02,1.083407592773437500e+01
9.219699501991271973e-01,2.163258743286132812e+01
4.173523426055908203e+00,2.000982093811035156e+01
2.311005741357803345e-01,2.164027786254882812e+01
8.160181641578674316e-01,2.209036254882812500e+01
1.854624390602111816e+00,1.352307796478271484e+01
2.043142318725585938e+00,2.227511596679687500e+01
9.826129078865051270e-01,2.178539276123046875e+01
1.721886873245239258e+00,1.981476593017578125e+01
9.432204365730285645e-01,1.862322235107421875e+01
2.283704280853271484e+00,2.165738677978515625e+01
1.825383901596069336e+00,1.680751800537109375e+01
2.567565441131591797e-01,8.684166908264160156e+00
-1.902225464582443237e-01,1.351565265655517578e+01
1.210925340652465820e+00,2.238753128051757812e+01
1.178704667836427689e-02,1.167784595489501953e+01
1.163282275199890137e+00,2.233732986450195312e+01
1.787436008453369141e+00,2.224626541137695312e+01
1.584800481796264648e+00,2.147554779052734375e+01
4.408716678619384766e+00,1.918089294433593750e+01
8.820452541112899780e-02,1.106894016265869141e+01
4.756531417369842529e-01,1.706565856933593750e+01
1.164116382598876953e+00,2.228241157531738281e+01
2.658249139785766602e+00,2.171295547485351562e+01
2.752383232116699219e+00,2.105956077575683594e+01
1.675951242446899414e+00,2.210837554931640625e+01
2.042212009429931641e+00,2.041491317749023438e+01
1.768965125083923340e+00,2.171683120727539062e+01
1.813222408294677734e+00,1.646685409545898438e+01
1.917134046554565430e+00,1.990889739990234375e+01
1.812999248504638672e+00,2.005262374877929688e+01
-4.532252252101898193e-01,1.775903701782226562e+01
3.590718507766723633e+00,2.058674812316894531e+01
1.038005352020263672e+00,1.518993186950683594e+01
3.059858083724975586e+00,1.794206142425537109e+00
1.861603260040283203e+00,2.066937255859375000e+01
2.651366591453552246e-01,9.763569831848144531e+00
1.287304520606994629e+00,1.224079418182373047e+01
6.617950797080993652e-01,2.171814346313476562e+01
-2.073617696762084961e+00,1.538983631134033203e+01
2.116029024124145508e+00,1.318210220336914062e+01
2.490729570388793945e+00,2.190646743774414062e+01
-9.618607759475708008e-01,1.566831874847412109e+01
-6.785274744033813477e-01,8.238057136535644531e+00
1.054484128952026367e+00,2.200969696044921875e+01
1.442262828350067139e-01,4.351114749908447266e+00
1.534535050392150879e+00,2.218373680114746094e+01
1.085739061236381531e-01,8.838767051696777344e+00
1.796328902244567871e+00,2.225841140747070312e+01
1.248199939727783203e+00,1.435431194305419922e+01
-5.078753232955932617e-01,6.400762081146240234e+00
-2.101078480482101440e-01,1.591582489013671875e+01
2.228690862655639648e+00,1.645674896240234375e+01
1.302929401397705078e+00,2.219788360595703125e+01
2.077580928802490234e+00,2.231415367126464844e+01
3.141772031784057617e+00,1.382638168334960938e+01
5.090712308883666992e-01,2.188911437988281250e+01
1.802742242813110352e+00,1.474201488494873047e+01
1.243476495146751404e-01,1.605461502075195312e+01
-4.296298623085021973e-01,8.722393989562988281e+00
5.187929868698120117e-01,1.451217842102050781e+01
1.933637738227844238e+00,2.207772064208984375e+01
-8.560278415679931641e-01,1.789419555664062500e+01
-2.015440911054611206e-01,1.929052734375000000e+01
8.471782207489013672e-01,1.185468387603759766e+01
2.801263570785522461e+00,2.173339080810546875e+01
2.278241395950317383e+00,2.034329605102539062e+01
1.952597618103027344e+00,2.069985198974609375e+01
3.073086261749267578e+00,2.055532264709472656e+01
2.275990962982177734e+00,2.090645790100097656e+01
3.481036126613616943e-01,1.886887359619140625e+01
6.681831479072570801e-01,2.104736900329589844e+01
2.885439991950988770e-02,5.815024375915527344e+00
2.007804065942764282e-01,1.156885910034179688e+01
6.571474671363830566e-01,1.273524188995361328e+01
2.801188230514526367e+00,2.178332901000976562e+01
5.962045863270759583e-02,9.164346694946289062e+00
3.254781961441040039e+00,1.469261264801025391e+01
-6.960784792900085449e-01,2.021240043640136719e+01
2.235755205154418945e+00,2.202930068969726562e+01
2.477026700973510742e+00,1.830745697021484375e+01
1.404349207878112793e+00,1.921135139465332031e+01
1.312767744064331055e+00,2.231264114379882812e+01
2.560337305068969727e+00,2.144436645507812500e+01
2.445629835128784180e+00,2.179444503784179688e+01
2.830290079116821289e+00,1.725345993041992188e+01
1.500416517257690430e+00,1.553356266021728516e+01
1.754911541938781738e+00,2.186425399780273438e+01
5.752414464950561523e-01,2.221651077270507812e+01
9.101327657699584961e-01,1.389115428924560547e+01
3.229010343551635742e+00,2.004440879821777344e+01
1.338011741638183594e+00,2.224790000915527344e+01
1.429416656494140625e+00,2.222624015808105469e+01
8.821568489074707031e-01,1.549782085418701172e+01
2.833247661590576172e+00,2.123821258544921875e+01
-9.345980286598205566e-01,8.286189079284667969e+00
-2.580231130123138428e-01,1.531738185882568359e+01
3.029654264450073242e+00,2.137738037109375000e+01
1.033824205398559570e+00,2.220439910888671875e+01
2.012899369001388550e-01,9.331621170043945312e+00
2.587251901626586914e+00,2.160447502136230469e+01
2.741144597530364990e-01,2.163779258728027344e+01
1.540091514587402344e+00,1.966052055358886719e+01
-4.655860662460327148e-01,1.105388641357421875e+01
1.485126495361328125e+00,1.061527633666992188e+01
1.006204605102539062e+00,1.358428955078125000e+01
-1.146085932850837708e-01,8.873902320861816406e+00
3.909900426864624023e+00,1.956331253051757812e+01
4.710784256458282471e-01,2.170259094238281250e+01
2.557689428329467773e+00,2.186882019042968750e+01
1.524065732955932617e+00,2.181865692138671875e+01
3.926539659500122070e+00,2.001805496215820312e+01
8.114157319068908691e-01,2.086002731323242188e+01
1.208278417587280273e+00,1.507411479949951172e+01
2.288434505462646484e+00,1.666893386840820312e+01
1.162554025650024414e+00,1.451704502105712891e+01
2.843490362167358398e+00,2.176558494567871094e+01
1.260801553726196289e+00,2.204206466674804688e+01
1.702583312988281250e+00,2.221152496337890625e+01
3.728445053100585938e+00,2.032697868347167969e+01
2.405046701431274414e+00,2.040746116638183594e+01
2.047856807708740234e+00,1.389353179931640625e+01
3.671359777450561523e+00,2.036117362976074219e+01
2.160389423370361328e+00,2.227249526977539062e+01
5.603874921798706055e-01,1.773896408081054688e+01
4.382228553295135498e-01,1.115081405639648438e+01
1.016075611114501953e+00,1.405488491058349609e+01
3.493074655532836914e+00,2.094240951538085938e+01
1.066868185997009277e+00,2.222520446777343750e+01
6.359373331069946289e-01,2.195366096496582031e+01
2.636880397796630859e+00,2.166227340698242188e+01
3.078851461410522461e+00,2.154234313964843750e+01
5.777739286422729492e-01,1.635489273071289062e+01
1.986134529113769531e+00,2.227106666564941406e+01
9.159391522407531738e-01,1.442299842834472656e+01
2.568866729736328125e+00,2.177698516845703125e+01
6.004197001457214355e-01,2.191345977783203125e+01
8.460127562284469604e-02,1.001276874542236328e+01
2.546406984329223633e+00,1.641964340209960938e+01
9.764015674591064453e-01,2.215249633789062500e+01
4.512632369995117188e+00,1.837886428833007812e+01
7.466902732849121094e-01,2.160350418090820312e+01
6.665420532226562500e-01,1.126965427398681641e+01
5.531442642211914062e+00,1.465022087097167969e+01
3.016713380813598633e+00,1.111378955841064453e+01
1.798710107803344727e+00,2.130627441406250000e+01
2.351066350936889648e+00,2.208819961547851562e+01
8.217901587486267090e-01,2.230219841003417969e+01
1.867081403732299805e+00,2.226748085021972656e+01
3.805313348770141602e+00,2.018095970153808594e+01
6.569944024085998535e-01,1.475804042816162109e+01
3.145953416824340820e+00,2.145566558837890625e+01
-1.372794359922409058e-01,1.258702850341796875e+01
2.551401138305664062e+00,2.179362487792968750e+01
2.045747995376586914e+00,2.191275405883789062e+01
1.761785268783569336e+00,2.221542167663574219e+01
3.130840301513671875e+00,2.161491203308105469e+01
3.704867362976074219e+00,2.039261245727539062e+01
1.908416390419006348e+00,2.195404815673828125e+01
1.561642885208129883e+00,1.672244453430175781e+01
1.305948734283447266e+00,2.068540954589843750e+01
1.944687366485595703e+00,2.215939712524414062e+01
1.378225326538085938e+00,2.110710144042968750e+01
1.985251426696777344e+00,2.207743644714355469e+01
2.725283384323120117e+00,2.172335052490234375e+01
2.092258691787719727e+00,2.205571174621582031e+01
2.808833837509155273e+00,2.124998855590820312e+01
4.301526069641113281e+00,7.533819675445556641e+00
9.488338232040405273e-01,1.385056972503662109e+01
9.034245014190673828e-01,2.184759140014648438e+01
2.381544589996337891e+00,1.235427856445312500e+01
2.107753992080688477e+00,1.208758163452148438e+01
2.071086406707763672e+00,2.205345153808593750e+01
1.028193116188049316e+00,1.925214004516601562e+01
3.850525617599487305e+00,1.989395523071289062e+01
-1.952926628291606903e-03,2.095693016052246094e+01
-2.815454900264739990e-01,2.067006301879882812e+01
2.322893381118774414e+00,2.183198928833007812e+01
1.663346052169799805e+00,1.572764778137207031e+01
2.945077657699584961e+00,2.149560737609863281e+01
-7.115504741668701172e-01,7.929608821868896484e+00
2.220157623291015625e+00,2.184055709838867188e+01
3.774425506591796875e+00,1.973134231567382812e+01
4.266778469085693359e+00,1.947954368591308594e+01
6.681102514266967773e-01,1.833026313781738281e+01
1.065365076065063477e+00,1.719329643249511719e+01
3.344756841659545898e+00,2.088457679748535156e+01
2.025299310684204102e+00,2.165097427368164062e+01
1.461242318153381348e+00,2.234822845458984375e+01
1.929208040237426758e+00,2.222616767883300781e+01
1.575083017349243164e+00,1.164882278442382812e+01
3.943138599395751953e+00,1.995420265197753906e+01
2.581082105636596680e+00,2.044250869750976562e+01
-7.321313768625259399e-02,1.220838260650634766e+01
2.625402212142944336e+00,1.857404708862304688e+01
5.727542638778686523e-01,8.435793876647949219e+00
8.887837529182434082e-01,1.419713306427001953e+01
2.767400979995727539e+00,2.183953857421875000e+01
1.826600790023803711e+00,2.185558509826660156e+01
1.999689459800720215e+00,2.219500350952148438e+01
8.331630229949951172e-01,1.142117595672607422e+01
1.100941658020019531e+00,1.489530849456787109e+01
-1.092435240745544434e+00,1.714814782142639160e+00
8.083839416503906250e-01,1.258524894714355469e+01
1.023855090141296387e+00,8.871434211730957031e+00
2.376772910356521606e-01,1.810513496398925781e+01
7.460703849792480469e-01,2.221698760986328125e+01
7.400669455528259277e-01,2.225994110107421875e+01
4.163110733032226562e+00,1.903648567199707031e+01
2.206128835678100586e+00,1.994914627075195312e+01
6.972746849060058594e-01,1.641488265991210938e+01
6.893174052238464355e-01,2.185456275939941406e+01
2.528911352157592773e+00,2.198968696594238281e+01
4.646880030632019043e-01,1.002611637115478516e+01
8.428227305412292480e-01,7.667809009552001953e+00
1.940300226211547852e+00,2.223585700988769531e+01
1.366130352020263672e+00,2.220123672485351562e+01
1.734307557344436646e-01,2.194083404541015625e+01
-2.291682809591293335e-01,7.893486022949218750e+00
3.480028390884399414e+00,2.107230186462402344e+01
-1.395050734281539917e-01,5.798037052154541016e+00
-2.825520560145378113e-02,2.136283874511718750e+01
-9.065286517143249512e-01,9.016268730163574219e+00
1.048799633979797363e+00,2.143483543395996094e+01
2.325757294893264771e-01,1.636217880249023438e+01
9.465782046318054199e-01,2.227692794799804688e+01
2.256995201110839844e+00,1.644860458374023438e+01
2.512678623199462891e+00,2.165421867370605469e+01
-3.742259144783020020e-01,9.318922042846679688e+00
9.950953125953674316e-01,2.201785659790039062e+01
2.010184675455093384e-01,1.338871288299560547e+01
9.019098281860351562e-01,1.534904575347900391e+01
9.675301313400268555e-01,1.618077659606933594e+01
9.847954511642456055e-01,1.274167346954345703e+01
1.944811344146728516e+00,1.969346618652343750e+01
2.955650568008422852e+00,2.022486114501953125e+01
1.958361119031906128e-01,9.270601272583007812e+00
-4.163945019245147705e-01,2.129152107238769531e+01
2.433109998703002930e+00,1.997752761840820312e+01
4.246221542358398438e+00,1.882380294799804688e+01
2.340214252471923828e+00,2.199218559265136719e+01
2.090877532958984375e+00,1.822747611999511719e+01
2.737191438674926758e+00,2.956627130508422852e+00
2.144716978073120117e+00,1.292876720428466797e+01
4.636311829090118408e-01,2.202719497680664062e+01
3.254635632038116455e-01,1.538124847412109375e+01
5.158155560493469238e-01,2.002154159545898438e+01
1.050595760345458984e+00,2.175056076049804688e+01
1.147796869277954102e+00,1.468750667572021484e+01
1.912561655044555664e+00,2.200727081298828125e+01
1.880276679992675781e+00,1.976708793640136719e+01
1.194505617022514343e-01,1.075940990447998047e+01
8.733526468276977539e-01,2.050966644287109375e+01
2.176545619964599609e+00,2.219445037841796875e+01
1.442790865898132324e+00,1.475120639801025391e+01
2.793355703353881836e+00,2.167813110351562500e+01
1.339277386665344238e+00,2.228951454162597656e+01
-7.257344126701354980e-01,1.788052368164062500e+01
3.299390077590942383e+00,1.901616096496582031e+01
-8.021606802940368652e-01,1.979445648193359375e+01
1.072162270545959473e+00,1.886478233337402344e+01
4.230123519897460938e+00,1.729837417602539062e+01
1.439473390579223633e+00,2.149088478088378906e+01
3.257183074951171875e+00,2.132925415039062500e+01
2.018850088119506836e+00,2.186776924133300781e+01
2.504239797592163086e+00,1.655904197692871094e+01
2.722609281539916992e+00,2.193398284912109375e+01
3.193638086318969727e+00,2.082572937011718750e+01
1.636931180953979492e+00,2.189065933227539062e+01
3.484695672988891602e+00,2.091052818298339844e+01
2.818048954010009766e+00,2.099893188476562500e+01
4.213009774684906006e-01,1.406924247741699219e+01
8.048402070999145508e-01,1.916685104370117188e+01
1.158456802368164062e+00,2.190192413330078125e+01
2.393940687179565430e+00,2.087138366699218750e+01
7.776419520378112793e-01,2.073549461364746094e+01
7.987739443778991699e-01,1.345455932617187500e+01
8.734253048896789551e-01,1.652928543090820312e+01
3.171210050582885742e+00,2.162217903137207031e+01
1.151240825653076172e+00,1.636532974243164062e+01
3.006541013717651367e+00,2.105615425109863281e+01
-2.397718280553817749e-01,1.685551071166992188e+01
1.272891759872436523e+00,1.560169124603271484e+01
1.950180649757385254e+00,2.211850357055664062e+01
3.802541494369506836e+00,1.685756301879882812e+01
1.444637417793273926e+00,1.595367145538330078e+01
3.613587319850921631e-01,1.910387802124023438e+01
9.967356175184249878e-02,1.905798912048339844e+00
3.578267097473144531e-01,6.726535797119140625e+00
1.252408474683761597e-01,1.045293140411376953e+01
3.518939256668090820e+00,2.118063735961914062e+01
8.413763642311096191e-01,2.128277969360351562e+01
-1.177330687642097473e-01,-1.170946717262268066e+00
3.031606912612915039e+00,2.141763305664062500e+01
9.356507062911987305e-01,7.119854450225830078e+00
3.995443582534790039e+00,1.877901649475097656e+01
1.676196098327636719e+00,1.754889297485351562e+01
1.066498756408691406e+00,1.225447177886962891e+01
3.647585630416870117e+00,1.869087219238281250e+01
1.175148844718933105e+00,2.173040771484375000e+01
8.927712440490722656e-01,1.378404235839843750e+01
6.783031821250915527e-01,2.023961448669433594e+01
2.417931556701660156e+00,2.189540100097656250e+01
3.783502817153930664e+00,1.494348335266113281e+01
1.203869223594665527e+00,1.790352630615234375e+01
1.211103916168212891e+00,1.953283500671386719e+01
2.209638357162475586e+00,2.212950134277343750e+01
7.019493579864501953e-01,1.142013454437255859e+01
1.629067212343215942e-01,1.734920120239257812e+01
1.339147835969924927e-01,1.880736923217773438e+01
2.724183797836303711e+00,1.779914474487304688e+01
2.626760482788085938e+00,2.197832870483398438e+01
2.193339020013809204e-01,9.546507835388183594e+00
1.460769176483154297e+00,2.166338157653808594e+01
4.036633297801017761e-02,6.307864665985107422e+00
2.799851417541503906e+00,2.167577171325683594e+01
9.213707447052001953e-01,2.115356254577636719e+01
3.692861080169677734e+00,2.074923706054687500e+01
2.059546470642089844e+00,1.886712646484375000e+01
2.337657213211059570e+00,2.201922225952148438e+01
9.275798201560974121e-01,1.367346286773681641e+01
2.800494134426116943e-01,1.334735774993896484e+01
1.004036664962768555e+00,2.211374664306640625e+01
1.218041658401489258e+00,2.195180511474609375e+01
-6.896746158599853516e-01,1.422235584259033203e+01
-4.006659090518951416e-01,1.957787704467773438e+01
-8.333393335342407227e-01,8.400835990905761719e+00
2.044639825820922852e+00,1.945252227783203125e+01
1.869081020355224609e+00,2.171840286254882812e+01
1.483858972787857056e-01,1.638538169860839844e+01
9.308879971504211426e-01,2.233369445800781250e+01
2.573355674743652344e+00,2.181730270385742188e+01
4.969447553157806396e-01,2.175435638427734375e+01
1.072127819061279297e+00,1.303442478179931641e+01
5.391507744789123535e-01,1.498407363891601562e+01
7.901201248168945312e-01,1.266218280792236328e+01
2.242895364761352539e+00,2.191407585144042969e+01
4.403719902038574219e+00,1.784282302856445312e+01
1.231006145477294922e+00,1.297439002990722656e+01
2.174297332763671875e+00,1.429393100738525391e+01
3.992286682128906250e+00,1.978495025634765625e+01
1.573461055755615234e+00,2.182680511474609375e+01
-1.492945384234189987e-02,2.101608276367187500e+01
4.683002531528472900e-01,1.258345508575439453e+01
1.440734267234802246e+00,2.205620002746582031e+01
6.496781110763549805e-01,1.473207950592041016e+01
1.491992712020874023e+00,2.223298645019531250e+01
2.167783498764038086e+00,2.056502151489257812e+01
2.153411865234375000e+00,2.137891387939453125e+01
1.458682537078857422e+00,2.197443008422851562e+01
1.725831270217895508e+00,2.236930656433105469e+01
2.540392160415649414e+00,2.049505233764648438e+01
1.884075045585632324e+00,2.225363159179687500e+01
-3.305129334330558777e-02,1.836853408813476562e+01
1.334268927574157715e+00,1.855490112304687500e+01
1.055604219436645508e+00,2.229028320312500000e+01
2.530895948410034180e+00,2.197525787353515625e+01
8.131121844053268433e-02,9.941309928894042969e+00
1.747730612754821777e+00,2.187797355651855469e+01
2.534179210662841797e+00,2.169773483276367188e+01
-5.441394448280334473e-01,8.115248680114746094e+00
3.152165174484252930e+00,2.113195610046386719e+01
1.262545704841613770e+00,2.224725914001464844e+01
2.678071260452270508e+00,1.843623352050781250e+01
2.897011041641235352e-01,1.188968563079833984e+01
8.102232813835144043e-01,1.843520355224609375e+01
1.523683905601501465e+00,2.230394744873046875e+01
2.104460716247558594e+00,2.216349792480468750e+01
2.373044490814208984e+00,2.198051071166992188e+01
1.649663209915161133e+00,2.218754386901855469e+01
2.458301305770874023e+00,2.187531280517578125e+01
4.258255958557128906e+00,1.828773117065429688e+01
2.753570318222045898e+00,2.179442596435546875e+01
-9.334071874618530273e-01,1.983336067199707031e+01
7.698190212249755859e-01,2.191997909545898438e+01
1.384583234786987305e+00,1.714003944396972656e+01
1.574906587600708008e+00,1.812515449523925781e+01
3.356092214584350586e+00,2.090361785888671875e+01
6.844401359558105469e-01,1.972315025329589844e+01
8.193356394767761230e-01,2.015105056762695312e+01
2.234852075576782227e+00,1.830570220947265625e+01
3.524886369705200195e+00,1.964549446105957031e+01
3.066814184188842773e+00,2.134863853454589844e+01
5.926944017410278320e-01,2.045610427856445312e+01
2.904518544673919678e-01,2.183408355712890625e+01
4.679870605468750000e+00,1.831168746948242188e+01
1.453663110733032227e+00,2.158629226684570312e+01
1.262762546539306641e+00,2.174766921997070312e+01
2.023669958114624023e+00,1.687660408020019531e+01
3.154927730560302734e+00,1.396838474273681641e+01
4.767274558544158936e-01,1.667540359497070312e+01
2.821794748306274414e+00,2.041480255126953125e+01
2.828778326511383057e-01,1.251459789276123047e+01
1.996371746063232422e+00,2.226618194580078125e+01
3.556460142135620117e+00,2.085786628723144531e+01
3.845246553421020508e+00,2.039391326904296875e+01
9.309421181678771973e-01,2.103818893432617188e+01
1.105279922485351562e+00,2.213579177856445312e+01
5.592164993286132812e-01,2.029613113403320312e+01
5.519463062286376953e+00,1.391744136810302734e+01
3.655605614185333252e-01,2.191944503784179688e+01
4.636785984039306641e-01,9.211961746215820312e+00
1.850709438323974609e+00,2.204326438903808594e+01
4.369232952594757080e-01,1.331008052825927734e+01
3.047094047069549561e-01,1.784213066101074219e+01
3.240422725677490234e+00,2.128555870056152344e+01
2.355713129043579102e+00,2.189682006835937500e+01
-3.191855847835540771e-01,2.055019760131835938e+01
1.510114908218383789e+00,2.222042846679687500e+01
4.191733896732330322e-01,1.694854736328125000e+01
2.537623643875122070e+00,2.062064552307128906e+01
5.361491441726684570e-01,2.155220413208007812e+01
1.358830213546752930e+00,2.176044845581054688e+01
1.381865859031677246e+00,2.156357192993164062e+01
2.034031227231025696e-02,1.312652969360351562e+01
2.446938037872314453e+00,2.167840957641601562e+01
7.193607091903686523e-01,2.159160995483398438e+01
3.959156572818756104e-01,1.498980808258056641e+01
1.296228051185607910e+00,1.567155647277832031e+01
-3.462620079517364502e-01,1.794962310791015625e+01
2.814183950424194336e+00,2.172589492797851562e+01
3.126092195510864258e+00,2.175512886047363281e+01
3.075070083141326904e-01,2.172062301635742188e+01
6.445989012718200684e-01,1.759816932678222656e+01
3.964795544743537903e-02,1.360662555694580078e+01
2.718227386474609375e+00,2.170961761474609375e+01
1.231232643127441406e+00,2.012261199951171875e+01
-1.557684987783432007e-01,1.801122856140136719e+01
-1.766995340585708618e-01,-2.566642045974731445e+00
3.174654006958007812e+00,2.137089157104492188e+01
1.018401607871055603e-01,1.908034133911132812e+01
3.194203853607177734e+00,1.550650787353515625e+01
2.598886966705322266e+00,2.166920280456542969e+01
6.426104158163070679e-02,2.173213195800781250e+01
2.868102788925170898e+00,2.177794265747070312e+01
4.159268438816070557e-01,2.123295593261718750e+01
2.817098140716552734e+00,2.148466491699218750e+01
1.252990484237670898e+00,1.412727642059326172e+01
1.727063417434692383e+00,2.171419334411621094e+01
1.005283594131469727e+00,9.838532447814941406e+00
-5.079950019717216492e-02,1.313751697540283203e+01
1.932593703269958496e+00,2.204950714111328125e+01
1.418240785598754883e+00,2.006511306762695312e+01
2.468481540679931641e+00,1.532339954376220703e+01
2.188223749399185181e-01,2.080629539489746094e+01
-5.441362857818603516e-01,1.380433940887451172e+01
5.696984529495239258e-01,1.708679008483886719e+01
6.747404336929321289e-01,2.188140678405761719e+01
-5.535618588328361511e-02,2.144818878173828125e+01
6.794651038944721222e-03,1.642408943176269531e+01
7.384402751922607422e-01,2.219099998474121094e+01
2.524467945098876953e+00,2.200189018249511719e+01
2.059828519821166992e+00,2.219788360595703125e+01
3.834687948226928711e+00,1.939113044738769531e+01
2.290180444717407227e+00,2.161689758300781250e+01
2.916815996170043945e+00,2.135144424438476562e+01
2.210879564285278320e+00,2.171260070800781250e+01
1.404501914978027344e+00,1.908901977539062500e+01
2.403364628553390503e-01,1.319580745697021484e+01
-3.873250186443328857e-01,1.701032066345214844e+01
3.160222530364990234e+00,1.983910942077636719e+01
4.635597229003906250e+00,1.752705955505371094e+01
1.098149299621582031e+00,1.988259887695312500e+01
-7.889511585235595703e-01,1.846903610229492188e+01
-3.689200580120086670e-01,1.678172874450683594e+01
6.798606514930725098e-01,1.228418445587158203e+01
3.358810901641845703e+00,2.159517860412597656e+01
-7.171167135238647461e-01,6.521652221679687500e+00
3.210091352462768555e+00,1.886406898498535156e+01
1.156422853469848633e+00,1.839752578735351562e+01
4.124427795410156250e+00,1.919933128356933594e+01
1.439136266708374023e+00,1.942661285400390625e+01
2.451112031936645508e+00,2.188193702697753906e+01
2.204343080520629883e+00,2.034565925598144531e+01
3.118733644485473633e+00,1.646652984619140625e+01
2.890946865081787109e+00,1.865008163452148438e+01
-7.442368865013122559e-01,1.990760612487792969e+01
2.649938344955444336e+00,2.107260131835937500e+01
-1.862198561429977417e-01,7.540430545806884766e+00
1.273670911788940430e+00,1.783658981323242188e+01
1.853716850280761719e+00,2.221316146850585938e+01
4.159840106964111328e+00,1.962698364257812500e+01
1.745498895645141602e+00,-2.160061836242675781e+00
-7.204778790473937988e-01,9.345737457275390625e+00
1.495295643806457520e+00,1.686475181579589844e+01
1.806253671646118164e+00,1.732900238037109375e+01
2.005864620208740234e+00,2.131331634521484375e+01
2.149595260620117188e+00,1.504215335845947266e+01
9.533759951591491699e-01,1.267260837554931641e+01
2.699251413345336914e+00,2.171986770629882812e+01
7.780948877334594727e-01,1.560527324676513672e+01
3.273941755294799805e+00,2.122768783569335938e+01
2.819908857345581055e+00,2.174011611938476562e+01
1.717923760414123535e+00,1.784625625610351562e+01
2.402900934219360352e+00,2.124821472167968750e+01
9.361959695816040039e-01,2.171686744689941406e+01
-3.510433733463287354e-01,5.817374706268310547e+00
1.096015453338623047e+00,1.690526580810546875e+01
3.202404022216796875e+00,2.107858276367187500e+01
1.825810909271240234e+00,2.030961227416992188e+01
2.163107633590698242e+00,1.687797164916992188e+01
3.186089277267456055e+00,2.082323837280273438e+01
1.745781540870666504e+00,2.106996345520019531e+01
-3.185702860355377197e-01,8.930145263671875000e+00
-6.575632691383361816e-01,2.097948455810546875e+01
1.126997470855712891e+00,2.068936920166015625e+01
1.762123346328735352e+00,1.984778785705566406e+01
4.470975697040557861e-01,1.879908370971679688e+01
1.613564044237136841e-01,7.589001178741455078e+00
2.112282752990722656e+00,2.040368652343750000e+01
2.722229242324829102e+00,2.167860603332519531e+01
1.016030073165893555e+00,2.235864257812500000e+01
1.369528770446777344e+00,2.213107681274414062e+01
1.046414852142333984e+00,1.991802978515625000e+01
2.473742514848709106e-01,2.191261482238769531e+01
1.367298245429992676e+00,2.125635910034179688e+01
6.820493936538696289e-01,2.222995185852050781e+01
3.317865848541259766e+00,2.130628013610839844e+01
6.012639403343200684e-01,2.205331039428710938e+01
3.219481706619262695e+00,2.103851890563964844e+01
-8.551523834466934204e-02,2.173799896240234375e+01
9.906714409589767456e-02,-3.554929494857788086e-01
2.769383668899536133e+00,1.870348358154296875e+01
1.797585606575012207e+00,2.211427116394042969e+01
1.565134286880493164e+00,2.035933303833007812e+01
2.241495847702026367e+00,2.083795928955078125e+01
1.857522487640380859e+00,2.218970489501953125e+01
2.879793882369995117e+00,2.153291320800781250e+01
1.740434169769287109e+00,2.193561363220214844e+01
1.065911769866943359e+00,2.192715454101562500e+01
-1.100999116897583008e+00,1.322946739196777344e+01
2.305379152297973633e+00,2.189437484741210938e+01
2.563484907150268555e+00,2.072335433959960938e+01
3.374301671981811523e+00,2.108886337280273438e+01
2.451607227325439453e+00,2.215773391723632812e+01
2.486789941787719727e+00,2.208240890502929688e+01
1.712002873420715332e+00,1.934407806396484375e+01
4.158343315124511719e+00,1.958723068237304688e+01
-4.277175664901733398e-01,1.299837779998779297e+01
2.286335706710815430e+00,2.178879165649414062e+01
1.867133140563964844e+00,2.230818176269531250e+01
1.466097403317689896e-02,1.274503040313720703e+01
2.170380830764770508e+00,2.208624267578125000e+01
4.535876214504241943e-01,-1.421135306358337402e+00
9.066569209098815918e-01,1.350538730621337891e+01
1.771820545196533203e+00,2.209370040893554688e+01
2.399441003799438477e+00,2.173727798461914062e+01
3.474641084671020508e+00,2.120244216918945312e+01
2.923885345458984375e+00,1.825173568725585938e+01
6.270164847373962402e-01,2.207197952270507812e+01
1.234378576278686523e+00,2.234922409057617188e+01
1.441189050674438477e+00,2.225154113769531250e+01
1.841833829879760742e+00,2.228113174438476562e+01
2.338901758193969727e+00,2.193581771850585938e+01
2.854455411434173584e-01,2.156349754333496094e+01
2.361773014068603516e+00,2.205194854736328125e+01
-7.845999002456665039e-01,6.702927112579345703e+00
1.716491103172302246e+00,1.504030895233154297e+01
2.266803979873657227e+00,2.179600143432617188e+01
3.509507417678833008e+00,2.099263763427734375e+01
2.468857526779174805e+00,2.199470138549804688e+01
2.420305013656616211e+00,2.159149169921875000e+01
1.012057304382324219e+00,1.552409362792968750e+01
-3.799330294132232666e-01,2.034262657165527344e+01
1.955263972282409668e+00,2.090137481689453125e+01
2.184346675872802734e+00,2.029808044433593750e+01
7.275075912475585938e-01,8.955689430236816406e+00
2.596407234668731689e-01,1.588365268707275391e+01
1.977113246917724609e+00,2.220873069763183594e+01
2.817734241485595703e+00,1.719391250610351562e+01
1.794710874557495117e+00,1.897425460815429688e+01
2.659980773925781250e+00,2.179817581176757812e+01
4.410943031311035156e+00,1.870693206787109375e+01
2.064774036407470703e+00,2.086959838867187500e+01
-1.147564649581909180e+00,1.615540313720703125e+01
4.717381298542022705e-01,1.452191543579101562e+01
1.801098465919494629e+00,2.223148155212402344e+01
1.138588666915893555e+00,1.330078792572021484e+01
1.322135448455810547e+00,2.185814285278320312e+01
4.254699230194091797e+00,1.877857780456542969e+01
2.817156076431274414e+00,1.282694911956787109e+01
2.476586103439331055e+00,2.177889633178710938e+01
7.960849404335021973e-01,2.209811782836914062e+01
2.538280725479125977e+00,2.200422859191894531e+01
3.261649847030639648e+00,2.152747154235839844e+01
3.020495891571044922e+00,2.030461883544921875e+01
1.948219299316406250e+00,1.264473342895507812e+01
3.136304378509521484e+00,2.084205627441406250e+01
7.851424813270568848e-01,2.205861091613769531e+01
1.481794238090515137e+00,2.241080093383789062e+01
1.981254667043685913e-01,9.986029624938964844e+00
2.369619131088256836e+00,-2.893333196640014648e+00
2.189642667770385742e+00,2.148997116088867188e+01
-1.836816668510437012e-01,1.053660106658935547e+01
2.043759107589721680e+00,2.225609207153320312e+01
1.574841290712356567e-01,2.110490798950195312e+01
1.556796550750732422e+00,1.455756664276123047e+01
3.054236412048339844e+00,2.148886680603027344e+01
2.689499557018280029e-01,1.631729316711425781e+01
7.163735479116439819e-02,1.613884353637695312e+01
3.968705415725708008e+00,2.050931930541992188e+01
1.809891343116760254e+00,2.217688751220703125e+01
2.073818206787109375e+00,1.797298622131347656e+01
1.534422278404235840e+00,1.999545478820800781e+01
1.178932905197143555e+00,1.241243934631347656e+01
2.964827716350555420e-01,1.535810661315917969e+01
2.865550816059112549e-01,2.182422447204589844e+01
7.791412472724914551e-01,2.167114067077636719e+01
9.682924747467041016e-01,2.222944641113281250e+01
1.630270004272460938e+00,2.243343544006347656e+01
1.138636112213134766e+00,1.191565799713134766e+01
1.980948567390441895e+00,1.205467891693115234e+01
1.853339672088623047e+00,2.228753280639648438e+01
1.134917259216308594e+00,1.168265151977539062e+01
2.925356626510620117e+00,8.520068168640136719e+00
2.547910690307617188e+00,2.146951675415039062e+01
4.312709808349609375e+00,1.941291236877441406e+01
1.098358750343322754e+00,2.044312095642089844e+01
9.219442009925842285e-01,1.908287048339843750e+01
2.479549646377563477e+00,2.186536598205566406e+01
2.050431728363037109e+00,2.201501464843750000e+01
3.332798004150390625e+00,1.871235466003417969e+01
2.754006087779998779e-01,1.876511764526367188e+01
-7.408185005187988281e-01,4.274403095245361328e+00
-9.502668380737304688e-01,1.303283500671386719e+01
1.927905797958374023e+00,2.220635223388671875e+01
-4.709703624248504639e-01,1.628226470947265625e+01
3.708575665950775146e-01,1.544354629516601562e+01
9.824126958847045898e-01,1.874242019653320312e+01
4.082176685333251953e+00,1.969145202636718750e+01
9.725033044815063477e-01,2.207522964477539062e+01
2.297772645950317383e+00,2.127396392822265625e+01
2.692380666732788086e+00,2.181069946289062500e+01
1.023479461669921875e+00,1.565665721893310547e+01
8.457711935043334961e-01,1.704944038391113281e+01
1.117823719978332520e+00,1.595680713653564453e+01
2.696538925170898438e+00,2.174763107299804688e+01
3.914146125316619873e-01,1.928862380981445312e+01
7.428910732269287109e-01,1.068871498107910156e+01
-5.563330650329589844e-01,2.060559272766113281e+01
4.658422172069549561e-01,2.193009185791015625e+01
2.065226793289184570e+00,2.170553970336914062e+01
2.787422657012939453e+00,2.170223999023437500e+01
2.820225059986114502e-01,2.210964584350585938e+01
2.744009017944335938e+00,2.074189376831054688e+01
7.971722483634948730e-01,1.479805183410644531e+01
5.424015522003173828e-01,1.404930210113525391e+01
3.298859119415283203e+00,2.131516075134277344e+01
1.834977269172668457e+00,2.207480621337890625e+01
3.262126684188842773e+00,2.144187164306640625e+01
1.139130949974060059e+00,1.577796268463134766e+01
2.211427688598632812e+00,2.212145996093750000e+01
1.675698637962341309e+00,2.072414970397949219e+01
2.096016645431518555e+00,1.912659835815429688e+01
-5.399147979915142059e-03,2.141869735717773438e+01
-3.053603693842887878e-02,1.877341461181640625e+01
1.473408699035644531e+00,2.240896606445312500e+01
-1.106405258178710938e+00,1.177292728424072266e+01
1.843040823936462402e+00,2.211832809448242188e+01
4.386118888854980469e+00,1.668731307983398438e+01
2.913520097732543945e+00,2.109771919250488281e+01
7.737062573432922363e-01,2.165269279479980469e+01
3.680635452270507812e+00,2.068757438659667969e+01
-1.403742581605911255e-01,1.500957298278808594e+01
7.549889087677001953e-01,1.572659015655517578e+01
3.380365848541259766e+00,2.025994682312011719e+01
7.906330823898315430e-01,1.371414566040039062e+01
2.159604310989379883e+00,2.200539398193359375e+01
3.500764369964599609e+00,2.026762390136718750e+01
2.546826362609863281e+00,7.117708683013916016e+00
5.000345110893249512e-01,2.020879364013671875e+01
1.673541784286499023e+00,2.226084709167480469e+01
1.871233344078063965e+00,2.161792755126953125e+01
7.767342329025268555e-01,2.166346359252929688e+01
8.303489685058593750e-01,2.074965286254882812e+01
3.711845874786376953e+00,1.748644638061523438e+01
5.489915981888771057e-02,6.390021800994873047e+00
1.463802337646484375e+00,1.704795837402343750e+01
6.248183846473693848e-01,2.206669998168945312e+01
1.827998280525207520e+00,2.121195602416992188e+01
2.418880701065063477e+00,2.200592803955078125e+01
2.535442411899566650e-01,2.164794921875000000e+01
1.235160350799560547e+00,2.241026115417480469e+01
2.239858627319335938e+00,2.045347023010253906e+01
4.881258308887481689e-01,1.911175918579101562e+01
1.460173368453979492e+00,1.618405723571777344e+01
-1.344092339277267456e-01,1.722492599487304688e+01
3.586564362049102783e-01,2.047422409057617188e+01
4.213768959045410156e+00,1.857226753234863281e+01
6.023806333541870117e-01,1.849869918823242188e+01
2.691035747528076172e+00,2.145076179504394531e+01
2.844409942626953125e+00,2.182405853271484375e+01
1.510634183883666992e+00,2.229063415527343750e+01
9.192028641700744629e-01,2.173755645751953125e+01
6.145892143249511719e-01,1.294137382507324219e+01
1.764945030212402344e+00,2.201788711547851562e+01
1.934631347656250000e+00,2.218297195434570312e+01
-3.569039404392242432e-01,1.151650333404541016e+01
2.306817293167114258e+00,2.104579734802246094e+01
2.100712537765502930e+00,2.224488067626953125e+01
3.073689222335815430e+00,2.151535987854003906e+01
9.023692607879638672e-01,2.176176261901855469e+01
-2.469162270426750183e-02,1.580087852478027344e+01
2.589974641799926758e+00,2.135276412963867188e+01
2.857331335544586182e-01,2.204753494262695312e+01
2.693275928497314453e+00,1.958987045288085938e+01
1.714254170656204224e-01,1.623690605163574219e+01
-4.683991968631744385e-01,7.479705333709716797e+00
3.850357770919799805e+00,1.771108245849609375e+01
1.376343250274658203e+00,1.998948669433593750e+01
3.440444707870483398e+00,1.750442314147949219e+01
2.924402952194213867e+00,2.175605583190917969e+01
1.235466003417968750e+00,2.225324440002441406e+01
3.907156288623809814e-01,1.393435573577880859e+01
2.734540224075317383e+00,2.182559967041015625e+01
1.563684105873107910e+00,1.506087970733642578e+01
2.164309501647949219e+00,1.378318881988525391e+01
1.856416702270507812e+00,2.182641029357910156e+01
2.032535314559936523e+00,2.218028831481933594e+01
1.780486106872558594e+00,1.776476669311523438e+01
1.645440936088562012e+00,2.208064651489257812e+01
9.231824278831481934e-01,1.935283279418945312e+01
-9.009561538696289062e-01,8.005443572998046875e+00
1.513173133134841919e-01,1.009894466400146484e+01
1.048303127288818359e+00,2.181525421142578125e+01
5.615437626838684082e-01,1.267853832244873047e+01
-4.338401257991790771e-01,2.007123184204101562e+01
1.686844587326049805e+00,1.492927837371826172e+01
1.730466127395629883e+00,2.219356536865234375e+01
2.452876806259155273e+00,2.199880599975585938e+01
2.529290616512298584e-01,2.123394012451171875e+01
3.884109556674957275e-01,1.660013008117675781e+01
2.501130819320678711e+00,2.168988800048828125e+01
2.482423782348632812e+00,2.146085357666015625e+01
2.571215867996215820e+00,1.724592781066894531e+01
8.722035288810729980e-01,2.242182922363281250e+01
-4.000704586505889893e-01,1.930412292480468750e+01
9.231391549110412598e-01,1.666143417358398438e+01
-1.137335076928138733e-01,1.160472202301025391e+01
1.606683492660522461e+00,2.238404846191406250e+01
2.687336206436157227e+00,1.306778812408447266e+01
2.927356004714965820e+00,2.106084442138671875e+01
-4.249447882175445557e-01,1.600967788696289062e+01
2.671160697937011719e-01,1.079016304016113281e+01
1.168064832687377930e+00,2.121185302734375000e+01
3.483114242553710938e-01,1.214834117889404297e+01
3.189083337783813477e+00,2.107487487792968750e+01
-1.012371014803647995e-02,2.145104980468750000e+01
3.402393162250518799e-01,1.751774215698242188e+01
2.933855772018432617e+00,2.141568374633789062e+01
-1.183676481246948242e+00,1.623273277282714844e+01
1.394816160202026367e+00,1.831286239624023438e+01
-1.901224553585052490e-01,6.204097747802734375e+00
2.255261182785034180e+00,1.880697441101074219e+01
2.578014850616455078e+00,1.627092361450195312e+01
-7.262957282364368439e-03,5.837097644805908203e+00
8.448947668075561523e-01,1.496899700164794922e+01
1.116021752357482910e+00,2.232146072387695312e+01
4.012839496135711670e-01,2.158541870117187500e+01
2.680422306060791016e+00,2.157776260375976562e+01
2.272783517837524414e+00,2.195849609375000000e+01
1.094603538513183594e+00,1.257280635833740234e+01
6.900187134742736816e-01,1.149544811248779297e+01
1.860527843236923218e-01,1.028088855743408203e+01
2.444927453994750977e+00,8.192857742309570312e+00
1.137321233749389648e+00,2.206998443603515625e+01
1.338695526123046875e+00,1.749422073364257812e+01
2.512109518051147461e+00,1.795695877075195312e+01
1.612613916397094727e+00,2.062118339538574219e+01
3.028917789459228516e+00,2.134307098388671875e+01
-1.821232885122299194e-01,2.097055816650390625e+01
2.470098972320556641e+00,2.146359443664550781e+01
2.639431715011596680e+00,2.158152389526367188e+01
1.565160989761352539e+00,2.102564620971679688e+01
1.995222806930541992e+00,2.222857475280761719e+01
7.529714703559875488e-01,2.215893936157226562e+01
3.073826789855957031e+00,1.726250839233398438e+01
1.499375581741333008e+00,1.254520893096923828e+01
8.316664695739746094e-01,1.061640739440917969e+01
3.737107992172241211e+00,2.060257148742675781e+01
2.062372446060180664e+00,2.183232879638671875e+01
2.242430925369262695e+00,2.192008209228515625e+01
3.208490610122680664e+00,2.149535560607910156e+01
1.519185304641723633e+00,2.186072158813476562e+01
9.927051067352294922e-01,2.224704170227050781e+01
1.028406262397766113e+00,7.866463184356689453e+00
8.718624114990234375e-01,2.226437568664550781e+01
3.614548683166503906e+00,2.056320953369140625e+01
2.323002099990844727e+00,1.790213966369628906e+01
9.991631507873535156e-01,1.719275665283203125e+01
7.423477768898010254e-01,2.213491821289062500e+01
2.989853620529174805e+00,2.121823120117187500e+01
1.016639709472656250e+00,2.199728393554687500e+01
1.686596393585205078e+00,2.196896743774414062e+01
1.734006524085998535e+00,2.215505599975585938e+01
3.096651792526245117e+00,2.036615180969238281e+01
1.488808542490005493e-01,2.056114959716796875e+01
1.055645465850830078e+00,2.200365447998046875e+01
4.061088562011718750e+00,1.990962219238281250e+01
1.215089559555053711e+00,2.176525878906250000e+01
7.760887145996093750e-01,2.178986358642578125e+01
1.074561953544616699e+00,1.184096431732177734e+01
3.759606599807739258e+00,2.027978897094726562e+01
-1.008978724479675293e+00,1.691130828857421875e+01
5.752167105674743652e-01,2.232185554504394531e+01
3.036771535873413086e+00,2.158618545532226562e+01
2.568068265914916992e+00,2.196264266967773438e+01
-4.201383888721466064e-01,1.548763370513916016e+01
1.346445798873901367e+00,1.236075305938720703e+01
2.479130983352661133e+00,1.969458198547363281e+01
6.378122568130493164e-01,2.191436195373535156e+01
9.032691717147827148e-01,1.458632087707519531e+01
1.355688810348510742e+00,2.137273025512695312e+01
2.947198390960693359e+00,2.026882362365722656e+01
3.219241142272949219e+00,1.943028831481933594e+01
1.635164737701416016e+00,2.192579078674316406e+01
1.207193970680236816e+00,1.525001811981201172e+01
5.429002642631530762e-01,2.095117568969726562e+01
2.649234294891357422e+00,1.598848247528076172e+01
-3.814257085323333740e-01,1.010211277008056641e+01
1.495080590248107910e+00,2.231294250488281250e+01
2.309405326843261719e+00,1.607243728637695312e+01
1.297810196876525879e+00,1.654704284667968750e+01
1.522181272506713867e+00,2.232161521911621094e+01
7.882803678512573242e-01,1.154059982299804688e+01
8.947063088417053223e-01,2.216547584533691406e+01
-2.214990183711051941e-02,2.160608291625976562e+01
3.762452125549316406e+00,2.006709289550781250e+01
3.092619895935058594e+00,2.087571716308593750e+01
2.685239076614379883e+00,1.738351058959960938e+01
5.090252161026000977e-01,1.506932353973388672e+01
2.339196920394897461e+00,2.185492324829101562e+01
3.299904584884643555e+00,2.145705032348632812e+01
8.263565897941589355e-01,2.223253631591796875e+01
3.075172901153564453e+00,2.123107910156250000e+01
1.526194930076599121e+00,2.157232284545898438e+01
4.889950454235076904e-01,2.160942077636718750e+01
1.449665307998657227e+00,1.175229072570800781e+01
1.220781803131103516e+00,2.065467834472656250e+01
-8.141372352838516235e-02,1.486108684539794922e+01
2.647795677185058594e+00,1.719508743286132812e+01
2.794210433959960938e+00,2.125290870666503906e+01
2.434702873229980469e+00,2.180081939697265625e+01
2.527324676513671875e+00,2.179514312744140625e+01
6.375310420989990234e-01,1.404655933380126953e+01
3.386188268661499023e+00,2.074408531188964844e+01
7.343925237655639648e-01,1.657939147949218750e+01
9.684879183769226074e-01,1.252343845367431641e+01
1.516686677932739258e+00,2.025601577758789062e+01
1.643309950828552246e+00,1.468496227264404297e+01
8.858915567398071289e-01,1.963079452514648438e+01
-4.691518470644950867e-02,8.838700294494628906e+00
1.300248026847839355e+00,2.101922988891601562e+01
3.535110712051391602e+00,1.706730270385742188e+01
3.548873186111450195e+00,2.052728652954101562e+01
2.598036766052246094e+00,2.196282386779785156e+01
1.175973176956176758e+00,2.153869628906250000e+01
1.153687834739685059e+00,2.079772186279296875e+01
4.381313323974609375e+00,1.966225433349609375e+01
1.938784003257751465e+00,1.986685752868652344e+01
3.213526010513305664e+00,2.162078094482421875e+01
2.762211084365844727e+00,1.580905246734619141e+01
1.191830277442932129e+00,2.205634689331054688e+01
8.656027913093566895e-01,2.198254013061523438e+01
5.047315359115600586e-01,1.114115047454833984e+01
1.111174821853637695e+00,2.213269996643066406e+01
9.977111816406250000e-01,2.060662269592285156e+01
8.053731918334960938e-01,2.145905685424804688e+01
1.915823936462402344e+00,2.221655654907226562e+01
8.053255677223205566e-01,1.845149230957031250e+01
1.076946735382080078e+00,2.237819480895996094e+01
2.322249650955200195e+00,2.139458084106445312e+01
1.059732913970947266e+00,2.097513198852539062e+01
-2.935595214366912842e-01,1.686719131469726562e+01
-6.347629427909851074e-01,7.813574790954589844e+00
2.109568834304809570e+00,1.850849151611328125e+01
2.157943248748779297e+00,1.733827972412109375e+01
1.721137046813964844e+00,2.198594665527343750e+01
2.534227132797241211e+00,2.157273101806640625e+01
4.823394119739532471e-01,2.176893997192382812e+01
1.578347682952880859e+00,1.674440574645996094e+01
8.628649115562438965e-01,1.743022537231445312e+01
1.710807681083679199e+00,1.261887264251708984e+01
1.915579676628112793e+00,1.585514545440673828e+01
1.456802368164062500e+00,1.907732772827148438e+01
2.275708466768264771e-01,2.123031997680664062e+01
2.150679826736450195e+00,2.222319602966308594e+01
2.518052339553833008e+00,2.164801597595214844e+01
1.775712370872497559e+00,2.214741897583007812e+01
7.114382833242416382e-02,1.077142238616943359e+01
1.204800844192504883e+00,2.218716812133789062e+01
2.038759469985961914e+00,2.199459457397460938e+01
1.505562067031860352e+00,1.362050151824951172e+01
1.372606992721557617e+00,2.234099197387695312e+01
1.888389468193054199e+00,2.191648101806640625e+01
7.236289232969284058e-02,1.305405330657958984e+01
8.489767462015151978e-02,4.700874805450439453e+00
2.443055868148803711e+00,2.170849609375000000e+01
-8.631315231323242188e-01,8.780000686645507812e+00
2.843627452850341797e+00,2.181153869628906250e+01
3.069503545761108398e+00,2.158296203613281250e+01
1.011867880821228027e+00,1.083631038665771484e+01
2.352490425109863281e+00,2.214178466796875000e+01
2.466681480407714844e+00,2.027809143066406250e+01
8.562535047531127930e-01,1.240306758880615234e+01
2.694752931594848633e+00,1.739551925659179688e+01
1.889527082443237305e+00,1.786088180541992188e+01
2.518742084503173828e-01,8.497201919555664062e+00
1.908444404602050781e+00,2.202876853942871094e+01
7.370551228523254395e-01,1.882708549499511719e+01
4.122146666049957275e-01,1.721430206298828125e+01
4.156399726867675781e+00,1.931359481811523438e+01
7.393962740898132324e-01,2.202573776245117188e+01
1.571999311447143555e+00,2.060303688049316406e+01
2.653789281845092773e+00,2.073593139648437500e+01
-7.037853002548217773e-01,1.671089553833007812e+01
5.726823210716247559e-01,1.435786151885986328e+01
4.206703603267669678e-01,1.038990020751953125e+01
7.775633931159973145e-01,1.248264408111572266e+01
1.440725684165954590e+00,2.197876739501953125e+01
2.896873474121093750e+00,8.244635581970214844e+00
4.643066599965095520e-02,1.270009899139404297e+01
1.560810565948486328e+00,2.215106582641601562e+01
1.309256076812744141e+00,2.172730827331542969e+01
1.308063864707946777e+00,2.218312454223632812e+01
1.882352828979492188e+00,1.568068027496337891e+01
2.257856845855712891e+00,1.986373519897460938e+01
3.276079893112182617e+00,2.114454650878906250e+01
3.317795753479003906e+00,2.091271209716796875e+01
-4.488191604614257812e-01,1.158244514465332031e+01
3.494243621826171875e+00,2.100161361694335938e+01
1.006732583045959473e+00,2.208685684204101562e+01
2.307064056396484375e+00,2.160095977783203125e+01
1.129527807235717773e+00,2.210545921325683594e+01
4.177650928497314453e+00,1.931632995605468750e+01
7.708463072776794434e-01,7.699400424957275391e+00
-3.282646834850311279e-01,8.859194755554199219e+00
2.593385934829711914e+00,2.194065284729003906e+01
-9.783692955970764160e-01,8.947527885437011719e+00
5.443717837333679199e-01,2.195252799987792969e+01
2.276266574859619141e+00,1.690253639221191406e+01
1.101197361946105957e+00,1.410506534576416016e+01
3.521496534347534180e+00,2.086702346801757812e+01
2.092596530914306641e+00,2.194066238403320312e+01
1.968580365180969238e+00,2.224129486083984375e+01
3.044730126857757568e-01,1.520859813690185547e+01
-1.003434434533119202e-01,1.955580139160156250e+01
2.415423393249511719e+00,2.003247070312500000e+01
1.198687911033630371e+00,2.222313308715820312e+01
4.338849067687988281e+00,1.908737564086914062e+01
1.348762273788452148e+00,2.216004371643066406e+01
9.551485776901245117e-01,2.198640060424804688e+01
1.174845218658447266e+00,2.193922424316406250e+01
1.410215616226196289e+00,2.212800788879394531e+01
1.431312561035156250e+00,1.762204360961914062e+01
4.094795286655426025e-01,1.306756782531738281e+01
2.462136507034301758e+00,1.112168216705322266e+01
1.125451207160949707e+00,1.879945373535156250e+01
-1.189321994781494141e+00,1.310430431365966797e+01
-1.121618986129760742e+00,1.785060882568359375e+01
4.597522318363189697e-01,2.196054458618164062e+01
8.200529813766479492e-01,1.675031852722167969e+01
5.144187211990356445e-01,2.210586929321289062e+01
3.340330123901367188e+00,2.128148460388183594e+01
-5.271121263504028320e-01,7.451581478118896484e+00
4.410569667816162109e+00,1.794435119628906250e+01
3.560710191726684570e+00,2.073219680786132812e+01
2.423407316207885742e+00,2.149245452880859375e+01
5.821878910064697266e-01,2.111881828308105469e+01
7.218353152275085449e-01,2.182575225830078125e+01
1.717587471008300781e+00,2.166056823730468750e+01
1.682437896728515625e+00,2.188174438476562500e+01
8.938609957695007324e-01,2.184444046020507812e+01
2.547539710998535156e+00,1.904616165161132812e+01
2.675120592117309570e+00,2.184552764892578125e+01
2.959692239761352539e+00,1.669072723388671875e+01
2.397130250930786133e+00,1.972719955444335938e+01
5.559736490249633789e-01,1.434888362884521484e+01
1.410415410995483398e+00,2.230074691772460938e+01
2.017871856689453125e+00,2.194326972961425781e+01
2.236903667449951172e+00,2.200495529174804688e+01
2.186448335647583008e+00,2.004441070556640625e+01
1.808772206306457520e+00,2.174764251708984375e+01
6.756330132484436035e-01,2.221366882324218750e+01
1.850770831108093262e+00,2.208340835571289062e+01
3.162167072296142578e+00,1.934298324584960938e+01
1.459283828735351562e+00,2.206901931762695312e+01
7.198146581649780273e-01,1.558243846893310547e+01
8.683123588562011719e-01,1.907759475708007812e+01
5.952434539794921875e-01,1.824608802795410156e+01
1.464671045541763306e-01,1.923012542724609375e+01
8.120351433753967285e-01,1.363984012603759766e+01
2.890246808528900146e-01,1.802236747741699219e+01
1.920422434806823730e+00,2.215849685668945312e+01
2.528640985488891602e+00,1.857312011718750000e+01
1.768275380134582520e+00,1.999963569641113281e+01
3.314917087554931641e+00,1.253987789154052734e+01
3.276200056076049805e+00,2.103486251831054688e+01
1.638606071472167969e+00,1.614174079895019531e+01
2.066327333450317383e+00,1.548817825317382812e+01
4.218898773193359375e+00,1.866432380676269531e+01
1.846020817756652832e+00,2.062422752380371094e+01
3.215228319168090820e+00,1.448455715179443359e+01
9.881064295768737793e-01,1.812699556350708008e+00
2.943731069564819336e+00,2.173700332641601562e+01
9.964112639427185059e-01,2.164741897583007812e+01
2.630226850509643555e+00,2.201082992553710938e+01
3.383080005645751953e+00,2.087019729614257812e+01
-3.140217959880828857e-01,8.916460990905761719e+00
1.900074958801269531e+00,1.011168384552001953e+01
2.823530435562133789e+00,2.117794418334960938e+01
2.087935209274291992e+00,2.215894508361816406e+01
2.327884674072265625e+00,2.091830062866210938e+01
1.510034561157226562e+00,1.265621471405029297e+01
7.361258268356323242e-01,2.163975524902343750e+01
2.708961486816406250e+00,2.188093948364257812e+01
1.542293071746826172e+00,2.147818374633789062e+01
1.025957822799682617e+00,2.223180770874023438e+01
3.829088449478149414e+00,2.031463623046875000e+01
9.908043146133422852e-01,1.804607772827148438e+01
1.514425992965698242e+00,1.685370254516601562e+01
1.849890500307083130e-01,2.133217239379882812e+01
1.967186808586120605e+00,2.186714935302734375e+01
2.561870098114013672e+00,1.778888511657714844e+01
3.384004354476928711e+00,2.070097160339355469e+01
3.377455234527587891e+00,2.119807434082031250e+01
3.352711439132690430e+00,1.888393020629882812e+01
3.714458703994750977e+00,2.058196830749511719e+01
1.003453612327575684e+00,1.948629570007324219e+01
8.370905518531799316e-01,1.471461200714111328e+01
2.455569982528686523e+00,1.744805526733398438e+01
2.756802558898925781e+00,1.621859359741210938e+01
1.219643831253051758e+00,9.503268241882324219e+00
3.405962228775024414e+00,2.116175079345703125e+01
3.544508695602416992e+00,2.082197380065917969e+01
3.818434476852416992e+00,1.864079666137695312e+01
-2.455196231603622437e-01,1.391551208496093750e+01
-1.281758695840835571e-01,9.250489234924316406e+00
2.013259679079055786e-01,2.105744934082031250e+01
3.064427077770233154e-01,9.048223495483398438e-01
1.385672926902770996e+00,2.095707702636718750e+01
-7.335560321807861328e-01,1.126322650909423828e+01
1.052528142929077148e+00,1.431463623046875000e+01
5.335955619812011719e-01,1.010386180877685547e+01
2.866808176040649414e+00,1.960497665405273438e+01
2.134454965591430664e+00,2.185654258728027344e+01
2.726562023162841797e+00,2.006504440307617188e+01
3.371143043041229248e-01,1.307230186462402344e+01
1.934865713119506836e+00,2.184331130981445312e+01
2.435367852449417114e-01,2.037981033325195312e+01
-1.728511303663253784e-01,1.400293254852294922e+01
-1.049158573150634766e+00,1.990721130371093750e+01
2.815974950790405273e+00,2.160810852050781250e+01
1.385504156351089478e-01,1.457773876190185547e+01
1.032460331916809082e+00,2.181135940551757812e+01
1.660565376281738281e+00,1.928434371948242188e+01
1.734338521957397461e+00,2.111598396301269531e+01
-9.303100705146789551e-01,1.400551509857177734e+01
6.812842488288879395e-01,2.229191589355468750e+01
1.330007553100585938e+00,2.234071922302246094e+01
2.815280258655548096e-01,2.176960372924804688e+01
5.300215482711791992e-01,1.797697067260742188e+01
2.243233919143676758e+00,2.193041038513183594e+01
2.773638963699340820e+00,2.133934402465820312e+01
4.321641027927398682e-01,1.301946163177490234e+01
1.537335872650146484e+00,1.952783012390136719e+01
1.816754341125488281e+00,2.221338462829589844e+01
-1.880749911069869995e-01,1.086501026153564453e+01
-2.225739806890487671e-01,1.037039279937744141e+01
-5.052093788981437683e-02,1.792549705505371094e+01
1.515801906585693359e+00,2.214663124084472656e+01
-3.619942963123321533e-01,2.077685737609863281e+01
2.803574323654174805e+00,2.185041046142578125e+01
9.178496599197387695e-01,2.151329612731933594e+01
3.020454645156860352e+00,1.417546844482421875e+01
1.921203285455703735e-01,1.562464046478271484e+01
1.249694228172302246e+00,2.220786857604980469e+01
-2.582945525646209717e-01,8.229794502258300781e+00
2.009581565856933594e+00,2.222451019287109375e+01
2.880854845046997070e+00,8.612674474716186523e-01
3.824825048446655273e+00,2.032011032104492188e+01
7.618281841278076172e-01,1.166049766540527344e+01
-1.926500052213668823e-01,1.253957557678222656e+01
-1.011103868484497070e+00,1.132362270355224609e+01
1.377263784408569336e+00,2.229415893554687500e+01
1.711033940315246582e+00,2.219802856445312500e+01
4.128293991088867188e+00,1.987793731689453125e+01
5.015480518341064453e-01,2.187689590454101562e+01
4.099108219146728516e+00,1.960976028442382812e+01
7.955580949783325195e-01,2.211569213867187500e+01
-5.565929412841796875e-01,1.185154628753662109e+01
1.372327446937561035e+00,1.233436107635498047e+01
9.761877059936523438e-01,2.210741806030273438e+01
8.163253664970397949e-01,1.366825199127197266e+01
1.788067579269409180e+00,2.172685241699218750e+01
2.325770139694213867e+00,2.225166130065917969e+01
-8.369734287261962891e-01,2.054314231872558594e+01
3.274562120437622070e+00,2.152938652038574219e+01
1.839463233947753906e+00,1.427385902404785156e+01
1.990198493003845215e+00,1.691595268249511719e+01
2.114691287279129028e-01,2.189036560058593750e+01
1.709206342697143555e+00,2.037395095825195312e+01
9.340890049934387207e-01,1.719738197326660156e+01
7.830669283866882324e-01,2.119811630249023438e+01
8.512265086174011230e-01,2.177068328857421875e+01
2.304658651351928711e+00,2.217287635803222656e+01
2.692839384078979492e+00,2.145215988159179688e+01
1.643639564514160156e+00,2.236357307434082031e+01
-5.431005954742431641e-01,1.719741821289062500e+01
8.098294138908386230e-01,1.695761680603027344e+01
4.067238807678222656e+00,1.994266891479492188e+01
3.706805467605590820e+00,2.010559844970703125e+01
-3.962911963462829590e-01,1.153648853302001953e+01
2.319471597671508789e+00,2.187019348144531250e+01
2.860512211918830872e-02,1.672209167480468750e+01
2.334047794342041016e+00,2.194743728637695312e+01
-3.395670950412750244e-01,1.656770324707031250e+01
2.312082052230834961e+00,2.179133224487304688e+01
8.143904805183410645e-01,1.969264602661132812e+01
1.607656955718994141e+00,-2.748211145401000977e+00
1.099553704261779785e+00,-2.166968107223510742e+00
2.158592700958251953e+00,2.136602210998535156e+01
-2.441089600324630737e-01,2.163009452819824219e+01
2.088330030441284180e+00,2.158569335937500000e+01
2.896942377090454102e+00,2.141606903076171875e+01
3.119046449661254883e+00,2.151383209228515625e+01
-3.560016676783561707e-02,2.002885055541992188e+01
3.199851214885711670e-01,1.443809604644775391e+01
3.002720832824707031e+00,1.928137207031250000e+01
2.050316095352172852e+00,1.464330005645751953e+01
2.357976198196411133e+00,2.189968872070312500e+01
7.825357913970947266e-01,1.465541744232177734e+01
1.568008303642272949e+00,1.474965667724609375e+01
1.422914415597915649e-01,7.712784767150878906e+00
2.691970109939575195e+00,2.196354675292968750e+01
1.210310697555541992e+00,2.231711578369140625e+01
4.136233329772949219e+00,1.942604827880859375e+01
2.800199031829833984e+00,2.166381645202636719e+01
2.048632860183715820e+00,2.141316795349121094e+01
2.348993778228759766e+00,2.179286575317382812e+01
1.902331113815307617e+00,2.205964469909667969e+01
1.129078626632690430e+00,1.227547073364257812e+01
1.018603563308715820e+00,1.765203285217285156e+01
2.092051655054092407e-01,8.346948623657226562e+00
-3.561453148722648621e-02,1.293325138092041016e+01
1.615803480148315430e+00,2.225666809082031250e+01
7.352337241172790527e-01,2.104323196411132812e+01
1.179490685462951660e+00,1.938975334167480469e+01
2.156429290771484375e+00,1.773171997070312500e+01
2.104948282241821289e+00,1.510892581939697266e+01
3.494724988937377930e+00,1.752348327636718750e+01
2.242984294891357422e+00,2.206358528137207031e+01
9.227555990219116211e-01,1.705470657348632812e+01
6.571448445320129395e-01,2.209902954101562500e+01
1.435593515634536743e-01,2.157917022705078125e+01
9.910266995429992676e-01,2.209292793273925781e+01
1.325606852769851685e-01,2.165375137329101562e+01
-1.319800168275833130e-01,1.418881130218505859e+01
1.866829633712768555e+00,2.105331420898437500e+01
8.317292928695678711e-01,1.870636367797851562e+01
1.421672463417053223e+00,2.214443588256835938e+01
1.527177572250366211e+00,2.232096672058105469e+01
1.178001642227172852e+00,2.170879745483398438e+01
2.145017862319946289e+00,1.800222396850585938e+01
1.131150960922241211e+00,2.235538482666015625e+01
1.705620884895324707e+00,2.213992691040039062e+01
1.884212493896484375e+00,2.205825042724609375e+01
3.635443747043609619e-01,1.769606781005859375e+01
-1.045723199844360352e+00,7.775072574615478516e+00
3.288355350494384766e+00,2.133143234252929688e+01
2.275077104568481445e+00,2.193305587768554688e+01
1.473118782043457031e+00,1.179163074493408203e+01
8.265261054039001465e-01,1.184775447845458984e+01
2.340085983276367188e+00,2.195782661437988281e+01
1.354367613792419434e+00,1.755152702331542969e+01
1.338708639144897461e+00,2.220592308044433594e+01
1.584262371063232422e+00,2.210583496093750000e+01
-1.455395948141813278e-02,9.562148094177246094e+00
1.464668273925781250e+00,2.232051849365234375e+01
1.292698264122009277e+00,1.430195426940917969e+01
1.640485286712646484e+00,1.896615219116210938e+01
8.096220493316650391e-01,1.590643501281738281e+01
1.067375659942626953e+00,2.086063003540039062e+01
2.116174697875976562e+00,1.812162780761718750e+01
1.659059047698974609e+00,2.232130813598632812e+01
1.990893363952636719e+00,2.150906753540039062e+01
-4.130136370658874512e-01,3.074870586395263672e+00
2.607189655303955078e+00,2.175656127929687500e+01
-6.501514911651611328e-01,1.995767974853515625e+01
2.784799814224243164e+00,2.174743652343750000e+01
6.482850313186645508e-01,2.033821678161621094e+01
2.833304405212402344e+00,2.175579071044921875e+01
1.513891935348510742e+00,1.180004978179931641e+01
-1.159793660044670105e-01,9.027340888977050781e+00
2.278753042221069336e+00,2.202888298034667969e+01
-4.494294822216033936e-01,2.077824783325195312e+01
2.495963126420974731e-01,1.241548824310302734e+01
1.521082162857055664e+00,1.569894409179687500e+01
3.330891370773315430e+00,1.949180412292480469e+01
-7.398506999015808105e-01,1.861255836486816406e+01
1.915993690490722656e+00,2.190979957580566406e+01
1.559583902359008789e+00,1.345506954193115234e+01
-1.158096432685852051e+00,1.864684104919433594e+01
1.929729938507080078e+00,2.078642272949218750e+01
4.715097844600677490e-01,1.906253051757812500e+01
9.883746504783630371e-01,1.518208026885986328e+01
1.229790076613426208e-01,2.130092239379882812e+01
1.264218807220458984e+00,1.865963745117187500e+01
2.867166996002197266e+00,2.160465049743652344e+01
9.611672163009643555e-01,5.977506041526794434e-01
1.731576681137084961e+00,1.710522079467773438e+01
2.008206129074096680e+00,2.045805740356445312e+01
2.611446619033813477e+00,2.168734931945800781e+01
1.094294071197509766e+00,1.898472023010253906e+01
-4.023109003901481628e-02,1.546370029449462891e+01
1.946712613105773926e+00,1.601103401184082031e+01
8.129458427429199219e-01,2.114355087280273438e+01
1.762110590934753418e+00,2.224509811401367188e+01
2.081054925918579102e+00,2.198844146728515625e+01
-4.096394777297973633e-01,1.827235412597656250e+01
2.743069887161254883e+00,1.402875804901123047e+01
1.422127246856689453e+00,2.212212753295898438e+01
6.317766904830932617e-01,1.598057079315185547e+01
2.702201604843139648e+00,1.842043685913085938e+01
1.349743962287902832e+00,2.204399490356445312e+01
1.072081327438354492e+00,2.193115425109863281e+01
1.014747142791748047e+00,1.387204074859619141e+01
1.429983526468276978e-01,1.180889129638671875e+01
1.587549567222595215e+00,2.201027297973632812e+01
-4.814942181110382080e-01,8.270792961120605469e+00
2.552115440368652344e+00,2.169971466064453125e+01
1.192156076431274414e+00,2.191040992736816406e+01
5.622091889381408691e-01,2.205786514282226562e+01
1.646782636642456055e+00,-1.157504096627235413e-01
3.650037765502929688e+00,2.058690071105957031e+01
8.742586970329284668e-01,1.603556251525878906e+01
1.524875164031982422e+00,2.236508178710937500e+01
8.489807844161987305e-01,1.527054214477539062e+01
1.290577173233032227e+00,2.123936080932617188e+01
3.496702432632446289e+00,2.116505241394042969e+01
1.005426406860351562e+00,1.535800838470458984e+01
3.451091766357421875e+00,2.129327774047851562e+01
4.006830692291259766e+00,2.026467514038085938e+01
2.472451925277709961e+00,2.076184082031250000e+01
3.166186571121215820e+00,1.692608261108398438e+01
1.552695989608764648e+00,2.183271789550781250e+01
2.132190704345703125e+00,2.156007766723632812e+01
1.992530107498168945e+00,1.982179260253906250e+01
1.400615423917770386e-01,8.000417709350585938e+00
2.669297456741333008e+00,2.160657501220703125e+01
1.811243295669555664e+00,2.218045806884765625e+01
9.037761092185974121e-01,2.174370956420898438e+01
2.314801454544067383e+00,1.102999782562255859e+01
8.765121698379516602e-01,1.219787120819091797e+01
3.248500347137451172e+00,2.119598388671875000e+01
1.921078443527221680e+00,2.224641227722167969e+01
2.360850334167480469e+00,2.210405731201171875e+01
3.219217538833618164e+00,2.137114524841308594e+01
2.715850591659545898e+00,2.175172424316406250e+01
2.844245195388793945e+00,2.174504852294921875e+01
1.168283462524414062e+00,2.226899719238281250e+01
4.443082332611083984e+00,1.879672241210937500e+01
1.146670341491699219e+00,2.114399147033691406e+01
-1.353874057531356812e-01,1.737977981567382812e+01
1.593668341636657715e+00,1.328402805328369141e+01
1.226036906242370605e+00,1.737609291076660156e+01
1.538770437240600586e+00,2.180669593811035156e+01
1.618367075920104980e+00,2.152062606811523438e+01
1.677519917488098145e+00,2.210165786743164062e+01
-1.234220743179321289e+00,7.510982036590576172e+00
5.469326376914978027e-01,1.738696289062500000e+01
2.119485378265380859e+00,2.212693977355957031e+01
2.193972349166870117e+00,1.274082756042480469e+01
2.237586259841918945e+00,2.215225791931152344e+01
2.508544683456420898e+00,1.692784118652343750e+01
2.594126224517822266e+00,2.043137168884277344e+01
4.333285093307495117e-01,7.674761772155761719e+00
2.356375694274902344e+00,1.870442962646484375e+01
3.062103033065795898e+00,1.624816131591796875e+01
2.561862230300903320e+00,2.088236808776855469e+01
4.341683089733123779e-01,2.145530128479003906e+01
1.168183207511901855e+00,2.231447982788085938e+01
3.023974895477294922e-01,1.004715061187744141e+01
5.742660045623779297e+00,1.127294731140136719e+01
2.338517427444458008e+00,2.210263252258300781e+01
7.052752375602722168e-01,2.005838203430175781e+01
1.273216485977172852e+00,2.085343551635742188e+01
1.113722801208496094e+00,1.945722579956054688e+01
3.907193422317504883e+00,1.361801815032958984e+01
1.227002024650573730e+00,1.761114883422851562e+01
-1.292667835950851440e-01,2.163691711425781250e+01
-1.578089743852615356e-01,1.091875553131103516e+01
9.024971127510070801e-01,1.257860088348388672e+01
-6.656572967767715454e-02,1.471625995635986328e+01
7.565800547599792480e-01,2.166096687316894531e+01
-9.619610905647277832e-01,3.575658321380615234e+00
1.849700927734375000e+00,2.090726089477539062e+01
2.067707777023315430e+00,1.444136619567871094e+01
2.845832586288452148e+00,2.146489334106445312e+01
2.917457818984985352e+00,2.135873031616210938e+01
2.827491998672485352e+00,2.159557723999023438e+01
2.886031389236450195e+00,2.173529815673828125e+01
-5.769999623298645020e-01,1.690642547607421875e+01
2.314989805221557617e+00,2.217468261718750000e+01
6.241546869277954102e-01,8.512310028076171875e+00
-7.243205308914184570e-01,1.559903240203857422e+01
2.742790222167968750e+00,2.165471839904785156e+01
1.543146371841430664e+00,1.488987255096435547e+01
7.897137999534606934e-01,2.072940254211425781e+01
-3.906916677951812744e-01,1.165561199188232422e+01
1.990258693695068359e+00,1.732227516174316406e+01
1.805552482604980469e+00,2.220151901245117188e+01
9.243015646934509277e-01,2.136818885803222656e+01
1.155429363250732422e+00,2.219126892089843750e+01
3.035149872303009033e-01,2.174786949157714844e+01
1.402132511138916016e+00,2.212970733642578125e+01
2.135515928268432617e+00,1.933625221252441406e+01
1.346597194671630859e+00,2.218766403198242188e+01
-2.814069986343383789e-01,8.638814926147460938e+00
3.598094224929809570e+00,2.084326553344726562e+01
2.829886913299560547e+00,1.509618282318115234e+01
9.999158382415771484e-01,1.442251300811767578e+01
-3.066330254077911377e-01,2.101490020751953125e+01
1.004580140113830566e+00,2.232991790771484375e+01
2.172291517257690430e+00,2.118246459960937500e+01
2.218734264373779297e+00,2.126279449462890625e+01
-5.780438184738159180e-01,1.272696781158447266e+01
-5.374113842844963074e-02,8.833807945251464844e+00
-5.659455657005310059e-01,2.001169967651367188e+01
1.241823434829711914e+00,1.299613189697265625e+01
1.251936674118041992e+00,1.787984466552734375e+01
1.816977858543395996e+00,1.640168952941894531e+01
1.314546823501586914e+00,2.200350379943847656e+01
-8.907625824213027954e-02,1.471560955047607422e+01
2.436647176742553711e+00,2.186828613281250000e+01
2.165277481079101562e+00,2.175112152099609375e+01
1.906794786453247070e+00,1.588377952575683594e+01
1.141548633575439453e+00,1.809852790832519531e+01
3.282438039779663086e+00,2.119138145446777344e+01
-8.541723340749740601e-02,7.467327594757080078e+00
-2.647389471530914307e-01,1.429289531707763672e+01
2.796768903732299805e+00,2.164113044738769531e+01
2.176368951797485352e+00,2.105136108398437500e+01
2.985787868499755859e+00,2.135806274414062500e+01
1.436579704284667969e+00,2.197423553466796875e+01
1.067301273345947266e+00,1.569862556457519531e+01
3.223682880401611328e+00,2.077760887145996094e+01
2.904066085815429688e+00,1.499437999725341797e+01
1.089226007461547852e+00,2.203814506530761719e+01
5.821804404258728027e-01,1.288694667816162109e+01
1.227458238601684570e+00,2.227200317382812500e+01
2.320739984512329102e+00,2.197256088256835938e+01
1.028927564620971680e+00,1.195507526397705078e+01
2.354375123977661133e+00,1.521553325653076172e+01
1.029830217361450195e+00,1.878516387939453125e+01
1.424941539764404297e+00,2.116241455078125000e+01
2.775692701339721680e+00,2.122195816040039062e+01
1.941759705543518066e+00,1.577689838409423828e+01
2.411179065704345703e+00,1.862090873718261719e+01
1.136974811553955078e+00,2.246025085449218750e+01
2.426043748855590820e+00,1.904475021362304688e+01
9.523736238479614258e-01,1.280536365509033203e+01
2.937032461166381836e+00,2.090325355529785156e+01
2.886651515960693359e+00,2.181370162963867188e+01
4.188909530639648438e+00,1.984337997436523438e+01
9.347010254859924316e-01,2.217628860473632812e+01
-7.719634771347045898e-01,1.312785720825195312e+01
1.721927642822265625e+00,2.197842025756835938e+01
2.200838476419448853e-01,1.498947811126708984e+01
2.101622819900512695e+00,2.041490554809570312e+01
1.792343378067016602e+00,1.693855285644531250e+01
1.296018511056900024e-01,9.887900352478027344e+00
2.370043992996215820e+00,2.183561325073242188e+01
3.512362718582153320e+00,2.003367996215820312e+01
1.531978845596313477e+00,1.745163154602050781e+01
1.177484989166259766e+00,1.966022872924804688e+01
1.040000796318054199e+00,9.133509635925292969e+00
1.999800801277160645e+00,2.179803085327148438e+01
9.130496978759765625e-01,2.149731254577636719e+01
1.023405790328979492e+00,1.125648975372314453e+01
1.924644857645034790e-01,9.934947967529296875e+00
3.134959638118743896e-01,1.839375686645507812e+01
-6.054767966270446777e-01,8.691872596740722656e+00
3.461412668228149414e+00,1.943545532226562500e+01
2.049403339624404907e-01,2.135516929626464844e+01
3.941339731216430664e+00,1.390623188018798828e+01
-7.391982078552246094e-01,1.292914676666259766e+01
9.482516050338745117e-01,1.725006294250488281e+01
6.720556020736694336e-01,2.131790351867675781e+01
6.887606382369995117e-01,1.994088745117187500e+01
2.931635141372680664e+00,9.347935676574707031e+00
2.605118513107299805e+00,2.164936828613281250e+01
2.014418840408325195e+00,1.871790504455566406e+01
1.343126296997070312e+00,2.222310447692871094e+01
1.099568128585815430e+00,2.228028297424316406e+01
2.590455293655395508e+00,1.855132675170898438e+01
3.134385824203491211e+00,2.143690299987792969e+01
1.656712651252746582e+00,1.658218193054199219e+01
1.027870416641235352e+00,1.553244018554687500e+01
1.189487099647521973e+00,2.225719070434570312e+01
2.225552797317504883e+00,2.142804336547851562e+01
6.591764092445373535e-01,2.203434944152832031e+01
2.726464986801147461e+00,2.164511871337890625e+01
3.346638917922973633e+00,2.071958732604980469e+01
4.206348359584808350e-01,1.378883361816406250e+01
2.095560312271118164e+00,2.035363769531250000e+01
8.220458626747131348e-01,1.305313396453857422e+01
1.267174005508422852e+00,1.437403011322021484e+01
1.202197298407554626e-01,2.186561393737792969e+01
3.456511497497558594e+00,1.987641716003417969e+01
1.640161395072937012e+00,2.213480377197265625e+01
-4.807310700416564941e-01,1.157132434844970703e+01
2.822172641754150391e+00,2.166445159912109375e+01
3.491797447204589844e+00,2.018888092041015625e+01
6.942601799964904785e-01,1.533914279937744141e+01
1.159580469131469727e+00,2.130745506286621094e+01
-8.407840877771377563e-02,2.105192184448242188e+01
4.539076387882232666e-01,1.906939506530761719e+01
4.181711375713348389e-01,2.180242347717285156e+01
2.218630552291870117e+00,1.906773567199707031e+01
-9.753728508949279785e-01,2.090990447998046875e+01
1.310322761535644531e+00,2.208400726318359375e+01
4.133778512477874756e-01,1.283634662628173828e+01
1.577023029327392578e+00,2.176187896728515625e+01
2.043742179870605469e+00,2.150656890869140625e+01
3.299417018890380859e+00,2.113526725769042969e+01
1.440294146537780762e+00,1.655933570861816406e+01
1.703509807586669922e+00,2.226148605346679688e+01
3.203533887863159180e+00,1.367920112609863281e+01
2.305053472518920898e+00,2.079638290405273438e+01
2.743318796157836914e+00,2.192491912841796875e+01
2.129198983311653137e-02,1.574910354614257812e+01
4.090408980846405029e-01,1.249728488922119141e+01
5.137115478515625000e+00,1.684256362915039062e+01
-2.950604856014251709e-01,1.963607406616210938e+01
3.588103532791137695e+00,1.824942398071289062e+01
-3.964483141899108887e-01,1.322037410736083984e+01
2.637317180633544922e+00,1.939557647705078125e+01
2.535508871078491211e+00,2.171315002441406250e+01
1.874522447586059570e+00,2.131981277465820312e+01
2.951573610305786133e+00,2.106143188476562500e+01
2.385172992944717407e-01,1.150786113739013672e+01
4.033068716526031494e-01,1.093171596527099609e+01
2.309429645538330078e+00,2.201054382324218750e+01
4.193492412567138672e+00,1.960914230346679688e+01
4.545556008815765381e-01,1.758545494079589844e+01
2.391422539949417114e-01,1.747150039672851562e+01
5.056145191192626953e-01,1.510306739807128906e+01
5.759899616241455078e-01,2.186872863769531250e+01
1.257898807525634766e+00,2.170730018615722656e+01
1.485684990882873535e+00,2.228678512573242188e+01
2.805672585964202881e-01,1.792716979980468750e+01
5.317109823226928711e-01,1.107935237884521484e+01
-4.477856457233428955e-01,9.132380485534667969e+00
3.058229207992553711e+00,2.134804344177246094e+01
2.508733510971069336e+00,2.167312622070312500e+01
1.330128908157348633e+00,1.792869186401367188e+01
-2.538292109966278076e-01,2.002574348449707031e+01
1.325845718383789062e+00,1.613433265686035156e+01
2.330549955368041992e+00,2.215998649597167969e+01
7.485278844833374023e-01,1.069313240051269531e+01
2.454954534769058228e-01,1.188429737091064453e+01
3.296388864517211914e+00,2.101379776000976562e+01
4.457601606845855713e-01,1.208637142181396484e+01
7.336252331733703613e-01,1.298866558074951172e+01
6.162220835685729980e-01,1.570561885833740234e+01
-8.129448294639587402e-01,1.165391063690185547e+01
-4.241903722286224365e-01,1.098835945129394531e+01
2.850445270538330078e+00,2.137055969238281250e+01
4.042681455612182617e-01,9.370284080505371094e+00
2.084458112716674805e+00,1.808544921875000000e+01
3.273794889450073242e+00,2.131757736206054688e+01
4.339904785156250000e+00,1.859197425842285156e+01
3.073669910430908203e+00,2.040589714050292969e+01
3.972633123397827148e+00,2.016027832031250000e+01
1.518347024917602539e+00,1.508613491058349609e+01
3.193445682525634766e+00,2.127325057983398438e+01
1.715292453765869141e+00,2.200114059448242188e+01
2.631233692169189453e+00,2.137361907958984375e+01
1.613339424133300781e+00,2.234333610534667969e+01
9.945061802864074707e-01,2.136545181274414062e+01
3.013422191143035889e-01,1.423872280120849609e+01
8.129777908325195312e-01,-2.463513135910034180e+00
-1.375256925821304321e-01,9.151282310485839844e+00
-1.986694186925888062e-01,8.196221351623535156e+00
5.951458811759948730e-01,1.088345527648925781e+01
9.137536287307739258e-01,2.231766128540039062e+01
2.417456150054931641e+00,2.112773513793945312e+01
1.757909536361694336e+00,1.636860656738281250e+01
2.713742494583129883e+00,2.176641464233398438e+01
2.519750297069549561e-01,2.187392807006835938e+01
8.530423641204833984e-01,1.774487686157226562e+01
1.972707390785217285e+00,2.106953430175781250e+01
9.532310962677001953e-01,2.220335197448730469e+01
1.039982080459594727e+00,1.570361900329589844e+01
6.213378310203552246e-01,2.195622825622558594e+01
1.546565890312194824e+00,2.216044044494628906e+01
1.262223958969116211e+00,1.521434402465820312e+01
-1.192816972732543945e+00,8.575748443603515625e+00
2.029738903045654297e+00,1.713696479797363281e+01
1.312881231307983398e+00,2.012004661560058594e+01
1.082745432853698730e+00,2.179537773132324219e+01
4.106658935546875000e+00,1.956492614746093750e+01
2.192805290222167969e+00,1.669180488586425781e+01
8.693494796752929688e-01,1.781598281860351562e+01
1.768033504486083984e+00,1.543264770507812500e+01
2.025977134704589844e+00,2.029758453369140625e+01
1.983550310134887695e+00,1.609642410278320312e+01
2.463697433471679688e+00,2.187147903442382812e+01
1.325735807418823242e+00,1.588579750061035156e+01
2.452283620834350586e+00,2.037909698486328125e+01
-7.788935899734497070e-01,1.143584156036376953e+01
3.028194665908813477e+00,2.025276565551757812e+01
2.693874120712280273e+00,1.920521163940429688e+01
1.424246072769165039e+00,2.238513565063476562e+01
2.848086595535278320e+00,1.051857089996337891e+01
1.152795076370239258e+00,1.220536899566650391e+01
3.497034072875976562e+00,2.098616027832031250e+01
2.003379583358764648e+00,1.970212364196777344e+01
1.658111572265625000e+00,2.211200332641601562e+01
1.849797844886779785e+00,2.108894348144531250e+01
-2.850311696529388428e-01,2.141003227233886719e+01
2.514620780944824219e+00,2.141960525512695312e+01
2.183194875717163086e+00,2.198679924011230469e+01
1.818610310554504395e+00,1.369140529632568359e+01
3.371481001377105713e-01,2.187200927734375000e+01
2.037768602371215820e+00,2.204238891601562500e+01
1.035754442214965820e+00,1.765611648559570312e+01
2.358392000198364258e+00,2.044663619995117188e+01
1.395203351974487305e+00,1.834614181518554688e+01
2.254273176193237305e+00,2.188541793823242188e+01
1.331320881843566895e+00,1.548542976379394531e+01
2.758183240890502930e+00,2.186077117919921875e+01
-3.852904736995697021e-01,1.882443618774414062e+01
1.650232076644897461e+00,1.871540069580078125e+01
2.066563844680786133e+00,2.206570434570312500e+01
4.836148917675018311e-01,2.126495170593261719e+01
2.906337082386016846e-01,2.202567291259765625e+01
6.381487250328063965e-01,1.462311458587646484e+01
3.397549390792846680e+00,2.097382736206054688e+01
1.717982292175292969e+00,1.716567230224609375e+01
1.776110649108886719e+00,2.215616989135742188e+01
1.142315626144409180e+00,1.975519943237304688e+01
1.039651632308959961e+00,2.219204711914062500e+01
-5.830538868904113770e-01,2.017447853088378906e+01
1.886446237564086914e+00,2.164842987060546875e+01
2.491048336029052734e+00,2.204355812072753906e+01
1.934289216995239258e+00,2.228260040283203125e+01
3.404939889907836914e+00,2.126734161376953125e+01
1.715033292770385742e+00,2.041699600219726562e+01
1.538287162780761719e+00,2.212132644653320312e+01
1.816165328025817871e+00,2.161289596557617188e+01
2.060112714767456055e+00,2.224541854858398438e+01
3.003521442413330078e+00,2.138449668884277344e+01
8.097896575927734375e-01,1.325239753723144531e+01
2.017565369606018066e-01,7.771845340728759766e+00
1.131584525108337402e+00,2.222352600097656250e+01
9.328862428665161133e-01,1.606736183166503906e+01
2.614372968673706055e+00,1.553601551055908203e+01
2.543985545635223389e-01,1.527400112152099609e+01
1.987011909484863281e+00,2.089858627319335938e+01
1.856951713562011719e+00,2.228187370300292969e+01
6.232781410217285156e-01,2.213877296447753906e+01
5.773041248321533203e-01,9.434696197509765625e+00
3.075160026550292969e+00,2.154085922241210938e+01
2.234590768814086914e+00,2.004182243347167969e+01
9.460185766220092773e-01,1.827516555786132812e+01
3.590289354324340820e+00,2.103910827636718750e+01
1.471019744873046875e+00,1.838850975036621094e+01
1.314535856246948242e+00,2.155230331420898438e+01
1.208375453948974609e+00,2.212062454223632812e+01
-5.793075077235698700e-03,1.045524787902832031e+01
2.189004659652709961e+00,2.201577377319335938e+01
3.081790208816528320e+00,2.035712432861328125e+01
4.320247471332550049e-01,8.608333587646484375e+00
2.091152429580688477e+00,2.208455657958984375e+01
2.889410495758056641e+00,2.168200874328613281e+01
4.044608592987060547e+00,2.033553695678710938e+01
4.997126162052154541e-01,2.170167541503906250e+01
2.369870185852050781e+00,1.941687965393066406e+01
-8.688063621520996094e-01,6.898828983306884766e+00
1.920732259750366211e+00,2.198942375183105469e+01
1.969353199005126953e+00,2.160510253906250000e+01
1.241342186927795410e+00,9.227442741394042969e+00
3.316386222839355469e+00,2.123832321166992188e+01
2.253734111785888672e+00,2.096132278442382812e+01
1.940062165260314941e+00,2.202626991271972656e+01
-7.250450849533081055e-01,8.310719490051269531e+00
1.855138301849365234e+00,2.089745712280273438e+01
2.667979478836059570e+00,2.162544059753417969e+01
1.100864171981811523e+00,2.220297622680664062e+01
2.323904275894165039e+00,2.168303108215332031e+01
5.562715530395507812e-01,1.604483032226562500e+01
2.237489700317382812e+00,2.046222114562988281e+01
2.059643268585205078e+00,2.173494148254394531e+01
4.476340115070343018e-01,1.007542133331298828e+01
1.384611845016479492e+00,2.146158599853515625e+01
1.819203615188598633e+00,2.019715881347656250e+01
6.522882580757141113e-01,1.349113178253173828e+01
1.453046560287475586e+00,2.208294296264648438e+01
1.266063451766967773e+00,2.205014419555664062e+01
5.756718516349792480e-01,2.188779830932617188e+01
1.609704494476318359e+00,1.803637123107910156e+01
-6.392756700515747070e-01,1.548669624328613281e+01
2.231552153825759888e-01,2.195466232299804688e+01
1.219115376472473145e+00,1.111975383758544922e+01
1.494324922561645508e+00,1.852122688293457031e+01
-2.285098880529403687e-01,6.809521198272705078e+00
-7.667175680398941040e-02,2.161031723022460938e+01
-1.041573047637939453e+00,5.678690433502197266e+00
1.358510971069335938e+00,2.176776885986328125e+01
3.406870603561401367e+00,2.072466087341308594e+01
2.445585012435913086e+00,2.197975158691406250e+01
2.071063756942749023e+00,1.974255752563476562e+01
7.013874053955078125e-01,2.030344963073730469e+01
3.607746064662933350e-01,2.192032241821289062e+01
-7.838181257247924805e-01,8.977328300476074219e+00
-2.154015451669692993e-01,1.001225185394287109e+01
1.290190219879150391e+00,1.934584808349609375e+01
1.181968674063682556e-01,1.695120429992675781e+01
1.514907121658325195e+00,1.907168197631835938e+01
-7.358219623565673828e-01,1.325514316558837891e+01
1.904201030731201172e+00,1.660305404663085938e+01
3.396349668502807617e+00,2.037211990356445312e+01
-3.309936448931694031e-02,1.210999202728271484e+01
8.878081440925598145e-01,2.217798233032226562e+01
1.857609510421752930e+00,2.226922988891601562e+01
7.262837886810302734e-01,1.318316173553466797e+01
1.193377003073692322e-01,9.193266868591308594e+00
-8.079145550727844238e-01,1.778703808784484863e+00
7.892058491706848145e-01,1.403782367706298828e+01
-9.635967016220092773e-01,1.406585025787353516e+01
1.662907361984252930e+00,1.978396606445312500e+01
-1.616432219743728638e-01,4.328336715698242188e+00
-1.458172034472227097e-02,1.226767635345458984e+01
2.302164793014526367e+00,1.922772598266601562e+01
-5.554816722869873047e-01,1.410796928405761719e+01
2.738394975662231445e+00,2.173132705688476562e+01
-1.393675357103347778e-01,1.536497879028320312e+01
1.356951594352722168e+00,1.820021438598632812e+01
1.741222381591796875e+00,2.209020423889160156e+01
3.095062494277954102e+00,2.088763427734375000e+01
1.804355859756469727e+00,2.034385299682617188e+01
3.338918387889862061e-01,1.408693504333496094e+01
8.810806274414062500e-01,2.223940467834472656e+01
2.124738216400146484e+00,2.215507125854492188e+01
1.674500942230224609e+00,2.221568298339843750e+01
-7.277247309684753418e-01,1.816932678222656250e+01
3.318517684936523438e+00,2.102142715454101562e+01
2.669644117355346680e+00,2.171435546875000000e+01
1.670240879058837891e+00,2.163753128051757812e+01
2.319325685501098633e+00,1.092267990112304688e+01
-3.998779952526092529e-01,1.128552532196044922e+01
4.211225986480712891e+00,1.985943984985351562e+01
1.082029461860656738e+00,2.014120101928710938e+01
2.357843160629272461e+00,2.205852508544921875e+01
1.042255982756614685e-01,1.960327529907226562e+01
2.039747238159179688e+00,2.225559234619140625e+01
2.994216203689575195e+00,1.513247871398925781e+01
1.256160140037536621e+00,9.716574668884277344e+00
1.403100728988647461e+00,2.229481506347656250e+01
5.111934617161750793e-02,2.180916786193847656e+01
-7.721980810165405273e-01,1.519792652130126953e+01
1.180386543273925781e+00,2.194500350952148438e+01
-4.789371192455291748e-01,1.339851856231689453e+01
3.391539573669433594e+00,2.118328666687011719e+01
1.337554097175598145e+00,2.208705902099609375e+01
2.197498798370361328e+00,2.194466972351074219e+01
1.514454841613769531e+00,1.510927391052246094e+01
1.299093008041381836e+00,2.147166824340820312e+01
4.689151942729949951e-01,1.941403579711914062e+01
3.806576728820800781e+00,2.009272003173828125e+01
3.686499834060668945e+00,2.067474365234375000e+01
2.101268291473388672e+00,2.211772918701171875e+01
2.286693096160888672e+00,2.191900634765625000e+01
2.163489580154418945e+00,1.900761032104492188e+01
2.629304647445678711e+00,2.178272056579589844e+01
1.754017472267150879e+00,2.221171760559082031e+01
-3.078905865550041199e-02,1.170659923553466797e+01
3.003636121749877930e+00,2.155346679687500000e+01
3.776278257369995117e+00,6.092767715454101562e+00
2.356112003326416016e+00,2.178533744812011719e+01
6.620303988456726074e-01,2.190998840332031250e+01
1.997582167387008667e-01,1.224159240722656250e+01
1.990650892257690430e+00,2.202036666870117188e+01
1.672208309173583984e+00,2.190436935424804688e+01
9.524544328451156616e-02,1.861144638061523438e+01
1.156970381736755371e+00,2.212912940979003906e+01
1.201639413833618164e+00,2.194344711303710938e+01
3.230659067630767822e-01,1.191599941253662109e+01
3.075347185134887695e+00,2.150434494018554688e+01
2.549909830093383789e+00,2.155630111694335938e+01
9.805362224578857422e-01,1.851641464233398438e+01
9.646334052085876465e-01,2.217767333984375000e+01
-7.075020074844360352e-01,2.019298171997070312e+01
1.615440368652343750e+00,2.201182556152343750e+01
2.659909009933471680e+00,2.180336570739746094e+01
1.078366875648498535e+00,2.245347213745117188e+01
2.316181898117065430e+00,1.425287055969238281e+01
2.803798675537109375e+00,2.939501523971557617e+00
5.809472799301147461e-01,1.687097930908203125e+01
4.574497416615486145e-02,2.037236404418945312e+01
-1.889020800590515137e-01,8.472758293151855469e+00
1.671046018600463867e+00,1.744797325134277344e+01
1.530163288116455078e+00,2.199057197570800781e+01
2.776095867156982422e-01,8.593611717224121094e+00
1.383250594139099121e+00,2.236901092529296875e+01
2.589640378952026367e+00,2.185626983642578125e+01
1.217321395874023438e+00,1.700179100036621094e+01
2.228881597518920898e+00,9.252223014831542969e+00
2.426032543182373047e+00,2.174184799194335938e+01
1.098238945007324219e+00,2.065399551391601562e+01
-5.149251222610473633e-01,1.923613357543945312e+01
-4.202685952186584473e-01,9.000214576721191406e+00
2.216042757034301758e+00,2.201120185852050781e+01
9.504324197769165039e-01,1.062338829040527344e+01
-3.364215604960918427e-03,1.228058815002441406e+01
4.946384906768798828e+00,1.807252693176269531e+01
1.624499082565307617e+00,1.446415424346923828e+01
2.178314924240112305e+00,1.436806201934814453e+01
1.316371321678161621e+00,2.208075714111328125e+01
4.234703063964843750e+00,1.969554901123046875e+01
-9.406958222389221191e-01,1.791432189941406250e+01
2.394280433654785156e+00,2.204290580749511719e+01
-6.283560395240783691e-01,1.691712188720703125e+01
1.924282312393188477e+00,1.940334701538085938e+01
2.249701023101806641e+00,1.371527004241943359e+01
2.881341934204101562e+00,2.126984024047851562e+01
3.557475805282592773e+00,2.105126190185546875e+01
2.251863032579421997e-01,7.987872600555419922e+00
2.880360841751098633e+00,2.163502502441406250e+01
6.816436052322387695e-01,1.471463584899902344e+01
3.025763750076293945e+00,2.143293190002441406e+01
7.300304770469665527e-01,1.282596874237060547e+01
9.705761671066284180e-01,1.249396038055419922e+01
-8.146778494119644165e-02,1.741522407531738281e+01
8.993204236030578613e-01,1.555924415588378906e+01
3.457470238208770752e-01,2.061752700805664062e+01
1.601166963577270508e+00,1.851943397521972656e+01
4.692290306091308594e+00,1.861604690551757812e+01
2.327617406845092773e+00,2.213726234436035156e+01
-3.278757035732269287e-01,1.103600025177001953e+01
1.181344747543334961e+00,1.607258415222167969e+01
-7.342405915260314941e-01,2.063492965698242188e+01
3.973436653614044189e-01,1.140231037139892578e+01
2.104988574981689453e+00,1.937963676452636719e+01
1.544872760772705078e+00,1.749252700805664062e+01
-4.959069192409515381e-01,2.965164899826049805e+00
1.001466751098632812e+00,1.744127082824707031e+01
2.681396961212158203e+00,2.196915435791015625e+01
2.922632992267608643e-01,2.172750091552734375e+01
6.686798334121704102e-01,1.922793769836425781e+01
2.252859354019165039e+00,2.145786094665527344e+01
2.066961050033569336e+00,2.219102668762207031e+01
5.667636871337890625e+00,1.516933345794677734e+01
1.085546255111694336e+00,1.431746578216552734e+01
9.265000820159912109e-01,1.902141571044921875e+01
3.851936340332031250e+00,1.482452011108398438e+01
1.875001072883605957e+00,2.137645721435546875e+01
2.512494087219238281e+00,2.143262863159179688e+01
5.535191297531127930e-01,1.595669269561767578e+01
-2.042770236730575562e-01,1.311348724365234375e+01
1.078119754791259766e+00,2.181607246398925781e+01
3.139025449752807617e+00,1.564560031890869141e+01
1.294600844383239746e+00,2.216343116760253906e+01
3.340201139450073242e+00,2.131353378295898438e+01
9.647839665412902832e-01,2.104637527465820312e+01
4.498821794986724854e-01,1.317330551147460938e+01
4.700553715229034424e-01,9.709456443786621094e+00
2.253220826387405396e-01,2.164791488647460938e+01
8.891046047210693359e-01,1.705223083496093750e+01
1.233683586120605469e+00,1.329816913604736328e+01
2.341172933578491211e+00,2.202464485168457031e+01
-5.723450779914855957e-01,1.971124839782714844e+01
7.201901674270629883e-01,1.419890117645263672e+01
-4.452322050929069519e-02,1.057640361785888672e+01
3.616623878479003906e+00,2.078445434570312500e+01
-7.975546717643737793e-01,1.265509891510009766e+01
3.578916490077972412e-01,1.599600124359130859e+01
8.938807249069213867e-01,1.997307968139648438e+01
2.446866512298583984e+00,2.162612152099609375e+01
1.163833260536193848e+00,2.166111373901367188e+01
3.132548570632934570e+00,2.080354690551757812e+01
9.143824577331542969e-01,1.597636985778808594e+01
1.574762821197509766e+00,1.898741340637207031e+01
2.193091630935668945e+00,2.219997215270996094e+01
-9.988964796066284180e-01,9.987000465393066406e+00
1.280292272567749023e+00,1.863780593872070312e+01
1.641873478889465332e+00,2.189958953857421875e+01
1.006543993949890137e+00,1.550395870208740234e+01
2.950286149978637695e+00,2.140729522705078125e+01
1.280353784561157227e+00,1.521028804779052734e+01
2.426323652267456055e+00,2.022470855712890625e+01
1.975006341934204102e+00,2.206250000000000000e+01
1.182223320007324219e+00,2.216835212707519531e+01
2.765495061874389648e+00,1.939269638061523438e+01
2.849575579166412354e-01,1.993687438964843750e+01
5.317218974232673645e-02,8.174643516540527344e+00
1.033248186111450195e+00,2.202871704101562500e+01
3.133122026920318604e-01,2.158670425415039062e+01
1.769571423530578613e+00,2.209120559692382812e+01
6.532396078109741211e-01,1.566344833374023438e+01
9.483643174171447754e-01,2.222685623168945312e+01
-5.007674694061279297e-01,8.366331100463867188e+00
1.023860454559326172e+00,1.189684295654296875e+01
1.592159569263458252e-01,7.207046508789062500e+00
1.797905445098876953e+00,2.210580444335937500e+01
-5.851634740829467773e-01,1.517869663238525391e+01
4.980172589421272278e-02,1.465842342376708984e+01
1.648496389389038086e+00,1.895281600952148438e+01
1.206521749496459961e+00,2.214659118652343750e+01
2.793915271759033203e+00,1.929593276977539062e+01
-6.783804297447204590e-01,2.075491714477539062e+01
-1.339091509580612183e-01,2.036534500122070312e+01
1.567249298095703125e+00,2.213866996765136719e+01
3.155589103698730469e+00,1.800053215026855469e+01
3.739597082138061523e+00,2.059347915649414062e+01
3.012022078037261963e-01,1.210685443878173828e+01
1.175420284271240234e+00,1.950856208801269531e+01
-6.874669790267944336e-01,1.277656459808349609e+01
1.717245936393737793e+00,2.113430023193359375e+01
2.948782920837402344e+00,2.125238037109375000e+01
1.615550518035888672e+00,2.238567733764648438e+01
1.716833263635635376e-01,1.923446655273437500e+01
1.977516055107116699e+00,2.152107238769531250e+01
2.579731702804565430e+00,1.577931785583496094e+01
7.314934730529785156e-01,1.305369091033935547e+01
3.374312639236450195e+00,2.129161643981933594e+01
1.894067049026489258e+00,2.213053321838378906e+01
2.417288571596145630e-01,1.532909870147705078e+01
1.337136149406433105e+00,2.220265769958496094e+01
2.769535779953002930e+00,2.076316452026367188e+01
8.614940047264099121e-01,1.766000175476074219e+01
4.192247390747070312e+00,1.936442184448242188e+01
7.116519808769226074e-01,1.494846343994140625e+01
5.025720000267028809e-01,1.135786151885986328e+01
2.102625370025634766e+00,1.772884750366210938e+01
-8.361622095108032227e-01,1.966049385070800781e+01
1.509561896324157715e+00,2.007364082336425781e+01
6.427149176597595215e-01,1.785144233703613281e+01
2.928133726119995117e+00,2.149164199829101562e+01
3.356665849685668945e+00,1.342254543304443359e+01
1.550658464431762695e+00,2.226162719726562500e+01
1.803064584732055664e+00,2.172204208374023438e+01
6.259367465972900391e-01,6.991581439971923828e+00
1.506671190261840820e+00,2.230919647216796875e+01
2.332982063293457031e+00,2.064435005187988281e+01
2.605809926986694336e+00,2.032629203796386719e+01
1.493055820465087891e+00,2.217309188842773438e+01
1.676853895187377930e+00,1.737696266174316406e+01
3.178406476974487305e+00,1.924164581298828125e+01
9.644296020269393921e-02,1.131365394592285156e+01
1.580286383628845215e+00,1.164093494415283203e+01
1.273589611053466797e+00,2.207568359375000000e+01
2.116400957107543945e+00,2.173546600341796875e+01
2.601563692092895508e+00,1.671521568298339844e+01
4.433518886566162109e+00,1.861135482788085938e+01
4.258848130702972412e-01,1.495326137542724609e+01
8.649393916130065918e-01,2.213940238952636719e+01
2.108593940734863281e+00,2.108273124694824219e+01
3.564362525939941406e+00,1.934249496459960938e+01
6.365547180175781250e-01,8.345534324645996094e+00
1.006296157836914062e+00,2.220451736450195312e+01
8.689272999763488770e-01,2.212678527832031250e+01
3.033684015274047852e+00,2.106036376953125000e+01
2.367377281188964844e+00,1.649188613891601562e+01
2.298200845718383789e+00,2.187053489685058594e+01
2.648166894912719727e+00,2.119568443298339844e+01
-5.975661799311637878e-02,1.880096244812011719e+01
3.319284617900848389e-01,2.146506118774414062e+01
3.261887788772583008e+00,2.148964309692382812e+01
1.411702513694763184e+00,1.269377136230468750e+01
1.166387796401977539e+00,1.237250232696533203e+01
2.293245553970336914e+00,2.132234954833984375e+01
6.916566938161849976e-02,2.138331985473632812e+01
2.371777296066284180e+00,2.190497970581054688e+01
2.179093837738037109e+00,1.815291595458984375e+01
1.243078708648681641e+00,2.047629737854003906e+01
2.057319402694702148e+00,2.147655105590820312e+01
3.041492700576782227e+00,2.131306076049804688e+01
2.748942852020263672e+00,1.857371520996093750e+01
2.913126707077026367e+00,2.157473373413085938e+01
3.530102074146270752e-01,1.537275886535644531e+01
1.220697402954101562e+00,2.086146545410156250e+01
7.564631104469299316e-01,2.122770309448242188e+01
9.585775732994079590e-01,1.615253067016601562e+01
1.629307508468627930e+00,2.152965164184570312e+01
2.845902204513549805e+00,1.561504554748535156e+01
9.938287734985351562e-01,1.145051479339599609e+01
2.201571702957153320e+00,2.219388580322265625e+01
-2.533020973205566406e-01,1.226667690277099609e+01
3.652809381484985352e+00,2.034959030151367188e+01
1.938015818595886230e+00,2.214130020141601562e+01
2.556508481502532959e-01,1.367765903472900391e+01
-3.311488926410675049e-01,1.501515197753906250e+01
7.225459218025207520e-01,1.595484733581542969e+01
1.778925299644470215e+00,2.216855430603027344e+01
-1.070952191948890686e-01,1.426409626007080078e+01
1.686312913894653320e+00,2.209928321838378906e+01
1.365564465522766113e+00,2.107652282714843750e+01
-4.781287014484405518e-01,1.774324417114257812e+01
1.820865988731384277e+00,1.763616371154785156e+01
1.117354989051818848e+00,2.176153755187988281e+01
1.805109024047851562e+00,2.184418487548828125e+01
-3.885755240917205811e-01,9.426069259643554688e+00
2.159944057464599609e+00,2.214770889282226562e+01
3.858132123947143555e+00,2.047763061523437500e+01
2.647935628890991211e+00,2.200503730773925781e+01
-6.177355051040649414e-01,1.986146163940429688e+01
4.428042471408843994e-01,2.216781234741210938e+01
-6.727793216705322266e-01,6.559582233428955078e+00
4.842875301837921143e-01,1.353128528594970703e+01
1.610838249325752258e-02,1.289687061309814453e+01
5.241644978523254395e-01,1.901163673400878906e+01
1.138095140457153320e+00,1.423576545715332031e+01
-6.789388656616210938e-01,7.631243228912353516e+00
-7.201685309410095215e-01,1.934895706176757812e+01
2.155044823884963989e-01,2.193843841552734375e+01
1.020602464675903320e+00,2.112462615966796875e+01
1.931311845779418945e+00,2.192575836181640625e+01
1.205718517303466797e+00,2.135361671447753906e+01
2.467164278030395508e+00,2.205267143249511719e+01
-7.236506938934326172e-01,1.086677837371826172e+01
2.606109380722045898e+00,2.182350158691406250e+01
-9.902320057153701782e-02,1.104917049407958984e+01
2.673388719558715820e-01,1.093315696716308594e+01
1.053516626358032227e+00,1.467650890350341797e+01
2.257038354873657227e+00,2.181179428100585938e+01
3.501780703663825989e-02,2.020063781738281250e+01
2.043354272842407227e+00,1.861926651000976562e+01
1.873993277549743652e+00,2.222368431091308594e+01
3.576396226882934570e+00,2.099860191345214844e+01
-7.744919061660766602e-01,1.450369739532470703e+01
9.685640931129455566e-01,1.097516345977783203e+01
1.052293896675109863e+00,2.199542427062988281e+01
3.831911385059356689e-01,1.512160301208496094e+01
5.448901653289794922e-01,1.940758514404296875e+01
8.616111278533935547e-01,-5.246917158365249634e-02
1.485937952995300293e+00,2.223501968383789062e+01
2.239463806152343750e+00,2.064346694946289062e+01
-3.554156720638275146e-01,6.967585563659667969e+00
3.801755607128143311e-01,2.074750900268554688e+01
3.853174149990081787e-01,1.179080867767333984e+01
2.350735425949096680e+00,1.622265243530273438e+01
9.119904637336730957e-01,1.887526702880859375e+01
2.822760581970214844e+00,2.160355377197265625e+01
-7.343239337205886841e-02,1.450502777099609375e+01
-7.433187961578369141e-01,1.728720092773437500e+01
1.651246905326843262e+00,2.188503456115722656e+01
-1.021955981850624084e-01,1.614411926269531250e+01
2.240726232528686523e+00,1.799291992187500000e+01
1.905881166458129883e+00,1.522763538360595703e+01
-5.710514783859252930e-01,6.025524616241455078e+00
5.401979088783264160e-01,9.667155265808105469e+00
7.345829010009765625e-01,1.602980613708496094e+01
1.779420495033264160e+00,1.730736923217773438e+01
1.683001518249511719e+00,1.480366992950439453e+01
1.531785964965820312e+00,2.206173706054687500e+01
3.628607690334320068e-01,1.894304084777832031e+01
1.958803772926330566e+00,2.202853012084960938e+01
-1.220150068402290344e-01,9.468335151672363281e+00
2.194550037384033203e+00,2.196255493164062500e+01
1.019217967987060547e+00,1.734102821350097656e+01
1.554416537284851074e+00,1.633045959472656250e+01
-4.051470458507537842e-01,1.892831802368164062e+01
2.022857189178466797e+00,2.198378372192382812e+01
1.831242084503173828e+00,1.726553726196289062e+01
1.416885495185852051e+00,2.207142639160156250e+01
5.727705359458923340e-01,2.203718185424804688e+01
1.432127714157104492e+00,2.222625160217285156e+01
1.142429828643798828e+00,2.196755790710449219e+01
2.218689680099487305e+00,2.107921218872070312e+01
1.944155812263488770e+00,2.203376007080078125e+01
-1.237221136689186096e-01,2.085251808166503906e+01
4.639858901500701904e-01,2.109430313110351562e+01
1.287859201431274414e+00,1.917295455932617188e+01
3.285878658294677734e+00,2.136279296875000000e+01
2.255136489868164062e+00,1.787576293945312500e+01
-1.374811977148056030e-01,1.141085910797119141e+01
1.092136502265930176e+00,1.969763946533203125e+01
-4.856692850589752197e-01,9.411555290222167969e+00
2.755097627639770508e+00,2.169236755371093750e+01
8.113169074058532715e-01,1.496964168548583984e+01
3.818314790725708008e+00,1.988477706909179688e+01
1.419508814811706543e+00,2.228593826293945312e+01
1.524824619293212891e+00,1.469826984405517578e+01
1.522661089897155762e+00,2.190195465087890625e+01
1.142727971076965332e+00,1.954708862304687500e+01
-2.909973561763763428e-01,4.601235866546630859e+00
7.493419647216796875e-01,2.184948730468750000e+01
-9.790132641792297363e-01,3.012597799301147461e+00
-8.510091304779052734e-01,5.724616050720214844e+00
7.133438438177108765e-02,2.164451980590820312e+01
-9.958631545305252075e-02,1.307009029388427734e+01
-6.374601125717163086e-01,1.940299987792968750e+01
5.871602892875671387e-01,1.486235141754150391e+01
2.445014476776123047e+00,2.175124740600585938e+01
4.476211547851562500e+00,1.791477394104003906e+01
3.043620347976684570e+00,2.141071128845214844e+01
2.182816267013549805e+00,2.201870727539062500e+01
2.987059116363525391e+00,2.170713043212890625e+01
3.897894322872161865e-01,1.010027217864990234e+01
7.220454216003417969e-01,4.728907585144042969e+00
1.518219828605651855e+00,1.616378593444824219e+01
2.668956995010375977e+00,2.050761032104492188e+01
1.394854068756103516e+00,1.692014694213867188e+01
9.685894250869750977e-01,1.722380447387695312e+01
1.822260379791259766e+00,2.225789070129394531e+01
1.145695686340332031e+00,2.198880767822265625e+01
9.271169900894165039e-01,1.640716552734375000e+01
2.598876237869262695e+00,1.511776351928710938e+01
4.357050359249114990e-01,2.171657180786132812e+01
1.123219251632690430e+00,2.200011062622070312e+01
3.419212996959686279e-01,1.570443439483642578e+01
-1.065530419349670410e+00,1.885094833374023438e+01
-1.624833494424819946e-01,1.347183322906494141e+01
1.003786802291870117e+00,1.700976371765136719e+01
1.737124174833297729e-01,1.119813060760498047e+01
2.338274002075195312e+00,1.948496055603027344e+01
2.113979578018188477e+00,2.055777168273925781e+01
9.228050708770751953e-01,2.191378021240234375e+01
1.917091012001037598e+00,2.170646858215332031e+01
7.528191804885864258e-01,1.585441112518310547e+01
1.817062735557556152e+00,2.199219512939453125e+01
2.141427516937255859e+00,2.180395126342773438e+01
-2.637228071689605713e-01,2.055673408508300781e+01
1.318731427192687988e+00,1.861548614501953125e+01
2.385693550109863281e+00,1.658346557617187500e+01
2.744478940963745117e+00,2.158967399597167969e+01
5.966462567448616028e-02,1.906670761108398438e+01
9.911532402038574219e-01,1.287458705902099609e+01
1.042890906333923340e+00,1.916203689575195312e+01
-1.430532783269882202e-01,1.815790367126464844e+01
3.759378671646118164e+00,2.062676620483398438e+01
5.945700407028198242e-01,1.921608352661132812e+01
1.696637630462646484e+00,2.234829139709472656e+01
4.339270114898681641e+00,1.882274246215820312e+01
2.571453571319580078e+00,2.147670936584472656e+01
1.746751308441162109e+00,2.215939140319824219e+01
2.526203632354736328e+00,2.091527557373046875e+01
4.890935897827148438e+00,1.462307453155517578e+01
8.291321396827697754e-01,1.875975799560546875e+01
2.741103410720825195e+00,2.160503387451171875e+01
-1.143333092331886292e-01,1.590087604522705078e+01
1.770451217889785767e-01,1.084830093383789062e+01
3.760906934738159180e+00,2.067275619506835938e+01
2.689554214477539062e+00,2.157167816162109375e+01
3.364812374114990234e+00,2.124767684936523438e+01
1.963029384613037109e+00,2.125680541992187500e+01
3.267761707305908203e+00,1.919810485839843750e+01
3.939406633377075195e+00,2.020668220520019531e+01
2.296776920557022095e-01,2.138561248779296875e+01
1.185089468955993652e+00,2.219905853271484375e+01
9.293448925018310547e-01,1.943070983886718750e+01
1.311853170394897461e+00,6.862185955047607422e+00
3.140611350536346436e-01,1.410007190704345703e+01
6.839773654937744141e-01,2.142238807678222656e+01
1.260504007339477539e+00,2.223189163208007812e+01
2.668605327606201172e+00,1.900297164916992188e+01
3.105963468551635742e+00,2.089602088928222656e+01
1.460630893707275391e+00,1.282439517974853516e+01
1.660883903503417969e+00,1.407081222534179688e+01
2.780303239822387695e+00,2.153192520141601562e+01
2.228866100311279297e+00,1.668880844116210938e+01
2.682351112365722656e+00,2.047275924682617188e+01
1.743705511093139648e+00,2.198017501831054688e+01
1.631889104843139648e+00,1.922883224487304688e+01
5.685111880302429199e-01,2.210527420043945312e+01
7.602950930595397949e-01,1.702631187438964844e+01
2.023156642913818359e+00,2.211239814758300781e+01
1.053080558776855469e+00,1.135200881958007812e+01
1.927356719970703125e+00,1.605361175537109375e+01
1.451241731643676758e+00,2.168171119689941406e+01
1.457286715507507324e+00,1.399700832366943359e+01
3.141118764877319336e+00,2.120738601684570312e+01
5.855985879898071289e-01,1.104506015777587891e+01
4.576282024383544922e+00,1.920411682128906250e+01
2.697308063507080078e+00,1.963039779663085938e+01
1.346750974655151367e+00,2.162794494628906250e+01
7.429779171943664551e-01,2.203287124633789062e+01
2.705253124237060547e+00,2.165734481811523438e+01
2.839710474014282227e+00,2.151466941833496094e+01
6.778069138526916504e-01,2.210547256469726562e+01
4.214775562286376953e+00,1.671783447265625000e+01
3.026565313339233398e+00,1.527579212188720703e+01
1.339479207992553711e+00,2.107811355590820312e+01
1.488313436508178711e+00,2.203237724304199219e+01
2.486437082290649414e+00,2.129834556579589844e+01
1.023883819580078125e+00,2.079003334045410156e+01
1.588884592056274414e+00,1.848009490966796875e+01
2.186109572649002075e-01,9.406359672546386719e+00
1.430444478988647461e+00,2.138864517211914062e+01
1.925962805747985840e+00,2.221933364868164062e+01
2.854795694351196289e+00,1.673302268981933594e+01
8.949719071388244629e-01,1.454240226745605469e+01
2.328728437423706055e+00,2.117831993103027344e+01
2.623435258865356445e+00,2.146353149414062500e+01
2.077899694442749023e+00,9.941148757934570312e+00
1.740709662437438965e+00,2.222200393676757812e+01
3.399627208709716797e+00,2.100962066650390625e+01
-2.629538476467132568e-01,7.604763031005859375e+00
3.279824018478393555e+00,2.133010864257812500e+01
1.912875890731811523e+00,2.092607116699218750e+01
3.260188341140747070e+00,2.138568115234375000e+01
1.280455589294433594e+00,2.206548309326171875e+01
-7.804664373397827148e-01,2.063731384277343750e+01
7.324394583702087402e-01,1.906281661987304688e+01
-1.868611276149749756e-01,8.898054122924804688e+00
1.412929534912109375e+00,2.218056678771972656e+01
1.929782629013061523e+00,2.211626815795898438e+01
1.574159145355224609e+00,2.141651916503906250e+01
2.848591804504394531e+00,1.231182193756103516e+01
2.290685892105102539e+00,2.208452796936035156e+01
8.063244223594665527e-01,2.179780769348144531e+01
4.088296890258789062e+00,2.011296463012695312e+01
3.020805120468139648e+00,2.157334136962890625e+01
-4.519864022731781006e-01,1.880295944213867188e+01
2.945971250534057617e+00,2.118669319152832031e+01
2.506710767745971680e+00,2.223511123657226562e+01
2.471578836441040039e+00,2.076002883911132812e+01
1.039813995361328125e+00,1.914236068725585938e+01
1.834865570068359375e+00,1.782823562622070312e+01
2.451478242874145508e+00,2.169630432128906250e+01
2.435605287551879883e+00,2.193783950805664062e+01
1.504570245742797852e+00,2.183441543579101562e+01
-7.823062688112258911e-02,8.795879364013671875e+00
1.066408038139343262e+00,1.718833541870117188e+01
2.545358419418334961e+00,2.081055641174316406e+01
4.694709479808807373e-01,9.883882522583007812e+00
2.793325424194335938e+00,1.799122619628906250e+01
2.198088914155960083e-01,2.181846427917480469e+01
3.766862630844116211e+00,1.997375869750976562e+01
3.924287855625152588e-01,1.756788063049316406e+01
1.315832853317260742e+00,2.220226287841796875e+01
8.499638438224792480e-01,1.909851455688476562e+01
6.579085588455200195e-01,2.205483627319335938e+01
3.883464813232421875e+00,1.939302062988281250e+01
8.580223917961120605e-01,2.191195297241210938e+01
1.394928812980651855e+00,1.482612323760986328e+01
1.419947624206542969e+00,2.158141708374023438e+01
2.379324436187744141e+00,2.186548995971679688e+01
2.232995986938476562e+00,2.199536323547363281e+01
8.715030550956726074e-01,2.026697921752929688e+01
3.300771951675415039e+00,2.132261466979980469e+01
8.047108054161071777e-01,2.211355590820312500e+01
1.981934309005737305e+00,1.851562118530273438e+01
1.689170837402343750e+00,2.234796905517578125e+01
3.814099550247192383e+00,2.072694969177246094e+01
-2.119376510381698608e-01,2.100209999084472656e+01
1.897198677062988281e+00,2.199318122863769531e+01
-1.965005844831466675e-01,1.626830291748046875e+01
7.700877785682678223e-01,1.583052253723144531e+01
1.045308351516723633e+00,2.222939491271972656e+01
1.868841052055358887e+00,1.903797149658203125e+01
5.459362864494323730e-01,1.026908588409423828e+01
2.744027674198150635e-01,1.311694908142089844e+01
1.959164261817932129e+00,2.059845352172851562e+01
1.092918992042541504e+00,2.130011558532714844e+01
9.662662148475646973e-01,1.546256256103515625e+01
1.540708780288696289e+00,2.007232856750488281e+01
1.011284708976745605e+00,2.211689376831054688e+01
1.635893344879150391e+00,1.712707328796386719e+01
1.977387428283691406e+00,2.205758857727050781e+01
1.947827458381652832e+00,1.996669578552246094e+01
3.168513774871826172e-01,1.285237026214599609e+01
1.635536909103393555e+00,2.199767112731933594e+01
2.444018870592117310e-01,1.119313049316406250e+01
3.720320463180541992e-01,1.168916606903076172e+01
2.744277238845825195e+00,2.172886466979980469e+01
1.161937355995178223e+00,1.607623672485351562e+01
2.002853870391845703e+00,2.190211296081542969e+01
2.379465103149414062e+00,2.208028030395507812e+01
2.746876001358032227e+00,1.809384727478027344e+01
1.333684682846069336e+00,1.935704994201660156e+01
2.499332904815673828e+00,2.187053680419921875e+01
9.859688878059387207e-01,2.228649902343750000e+01
1.572449922561645508e+00,1.631802749633789062e+01
1.069071054458618164e+00,1.716447067260742188e+01
3.474577903747558594e+00,2.106439208984375000e+01
1.477156400680541992e+00,2.066761779785156250e+01
2.303384095430374146e-01,1.054095745086669922e+01
1.539824604988098145e+00,2.230419731140136719e+01
1.287283897399902344e+00,1.600930595397949219e+01
1.722233057022094727e+00,2.147344589233398438e+01
1.460613489151000977e+00,6.425633907318115234e+00
1.218158960342407227e+00,2.234625625610351562e+01
2.315147161483764648e+00,2.207487487792968750e+01
9.009747505187988281e-01,1.538475322723388672e+01
1.711905121803283691e+00,2.236097717285156250e+01
1.570220232009887695e+00,2.152294158935546875e+01
2.758976697921752930e+00,2.184165573120117188e+01
9.401961565017700195e-01,1.345223903656005859e+01
2.368005514144897461e+00,2.193636894226074219e+01
2.154929637908935547e+00,2.141640853881835938e+01
5.159951448440551758e-01,1.591911506652832031e+01
6.715889573097229004e-01,2.164136886596679688e+01
1.425811886787414551e+00,2.205462455749511719e+01
1.848273754119873047e+00,2.224324989318847656e+01
4.464909732341766357e-01,1.857920837402343750e+01
1.452308416366577148e+00,1.915213012695312500e+01
-1.179041981697082520e+00,1.923711395263671875e+01
1.957253098487854004e+00,2.132165336608886719e+01
5.728788971900939941e-01,1.045018482208251953e+01
1.580005407333374023e+00,2.210478210449218750e+01
8.737148046493530273e-01,1.553636074066162109e+01
1.691146254539489746e+00,2.221380233764648438e+01
2.085768222808837891e+00,2.165015602111816406e+01
7.844409942626953125e-01,2.176294326782226562e+01
1.062220811843872070e+00,2.190712738037109375e+01
3.080006837844848633e+00,2.099324989318847656e+01
5.325169563293457031e-01,1.929450798034667969e+01
3.155524015426635742e+00,2.155002593994140625e+01
1.848341226577758789e+00,2.195786857604980469e+01
8.881339430809020996e-01,2.219647407531738281e+01
5.493643283843994141e-01,2.160739898681640625e+01
3.121368885040283203e+00,2.009873390197753906e+01
2.070304155349731445e+00,2.206341361999511719e+01
-2.060793489217758179e-01,1.279955387115478516e+01
1.209027528762817383e+00,1.114025211334228516e+01
1.984991312026977539e+00,2.202143478393554688e+01
1.361203789710998535e-01,7.710909843444824219e+00
1.214286804199218750e+00,2.147657394409179688e+01
1.945978403091430664e+00,2.209955596923828125e+01
1.397824525833129883e+00,8.877813339233398438e+00
2.499419450759887695e+00,2.172374916076660156e+01
1.100162267684936523e+00,1.412540340423583984e+01
1.996867209672927856e-01,1.981721305847167969e+01
3.170680284500122070e+00,2.158917236328125000e+01
5.200861096382141113e-01,2.181891632080078125e+01
-6.135026924312114716e-03,1.985965347290039062e+01
1.719106912612915039e+00,1.816872024536132812e+01
8.215698599815368652e-01,1.653146362304687500e+01
8.279812335968017578e-01,2.112922668457031250e+01
-6.320474147796630859e-01,2.006139373779296875e+01
1.287053585052490234e+00,1.791860961914062500e+01
2.334329366683959961e+00,1.683421134948730469e+01
1.741455078125000000e+00,2.208476448059082031e+01
2.927870452404022217e-01,2.103020668029785156e+01
3.990017175674438477e+00,1.939385986328125000e+01
6.797485351562500000e-01,2.242346000671386719e+01
2.394341707229614258e+00,1.589030838012695312e+01
4.147554397583007812e+00,1.973089218139648438e+01
2.338913679122924805e+00,2.156937026977539062e+01
2.381423711776733398e+00,2.221268272399902344e+01
2.058452606201171875e+00,2.226877593994140625e+01
3.178185939788818359e+00,1.797691726684570312e+01
-2.570950686931610107e-01,6.251049518585205078e+00
2.441143512725830078e+00,2.182847023010253906e+01
3.878272533416748047e+00,1.723327255249023438e+01
2.077776342630386353e-01,1.639063644409179688e+01
-1.803527325391769409e-01,1.693978881835937500e+01
5.831101536750793457e-01,2.211310577392578125e+01
-2.997289597988128662e-01,1.855382537841796875e+01
2.020933866500854492e+00,2.167167282104492188e+01
2.078884840011596680e+00,2.214715576171875000e+01
6.691590547561645508e-01,1.422367191314697266e+01
1.997510552406311035e+00,2.034403228759765625e+01
1.672001600265502930e+00,2.173892593383789062e+01
1.653768897056579590e+00,1.875049209594726562e+01
-5.162069797515869141e-01,1.179689884185791016e+01
2.299766778945922852e+00,2.183928680419921875e+01
3.236610174179077148e+00,2.086077880859375000e+01
1.495542764663696289e+00,2.108152389526367188e+01
8.372194170951843262e-01,2.130806159973144531e+01
8.977869749069213867e-01,2.208135604858398438e+01
-3.278760239481925964e-02,2.127789497375488281e+01
2.393649667501449585e-01,4.506001949310302734e+00
1.024837613105773926e+00,1.791926193237304688e+01
1.450576543807983398e+00,2.237116813659667969e+01
3.306592226028442383e+00,2.112928962707519531e+01
5.099581480026245117e-01,1.270996952056884766e+01
6.840596795082092285e-01,2.200349617004394531e+01
4.917537212371826172e+00,1.730076980590820312e+01
1.769842863082885742e+00,1.673377609252929688e+01
1.074757337570190430e+00,2.221227264404296875e+01
2.570996284484863281e+00,2.187516403198242188e+01
1.035636067390441895e+00,2.177273559570312500e+01
2.811163187026977539e+00,1.928773880004882812e+01
4.182078316807746887e-02,2.103640747070312500e+01
1.297992706298828125e+00,1.409552669525146484e+01
-5.585281848907470703e-01,1.479784393310546875e+01
1.057330369949340820e+00,7.919595241546630859e+00
1.953150987625122070e+00,2.182569503784179688e+01
1.803227186203002930e+00,1.526365470886230469e+01
3.196137189865112305e+00,9.987875938415527344e+00
2.127408981323242188e+00,2.211253929138183594e+01
2.768775224685668945e+00,2.168106842041015625e+01
-3.397406637668609619e-01,1.102511787414550781e+01
2.277736902236938477e+00,2.206422424316406250e+01
1.105799436569213867e+00,1.589057826995849609e+01
1.276473551988601685e-01,1.738758468627929688e+01
1.983966305851936340e-02,1.688033294677734375e+01
-4.187826439738273621e-02,1.909199142456054688e+01
1.774414658546447754e+00,2.149554634094238281e+01
2.478035449981689453e+00,2.186844635009765625e+01
-1.131844043731689453e+00,8.301814079284667969e+00
3.758700788021087646e-01,1.484583568572998047e+01
4.741786420345306396e-01,2.124604034423828125e+01
2.972756624221801758e+00,2.151443672180175781e+01
2.158091545104980469e+00,1.773951721191406250e+01
2.283314704895019531e+00,2.192629432678222656e+01
1.204434633255004883e+00,2.222438049316406250e+01
3.823444545269012451e-01,9.777597427368164062e+00
1.583622813224792480e+00,2.219031906127929688e+01
2.439081668853759766e+00,2.201392364501953125e+01
1.464956998825073242e+00,1.625831604003906250e+01
2.305519580841064453e+00,2.119943237304687500e+01
1.502475619316101074e+00,2.219527816772460938e+01
1.212218284606933594e+00,2.024462699890136719e+01
5.565826296806335449e-01,2.161814689636230469e+01
1.088467001914978027e+00,1.036572265625000000e+01
1.588856220245361328e+00,2.201377105712890625e+01
3.546324968338012695e+00,2.110339736938476562e+01
2.835366010665893555e+00,2.177813911437988281e+01
5.141229033470153809e-01,1.745021438598632812e+01
-7.905505299568176270e-01,1.552486419677734375e+01
2.461224794387817383e+00,2.203182029724121094e+01
6.758813858032226562e-01,1.347704982757568359e+01
1.776575922966003418e+00,1.764548492431640625e+01
-1.375597864389419556e-01,1.047902107238769531e+01
-9.029979109764099121e-01,1.237862682342529297e+01
3.604731857776641846e-01,5.027233600616455078e+00
6.887620687484741211e-01,1.756066131591796875e+01
1.380084991455078125e+00,2.219485092163085938e+01
1.443591266870498657e-01,1.020116233825683594e+01
2.507450059056282043e-02,2.139023399353027344e+01
1.474460601806640625e+00,1.896563339233398438e+01
2.587203741073608398e+00,2.124411964416503906e+01
2.790552854537963867e+00,2.168686485290527344e+01
3.093262910842895508e+00,2.010706710815429688e+01
2.836051225662231445e+00,2.111214065551757812e+01
1.847578048706054688e+00,2.214189147949218750e+01
1.237832665443420410e+00,2.200729942321777344e+01
2.754611253738403320e+00,2.151140213012695312e+01
1.837702035903930664e+00,2.207912254333496094e+01
9.353070259094238281e-01,1.985598945617675781e+01
1.774186491966247559e+00,1.640450286865234375e+01
1.188851714134216309e+00,2.083359718322753906e+01
1.349790334701538086e+00,2.066929626464843750e+01
6.939276456832885742e-01,1.024039936065673828e+01
1.472615361213684082e+00,2.180190086364746094e+01
1.733936548233032227e+00,2.221697235107421875e+01
2.247907400131225586e+00,2.195742797851562500e+01
6.828999519348144531e-01,1.458347988128662109e+01
2.154607772827148438e+00,1.959816360473632812e+01
2.239710092544555664e+00,1.926605224609375000e+01
2.130794763565063477e+00,2.198996162414550781e+01
3.142322778701782227e+00,2.160888099670410156e+01
1.219502568244934082e+00,1.260846900939941406e+01
1.423105478286743164e+00,1.524425125122070312e+01
1.964219093322753906e+00,1.843358039855957031e+01
2.739296913146972656e+00,2.148646163940429688e+01
7.787947654724121094e-01,1.571529293060302734e+01
1.599997758865356445e+00,1.509586048126220703e+01
2.041305780410766602e+00,2.211278152465820312e+01
1.240628719329833984e+00,2.195613288879394531e+01
1.867182254791259766e+00,2.158106231689453125e+01
1.765502810478210449e+00,2.214646530151367188e+01
1.168621778488159180e+00,1.718429946899414062e+01
-8.990161418914794922e-01,1.665673446655273438e+01
1.946280360221862793e+00,2.206620979309082031e+01
-4.329608008265495300e-02,1.997395324707031250e+01
2.729283332824707031e+00,2.152949905395507812e+01
2.448074102401733398e+00,2.206767082214355469e+01
-7.755371332168579102e-01,1.237573909759521484e+01
1.704855412244796753e-01,1.136851024627685547e+01
4.796943962574005127e-01,1.297716140747070312e+01
1.433268904685974121e+00,2.197481155395507812e+01
-9.341744184494018555e-01,2.027022743225097656e+01
1.455272793769836426e+00,1.919600677490234375e+01
4.262410700321197510e-01,2.202719879150390625e+01
1.368571639060974121e+00,1.452500343322753906e+01
3.674845457077026367e+00,2.083022308349609375e+01
1.850576758384704590e+00,1.456557846069335938e+01
1.112216949462890625e+00,2.239273071289062500e+01
1.040114402770996094e+00,2.168758392333984375e+01
3.092581510543823242e+00,2.140709686279296875e+01
8.574964851140975952e-02,2.037104797363281250e+01
9.712036699056625366e-02,2.180358886718750000e+01
2.929155111312866211e+00,7.504256725311279297e+00
1.761369109153747559e+00,2.219497680664062500e+01
2.440757989883422852e+00,2.201662635803222656e+01
1.206121921539306641e+00,1.689390182495117188e+01
3.042475938796997070e+00,2.151350402832031250e+01
3.432872295379638672e+00,2.080942916870117188e+01
1.726288080215454102e+00,1.700120353698730469e+01
1.370071887969970703e+00,2.220119476318359375e+01
1.833546996116638184e+00,2.223078918457031250e+01
3.009266138076782227e+00,2.140180587768554688e+01
3.943484544754028320e+00,2.042691040039062500e+01
6.761829257011413574e-01,1.261782550811767578e+01
8.682708144187927246e-01,2.220980072021484375e+01
1.402632713317871094e+00,2.115277671813964844e+01
-2.565778791904449463e-01,8.599797248840332031e+00
1.491847395896911621e+00,2.218785095214843750e+01
4.377206265926361084e-01,1.720775794982910156e+01
-3.318214416503906250e-01,1.409622573852539062e+01
1.665796190500259399e-01,2.172156524658203125e+01
2.023175001144409180e+00,2.208543395996093750e+01
1.105877280235290527e+00,2.221496009826660156e+01
2.012998580932617188e+00,2.215913391113281250e+01
2.998285055160522461e+00,2.052344703674316406e+01
3.300832509994506836e-01,9.847209930419921875e+00
6.621007323265075684e-01,2.179256057739257812e+01
2.269199132919311523e+00,7.690437316894531250e+00
1.413521051406860352e+00,1.765137672424316406e+01
3.328877389430999756e-01,8.267940521240234375e+00
1.568199157714843750e+00,2.203109741210937500e+01
1.998768001794815063e-01,2.191664886474609375e+01
2.614065110683441162e-01,2.113433456420898438e+01
1.740936040878295898e+00,2.179744720458984375e+01
-5.721437931060791016e-01,1.033899402618408203e+01
2.295254617929458618e-01,1.949662017822265625e+01
7.863242179155349731e-02,6.911772251129150391e+00
2.139340162277221680e+00,2.168313598632812500e+01
2.508570432662963867e+00,1.974859619140625000e+01
1.264301061630249023e+00,2.068276977539062500e+01
1.074361920356750488e+00,2.108479499816894531e+01
6.723840832710266113e-01,1.940598678588867188e+01
-7.248543500900268555e-01,8.748679161071777344e+00
1.973917037248611450e-01,1.091566276550292969e+01
7.717568278312683105e-01,1.348356723785400391e+01
-6.268584132194519043e-01,9.953939437866210938e+00
1.212840795516967773e+00,1.563778209686279297e+01
2.083293914794921875e+00,2.150532150268554688e+01
-1.147765293717384338e-01,1.356585407257080078e+01
2.447751283645629883e+00,2.196342086791992188e+01
2.364743709564208984e+00,2.212248039245605469e+01
-4.986241757869720459e-01,7.652019023895263672e+00
9.584329128265380859e-01,2.979067802429199219e+00
2.025067567825317383e+00,2.226175308227539062e+01
2.121446877717971802e-01,1.736813545227050781e+01
1.614134073257446289e+00,2.054212570190429688e+01
1.477219343185424805e+00,2.232911682128906250e+01
3.053170442581176758e+00,2.149612808227539062e+01
2.669861078262329102e+00,2.191545295715332031e+01
3.204114735126495361e-01,2.132877922058105469e+01
8.631045222282409668e-01,1.357359981536865234e+01
-1.522491406649351120e-02,2.185949516296386719e+01
2.099127531051635742e+00,2.172178840637207031e+01
1.193733930587768555e+00,2.222086143493652344e+01
-5.443892478942871094e-01,5.707742214202880859e+00
2.757162809371948242e+00,2.172084808349609375e+01
1.185442209243774414e+00,2.198108100891113281e+01
5.771666169166564941e-01,2.203748321533203125e+01
1.684625819325447083e-02,2.011083221435546875e+01
1.654905080795288086e+00,2.217263793945312500e+01
-3.658479154109954834e-01,1.163258934020996094e+01
3.779664337635040283e-01,2.139459991455078125e+01
-5.485430955886840820e-01,1.902788352966308594e+01
2.774570941925048828e+00,2.184566116333007812e+01
-3.661530315876007080e-01,2.110703659057617188e+01
1.584010839462280273e+00,1.469661426544189453e+01
2.192062139511108398e+00,2.214105224609375000e+01
1.948431968688964844e+00,2.208102035522460938e+01
2.322900772094726562e+00,1.644623947143554688e+01
2.100531339645385742e+00,2.210241699218750000e+01
1.813953280448913574e+00,1.212207126617431641e+01
-5.537664294242858887e-01,8.878725051879882812e+00
-7.798846364021301270e-01,1.338603878021240234e+01
-7.751546055078506470e-02,1.630863952636718750e+01
2.013429641723632812e+00,2.196307182312011719e+01
1.307286620140075684e+00,2.206238365173339844e+01
8.747639060020446777e-01,2.224835968017578125e+01
1.664436340332031250e+00,2.194629669189453125e+01
7.897546142339706421e-02,1.230070400238037109e+01
2.511386156082153320e+00,2.190366744995117188e+01
1.056243404746055603e-01,1.921533203125000000e+01
-9.368602633476257324e-01,4.572978496551513672e+00
3.096073389053344727e+00,1.926583480834960938e+01
3.024306058883666992e+00,2.138400268554687500e+01
3.187029600143432617e+00,2.071049499511718750e+01
4.445675611495971680e-01,7.572120666503906250e+00
1.155876144766807556e-01,1.957220458984375000e+01
7.643691301345825195e-01,1.457129001617431641e+00
2.919874429702758789e+00,2.176815032958984375e+01
1.408629417419433594e+00,1.533463668823242188e+01
2.879225909709930420e-01,1.266762638092041016e+01
2.732224702835083008e+00,2.180636215209960938e+01
2.215595483779907227e+00,2.220085525512695312e+01
4.648289382457733154e-01,1.512652969360351562e+01
1.641560316085815430e+00,2.224274253845214844e+01
2.335253477096557617e+00,2.146086502075195312e+01
1.785681247711181641e+00,2.156264877319335938e+01
2.073465108871459961e+00,2.207919311523437500e+01
1.436406254768371582e+00,2.157645797729492188e+01
7.342659235000610352e-01,1.150719165802001953e+01
2.133792400360107422e+00,2.091146087646484375e+01
2.104220390319824219e+00,1.673044776916503906e+01
2.796417713165283203e+00,2.175472068786621094e+01
3.609013855457305908e-01,2.024536895751953125e+01
1.334951043128967285e+00,1.972928810119628906e+01
1.331327438354492188e+00,2.122589492797851562e+01
2.276852875947952271e-01,1.363597202301025391e+01
2.210520058870315552e-01,2.076694107055664062e+01
1.578709483146667480e+00,2.190813636779785156e+01
4.185518264770507812e+00,1.844584274291992188e+01
3.038593530654907227e+00,2.069538879394531250e+01
1.099358558654785156e+00,1.697666168212890625e+01
1.947692751884460449e+00,-1.364557266235351562e+00
2.727279961109161377e-01,2.077598190307617188e+01
1.976056694984436035e+00,1.783413696289062500e+01
1.382666110992431641e+00,2.220777320861816406e+01
1.478994369506835938e+00,2.247924613952636719e+01
1.000203847885131836e+00,1.217154216766357422e+01
6.899899244308471680e-01,2.195850753784179688e+01
1.634153127670288086e+00,2.037252044677734375e+01
1.079225763678550720e-01,1.550906562805175781e+01
4.852891862392425537e-01,2.047533035278320312e+01
2.105774402618408203e+00,2.164268875122070312e+01
-2.175850719213485718e-01,7.884256839752197266e+00
3.480661213397979736e-01,1.095768165588378906e+01
2.757679224014282227e+00,2.182836532592773438e+01
1.585106611251831055e+00,2.125036048889160156e+01
2.182203054428100586e+00,2.164730834960937500e+01
2.618138074874877930e+00,2.074822235107421875e+01
1.592867374420166016e+00,2.223994445800781250e+01
2.503722190856933594e+00,1.703478050231933594e+01
-1.291919201612472534e-01,1.935819435119628906e+01
2.253377676010131836e+00,1.171601009368896484e+01
1.512409687042236328e+00,2.066452217102050781e+01
2.998842954635620117e+00,2.146211433410644531e+01
1.193861007690429688e+00,1.884727478027343750e+01
2.658886432647705078e+00,1.866291809082031250e+01
9.376633763313293457e-01,2.205422592163085938e+01
2.097898244857788086e+00,2.172346305847167969e+01
4.690697669982910156e+00,1.863256645202636719e+01
9.378976225852966309e-01,2.238431167602539062e+01
1.437484025955200195e+00,2.173246765136718750e+01
9.667827486991882324e-01,1.954374694824218750e+01
2.903589248657226562e+00,2.159748649597167969e+01
-1.799821138381958008e+00,1.192384433746337891e+01
7.481185793876647949e-01,2.171685409545898438e+01
-2.400218099355697632e-01,4.799587726593017578e+00
2.395495176315307617e+00,2.208610343933105469e+01
2.910555601119995117e+00,1.964937591552734375e+01
8.893175721168518066e-01,2.215659332275390625e+01
3.278225183486938477e+00,1.194774055480957031e+01
8.144947141408920288e-02,1.190222454071044922e+01
2.940627336502075195e+00,1.788116645812988281e+01
2.948088645935058594e+00,2.118199539184570312e+01
2.242319345474243164e+00,2.189764785766601562e+01
2.525724172592163086e-01,1.355831623077392578e+01
1.620350360870361328e+00,1.920771408081054688e+01
1.141705274581909180e+00,2.210551834106445312e+01
1.895869523286819458e-01,2.175815391540527344e+01
9.206750243902206421e-02,1.955581665039062500e+01
1.999862313270568848e+00,1.797455024719238281e+01
-3.599830567836761475e-01,1.554485130310058594e+01
1.426960587501525879e+00,2.169554519653320312e+01
8.924194574356079102e-01,1.317354965209960938e+01
2.312984228134155273e+00,2.175736236572265625e+01
5.190526247024536133e-01,2.176493835449218750e+01
1.108678460121154785e+00,1.671494865417480469e+01
2.807295322418212891e+00,2.125037956237792969e+01
-2.809066772460937500e-01,1.319191646575927734e+01
3.304072618484497070e+00,2.152922439575195312e+01
9.702664613723754883e-01,1.834205245971679688e+01
7.096209526062011719e-01,1.283265781402587891e+01
1.480250358581542969e+00,1.281231594085693359e+01
1.569598793983459473e+00,7.769273281097412109e+00
1.482143521308898926e+00,2.208794021606445312e+01
2.904236793518066406e+00,1.779024124145507812e+01
1.155834674835205078e+00,2.191255187988281250e+01
1.662038445472717285e+00,2.140979003906250000e+01
1.425897359848022461e+00,2.195452880859375000e+01
-8.410413861274719238e-01,6.142092347145080566e-01
1.486721873283386230e+00,6.633284091949462891e+00
-2.289467304944992065e-01,2.059622001647949219e+01
2.897804021835327148e+00,2.133052253723144531e+01
2.065084218978881836e+00,1.807139968872070312e+01
3.914555072784423828e+00,1.843790435791015625e+01
-3.026199042797088623e-01,2.133451843261718750e+01
2.398286581039428711e+00,2.061543655395507812e+01
9.503657221794128418e-01,2.218723678588867188e+01
9.518327116966247559e-01,2.177182769775390625e+01
3.888456523418426514e-01,2.181352424621582031e+01
4.126705601811408997e-02,1.524309635162353516e+01
1.578978776931762695e+00,1.795404815673828125e+01
1.133170008659362793e+00,1.400538825988769531e+01
2.462856531143188477e+00,2.008201599121093750e+01
2.171376466751098633e+00,2.134349822998046875e+01
-9.481244683265686035e-01,9.226753234863281250e+00
1.950285196304321289e+00,1.775740432739257812e+01
2.951843976974487305e+00,2.167036056518554688e+01
6.012296080589294434e-01,1.917255020141601562e+01
3.281899690628051758e+00,2.135868072509765625e+01
-2.655314505100250244e-01,2.129426956176757812e+01
7.741369009017944336e-01,1.386345100402832031e+01
1.406720876693725586e+00,1.601016426086425781e+01
2.085415124893188477e+00,2.173850631713867188e+01
1.531049013137817383e+00,1.968940353393554688e+01
2.845713615417480469e+00,2.139324378967285156e+01
1.680218458175659180e+00,2.217390441894531250e+01
1.674180030822753906e+00,2.224725151062011719e+01
1.505349040031433105e+00,2.145816612243652344e+01
1.122706532478332520e+00,1.918072128295898438e+01
2.644208192825317383e+00,2.200131607055664062e+01
3.283514499664306641e+00,2.147454261779785156e+01
-8.542416095733642578e-01,1.131085109710693359e+01
1.591343402862548828e+00,1.653614234924316406e+01
-3.380757570266723633e-01,9.648694038391113281e+00
4.542744159698486328e+00,1.843385696411132812e+01
2.394282579421997070e+00,2.228109550476074219e+01
7.628868818283081055e-01,1.505294895172119141e+01
5.614572167396545410e-01,1.595594024658203125e+01
5.872403383255004883e-01,1.457594680786132812e+01
1.337773561477661133e+00,1.045803737640380859e+01
3.152955472469329834e-01,2.142864608764648438e+01
-2.536275684833526611e-01,9.447360038757324219e+00
1.108999609947204590e+00,2.192806434631347656e+01
4.452913761138916016e+00,1.892291831970214844e+01
1.636001825332641602e+00,1.997336959838867188e+01
1.284354209899902344e+00,1.573211002349853516e+01
-2.349291369318962097e-02,1.511626243591308594e+01
4.044546559453010559e-02,2.185344505310058594e+01
2.057594060897827148e+00,2.225454902648925781e+01
1.458958387374877930e+00,2.152240753173828125e+01
2.474399566650390625e+00,2.178585243225097656e+01
1.765456914901733398e+00,2.225463294982910156e+01
-8.373520523309707642e-02,1.966132736206054688e+01
1.783787727355957031e+00,1.683809661865234375e+01
5.013110160827636719e+00,1.239227008819580078e+01
-9.192617535591125488e-01,2.053445434570312500e+01
-2.606779932975769043e-01,4.484424114227294922e+00
1.745273619890213013e-01,2.187363052368164062e+01
3.322941780090332031e+00,2.080753707885742188e+01
-1.166004180908203125e+00,1.489872646331787109e+01
1.039956331253051758e+00,2.206187629699707031e+01
2.429578542709350586e+00,1.815327644348144531e+01
1.426327466964721680e+00,2.201743125915527344e+01
1.733543157577514648e+00,1.575694751739501953e+01
2.277648210525512695e+00,1.608200836181640625e+01
5.786331370472908020e-02,2.180426216125488281e+01
1.219246387481689453e+00,1.841322517395019531e+01
2.654742479324340820e+00,1.619974899291992188e+01
2.435828924179077148e+00,2.112977790832519531e+01
-4.224750697612762451e-01,2.070897293090820312e+01
2.151538372039794922e+00,1.233424472808837891e+01
8.127811551094055176e-01,1.385769557952880859e+01
1.109273076057434082e+00,1.547808933258056641e+01
1.080931901931762695e+00,1.789292335510253906e+01
1.944010496139526367e+00,2.223550796508789062e+01
5.988529920578002930e-01,2.069422531127929688e+01
6.245859339833259583e-02,1.538896083831787109e+01
2.340712070465087891e+00,2.215448379516601562e+01
2.884162187576293945e+00,1.816101455688476562e+01
1.444359064102172852e+00,1.564038753509521484e+01
1.484375476837158203e+00,1.855924797058105469e+01
1.718549847602844238e+00,1.842948532104492188e+01
1.595039129257202148e+00,2.196001434326171875e+01
4.760070741176605225e-01,1.216720199584960938e+01
4.130095958709716797e+00,1.923559379577636719e+01
6.466447114944458008e-01,1.669477272033691406e+01
1.136748790740966797e+00,2.225557327270507812e+01
1.748802542686462402e+00,2.018008232116699219e+01
-1.231576681137084961e+00,1.030849742889404297e+01
1.554551362991333008e+00,2.199886322021484375e+01
2.631510496139526367e+00,2.113171768188476562e+01
4.146447658538818359e+00,1.798568344116210938e+01
-2.281169742345809937e-01,2.112159156799316406e+01
4.694552719593048096e-01,1.646349525451660156e+01
1.939749121665954590e+00,2.202470207214355469e+01
4.034096717834472656e+00,2.036849594116210938e+01
1.127754926681518555e+00,2.132761001586914062e+01
1.236736536026000977e+00,1.908101654052734375e+01
-3.293901979923248291e-01,9.943509101867675781e+00
3.548678457736968994e-01,2.184374618530273438e+01
3.858751356601715088e-01,2.171868896484375000e+01
4.376473128795623779e-01,2.203156471252441406e+01
2.049962759017944336e+00,2.169708251953125000e+01
-1.176113843917846680e+00,1.974157714843750000e+01
2.576573371887207031e+00,2.186024475097656250e+01
1.715393185615539551e+00,2.223138427734375000e+01
2.824242115020751953e+00,2.149890136718750000e+01
1.468611359596252441e+00,1.560291385650634766e+01
2.209503889083862305e+00,2.199772453308105469e+01
2.293573141098022461e+00,1.991637039184570312e+01
1.115265846252441406e+00,1.969297790527343750e+01
1.612590432167053223e+00,1.765050125122070312e+01
1.073665618896484375e+00,1.832887458801269531e+01
4.650371372699737549e-01,1.297231197357177734e+01
1.574073076248168945e+00,2.209629058837890625e+01
1.227282762527465820e+00,7.489873409271240234e+00
2.478165388107299805e+00,2.145073699951171875e+01
2.599256753921508789e+00,1.350955677032470703e+01
7.362450957298278809e-01,2.216403579711914062e+01
-5.362433791160583496e-01,1.833529281616210938e+01
3.540063142776489258e+00,1.696728134155273438e+01
2.716248035430908203e+00,2.174290084838867188e+01
-1.157023191452026367e+00,5.894920825958251953e+00
2.363293170928955078e+00,2.190834426879882812e+01
2.724396705627441406e+00,1.457045269012451172e+01
9.316577911376953125e-01,1.508390522003173828e+01
-1.237496852874755859e+00,4.308076381683349609e+00
1.903553485870361328e+00,1.672893333435058594e+01
1.496396303176879883e+00,2.184605598449707031e+01
1.801032543182373047e+00,2.196060371398925781e+01
6.891390085220336914e-01,2.230749130249023438e+01
3.837650299072265625e+00,2.032694053649902344e+01
1.354932188987731934e+00,1.645846176147460938e+01
2.610433816909790039e+00,2.146467781066894531e+01
2.615208864212036133e+00,2.209190559387207031e+01
2.720367193222045898e+00,1.639946365356445312e+01
2.690144300460815430e+00,1.923765754699707031e+01
1.792062759399414062e+00,2.220827484130859375e+01
1.200321912765502930e+00,2.155094718933105469e+01
1.988325834274291992e+00,1.669281768798828125e+01
-2.691590785980224609e-01,1.623581504821777344e+01
-3.674428462982177734e-01,1.416246414184570312e+01
1.858152747154235840e+00,2.212117004394531250e+01
-1.557727903127670288e-01,8.534111976623535156e+00
3.299827575683593750e+00,2.124094772338867188e+01
2.320429563522338867e+00,2.193990325927734375e+01
1.027156114578247070e+00,1.929411506652832031e+01
2.542888000607490540e-02,1.250011157989501953e+01
7.281323075294494629e-01,2.211992454528808594e+01
1.711373448371887207e+00,1.565127086639404297e+01
-5.096834301948547363e-01,1.520175266265869141e+01
2.993361711502075195e+00,2.126156234741210938e+01
3.456015825271606445e+00,2.106280517578125000e+01
3.161284923553466797e+00,2.103573989868164062e+01
3.468264102935791016e+00,2.090769386291503906e+01
3.624978065490722656e+00,2.072513771057128906e+01
3.053174972534179688e+00,2.139880371093750000e+01
-8.189460039138793945e-01,5.780213832855224609e+00
-1.075369834899902344e+00,1.571978282928466797e+01
1.600750207901000977e+00,2.206052780151367188e+01
-7.607827335596084595e-02,8.580365180969238281e+00
6.196859478950500488e-01,1.535589122772216797e+01
2.172306060791015625e+00,2.196930885314941406e+01
3.454575777053833008e+00,2.112503433227539062e+01
2.508315145969390869e-01,9.595124244689941406e+00
4.075422286987304688e+00,1.982691192626953125e+01
2.175162076950073242e+00,2.157411384582519531e+01
-8.432316780090332031e-01,5.567120075225830078e+00
3.317446470260620117e+00,2.082064819335937500e+01
2.480698108673095703e+00,1.405126476287841797e+01
2.548640489578247070e+00,2.190641403198242188e+01
1.718671798706054688e+00,1.178012561798095703e+01
7.693365812301635742e-01,2.159918975830078125e+01
-7.131765037775039673e-02,1.347562885284423828e+01
1.813662290573120117e+00,2.173304176330566406e+01
4.649550437927246094e+00,1.907817459106445312e+01
5.379375219345092773e-01,2.223517990112304688e+01
-3.644869625568389893e-01,1.850745582580566406e+01
3.594337403774261475e-01,2.095569229125976562e+01
3.219393193721771240e-01,1.350465488433837891e+01
1.380521535873413086e+00,2.222451591491699219e+01
1.603418588638305664e+00,2.184794616699218750e+01
1.412951946258544922e+00,2.143351936340332031e+01
1.635557264089584351e-01,5.407557010650634766e+00
1.840483903884887695e+00,2.212013816833496094e+01
3.288469552993774414e+00,2.147307586669921875e+01
5.297413468360900879e-01,1.724211883544921875e+01
7.232143282890319824e-01,1.250873470306396484e+01
2.236429691314697266e+00,2.019796371459960938e+01
8.236145973205566406e-01,-2.711887598037719727e+00
-1.149776458740234375e+00,1.050886440277099609e+01
1.461431145668029785e+00,1.227422618865966797e+01
1.795424938201904297e+00,2.227074813842773438e+01
2.099537998437881470e-01,1.684563636779785156e+01
8.313542008399963379e-01,2.206505012512207031e+01
1.910940170288085938e+00,1.593597316741943359e+01
-1.019325032830238342e-01,1.165564060211181641e+01
3.482392072677612305e+00,2.077774810791015625e+01
1.150123596191406250e+00,1.489958095550537109e+01
1.184405565261840820e+00,2.222992706298828125e+01
1.780011132359504700e-02,1.850481414794921875e+01
3.588214874267578125e+00,2.101781463623046875e+01
1.669162034988403320e+00,1.461286640167236328e+01
2.665277719497680664e+00,2.117416381835937500e+01
1.126520395278930664e+00,1.698931121826171875e+01
-3.743827342987060547e-01,1.194566249847412109e+01
7.530152797698974609e-01,2.197743225097656250e+01
2.063405275344848633e+00,8.368401527404785156e+00
2.773098707199096680e+00,2.162140655517578125e+01
2.088824987411499023e+00,1.563089656829833984e+01
6.800067424774169922e-01,2.209246063232421875e+01
2.010434865951538086e+00,2.142157554626464844e+01
1.799711465835571289e+00,1.528638172149658203e+01
1.825713634490966797e+00,2.147892379760742188e+01
1.649210572242736816e+00,2.154309082031250000e+01
2.620708227157592773e+00,2.128390502929687500e+01
1.759873270988464355e+00,2.223823165893554688e+01
4.676261842250823975e-01,1.867805099487304688e+01
-8.748441934585571289e-01,7.740166664123535156e+00
4.037875175476074219e+00,2.009595870971679688e+01
4.916449069976806641e+00,6.733991146087646484e+00
1.880488157272338867e+00,2.136065292358398438e+01
1.393795162439346313e-01,2.146979713439941406e+01
1.614790916442871094e+00,2.219922637939453125e+01
6.286259889602661133e-01,1.884449386596679688e+01
3.243732690811157227e+00,1.948810958862304688e+01
2.259351760149002075e-01,2.113176727294921875e+01
1.393926888704299927e-01,1.334501361846923828e+01
3.099683225154876709e-01,2.151183700561523438e+01
3.554198026657104492e+00,2.018042373657226562e+01
3.608037903904914856e-02,1.374479007720947266e+01
-3.021707236766815186e-01,8.963784217834472656e+00
1.162589415907859802e-01,2.171057510375976562e+01
3.444805860519409180e+00,2.099084091186523438e+01
6.996991038322448730e-01,2.147454452514648438e+01
1.060977697372436523e+00,1.825065803527832031e+01
1.096263885498046875e+00,1.409121227264404297e+01
2.314892053604125977e+00,2.197980117797851562e+01
2.461329251527786255e-01,1.570238780975341797e+01
3.140754222869873047e+00,2.082722091674804688e+01
1.092516422271728516e+00,2.200245475769042969e+01
2.882534265518188477e+00,2.090069580078125000e+01
1.160831525921821594e-01,7.052206516265869141e+00
1.483174562454223633e+00,2.069104766845703125e+01
1.057504296302795410e+00,2.207161331176757812e+01
1.484148651361465454e-01,2.189117431640625000e+01
2.277249574661254883e+00,2.188874435424804688e+01
1.134250283241271973e+00,1.721992492675781250e+01
1.153874039649963379e+00,1.611775970458984375e+01
1.273076295852661133e+00,1.950759124755859375e+01
4.730512619018554688e+00,1.431785678863525391e+01
2.640354931354522705e-01,8.663343429565429688e+00
2.326344728469848633e+00,2.164308547973632812e+01
1.276362538337707520e+00,1.783726501464843750e+01
8.028078675270080566e-01,1.328448390960693359e+01
9.203775525093078613e-01,2.201821517944335938e+01
3.490257501602172852e+00,2.102363204956054688e+01
1.771887540817260742e+00,1.771256637573242188e+01
2.427580118179321289e+00,2.194098663330078125e+01
5.180227756500244141e-01,1.655795478820800781e+01
9.995769858360290527e-01,1.620669937133789062e+01
2.985950410366058350e-01,2.211064147949218750e+01
2.723026037216186523e+00,2.167954826354980469e+01
6.308528184890747070e-01,2.151440811157226562e+01
1.011589050292968750e+00,1.583178234100341797e+01
4.869095385074615479e-01,1.477129077911376953e+01
7.928395867347717285e-01,1.671763038635253906e+01
2.957532167434692383e+00,1.528132343292236328e+01
-3.432047963142395020e-01,1.149340152740478516e+01
-8.204507231712341309e-01,1.987728500366210938e+01
1.045560836791992188e+00,2.230210876464843750e+01
2.398808717727661133e+00,2.060301971435546875e+01
-2.561904489994049072e-01,2.114556884765625000e+01
3.692248582839965820e+00,2.073836708068847656e+01
8.164892196655273438e-01,8.233284950256347656e+00
3.016273736953735352e+00,2.141919708251953125e+01
3.308352231979370117e+00,1.700690650939941406e+01
1.495495080947875977e+00,1.782542419433593750e+01
-1.721914261579513550e-01,1.519407844543457031e+01
1.539289474487304688e+00,2.236806106567382812e+01
1.809718489646911621e+00,2.179274749755859375e+01
4.177339747548103333e-02,1.362040233612060547e+01
-1.009682297706604004e+00,1.493111896514892578e+01
-3.389521539211273193e-01,2.117538642883300781e+01
-8.033107966184616089e-02,8.203263282775878906e+00
1.151211500167846680e+00,2.206141281127929688e+01
2.616988658905029297e+00,2.176561355590820312e+01
3.583182334899902344e+00,1.993207740783691406e+01
1.792939662933349609e+00,1.130443859100341797e+01
-2.732946574687957764e-01,2.111435317993164062e+01
1.129517778754234314e-01,1.324952220916748047e+01
2.704641580581665039e+00,2.167907714843750000e+01
2.531445264816284180e+00,2.178168869018554688e+01
1.380918979644775391e+00,2.227791213989257812e+01
1.113897323608398438e+00,7.678970813751220703e+00
8.252204656600952148e-01,2.129825019836425781e+01
8.892774581909179688e-01,2.181645584106445312e+01
1.113450288772583008e+00,2.223539733886718750e+01
2.971577167510986328e+00,2.149375343322753906e+01
1.576913833618164062e+00,2.220537376403808594e+01
1.672369122505187988e+00,1.341463184356689453e+01
1.964558839797973633e+00,2.199743652343750000e+01
1.235845327377319336e+00,1.861900329589843750e+01
1.756394982337951660e+00,1.683414459228515625e+01
1.992755889892578125e+00,1.465789508819580078e+01
3.942542970180511475e-01,2.171390914916992188e+01
4.765618145465850830e-01,1.812273788452148438e+01
2.190175771713256836e+00,2.195423507690429688e+01
2.023815870285034180e+00,2.084658813476562500e+01
1.049550771713256836e+00,2.180748367309570312e+01
2.245156288146972656e+00,2.193888473510742188e+01
4.309218883514404297e+00,1.602881813049316406e+01
1.904671311378479004e+00,2.226300621032714844e+01
2.931051015853881836e+00,2.158638763427734375e+01
2.394373416900634766e+00,2.197492027282714844e+01
7.491933107376098633e-01,1.738790130615234375e+01
8.758670091629028320e-01,2.035834884643554688e+01
3.536473214626312256e-01,1.503487777709960938e+01
5.115870833396911621e-01,-1.100684523582458496e+00
4.119287803769111633e-02,1.419976711273193359e+01
2.516225337982177734e+00,2.201948165893554688e+01
1.565361976623535156e+00,2.218670654296875000e+01
1.101780414581298828e+00,1.903850746154785156e+01
1.238667845726013184e+00,1.381478500366210938e+01
-8.330175876617431641e-01,1.603571891784667969e+01
3.948920249938964844e+00,1.939004516601562500e+01
1.126829385757446289e+00,2.157246780395507812e+01
2.901420831680297852e+00,2.179484748840332031e+01
5.234754681587219238e-01,2.201533126831054688e+01
2.570323705673217773e+00,2.144434928894042969e+01
-1.868912428617477417e-01,2.112264633178710938e+01
7.028158903121948242e-01,2.225197219848632812e+01
1.758857965469360352e+00,2.237811470031738281e+01
6.910260766744613647e-02,1.923718070983886719e+01
4.145145893096923828e+00,1.973974990844726562e+01
1.566009044647216797e+00,1.207136821746826172e+01
3.119091272354125977e+00,1.443627071380615234e+01
3.912853300571441650e-01,2.220057296752929688e+01
1.914386034011840820e+00,1.592998409271240234e+01
-7.212740182876586914e-01,1.664928817749023438e+01
9.809011816978454590e-01,1.431179904937744141e+01
2.207087993621826172e+00,2.184903907775878906e+01
3.195095360279083252e-01,2.192278671264648438e+01
3.111110448837280273e+00,2.109331130981445312e+01
-1.772504299879074097e-01,2.142778968811035156e+01
2.118923187255859375e+00,1.433208560943603516e+01
2.484219551086425781e+00,2.128298568725585938e+01
1.146370172500610352e+00,1.773593521118164062e+01
2.671572446823120117e+00,2.189790916442871094e+01
1.030222296714782715e+00,2.094462585449218750e+01
-6.387943625450134277e-01,1.027060222625732422e+01
1.907994985580444336e+00,1.653755569458007812e+01
8.376680612564086914e-01,1.104762840270996094e+01
3.416095018386840820e+00,2.080729103088378906e+01
2.151811838150024414e+00,2.211278724670410156e+01
7.695259451866149902e-01,1.545492076873779297e+01
9.773307293653488159e-02,1.096481418609619141e+01
1.985461831092834473e+00,2.225914955139160156e+01
3.284581184387207031e+00,2.112093162536621094e+01
3.365069150924682617e+00,1.735247039794921875e+01
4.039402306079864502e-01,2.159009933471679688e+01
-3.470848128199577332e-02,1.784558868408203125e+01
3.629933118820190430e+00,2.080005645751953125e+01
3.196756124496459961e+00,2.153401947021484375e+01
1.350132822990417480e+00,2.134697341918945312e+01
8.288684487342834473e-01,2.210808181762695312e+01
-5.837796926498413086e-01,1.663887977600097656e+01
1.013744115829467773e+00,2.172374153137207031e+01
2.871678352355957031e+00,2.163251304626464844e+01
6.945689916610717773e-01,1.725880050659179688e+01
1.681229591369628906e+00,1.893279266357421875e+01
-8.407859206199645996e-01,1.846686553955078125e+01
-5.903608724474906921e-02,1.181643581390380859e+01
8.649631142616271973e-01,1.110068035125732422e+01
4.820309579372406006e-01,2.161879539489746094e+01
2.299147099256515503e-01,9.574148178100585938e+00
3.393084704875946045e-01,1.372383785247802734e+01
2.237550735473632812e+00,1.659307670593261719e+01
1.939007520675659180e+00,2.219093322753906250e+01
3.052854537963867188e-01,1.234528827667236328e+01
1.110255718231201172e+00,2.171783828735351562e+01
4.476405680179595947e-01,1.881483650207519531e+01
1.154589891433715820e+00,2.107571792602539062e+01
2.755217552185058594e+00,2.106635856628417969e+01
8.939657807350158691e-01,1.343222522735595703e+01
5.724664330482482910e-01,2.086771392822265625e+01
2.862136363983154297e+00,2.131780242919921875e+01
1.653507232666015625e+00,2.183283042907714844e+01
1.875353932380676270e+00,2.215784645080566406e+01
6.903645396232604980e-01,1.523235130310058594e+01
2.309244155883789062e+00,2.163311195373535156e+01
-9.526630640029907227e-01,1.411810779571533203e+01
1.855208158493041992e+00,1.973346138000488281e+01
-9.874938130378723145e-01,1.842840194702148438e+01
1.785351514816284180e+00,2.199599647521972656e+01
1.470223665237426758e+00,2.127340698242187500e+01
5.064551830291748047e-01,2.084900665283203125e+01
1.999772787094116211e+00,2.234933662414550781e+01
1.973983049392700195e+00,2.197695922851562500e+01
3.309416055679321289e+00,2.136320495605468750e+01
1.233501434326171875e+00,9.569766044616699219e+00
-6.761815547943115234e-01,1.596239185333251953e+01
2.285856753587722778e-01,1.512361145019531250e+01
2.598844051361083984e+00,1.992126274108886719e+01
5.699617862701416016e-01,1.416089153289794922e+01
-8.031480312347412109e-01,6.628228664398193359e+00
1.883603096008300781e+00,2.231785202026367188e+01
1.019455671310424805e+00,1.492621517181396484e+01
3.919251680374145508e+00,2.010237693786621094e+01
1.333983302116394043e+00,1.675320625305175781e+01
1.725601196289062500e+00,2.146966171264648438e+01
-2.411098331212997437e-01,2.142095184326171875e+01
1.830256104469299316e+00,2.232926559448242188e+01
3.734099626541137695e+00,1.856784439086914062e+01
3.326577425003051758e+00,2.130057144165039062e+01
1.770101547241210938e+00,2.232489204406738281e+01
3.193746805191040039e+00,2.111670303344726562e+01
4.027884304523468018e-01,2.040773963928222656e+01
-7.112990617752075195e-01,2.037072753906250000e+01
1.345117211341857910e+00,1.674861526489257812e+01
1.807555079460144043e+00,1.813270187377929688e+01
-1.332087367773056030e-01,1.333504009246826172e+01
1.739260315895080566e+00,2.191393661499023438e+01
-9.096935391426086426e-01,1.835814666748046875e+01
2.634261369705200195e+00,2.184622573852539062e+01
4.750108420848846436e-01,-1.900181651115417480e+00
-8.439722061157226562e-01,1.963331222534179688e+01
9.544268250465393066e-01,2.187760353088378906e+01
3.110125541687011719e+00,2.146127319335937500e+01
2.354505538940429688e+00,2.191587829589843750e+01
2.281333208084106445e+00,2.158199691772460938e+01
8.531377315521240234e-01,2.226324844360351562e+01
1.100736856460571289e+00,2.191379928588867188e+01
1.043751478195190430e+00,1.975108718872070312e+01
1.096156835556030273e+00,2.167654800415039062e+01
1.322227597236633301e+00,2.200181961059570312e+01
2.854874432086944580e-01,1.123588657379150391e+01
3.215445995330810547e+00,1.983959770202636719e+01
3.727477312088012695e+00,1.486213302612304688e+01
1.110360860824584961e+00,1.625662231445312500e+01
1.656107544898986816e+00,1.425111007690429688e+01
2.861733198165893555e+00,2.180921363830566406e+01
-2.920515835285186768e-01,1.480612182617187500e+01
3.032550811767578125e+00,2.026161956787109375e+01
1.379782199859619141e+00,2.219396591186523438e+01
1.679211258888244629e+00,2.218837738037109375e+01
1.606046795845031738e+00,1.130906963348388672e+01
2.308906078338623047e+00,2.210539627075195312e+01
2.357775211334228516e+00,2.056840515136718750e+01
2.532083272933959961e+00,2.200798606872558594e+01
-6.010158061981201172e-01,9.787222862243652344e+00
3.926248311996459961e+00,1.689078712463378906e+01
3.522496938705444336e+00,2.010140228271484375e+01
5.618689656257629395e-01,1.099467945098876953e+01
1.689139127731323242e+00,1.618307113647460938e+01
2.283772706985473633e+00,2.214879226684570312e+01
-9.698090702295303345e-02,1.438955593109130859e+01
-4.370131194591522217e-01,2.103733634948730469e+01
1.833750724792480469e+00,2.208528137207031250e+01
-1.565692543983459473e+00,1.125362682342529297e+01
1.516694068908691406e+00,1.605927085876464844e+01
1.757589578628540039e+00,2.131753158569335938e+01
2.554620265960693359e+00,2.173907470703125000e+01
-1.134251236915588379e+00,4.756535530090332031e+00
9.020323157310485840e-01,2.208557701110839844e+01
-7.984775900840759277e-01,1.059211635589599609e+01
8.247975707054138184e-01,1.414251232147216797e+01
3.177296638488769531e+00,1.895460700988769531e+01
7.981867790222167969e-01,1.693186378479003906e+01
3.428811311721801758e+00,2.089606857299804688e+01
1.488965749740600586e+00,2.217947578430175781e+01
1.739316463470458984e+00,2.127395248413085938e+01
-2.515833675861358643e-01,2.164866638183593750e+01
4.412377178668975830e-01,2.188534927368164062e+01
2.180643826723098755e-01,2.184309768676757812e+01
-9.088631868362426758e-01,1.667986106872558594e+01
2.979723930358886719e+00,2.168710899353027344e+01
1.649196147918701172e+00,2.063091468811035156e+01
6.317484974861145020e-01,1.625802803039550781e+01
9.516832232475280762e-01,1.910376358032226562e+01
4.949795901775360107e-01,9.620806694030761719e+00
-3.096827492117881775e-02,2.797462940216064453e+00
2.331690311431884766e+00,2.154441452026367188e+01
-7.264522314071655273e-01,1.932134628295898438e+01
1.233529806137084961e+00,2.138225936889648438e+01
1.393611669540405273e+00,1.849802017211914062e+01
2.645171880722045898e+00,2.201958656311035156e+01
2.170639753341674805e+00,2.206015586853027344e+01
1.707476139068603516e+00,2.223508834838867188e+01
1.169101953506469727e+00,1.804471778869628906e+01
-9.348462820053100586e-01,9.341200828552246094e+00
-4.681279361248016357e-01,1.971427917480468750e+01
1.124899625778198242e+00,1.819278335571289062e+01
2.291815519332885742e+00,1.997365951538085938e+01
3.332084894180297852e+00,2.127462005615234375e+01
1.061551928520202637e+00,2.060991477966308594e+01
8.387503623962402344e-01,1.497931003570556641e+01
1.558065176010131836e+00,2.215940856933593750e+01
2.118513345718383789e+00,2.134896469116210938e+01
7.895002365112304688e-01,1.168673992156982422e+01
1.310503482818603516e+00,1.668591690063476562e+01
-7.402885556221008301e-01,2.036782455444335938e+01
1.821937114000320435e-01,2.189567184448242188e+01
2.344387292861938477e+00,2.214884185791015625e+01
1.335987210273742676e+00,1.470052528381347656e+01
6.510367244482040405e-02,1.656476593017578125e+01
1.857950687408447266e+00,2.206254959106445312e+01
1.316517114639282227e+00,2.193835258483886719e+01
3.798674345016479492e+00,2.071854591369628906e+01
2.784487485885620117e+00,2.169844245910644531e+01
1.521965026855468750e+00,2.209900665283203125e+01
3.374289989471435547e+00,2.106429672241210938e+01
-3.152785822749137878e-02,1.783708763122558594e+01
1.963348865509033203e+00,1.651729202270507812e+01
3.602749407291412354e-01,1.723292160034179688e+01
4.275998175144195557e-01,7.379848003387451172e+00
2.551361083984375000e+00,2.078824996948242188e+01
5.591362118721008301e-01,1.377534580230712891e+01
2.278585910797119141e+00,2.146280670166015625e+01
1.266561985015869141e+00,2.215774917602539062e+01
3.096025288105010986e-01,1.639503860473632812e+01
3.307614088058471680e+00,2.091137695312500000e+01
1.004890680313110352e+00,1.276292896270751953e+01
1.519172668457031250e+00,1.488777351379394531e+01
1.665894865989685059e+00,2.225259971618652344e+01
2.947169780731201172e+00,2.154592323303222656e+01
4.204444885253906250e+00,1.894382095336914062e+01
2.535587310791015625e+00,2.207238197326660156e+01
3.597183227539062500e+00,2.047129249572753906e+01
2.571608304977416992e+00,1.214043903350830078e+01
2.302589654922485352e+00,2.194236183166503906e+01
7.812058925628662109e-01,2.045030593872070312e+01
1.486214876174926758e+00,8.176040649414062500e+00
3.922574758529663086e+00,2.056583404541015625e+01
-2.026260644197463989e-01,1.065324306488037109e+01
2.622626304626464844e+00,2.177467536926269531e+01
4.625615119934082031e+00,1.836781501770019531e+01
-4.030054509639739990e-01,2.090175628662109375e+01
1.495796442031860352e+00,2.220547103881835938e+01
2.517582178115844727e+00,2.193811416625976562e+01
1.605658292770385742e+00,2.196287155151367188e+01
1.295206427574157715e+00,1.863490295410156250e+01
2.390640974044799805e+00,2.195531272888183594e+01
2.988412618637084961e+00,2.150399398803710938e+01
1.790955781936645508e+00,2.209462738037109375e+01
-5.909230113029479980e-01,2.020977783203125000e+01
1.980093240737915039e+00,1.839646911621093750e+01
6.805493235588073730e-01,2.203568267822265625e+01
1.011991024017333984e+00,2.150040435791015625e+01
1.134417772293090820e+00,1.920399665832519531e+01
2.669023990631103516e+00,2.173983001708984375e+01
2.552506685256958008e+00,2.088316726684570312e+01
-5.615919828414916992e-01,1.569396877288818359e+01
6.924267411231994629e-01,1.922634124755859375e+01
2.276831388473510742e+00,2.169027328491210938e+01
3.851211786270141602e+00,2.054363250732421875e+01
3.377198457717895508e+00,2.102590751647949219e+01
1.203524231910705566e+00,1.706649780273437500e+01
-1.101325526833534241e-01,1.758512496948242188e+01
4.284980773925781250e+00,2.007263946533203125e+01
-4.176299870014190674e-01,1.166734409332275391e+01
1.173699617385864258e+00,2.223762130737304688e+01
6.767209172248840332e-01,1.141329669952392578e+01
-4.342064559459686279e-01,1.205140972137451172e+01
1.640354543924331665e-01,2.179299163818359375e+01
1.693481326103210449e+00,2.233771896362304688e+01
2.163497209548950195e+00,1.873043251037597656e+01
1.217200279235839844e+00,2.110959815979003906e+01
7.780088186264038086e-01,1.027817630767822266e+01
1.547266244888305664e+00,2.224840545654296875e+01
2.168214082717895508e+00,1.601177597045898438e+01
-3.491733670234680176e-01,4.140831947326660156e+00
1.647535920143127441e+00,2.220525741577148438e+01
1.309865713119506836e+00,2.227331924438476562e+01
-5.297588109970092773e-01,2.098688507080078125e+01
8.782802224159240723e-01,2.209988021850585938e+01
3.074120759963989258e+00,1.848029327392578125e+01
1.381423354148864746e+00,1.605080795288085938e+01
8.820716738700866699e-01,2.212282943725585938e+01
9.380921125411987305e-01,1.604460716247558594e+01
1.527600049972534180e+00,-8.626971840858459473e-01
3.104556798934936523e+00,2.099279212951660156e+01
1.922939538955688477e+00,2.216537475585937500e+01
9.802585244178771973e-01,2.222942733764648438e+01
1.243759877979755402e-03,1.029967594146728516e+01
2.255936384201049805e+00,2.214801406860351562e+01
1.693596363067626953e+00,1.298106479644775391e+01
1.313289880752563477e+00,1.568075180053710938e+01
4.271893203258514404e-01,2.140593719482421875e+01
1.289673615247011185e-02,1.293111324310302734e+01
1.032741069793701172e+00,1.487467956542968750e+01
2.253419876098632812e+00,2.117791175842285156e+01
1.928673028945922852e+00,2.207943916320800781e+01
-2.563244402408599854e-01,1.454237270355224609e+01
1.830946326255798340e+00,1.468570995330810547e+01
1.649573564529418945e+00,1.787614440917968750e+01
2.891823768615722656e+00,2.153595542907714844e+01
2.144607067108154297e+00,1.788252639770507812e+01
2.402477979660034180e+00,2.188142204284667969e+01
1.910817861557006836e+00,2.053322410583496094e+01
2.136810570955276489e-01,1.284121990203857422e+01
2.713278770446777344e+00,2.201708412170410156e+01
-1.120237335562705994e-01,6.260676860809326172e+00
1.982729673385620117e+00,1.762689208984375000e+01
8.223491162061691284e-02,9.839344024658203125e+00
4.077304840087890625e+00,1.504799270629882812e+01
2.326306253671646118e-01,2.156792068481445312e+01
3.074571192264556885e-01,1.243784999847412109e+01
7.559168338775634766e-01,2.166544342041015625e+01
1.860206842422485352e+00,2.153976440429687500e+01
-4.048145413398742676e-01,1.059172534942626953e+01
6.763317435979843140e-02,1.786357879638671875e+01
3.013063430786132812e+00,1.962515640258789062e+01
1.503192424774169922e+00,1.817639160156250000e+01
2.787493944168090820e+00,2.145067977905273438e+01
2.487024545669555664e+00,2.186067390441894531e+01
2.923154830932617188e+00,2.119782447814941406e+01
2.687897443771362305e+00,2.158601570129394531e+01
1.590153694152832031e+00,1.996880340576171875e+01
5.433596372604370117e-01,2.214039421081542969e+01
2.385313272476196289e+00,2.143660163879394531e+01
2.986335992813110352e+00,2.169689941406250000e+01
1.754974126815795898e+00,2.047841262817382812e+01
9.455297589302062988e-01,2.186866950988769531e+01
1.108561515808105469e+00,1.074270153045654297e+01
1.572959542274475098e+00,1.943428230285644531e+01
1.747793197631835938e+00,2.214216613769531250e+01
1.498856693506240845e-01,2.183142280578613281e+01
1.174360752105712891e+00,1.568405246734619141e+01
1.321048974990844727e+00,2.209134101867675781e+01
1.731635093688964844e+00,2.055601501464843750e+01
4.467044353485107422e+00,1.879822731018066406e+01
3.136698722839355469e+00,2.132917785644531250e+01
4.154737472534179688e+00,1.125197291374206543e+00
3.335060358047485352e+00,2.111087036132812500e+01
1.997819691896438599e-01,1.709446334838867188e+01
1.993132352828979492e+00,1.803124809265136719e+01
1.535873174667358398e+00,2.212771606445312500e+01
6.543737649917602539e-01,1.152785015106201172e+01
1.811178445816040039e+00,2.188415908813476562e+01
2.108775138854980469e+00,2.216965866088867188e+01
3.910985231399536133e+00,1.999281501770019531e+01
1.079159617424011230e+00,1.835718154907226562e+01
2.986562252044677734e+00,2.153474235534667969e+01
1.277725577354431152e+00,2.192876052856445312e+01
3.144419431686401367e+00,2.127892303466796875e+01
4.371056258678436279e-01,2.200320816040039062e+01
4.139992892742156982e-01,1.236795902252197266e+01
9.941445589065551758e-01,2.091327857971191406e+01
2.813680887222290039e+00,2.181775093078613281e+01
8.040478229522705078e-01,1.293106079101562500e+01
2.082878500223159790e-01,2.163389587402343750e+01
1.689065575599670410e+00,1.642821121215820312e+01
2.742131650447845459e-01,1.437186431884765625e+01
1.105552434921264648e+00,1.834156036376953125e+01
8.576121330261230469e-01,1.684668731689453125e+01
1.340653896331787109e+00,2.170024871826171875e+01
2.556667566299438477e+00,2.122294616699218750e+01
-1.073459163308143616e-01,1.882973480224609375e+01
1.308725833892822266e+00,2.196493148803710938e+01
2.936747550964355469e+00,2.102943229675292969e+01
3.673239469528198242e+00,1.892881202697753906e+01
2.428867369890213013e-01,1.422334861755371094e+01
6.114519834518432617e-01,1.707001876831054688e+01
2.341572284698486328e+00,2.181403160095214844e+01
1.825079679489135742e+00,2.227821731567382812e+01
2.266136884689331055e+00,2.215508270263671875e+01
1.428822517395019531e+00,1.390133953094482422e+01
2.459998369216918945e+00,2.198080825805664062e+01
3.206710100173950195e+00,2.111611175537109375e+01
-2.706661522388458252e-01,7.871199607849121094e+00
3.823992908000946045e-01,1.220395946502685547e+01
3.285940885543823242e+00,1.993311309814453125e+01
2.303772211074829102e+00,2.194596481323242188e+01
7.580147981643676758e-01,1.521617507934570312e+01
-1.170535802841186523e+00,1.720306777954101562e+01
9.473546147346496582e-01,1.099399089813232422e+01
-3.820379376411437988e-01,4.538618564605712891e+00
1.153959751129150391e+00,1.188323879241943359e+01
8.405660986900329590e-01,1.229586315155029297e+01
2.277247667312622070e+00,2.215629386901855469e+01
2.231003522872924805e+00,1.837326049804687500e+01
-1.693047881126403809e-01,9.778190612792968750e+00
4.808841645717620850e-01,7.074627399444580078e+00
2.370280504226684570e+00,2.193920516967773438e+01
6.612044572830200195e-01,2.109341812133789062e+01
4.428843498229980469e+00,1.738594055175781250e+01
2.873223066329956055e+00,2.058232116699218750e+01
-1.227373257279396057e-01,2.104423522949218750e+01
1.368076324462890625e+00,1.310499382019042969e+01
3.235176801681518555e+00,2.101864624023437500e+01
2.806110143661499023e+00,2.013534545898437500e+01
2.661663293838500977e+00,1.703984069824218750e+01
1.966372966766357422e+00,2.126833152770996094e+01
3.886497259140014648e+00,2.073162841796875000e+01
2.214911699295043945e+00,2.198344421386718750e+01
2.140694379806518555e+00,2.171958351135253906e+01
2.274253606796264648e+00,2.214578056335449219e+01
8.073765039443969727e-01,1.705368614196777344e+01
5.863276124000549316e-01,1.124739742279052734e+01
9.206474423408508301e-01,2.175293540954589844e+01
6.478406190872192383e-01,2.167914199829101562e+01
3.341636896133422852e+00,2.108809089660644531e+01
7.480399012565612793e-01,1.591816520690917969e+01
8.020715117454528809e-01,2.220875358581542969e+01
4.163930892944335938e+00,1.946033668518066406e+01
2.016726016998291016e+00,2.211583518981933594e+01
-4.181874096393585205e-01,2.004816627502441406e+01
-3.191711306571960449e-01,1.655398941040039062e+01
2.270606756210327148e+00,2.194876861572265625e+01
2.648107528686523438e+00,2.121213150024414062e+01
1.050592899322509766e+00,1.332216167449951172e+01
2.781765460968017578e+00,1.910509872436523438e+01
2.624284744262695312e+00,1.693446350097656250e+01
4.485488891601562500e+00,1.702713775634765625e+01
2.372631549835205078e+00,1.952859687805175781e+01
2.379746675491333008e+00,1.850423431396484375e+01
2.693990945816040039e+00,2.156610870361328125e+01
7.031981348991394043e-01,1.289083194732666016e+01
2.062080055475234985e-01,2.071575736999511719e+01
1.833514451980590820e+00,2.208868217468261719e+01
3.057428598403930664e-01,1.237707424163818359e+01
7.878172993659973145e-01,1.354280090332031250e+01
-2.225682586431503296e-01,1.435712146759033203e+01
3.280642032623291016e+00,2.091443252563476562e+01
-4.731570780277252197e-01,1.347323703765869141e+01
5.926908254623413086e-01,2.185973167419433594e+01
2.707971334457397461e+00,1.917521858215332031e+01
1.460429668426513672e+00,2.218023681640625000e+01
7.156063318252563477e-01,2.022831916809082031e+01
2.134779930114746094e+00,1.986516380310058594e+01
2.003589153289794922e+00,2.140478134155273438e+01
1.090172648429870605e+00,1.510481166839599609e+01
1.597100377082824707e+00,2.186841011047363281e+01
2.511953353881835938e+00,2.193217849731445312e+01
5.429430007934570312e-01,2.204772758483886719e+01
2.179926633834838867e+00,2.202317047119140625e+01
-4.081175029277801514e-01,1.943209838867187500e+01
5.604892969131469727e-01,2.186071777343750000e+01
-2.065753191709518433e-01,2.118248748779296875e+01
1.101059079170227051e+00,1.201860904693603516e+01
6.612652540206909180e-01,1.188621616363525391e+01
3.670061826705932617e+00,2.073919486999511719e+01
3.268783569335937500e+00,2.138462448120117188e+01
-3.453013598918914795e-01,2.098752021789550781e+01
1.798017263412475586e+00,2.185674095153808594e+01
1.141809940338134766e+00,2.210053253173828125e+01
2.657978773117065430e+00,2.154833602905273438e+01
1.599416017532348633e+00,2.182403564453125000e+01
2.795511245727539062e+00,2.173683738708496094e+01
1.811718821525573730e+00,2.212418365478515625e+01
3.943585395812988281e+00,1.739022827148437500e+01
1.370042800903320312e+00,1.343658542633056641e+01
9.461576938629150391e-01,2.207737350463867188e+01
1.022846579551696777e+00,1.797983169555664062e+01
4.794279634952545166e-01,1.118019390106201172e+01
1.112264156341552734e+00,1.626971817016601562e+01
1.360231637954711914e+00,2.200658798217773438e+01
1.684613227844238281e+00,1.102280330657958984e+01
3.050839900970458984e+00,2.074509811401367188e+01
1.268577933311462402e+00,2.166036415100097656e+01
2.547237575054168701e-01,8.643510818481445312e+00
1.998646140098571777e+00,2.184892654418945312e+01
2.781771183013916016e+00,2.177813911437988281e+01
-1.298231005668640137e+00,1.736979675292968750e+01
8.485939353704452515e-02,2.158308029174804688e+01
1.050322294235229492e+00,1.746686172485351562e+01
6.801654100418090820e-01,2.215864372253417969e+01
9.083392024040222168e-01,1.013216304779052734e+01
-2.196659520268440247e-02,7.096519947052001953e+00
-8.857399225234985352e-01,9.455843925476074219e+00
6.957827210426330566e-01,1.384280967712402344e+01
1.920536309480667114e-01,-2.358772993087768555e+00
5.039134621620178223e-01,2.172064590454101562e+01
2.786533907055854797e-02,1.175190067291259766e+01
3.623234987258911133e+00,1.953253936767578125e+01
4.155639111995697021e-01,1.665951156616210938e+01
-1.828414052724838257e-01,1.462355041503906250e+01
5.615558624267578125e-01,2.210318946838378906e+01
-9.072163105010986328e-01,9.229007720947265625e+00
3.939936637878417969e+00,1.814071655273437500e+01
8.776789307594299316e-01,2.120678710937500000e+01
1.978405192494392395e-02,1.648375511169433594e+01
1.282694816589355469e+00,6.087879538536071777e-01
1.762425541877746582e+00,2.201520538330078125e+01
7.794656753540039062e-01,1.953764724731445312e+01
-4.763669073581695557e-01,1.900062179565429688e+01
2.662502050399780273e+00,2.143498039245605469e+01
1.651026487350463867e+00,2.214837837219238281e+01
1.047279596328735352e+00,2.053831100463867188e+01
-1.203984260559082031e+00,1.645128440856933594e+01
1.697720527648925781e+00,9.056536674499511719e+00
1.020850658416748047e+00,1.783581733703613281e+01
4.392199516296386719e+00,1.465993976593017578e+01
2.695245981216430664e+00,2.196102523803710938e+01
-5.978019237518310547e-01,1.522244453430175781e+01
1.490550279617309570e+00,1.577874946594238281e+01
4.165421426296234131e-01,1.370893859863281250e+01
1.117457389831542969e+00,2.226027488708496094e+01
2.395702600479125977e+00,2.210262680053710938e+01
2.542091906070709229e-01,2.164611053466796875e+01
2.123663187026977539e+00,2.132804107666015625e+01
2.007110118865966797e+00,2.213783264160156250e+01
1.579178094863891602e+00,2.221303176879882812e+01
-2.653701230883598328e-04,1.061781024932861328e+01
1.055000543594360352e+00,2.222845458984375000e+01
6.087516546249389648e-01,2.205536270141601562e+01
1.363726425915956497e-02,1.593840503692626953e+01
1.331778287887573242e+00,1.420080661773681641e+01
2.805425882339477539e+00,1.971078872680664062e+01
2.205859899520874023e+00,2.157692337036132812e+01
1.658311128616333008e+00,2.155613136291503906e+01
1.696715712547302246e+00,2.188972473144531250e+01
1.031553745269775391e+00,2.216206359863281250e+01
-1.156583309173583984e+00,1.686478996276855469e+01
1.123995304107666016e+00,2.229077720642089844e+01
-2.238350063562393188e-01,5.951009273529052734e+00
1.241812944412231445e+00,1.935926246643066406e+01
1.029345750808715820e+00,1.359012126922607422e+01
1.747556209564208984e+00,2.225266647338867188e+01
2.615055799484252930e+00,2.189933776855468750e+01
1.907855868339538574e+00,2.220713806152343750e+01
3.325006484985351562e+00,1.959249496459960938e+01
1.372471004724502563e-01,1.071532726287841797e+01
5.591427683830261230e-01,1.919016265869140625e+01
3.893278539180755615e-01,1.045971679687500000e+01
2.512923479080200195e+00,2.183759689331054688e+01
2.681777715682983398e+00,2.120555877685546875e+01
1.480882525444030762e+00,2.221950531005859375e+01
1.372091889381408691e+00,1.588951492309570312e+01
2.979532241821289062e+00,2.136175537109375000e+01
1.744406938552856445e+00,2.055498504638671875e+01
2.665510892868041992e+00,2.191704177856445312e+01
2.222287178039550781e+00,2.149973106384277344e+01
4.104056835174560547e+00,1.767411041259765625e+01
-6.218212842941284180e-01,2.004968261718750000e+01
1.972605466842651367e+00,1.415661430358886719e+01
2.559610366821289062e+00,2.160078811645507812e+01
2.857305765151977539e+00,2.143040084838867188e+01
2.174500942230224609e+00,2.207869720458984375e+01
2.074223756790161133e+00,2.222554397583007812e+01
3.054499387741088867e+00,1.347017574310302734e+01
1.403077412396669388e-02,1.578998661041259766e+01
2.621879339218139648e+00,2.197795486450195312e+01
1.616034984588623047e+00,2.228448104858398438e+01
2.122842788696289062e+00,2.216663742065429688e+01
3.911335468292236328e+00,2.000761795043945312e+01
2.128024578094482422e+00,1.976403999328613281e+01
1.512253284454345703e+00,1.599257755279541016e+01
1.399753808975219727e+00,2.085491180419921875e+01
1.577384710311889648e+00,2.239606285095214844e+01
2.904844522476196289e+00,2.179987335205078125e+01
2.732800006866455078e+00,2.195143318176269531e+01
5.774392485618591309e-01,1.705665779113769531e+01
3.860738754272460938e+00,2.056624603271484375e+01
1.652583837509155273e+00,2.027432060241699219e+01
2.820856869220733643e-01,1.412232685089111328e+01
7.271564006805419922e-01,1.414454555511474609e+01
2.946706295013427734e+00,2.124513435363769531e+01
3.717150211334228516e+00,2.076282882690429688e+01
1.188365578651428223e+00,1.583860874176025391e+01
3.558163881301879883e+00,2.074122810363769531e+01
1.517473608255386353e-01,1.475820350646972656e+01
3.429156064987182617e+00,2.109444808959960938e+01
2.096288442611694336e+00,2.194215583801269531e+01
2.943170785903930664e+00,1.960254287719726562e+01
1.809282183647155762e+00,2.206845474243164062e+01
2.607621431350708008e+00,2.181187438964843750e+01
1.557492733001708984e+00,2.221698379516601562e+01
1.570245981216430664e+00,1.727282905578613281e+01
1.781822919845581055e+00,2.209083938598632812e+01
4.254766464233398438e+00,1.946079254150390625e+01
2.069701194763183594e+00,1.669131278991699219e+01
1.790271997451782227e+00,1.896934127807617188e+01
3.947547912597656250e+00,1.992074584960937500e+01
3.136920213699340820e+00,2.141454315185546875e+01
2.473032236099243164e+00,2.106983184814453125e+01
3.215338468551635742e+00,2.147052383422851562e+01
4.937377274036407471e-01,2.176985549926757812e+01
-7.223193049430847168e-01,1.573853683471679688e+01
1.700839281082153320e+00,2.220588493347167969e+01
3.370934486389160156e+00,2.023953247070312500e+01
4.087050259113311768e-01,1.870393180847167969e+01
1.688515186309814453e+00,2.210462570190429688e+01
7.689740508794784546e-02,1.891080856323242188e+01
3.453166961669921875e+00,2.090121078491210938e+01
2.934831857681274414e+00,2.165027236938476562e+01
-8.754499554634094238e-01,2.068310928344726562e+01
3.050375938415527344e+00,2.169572830200195312e+01
1.846390247344970703e+00,2.208569717407226562e+01
3.654801607131958008e+00,2.087073516845703125e+01
2.409239768981933594e+00,2.213919067382812500e+01
5.495221614837646484e-01,1.932127380371093750e+01
-1.502946615219116211e+00,1.733993530273437500e+01
4.121630191802978516e+00,1.921275329589843750e+01
7.866753935813903809e-01,1.875520706176757812e+01
8.819185495376586914e-01,1.666035652160644531e+01
1.895529031753540039e+00,1.242670154571533203e+01
1.066941261291503906e+00,2.132441520690917969e+01
4.243030026555061340e-02,2.016057968139648438e+01
5.735374093055725098e-01,7.817512035369873047e+00
6.301622986793518066e-01,1.138577079772949219e+01
1.736571431159973145e+00,2.222474670410156250e+01
1.383424520492553711e+00,2.218962478637695312e+01
2.929954528808593750e+00,2.126106643676757812e+01
9.047684669494628906e-01,2.224948120117187500e+01
3.183502912521362305e+00,2.131659317016601562e+01
3.456549882888793945e+00,2.110303878784179688e+01
5.473212599754333496e-01,1.174645328521728516e+01
-6.909112930297851562e-01,-1.173600792884826660e+00
1.752485394477844238e+00,2.096699142456054688e+01
3.087187528610229492e+00,2.063500213623046875e+01
8.263298273086547852e-01,1.951913642883300781e+01
2.441482067108154297e+00,1.541198825836181641e+01
-2.147463709115982056e-01,9.136697769165039062e+00
3.425109624862670898e+00,2.032569503784179688e+01
-1.293550968170166016e+00,1.859892654418945312e+01
1.367947340011596680e+00,2.079984283447265625e+01
3.448010444641113281e+00,1.357169055938720703e+01
5.261219739913940430e-01,9.063186645507812500e+00
1.414207369089126587e-01,1.513991355895996094e+01
2.872517347335815430e+00,2.164923858642578125e+01
1.199426412582397461e+00,2.214083480834960938e+01
2.538350820541381836e+00,1.216477012634277344e+01
9.658213853836059570e-01,1.884241294860839844e+01
-2.624945938587188721e-01,1.463184547424316406e+01
1.423164844512939453e+00,1.937484741210937500e+01
6.456817984580993652e-01,1.692133331298828125e+01
6.067794561386108398e-01,1.378753852844238281e+01
3.949440240859985352e+00,2.065243721008300781e+01
1.175234198570251465e+00,2.147060012817382812e+01
1.425801038742065430e+00,9.761221885681152344e+00
3.399850845336914062e+00,2.106669235229492188e+01
-2.743941247463226318e-01,5.107481956481933594e+00
3.084672451019287109e+00,2.155133438110351562e+01
-8.321493864059448242e-01,2.065341758728027344e+01
1.408026933670043945e+00,2.204481124877929688e+01
3.047336816787719727e+00,2.116289520263671875e+01
2.286442995071411133e+00,2.108528900146484375e+01
1.326502799987792969e+00,1.697028350830078125e+01
3.442241191864013672e+00,2.097526168823242188e+01
1.562095403671264648e+00,2.213680648803710938e+01
2.221757888793945312e+00,2.220640945434570312e+01
1.220573544502258301e+00,1.947177314758300781e+01
7.550098747014999390e-02,2.105321121215820312e+01
7.598661184310913086e-01,2.183582878112792969e+01
1.064282298088073730e+00,1.364505958557128906e+01
2.313604354858398438e+00,1.382393169403076172e+01
4.041140377521514893e-01,2.185883331298828125e+01
3.533179998397827148e+00,1.872797012329101562e+01
1.403451919555664062e+00,1.395221614837646484e+01
1.066885471343994141e+00,2.127898979187011719e+01
2.430078744888305664e+00,1.635661506652832031e+01
1.422636747360229492e+00,2.116701889038085938e+01
1.889691591262817383e+00,1.975364685058593750e+01
2.373882770538330078e+00,1.999652481079101562e+01
1.332541465759277344e+00,2.189943695068359375e+01
2.585895299911499023e+00,2.191800308227539062e+01
8.345180153846740723e-01,1.724978828430175781e+01
2.156614065170288086e+00,2.208555984497070312e+01
2.655542373657226562e+00,2.116618728637695312e+01
1.040884375572204590e+00,2.199034881591796875e+01
1.808628320693969727e+00,1.480858421325683594e+01
2.366382360458374023e+00,2.185029411315917969e+01
1.162783384323120117e+00,2.182756996154785156e+01
3.908889293670654297e+00,2.000761985778808594e+01
4.691620171070098877e-01,1.347320747375488281e+01
1.075522899627685547e+00,1.809381484985351562e+01
-2.644718587398529053e-01,1.018024063110351562e+01
2.291417837142944336e+00,2.194526290893554688e+01
3.669623613357543945e+00,2.035896682739257812e+01
1.522495031356811523e+00,1.193238544464111328e+01
1.458363056182861328e+00,1.399167919158935547e+01
1.655989289283752441e+00,1.902059555053710938e+01
-1.476858735084533691e+00,1.937611770629882812e+01
2.944297075271606445e+00,2.176947402954101562e+01
2.898866832256317139e-01,2.175300788879394531e+01
1.522150278091430664e+00,2.232758331298828125e+01
1.199693202972412109e+00,2.131344413757324219e+01
9.072242379188537598e-01,1.946571350097656250e+01
5.390745997428894043e-01,2.202815246582031250e+01
3.500457108020782471e-01,1.420332050323486328e+01
2.545504331588745117e+00,2.205318069458007812e+01
1.628309011459350586e+00,1.941009140014648438e+01
2.487698316574096680e+00,2.179584884643554688e+01
1.954826474189758301e+00,2.195241737365722656e+01
7.536955922842025757e-02,2.184119033813476562e+01
-7.686728835105895996e-01,3.116884946823120117e+00
1.524689644575119019e-01,9.702712059020996094e+00
1.684682846069335938e+00,1.644699287414550781e+01
1.387711286544799805e+00,1.707690048217773438e+01
1.406731605529785156e+00,2.225742340087890625e+01
2.010772943496704102e+00,2.174499893188476562e+01
1.511664867401123047e+00,1.715519714355468750e+01
1.519723773002624512e+00,1.624856567382812500e+01
2.744641065597534180e+00,2.178201866149902344e+01
1.468274354934692383e+00,1.270736789703369141e+01
5.290495753288269043e-01,1.253804302215576172e+01
1.254116773605346680e+00,1.405986118316650391e+01
2.472315311431884766e+00,2.184584045410156250e+01
2.203203916549682617e+00,2.208526802062988281e+01
-4.313782155513763428e-01,1.853516006469726562e+01
3.069318532943725586e+00,2.159418487548828125e+01
4.449510872364044189e-01,1.623218727111816406e+01
3.745390415191650391e+00,2.057654190063476562e+01
-4.106105268001556396e-01,1.580308818817138672e+01
3.170757055282592773e+00,2.078005790710449219e+01
1.713704466819763184e+00,2.222206687927246094e+01
9.450160264968872070e-01,1.287217235565185547e+01
4.591304779052734375e+00,1.850034713745117188e+01
3.501591682434082031e+00,2.096885108947753906e+01
3.198596000671386719e+00,1.976230621337890625e+01
1.935407757759094238e+00,2.202697563171386719e+01
1.037021756172180176e+00,1.917224121093750000e+01
2.267763376235961914e+00,1.723582077026367188e+01
4.232790946960449219e+00,1.940536689758300781e+01
1.154791355133056641e+00,1.364671516418457031e+01
4.883193671703338623e-01,1.806648826599121094e+01
8.772069811820983887e-01,2.181786346435546875e+01
1.093143463134765625e+00,2.102659606933593750e+01
1.639159679412841797e+00,2.202437210083007812e+01
7.766333818435668945e-01,1.474503231048583984e+01
1.854416966438293457e+00,1.446365261077880859e+01
1.555409431457519531e+00,2.215104675292968750e+01
1.102201938629150391e+00,1.843659210205078125e+01
2.014695882797241211e+00,2.220355033874511719e+01
1.901849746704101562e+00,2.227187347412109375e+01
1.957768350839614868e-01,1.463294887542724609e+01
1.700672030448913574e+00,2.220327758789062500e+01
6.901413202285766602e-01,2.040185546875000000e+01
3.565337419509887695e+00,2.109080505371093750e+01
3.446616232395172119e-01,2.201362609863281250e+01
1.303180456161499023e+00,2.233724594116210938e+01
9.317326545715332031e-01,1.688516616821289062e+01
9.027246236801147461e-01,1.598869991302490234e+01
2.495270490646362305e+00,2.173754501342773438e+01
1.517278671264648438e+00,2.188034439086914062e+01
1.281781911849975586e+00,1.310737133026123047e+01
1.637486577033996582e+00,2.027275085449218750e+01
1.210160255432128906e+00,1.705540275573730469e+01
2.393124341964721680e+00,2.129497528076171875e+01
6.463642120361328125e-01,1.795983886718750000e+01
1.889427065849304199e+00,2.080238151550292969e+01
1.089160680770874023e+00,1.944487380981445312e+01
2.929532766342163086e+00,2.098603439331054688e+01
7.635395526885986328e-01,8.285126686096191406e+00
2.669830799102783203e+00,2.019909477233886719e+01
1.116316556930541992e+00,1.823284149169921875e+01
4.930750370025634766e+00,1.798674392700195312e+01
-1.663324236869812012e-01,1.030104637145996094e+01
-4.799573123455047607e-01,6.643741130828857422e+00
7.527341693639755249e-02,1.567331409454345703e+01
1.750321865081787109e+00,1.676104354858398438e+01
1.255656242370605469e+00,1.612118530273437500e+01
1.689180284738540649e-01,1.346165370941162109e+01
2.255534410476684570e+00,2.190031051635742188e+01
3.944710969924926758e+00,2.003094100952148438e+01
5.365164950489997864e-02,1.524105167388916016e+01
-1.455045640468597412e-01,9.661073684692382812e+00
3.832404375076293945e+00,1.986953735351562500e+01
1.636701971292495728e-01,1.219479656219482422e+01
1.805474758148193359e+00,1.750536155700683594e+01
2.060249090194702148e+00,2.200253295898437500e+01
1.097192168235778809e+00,2.223409271240234375e+01
1.841959714889526367e+00,2.237443733215332031e+01
1.473884940147399902e+00,2.038573646545410156e+01
1.892234444618225098e+00,2.230363845825195312e+01
1.234565734863281250e+00,2.093733978271484375e+01
2.532735168933868408e-01,2.143592071533203125e+01
1.762144446372985840e+00,2.228618621826171875e+01
7.020281553268432617e-01,1.422095012664794922e+01
1.644609451293945312e+00,1.791843414306640625e+01
3.185766935348510742e+00,1.957540893554687500e+01
9.450018405914306641e-01,1.435185718536376953e+01
1.848633766174316406e+00,2.218584442138671875e+01
2.021009206771850586e+00,2.191567802429199219e+01
1.699224472045898438e+00,1.600343894958496094e+01
9.513811469078063965e-01,2.099444580078125000e+01
1.429202318191528320e+00,1.424615669250488281e+01
-2.114744931459426880e-01,1.191028213500976562e+01
1.647322416305541992e+00,2.181307220458984375e+01
4.083361148834228516e+00,1.983520889282226562e+01
1.614239215850830078e+00,1.217625522613525391e+01
5.168102979660034180e-01,9.971350669860839844e+00
-3.185908198356628418e-01,1.596535682678222656e+01
1.043647527694702148e+00,1.585648441314697266e+01
2.046869993209838867e+00,2.203089523315429688e+01
5.489529967308044434e-01,1.302849292755126953e+01
3.293604135513305664e+00,2.086674880981445312e+01
-7.050737142562866211e-01,9.681578636169433594e+00
-7.076103240251541138e-02,1.206442356109619141e+01
-2.075562179088592529e-01,6.607300281524658203e+00
3.554205179214477539e+00,2.095550346374511719e+01
-1.456347584724426270e+00,1.498974514007568359e+01
2.050396442413330078e+00,2.191334533691406250e+01
4.086551368236541748e-01,1.398762607574462891e+01
1.558870673179626465e+00,2.210426330566406250e+01
2.411541223526000977e+00,2.093740081787109375e+01
1.845119833946228027e+00,1.478347015380859375e+01
1.842260837554931641e+00,1.306856060028076172e+01
6.489299535751342773e-01,1.335336589813232422e+01
2.918808698654174805e+00,1.775521659851074219e+01
-7.581893801689147949e-01,8.534289360046386719e+00
2.851464509963989258e+00,2.141622543334960938e+01
2.195326328277587891e+00,2.231684875488281250e+01
1.310346364974975586e+00,2.227158355712890625e+01
2.002756834030151367e+00,2.195679092407226562e+01
2.917697906494140625e+00,2.110271644592285156e+01
2.884492397308349609e+00,2.104277801513671875e+01
1.238673090934753418e+00,2.012745666503906250e+01
9.835371375083923340e-01,2.175152206420898438e+01
-2.876930683851242065e-02,7.052733421325683594e+00
1.622492194175720215e+00,1.811675262451171875e+01
2.647810697555541992e+00,2.193803977966308594e+01
1.353548526763916016e+00,2.095726776123046875e+01
8.122675865888595581e-02,1.218772983551025391e+01
3.189621686935424805e+00,2.135717010498046875e+01
2.807451486587524414e-01,1.058142375946044922e+01
3.236274719238281250e-01,1.256592655181884766e+01
2.435055732727050781e+00,2.096846771240234375e+01
9.842373728752136230e-01,1.227134132385253906e+01
1.051430225372314453e+00,2.211342620849609375e+01
5.030863285064697266e-01,1.732096862792968750e+01
3.757333278656005859e+00,2.031290435791015625e+01
4.667749106884002686e-01,1.814010620117187500e+01
3.046766221523284912e-01,8.298144340515136719e+00
2.096505880355834961e+00,2.177889823913574219e+01
8.075198531150817871e-01,1.565557193756103516e+01
2.611521720886230469e+00,2.174512672424316406e+01
2.776272535324096680e+00,2.167979621887207031e+01
2.417088747024536133e+00,2.208280372619628906e+01
2.436733722686767578e+00,1.233268260955810547e+01
4.592291355133056641e+00,1.244694328308105469e+01
2.935080289840698242e+00,2.168178558349609375e+01
2.044984340667724609e+00,2.212225151062011719e+01
8.241178393363952637e-01,2.190618515014648438e+01
-5.839015841484069824e-01,9.945464134216308594e+00
8.255090713500976562e-01,1.780554580688476562e+01
1.621052980422973633e+00,2.206296539306640625e+01
1.007139325141906738e+00,2.214038085937500000e+01
1.893527507781982422e+00,2.126799774169921875e+01
7.963495254516601562e-01,1.523767566680908203e+01
2.614425420761108398e+00,2.182547760009765625e+01
1.813188314437866211e+00,1.763231086730957031e+01
3.977566003799438477e+00,1.972278213500976562e+01
1.777559161186218262e+00,2.222985076904296875e+01
2.009234577417373657e-01,1.187229347229003906e+01
1.569704771041870117e+00,1.735272979736328125e+01
3.164563894271850586e+00,2.068203353881835938e+01
1.506050348281860352e+00,1.586243629455566406e+01
1.709056645631790161e-01,8.607138633728027344e+00
7.162905931472778320e-01,1.370982456207275391e+01
3.176137924194335938e+00,2.086433410644531250e+01
2.318386554718017578e+00,1.382087802886962891e+01
-4.079831540584564209e-01,2.105733489990234375e+01
3.089347839355468750e+00,2.062555503845214844e+01
1.972062945365905762e+00,2.130574035644531250e+01
1.501786708831787109e+00,1.638723182678222656e+01
3.072543621063232422e+00,2.150761795043945312e+01
5.944775342941284180e-01,2.214694595336914062e+01
7.511789202690124512e-01,2.080139732360839844e+01
2.396787554025650024e-01,1.247700691223144531e+01
2.987331628799438477e+00,1.147893047332763672e+01
-4.606113731861114502e-01,1.161757278442382812e+01
2.730779051780700684e-01,1.185981655120849609e+01
1.810327768325805664e+00,1.744916725158691406e+01
3.097038269042968750e+00,2.114538764953613281e+01
4.201282501220703125e+00,1.676863861083984375e+01
2.507370948791503906e+00,2.195109176635742188e+01
2.415975332260131836e+00,2.219533157348632812e+01
1.469595789909362793e+00,1.855895996093750000e+01
6.549263596534729004e-01,2.200202941894531250e+01
2.557816267013549805e+00,2.149467468261718750e+01
4.630990698933601379e-02,2.055509376525878906e+01
2.516670942306518555e+00,2.025398826599121094e+01
8.318265527486801147e-02,1.077207851409912109e+01
4.322067201137542725e-01,1.088979053497314453e+01
1.055530786514282227e+00,1.000159549713134766e+01
2.349521160125732422e+00,2.088409996032714844e+01
1.337983131408691406e+00,2.245121383666992188e+01
1.045424565672874451e-01,1.190942478179931641e+01
3.566228628158569336e+00,2.060404396057128906e+01
3.498014211654663086e+00,2.114781570434570312e+01
3.786008596420288086e+00,2.082477188110351562e+01
3.284022092819213867e+00,2.125543022155761719e+01
2.599446296691894531e+00,2.193583488464355469e+01
-1.297669172286987305e+00,1.709619712829589844e+01
6.472498178482055664e-01,1.901656341552734375e+01
1.165449261665344238e+00,1.065698337554931641e+01
1.888293981552124023e+00,2.151890373229980469e+01
3.907260656356811523e+00,1.857707786560058594e+01
1.217843770980834961e+00,2.216891860961914062e+01
1.935787349939346313e-01,1.432094287872314453e+01
1.637751936912536621e+00,2.127346992492675781e+01
1.702195525169372559e+00,2.226570510864257812e+01
6.869101524353027344e-01,2.199387741088867188e+01
3.284043550491333008e+00,1.578954029083251953e+01
2.772840261459350586e+00,2.144946670532226562e+01
2.573015451431274414e+00,2.192878532409667969e+01
2.513609409332275391e+00,2.193246078491210938e+01
2.344455957412719727e+00,2.198324394226074219e+01
2.751983404159545898e+00,1.840312385559082031e+01
3.171063423156738281e+00,2.111537361145019531e+01
1.767999649047851562e+00,2.221152305603027344e+01
2.295523881912231445e+00,2.222735595703125000e+01
2.766445159912109375e+00,2.042292785644531250e+01
6.393648982048034668e-01,1.401340770721435547e+01
-3.175121843814849854e-01,1.128823184967041016e+01
1.617906212806701660e+00,1.542657566070556641e+01
2.341528892517089844e+00,2.203418922424316406e+01
1.895600557327270508e+00,1.885151290893554688e+01
1.975244522094726562e+00,1.963905334472656250e+01
2.726474046707153320e+00,2.168280792236328125e+01
4.708506166934967041e-01,1.530053329467773438e+01
1.013853311538696289e+00,2.221703720092773438e+01
1.943654537200927734e+00,1.349601650238037109e+01
2.607573032379150391e+00,2.119938850402832031e+01
1.751616120338439941e+00,1.717558288574218750e+01
1.377538323402404785e+00,1.751326942443847656e+01
-5.131328701972961426e-01,7.804648399353027344e+00
-7.378069311380386353e-02,1.802349090576171875e+01
2.544400930404663086e+00,2.180739593505859375e+01
1.273162603378295898e+00,1.857582855224609375e+01
2.627283096313476562e+00,1.711789512634277344e+01
7.097036838531494141e-01,1.712435150146484375e+01
9.778193235397338867e-01,1.859793472290039062e+01
-2.475735396146774292e-01,1.430716705322265625e+01
6.943046450614929199e-01,2.187710189819335938e+01
1.775934457778930664e+00,2.194511413574218750e+01
7.324494123458862305e-01,2.214321136474609375e+01
1.489255428314208984e+00,1.486989402770996094e+01
1.236800909042358398e+00,2.187598609924316406e+01
1.884510397911071777e+00,1.146138763427734375e+01
1.970951437950134277e+00,1.739576530456542969e+01
2.479237318038940430e+00,2.170380401611328125e+01
4.084259033203125000e+00,1.976704788208007812e+01
2.310236170887947083e-02,1.888934135437011719e+01
2.701441287994384766e+00,8.386532783508300781e+00
2.773247480392456055e+00,1.864639282226562500e+01
3.094407796859741211e+00,2.109422874450683594e+01
3.002298116683959961e+00,1.811287307739257812e+01
1.094190835952758789e+00,1.584338283538818359e+01
2.611872911453247070e+00,2.118889999389648438e+01
1.257559776306152344e+00,1.879894638061523438e+01
-1.032083109021186829e-01,1.439329528808593750e+01
1.154664382338523865e-01,1.083311748504638672e+01
3.623076200485229492e+00,1.881387710571289062e+01
1.785107374191284180e+00,2.043996047973632812e+01
1.400475025177001953e+00,2.200149154663085938e+01
1.579845666885375977e+00,2.115029144287109375e+01
-2.251456230878829956e-01,1.902383804321289062e+01
1.845754861831665039e+00,1.942139816284179688e+01
3.027274906635284424e-01,2.011905479431152344e+01
1.206916809082031250e+00,1.316512203216552734e+01
1.658998012542724609e+00,8.980891227722167969e+00
-9.334246069192886353e-02,1.199628353118896484e+01
2.327720880508422852e+00,1.634903717041015625e+01
1.570524692535400391e+00,2.125141143798828125e+01
9.127194285392761230e-01,1.903855133056640625e+01
1.083521842956542969e+00,1.816810417175292969e+01
6.048816442489624023e-01,1.500319957733154297e+01
3.535676896572113037e-01,7.928904056549072266e+00
3.827030658721923828e+00,2.067786407470703125e+01
-3.585805594921112061e-01,9.662364959716796875e+00
-7.624199390411376953e-01,5.741938591003417969e+00
2.949031591415405273e+00,2.169635391235351562e+01
6.668686121702194214e-02,1.355812072753906250e+01
1.924477696418762207e+00,2.045849990844726562e+01
7.950524091720581055e-01,2.089416122436523438e+01
2.956980943679809570e+00,2.154080581665039062e+01
2.877527713775634766e+00,1.496109867095947266e+01
1.066893815994262695e+00,2.203241729736328125e+01
1.632058858871459961e+00,2.054579925537109375e+01
9.434483647346496582e-01,1.982868576049804688e+01
-3.687101006507873535e-01,1.485978317260742188e+01
1.683086156845092773e+00,1.555559825897216797e+01
3.142129421234130859e+00,2.161314010620117188e+01
5.223919637501239777e-03,1.190075111389160156e+01
1.664173126220703125e+00,1.922989273071289062e+01
7.710740566253662109e-01,2.221134185791015625e+01
2.433740645647048950e-01,1.638001251220703125e+01
1.488917946815490723e+00,1.346298980712890625e+01
2.403620958328247070e+00,2.181314086914062500e+01
2.374789476394653320e+00,2.169761657714843750e+01
1.645678520202636719e+00,1.465599727630615234e+01
1.527512550354003906e+00,2.197615814208984375e+01
1.208813309669494629e+00,2.228035736083984375e+01
1.754483819007873535e+00,2.144872283935546875e+01
1.764348864555358887e+00,2.157679176330566406e+01
3.520800352096557617e+00,1.934057426452636719e+01
2.558219194412231445e+00,2.186155319213867188e+01
8.852151632308959961e-01,1.388328742980957031e+01
2.144798994064331055e+00,2.191945266723632812e+01
-1.063739538192749023e+00,1.613912582397460938e+01
3.825780630111694336e+00,1.709000778198242188e+01
-3.647513091564178467e-01,1.390723133087158203e+01
8.750063776969909668e-01,1.816893768310546875e+01
2.201268434524536133e+00,1.858175659179687500e+01
9.013820290565490723e-01,2.224109840393066406e+01
1.817034959793090820e+00,1.570051479339599609e+01
8.472589254379272461e-01,1.801108169555664062e+01
1.771462559700012207e+00,2.233927917480468750e+01
1.871441960334777832e+00,1.517707061767578125e+01
7.509053349494934082e-01,1.121519374847412109e+01
1.188704371452331543e+00,2.027944755554199219e+01
6.365424394607543945e-01,1.349986076354980469e+01
-1.494133770465850830e-01,1.114433765411376953e+01
1.671376377344131470e-01,2.007212638854980469e+01
3.134516239166259766e+00,2.109913635253906250e+01
1.558238983154296875e+00,1.669175338745117188e+01
1.997272729873657227e+00,2.199407958984375000e+01
9.479294419288635254e-01,2.177582931518554688e+01
-2.431667894124984741e-01,1.167754364013671875e+01
-5.964797735214233398e-01,1.194399261474609375e+01
1.839050054550170898e+00,2.206429290771484375e+01
1.292066574096679688e+00,1.734924125671386719e+01
2.347539663314819336e+00,2.200474739074707031e+01
3.941120147705078125e+00,1.953350067138671875e+01
-9.206596612930297852e-01,2.023317718505859375e+01
4.295046329498291016e+00,1.957413482666015625e+01
1.879667997360229492e+00,2.179064178466796875e+01
1.533227443695068359e+00,-2.829659700393676758e+00
1.382820755243301392e-01,1.547497272491455078e+01
3.116622209548950195e+00,2.140265655517578125e+01
6.417925357818603516e-01,2.193534469604492188e+01
7.461516857147216797e-01,9.783696174621582031e+00
-1.545658349990844727e+00,1.891022109985351562e+01
2.295986413955688477e+00,2.192648315429687500e+01
-3.334503471851348877e-01,1.799891281127929688e+01
1.089960575103759766e+00,2.147454261779785156e+01
2.711358547210693359e+00,2.158242607116699219e+01
3.317659616470336914e+00,9.600016593933105469e+00
2.214339256286621094e+00,1.887450408935546875e+01
3.717209100723266602e+00,2.083284187316894531e+01
9.952143430709838867e-01,1.619878578186035156e+01
6.977740526199340820e-01,2.132924461364746094e+01
1.384246796369552612e-01,1.230762672424316406e+01
1.870713233947753906e+00,2.195180892944335938e+01
8.899080753326416016e-01,2.191370773315429688e+01
2.728731393814086914e+00,2.165021514892578125e+01
2.749779224395751953e+00,2.130731010437011719e+01
1.699890136718750000e+00,2.123823928833007812e+01
4.395483434200286865e-01,1.851898193359375000e+01
2.101235628128051758e+00,2.210479545593261719e+01
1.765141367912292480e+00,2.212775230407714844e+01
1.927191853523254395e+00,2.211308097839355469e+01
1.111976385116577148e+00,2.226990127563476562e+01
3.074383974075317383e+00,2.150084304809570312e+01
2.587406158447265625e+00,2.188582229614257812e+01
5.166121125221252441e-01,1.412044239044189453e+01
1.800318002700805664e+00,2.214193725585937500e+01
9.432676434516906738e-01,1.231271457672119141e+01
1.682712674140930176e+00,2.237275314331054688e+01
2.910665512084960938e+00,2.165835952758789062e+01
2.869114637374877930e+00,2.160881233215332031e+01
-5.365490913391113281e-01,1.944417190551757812e+01
1.612232208251953125e+00,2.210148620605468750e+01
-5.107201337814331055e-01,1.263056755065917969e+01
1.947303533554077148e+00,2.213390541076660156e+01
4.202320277690887451e-01,2.154561233520507812e+01
1.194807767868041992e+00,1.229016113281250000e+01
3.268167257308959961e+00,2.146936798095703125e+01
-1.305512487888336182e-01,8.370769500732421875e+00
2.350316762924194336e+00,2.174652099609375000e+01
1.129719495773315430e+00,1.530377864837646484e+01
-9.598012566566467285e-01,1.230989360809326172e+01
1.986086368560791016e+00,2.214423751831054688e+01
1.791712284088134766e+00,1.430490970611572266e+01
2.871812880039215088e-01,2.104222106933593750e+01
1.034763097763061523e+00,1.824857330322265625e+01
2.560237646102905273e+00,2.133433532714843750e+01
8.579613566398620605e-01,1.343027400970458984e+01
3.580791711807250977e+00,2.100100326538085938e+01
1.322686672210693359e+00,2.230129623413085938e+01
2.184567928314208984e+00,2.213002395629882812e+01
1.543114662170410156e+00,2.203590393066406250e+01
9.455035924911499023e-01,1.519206523895263672e+01
2.366605997085571289e+00,2.206851959228515625e+01
1.622045397758483887e+00,2.149646377563476562e+01
1.133085966110229492e+00,1.306648540496826172e+01
1.276455283164978027e+00,2.054608154296875000e+01
3.501391649246215820e+00,1.685048675537109375e+01
6.543496847152709961e-01,2.206357192993164062e+01
-9.011116027832031250e-01,1.515722751617431641e+01
3.859134614467620850e-01,1.759561157226562500e+01
2.926501750946044922e+00,2.155934143066406250e+01
8.488311171531677246e-01,1.523557662963867188e+01
1.960645556449890137e+00,2.224660491943359375e+01
1.822345614433288574e+00,2.094014549255371094e+01
2.433491468429565430e+00,2.085261535644531250e+01
8.714987635612487793e-01,1.370828628540039062e+01
3.612963438034057617e+00,2.100878906250000000e+01
2.359441995620727539e+00,2.014320945739746094e+01
1.373999476432800293e+00,2.202544021606445312e+01
7.438476681709289551e-01,2.200246620178222656e+01
1.896427273750305176e+00,1.917000198364257812e+01
2.339037418365478516e+00,2.201504135131835938e+01
1.334567546844482422e+00,2.198715591430664062e+01
8.771083354949951172e-01,2.198020172119140625e+01
1.327402949333190918e+00,2.230125808715820312e+01
1.257740736007690430e+00,2.225996780395507812e+01
2.447385072708129883e+00,2.108871078491210938e+01
-3.931853473186492920e-01,9.716967582702636719e+00
3.620862960815429688e+00,2.022919845581054688e+01
2.022029832005500793e-02,2.169464874267578125e+01
2.207040548324584961e+00,2.067440414428710938e+01
-8.525180816650390625e-01,6.380088329315185547e+00
8.384212255477905273e-01,2.209801864624023438e+01
-3.238573372364044189e-01,2.093409347534179688e+01
2.459266424179077148e+00,2.150385475158691406e+01
2.095205336809158325e-01,2.145725250244140625e+01
-1.188496112823486328e+00,5.874380588531494141e+00
3.750479221343994141e+00,2.058272171020507812e+01
2.758398294448852539e+00,2.144257545471191406e+01
3.489948272705078125e+00,2.094468307495117188e+01
2.959957838058471680e+00,2.112787818908691406e+01
2.568990707397460938e+00,1.966628265380859375e+01
9.628934264183044434e-01,1.860582351684570312e+01
-6.100840494036674500e-02,1.314358615875244141e+01
1.668765783309936523e+00,2.220647048950195312e+01
2.411901503801345825e-01,1.613918304443359375e+01
1.262055993080139160e+00,2.221241378784179688e+01
9.532120823860168457e-01,2.195333862304687500e+01
9.294691085815429688e-01,2.235411453247070312e+01
2.807826697826385498e-01,1.463463211059570312e+01
-4.508072435855865479e-01,2.116865539550781250e+01
2.148888349533081055e+00,2.186327362060546875e+01
1.308692693710327148e+00,1.821028518676757812e+01
2.203315734863281250e+00,1.670421218872070312e+01
2.829942941665649414e+00,2.121902465820312500e+01
2.061152935028076172e+00,2.114022445678710938e+01
1.910107016563415527e+00,1.814570045471191406e+01
2.852769851684570312e+00,1.694697189331054688e+01
1.569183021783828735e-01,2.126767158508300781e+01
6.209639310836791992e-01,1.261449241638183594e+01
1.788410663604736328e+00,2.086731147766113281e+01
2.507745265960693359e+00,2.179496765136718750e+01
-4.442054927349090576e-01,1.073835849761962891e+01
2.951230704784393311e-01,1.512116050720214844e+01
5.147050619125366211e-01,9.197484016418457031e+00
-2.941162884235382080e-01,2.005642700195312500e+01
9.017671346664428711e-01,2.214058113098144531e+01
1.742356181144714355e+00,2.228810501098632812e+01
3.658355712890625000e+00,1.662830352783203125e+01
3.025181531906127930e+00,2.134693145751953125e+01
4.183647930622100830e-01,1.512179756164550781e+01
2.357849597930908203e+00,1.896403503417968750e+01
-6.610033661127090454e-02,1.945301437377929688e+01
1.509364008903503418e+00,1.631269836425781250e+01
3.185652971267700195e+00,1.962672805786132812e+01
2.191477537155151367e+00,2.060346984863281250e+01
9.255698323249816895e-01,2.197052955627441406e+01
1.169179558753967285e+00,2.078369903564453125e+01
1.718926668167114258e+00,1.901085853576660156e+01
1.423697352409362793e+00,1.810551452636718750e+01
5.863482952117919922e-01,1.529354000091552734e+01
-6.292827725410461426e-01,1.300458908081054688e+01
1.488087892532348633e+00,1.751823806762695312e+01
2.736837565898895264e-01,2.144367980957031250e+01
1.650443553924560547e+00,1.477103710174560547e+01
-6.057806611061096191e-01,8.785399436950683594e+00
2.367580890655517578e+00,2.113765335083007812e+01
7.727689743041992188e-01,1.713088607788085938e+01
1.820846557617187500e+00,1.096845340728759766e+01
2.389432936906814575e-01,2.185300827026367188e+01
1.823864698410034180e+00,1.986331558227539062e+01
1.205452799797058105e+00,1.941076087951660156e+01
1.322866439819335938e+00,2.232097244262695312e+01
6.459388732910156250e-01,1.178908061981201172e+01
1.233461022377014160e+00,2.235733413696289062e+01
8.129512071609497070e-01,1.575477695465087891e+01
1.121392607688903809e+00,1.377224063873291016e+01
-4.946080744266510010e-01,1.252312183380126953e+01
3.182583332061767578e+00,2.131470298767089844e+01
3.323568105697631836e+00,1.936083602905273438e+01
2.672222375869750977e+00,2.183622550964355469e+01
2.029188156127929688e+00,1.933949279785156250e+01
1.182609319686889648e+00,2.235236358642578125e+01
2.597797870635986328e+00,2.190073394775390625e+01
-1.160841226577758789e+00,1.902702713012695312e+01
8.976595401763916016e-01,1.899820709228515625e+01
-6.432158946990966797e-01,1.057135772705078125e+01
-5.401114933192729950e-03,1.555042552947998047e+01
-2.725527808070182800e-02,9.163590431213378906e+00
3.947154521942138672e+00,1.736935043334960938e+01
-2.362371534109115601e-01,2.079096221923828125e+01
1.944289922714233398e+00,8.627801895141601562e+00
-1.655145138502120972e-01,8.525164604187011719e+00
1.586983919143676758e+00,2.218615722656250000e+01
1.158012509346008301e+00,1.404737758636474609e+01
5.758978724479675293e-01,8.688214302062988281e+00
1.835301399230957031e+00,1.894886779785156250e+01
2.452877759933471680e+00,1.330864048004150391e+01
1.810675859451293945e+00,2.051165771484375000e+01
1.319955348968505859e+00,2.025981903076171875e+01
1.862764358520507812e+00,2.225158119201660156e+01
4.031755447387695312e+00,1.978004455566406250e+01
1.284508943557739258e+00,1.608672332763671875e+01
2.015879392623901367e+00,2.169002532958984375e+01
1.682846069335937500e+00,2.206591606140136719e+01
1.588087081909179688e+00,1.985424995422363281e+01
8.189460039138793945e-01,2.223716735839843750e+01
-8.906231075525283813e-02,1.240931224822998047e+01
-1.928854435682296753e-01,2.126233291625976562e+01
1.347101569175720215e+00,1.013416862487792969e+01
1.403408169746398926e+00,1.022477817535400391e+01
2.618494987487792969e+00,2.176009941101074219e+01
2.191780805587768555e+00,2.124094200134277344e+01
2.043290808796882629e-02,1.968299293518066406e+01
4.000079631805419922e+00,1.992765045166015625e+01
1.744326591491699219e+00,1.853295898437500000e+01
-6.137201786041259766e-01,4.897008895874023438e+00
2.753650903701782227e+00,2.177479362487792969e+01
4.011782646179199219e+00,1.890514183044433594e+01
4.469929635524749756e-01,1.466922855377197266e+01
-1.352204799652099609e+00,1.317446231842041016e+01
5.370006561279296875e+00,1.430313110351562500e+01
3.535241365432739258e+00,2.076177024841308594e+01
4.215806961059570312e+00,1.965521240234375000e+01
2.685767889022827148e+00,2.176167869567871094e+01
1.432099819183349609e+00,1.761395072937011719e+01
1.067090511322021484e+00,1.366282176971435547e+01
2.493798017501831055e+00,2.169687652587890625e+01
1.664302229881286621e+00,2.213183212280273438e+01
2.124469995498657227e+00,2.190566635131835938e+01
3.397660255432128906e-01,1.233298397064208984e+01
2.071971893310546875e+00,2.214006423950195312e+01
2.937288954854011536e-02,2.174226760864257812e+01
1.722218394279479980e+00,1.568285942077636719e+01
2.749136686325073242e+00,2.037643814086914062e+01
2.381659984588623047e+00,2.195228576660156250e+01
2.119583368301391602e+00,2.162217330932617188e+01
6.840829849243164062e-01,1.489890384674072266e+01
8.228322267532348633e-01,1.824904060363769531e+01
3.984313488006591797e+00,2.001772308349609375e+01
2.813814640045166016e+00,2.176917457580566406e+01
1.601277470588684082e+00,1.793575668334960938e+01
9.357609152793884277e-01,1.695406341552734375e+01
2.404328107833862305e+00,2.177202987670898438e+01
3.108336448669433594e+00,1.890842628479003906e+01
3.157775163650512695e+00,2.137245941162109375e+01
4.579959213733673096e-01,1.656575775146484375e+01
-1.151729822158813477e+00,1.700853347778320312e+01
1.952692270278930664e+00,2.204353713989257812e+01
1.275522470474243164e+00,1.495037364959716797e+01
-4.959046542644500732e-01,9.977538108825683594e+00
1.725851058959960938e+00,1.892838096618652344e+01
3.085770130157470703e+00,2.077038002014160156e+01
-1.623422950506210327e-01,2.074373435974121094e+01
1.699137330055236816e+00,2.024702453613281250e+01
1.143876910209655762e+00,1.273806095123291016e+01
1.553312778472900391e+00,9.790215492248535156e+00
2.176637202501296997e-01,2.213588714599609375e+01
3.009438991546630859e+00,2.105916976928710938e+01
1.688931941986083984e+00,2.158760070800781250e+01
-6.775257587432861328e-01,6.527943134307861328e+00
3.520898103713989258e+00,1.552497768402099609e+01
3.818274438381195068e-01,1.233014392852783203e+01
2.460436582565307617e+00,2.120725440979003906e+01
-1.668132394552230835e-01,1.996894645690917969e+01
7.239130735397338867e-01,1.373772811889648438e+01
2.972799062728881836e+00,2.147469520568847656e+01
2.454970836639404297e+00,2.188803482055664062e+01
2.418768644332885742e+00,2.027920532226562500e+01
9.323178529739379883e-01,2.216363906860351562e+01
2.584226131439208984e+00,2.184902572631835938e+01
2.171046733856201172e+00,1.546444225311279297e+01
1.747375488281250000e+00,1.213118553161621094e+01
1.674703836441040039e+00,1.609746932983398438e+01
6.773491390049457550e-03,9.964768409729003906e+00
2.213112592697143555e+00,2.198627090454101562e+01
3.636298894882202148e+00,2.046785354614257812e+01
-2.416894286870956421e-01,1.594289684295654297e+01
-3.087616264820098877e-01,3.367584705352783203e+00
2.055601358413696289e+00,1.360950565338134766e+01
-3.944022059440612793e-01,9.914234161376953125e+00
1.198168277740478516e+00,2.222043228149414062e+01
1.032411575317382812e+00,1.126342773437500000e+01
2.019806623458862305e+00,2.223151588439941406e+01
2.117353677749633789e+00,1.229651546478271484e+01
3.439215898513793945e+00,9.710898399353027344e+00
1.042995214462280273e+00,2.216553497314453125e+01
2.102110624313354492e+00,2.149155426025390625e+01
-7.687796354293823242e-01,1.536691951751708984e+01
9.707211256027221680e-01,1.673818206787109375e+01
-8.822227716445922852e-01,1.477967643737792969e+01
1.579435825347900391e+00,1.835680389404296875e+01
3.331427335739135742e+00,1.853200531005859375e+01
1.974885225296020508e+00,2.203318405151367188e+01
-6.603597849607467651e-02,5.453925609588623047e+00
1.983058929443359375e+00,1.633789253234863281e+01
1.781702041625976562e+00,2.195225143432617188e+01
2.049238681793212891e+00,2.154639816284179688e+01
6.690782308578491211e-01,1.756489181518554688e+01
2.155818194150924683e-01,7.164050102233886719e+00
1.161786794662475586e+00,1.857168197631835938e+01
4.305555820465087891e+00,2.000855636596679688e+01
2.444368839263916016e+00,1.882514572143554688e+01
3.119393587112426758e+00,2.099817276000976562e+01
6.701480150222778320e-01,1.358142566680908203e+01
1.163922548294067383e+00,1.930651092529296875e+01
-7.916409969329833984e-01,1.227318859100341797e+01
-1.245790243148803711e+00,9.132450103759765625e+00
6.435803771018981934e-01,1.380245494842529297e+01
2.013630151748657227e+00,2.136000823974609375e+01
2.505519628524780273e+00,-2.710179239511489868e-02
-4.536450207233428955e-01,2.047150611877441406e+01
1.986108779907226562e+00,6.209349155426025391e+00
1.531306982040405273e+00,2.229453277587890625e+01
1.851185321807861328e+00,1.542368793487548828e+01
2.259647607803344727e+00,1.587908458709716797e+01
3.419097423553466797e+00,2.063945007324218750e+01
2.115966081619262695e+00,2.188598251342773438e+01
3.062995672225952148e+00,2.088158416748046875e+01
2.013942480087280273e+00,2.190830230712890625e+01
2.302754640579223633e+00,1.761159515380859375e+01
1.104381561279296875e+00,1.617890930175781250e+01
1.131123900413513184e+00,2.215559387207031250e+01
1.767760753631591797e+00,2.205621910095214844e+01
2.900323390960693359e+00,2.067386817932128906e+01
2.961937665939331055e+00,1.560582923889160156e+01
2.152862787246704102e+00,2.140865135192871094e+01
3.898550570011138916e-01,1.846602058410644531e+01
3.643414258956909180e+00,1.871295547485351562e+01
2.568222761154174805e+00,2.172443008422851562e+01
1.743375301361083984e+00,2.210849761962890625e+01
2.220210075378417969e+00,2.078266906738281250e+01
2.786317110061645508e+00,1.775081253051757812e+01
8.935660123825073242e-01,1.827109909057617188e+01
-1.351842135190963745e-01,1.706127929687500000e+01
5.363982319831848145e-01,1.625891876220703125e+01
3.276709020137786865e-01,9.033766746520996094e+00
2.806926965713500977e+00,2.176529121398925781e+01
2.273290872573852539e+00,2.125945281982421875e+01
3.933608233928680420e-01,1.229970645904541016e+01
3.193418085575103760e-01,1.569802474975585938e+01
-3.643913865089416504e-01,1.484168148040771484e+01
1.070353865623474121e+00,8.005457878112792969e+00
1.280761599540710449e+00,2.221125411987304688e+01
1.436954379081726074e+00,2.180453109741210938e+01
1.258137941360473633e+00,1.852778053283691406e+01
2.791683912277221680e+00,2.152366828918457031e+01
6.867555379867553711e-01,1.512784862518310547e+01
-7.487223297357559204e-02,2.132808303833007812e+01
1.346575260162353516e+00,1.812636947631835938e+01
2.088307142257690430e+00,1.938450050354003906e+01
2.467472076416015625e+00,2.186579513549804688e+01
9.283685684204101562e-01,2.201459312438964844e+01
1.908706903457641602e+00,1.417473125457763672e+01
2.958720922470092773e+00,2.169987678527832031e+01
5.180535316467285156e+00,1.577941322326660156e+01
2.394436120986938477e+00,2.061563110351562500e+01
5.526518821716308594e-01,2.008393096923828125e+01
2.808335065841674805e+00,2.170497322082519531e+01
-3.901377022266387939e-01,2.090391731262207031e+01
9.042736887931823730e-01,1.745053672790527344e+01
-8.521681278944015503e-02,1.004614734649658203e+01
1.064811944961547852e+00,1.943003463745117188e+01
1.106457829475402832e+00,2.223244476318359375e+01
2.832691907882690430e+00,1.913180351257324219e+01
1.187251329421997070e+00,1.388811492919921875e+01
4.891431033611297607e-01,9.861293792724609375e+00
2.682813167572021484e+00,2.169981384277343750e+01
-1.606598019599914551e+00,1.662191772460937500e+01
2.145518302917480469e+00,1.641663360595703125e+01
2.714816331863403320e+00,2.165973281860351562e+01
1.072201013565063477e+00,2.213409614562988281e+01
1.208842515945434570e+00,2.132618522644042969e+01
1.933601498603820801e+00,1.476933193206787109e+01
1.300854444503784180e+00,2.189758872985839844e+01
-2.750049233436584473e-01,9.206028938293457031e+00
2.485121250152587891e+00,2.192573547363281250e+01
3.394414663314819336e+00,1.855276107788085938e+01
2.064229920506477356e-02,2.038526344299316406e+01
1.737711668014526367e+00,1.197489452362060547e+01
2.505222082138061523e+00,2.023408126831054688e+01
1.764287233352661133e+00,2.184836959838867188e+01
7.849199175834655762e-01,1.993899345397949219e+01
1.291718363761901855e+00,2.076041412353515625e+01
2.117198228836059570e+00,2.187615203857421875e+01
3.012904644012451172e+00,2.140230941772460938e+01
1.490412354469299316e+00,1.353945827484130859e+01
3.003012895584106445e+00,2.149621391296386719e+01
1.642827510833740234e+00,2.102116775512695312e+01
1.192742109298706055e+00,2.211019134521484375e+01
3.109749794006347656e+00,2.110242843627929688e+01
4.410981237888336182e-01,1.832051849365234375e+01
-5.896111950278282166e-02,1.040606880187988281e+01
1.804730415344238281e+00,2.234206771850585938e+01
1.722994089126586914e+00,2.200999450683593750e+01
1.992862701416015625e+00,2.208364295959472656e+01
1.804471015930175781e+00,2.214796829223632812e+01
2.212425470352172852e+00,1.363665103912353516e+01
2.201199054718017578e+00,2.216549682617187500e+01
2.844056367874145508e+00,2.171589279174804688e+01
3.675649166107177734e-01,1.005276775360107422e+01
-6.380594968795776367e-01,1.158688449859619141e+01
5.429233312606811523e-01,1.566078376770019531e+01
2.864783763885498047e+00,2.123587799072265625e+01
4.675066947937011719e+00,1.789507865905761719e+01
2.974141836166381836e+00,2.170377159118652344e+01
2.133651018142700195e+00,1.445108127593994141e+01
4.403689384460449219e+00,1.891646385192871094e+01
6.611469984054565430e-01,1.886870193481445312e+01
1.189579486846923828e+00,1.284995460510253906e+01
1.105378508567810059e+00,1.745709419250488281e+01
1.714277982711791992e+00,2.215298461914062500e+01
3.083227396011352539e+00,2.145232009887695312e+01
4.074925899505615234e+00,2.007035064697265625e+01
-9.027723222970962524e-02,-1.863634824752807617e+00
9.670324921607971191e-01,2.152292060852050781e+01
-1.194333314895629883e+00,5.008115291595458984e+00
2.605369567871093750e+00,2.210813331604003906e+01
-3.358922302722930908e-01,1.227496623992919922e+01
1.791021108627319336e+00,1.854734611511230469e+01
1.093889951705932617e+00,1.109247303009033203e+01
-2.752540409564971924e-01,2.123564338684082031e+01
1.761325076222419739e-02,1.637023735046386719e+01
2.361289739608764648e+00,2.203216171264648438e+01
1.872467517852783203e+00,2.176160812377929688e+01
1.110388517379760742e+00,2.048002624511718750e+01
2.151079893112182617e+00,1.908250617980957031e+01
3.230445146560668945e+00,2.122530364990234375e+01
5.923533067107200623e-02,5.618163585662841797e+00
7.702559828758239746e-01,8.905726432800292969e+00
7.459840178489685059e-01,1.295358085632324219e+01
5.672118067741394043e-01,2.192603302001953125e+01
1.045045852661132812e+00,2.214602470397949219e+01
1.764956951141357422e+00,2.205866432189941406e+01
1.736064106225967407e-01,1.141825389862060547e+01
1.012002944946289062e+00,1.922777557373046875e+01
1.637117743492126465e+00,2.229548072814941406e+01
2.424756050109863281e+00,2.135999107360839844e+01
1.848621845245361328e+00,2.218214797973632812e+01
2.845657110214233398e+00,1.627225875854492188e+01
4.712664604187011719e+00,1.381529903411865234e+01
2.648149013519287109e+00,2.178460311889648438e+01
-1.132564321160316467e-01,1.080906200408935547e+01
1.385022878646850586e+00,1.949717330932617188e+01
1.648184061050415039e+00,2.219649505615234375e+01
-4.050162062048912048e-02,7.473423957824707031e+00
2.334300994873046875e+00,2.203201866149902344e+01
1.149954319000244141e+00,1.174871253967285156e+01
2.394458055496215820e+00,2.103483772277832031e+01
1.156800612807273865e-01,1.968806838989257812e+01
6.553928852081298828e-01,1.029352283477783203e+01
3.261289119720458984e+00,2.051565170288085938e+01
9.107945561408996582e-01,2.204581260681152344e+01
5.253503322601318359e-01,7.195760250091552734e+00
3.459383487701416016e+00,9.930246353149414062e+00
1.057039022445678711e+00,2.226589584350585938e+01
-2.509043738245964050e-02,2.162014198303222656e+01
2.280515670776367188e+00,2.154826354980468750e+01
3.094607830047607422e+00,2.178564262390136719e+01
3.239807367324829102e+00,1.508005619049072266e+01
-7.812550663948059082e-01,2.017824554443359375e+01
2.020613431930541992e+00,2.163243103027343750e+01
1.441620588302612305e+00,1.432879066467285156e+01
4.793141484260559082e-01,6.739084243774414062e+00
9.847325682640075684e-01,1.546752738952636719e+01
2.017331600189208984e+00,2.208449363708496094e+01
-1.162349954247474670e-01,1.681215858459472656e+01
3.358357191085815430e+00,1.990676116943359375e+01
4.367061138153076172e+00,1.944112968444824219e+01
2.325530797243118286e-01,2.168110275268554688e+01
2.653863668441772461e+00,2.205327415466308594e+01
1.150850176811218262e+00,2.227138900756835938e+01
-9.900829195976257324e-01,4.618493080139160156e+00
2.245029687881469727e+00,2.179507255554199219e+01
7.217432260513305664e-01,1.481661319732666016e+01
1.676901102066040039e+00,1.534458637237548828e+01
2.651258185505867004e-02,1.441658401489257812e+01
1.968488812446594238e+00,2.202053833007812500e+01
3.325587987899780273e+00,2.117808341979980469e+01
1.551662445068359375e+00,1.533336067199707031e+01
1.309009790420532227e+00,2.148173904418945312e+01
1.929398775100708008e+00,1.349861907958984375e+01
1.964189767837524414e+00,2.041344451904296875e+01
1.193975806236267090e+00,1.727286911010742188e+01
4.071744158864021301e-02,1.366710758209228516e+01
4.406858921051025391e+00,1.786642265319824219e+01
8.797987550497055054e-02,1.136712646484375000e+01
1.241050243377685547e+00,1.555381870269775391e+01
3.223900318145751953e+00,2.144210815429687500e+01
1.044571876525878906e+00,1.366480731964111328e+01
2.365881681442260742e+00,2.195046234130859375e+01
3.572281077504158020e-02,2.130191612243652344e+01
2.762627363204956055e+00,2.169356155395507812e+01
1.300547242164611816e+00,1.857563591003417969e+01
2.306776195764541626e-01,1.048157215118408203e+01
2.445050716400146484e+00,1.632254028320312500e+01
-6.644568592309951782e-02,1.504270076751708984e+01
-7.097630500793457031e-01,1.191712188720703125e+01
-3.110966980457305908e-01,2.020060348510742188e+01
1.253007650375366211e+00,2.209628105163574219e+01
1.004372119903564453e+00,1.460848808288574219e+01
3.263975381851196289e+00,2.085445213317871094e+01
3.566292047500610352e+00,2.081225585937500000e+01
9.868808984756469727e-01,9.667540550231933594e+00
-7.782704830169677734e-01,1.971754455566406250e+01
1.706520080566406250e+00,2.225111579895019531e+01
3.698184728622436523e+00,1.398994636535644531e+01
9.598077535629272461e-01,1.348070812225341797e+01
5.555278062820434570e-01,1.392632293701171875e+01
8.071679472923278809e-01,1.319893550872802734e+01
1.085552692413330078e+00,2.209343719482421875e+01
9.897308945655822754e-01,2.220544433593750000e+01
1.130528926849365234e+00,1.451789093017578125e+01
1.710354238748550415e-01,2.158915901184082031e+01
2.467744827270507812e+00,1.808417892456054688e+01
2.203977584838867188e+00,2.191353607177734375e+01
3.062136411666870117e+00,2.155335998535156250e+01
1.363387107849121094e+00,2.230874443054199219e+01
2.830069363117218018e-01,2.156322288513183594e+01
1.282146930694580078e+00,2.090349769592285156e+01
4.813667297363281250e+00,1.771075439453125000e+01
1.397527098655700684e+00,1.594369602203369141e+01
2.039408206939697266e+00,2.108223342895507812e+01
2.646329879760742188e+00,1.666998672485351562e+01
2.980305910110473633e+00,1.604664039611816406e+01
-9.658889174461364746e-01,1.633810806274414062e+01
2.390515565872192383e+00,2.039505767822265625e+01
3.210971117019653320e+00,1.947943115234375000e+01
7.592689394950866699e-01,1.243853092193603516e+01
-9.204283952713012695e-01,1.953244400024414062e+01
5.131836533546447754e-01,1.703874206542968750e+01
3.619232892990112305e+00,1.998775672912597656e+01
2.984882593154907227e+00,1.414577388763427734e+01
1.193454742431640625e+00,2.232047271728515625e+01
1.428824424743652344e+00,2.227876472473144531e+01
2.710713624954223633e+00,2.180272293090820312e+01
2.147446155548095703e+00,1.837753486633300781e+01
2.563182353973388672e+00,-1.266604661941528320e+00
2.116683244705200195e+00,2.161078643798828125e+01
3.757078409194946289e+00,2.039345550537109375e+01
1.433043956756591797e+00,1.322346401214599609e+01
2.909056425094604492e+00,1.904206085205078125e+01
1.280331462621688843e-01,1.298260688781738281e+01
-3.115186393260955811e-01,1.582813739776611328e+01
1.642300248146057129e+00,2.162465286254882812e+01
3.171193301677703857e-01,1.517188644409179688e+01
2.662518024444580078e+00,2.180827522277832031e+01
2.257366657257080078e+00,2.199232864379882812e+01
3.972062349319458008e+00,2.052431106567382812e+01
4.165731370449066162e-01,2.146470260620117188e+01
3.204606771469116211e+00,1.766250801086425781e+01
1.783216238021850586e+00,2.242613792419433594e+01
2.640423774719238281e+00,2.172399902343750000e+01
5.166697502136230469e-01,2.193424224853515625e+01
3.714188635349273682e-01,1.408332538604736328e+01
1.135665059089660645e+00,1.961214256286621094e+01
7.584633678197860718e-02,2.104434204101562500e+01
-9.551440477371215820e-01,9.585564613342285156e+00
1.073911428451538086e+00,2.233886909484863281e+01
-4.684768244624137878e-02,2.114915657043457031e+01
1.843773126602172852e+00,2.205934524536132812e+01
6.088299751281738281e-01,9.752519607543945312e+00
9.610884189605712891e-01,2.135749435424804688e+01
-3.739299476146697998e-01,1.336656475067138672e+01
2.905008494853973389e-01,1.589910125732421875e+01
2.860930681228637695e+00,1.676254081726074219e+01
3.591132640838623047e+00,2.102245330810546875e+01
1.080274224281311035e+00,2.200793838500976562e+01
1.365240365266799927e-01,1.787267303466796875e+01
3.839762926101684570e+00,1.975869750976562500e+01
2.278782844543457031e+00,2.221279716491699219e+01
9.235792756080627441e-01,1.828256797790527344e+01
4.673446655273437500e+00,1.443923377990722656e+01
2.263469457626342773e+00,1.630348396301269531e+01
-1.007449626922607422e+00,1.779979896545410156e+01
6.944842338562011719e-01,2.201067733764648438e+01
1.913900852203369141e+00,1.886018753051757812e+01
2.027360916137695312e+00,2.044892501831054688e+01
1.907928705215454102e+00,2.194062042236328125e+01
1.649399161338806152e+00,1.633631515502929688e+01
-3.672437369823455811e-01,1.051632118225097656e+01
2.494551658630371094e+00,2.104006958007812500e+01
1.392534375190734863e+00,1.220478343963623047e+01
2.905667543411254883e+00,1.652474403381347656e+01
2.376888990402221680e+00,1.734111022949218750e+01
7.914093732833862305e-01,2.138644218444824219e+01
1.878264188766479492e+00,2.211399078369140625e+01
1.479057192802429199e+00,2.202952384948730469e+01
1.598450064659118652e+00,1.233362674713134766e+01
2.746079862117767334e-01,1.440403652191162109e+01
6.682659983634948730e-01,1.684296607971191406e+01
4.207945764064788818e-01,2.084867477416992188e+01
1.861415863037109375e+00,2.219654655456542969e+01
-2.513821236789226532e-03,9.828295707702636719e+00
8.520593047142028809e-01,2.190806961059570312e+01
1.863928794860839844e+00,1.429274368286132812e+01
1.690632343292236328e+00,2.156875228881835938e+01
1.845388412475585938e+00,2.203081130981445312e+01
1.461776066571474075e-02,1.291650295257568359e+01
2.284001827239990234e+00,2.201246452331542969e+01
2.092813253402709961e+00,1.754532051086425781e+01
-3.455711901187896729e-01,1.147060871124267578e+01
8.600648641586303711e-01,1.408074283599853516e+01
1.659833908081054688e+00,2.202188873291015625e+01
2.393180847167968750e+00,2.192640686035156250e+01
1.574841976165771484e+00,1.347726345062255859e+01
1.792340993881225586e+00,1.838198852539062500e+01
2.248948335647583008e+00,2.043675041198730469e+01
1.239908456802368164e+00,1.550483989715576172e+01
3.085946738719940186e-01,2.187449455261230469e+01
1.819419860839843750e+00,1.608530044555664062e+01
3.806041240692138672e+00,2.009192466735839844e+01
2.919573545455932617e+00,2.151261138916015625e+01
2.938634157180786133e+00,2.133189010620117188e+01
9.491799473762512207e-01,1.451825618743896484e+01
3.547455072402954102e+00,2.102978897094726562e+01
1.524769544601440430e+00,1.451544475555419922e+01
2.372066974639892578e+00,1.675104904174804688e+01
9.731174111366271973e-01,1.113166236877441406e+01
8.906120061874389648e-01,2.211358642578125000e+01
1.627607107162475586e+00,2.178442573547363281e+01
3.875913858413696289e+00,2.007728195190429688e+01
2.834521055221557617e+00,2.112972640991210938e+01
1.865763664245605469e+00,2.211926651000976562e+01
2.695626974105834961e+00,2.165903854370117188e+01
1.469498515129089355e+00,2.202390861511230469e+01
1.650282382965087891e+00,1.188358688354492188e+01
-1.040534451603889465e-01,1.348197269439697266e+01
-1.098592996597290039e+00,1.511123180389404297e+01
-8.604503870010375977e-01,5.818550109863281250e+00
4.834716618061065674e-01,1.282252979278564453e+01
-4.850652217864990234e-01,5.897140979766845703e+00
2.422350794076919556e-01,1.678915023803710938e+01
3.808096170425415039e+00,2.029201507568359375e+01
3.196102619171142578e+00,2.141882324218750000e+01
8.062176704406738281e-01,8.367192268371582031e+00
3.297950327396392822e-01,1.207384586334228516e+01
1.446838617324829102e+00,1.821080017089843750e+01
1.383972644805908203e+00,1.438513469696044922e+01
-1.200564876198768616e-01,1.981522750854492188e+01
1.305288225412368774e-01,9.313602447509765625e+00
2.302739381790161133e+00,2.211337280273437500e+01
3.602454960346221924e-01,1.592829513549804688e+01
2.965634584426879883e+00,1.550446033477783203e+01
2.376970499753952026e-01,1.092040157318115234e+01
1.219427227973937988e+00,1.736209297180175781e+01
-9.613219499588012695e-01,9.354350090026855469e+00
2.442307472229003906e+00,2.205159568786621094e+01
-9.950932264328002930e-01,1.969210624694824219e+01
2.239624023437500000e+00,2.210149383544921875e+01
7.322063446044921875e-01,1.160482311248779297e+01
1.549278259277343750e+00,2.205215835571289062e+01
-6.289819628000259399e-02,1.005287456512451172e+01
1.956956267356872559e+00,2.220318222045898438e+01
6.862458586692810059e-01,2.163550949096679688e+01
2.068900346755981445e+00,2.201949691772460938e+01
1.524899750947952271e-01,1.555775165557861328e+01
1.812297582626342773e+00,1.775158500671386719e+01
2.056041002273559570e+00,2.175285530090332031e+01
1.000412821769714355e+00,7.306591033935546875e+00
2.057949304580688477e+00,2.163739776611328125e+01
2.428619861602783203e+00,1.665043640136718750e+01
3.545344591140747070e+00,2.108863449096679688e+01
7.761920690536499023e-01,1.437103557586669922e+01
-7.214831113815307617e-01,5.381823539733886719e+00
2.772508859634399414e+00,2.158354949951171875e+01
5.037471055984497070e-01,1.088083744049072266e+01
1.845658779144287109e+00,2.066862678527832031e+01
2.997336149215698242e+00,1.877582931518554688e+01
1.529579311609268188e-01,1.563659191131591797e+01
1.122142300009727478e-01,2.051903915405273438e+01
3.903196096420288086e+00,2.027239608764648438e+01
1.665760278701782227e+00,2.140482330322265625e+01
2.955697298049926758e+00,2.049395942687988281e+01
1.429260253906250000e+00,2.210321044921875000e+01
3.993276655673980713e-01,2.203251457214355469e+01
2.172427892684936523e+00,-3.996797502040863037e-01
2.303373575210571289e+00,2.195515251159667969e+01
3.115200757980346680e+00,2.158111572265625000e+01
1.742196321487426758e+00,2.219611358642578125e+01
4.412273406982421875e+00,1.914628791809082031e+01
1.541728258132934570e+00,2.032325172424316406e+01
1.293273448944091797e+00,1.735508346557617188e+01
2.378325700759887695e+00,2.203386688232421875e+01
1.046380281448364258e+00,1.966907882690429688e+01
4.289369285106658936e-01,5.906030178070068359e+00
2.408900737762451172e+00,1.575977802276611328e+01
-7.295266538858413696e-02,1.157742500305175781e+01
1.186040997505187988e+00,2.214740180969238281e+01
1.429903060197830200e-01,2.119023132324218750e+01
3.498428106307983398e+00,2.126434135437011719e+01
2.751934289932250977e+00,2.075828552246093750e+01
1.418369531631469727e+00,1.585692119598388672e+01
1.463728189468383789e+00,1.715199851989746094e+01
1.662143468856811523e+00,2.145588493347167969e+01
3.657058238983154297e+00,2.100632286071777344e+01
-1.184981465339660645e+00,1.933655548095703125e+01
8.144028186798095703e-01,2.168702316284179688e+01
1.792707920074462891e+00,2.223111724853515625e+01
-6.361154317855834961e-01,1.063346004486083984e+01
1.206742152571678162e-01,1.408424282073974609e+01
2.217426300048828125e+00,2.166073608398437500e+01
1.580922365188598633e+00,1.803029251098632812e+01
3.981356859207153320e+00,2.026753997802734375e+01
5.241578578948974609e+00,1.542932796478271484e+01
1.046105146408081055e+00,1.497841453552246094e+01
1.708207488059997559e+00,2.145356369018554688e+01
1.267811536788940430e+00,2.088616752624511719e+01
2.556239843368530273e+00,2.193386840820312500e+01
-1.176298633217811584e-01,1.213567256927490234e+01
4.165410995483398438e+00,1.847894096374511719e+01
1.919963359832763672e+00,1.123805904388427734e+01
3.210286617279052734e+00,2.120945167541503906e+01
2.267468690872192383e+00,2.213894271850585938e+01
1.921586275100708008e+00,1.881387329101562500e+01
-9.525498151779174805e-01,1.869257736206054688e+01
8.312543034553527832e-01,2.114566421508789062e+01
5.644774436950683594e-01,5.290941715240478516e+00
3.322856187820434570e+00,2.089165115356445312e+01
5.087306499481201172e-01,1.528477191925048828e+01
3.941462993621826172e+00,1.873297119140625000e+01
1.360400438308715820e+00,1.998634719848632812e+01
9.982404708862304688e-01,1.597510910034179688e+01
2.529640436172485352e+00,2.201789855957031250e+01
1.155554056167602539e+00,1.616138267517089844e+01
7.364026308059692383e-01,2.211335182189941406e+01
1.315328121185302734e+00,2.234771728515625000e+01
2.671850919723510742e+00,2.175801658630371094e+01
1.411758184432983398e+00,1.968688964843750000e+01
1.280048370361328125e+00,2.142367172241210938e+01
1.378663659095764160e+00,2.075134277343750000e+01
1.296138405799865723e+00,1.667110824584960938e+01
-4.144370555877685547e-01,1.821165084838867188e+01
1.456479579210281372e-01,1.915905761718750000e+01
1.652253150939941406e+00,1.505149936676025391e+01
1.249380469322204590e+00,2.221287345886230469e+01
1.855607271194458008e+00,1.880261230468750000e+01
3.929199457168579102e+00,1.996647262573242188e+01
9.236232042312622070e-01,1.404310703277587891e+01
3.713344335556030273e+00,2.029149055480957031e+01
2.639835119247436523e+00,2.060467529296875000e+01
1.025216221809387207e+00,2.156648635864257812e+01
-3.378022611141204834e-01,-1.222669243812561035e+00
3.024712324142456055e+00,2.001722526550292969e+01
3.166891813278198242e+00,2.157892990112304688e+01
2.159310340881347656e+00,2.174376296997070312e+01
5.577135682106018066e-01,1.042576980590820312e+01
3.085972785949707031e+00,2.147950744628906250e+01
9.270713925361633301e-01,1.884613418579101562e+01
4.823135435581207275e-01,1.973258209228515625e+01
1.765969157218933105e+00,1.990246582031250000e+01
1.627116203308105469e+00,1.841383743286132812e+01
3.445435762405395508e+00,1.376460742950439453e+01
1.142137646675109863e+00,2.132172775268554688e+01
-8.341784030199050903e-02,1.013612651824951172e+01
-5.213273763656616211e-01,8.474675178527832031e+00
9.830026030540466309e-01,1.556784820556640625e+01
3.093047380447387695e+00,1.537843608856201172e+01
6.490614265203475952e-02,1.841416168212890625e+01
2.777835607528686523e+00,1.420934391021728516e+01
3.161023557186126709e-01,1.028908824920654297e+01
1.745280146598815918e+00,2.231069946289062500e+01
-6.919710636138916016e-01,1.250694179534912109e+01
-1.284877490252256393e-02,1.117449474334716797e+01
2.305932044982910156e+00,1.938936233520507812e+01
1.538691401481628418e+00,2.229441833496093750e+01
2.459931850433349609e+00,2.190915679931640625e+01
-1.329824477434158325e-01,1.717169165611267090e+00
-1.450110524892807007e-01,2.119218254089355469e+01
1.299536228179931641e+00,2.214607048034667969e+01
1.933215379714965820e+00,1.480314064025878906e+01
9.139990210533142090e-01,9.604067802429199219e+00
2.598213911056518555e+00,1.934388160705566406e+01
2.466131448745727539e+00,2.182591819763183594e+01
-8.455630540847778320e-01,1.187930393218994141e+01
1.572947621345520020e+00,1.080280017852783203e+01
9.791147708892822266e-01,1.660961151123046875e+01
2.871241271495819092e-01,5.155326724052429199e-01
-4.371774494647979736e-01,1.867608833312988281e+01
2.454775094985961914e+00,2.126836967468261719e+01
1.404388427734375000e+00,2.201374626159667969e+01
9.604805707931518555e-01,1.948900413513183594e+01
1.389221191406250000e+00,2.225484848022460938e+01
-4.618654549121856689e-01,8.454401969909667969e+00
5.763002634048461914e-01,2.162421417236328125e+01
1.882614374160766602e+00,1.728635597229003906e+01
2.292504072189331055e+00,2.050529098510742188e+01
1.120254039764404297e+00,2.225897789001464844e+01
1.593156695365905762e+00,2.200260162353515625e+01
-7.177970409393310547e-01,2.039808654785156250e+01
1.253529310226440430e+00,2.149018478393554688e+01
2.604092061519622803e-01,1.306366252899169922e+01
8.980824351310729980e-01,1.565371227264404297e+01
9.087206721305847168e-01,2.211439132690429688e+01
1.496954321861267090e+00,1.105040836334228516e+01
1.182299375534057617e+00,2.224333190917968750e+01
1.326142072677612305e+00,1.789825439453125000e+01
1.900205165147781372e-01,1.244068431854248047e+01
3.543914556503295898e+00,2.041262817382812500e+01
1.431305408477783203e+00,1.916316223144531250e+01
1.927484035491943359e+00,2.165140533447265625e+01
2.931510210037231445e+00,2.157086563110351562e+01
4.979831874370574951e-01,1.410314559936523438e+01
1.603988409042358398e+00,2.092081451416015625e+01
1.393168210983276367e+00,2.238274192810058594e+01
1.754776954650878906e+00,1.835726928710937500e+01
-4.357041418552398682e-01,2.152974319458007812e+01
1.021062612533569336e+00,2.172674179077148438e+01
-8.645242452621459961e-01,1.297389411926269531e+01
2.877861499786376953e+00,2.158434104919433594e+01
-4.601983726024627686e-01,1.175612735748291016e+01
1.308149218559265137e+00,1.394775867462158203e+01
-1.482916921377182007e-01,1.992493438720703125e+01
4.118380844593048096e-01,2.174408149719238281e+01
1.765144824981689453e+00,2.179975318908691406e+01
1.319987297058105469e+00,2.217206573486328125e+01
1.387442469596862793e+00,1.755912780761718750e+01
2.619848251342773438e+00,2.155486297607421875e+01
8.736916631460189819e-02,1.151623821258544922e+01
2.343471765518188477e+00,2.100092315673828125e+01
1.725559115409851074e+00,2.167139434814453125e+01
3.564593076705932617e+00,2.071210098266601562e+01
6.326104998588562012e-01,1.481041431427001953e+01
2.150602817535400391e+00,1.946938896179199219e+01
-5.595812201499938965e-01,1.236232662200927734e+01
2.475259542465209961e+00,2.206396484375000000e+01
2.693662881851196289e+00,2.167559051513671875e+01
8.173382282257080078e-01,2.163206291198730469e+01
2.309065580368041992e+00,2.199492263793945312e+01
3.611900284886360168e-02,1.422549915313720703e+01
3.181803703308105469e+00,2.140889739990234375e+01
2.077569961547851562e+00,2.217248153686523438e+01
-1.117555379867553711e+00,2.016448211669921875e+01
-5.582332611083984375e-01,1.254149532318115234e+01
-1.153581976890563965e+00,1.135086536407470703e+01
2.834438562393188477e+00,2.180670547485351562e+01
1.833785325288772583e-01,1.803153991699218750e+01
2.920792579650878906e+00,2.121506500244140625e+01
-1.552678197622299194e-01,2.164878845214843750e+01
2.434953927993774414e+00,2.189764404296875000e+01
1.050313830375671387e+00,1.484060287475585938e+01
1.965564966201782227e+00,2.145266723632812500e+01
1.133041739463806152e+00,2.135496711730957031e+01
1.094118833541870117e+00,1.662392425537109375e+01
1.223000168800354004e+00,2.220594024658203125e+01
3.512553930282592773e+00,1.896412658691406250e+01
-9.600191116333007812e-01,2.051287460327148438e+01
1.126661896705627441e+00,8.790612220764160156e+00
5.871836543083190918e-01,2.234134101867675781e+01
1.752755641937255859e+00,2.187282180786132812e+01
-3.849684894084930420e-01,1.996553993225097656e+01
1.306477308273315430e+00,2.226758193969726562e+01
2.213195323944091797e+00,1.393210315704345703e+01
2.059000730514526367e+00,1.984168815612792969e+01
3.346470832824707031e+00,2.019593811035156250e+01
2.606467485427856445e+00,2.195265579223632812e+01
4.255025684833526611e-01,1.462516689300537109e+01
1.481782913208007812e+00,2.203882789611816406e+01
1.669362902641296387e+00,1.793578338623046875e+01
1.481877923011779785e+00,1.257033443450927734e+01
1.919239521026611328e+00,2.228712081909179688e+01
4.779576957225799561e-01,2.169227981567382812e+01
-2.551011741161346436e-01,1.200579929351806641e+01
1.711833000183105469e+00,2.230003738403320312e+01
2.592427015304565430e+00,2.181511306762695312e+01
-5.987809225916862488e-02,2.025523757934570312e+01
6.242528557777404785e-01,2.218590545654296875e+01
3.802422523498535156e+00,1.944924926757812500e+01
9.458279609680175781e-01,1.989686584472656250e+01
-5.601083636283874512e-01,1.343052482604980469e+01
1.015994787216186523e+00,-2.416531085968017578e+00
6.809061765670776367e-01,1.770743942260742188e+01
3.492327928543090820e+00,2.098287582397460938e+01
4.436837136745452881e-01,2.185304641723632812e+01
2.327393293380737305e+00,2.003647422790527344e+01
4.149362087249755859e+00,1.927772521972656250e+01
4.710289478302001953e+00,1.829253768920898438e+01
1.615076780319213867e+00,2.225742340087890625e+01
2.072226762771606445e+00,2.213040351867675781e+01
1.319624900817871094e+00,1.931087112426757812e+01
1.963288784027099609e+00,2.221728897094726562e+01
7.782746553421020508e-01,1.331725978851318359e+01
3.724326565861701965e-02,1.793480300903320312e+01
-4.764945805072784424e-01,1.780125808715820312e+01
2.280141353607177734e+00,2.187020874023437500e+01
1.786598086357116699e+00,2.158769416809082031e+01
8.194992542266845703e-01,9.598622322082519531e+00
1.685903310775756836e+00,2.208709716796875000e+01
3.562932312488555908e-01,6.865735530853271484e+00
3.396629571914672852e+00,2.140818023681640625e+01
5.179281905293464661e-02,1.404240131378173828e+01
3.144697427749633789e+00,1.872574615478515625e+01
1.738236427307128906e+00,1.916941070556640625e+01
8.218039274215698242e-01,1.985397720336914062e+01
1.520011663436889648e+00,2.082246208190917969e+01
3.679212331771850586e+00,2.086038017272949219e+01
-6.750205755233764648e-01,6.751506328582763672e+00
1.120647192001342773e+00,1.307332324981689453e+01
2.433788776397705078e+00,2.114776992797851562e+01
6.770781874656677246e-01,2.044161796569824219e+01
1.920688033103942871e+00,2.149949264526367188e+01
1.184447646141052246e+00,2.223190498352050781e+01
2.404147624969482422e+00,2.191658401489257812e+01
1.961183071136474609e+00,1.692966651916503906e+01
2.164090156555175781e+00,2.061674118041992188e+01
-2.197254300117492676e-01,6.384824275970458984e+00
2.327907323837280273e+00,2.133148574829101562e+01
4.582900047302246094e+00,1.818433380126953125e+01
-1.060807779431343079e-01,1.059327697753906250e+01
-6.706721186637878418e-01,1.928909873962402344e+01
2.497681856155395508e+00,2.179107284545898438e+01
2.085391759872436523e+00,1.539012813568115234e+01
1.361122608184814453e+00,2.222149848937988281e+01
-4.258714914321899414e-01,1.061846446990966797e+01
3.564686059951782227e+00,2.076205062866210938e+01
-7.550827264785766602e-01,1.981570816040039062e+01
2.660044193267822266e+00,1.552471446990966797e+01
4.466876029968261719e+00,1.943490600585937500e+01
2.683175563812255859e+00,2.172755432128906250e+01
9.492509365081787109e-01,2.222694015502929688e+01
2.312350273132324219e+00,1.389276599884033203e+01
2.847194433212280273e+00,2.169429016113281250e+01
-8.842595219612121582e-01,-1.485693097114562988e+00
1.963815331459045410e+00,2.196186065673828125e+01
1.688363105058670044e-01,2.005010223388671875e+01
1.352187871932983398e+00,2.226285552978515625e+01
-3.178467452526092529e-01,6.687129497528076172e+00
2.344790220260620117e+00,2.133056831359863281e+01
-5.884317159652709961e-01,-2.359456300735473633e+00
2.463020324707031250e+00,1.759777641296386719e+01
7.748943567276000977e-01,1.275521373748779297e+01
-1.762060970067977905e-01,2.071086692810058594e+01
1.087386131286621094e+00,2.234214019775390625e+01
-1.857177764177322388e-01,8.738343238830566406e+00
2.035103797912597656e+00,2.128215408325195312e+01
4.237485408782958984e+00,1.827736282348632812e+01
-2.836855351924896240e-01,1.400212669372558594e+01
1.875870466232299805e+00,2.174996948242187500e+01
1.315513372421264648e+00,1.545237255096435547e+01
1.707365155220031738e+00,2.187345123291015625e+01
2.263736873865127563e-01,1.330118942260742188e+01
3.181121110916137695e+00,1.831963157653808594e+01
1.615987777709960938e+00,2.224699974060058594e+01
1.888973712921142578e+00,2.218401336669921875e+01
5.830078721046447754e-01,1.498467159271240234e+01
-8.052579313516616821e-02,8.987322807312011719e+00
1.468880414962768555e+00,2.133921241760253906e+01
3.669962584972381592e-01,1.234865188598632812e+01
8.602067232131958008e-01,2.097433471679687500e+01
1.926277950406074524e-02,1.328193759918212891e+01
2.405612468719482422e+00,2.213864898681640625e+01
3.371068239212036133e+00,2.093545532226562500e+01
-3.090745806694030762e-01,8.089171409606933594e+00
2.176929235458374023e+00,2.161258506774902344e+01
2.771006584167480469e+00,2.166038131713867188e+01
9.369446635246276855e-01,1.154899501800537109e+01
9.066324681043624878e-02,9.851827621459960938e+00
3.487748384475708008e+00,2.110745239257812500e+01
3.377074718475341797e+00,2.050515365600585938e+01
4.214582443237304688e+00,1.634794235229492188e+01
3.285054206848144531e+00,2.113628768920898438e+01
1.956609040498733521e-01,6.910395145416259766e+00
3.500705957412719727e+00,2.091476058959960938e+01
1.895580172538757324e+00,2.210195922851562500e+01
2.991301774978637695e+00,2.155792808532714844e+01
1.580193042755126953e+00,1.390722179412841797e+01
2.191234976053237915e-01,2.159267616271972656e+01
1.355185985565185547e+00,2.175675773620605469e+01
1.403062582015991211e+00,1.646994781494140625e+01
2.989887714385986328e+00,1.718861961364746094e+01
1.847704291343688965e+00,2.218962478637695312e+01
1.671326607465744019e-01,7.479351520538330078e+00
1.644877910614013672e+00,2.180928802490234375e+01
1.384154438972473145e+00,2.237335586547851562e+01
-7.855238914489746094e-01,1.579646396636962891e+01
5.347237586975097656e-01,1.174674129486083984e+01
2.596199512481689453e+00,2.165711212158203125e+01
5.691868662834167480e-01,2.112417411804199219e+01
-1.643566340208053589e-01,2.165778732299804688e+01
4.063872992992401123e-01,1.596419906616210938e+01
1.222017765045166016e+00,2.054950332641601562e+01
6.840416043996810913e-02,1.075199794769287109e+01
2.658074140548706055e+00,1.681676101684570312e+01
1.016256332397460938e+00,1.580447864532470703e+01
7.306388616561889648e-01,1.918103790283203125e+01
2.875394582748413086e+00,2.170424652099609375e+01
6.883147954940795898e-01,1.741852188110351562e+01
9.791318178176879883e-01,1.346877861022949219e+01
-4.889695942401885986e-01,1.141136360168457031e+01
1.352459669113159180e+00,1.988100433349609375e+01
8.669008016586303711e-01,1.323544406890869141e+01
3.364354133605957031e+00,2.119449424743652344e+01
-1.460950851440429688e+00,1.363645267486572266e+01
2.152613252401351929e-01,1.463949680328369141e+01
5.815166831016540527e-01,2.176159095764160156e+01
1.547889471054077148e+00,2.210370826721191406e+01
2.903106927871704102e+00,1.492172336578369141e+01
-1.035090208053588867e+00,-1.897402524948120117e+00
2.409867048263549805e+00,2.199533653259277344e+01
2.836561799049377441e-01,8.447848320007324219e+00
3.726193189620971680e+00,1.395176029205322266e+01
5.055088043212890625e+00,1.648145103454589844e+01
-1.987672895193099976e-01,1.868807029724121094e+01
-7.418260723352432251e-02,1.229758071899414062e+01
2.162476778030395508e+00,2.049155426025390625e+01
-1.299413442611694336e+00,1.513711643218994141e+01
5.460408926010131836e-01,1.738469696044921875e+01
4.626625061035156250e+00,1.902805900573730469e+01
-1.000468492507934570e+00,2.025485229492187500e+01
-4.999286234378814697e-01,8.780367851257324219e+00
-1.796692460775375366e-01,7.598204135894775391e+00
6.203941106796264648e-01,1.083851051330566406e+01
2.366822004318237305e+00,2.189243888854980469e+01
6.748763322830200195e-01,1.279766559600830078e+01
-5.389096736907958984e-01,1.947475433349609375e+01
1.306711435317993164e+00,2.191630935668945312e+01
1.267441511154174805e+00,2.202249717712402344e+01
2.901447296142578125e+00,2.191196441650390625e+01
2.558419704437255859e+00,1.714486312866210938e+01
3.576749801635742188e+00,2.077693939208984375e+01
1.683673501014709473e+00,8.791779518127441406e+00
2.954810619354248047e+00,1.982530212402343750e+01
1.178470730781555176e+00,2.220968818664550781e+01
1.049267530441284180e+00,2.184677886962890625e+01
9.082244038581848145e-01,2.193198394775390625e+01
5.158926844596862793e-01,1.815517807006835938e+01
5.115097165107727051e-01,1.831217384338378906e+01
2.226344347000122070e+00,2.204052162170410156e+01
4.271907508373260498e-01,1.382844066619873047e+01
4.234767436981201172e+00,1.778590011596679688e+01
2.945259809494018555e+00,1.478605842590332031e+01
-3.616867959499359131e-01,2.075084495544433594e+01
1.086818147450685501e-02,1.225218105316162109e+01
1.805706143379211426e+00,1.754690742492675781e+01
3.844717025756835938e+00,2.034625625610351562e+01
3.276520967483520508e+00,2.092061424255371094e+01
3.193500995635986328e+00,2.137960433959960938e+01
3.544237852096557617e+00,1.580316829681396484e+01
2.220202922821044922e+00,2.113001251220703125e+01
1.023281693458557129e+00,2.193266868591308594e+01
1.142264246940612793e+00,1.177954196929931641e+01
1.770566701889038086e+00,1.428748035430908203e+01
3.304329872131347656e+00,2.125834083557128906e+01
1.987544536590576172e+00,1.307664775848388672e+01
9.424216747283935547e-01,2.054618835449218750e+01
2.763659715652465820e+00,2.139354133605957031e+01
3.035907030105590820e+00,1.881392669677734375e+01
1.081804275512695312e+00,1.521364307403564453e+01
1.489264249801635742e+00,1.546946430206298828e+01
1.630677223205566406e+00,2.214509963989257812e+01
2.785976827144622803e-01,1.976578521728515625e+01
1.298533678054809570e+00,2.233554840087890625e+01
1.988831996917724609e+00,2.228123474121093750e+01
3.031348943710327148e+00,2.141719436645507812e+01
3.286290884017944336e+00,2.110928726196289062e+01
2.825924158096313477e+00,2.164840507507324219e+01
2.071689367294311523e+00,2.234481620788574219e+01
2.378486871719360352e+00,1.646203613281250000e+01
3.652510344982147217e-01,1.913747024536132812e+01
8.049193024635314941e-01,1.713323593139648438e+01
2.233625411987304688e+00,2.206175613403320312e+01
1.614946126937866211e+00,2.167100334167480469e+01
1.969129085540771484e+00,1.115929508209228516e+01
-1.294386833906173706e-01,2.108744430541992188e+01
6.336360573768615723e-01,2.162903404235839844e+01
2.019327878952026367e+00,2.095246505737304688e+01
6.358588337898254395e-01,1.317257785797119141e+01
1.691151142120361328e+00,1.319301700592041016e+01
-5.752548575401306152e-01,8.595852851867675781e+00
3.057717800140380859e+00,2.044532012939453125e+01
-1.179229021072387695e+00,9.809433937072753906e+00
1.603660583496093750e+00,2.166640853881835938e+01
1.320621490478515625e+00,2.145977401733398438e+01
1.579491138458251953e+00,1.798764801025390625e+01
3.698435783386230469e+00,2.046436309814453125e+01
1.103714942932128906e+00,2.128327941894531250e+01
2.674231290817260742e+00,2.173933982849121094e+01
-1.386321038007736206e-01,1.187541103363037109e+01
1.944485664367675781e+00,1.242549991607666016e+01
2.398733854293823242e+00,1.724571990966796875e+01
-2.151499316096305847e-02,1.756203651428222656e+01
2.811826229095458984e+00,2.165488624572753906e+01
1.289307594299316406e+00,2.199373626708984375e+01
1.190176963806152344e+00,2.166422080993652344e+01
3.793131113052368164e+00,2.051298904418945312e+01
-1.189320206642150879e+00,9.182532310485839844e+00
1.153013467788696289e+00,1.341567897796630859e+01
1.760570168495178223e+00,2.224206161499023438e+01
2.486914873123168945e+00,6.924325466156005859e+00
1.543245077133178711e+00,2.238522338867187500e+01
1.471339941024780273e+00,2.228882598876953125e+01
2.006512165069580078e+00,2.163918113708496094e+01
1.717698812484741211e+00,1.508378314971923828e+01
9.335126280784606934e-01,1.627083969116210938e+01
2.679877042770385742e+00,2.185839843750000000e+01
1.687859535217285156e+00,2.199169349670410156e+01
4.744773387908935547e+00,1.761160087585449219e+01
2.069368511438369751e-01,1.834896278381347656e+01
2.580561935901641846e-01,2.146504592895507812e+01
-5.941490642726421356e-03,2.109511566162109375e+01
2.718420326709747314e-01,1.893368339538574219e+01
4.546638488769531250e+00,1.892141151428222656e+01
5.458569526672363281e-01,2.194861221313476562e+01
-2.937538921833038330e-01,2.160127449035644531e+01
1.794384956359863281e+00,1.575035476684570312e+01
3.200989723205566406e+00,2.137122344970703125e+01
2.743135452270507812e+00,1.944750976562500000e+01
2.767231225967407227e+00,2.185912895202636719e+01
-2.853773534297943115e-01,1.017188930511474609e+01
1.615489959716796875e+00,1.904449462890625000e+01
2.691485643386840820e+00,2.084659194946289062e+01
2.054547548294067383e+00,2.209365081787109375e+01
3.381394624710083008e+00,2.031122207641601562e+01
-3.693572804331779480e-02,1.131130027770996094e+01
4.022417545318603516e+00,2.022427940368652344e+01
-2.218586802482604980e-01,8.534647941589355469e+00
1.052475690841674805e+00,2.177873802185058594e+01
3.573264837265014648e+00,2.030855560302734375e+01
1.260498881340026855e+00,1.520559310913085938e+01
2.359493494033813477e+00,2.212812423706054688e+01
2.376806497573852539e+00,2.200347328186035156e+01
4.546611309051513672e+00,1.848002243041992188e+01
1.400185465812683105e+00,1.887407684326171875e+01
6.337031722068786621e-01,2.211075210571289062e+01
3.326496362686157227e+00,1.434863185882568359e+01
6.752682328224182129e-01,1.552855873107910156e+01
1.725880503654479980e+00,1.884444236755371094e+01
3.751581192016601562e+00,2.048085784912109375e+01
2.674956560134887695e+00,2.060415649414062500e+01
5.406378507614135742e-01,2.150982093811035156e+01
3.581157445907592773e+00,2.066271018981933594e+01
1.149508476257324219e+00,2.228046035766601562e+01
3.744786024093627930e+00,1.683389663696289062e+01
2.543050289154052734e+00,2.077560234069824219e+01
2.077006101608276367e+00,2.174483489990234375e+01
2.196221590042114258e+00,2.191693115234375000e+01
2.133231401443481445e+00,2.204576110839843750e+01
1.469500780105590820e+00,2.223378181457519531e+01
-8.880581259727478027e-01,2.009017562866210938e+01
1.878617525100708008e+00,1.882411575317382812e+01
1.307590961456298828e+00,1.818036079406738281e+01
6.120636463165283203e-01,1.259565734863281250e+01
2.354274511337280273e+00,1.235408973693847656e+01
7.001461386680603027e-01,2.057654953002929688e+01
1.322810649871826172e+00,-2.309739112854003906e+00
2.962254285812377930e+00,2.155395889282226562e+01
-5.400974154472351074e-01,1.622015953063964844e+01
1.865030527114868164e+00,2.211651420593261719e+01
2.792379140853881836e+00,2.177733993530273438e+01
6.988824009895324707e-01,1.228486919403076172e+01
3.961026966571807861e-01,1.474972152709960938e+01
-3.687118589878082275e-01,5.396492004394531250e+00
-1.171708106994628906e+00,1.102164554595947266e+01
2.504973173141479492e+00,2.169945335388183594e+01
2.911081552505493164e+00,2.135362434387207031e+01
1.489768981933593750e+00,2.077475547790527344e+01
3.063008069992065430e+00,2.157057952880859375e+01
-1.001907229423522949e+00,1.800639343261718750e+01
-1.243729829788208008e+00,1.855972480773925781e+01
3.060088396072387695e+00,2.115633392333984375e+01
2.815434217453002930e+00,2.169055557250976562e+01
1.848635673522949219e+00,1.740773582458496094e+01
8.017945885658264160e-01,2.194581604003906250e+01
2.471397161483764648e+00,2.186904335021972656e+01
2.424673795700073242e+00,2.016303634643554688e+01
-3.354202806949615479e-01,1.215302944183349609e+01
3.027003526687622070e+00,2.161931800842285156e+01
3.108157634735107422e+00,2.084738922119140625e+01
1.383492112159729004e+00,2.225040054321289062e+01
1.123691439628601074e+00,1.353788089752197266e+01
2.314632087945938110e-01,1.631524085998535156e+01
1.214882850646972656e+00,2.212078475952148438e+01
2.757907390594482422e+00,2.167124176025390625e+01
2.784589827060699463e-01,2.111973953247070312e+01
2.412405252456665039e+00,2.149800872802734375e+01
3.842343807220458984e+00,2.024318313598632812e+01
3.502947092056274414e-01,1.184237384796142578e+01
1.724610477685928345e-01,2.012477493286132812e+01
-3.462876975536346436e-01,1.702316284179687500e+01
1.688020467758178711e+00,2.226328659057617188e+01
2.439418315887451172e+00,2.169750213623046875e+01
1.959519267082214355e+00,2.195129776000976562e+01
1.291850328445434570e+00,1.914138031005859375e+01
3.351799249649047852e+00,2.094659805297851562e+01
2.028965234756469727e+00,2.185340309143066406e+01
-9.467992782592773438e-01,6.392504215240478516e+00
1.237671613693237305e+00,1.515760517120361328e+01
5.399368405342102051e-01,1.539293575286865234e+01
4.448359906673431396e-01,1.081172466278076172e+01
2.461877346038818359e+00,2.173697662353515625e+01
1.375630617141723633e+00,2.207988739013671875e+01
1.315836787223815918e+00,2.202188873291015625e+01
2.387189626693725586e+00,2.205030059814453125e+01
1.671005487442016602e+00,2.221038436889648438e+01
3.320755243301391602e+00,2.089152908325195312e+01
1.663964986801147461e+00,7.731271266937255859e+00
1.574206233024597168e+00,1.861803054809570312e+01
2.885143518447875977e+00,2.114203262329101562e+01
-1.057339310646057129e+00,1.555236053466796875e+01
1.821991682052612305e+00,2.194238281250000000e+01
2.006975650787353516e+00,1.972904777526855469e+01
-2.556107938289642334e-01,1.974298477172851562e+01
-4.034299775958061218e-02,1.276306819915771484e+01
-5.000044107437133789e-01,1.438880920410156250e+01
2.544957876205444336e+00,2.192963218688964844e+01
1.905372381210327148e+00,2.142057418823242188e+01
1.842265844345092773e+00,2.014115524291992188e+01
2.005302906036376953e+00,1.189365577697753906e+01
1.287601709365844727e+00,1.048194789886474609e+01
8.227310180664062500e-01,2.070057678222656250e+01
-1.847352236509323120e-01,2.132765579223632812e+01
3.151271045207977295e-01,1.974172401428222656e+01
9.795397520065307617e-01,2.117405700683593750e+01
2.234055280685424805e+00,2.054323768615722656e+01
1.571550011634826660e+00,2.223312950134277344e+01
-2.066830843687057495e-01,7.924672126770019531e+00
2.910074472427368164e+00,2.169748497009277344e+01
1.738506674766540527e+00,1.783633995056152344e+01
2.666729927062988281e+00,2.091966629028320312e+01
3.555978059768676758e+00,2.011430740356445312e+01
2.418025210499763489e-02,1.666276168823242188e+01
1.634277224540710449e+00,2.205585479736328125e+01
-5.507969260215759277e-01,2.012450027465820312e+01
3.478151559829711914e+00,2.112227630615234375e+01
4.447998106479644775e-01,9.947087287902832031e+00
2.054946660995483398e+00,2.214188003540039062e+01
2.485664129257202148e+00,2.120225524902343750e+01
1.203861713409423828e+00,1.223895835876464844e+01
-9.420567750930786133e-01,1.578926944732666016e+01
1.739631533622741699e+00,2.208538818359375000e+01
2.906735181808471680e+00,2.069381904602050781e+01
1.736402273178100586e+00,2.223403549194335938e+01
3.966627418994903564e-01,2.174495887756347656e+01
-2.869464755058288574e-01,9.805033683776855469e+00
4.437980949878692627e-01,1.884801101684570312e+01
1.933329820632934570e+00,2.180556488037109375e+01
5.050556063652038574e-01,1.638845634460449219e+01
6.153028011322021484e-01,1.349983119964599609e+01
-2.770458757877349854e-01,7.505452156066894531e+00
1.501703977584838867e+00,1.739805603027343750e+01
1.192094087600708008e+00,1.682103157043457031e+01
3.995377779006958008e+00,1.877609252929687500e+01
-5.552382469177246094e-01,2.027771759033203125e+01
3.460893392562866211e+00,2.111817550659179688e+01
1.617718935012817383e+00,2.105371093750000000e+01
9.664253592491149902e-01,2.202876281738281250e+01
2.252503156661987305e+00,2.210869026184082031e+01
4.115979671478271484e+00,1.987716293334960938e+01
-3.030126988887786865e-01,2.038224792480468750e+01
1.381936550140380859e+00,2.070136642456054688e+01
4.186797142028808594e+00,1.974939918518066406e+01
1.973685979843139648e+00,2.219946479797363281e+01
2.438830614089965820e+00,2.171509170532226562e+01
1.922707319259643555e+00,2.217785072326660156e+01
1.341813564300537109e+00,2.245512771606445312e+01
2.525689363479614258e+00,2.205283355712890625e+01
1.731434702873229980e+00,1.836557960510253906e+01
2.976833343505859375e+00,2.159415245056152344e+01
3.026205539703369141e+00,2.079736709594726562e+01
3.728983640670776367e+00,1.908707427978515625e+01
-1.023807406425476074e+00,1.756368637084960938e+01
2.813465595245361328e+00,2.168336486816406250e+01
2.145373582839965820e+00,2.064197540283203125e+01
9.518672227859497070e-01,2.045549774169921875e+01
2.989711523056030273e+00,2.169732284545898438e+01
-1.623523354530334473e+00,1.177657032012939453e+01
1.442542672157287598e+00,2.014212799072265625e+01
2.148032188415527344e+00,2.133665084838867188e+01
1.423540353775024414e+00,7.896395206451416016e+00
1.228678226470947266e+00,2.233712959289550781e+01
1.639029979705810547e+00,1.782133865356445312e+01
3.425101757049560547e+00,2.124398040771484375e+01
3.910168647766113281e+00,2.042794990539550781e+01
1.936283469200134277e+00,2.224376678466796875e+01
2.427938461303710938e+00,1.571009540557861328e+01
2.956131696701049805e+00,2.146538543701171875e+01
4.638876020908355713e-01,1.265267944335937500e+01
2.188756704330444336e+00,2.173202896118164062e+01
7.118338942527770996e-01,2.192825698852539062e+01
-3.532321155071258545e-01,1.885993194580078125e+01
2.793442487716674805e+00,2.103514480590820312e+01
3.755134046077728271e-01,2.213827133178710938e+01
1.144318938255310059e+00,1.880770874023437500e+01
2.124468564987182617e+00,1.979926490783691406e+01
4.038742542266845703e+00,2.016477203369140625e+01
-4.093889892101287842e-01,2.070146179199218750e+01
2.207281827926635742e+00,2.157839202880859375e+01
1.496498227119445801e+00,1.890660858154296875e+01
-2.084473893046379089e-02,1.860248756408691406e+01
1.165027856826782227e+00,2.150275802612304688e+01
1.784402251243591309e+00,2.215991592407226562e+01
-4.115910828113555908e-01,1.128780746459960938e+01
1.902646541595458984e+00,2.206196975708007812e+01
2.414152175188064575e-01,1.207577800750732422e+01
3.288328170776367188e+00,2.007231140136718750e+01
1.718599438667297363e+00,2.207266616821289062e+01
7.053032517433166504e-01,1.523476028442382812e+01
3.589067697525024414e+00,2.102778625488281250e+01
3.555346250534057617e+00,1.923786544799804688e+01
7.032092809677124023e-01,7.128416538238525391e+00
1.544793248176574707e+00,1.807989692687988281e+01
4.731938362121582031e+00,1.842377853393554688e+01
1.929111599922180176e+00,2.199826049804687500e+01
1.268371820449829102e+00,2.096068954467773438e+01
2.278961181640625000e+00,2.117182350158691406e+01
1.894235849380493164e+00,1.531558132171630859e+01
-4.787589907646179199e-01,9.731244087219238281e+00
2.197301149368286133e+00,2.216972351074218750e+01
-5.276280045509338379e-01,1.349725723266601562e+01
1.228153347969055176e+00,1.474952793121337891e+01
4.173329353332519531e+00,1.921410369873046875e+01
-7.571154832839965820e-01,9.476307868957519531e+00
1.488707184791564941e+00,2.233798217773437500e+01
9.832895398139953613e-01,1.643235969543457031e+01
6.426141858100891113e-01,2.203540039062500000e+01
2.058268070220947266e+00,2.218029975891113281e+01
2.893762111663818359e+00,2.131599617004394531e+01
5.080359458923339844e+00,1.770971298217773438e+01
1.063936233520507812e+00,2.217819976806640625e+01
2.613195896148681641e+00,2.162240219116210938e+01
-6.023673340678215027e-02,1.197614574432373047e+01
1.245408654212951660e+00,2.031144332885742188e+01
2.287764787673950195e+00,2.156586837768554688e+01
2.382249355316162109e+00,2.205023765563964844e+01
1.881528854370117188e+00,2.168177413940429688e+01
8.170303106307983398e-01,2.171909904479980469e+01
4.294703900814056396e-01,1.657690048217773438e+01
3.065230131149291992e+00,2.146902084350585938e+01
1.603666692972183228e-01,1.733283424377441406e+01
7.681315541267395020e-01,1.752958488464355469e+01
1.444341540336608887e+00,1.655615806579589844e+01
-5.436427593231201172e-01,1.009941768646240234e+01
6.956389546394348145e-01,2.114434432983398438e+01
7.088454812765121460e-02,1.529779624938964844e+01
2.027778148651123047e+00,2.198974227905273438e+01
7.440736293792724609e-01,1.449449539184570312e+01
8.351131081581115723e-01,1.482963085174560547e+01
8.476754426956176758e-01,2.081691741943359375e+01
1.285507917404174805e+00,1.730201530456542969e+01
1.809932708740234375e+00,2.196022796630859375e+01
2.077291250228881836e+00,2.197485160827636719e+01
1.806343197822570801e+00,2.192639160156250000e+01
1.303337812423706055e+00,1.492468452453613281e+01
1.452028989791870117e+00,2.219359207153320312e+01
9.909232854843139648e-01,1.240168666839599609e+01
1.947985410690307617e+00,2.224244499206542969e+01
5.062347650527954102e-01,1.355716609954833984e+01
1.873835563659667969e+00,2.216006088256835938e+01
1.258269429206848145e+00,2.171820259094238281e+01
1.078369617462158203e+00,2.194652175903320312e+01
2.687953948974609375e+00,1.474163818359375000e+01
-5.720599889755249023e-01,1.017947959899902344e+01
3.589652538299560547e+00,2.120777893066406250e+01
1.887416839599609375e+00,2.203969192504882812e+01
7.093310952186584473e-01,1.703642654418945312e+01
2.329694747924804688e+00,2.175873565673828125e+01
-1.351049900054931641e+00,1.103998756408691406e+01
3.198680162429809570e+00,8.655867576599121094e+00
2.344797134399414062e+00,2.165073013305664062e+01
9.622370600700378418e-01,1.649296569824218750e+01
2.863940477371215820e+00,2.082176780700683594e+01
4.392732620239257812e+00,1.944391822814941406e+01
1.175835847854614258e+00,1.459960651397705078e+01
1.857049614191055298e-01,1.986829376220703125e+01
-5.778902769088745117e-01,1.145075798034667969e+01
3.646359205245971680e+00,1.095739555358886719e+01
2.025498628616333008e+00,1.285744762420654297e+01
7.591822743415832520e-01,2.178915405273437500e+01
1.639976978302001953e+00,1.913100814819335938e+01
2.096451044082641602e+00,2.215450859069824219e+01
8.126750588417053223e-01,2.239098930358886719e+01
1.924753546714782715e+00,2.000163269042968750e+01
2.546395361423492432e-01,1.996526718139648438e+01
2.595558166503906250e+00,2.161987304687500000e+01
-5.552940964698791504e-01,1.805009269714355469e+01
6.158180236816406250e-01,1.076123714447021484e+01
1.606193780899047852e+00,2.145970726013183594e+01
1.947425842285156250e+00,1.727308654785156250e+01
9.475950598716735840e-01,2.169995880126953125e+01
1.374207973480224609e+00,1.965768432617187500e+01
3.556973934173583984e+00,2.020558929443359375e+01
6.484863758087158203e-01,1.027737140655517578e+01
4.407262504100799561e-01,1.282854557037353516e+01
3.472337722778320312e+00,2.088264846801757812e+01
-3.881489932537078857e-01,4.994467258453369141e+00
2.066668987274169922e+00,2.229310035705566406e+01
3.479435682296752930e+00,2.100085830688476562e+01
1.031807184219360352e+00,2.202328300476074219e+01
9.436326622962951660e-01,1.970505714416503906e+01
2.538813114166259766e+00,1.598364925384521484e+01
2.662675142288208008e+00,2.178503036499023438e+01
1.682593822479248047e+00,2.216980934143066406e+01
1.595549345016479492e+00,1.506877136230468750e+01
1.463519811630249023e+00,2.138020515441894531e+01
9.702499508857727051e-01,1.818294525146484375e+01
1.533894658088684082e+00,2.213706398010253906e+01
3.469182729721069336e+00,2.109634590148925781e+01
-4.051963686943054199e-01,1.046446228027343750e+01
1.772547245025634766e+00,2.152840995788574219e+01
7.406111359596252441e-01,1.107492828369140625e+01
2.182437181472778320e+00,2.182467842102050781e+01
1.606678485870361328e+00,2.224413681030273438e+01
-1.273699253797531128e-01,1.378151798248291016e+01
1.357040643692016602e+00,2.244872665405273438e+01
4.305613994598388672e+00,1.957429885864257812e+01
1.186127543449401855e+00,2.222996902465820312e+01
3.230229139328002930e+00,2.121477508544921875e+01
-3.326834738254547119e-01,1.232768058776855469e+01
1.878159761428833008e+00,2.223613739013671875e+01
2.096770286560058594e+00,2.208166885375976562e+01
-5.064454078674316406e-01,8.267102241516113281e+00
4.082273006439208984e+00,1.995084571838378906e+01
1.544073939323425293e+00,9.785933494567871094e+00
-1.211864948272705078e+00,2.007423400878906250e+01
4.325405657291412354e-01,1.932548713684082031e+01
1.030213460326194763e-01,2.000621986389160156e+01
1.185189723968505859e+00,1.862551116943359375e+01
5.043070912361145020e-01,2.150938796997070312e+01
1.827152729034423828e+00,1.537259387969970703e+01
9.865966439247131348e-01,1.609534072875976562e+01
1.988234758377075195e+00,2.212509918212890625e+01
5.934658050537109375e-01,1.234649181365966797e+01
3.538006842136383057e-01,2.146870422363281250e+01
6.530067920684814453e-01,1.341666507720947266e+01
3.031518220901489258e+00,1.337372016906738281e+01
3.183846473693847656e+00,2.144177436828613281e+01
2.087305784225463867e+00,1.629453659057617188e+01
2.063978463411331177e-01,2.050299453735351562e+01
2.458178997039794922e+00,1.984975814819335938e+01
1.119105339050292969e+00,2.225157165527343750e+01
4.152764976024627686e-01,1.354354953765869141e+01
1.307270765304565430e+00,1.857353591918945312e+01
2.368447542190551758e+00,2.185660934448242188e+01
3.290601074695587158e-01,1.773215484619140625e+01
1.366071462631225586e+00,2.156966972351074219e+01
-9.942192584276199341e-02,1.007964801788330078e+01
3.045156717300415039e+00,2.154026794433593750e+01
1.860622882843017578e+00,2.204711914062500000e+01
2.409447193145751953e+00,2.103283691406250000e+01
-5.892022848129272461e-01,2.087752914428710938e+01
1.076579093933105469e+00,2.202932929992675781e+01
3.388525724411010742e+00,2.132379150390625000e+01
1.033260107040405273e+00,2.238026046752929688e+01
2.551245450973510742e+00,2.140581893920898438e+01
2.853742539882659912e-01,1.324169540405273438e+01
1.446845889091491699e+00,1.759328651428222656e+01
3.028258383274078369e-01,1.516243267059326172e+01
2.608701944351196289e+00,2.166516494750976562e+01
2.409461021423339844e+00,2.193568420410156250e+01
2.664495468139648438e+00,1.016105747222900391e+01
2.174740076065063477e+00,2.208255767822265625e+01
8.821966052055358887e-01,1.994093704223632812e+01
-1.707973331212997437e-01,1.757730865478515625e+01
3.191973686218261719e+00,2.149825096130371094e+01
-1.204838156700134277e+00,1.953724861145019531e+01
1.230159759521484375e+00,2.183012390136718750e+01
6.847462654113769531e-01,8.783043861389160156e+00
2.952518224716186523e+00,1.894475555419921875e+01
2.479032278060913086e+00,1.863845062255859375e+01
-5.450326204299926758e-01,2.009434890747070312e+01
2.069597005844116211e+00,2.175625991821289062e+01
1.959596872329711914e+00,1.813390350341796875e+01
5.543489456176757812e-01,2.202857208251953125e+01
-5.333034396171569824e-01,1.142579078674316406e+01
2.426861524581909180e+00,2.201818466186523438e+01
2.175326108932495117e+00,1.749336624145507812e+01
2.732144117355346680e+00,2.168305015563964844e+01
1.203745126724243164e+00,2.186766052246093750e+01
8.431068658828735352e-01,2.218763542175292969e+01
5.329372882843017578e-01,2.153077697753906250e+01
2.013700246810913086e+00,2.201478576660156250e+01
1.431914448738098145e+00,7.238212108612060547e+00
3.804354369640350342e-01,1.611679077148437500e+01
2.265825748443603516e+00,2.196494674682617188e+01
3.139560520648956299e-01,1.868530273437500000e+01
2.091010287404060364e-02,2.161582374572753906e+01
-2.341585010290145874e-01,2.015667915344238281e+01
7.435443401336669922e-01,1.768716621398925781e+01
2.740346908569335938e+00,2.184545707702636719e+01
1.978824377059936523e+00,1.586233806610107422e+01
-1.500365614891052246e+00,1.745836257934570312e+01
1.651473045349121094e+00,2.225137329101562500e+01
2.089321136474609375e+00,2.223388862609863281e+01
2.486457347869873047e+00,2.201708221435546875e+01
-4.245025813579559326e-01,1.271195697784423828e+01
1.513125449419021606e-01,1.216245937347412109e+01
-1.414118766784667969e+00,1.966183471679687500e+01
5.173199176788330078e-01,1.206207752227783203e+01
1.350862383842468262e+00,2.143464469909667969e+01
3.900954425334930420e-01,1.555073451995849609e+01
2.944403409957885742e+00,2.144187736511230469e+01
1.862142920494079590e+00,2.144760131835937500e+01
1.783869147300720215e+00,2.207512283325195312e+01
1.135870695114135742e+00,2.183094978332519531e+01
-7.317054271697998047e-01,6.281299114227294922e+00
1.912394315004348755e-01,2.119184684753417969e+01
1.400334119796752930e+00,2.113334274291992188e+01
5.849610567092895508e-01,2.207197761535644531e+01
3.148733377456665039e+00,2.134756469726562500e+01
-1.237473916262388229e-02,1.762803649902343750e+01
2.158828526735305786e-01,1.597917652130126953e+01
1.389744281768798828e+00,2.163813018798828125e+01
6.758607029914855957e-01,2.210452461242675781e+01
2.688909292221069336e+00,2.154792594909667969e+01
2.112888813018798828e+00,2.124556350708007812e+01
1.671825408935546875e+00,2.151788139343261719e+01
2.425825834274291992e+00,2.172868728637695312e+01
9.961199760437011719e-01,1.726606369018554688e+01
1.837155103683471680e+00,2.109565353393554688e+01
7.667212486267089844e-01,1.782737731933593750e+01
1.716488242149353027e+00,1.651665687561035156e+01
3.949251472949981689e-01,9.524901390075683594e+00
-5.955467224121093750e-01,2.008128547668457031e+01
5.807341337203979492e-01,1.699952316284179688e+01
-2.099671214818954468e-01,2.133807182312011719e+01
3.008648395538330078e+00,2.152796554565429688e+01
1.669732093811035156e+00,2.125417709350585938e+01
1.227390646934509277e+00,1.706898498535156250e+01
2.101621866226196289e+00,1.881952285766601562e+01
2.610695600509643555e+00,2.169029808044433594e+01
7.319095730781555176e-01,1.725210571289062500e+01
2.602391242980957031e+00,1.753900909423828125e+01
1.032276034355163574e+00,2.222051620483398438e+01
7.943293452262878418e-01,1.919668388366699219e+01
3.418153047561645508e+00,2.098256301879882812e+01
1.874446421861648560e-01,2.029519653320312500e+01
-2.135262340307235718e-01,2.004446220397949219e+01
5.961785912513732910e-01,1.524752807617187500e+01
4.390887737274169922e+00,1.787963676452636719e+01
1.628973484039306641e+00,2.196263694763183594e+01
-7.465550899505615234e-01,9.136315345764160156e+00
5.945566892623901367e-01,7.740910053253173828e+00
3.581225574016571045e-01,2.123511123657226562e+01
1.093880653381347656e+00,2.206706619262695312e+01
3.792519807815551758e+00,2.062942886352539062e+01
4.049415111541748047e+00,1.929190826416015625e+01
2.394958734512329102e-01,5.516708850860595703e+00
1.525660037994384766e+00,1.747470855712890625e+01
2.822034120559692383e+00,2.126431274414062500e+01
7.123439311981201172e-01,2.205096054077148438e+01
-4.280839562416076660e-01,7.773310661315917969e+00
2.878851652145385742e+00,2.150711822509765625e+01
2.024394273757934570e+00,2.209767913818359375e+01
3.553122282028198242e+00,1.452878379821777344e+01
1.647546172142028809e+00,1.861394119262695312e+01
1.945265650749206543e+00,1.913269042968750000e+01
3.306147813796997070e+00,1.976494026184082031e+01
1.788811087608337402e+00,2.045584487915039062e+01
9.703724384307861328e-01,2.207427024841308594e+01
2.239135980606079102e+00,1.427419757843017578e+01
1.004658937454223633e+00,2.169218635559082031e+01
1.526777982711791992e+00,2.226242446899414062e+01
4.282044470310211182e-01,1.560973453521728516e+01
1.699755787849426270e+00,2.000154495239257812e+01
2.015884399414062500e+00,2.234748077392578125e+01
8.441469669342041016e-01,1.583312988281250000e+01
1.217672109603881836e+00,2.206168174743652344e+01
6.181272864341735840e-01,2.219571304321289062e+01
4.399490058422088623e-01,2.166899490356445312e+01
1.688184261322021484e+00,1.259553813934326172e+01
7.642664760351181030e-02,1.692928123474121094e+01
-2.756246626377105713e-01,1.800512886047363281e+01
8.635324835777282715e-01,2.238427162170410156e+01
1.963675618171691895e+00,1.634139442443847656e+01
1.058694362640380859e+00,1.217400932312011719e+01
3.470871925354003906e+00,2.111948394775390625e+01
2.352932929992675781e+00,2.199354743957519531e+01
5.636463165283203125e-01,1.004507923126220703e+01
2.722382783889770508e+00,2.151583862304687500e+01
5.810786485671997070e-01,2.077548408508300781e+01
3.524389028549194336e+00,2.072365379333496094e+01
1.427524328231811523e+00,2.164220809936523438e+01
8.634884357452392578e-01,2.211748886108398438e+01
1.692648649215698242e+00,1.750664520263671875e+01
2.021495819091796875e+00,2.209965515136718750e+01
2.629247665405273438e+00,2.144338989257812500e+01
1.807111382484436035e+00,2.232465362548828125e+01
1.836141467094421387e+00,1.580382633209228516e+01
7.767987251281738281e-01,5.805040597915649414e-01
2.538161754608154297e+00,2.194522476196289062e+01
1.868567705154418945e+00,1.986026000976562500e+01
2.701472043991088867e+00,8.334657669067382812e+00
-6.674167513847351074e-01,1.079823875427246094e+01
5.031103491783142090e-01,2.224115371704101562e+01
1.134587764739990234e+00,1.590657424926757812e+01
-3.622007071971893311e-01,1.876281547546386719e+01
8.119288682937622070e-01,1.688644027709960938e+01
2.688945055007934570e+00,2.097779655456542969e+01
2.684547901153564453e+00,2.185870742797851562e+01
1.291540622711181641e+00,2.217844009399414062e+01
8.649997115135192871e-01,1.681456184387207031e+01
-5.425959825515747070e-01,3.557022333145141602e+00
-8.394405990839004517e-02,2.084745788574218750e+01
1.162282705307006836e+00,1.299898719787597656e+01
-7.211662530899047852e-01,9.065892219543457031e+00
2.129295825958251953e+00,2.224685859680175781e+01
1.707746744155883789e+00,2.192069625854492188e+01
1.788892626762390137e+00,1.559867191314697266e+01
1.652674913406372070e+00,1.970977783203125000e+01
2.801542043685913086e+00,2.153099060058593750e+01
1.626215577125549316e+00,2.216324806213378906e+01
2.878255128860473633e+00,2.039298629760742188e+01
9.029387831687927246e-01,2.198585510253906250e+01
1.428550630807876587e-01,1.178886318206787109e+01
1.908127427101135254e+00,2.170816802978515625e+01
2.835504293441772461e+00,2.075430488586425781e+01
2.490184783935546875e+00,2.181991577148437500e+01
1.301870107650756836e+00,2.219248199462890625e+01
2.038653373718261719e+00,2.078710937500000000e+01
4.009990990161895752e-01,2.164411544799804688e+01
8.017806410789489746e-01,2.187987136840820312e+01
1.216972351074218750e+00,1.644930267333984375e+01
-5.774895660579204559e-03,2.156269645690917969e+01
4.334159851074218750e+00,1.919810104370117188e+01
3.304697275161743164e+00,2.140493392944335938e+01
3.065989732742309570e+00,2.167184448242187500e+01
-1.402729600667953491e-01,1.938322448730468750e+01
1.494052559137344360e-01,1.167610263824462891e+01
2.371004968881607056e-01,2.084752655029296875e+01
3.034639358520507812e+00,1.692493820190429688e+01
4.203654766082763672e+00,1.950707817077636719e+01
4.731776416301727295e-01,2.068770599365234375e+01
1.310035705566406250e+00,2.147169113159179688e+01
1.258199214935302734e+00,2.221416282653808594e+01
1.400335073471069336e+00,2.243717193603515625e+01
-8.388118147850036621e-01,1.764367485046386719e+01
3.500612497329711914e+00,2.032198905944824219e+01
1.098282337188720703e+00,2.126458168029785156e+01
1.181405305862426758e+00,2.031023788452148438e+01
1.033337712287902832e+00,1.537333583831787109e+01
2.245274543762207031e+00,2.038804244995117188e+01
1.904831886291503906e+00,1.132379817962646484e+01
1.202890157699584961e+00,1.554731464385986328e+01
1.388699054718017578e+00,2.203934288024902344e+01
2.563412904739379883e+00,2.172108840942382812e+01
2.996470451354980469e+00,2.145177078247070312e+01
2.200772523880004883e+00,2.199242210388183594e+01
1.675650119781494141e+00,1.737499237060546875e+01
1.371305823326110840e+00,1.633945655822753906e+01
-3.583276271820068359e-01,-2.192454099655151367e+00
4.355271160602569580e-01,1.871049499511718750e+01
3.807869434356689453e+00,2.077504348754882812e+01
7.372566461563110352e-01,1.972448158264160156e+01
2.221379041671752930e+00,2.216453933715820312e+01
2.692386627197265625e+00,2.128335952758789062e+01
1.071968436241149902e+00,2.190873336791992188e+01
2.740277528762817383e+00,2.173272895812988281e+01
1.009155511856079102e+00,1.959428024291992188e+01
4.072372615337371826e-01,1.634925460815429688e+01
3.420851469039916992e+00,2.090994644165039062e+01
3.002739191055297852e+00,2.050173187255859375e+01
-6.745489835739135742e-01,1.447461032867431641e+01
1.118455648422241211e+00,2.167359924316406250e+01
4.332514286041259766e+00,1.944971847534179688e+01
2.150856971740722656e+00,2.207475471496582031e+01
2.635922670364379883e+00,2.146427536010742188e+01
-3.446752727031707764e-01,2.092487716674804688e+01
4.595203697681427002e-01,9.307754516601562500e+00
2.838331699371337891e+00,2.176262664794921875e+01
3.816280603408813477e+00,1.992679214477539062e+01
-3.905693814158439636e-02,1.411063289642333984e+01
4.180220663547515869e-01,1.826547622680664062e+01
3.370169878005981445e+00,2.069552421569824219e+01
-3.173546120524406433e-02,1.297870731353759766e+01
6.005175709724426270e-01,9.882271766662597656e+00
1.397978544235229492e+00,1.690406036376953125e+01
1.929124355316162109e+00,2.220759773254394531e+01
-1.022352099418640137e+00,6.673397064208984375e+00
1.401818394660949707e+00,1.523249530792236328e+01
2.197702646255493164e+00,1.023255920410156250e+01
1.142762184143066406e+00,2.217659378051757812e+01
3.632189512252807617e+00,1.914162254333496094e+01
-4.400976598262786865e-01,1.718353843688964844e+01
1.495873093605041504e+00,2.213368988037109375e+01
2.541931867599487305e+00,2.031951141357421875e+01
1.450688123703002930e+00,1.613264846801757812e+01
-2.854752242565155029e-01,1.754487609863281250e+01
4.605100452899932861e-01,2.207909011840820312e+01
6.476449966430664062e-01,2.180807876586914062e+01
5.963650345802307129e-01,2.197649383544921875e+01
2.598118782043457031e+00,2.178882598876953125e+01
8.165132999420166016e-01,2.206215667724609375e+01
1.104357481002807617e+00,1.679519271850585938e+01
1.608878135681152344e+00,2.212372589111328125e+01
6.584045886993408203e-01,1.349905490875244141e+01
2.680320024490356445e+00,2.194855117797851562e+01
2.049960613250732422e+00,1.408843421936035156e+01
9.828310012817382812e-01,2.076103019714355469e+01
2.757726907730102539e+00,2.163396453857421875e+01
6.416832804679870605e-01,1.926766014099121094e+01
1.206122860312461853e-01,1.904810714721679688e+01
4.210759103298187256e-01,1.450203800201416016e+01
9.004477262496948242e-01,1.176499652862548828e+01
8.430575728416442871e-01,2.211151885986328125e+01
2.010757684707641602e+00,2.216592407226562500e+01
2.281164884567260742e+00,2.094068527221679688e+01
4.029303789138793945e-01,7.820643901824951172e+00
-1.093416213989257812e+00,2.028725814819335938e+01
4.106260836124420166e-01,2.087577819824218750e+01
2.310336828231811523e+00,2.130583572387695312e+01
1.490268468856811523e+00,1.751215171813964844e+01
2.877879142761230469e+00,2.109317398071289062e+01
8.231610655784606934e-01,2.194129180908203125e+01
1.989395380020141602e+00,2.011635780334472656e+01
-8.471410274505615234e-01,9.052074432373046875e+00
6.415330767631530762e-01,2.215041160583496094e+01
6.250967383384704590e-01,1.242375659942626953e+01
-1.637403815984725952e-01,-1.967498183250427246e+00
1.777736663818359375e+00,1.696343421936035156e+01
1.701317548751831055e+00,2.211841583251953125e+01
-7.385576367378234863e-01,4.515048503875732422e+00
3.109712839126586914e+00,2.132297897338867188e+01
8.613024950027465820e-01,2.200378799438476562e+01
1.084371566772460938e+00,1.890813636779785156e+01
2.535329759120941162e-01,1.622123336791992188e+01
1.210341691970825195e+00,2.227340507507324219e+01
1.260247707366943359e+00,1.587513732910156250e+01
1.620734572410583496e+00,1.299294090270996094e+01
2.624175310134887695e+00,1.051964855194091797e+01
1.894469618797302246e+00,2.214659500122070312e+01
9.543399214744567871e-01,2.213743209838867188e+01
6.613160371780395508e-01,1.434293365478515625e+01
9.737802743911743164e-01,1.585148239135742188e+01
1.480430841445922852e+00,2.211202621459960938e+01
1.004500985145568848e+00,1.762388610839843750e+01
5.894113183021545410e-01,2.199941062927246094e+01
2.926583766937255859e+00,2.154382896423339844e+01
1.457191467285156250e+00,1.474349975585937500e+01
1.403187036514282227e+00,2.217986106872558594e+01
3.881804704666137695e+00,1.062356853485107422e+01
-5.095714330673217773e-01,2.069362068176269531e+01
2.911999702453613281e+00,2.153149795532226562e+01
1.295888900756835938e+00,2.158703613281250000e+01
1.668794155120849609e+00,1.483924770355224609e+01
5.706731081008911133e-01,2.207600402832031250e+01
-4.950687587261199951e-01,1.359563732147216797e+01
2.214620351791381836e+00,2.198994827270507812e+01
7.953572869300842285e-01,1.920257949829101562e+01
1.073098659515380859e+00,1.628826522827148438e+01
1.913057327270507812e+00,1.458975601196289062e+01
8.461514115333557129e-01,2.214368057250976562e+01
2.829474449157714844e+00,2.137273025512695312e+01
1.600537419319152832e+00,2.175980377197265625e+01
8.660604953765869141e-01,1.071977138519287109e+01
2.000327348709106445e+00,1.965539550781250000e+01
9.029089659452438354e-02,1.116873836517333984e+01
2.829338788986206055e+00,1.619379806518554688e+01
1.865047931671142578e+00,1.717197227478027344e+01
-8.479294180870056152e-01,-1.540049433708190918e+00
1.889559149742126465e+00,2.079815292358398438e+01
8.889329433441162109e-01,2.233541107177734375e+01
1.638157844543457031e+00,2.103173446655273438e+01
1.919035673141479492e+00,1.929881095886230469e+01
2.335893392562866211e+00,2.164229202270507812e+01
8.569645881652832031e-01,2.191513633728027344e+01
1.039684891700744629e+00,2.221560668945312500e+01
2.726938486099243164e+00,1.231037044525146484e+01
-2.434891313314437866e-01,1.127580070495605469e+01
1.666137933731079102e+00,2.238010597229003906e+01
2.896653413772583008e+00,1.621536636352539062e+01
1.330271005630493164e+00,2.194782638549804688e+01
3.526324331760406494e-01,1.646369552612304688e+01
4.167704582214355469e+00,1.833183670043945312e+01
1.692933797836303711e+00,2.236698341369628906e+01
2.663890123367309570e+00,2.157346534729003906e+01
1.135486125946044922e+00,1.372282600402832031e+01
2.356503248214721680e+00,1.919037055969238281e+01
2.061676025390625000e+00,2.212579536437988281e+01
3.184762716293334961e+00,2.143949127197265625e+01
9.985451102256774902e-01,1.814014816284179688e+01
1.072464704513549805e+00,1.888314628601074219e+01
7.160852551460266113e-01,1.427532100677490234e+01
2.344002008438110352e+00,2.188753128051757812e+01
2.606910467147827148e+00,2.180494308471679688e+01
-9.844107180833816528e-02,9.861091613769531250e+00
-2.751566097140312195e-02,1.095034694671630859e+01
9.885330684483051300e-03,1.732351303100585938e+01
1.526152491569519043e+00,2.118171501159667969e+01
3.555669069290161133e+00,1.360211849212646484e+01
3.648802042007446289e+00,1.906363868713378906e+01
3.212206065654754639e-01,1.825966644287109375e+01
1.569325923919677734e+00,1.768809890747070312e+01
1.117200851440429688e+00,1.564055633544921875e+01
5.688454583287239075e-02,2.016184806823730469e+01
4.362934112548828125e+00,1.585309886932373047e+01
4.483895003795623779e-01,1.463412475585937500e+01
4.475168228149414062e+00,1.733396911621093750e+01
2.520413637161254883e+00,2.098998641967773438e+01
1.669363617897033691e+00,2.219826126098632812e+01
1.145576715469360352e+00,2.037494850158691406e+01
1.098286628723144531e+00,1.782607650756835938e+01
1.393374681472778320e+00,1.694391250610351562e+01
1.188147068023681641e+00,-2.017172574996948242e+00
1.386355400085449219e+00,2.141079711914062500e+01
1.616224765777587891e+00,2.216539764404296875e+01
2.505809545516967773e+00,2.050107955932617188e+01
3.084360361099243164e+00,2.151449775695800781e+01
7.181792259216308594e-01,1.287767124176025391e+01
2.211738109588623047e+00,2.206258201599121094e+01
3.102427959442138672e+00,1.978084754943847656e+01
3.254580974578857422e+00,1.967707824707031250e+01
3.131261825561523438e+00,1.707301330566406250e+01
2.136844396591186523e+00,2.206829071044921875e+01
2.466214656829833984e+00,2.174071121215820312e+01
-6.901383399963378906e-01,1.293213939666748047e+01
2.701619386672973633e+00,2.117786788940429688e+01
1.497015237808227539e+00,2.139079284667968750e+01
-9.168843626976013184e-01,4.411879062652587891e+00
1.947010993957519531e+00,2.194391441345214844e+01
7.668203711509704590e-01,1.029743289947509766e+01
1.424047231674194336e+00,2.243718338012695312e+01
2.339050054550170898e+00,2.212482833862304688e+01
3.737713336944580078e+00,2.017803573608398438e+01
1.174606084823608398e+00,1.871419525146484375e+01
2.884794235229492188e+00,1.986848068237304688e+01
-3.824572265148162842e-01,2.088819122314453125e+01
5.122483253479003906e+00,1.686600875854492188e+01
-1.296060681343078613e-01,1.117892742156982422e+01
2.639228820800781250e+00,2.149723052978515625e+01
3.080194711685180664e+00,2.127734375000000000e+01
2.137647420167922974e-01,2.046613502502441406e+01
2.201879262924194336e+00,1.485860157012939453e+01
1.372784376144409180e+00,2.214020919799804688e+01
1.382953643798828125e+00,2.216463470458984375e+01
2.942776441574096680e+00,2.053032112121582031e+01
2.678118944168090820e+00,2.163164520263671875e+01
2.036347627639770508e+00,2.179714012145996094e+01
2.336880922317504883e+00,1.984695434570312500e+01
1.269647121429443359e+00,1.753452301025390625e+01
1.815511822700500488e+00,2.237706756591796875e+01
-1.210906282067298889e-01,2.155062866210937500e+01
2.183394670486450195e+00,5.276626348495483398e-01
2.749562501907348633e+00,2.014109039306640625e+01
2.945107698440551758e+00,2.169735717773437500e+01
3.727905511856079102e+00,1.869781112670898438e+01
1.871733188629150391e+00,2.209126281738281250e+01
5.481225252151489258e-01,1.211256408691406250e+01
1.930880188941955566e+00,2.196541213989257812e+01
2.449038267135620117e+00,2.164772605895996094e+01
1.170997858047485352e+00,1.715430068969726562e+01
3.007081270217895508e+00,2.174059677124023438e+01
1.799899339675903320e+00,2.222764778137207031e+01
1.178472042083740234e+00,1.783505249023437500e+01
1.261614710092544556e-01,1.507985115051269531e+01
-8.209692239761352539e-01,1.832188415527343750e+01
2.743764400482177734e+00,2.175777053833007812e+01
-1.851431652903556824e-02,2.183872795104980469e+01
2.176413774490356445e+00,2.200792694091796875e+01
-1.013585701584815979e-01,1.557097244262695312e+01
1.067353114485740662e-01,2.192712783813476562e+01
1.425394654273986816e+00,2.231456375122070312e+01
5.580398440361022949e-01,2.172084617614746094e+01
2.070001840591430664e+00,2.093637275695800781e+01
1.103657126426696777e+00,8.419128417968750000e+00
2.866874217987060547e+00,2.168106651306152344e+01
1.904313921928405762e+00,1.849062728881835938e+01
3.429793417453765869e-01,1.868503952026367188e+01
1.839392662048339844e+00,2.224631118774414062e+01
2.855956315994262695e+00,2.171669197082519531e+01
1.022838592529296875e+00,2.217130661010742188e+01
1.150087118148803711e+00,1.659410285949707031e+01
1.630195856094360352e+00,2.193902587890625000e+01
4.411442875862121582e-01,1.813441276550292969e+00
1.671831488609313965e+00,1.597390270233154297e+01
1.372879296541213989e-01,2.125664520263671875e+01
1.551674365997314453e+00,2.232470893859863281e+01
2.949970483779907227e+00,2.146801757812500000e+01
2.756627798080444336e+00,1.947166061401367188e+01
-3.867876231670379639e-01,1.112533092498779297e+01
2.988026142120361328e+00,2.034554481506347656e+01
4.400958120822906494e-01,1.141684055328369141e+01
2.979862093925476074e-01,9.139388084411621094e+00
5.103351473808288574e-01,1.267064189910888672e+01
2.679154634475708008e+00,2.077409744262695312e+01
7.872341275215148926e-01,1.162947368621826172e+01
1.239737510681152344e+00,2.163887596130371094e+01
3.669692277908325195e+00,2.086271667480468750e+01
1.166994333267211914e+00,2.214056015014648438e+01
8.333508968353271484e-01,1.692135620117187500e+01
2.406816959381103516e+00,1.405493259429931641e+01
2.355542421340942383e+00,2.193136787414550781e+01
1.771143794059753418e+00,1.883848571777343750e+01
3.008318662643432617e+00,2.056077575683593750e+01
6.547416448593139648e-01,2.206805801391601562e+01
1.125222444534301758e+00,1.992907714843750000e+01
2.864125013351440430e+00,2.146377563476562500e+01
3.525693655014038086e+00,1.980577850341796875e+01
1.081120133399963379e+00,2.112069320678710938e+01
9.852441549301147461e-01,2.230984878540039062e+01
3.679617643356323242e+00,2.003429603576660156e+01
8.248591423034667969e-01,1.922116851806640625e+01
4.074617326259613037e-01,2.104818916320800781e+01
8.224535584449768066e-01,2.215235900878906250e+01
1.713838577270507812e+00,1.665594291687011719e+01
1.765352249145507812e+00,2.064223480224609375e+01
3.093560412526130676e-02,1.437787342071533203e+01
2.007810354232788086e+00,2.212058258056640625e+01
1.926885724067687988e+00,1.970856475830078125e+01
1.129380822181701660e+00,2.215341758728027344e+01
-5.072600841522216797e-01,1.101447963714599609e+01
5.909594297409057617e-01,2.038053131103515625e+01
3.648398160934448242e+00,1.979561996459960938e+01
-3.802980110049247742e-02,1.375563812255859375e+01
3.081841945648193359e+00,1.871589851379394531e+01
9.669798612594604492e-01,1.384278202056884766e+01
-1.166677847504615784e-01,2.148950004577636719e+01
1.793030500411987305e+00,3.986611604690551758e+00
1.512594938278198242e+00,2.210000991821289062e+01
2.091561555862426758e+00,2.205500793457031250e+01
3.058489799499511719e+00,2.145558929443359375e+01
1.842510938644409180e+00,2.194524955749511719e+01
1.891462206840515137e+00,2.201244544982910156e+01
2.514851570129394531e+00,2.174775886535644531e+01
1.692414522171020508e+00,2.012762832641601562e+01
2.956308364868164062e+00,2.102957153320312500e+01
3.448790609836578369e-01,2.172620773315429688e+01
4.870953857898712158e-01,1.266707134246826172e+01
2.636362314224243164e+00,1.747962570190429688e+01
2.635672807693481445e+00,2.171040344238281250e+01
7.277192473411560059e-01,1.559476566314697266e+01
2.027063369750976562e+00,2.221346282958984375e+01
-7.772809267044067383e-01,6.449414730072021484e+00
3.989478826522827148e+00,1.506250858306884766e+01
2.768169164657592773e+00,2.099047470092773438e+01
2.373700380325317383e+00,2.219556999206542969e+01
9.343852847814559937e-02,1.600345993041992188e+01
2.104466199874877930e+00,1.386780643463134766e+01
5.325726866722106934e-01,2.210969352722167969e+01
2.100350856781005859e+00,2.082311439514160156e+01
2.058082371950149536e-01,1.120737743377685547e+01
-2.142079323530197144e-01,1.572699356079101562e+01
1.338608980178833008e+00,1.057039451599121094e+01
1.787035465240478516e+00,4.679090023040771484e+00
4.584825038909912109e+00,1.864540481567382812e+01
4.151685908436775208e-02,2.022968864440917969e+01
-5.000818967819213867e-01,1.387769985198974609e+01
2.165194511413574219e+00,2.156801414489746094e+01
3.337374925613403320e+00,2.104554748535156250e+01
3.647303819656372070e+00,1.404668045043945312e+01
2.123721837997436523e+00,2.173088073730468750e+01
2.198074340820312500e+00,1.005864810943603516e+01
2.395416975021362305e+00,2.209418869018554688e+01
4.292275905609130859e+00,1.502266979217529297e+01
1.701547861099243164e+00,1.196420764923095703e+01
5.289877653121948242e-01,1.905104446411132812e+01
1.460685729980468750e+00,1.651652145385742188e+01
4.666022300720214844e+00,1.696180152893066406e+01
1.274463653564453125e+00,2.049960708618164062e+01
1.393585324287414551e+00,-2.434176206588745117e+00
2.665322303771972656e+00,2.198222732543945312e+01
7.914786338806152344e-01,2.148552894592285156e+01
9.946191310882568359e-01,2.175441932678222656e+01
1.429109722375869751e-01,2.181882858276367188e+01
4.624668955802917480e-01,1.066302490234375000e+01
2.289518594741821289e+00,2.112785530090332031e+01
3.311953306198120117e+00,1.758983612060546875e+01
3.123461902141571045e-01,1.401551914215087891e+01
4.580157101154327393e-01,1.717881774902343750e+01
1.939890623092651367e+00,2.199826049804687500e+01
-8.494415134191513062e-02,1.021715641021728516e+01
6.907922625541687012e-01,2.210953521728515625e+01
2.318823575973510742e+00,2.120276832580566406e+01
1.477652549743652344e+00,-3.069953680038452148e+00
-5.612139701843261719e-01,1.863708114624023438e+01
8.023566007614135742e-01,1.114190959930419922e+01
8.722648024559020996e-01,1.996679306030273438e+01
1.623876929283142090e+00,2.225548553466796875e+01
6.264195442199707031e-01,2.204839706420898438e+01
1.686165571212768555e+00,2.244014930725097656e+01
2.108427524566650391e+00,2.205972862243652344e+01
2.011479854583740234e+00,1.535204696655273438e+01
6.825463771820068359e-01,1.452619457244873047e+01
8.548861145973205566e-01,1.313517189025878906e+01
1.143520101904869080e-01,2.181935310363769531e+01
5.595253780484199524e-02,1.238994884490966797e+01
1.735336899757385254e+00,1.093650341033935547e+01
2.138306140899658203e+00,2.161442375183105469e+01
4.162557601928710938e+00,1.978656387329101562e+01
2.532840967178344727e+00,2.162953758239746094e+01
3.873565673828125000e+00,2.024194908142089844e+01
3.275295495986938477e+00,2.103659248352050781e+01
9.068992137908935547e-01,1.881624603271484375e+01
1.823746562004089355e+00,1.218600177764892578e+01
2.615955114364624023e+00,1.959241867065429688e+01
9.872784018516540527e-01,1.832367515563964844e+01
1.204826831817626953e+00,2.120561408996582031e+01
1.708420157432556152e+00,2.089635276794433594e+01
-6.038432717323303223e-01,7.315970897674560547e+00
1.792771577835083008e+00,1.912848663330078125e+01
1.699018239974975586e+00,1.684274291992187500e+01
-2.982412576675415039e-01,1.236025428771972656e+01
4.633173942565917969e+00,1.788044166564941406e+01
2.781983613967895508e+00,1.807921600341796875e+01
-1.159135531634092331e-02,2.187302398681640625e+01
2.685906171798706055e+00,2.089866638183593750e+01
1.470793634653091431e-01,1.393418693542480469e+01
5.699906945228576660e-01,1.658765029907226562e+01
1.409316301345825195e+00,2.232361030578613281e+01
1.974009990692138672e+00,2.191199874877929688e+01
9.286292195320129395e-01,1.232644367218017578e+01
1.996456533670425415e-01,1.604042053222656250e+01
2.425150156021118164e+00,2.186265945434570312e+01
-2.943557202816009521e-01,2.164282226562500000e+01
2.139650583267211914e+00,2.155791091918945312e+01
1.823044300079345703e+00,1.944417572021484375e+01
3.186945021152496338e-01,8.990206718444824219e+00
1.209569096565246582e+00,1.053124713897705078e+01
2.370913475751876831e-01,1.377821540832519531e+01
2.348981618881225586e+00,2.173485946655273438e+01
1.529412031173706055e+00,1.671895599365234375e+01
1.197178840637207031e+00,1.396230220794677734e+01
6.701338887214660645e-01,1.166078090667724609e+01
-1.684862524271011353e-01,1.364150238037109375e+01
1.197491884231567383e+00,1.450288486480712891e+01
-2.496137470006942749e-01,2.121565246582031250e+01
3.247055292129516602e+00,1.805617904663085938e+01
-1.796028614044189453e-01,8.235540390014648438e+00
-6.998212337493896484e-01,5.252221107482910156e+00
2.389932155609130859e+00,2.104624176025390625e+01
1.479698181152343750e+00,2.191279602050781250e+01
-1.227326750755310059e+00,8.262726783752441406e+00
1.759229302406311035e+00,2.189506149291992188e+01
4.788066819310188293e-02,1.290494251251220703e+01
2.536749362945556641e+00,2.119688415527343750e+01
3.583229541778564453e+00,2.091756820678710938e+01
2.639965295791625977e+00,1.747576141357421875e+01
-3.816407620906829834e-01,2.137619781494140625e+01
1.957020998001098633e+00,1.729748153686523438e+01
9.931690692901611328e-01,1.781896400451660156e+01
5.352337360382080078e-01,2.182323837280273438e+01
-6.753726005554199219e-01,2.071234130859375000e+01
2.576309442520141602e+00,2.194503784179687500e+01
1.988130211830139160e+00,2.210547065734863281e+01
2.313762426376342773e+00,2.202677154541015625e+01
-4.197482168674468994e-01,1.748284149169921875e+01
1.999297618865966797e+00,1.946586608886718750e+01
1.314044147729873657e-01,2.171923637390136719e+01
3.713020801544189453e+00,2.030583572387695312e+01
-1.209429979324340820e+00,8.893849372863769531e+00
1.579915046691894531e+00,1.964841079711914062e+01
3.082430601119995117e+00,2.117901992797851562e+01
2.220205068588256836e+00,2.208068847656250000e+01
1.805291891098022461e+00,2.042876815795898438e+01
2.229949474334716797e+00,1.973731613159179688e+01
3.569974184036254883e+00,1.490825080871582031e+01
4.671178162097930908e-01,2.198743057250976562e+01
-7.871252298355102539e-01,1.956712532043457031e+01
1.068690299987792969e+00,1.647128677368164062e+01
3.517962396144866943e-01,2.101313018798828125e+01
1.066740512847900391e+00,2.233305740356445312e+01
1.413512706756591797e+00,2.037396621704101562e+01
2.370536327362060547e+00,2.178023147583007812e+01
2.448019981384277344e+00,1.746354293823242188e+01
2.601583957672119141e+00,2.158753967285156250e+01
7.580240368843078613e-01,7.319880485534667969e+00
1.585431337356567383e+00,2.212976074218750000e+01
3.279756784439086914e+00,2.120963287353515625e+01
2.647003412246704102e+00,2.180031013488769531e+01
1.104846715927124023e+00,2.178153038024902344e+01
1.576356172561645508e+00,2.223416519165039062e+01
1.847183853387832642e-01,7.866973876953125000e+00
1.485521078109741211e+00,2.009703254699707031e+01
1.548904657363891602e+00,1.612750434875488281e+01
8.827164173126220703e-01,1.840906143188476562e+01
1.649935603141784668e+00,2.044285964965820312e+01
1.146292567253112793e+00,2.047300529479980469e+01
3.917999565601348877e-01,1.354534816741943359e+01
5.569264888763427734e-01,2.208402442932128906e+01
2.944154500961303711e+00,1.884876251220703125e+01
3.388438463211059570e+00,2.130212593078613281e+01
3.613931655883789062e+00,2.070456314086914062e+01
1.558139801025390625e+00,1.614153099060058594e+01
1.655750036239624023e+00,1.411847782135009766e+01
4.177976846694946289e-01,6.274888515472412109e+00
-1.657177448272705078e+00,1.379761981964111328e+01
2.160676002502441406e+00,2.015863800048828125e+01
1.720940947532653809e+00,1.872192001342773438e+01
2.582251310348510742e+00,2.120537757873535156e+01
1.621493101119995117e+00,1.596618747711181641e+01
2.330650568008422852e+00,2.176021575927734375e+01
7.266302704811096191e-01,2.226396942138671875e+01
5.956302881240844727e-01,1.370339298248291016e+01
9.886355996131896973e-01,1.438447666168212891e+01
1.093034267425537109e+00,2.210257911682128906e+01
1.641272902488708496e+00,2.069226837158203125e+01
1.023783206939697266e+00,1.797104835510253906e+01
3.264642059803009033e-01,2.002636528015136719e+01
2.675448656082153320e+00,2.124872589111328125e+01
-6.437983512878417969e-01,1.977787780761718750e+01
-8.434122204780578613e-01,8.593728065490722656e+00
2.642717123031616211e+00,2.160903167724609375e+01
-5.183665752410888672e-01,6.969089031219482422e+00
1.478606462478637695e+00,2.015945816040039062e+01
2.191387891769409180e+00,2.222142982482910156e+01
-4.978416487574577332e-02,1.603176689147949219e+01
-2.850529849529266357e-01,2.130102920532226562e+01
2.983021259307861328e+00,1.780743408203125000e+01
4.182312190532684326e-01,1.223918628692626953e+01
2.954244852066040039e+00,1.624163436889648438e+01
3.224797487258911133e+00,2.149676704406738281e+01
8.082773536443710327e-02,2.187090873718261719e+01
3.172487020492553711e+00,2.109611892700195312e+01
1.853323698043823242e+00,2.190940093994140625e+01
7.890216112136840820e-01,2.139130020141601562e+01
1.115403994917869568e-01,1.137903976440429688e+01
2.256376028060913086e+00,2.104583549499511719e+01
2.278897285461425781e+00,2.203285217285156250e+01
6.585106253623962402e-01,2.213978195190429688e+01
3.636688470840454102e+00,2.000791931152343750e+01
2.518734037876129150e-01,1.696257019042968750e+01
2.213685661554336548e-01,2.170723533630371094e+01
1.012544855475425720e-01,2.146731948852539062e+01
3.312740802764892578e+00,2.122265625000000000e+01
3.382327795028686523e+00,2.063117980957031250e+01
1.833396911621093750e+00,1.198025131225585938e+01
2.321293115615844727e+00,1.724090957641601562e+01
3.252802133560180664e+00,2.061172866821289062e+01
-3.131743967533111572e-01,1.852895736694335938e+01
1.731057167053222656e+00,2.076239776611328125e+01
6.546130031347274780e-02,1.449870395660400391e+01
1.368193745613098145e+00,1.822486305236816406e+01
2.065122127532958984e+00,2.068405151367187500e+01
3.042170763015747070e+00,1.844376564025878906e+01
2.291373491287231445e+00,2.186458587646484375e+01
2.729995012283325195e+00,2.193436050415039062e+01
6.585687994956970215e-01,2.212599945068359375e+01
1.963311195373535156e+00,1.683291816711425781e+01
2.044670820236206055e+00,2.208548736572265625e+01
-1.244851723313331604e-01,1.938595771789550781e+01
1.867839455604553223e+00,2.196565055847167969e+01
1.617119193077087402e+00,2.228937530517578125e+01
2.247940450906753540e-01,1.184543228149414062e+01
1.582403898239135742e+00,2.226938247680664062e+01
2.484232902526855469e+00,2.171520614624023438e+01
1.028784036636352539e+00,2.230512046813964844e+01
-1.104171052575111389e-01,1.359211254119873047e+01
1.489460945129394531e+00,2.008535385131835938e+01
1.211648702621459961e+00,2.173233032226562500e+01
1.508318662643432617e+00,1.518267631530761719e+01
2.099328279495239258e+00,2.184853935241699219e+01
1.451612472534179688e+00,2.164808654785156250e+01
7.809188365936279297e-01,1.085965919494628906e+01
4.324494898319244385e-01,9.559370994567871094e+00
1.231834530830383301e+00,1.774690628051757812e+01
2.601365745067596436e-01,2.111344528198242188e+01
8.823662400245666504e-01,1.271820640563964844e+01
3.447936058044433594e+00,1.977539825439453125e+01
2.574837446212768555e+00,2.075071144104003906e+01
2.218160390853881836e+00,2.056905364990234375e+01
6.998753547668457031e-01,2.198046875000000000e+01
2.332546234130859375e+00,2.207622909545898438e+01
1.221807003021240234e+00,2.209123039245605469e+01
-1.008310690522193909e-01,1.442942333221435547e+01
8.388770222663879395e-01,2.160167694091796875e+01
2.906538724899291992e+00,2.148705291748046875e+01
2.779481172561645508e+00,2.114937210083007812e+01
1.529798865318298340e+00,2.197884750366210938e+01
3.145001411437988281e+00,2.070811462402343750e+01
8.165981173515319824e-01,2.187755393981933594e+01
-1.314856529235839844e+00,1.001243495941162109e+01
2.078658580780029297e+00,2.212173652648925781e+01
1.071879982948303223e+00,2.188883209228515625e+01
1.713760733604431152e+00,1.720345306396484375e+01
2.946935415267944336e+00,2.126654052734375000e+01
1.528972506523132324e+00,2.066709899902343750e+01
2.416354179382324219e+00,2.024371337890625000e+01
1.108486890792846680e+00,2.189098930358886719e+01
2.852786779403686523e+00,2.158250045776367188e+01
1.790585517883300781e+00,1.525874328613281250e+01
2.941359579563140869e-01,1.720634078979492188e+01
3.060081958770751953e+00,2.135788345336914062e+01
2.187118768692016602e+00,2.186989784240722656e+01
2.668077707290649414e+00,2.124873733520507812e+01
4.023752212524414062e+00,1.773348617553710938e+01
2.779751062393188477e+00,2.170097541809082031e+01
-7.035326957702636719e-01,9.340471267700195312e+00
1.585292577743530273e+00,2.165607070922851562e+01
4.695298194885253906e+00,1.821452903747558594e+01
1.197155237197875977e+00,1.733630752563476562e+01
1.557717084884643555e+00,2.051851272583007812e+01
3.402183949947357178e-01,1.551828956604003906e+01
1.137350440025329590e+00,2.074156188964843750e+01
7.213268876075744629e-01,1.340025234222412109e+01
1.154782056808471680e+00,2.190539169311523438e+01
2.504039525985717773e+00,2.114316940307617188e+01
1.347196459770202637e+00,1.028361225128173828e+01
2.042189598083496094e+00,1.621064376831054688e+01
1.255121707916259766e+00,2.224761581420898438e+01
2.161775588989257812e+00,1.827740859985351562e+01
1.077945470809936523e+00,2.226470375061035156e+01
2.393164485692977905e-01,3.747148275375366211e+00
1.668630242347717285e+00,1.818106460571289062e+01
2.063191652297973633e+00,2.210756683349609375e+01
2.554970502853393555e+00,2.174349403381347656e+01
2.107181310653686523e+00,2.202384948730468750e+01
2.432804107666015625e+00,2.191497802734375000e+01
-3.459970057010650635e-01,1.564137172698974609e+01
1.857122421264648438e+00,2.140507316589355469e+01
1.343570470809936523e+00,2.234264755249023438e+01
1.252519369125366211e+00,2.036482238769531250e+01
1.831855773925781250e+00,1.804688262939453125e+01
2.093538045883178711e+00,1.746291351318359375e+01
-8.343598991632461548e-02,1.519688892364501953e+01
2.943148374557495117e+00,1.211525249481201172e+01
1.323080062866210938e+00,2.226736068725585938e+01
3.761819899082183838e-01,1.348114204406738281e+01
-3.122042119503021240e-01,1.384508037567138672e+01
2.173420429229736328e+00,1.506065750122070312e+01
1.008727312088012695e+00,1.394766521453857422e+01
-7.534698843955993652e-01,1.931435394287109375e+01
2.073688983917236328e+00,1.915766143798828125e+01
5.641202926635742188e-01,2.207793807983398438e+01
1.092277765274047852e+00,1.333716678619384766e+01
1.537998199462890625e+00,1.958611106872558594e+01
3.108254194259643555e+00,2.135209274291992188e+01
7.748352885246276855e-01,1.752112770080566406e+01
8.405146002769470215e-01,2.180363845825195312e+01
3.102017641067504883e+00,1.982153129577636719e+01
-4.389961361885070801e-01,1.322437381744384766e+01
1.831455469131469727e+00,1.348180484771728516e+01
1.528961658477783203e+00,1.701902008056640625e+01
3.390273332595825195e+00,1.830657005310058594e+01
1.941502094268798828e+00,1.259107971191406250e+01
1.746019840240478516e+00,1.681969451904296875e+01
4.433625221252441406e+00,1.940587806701660156e+01
2.352878808975219727e+00,2.189327812194824219e+01
2.331847906112670898e+00,2.186321258544921875e+01
3.227989912033081055e+00,2.156924438476562500e+01
2.045428514480590820e+00,2.215607833862304688e+01
4.165424823760986328e+00,1.887057113647460938e+01
2.325706958770751953e+00,2.100705718994140625e+01
1.515971660614013672e+00,1.891870117187500000e+01
1.086004972457885742e+00,1.499071025848388672e+01
1.085523247718811035e+00,2.203721618652343750e+01
2.110135316848754883e+00,2.195829772949218750e+01
6.937138438224792480e-01,2.208349609375000000e+01
1.750886678695678711e+00,2.026630783081054688e+01
3.095799446105957031e+00,2.108300590515136719e+01
5.226339101791381836e-01,1.963625144958496094e+01
2.156909227371215820e+00,2.200105285644531250e+01
1.789673805236816406e+00,2.227370834350585938e+01
-3.745792433619499207e-02,1.066932392120361328e+01
1.766165971755981445e+00,2.194392013549804688e+01
-2.266173213720321655e-01,1.302365589141845703e+01
3.307126283645629883e+00,1.640670013427734375e+01
1.399631053209304810e-01,2.062364387512207031e+01
3.979958295822143555e+00,1.966573905944824219e+01
5.891964435577392578e-01,1.835738539695739746e+00
2.112328529357910156e+00,1.615750122070312500e+01
1.524025678634643555e+00,2.158074378967285156e+01
1.200924396514892578e+00,1.709097099304199219e+01
1.335353493690490723e+00,1.496522045135498047e+01
-9.458849430084228516e-01,1.991700363159179688e+01
4.030509665608406067e-02,2.088871002197265625e+01
2.910581588745117188e+00,2.116013717651367188e+01
1.332086563110351562e+00,1.920116233825683594e+01
1.804584264755249023e+00,1.972831726074218750e+01
1.505873084068298340e+00,2.195814704895019531e+01
7.335071563720703125e-01,2.211279296875000000e+01
6.644647121429443359e-01,7.477310180664062500e+00
2.504056692123413086e+00,1.480260562896728516e+01
7.817716002464294434e-01,-1.717059016227722168e+00
2.150747776031494141e+00,2.093951034545898438e+01
1.489419221878051758e+00,2.224342918395996094e+01
3.401704072952270508e+00,2.064880752563476562e+01
1.548104405403137207e+00,1.588318634033203125e+01
4.469415843486785889e-01,1.843962097167968750e+01
1.140907406806945801e+00,2.203327178955078125e+01
2.179780006408691406e+00,2.229004859924316406e+01
3.842295646667480469e+00,1.949656677246093750e+01
-8.763822913169860840e-01,2.043529891967773438e+01
1.598991394042968750e+00,2.213395309448242188e+01
-9.605664014816284180e-01,1.550495243072509766e+01
1.971665978431701660e+00,2.217283248901367188e+01
1.825076818466186523e+00,1.957287025451660156e+01
5.181586742401123047e-01,2.170089149475097656e+01
7.401939034461975098e-01,2.202771949768066406e+01
3.102156639099121094e+00,2.127501678466796875e+01
2.483931779861450195e+00,2.188206481933593750e+01
5.097881555557250977e-01,2.194310379028320312e+01
1.917046427726745605e+00,9.109023213386535645e-01
1.025691032409667969e+00,1.923042678833007812e+01
1.493700504302978516e+00,1.611930274963378906e+01
2.770960032939910889e-01,9.601927757263183594e+00
9.448965638875961304e-02,1.141709423065185547e+01
2.127455949783325195e+00,2.200362777709960938e+01
2.018775701522827148e+00,2.201013183593750000e+01
1.714309453964233398e+00,1.802287673950195312e+01
2.567386388778686523e+00,2.173038101196289062e+01
1.413499236106872559e+00,2.231984710693359375e+01
3.991793870925903320e+00,2.036636734008789062e+01
1.402768015861511230e+00,-2.684967279434204102e+00
2.697166502475738525e-01,2.166981124877929688e+01
1.751340031623840332e+00,2.203863525390625000e+01
1.554548501968383789e+00,2.219766426086425781e+01
8.627300709486007690e-02,1.381840038299560547e+01
2.474232196807861328e+00,2.197256088256835938e+01
8.135953545570373535e-01,2.172983932495117188e+01
2.447268247604370117e+00,1.725519943237304688e+01
1.523072004318237305e+00,2.208857345581054688e+01
6.445245146751403809e-01,2.106817626953125000e+01
7.347419261932373047e-01,2.048834609985351562e+01
3.299397230148315430e+00,2.134363937377929688e+01
3.595772266387939453e+00,2.082970809936523438e+01
1.392813444137573242e+00,1.987470626831054688e+01
1.743928432464599609e+00,2.214684677124023438e+01
8.715479373931884766e-01,1.506331348419189453e+01
4.506331980228424072e-01,1.401191043853759766e+01
9.379008412361145020e-01,2.226460266113281250e+01
-4.208665788173675537e-01,1.300694942474365234e+01
2.037575721740722656e+00,2.197345161437988281e+01
2.966957807540893555e+00,2.167516708374023438e+01
1.333469867706298828e+00,1.474141407012939453e+01
2.222367048263549805e+00,1.838493156433105469e+01
2.490499258041381836e+00,2.193342971801757812e+01
-5.217847824096679688e-01,8.481617927551269531e+00
1.350930213928222656e+00,1.695595550537109375e+01
3.491187393665313721e-01,1.419306850433349609e+01
-8.772517442703247070e-01,1.078042626380920410e+00
1.981198549270629883e+00,2.127459335327148438e+01
2.292943000793457031e+00,2.202522659301757812e+01
1.534884691238403320e+00,2.236511802673339844e+01
7.492819428443908691e-01,2.195247650146484375e+01
-6.399936676025390625e-01,4.641311168670654297e+00
4.099375247955322266e+00,2.004888916015625000e+01
6.951901912689208984e-01,2.110251998901367188e+01
1.229067564010620117e+00,1.169523620605468750e+01
1.477484464645385742e+00,2.178929710388183594e+01
1.321146368980407715e+00,1.414265251159667969e+01
1.471507787704467773e+00,2.076701354980468750e+01
2.214027166366577148e+00,2.220618057250976562e+01
1.719905585050582886e-01,1.142666339874267578e+01
-2.439525574445724487e-01,9.661589622497558594e+00
1.330668449401855469e+00,1.687923431396484375e+01
1.857702732086181641e+00,2.196105766296386719e+01
1.781850814819335938e+00,2.235208892822265625e+01
1.932735919952392578e+00,2.037894821166992188e+01
3.722790956497192383e+00,2.040820693969726562e+01
7.260001897811889648e-01,1.325901889801025391e+01
-3.260341584682464600e-01,7.656207561492919922e+00
2.075750112533569336e+00,2.166839027404785156e+01
1.639758110046386719e+00,1.670630836486816406e+01
3.902757406234741211e+00,1.829060363769531250e+01
3.081625223159790039e+00,1.875511932373046875e+01
1.080431938171386719e+00,1.648751068115234375e+01
1.770726323127746582e+00,2.205476760864257812e+01
2.562229335308074951e-01,-1.335601687431335449e+00
2.197944402694702148e+00,2.030160140991210938e+01
1.787939071655273438e+00,2.226021575927734375e+01
2.454246282577514648e+00,2.179337501525878906e+01
1.752877682447433472e-01,1.208347702026367188e+01
3.230567216873168945e+00,2.138059425354003906e+01
3.311939239501953125e+00,2.082279014587402344e+01
-1.835794374346733093e-02,1.198244190216064453e+01
8.789924979209899902e-01,1.927186965942382812e+01
2.843808233737945557e-01,2.141772460937500000e+01
3.789294004440307617e+00,2.090772247314453125e+01
2.866972684860229492e+00,2.159532928466796875e+01
4.223806381225585938e+00,1.940934753417968750e+01
3.037794351577758789e+00,2.149546051025390625e+01
1.001504302024841309e+00,1.155662059783935547e+01
-8.854874372482299805e-01,4.083166122436523438e+00
2.665689706802368164e+00,2.209867477416992188e+01
6.311607360839843750e-01,2.215240669250488281e+01
3.670910358428955078e+00,1.621487998962402344e+01
-2.275563627481460571e-01,6.828016757965087891e+00
1.069034934043884277e+00,1.925712585449218750e+01
2.061139345169067383e+00,1.467378425598144531e+01
1.941446810960769653e-01,1.378228187561035156e+01
-7.034304738044738770e-01,1.046655941009521484e+01
1.860206484794616699e+00,2.134711837768554688e+01
1.590747356414794922e+00,2.233802413940429688e+01
2.711111068725585938e+00,2.186863327026367188e+01
3.702075242996215820e+00,1.409665870666503906e+01
1.970773220062255859e+00,2.173454856872558594e+01
1.763797521591186523e+00,2.013672256469726562e+01
-1.151908114552497864e-01,1.369060897827148438e+01
1.921953558921813965e+00,2.200437164306640625e+01
1.867228031158447266e+00,2.165584945678710938e+01
2.571114778518676758e+00,2.113475799560546875e+01
1.195929527282714844e+00,1.887552452087402344e+01
2.268094778060913086e+00,2.206359863281250000e+01
1.344479084014892578e+00,2.222833824157714844e+01
1.645430684089660645e+00,2.152297973632812500e+01
3.009055376052856445e+00,1.781541061401367188e+01
1.020403861999511719e+00,2.226471328735351562e+01
1.623118877410888672e+00,2.215977859497070312e+01
2.736603498458862305e+00,2.167738723754882812e+01
3.344982862472534180e+00,2.105468750000000000e+01
1.625061035156250000e+00,2.219851493835449219e+01
1.207386732101440430e+00,1.756423568725585938e+01
3.083135366439819336e+00,2.145790100097656250e+01
2.476007223129272461e+00,2.203384017944335938e+01
2.754252195358276367e+00,2.191759681701660156e+01
-7.025633007287979126e-02,1.598803901672363281e+01
3.647779524326324463e-01,1.429201984405517578e+01
4.786081314086914062e-01,7.896472454071044922e+00
-1.137617006897926331e-01,1.246846866607666016e+01
2.847645044326782227e+00,2.174562263488769531e+01
7.922736406326293945e-01,1.487912559509277344e+01
1.449446916580200195e+00,2.225738716125488281e+01
-5.650525093078613281e-01,2.012684249877929688e+01
1.458649396896362305e+00,2.193676757812500000e+01
2.514297246932983398e+00,2.191454315185546875e+01
-1.511226147413253784e-01,1.883077621459960938e+01
1.677291631698608398e+00,1.641984939575195312e+01
2.972212076187133789e+00,1.459110069274902344e+01
9.780430793762207031e-01,8.250830650329589844e+00
3.505430698394775391e+00,1.469482421875000000e+01
2.470688104629516602e+00,2.167231559753417969e+01
1.113704919815063477e+00,1.263612461090087891e+01
8.112967610359191895e-01,2.096673583984375000e+01
1.518485307693481445e+00,1.622464752197265625e+01
2.318228960037231445e+00,2.199096679687500000e+01
9.346307516098022461e-01,1.586415004730224609e+01
1.950383901596069336e+00,2.223381423950195312e+01
2.404858827590942383e+00,1.979594612121582031e+01
2.370500087738037109e+00,2.202422714233398438e+01
1.683619499206542969e+00,2.195881843566894531e+01
3.947360813617706299e-01,1.919114303588867188e+01
2.364015340805053711e+00,2.207820701599121094e+01
-4.810995981097221375e-02,1.322734546661376953e+01
5.207273364067077637e-01,1.291623401641845703e+01
2.971376419067382812e+00,2.170790100097656250e+01
5.771743059158325195e-01,2.043621444702148438e+01
5.741934180259704590e-01,2.205241584777832031e+01
2.367067098617553711e+00,2.203837203979492188e+01
1.262859821319580078e+00,1.336186695098876953e+01
2.707380354404449463e-01,1.536094951629638672e+01
1.872209310531616211e+00,1.733953475952148438e+01
2.261001586914062500e+00,1.918563270568847656e+01
2.511808633804321289e+00,2.088531494140625000e+01
4.478349685668945312e+00,1.942852020263671875e+01
2.190704584121704102e+00,2.155572509765625000e+01
9.046558141708374023e-01,1.831418991088867188e+01
8.537428975105285645e-01,1.933355522155761719e+01
2.053057432174682617e+00,2.215984535217285156e+01
1.771591067314147949e+00,2.235800933837890625e+01
2.761729717254638672e+00,2.165621948242187500e+01
-3.439065515995025635e-01,1.120295238494873047e+01
2.600871086120605469e+00,1.737245559692382812e+01
-4.626033604145050049e-01,2.139595603942871094e+01
3.291293382644653320e+00,2.153854179382324219e+01
1.413805007934570312e+00,2.169399261474609375e+01
2.240610361099243164e+00,1.977291870117187500e+01
9.575682878494262695e-01,1.397583770751953125e+01
2.975285053253173828e+00,2.162749481201171875e+01
3.049259424209594727e+00,2.172189331054687500e+01
2.459625720977783203e+00,2.203915405273437500e+01
1.227522492408752441e+00,2.213014984130859375e+01
2.906504631042480469e+00,2.053687286376953125e+01
5.535449385643005371e-01,2.201494979858398438e+01
2.423892736434936523e+00,2.119289016723632812e+01
2.695691585540771484e+00,2.140727043151855469e+01
5.164640545845031738e-01,1.281365108489990234e+01
1.092272520065307617e+00,2.072650527954101562e+01
-5.259588360786437988e-01,1.132919979095458984e+01
-3.392205536365509033e-01,1.179036235809326172e+01
2.249805688858032227e+00,1.169253826141357422e+01
2.283191680908203125e+00,2.162550544738769531e+01
7.226823568344116211e-01,1.322675609588623047e+01
-4.925150573253631592e-01,1.129886341094970703e+01
1.720440149307250977e+00,2.231679916381835938e+01
2.402201414108276367e+00,2.197314834594726562e+01
6.122885346412658691e-01,1.398398399353027344e+01
4.223106861114501953e+00,1.942484283447265625e+01
2.882885932922363281e+00,2.149081230163574219e+01
2.913930177688598633e+00,1.970582771301269531e+01
3.392024040222167969e+00,1.945669555664062500e+01
2.621131896972656250e+00,2.186520004272460938e+01
-1.653495728969573975e-01,9.835762023925781250e+00
1.253499984741210938e+00,1.235546016693115234e+01
2.388265371322631836e+00,1.559659290313720703e+01
6.459673047065734863e-01,1.605087661743164062e+01
9.459437131881713867e-01,1.793558502197265625e+01
2.280759811401367188e+00,2.180931854248046875e+01
1.348476648330688477e+00,1.531719684600830078e+01
4.569790840148925781e+00,1.471952915191650391e+01
2.764158964157104492e+00,2.179754066467285156e+01
7.322927564382553101e-02,1.796566009521484375e+01
-1.244324222207069397e-01,1.831983566284179688e+01
2.807754874229431152e-01,1.089645195007324219e+01
1.351939201354980469e+00,1.370396327972412109e+01
1.199636697769165039e+00,2.122597122192382812e+01
1.059503778815269470e-01,2.158187103271484375e+01
3.940929770469665527e-01,8.194625854492187500e+00
1.808135509490966797e+00,1.112922573089599609e+01
4.419526576995849609e+00,1.900577163696289062e+01
3.195191621780395508e+00,2.132373046875000000e+01
3.182162761688232422e+00,2.107010650634765625e+01
3.892424345016479492e+00,1.873172760009765625e+01
5.222339034080505371e-01,2.047885322570800781e+01
1.779324531555175781e+00,2.192601013183593750e+01
1.603235483169555664e+00,2.236666297912597656e+01
-1.668929308652877808e-01,1.826256942749023438e+01
2.283281326293945312e+00,2.181282043457031250e+01
7.675717473030090332e-01,9.930057525634765625e+00
3.697702169418334961e+00,2.070491027832031250e+01
-5.718685388565063477e-01,1.430505847930908203e+01
2.361341238021850586e+00,1.997691726684570312e+01
-5.683909654617309570e-01,1.393648242950439453e+01
2.161210536956787109e+00,2.153706550598144531e+01
-1.262013316154479980e+00,8.836268424987792969e+00
1.039070710539817810e-01,2.145382881164550781e+01
2.333853393793106079e-01,1.940402984619140625e+01
8.852699398994445801e-01,2.099765205383300781e+01
2.684463739395141602e+00,1.829602622985839844e+01
6.606717109680175781e-01,2.224990844726562500e+01
2.128099918365478516e+00,1.130214309692382812e+01
7.953413128852844238e-01,1.822646903991699219e+01
5.442703962326049805e-01,1.373020839691162109e+01
9.159696102142333984e-01,1.380457210540771484e+01
1.550475358963012695e+00,2.239373207092285156e+01
2.047051668167114258e+00,2.019317626953125000e+01
4.165017127990722656e+00,1.957276535034179688e+01
5.018641352653503418e-01,1.395878028869628906e+01
1.006088376045227051e+00,2.141957855224609375e+01
2.962988615036010742e+00,2.161672210693359375e+01
-1.028884425759315491e-01,2.148702621459960938e+01
1.782968759536743164e+00,2.193110084533691406e+01
1.810924887657165527e+00,2.085726928710937500e+01
2.403212934732437134e-01,1.251761436462402344e+01
1.481199383735656738e+00,1.773274230957031250e+01
2.118578433990478516e+00,2.202323913574218750e+01
1.117703437805175781e+00,2.063232231140136719e+01
9.889145940542221069e-02,2.165703392028808594e+01
3.384921550750732422e+00,2.129757690429687500e+01
1.390852928161621094e+00,1.988960075378417969e+01
3.014809608459472656e+00,2.111863517761230469e+01
1.179096579551696777e+00,1.923732948303222656e+01
1.926925778388977051e+00,2.219701004028320312e+01
2.397950887680053711e+00,2.203915023803710938e+01
4.362837314605712891e+00,1.780853652954101562e+01
1.424425601959228516e+00,1.505400753021240234e+01
7.545869350433349609e-01,2.082925796508789062e+01
5.912888646125793457e-01,1.949112319946289062e+01
1.810600996017456055e+00,1.774942398071289062e+01
6.712858676910400391e-01,1.241612052917480469e+01
2.998542547225952148e+00,1.519599819183349609e+01
3.565327405929565430e+00,1.287269115447998047e+01
1.515404224395751953e+00,2.220974731445312500e+01
2.518093347549438477e+00,2.190795135498046875e+01
2.808517217636108398e+00,2.156124114990234375e+01
7.082196474075317383e-01,1.567698097229003906e+01
8.754884451627731323e-02,1.160590648651123047e+01
9.639507532119750977e-01,2.035249519348144531e+01
4.211470603942871094e+00,1.794554138183593750e+01
2.437789201736450195e+00,2.151035690307617188e+01
7.249794006347656250e-01,2.192712783813476562e+01
2.133924722671508789e+00,1.881608581542968750e+01
2.428428083658218384e-01,1.241482830047607422e+01
1.355859279632568359e+00,2.233831024169921875e+01
2.510161638259887695e+00,2.157715988159179688e+01
1.235425472259521484e+00,2.233874511718750000e+01
2.334805727005004883e+00,2.207299423217773438e+01
8.687428236007690430e-01,1.516763973236083984e+01
1.790303230285644531e+00,2.227200889587402344e+01
-2.147170752286911011e-01,2.132365036010742188e+01
1.218489527702331543e+00,2.170260810852050781e+01
-3.254173696041107178e-01,7.857225894927978516e+00
1.471689462661743164e+00,1.476001453399658203e+01
1.346206307411193848e+00,1.807517242431640625e+01
2.004649877548217773e+00,1.885104751586914062e+01
1.389375686645507812e+00,1.571364116668701172e+01
-1.914624497294425964e-02,1.625204849243164062e+01
3.413745164871215820e+00,2.112699508666992188e+01
1.324069976806640625e+00,2.172856903076171875e+01
1.117277666926383972e-01,1.365279674530029297e+01
6.590875387191772461e-01,2.192121505737304688e+01
7.739199995994567871e-01,1.032202243804931641e+01
3.174587011337280273e+00,2.115781021118164062e+01
7.144113779067993164e-01,1.775110626220703125e+01
1.288811206817626953e+00,1.385592174530029297e+01
2.442199468612670898e+00,2.220155525207519531e+01
-3.113082051277160645e-01,1.152282619476318359e+01
1.916713356971740723e+00,2.078442001342773438e+01
2.396665066480636597e-01,1.268687057495117188e+01
2.360899686813354492e+00,1.926535034179687500e+01
2.510415077209472656e+00,2.203771781921386719e+01
8.631627559661865234e-01,1.091510200500488281e+01
2.183097124099731445e+00,2.192612838745117188e+01
2.174866050481796265e-01,8.004117012023925781e+00
-3.770426809787750244e-01,7.794497966766357422e+00
7.173278927803039551e-01,1.785406112670898438e+01
1.782771825790405273e+00,2.144090461730957031e+01
3.363621473312377930e+00,2.089623260498046875e+01
1.880704313516616821e-01,2.037387275695800781e+01
2.005481243133544922e+00,2.184717750549316406e+01
2.448921918869018555e+00,2.171366119384765625e+01
3.877377271652221680e+00,2.076775550842285156e+01
7.901282906532287598e-01,1.857326889038085938e+01
9.227836132049560547e-01,2.114858627319335938e+01
2.753581762313842773e+00,2.176494979858398438e+01
1.534036993980407715e+00,2.039537811279296875e+01
1.483664989471435547e+00,2.161319732666015625e+01
1.753543615341186523e+00,2.228167915344238281e+01
1.989565849304199219e+00,2.184416007995605469e+01
2.982168912887573242e+00,2.140512466430664062e+01
2.280873060226440430e+00,2.007795333862304688e+01
2.155658006668090820e+00,2.225158119201660156e+01
1.794775873422622681e-01,1.862808227539062500e+01
4.990700781345367432e-01,1.393126964569091797e+01
3.159368753433227539e+00,2.136678314208984375e+01
3.823073625564575195e+00,2.010986900329589844e+01
3.578895568847656250e+00,2.098811340332031250e+01
2.292086839675903320e+00,2.214726638793945312e+01
3.017636537551879883e+00,2.079363059997558594e+01
2.235708236694335938e+00,2.217942428588867188e+01
3.404260873794555664e+00,-1.604662060737609863e+00
1.315566778182983398e+00,1.169171047210693359e+01
3.482585668563842773e+00,2.075076675415039062e+01
2.807416200637817383e+00,1.135451984405517578e+01
1.206250429153442383e+00,1.597687721252441406e+01
1.642759680747985840e+00,1.859667968750000000e+01
4.118945896625518799e-01,1.363072109222412109e+01
2.773336172103881836e+00,2.109994888305664062e+01
2.735037565231323242e+00,2.144148635864257812e+01
4.315485060214996338e-01,2.186941146850585938e+01
2.200520753860473633e+00,2.019688796997070312e+01
4.292502701282501221e-01,1.481384181976318359e+01
3.077165126800537109e+00,2.129864120483398438e+01
1.530981302261352539e+00,1.817197799682617188e+01
1.144398570060729980e+00,1.242144107818603516e+01
2.623845577239990234e+00,2.205652618408203125e+01
-1.221711397171020508e+00,1.874963760375976562e+01
3.203287363052368164e+00,2.110971832275390625e+01
2.156811237335205078e+00,2.195320320129394531e+01
1.817324042320251465e+00,2.117495346069335938e+01
1.827945470809936523e+00,2.197701835632324219e+01
-7.336691617965698242e-01,1.178800201416015625e+01
1.815056800842285156e+00,2.178714752197265625e+01
1.683819770812988281e+00,1.701975631713867188e+01
7.743366360664367676e-01,1.788097190856933594e+01
1.120779275894165039e+00,2.143827056884765625e+01
3.766258716583251953e+00,1.973690795898437500e+01
1.666196465492248535e+00,2.068787956237792969e+01
1.787743330001831055e+00,2.124423980712890625e+01
2.264266163110733032e-01,1.456692981719970703e+01
2.368399381637573242e+00,2.053063964843750000e+01
1.143167614936828613e+00,1.534005165100097656e+01
-1.577558964490890503e-01,1.937139892578125000e+01
1.153901219367980957e+00,2.169623565673828125e+01
-3.666071593761444092e-01,2.158721923828125000e+01
2.598092317581176758e+00,2.169440841674804688e+01
1.728808164596557617e+00,2.217732048034667969e+01
7.647479176521301270e-01,1.928257369995117188e+01
2.166466474533081055e+00,2.044449234008789062e+01
1.320741891860961914e+00,2.225378036499023438e+01
4.176764011383056641e+00,1.981434631347656250e+01
7.946429848670959473e-01,1.733809471130371094e+01
-1.087970137596130371e+00,1.874353790283203125e+01
2.543613195419311523e+00,1.782471847534179688e+01
6.888816952705383301e-01,1.473116111755371094e+01
2.817490100860595703e+00,2.178083038330078125e+01
1.483196258544921875e+00,3.490494012832641602e+00
9.854414463043212891e-01,1.271877956390380859e+01
-4.205719530582427979e-01,1.371107578277587891e+01
1.092669963836669922e+00,2.225764083862304688e+01
1.466130614280700684e+00,2.125098991394042969e+01
6.954874843358993530e-02,1.841885185241699219e+01
4.440999507904052734e+00,1.928969955444335938e+01
1.974101811647415161e-01,1.246830558776855469e+01
3.684085130691528320e+00,2.046689033508300781e+01
2.435659646987915039e+00,2.213086700439453125e+01
4.030149459838867188e+00,2.024799728393554688e+01
1.742707043886184692e-01,2.195570755004882812e+01
2.433852910995483398e+00,2.181061172485351562e+01
-5.393821001052856445e-01,1.738033485412597656e+01
5.332301855087280273e-01,9.245226860046386719e+00
5.738088488578796387e-01,1.433284473419189453e+01
-4.997644945979118347e-02,2.138770866394042969e+01
2.015607833862304688e+00,2.206868743896484375e+01
1.978921413421630859e+00,2.220236968994140625e+01
-7.580356001853942871e-01,8.587023735046386719e+00
2.187573164701461792e-01,1.189812374114990234e+01
-8.008325099945068359e-01,1.447828960418701172e+01
-5.451202988624572754e-01,1.090073490142822266e+01
2.225032001733779907e-01,2.182053756713867188e+01
1.957143187522888184e+00,2.211779212951660156e+01
2.221896648406982422e+00,2.192404556274414062e+01
2.083611726760864258e+00,2.203899192810058594e+01
2.038686752319335938e+00,2.176998519897460938e+01
2.613538980484008789e+00,2.124132728576660156e+01
2.932077407836914062e+00,1.580992221832275391e+01
2.704625844955444336e+00,2.301088809967041016e+00
-4.007583260536193848e-01,7.139658451080322266e+00
1.881749629974365234e+00,2.213528060913085938e+01
4.322548866271972656e+00,1.921098709106445312e+01
1.622627377510070801e+00,1.918479156494140625e+01
3.251136302947998047e+00,2.112973213195800781e+01
1.800301223993301392e-01,2.123415565490722656e+01
2.563230991363525391e+00,1.781672859191894531e+01
5.283237695693969727e-01,1.316947078704833984e+01
-7.064568996429443359e-01,1.932580757141113281e+01
1.470199346542358398e+00,2.211573410034179688e+01
1.302336812019348145e+00,2.131922912597656250e+01
1.302136540412902832e+00,2.237569427490234375e+01
-3.880529701709747314e-01,1.298582935333251953e+01
2.681546807289123535e-01,1.268704509735107422e+01
9.146291017532348633e-01,2.208412742614746094e+01
2.735586404800415039e+00,2.177269363403320312e+01
1.907466650009155273e+00,2.202246665954589844e+01
2.586495399475097656e+00,2.167454910278320312e+01
-4.779886305332183838e-01,1.322935581207275391e+01
1.174547910690307617e+00,1.884793853759765625e+01
2.570898771286010742e+00,1.891700744628906250e+01
3.840901613235473633e+00,1.972368240356445312e+01
1.872798442840576172e+00,2.183333969116210938e+01
1.687145233154296875e+00,1.357410335540771484e+01
1.270785689353942871e+00,2.227100753784179688e+01
3.105603754520416260e-01,1.701813507080078125e+01
2.761865377426147461e+00,2.201800155639648438e+01
1.347017437219619751e-01,1.601019096374511719e+01
4.731527268886566162e-01,1.105328845977783203e+01
1.285765647888183594e+00,1.909667205810546875e+01
3.916376352310180664e+00,1.919362258911132812e+01
9.458723068237304688e-01,8.872539520263671875e+00
5.880967378616333008e-01,2.205292320251464844e+01
1.630952596664428711e+00,2.078006362915039062e+01
-4.495394527912139893e-01,1.328501796722412109e+01
5.023678541183471680e-01,1.311225414276123047e+01
6.527383923530578613e-01,2.095616912841796875e+01
2.654193937778472900e-01,2.170937156677246094e+01
1.535735845565795898e+00,2.104581069946289062e+01
1.817929744720458984e+00,2.219358062744140625e+01
4.673112392425537109e+00,1.674649047851562500e+01
-1.787720248103141785e-02,9.330443382263183594e+00
1.228477597236633301e+00,1.977427673339843750e+01
1.112463474273681641e+00,1.773761367797851562e+01
1.362968683242797852e+00,1.335488224029541016e+01
-9.960711747407913208e-02,1.070014762878417969e+01
3.642383813858032227e+00,2.019313430786132812e+01
2.583206415176391602e+00,2.154643630981445312e+01
9.470893740653991699e-01,2.202679824829101562e+01
1.741845756769180298e-01,1.943060302734375000e+01
6.004866361618041992e-01,6.178943157196044922e+00
1.373050689697265625e+00,2.142851066589355469e+01
9.710099697113037109e-01,2.155783462524414062e+01
8.061277270317077637e-01,2.207869720458984375e+01
7.966701388359069824e-01,2.204624176025390625e+01
2.886570692062377930e+00,1.742774772644042969e+01
3.497810602188110352e+00,2.116116714477539062e+01
1.850679159164428711e+00,2.026505661010742188e+01
2.236547708511352539e+00,-5.350172519683837891e-01
1.864766240119934082e+00,1.116658687591552734e+01
2.023576736450195312e+00,1.616174888610839844e+01
-8.741599321365356445e-01,2.021860313415527344e+01
-1.307071924209594727e+00,1.118213939666748047e+01
2.147496938705444336e+00,2.187221717834472656e+01
-6.072455048561096191e-01,9.548855781555175781e+00
2.285151720046997070e+00,2.208255004882812500e+01
8.523364663124084473e-01,2.222303771972656250e+01
2.408833742141723633e+00,2.191693878173828125e+01
3.740432500839233398e+00,2.060717391967773438e+01
2.935176610946655273e+00,2.123062324523925781e+01
1.841931104660034180e+00,2.220438385009765625e+01
1.793527007102966309e+00,2.217973327636718750e+01
1.897464513778686523e+00,2.189472198486328125e+01
1.805800437927246094e+00,2.126026916503906250e+01
2.135348558425903320e+00,2.099643516540527344e+01
9.918693900108337402e-01,1.433368015289306641e+01
2.004963159561157227e+00,2.217348098754882812e+01
-1.175567626953125000e+00,1.828955078125000000e+01
3.143875360488891602e+00,2.125115203857421875e+01
3.277357816696166992e+00,2.099634552001953125e+01
1.841069698333740234e+00,1.915503692626953125e+01
4.643701016902923584e-01,2.033032608032226562e+01
8.600578308105468750e-01,1.496578407287597656e+01
4.120798408985137939e-01,1.808658599853515625e+01
1.825336933135986328e+00,2.184523010253906250e+01
-3.867029845714569092e-01,1.739578437805175781e+01
3.124661147594451904e-01,1.286122608184814453e+01
-7.133626192808151245e-02,9.413832664489746094e+00
1.833458542823791504e+00,2.197391510009765625e+01
2.270503997802734375e+00,2.174360656738281250e+01
2.133626699447631836e+00,2.022055816650390625e+01
1.763110160827636719e+00,2.213915443420410156e+01
1.315234541893005371e+00,1.490428543090820312e+01
2.912769019603729248e-01,1.005146598815917969e+01
1.015809893608093262e+00,1.311370944976806641e+01
1.265324503183364868e-01,1.829829406738281250e+01
3.535295963287353516e+00,2.062141609191894531e+01
7.441036701202392578e-01,9.534482002258300781e+00
1.282289624214172363e+00,2.234683990478515625e+01
2.175675779581069946e-01,1.416712570190429688e+01
1.506199598312377930e+00,1.777618598937988281e+01
2.515899181365966797e+00,2.187297821044921875e+01
4.621325433254241943e-01,1.819512367248535156e+01
3.847413957118988037e-01,1.315220546722412109e+01
4.089951515197753906e+00,1.434043693542480469e+01
1.737946510314941406e+00,1.597223758697509766e+01
1.089780807495117188e+00,2.118259429931640625e+01
1.997102975845336914e+00,2.213858032226562500e+01
1.420525550842285156e+00,2.156834220886230469e+01
2.032984495162963867e+00,1.806099700927734375e+01
3.456392049789428711e+00,2.107132530212402344e+01
3.511156797409057617e+00,1.966906929016113281e+01
7.314549088478088379e-01,2.203059387207031250e+01
1.835514068603515625e+00,2.216196060180664062e+01
1.982706069946289062e+00,2.157052230834960938e+01
-4.183917939662933350e-01,1.906823730468750000e+01
2.179588317871093750e+00,2.157559967041015625e+01
4.429086744785308838e-01,7.526786804199218750e+00
2.303034543991088867e+00,2.215029525756835938e+01
2.321810007095336914e+00,1.895398330688476562e+01
-6.786791086196899414e-01,9.421767234802246094e+00
1.936338067054748535e+00,2.220590972900390625e+01
-7.581517845392227173e-02,1.961880111694335938e+01
3.169113636016845703e+00,2.077568626403808594e+01
