1.022174477577209473e+00,-9.502389430999755859e-01
1.471027851104736328e+00,-3.348576277494430542e-02
-1.215052008628845215e+00,1.190390944480895996e+00
-1.393688023090362549e-01,-1.348141312599182129e+00
1.351231336593627930e+00,-1.059906259179115295e-01
-7.659759521484375000e-01,1.299860119819641113e+00
-6.519299000501632690e-03,1.463998436927795410e+00
-1.388286471366882324e+00,1.390497684478759766e-01
5.153070762753486633e-02,-1.329002380371093750e+00
1.372409701347351074e+00,4.883978515863418579e-02
6.996014118194580078e-01,-1.090101361274719238e+00
-1.168181777000427246e+00,1.046811223030090332e+00
1.251210570335388184e+00,-6.268500536680221558e-02
1.072686076164245605e+00,9.428890347480773926e-01
1.361009001731872559e+00,3.643281012773513794e-02
-1.166566014289855957e+00,-1.043753862380981445e+00
1.039093255996704102e+00,9.595328569412231445e-01
-1.515157222747802734e+00,-1.135450378060340881e-01
-1.264150857925415039e+00,1.324656844139099121e+00
8.697126507759094238e-01,-1.262640953063964844e+00
1.321839690208435059e+00,1.181940510869026184e-01
-3.498884662985801697e-02,-1.332665205001831055e+00
-9.546425342559814453e-01,8.774483203887939453e-01
1.321789503097534180e+00,-7.113628089427947998e-03
-1.417308449745178223e+00,5.867074728012084961e-01
-9.697428941726684570e-01,-1.045988202095031738e+00
-1.116168856620788574e+00,1.067812919616699219e+00
5.050605535507202148e-01,-1.152743935585021973e+00
9.452596902847290039e-01,1.063928723335266113e+00
-1.516344666481018066e+00,-2.907971143722534180e-01
8.940782546997070312e-01,9.546813964843750000e-01
-9.576008319854736328e-01,-9.542509317398071289e-01
-1.128849864006042480e+00,-1.084827661514282227e+00
1.012459099292755127e-01,-1.365421772003173828e+00
-1.468982338905334473e+00,-5.278978496789932251e-02
1.230623245239257812e+00,6.915614753961563110e-02
8.215978741645812988e-01,-1.081289529800415039e+00
8.554635643959045410e-01,-1.002005696296691895e+00
-1.499243855476379395e+00,2.565778791904449463e-03
-9.128465652465820312e-01,-1.042158842086791992e+00
-2.517338693141937256e-01,1.493382453918457031e+00
-1.112775444984436035e+00,1.162256240844726562e+00
1.008345603942871094e+00,8.684877157211303711e-01
-1.333787083625793457e+00,-1.071596890687942505e-02
-1.340514302253723145e+00,1.370612740516662598e+00
2.910023927688598633e-01,-1.291756510734558105e+00
1.323090434074401855e+00,1.223642304539680481e-01
1.270048022270202637e+00,5.160974711179733276e-02
-1.913958415389060974e-02,1.265027880668640137e+00
1.176114752888679504e-02,-1.555678606033325195e+00
1.170306682586669922e+00,8.306700587272644043e-01
1.110923171043395996e+00,8.458033800125122070e-01
-2.346971258521080017e-02,-1.310474634170532227e+00
7.645689249038696289e-01,-9.978171586990356445e-01
1.317954778671264648e+00,3.454818129539489746e-01
1.391518473625183105e+00,-4.125573486089706421e-02
-2.003227621316909790e-01,-1.232408761978149414e+00
9.453226327896118164e-01,-1.072755694389343262e+00
-1.530512690544128418e+00,3.230155259370803833e-02
-1.109964728355407715e+00,1.145722746849060059e+00
-1.358652234077453613e+00,2.603422105312347412e-01
9.717675447463989258e-01,9.647616147994995117e-01
1.317149519920349121e+00,-1.002503857016563416e-01
1.027772903442382812e+00,1.013092160224914551e+00
1.003089666366577148e+00,1.064905762672424316e+00
9.552803039550781250e-01,9.420295357704162598e-01
-1.560053706169128418e+00,7.258736342191696167e-02
-1.093867182731628418e+00,1.170404076576232910e+00
7.378242909908294678e-02,-1.523900032043457031e+00
8.433630466461181641e-01,-1.064768075942993164e+00
8.073569536209106445e-01,-1.061733126640319824e+00
-1.186758399009704590e+00,1.208698868751525879e+00
-8.737547695636749268e-02,1.380282640457153320e+00
-1.325666666030883789e+00,1.129282474517822266e+00
1.366849541664123535e+00,-1.149496212601661682e-01
-1.393490195274353027e+00,1.366477906703948975e-01
-8.636932969093322754e-01,1.252627253532409668e+00
1.038668751716613770e+00,-1.017387866973876953e+00
-1.416757583618164062e+00,1.575272679328918457e+00
8.680546283721923828e-01,8.481058478355407715e-01
1.429345726966857910e+00,7.192126661539077759e-02
-1.184398889541625977e+00,1.226504564285278320e+00
-6.602501869201660156e-02,-1.247746109962463379e+00
-1.712667346000671387e-01,-1.372146368026733398e+00
-1.042040824890136719e+00,1.101420879364013672e+00
-1.080357193946838379e+00,-7.737891674041748047e-01
1.238318920135498047e+00,-1.334360986948013306e-02
-1.192329049110412598e+00,1.111452579498291016e+00
-9.682736992835998535e-01,-1.015124678611755371e+00
8.985295295715332031e-01,9.788601994514465332e-01
-1.499732851982116699e+00,8.709751069545745850e-03
-1.391605973243713379e+00,5.818397551774978638e-02
-1.131186127662658691e+00,9.734019041061401367e-01
1.360258340835571289e+00,6.586054712533950806e-02
1.307269215583801270e+00,-5.304355174303054810e-02
-5.130874514579772949e-01,1.409281730651855469e+00
9.512035250663757324e-01,-1.089877367019653320e+00
1.363077521324157715e+00,3.541186451911926270e-04
-8.493801951408386230e-01,-1.140787601470947266e+00
1.060996770858764648e+00,1.043443560600280762e+00
-9.266272783279418945e-01,-9.988620281219482422e-01
-1.057354733347892761e-02,1.466260194778442383e+00
-4.176112636923789978e-02,1.412169694900512695e+00
-1.096421241760253906e+00,1.111632347106933594e+00
1.333368271589279175e-01,1.492989659309387207e+00
8.824567794799804688e-01,-9.198171496391296387e-01
-1.012805938720703125e+00,-1.031865239143371582e+00
-1.120950579643249512e-01,-1.398725748062133789e+00
4.595596343278884888e-03,-1.459823966026306152e+00
-9.722805023193359375e-01,1.126345276832580566e+00
-1.077906966209411621e+00,1.167615771293640137e+00
-1.538578987121582031e+00,4.356113374233245850e-01
-1.417492389678955078e+00,-5.631728172302246094e-01
-1.580614209175109863e+00,1.247129067778587341e-01
-1.012644171714782715e+00,-8.997727632522583008e-01
7.051882147789001465e-02,1.351472854614257812e+00
-1.519177556037902832e+00,-4.079756885766983032e-02
-1.007550358772277832e+00,8.216974735260009766e-01
-1.151121735572814941e+00,1.072495698928833008e+00
-1.419178605079650879e+00,7.650282233953475952e-02
-1.170759439468383789e+00,-1.132830142974853516e+00
9.020251631736755371e-01,-1.005453944206237793e+00
8.170480132102966309e-01,8.961162567138671875e-01
-1.456035137176513672e+00,1.289538741111755371e-01
-1.484466552734375000e+00,1.841697096824645996e-01
-1.420634150505065918e+00,7.097314000129699707e-01
1.036525070667266846e-01,1.454565525054931641e+00
-4.213431105017662048e-02,-1.356569051742553711e+00
4.759325459599494934e-02,1.471286654472351074e+00
1.534604191780090332e+00,1.406715065240859985e-02
-1.417864322662353516e+00,1.958965659141540527e-01
-1.348069548606872559e+00,1.271617412567138672e+00
-1.140812754631042480e+00,1.050629258155822754e+00
-1.150621920824050903e-01,-1.326524019241333008e+00
-7.994469255208969116e-03,-1.399363636970520020e+00
-5.660160779953002930e-01,1.345808267593383789e+00
-9.452111721038818359e-01,-8.203321099281311035e-01
-9.968819618225097656e-01,-9.502420425415039062e-01
-1.537729427218437195e-02,1.531139254570007324e+00
-1.125481724739074707e+00,1.033257007598876953e+00
1.338349938392639160e+00,-5.314863473176956177e-02
1.199934840202331543e+00,3.633395582437515259e-02
-1.535324931144714355e+00,5.568145960569381714e-02
-9.351530671119689941e-02,1.450650691986083984e+00
1.463098287582397461e+00,5.283983796834945679e-02
-1.032655984163284302e-01,-1.419155597686767578e+00
1.006084918975830078e+00,8.750715255737304688e-01
1.253115892410278320e+00,4.005503654479980469e-01
-7.591146230697631836e-01,1.274491548538208008e+00
9.235013723373413086e-01,8.847956061363220215e-01
-9.723299741744995117e-01,1.109404563903808594e+00
1.327548384666442871e+00,-1.956767588853836060e-02
9.899550676345825195e-01,1.160470843315124512e+00
-1.119018554687500000e+00,1.068591833114624023e+00
-1.261752843856811523e+00,9.748852998018264771e-02
-9.754499197006225586e-01,-1.075209856033325195e+00
-5.284462496638298035e-02,-1.419578433036804199e+00
1.344127774238586426e+00,2.246047854423522949e-01
-9.849117994308471680e-01,-1.007997751235961914e+00
1.006156325340270996e+00,1.026554226875305176e+00
-9.711537361145019531e-01,-9.514122009277343750e-01
-1.549915671348571777e-01,-1.518347263336181641e+00
-1.683932393789291382e-01,-1.387472748756408691e+00
-1.462192058563232422e+00,1.203044503927230835e-02
-9.335316419601440430e-01,1.013619422912597656e+00
-5.113222822546958923e-02,-1.476835489273071289e+00
-1.561990737915039062e+00,-8.680310100317001343e-02
2.632770314812660217e-02,1.489704966545104980e+00
-1.552381634712219238e+00,1.426236927509307861e-01
-8.644050359725952148e-02,-1.241400957107543945e+00
-1.129926085472106934e+00,1.286572694778442383e+00
-1.871980354189872742e-02,-1.397955536842346191e+00
4.297736659646034241e-02,1.300200700759887695e+00
-8.282969594001770020e-01,-8.682363033294677734e-01
9.047199487686157227e-01,-1.006256699562072754e+00
1.084194302558898926e+00,9.085179567337036133e-01
9.478808045387268066e-01,9.731824994087219238e-01
-1.052782833576202393e-01,1.419630885124206543e+00
1.093965321779251099e-01,1.483770251274108887e+00
-1.025691032409667969e+00,9.159586429595947266e-01
-8.716665506362915039e-01,9.740421772003173828e-01
-4.421253502368927002e-01,-1.277738451957702637e+00
-1.128435015678405762e+00,1.094264984130859375e+00
9.580115675926208496e-01,-1.081114411354064941e+00
-1.186088204383850098e+00,1.106794714927673340e+00
-1.131240651011466980e-02,-1.540910959243774414e+00
-1.011341691017150879e+00,1.253898382186889648e+00
7.434031963348388672e-01,8.487788438796997070e-01
-1.034899353981018066e+00,9.707772731781005859e-01
5.011338368058204651e-02,1.393573522567749023e+00
-1.341088652610778809e+00,-1.425287127494812012e-02
-1.374399304389953613e+00,5.470146983861923218e-02
-1.056264042854309082e+00,1.123065590858459473e+00
-8.926682472229003906e-01,-1.069355964660644531e+00
1.482876017689704895e-02,-1.381438493728637695e+00
3.695068135857582092e-02,-1.321018457412719727e+00
-1.002871394157409668e+00,-1.036193966865539551e+00
-8.700489997863769531e-02,-1.342553377151489258e+00
-6.948637962341308594e-02,1.534286975860595703e+00
-3.643205389380455017e-02,-1.460867404937744141e+00
-1.402816891670227051e+00,1.240536943078041077e-01
1.163734078407287598e+00,-9.848175048828125000e-01
-1.592046141624450684e+00,3.174324035644531250e-01
-1.437081098556518555e+00,9.606993943452835083e-02
1.308797001838684082e+00,-8.544547110795974731e-02
1.002380967140197754e+00,1.117111444473266602e+00
-7.449962198734283447e-02,-1.407056450843811035e+00
-1.229705810546875000e-01,-1.439443230628967285e+00
-1.344832062721252441e+00,1.302449703216552734e-01
-7.563386857509613037e-02,-1.464397192001342773e+00
1.307581305503845215e+00,-1.957164704799652100e-01
9.138734340667724609e-01,-9.375704526901245117e-01
-1.303861588239669800e-01,-1.389913558959960938e+00
-1.324781417846679688e+00,-6.916798651218414307e-03
-1.224293351173400879e+00,1.128291010856628418e+00
8.500339984893798828e-01,-8.990573883056640625e-01
5.519165471196174622e-02,1.288591265678405762e+00
-1.061754107475280762e+00,-1.040536403656005859e+00
-9.533144235610961914e-01,1.072001457214355469e+00
-1.067649841308593750e+00,9.521121382713317871e-01
-1.519684910774230957e+00,1.356242895126342773e+00
-2.296106144785881042e-02,-1.324504256248474121e+00
1.350763916969299316e+00,1.188618689775466919e-02
-9.585177898406982422e-01,9.991618394851684570e-01
9.022474884986877441e-01,9.178836345672607422e-01
-1.560344338417053223e+00,-6.693177670240402222e-02
-1.099093794822692871e+00,-1.031648397445678711e+00
1.265165448188781738e+00,1.824259757995605469e-01
1.948268860578536987e-01,1.412608265876770020e+00
-1.228131413459777832e+00,1.050470829010009766e+00
-1.457233548164367676e+00,-2.696476876735687256e-03
5.238084793090820312e-01,1.228863954544067383e+00
-1.332754850387573242e+00,3.438701480627059937e-02
-6.624966859817504883e-02,-1.358709692955017090e+00
-4.206403717398643494e-02,1.375624418258666992e+00
-9.707317352294921875e-01,-9.669342041015625000e-01
9.877749681472778320e-01,9.720817804336547852e-01
-9.197654128074645996e-01,-9.655574560165405273e-01
-1.184247136116027832e+00,9.360013008117675781e-01
-1.195181488990783691e+00,1.189534902572631836e+00
-1.657878980040550232e-02,1.353780269622802734e+00
-1.437840104103088379e+00,-1.524083316326141357e-01
-1.315055847167968750e+00,1.390319764614105225e-01
-8.824949860572814941e-01,-1.058890223503112793e+00
-9.047135710716247559e-01,9.798111915588378906e-01
-2.762638032436370850e-04,1.397805213928222656e+00
8.996822237968444824e-01,-9.007070064544677734e-01
8.572193980216979980e-01,-9.424052834510803223e-01
9.729025363922119141e-01,-1.084504008293151855e+00
-8.597868680953979492e-01,8.053670525550842285e-01
-9.345202445983886719e-01,9.087499380111694336e-01
9.868315458297729492e-01,9.844415187835693359e-01
1.266824841499328613e+00,-8.650209754705429077e-02
-1.521144628524780273e+00,6.719224900007247925e-02
7.227428257465362549e-02,-1.274546623229980469e+00
-1.850562810897827148e+00,2.082921862602233887e-01
-1.455636978149414062e+00,9.748522192239761353e-02
-1.550448536872863770e+00,-6.515450775623321533e-03
-1.171588778495788574e+00,-8.891394138336181641e-01
-1.143167734146118164e+00,1.229081034660339355e+00
1.488411068916320801e+00,-1.191765591502189636e-01
9.221303462982177734e-01,-9.884140491485595703e-01
-1.428570970892906189e-02,-1.404535293579101562e+00
-1.083546996116638184e+00,9.898462891578674316e-01
8.897258043289184570e-01,-9.001737833023071289e-01
-9.266012907028198242e-01,9.784062504768371582e-01
1.012726902961730957e+00,1.051218152046203613e+00
-1.519273400306701660e+00,-5.550127476453781128e-02
-1.534151554107666016e+00,7.867199927568435669e-02
-9.850971698760986328e-01,1.001403689384460449e+00
1.166097372770309448e-01,1.455026268959045410e+00
-1.511409506201744080e-02,-1.389999628067016602e+00
-1.073887571692466736e-02,-1.423201799392700195e+00
-1.059624314308166504e+00,1.133716344833374023e+00
1.431027531623840332e+00,-3.221993893384933472e-02
-8.492478728294372559e-01,-1.088655710220336914e+00
1.362309455871582031e+00,-9.169734269380569458e-02
-1.785894930362701416e-01,-1.300665378570556641e+00
-1.321612238883972168e+00,-2.864829450845718384e-02
-1.252853393554687500e+00,9.130921214818954468e-02
-1.562101244926452637e+00,-2.519863098859786987e-02
-1.131748557090759277e+00,1.128469824790954590e+00
-1.013387084007263184e+00,-9.853259325027465820e-01
1.371382713317871094e+00,1.886786818504333496e-01
2.460706979036331177e-03,1.403756618499755859e+00
-5.966086313128471375e-02,1.544815778732299805e+00
1.030864477157592773e+00,1.074535012245178223e+00
-1.156293511390686035e+00,7.681149244308471680e-01
-5.884742364287376404e-02,1.468576550483703613e+00
-1.053226590156555176e+00,-8.241733312606811523e-01
-1.010836601257324219e+00,1.161041140556335449e+00
-9.467889368534088135e-02,1.522911906242370605e+00
-8.889375329017639160e-01,1.044598817825317383e+00
1.378625631332397461e+00,-6.785191595554351807e-03
-1.048476815223693848e+00,1.257923007011413574e+00
1.009801149368286133e+00,-9.506939649581909180e-01
-9.805104136466979980e-01,-9.066348075866699219e-01
-6.573975086212158203e-02,-1.411753416061401367e+00
-1.083687543869018555e+00,1.110436797142028809e+00
-6.281884014606475830e-02,-1.426659941673278809e+00
9.248412847518920898e-01,1.004885196685791016e+00
-9.768813848495483398e-01,-1.020613431930541992e+00
-1.539236903190612793e+00,2.118814736604690552e-02
1.340734839439392090e+00,8.425959199666976929e-02
-1.591848492622375488e+00,-3.817580640316009521e-03
8.978909850120544434e-01,-1.038402438163757324e+00
-1.167108416557312012e+00,1.051366209983825684e+00
-8.424876928329467773e-01,8.422793149948120117e-01
1.323844790458679199e-01,1.376026034355163574e+00
9.493902921676635742e-01,1.062336683273315430e+00
-2.016507685184478760e-01,1.445478439331054688e+00
1.289594411849975586e+00,-6.010615080595016479e-02
9.186687469482421875e-01,9.873337745666503906e-01
-9.174176454544067383e-01,1.106712698936462402e+00
1.397805213928222656e+00,-1.564803719520568848e-01
-9.875081181526184082e-01,1.213173270225524902e+00
-8.796063661575317383e-01,8.566817641258239746e-01
-1.343965888023376465e+00,1.216176509857177734e+00
1.288447737693786621e+00,5.926025658845901489e-02
-1.020904302597045898e+00,-1.010139822959899902e+00
-8.642034530639648438e-01,9.512097239494323730e-01
1.048656344413757324e+00,-1.008953809738159180e+00
1.013397455215454102e+00,1.140259742736816406e+00
-7.549848407506942749e-03,-1.385339498519897461e+00
-1.104297861456871033e-02,-1.484818696975708008e+00
-1.597048163414001465e+00,8.651199191808700562e-02
1.422141432762145996e+00,-7.837333530187606812e-02
-1.222261071205139160e+00,-6.098809093236923218e-02
-1.407904863357543945e+00,-5.596140772104263306e-02
7.902709245681762695e-01,-1.147720575332641602e+00
1.185067653656005859e+00,-6.344902515411376953e-01
-1.147836208343505859e+00,1.296182036399841309e+00
-1.407348752021789551e+00,9.420089423656463623e-03
1.378897309303283691e+00,-9.178142994642257690e-02
1.026191592216491699e+00,1.027457714080810547e+00
6.408069282770156860e-03,-1.359988093376159668e+00
9.942370653152465820e-01,-1.026121973991394043e+00
-7.731568068265914917e-03,1.263270258903503418e+00
8.668264746665954590e-01,-1.035290598869323730e+00
9.317383170127868652e-01,-9.055477976799011230e-01
8.538749814033508301e-02,1.336857795715332031e+00
-5.689295753836631775e-02,-1.402609229087829590e+00
9.957730770111083984e-01,-1.012860894203186035e+00
9.668711423873901367e-01,-9.301521778106689453e-01
1.467543959617614746e+00,5.940691381692886353e-02
-2.286007627844810486e-02,1.511721968650817871e+00
-6.596967577934265137e-02,-1.434964776039123535e+00
1.453178763389587402e+00,4.406421631574630737e-02
-1.097897648811340332e+00,1.361822128295898438e+00
-1.100871801376342773e+00,9.457280039787292480e-01
1.058521270751953125e+00,1.053651094436645508e+00
-1.559854149818420410e+00,-2.685185521841049194e-02
-1.401661753654479980e+00,-2.747713029384613037e-02
9.545444250106811523e-01,-8.497525453567504883e-01
-1.254510164260864258e+00,1.988514661788940430e-01
-9.306793808937072754e-01,-1.005030393600463867e+00
-1.420525074005126953e+00,-7.893464714288711548e-02
1.227191805839538574e+00,-9.800871461629867554e-02
-1.401209115982055664e+00,-7.947949320077896118e-02
-1.049398064613342285e+00,1.065180778503417969e+00
-6.615337729454040527e-02,-1.413961768150329590e+00
1.439430594444274902e+00,-4.701476544141769409e-02
3.801338747143745422e-02,1.465732097625732422e+00
9.452862739562988281e-01,-9.645090103149414062e-01
1.359194755554199219e+00,2.958390861749649048e-02
-1.287212848663330078e+00,1.504312396049499512e+00
-8.272609114646911621e-02,-1.264589190483093262e+00
-1.182803392410278320e+00,9.762302786111831665e-02
-9.135657548904418945e-01,1.107950806617736816e+00
3.805155456066131592e-01,1.189281344413757324e+00
-5.354694649577140808e-02,1.415745615959167480e+00
1.310452222824096680e+00,-1.452722400426864624e-02
9.723898172378540039e-01,8.812353610992431641e-01
8.809558153152465820e-01,-1.016402840614318848e+00
-7.568646967411041260e-02,-1.492962479591369629e+00
1.252347946166992188e+00,7.559201866388320923e-02
-9.827916622161865234e-01,9.118396043777465820e-01
-9.081051349639892578e-01,1.037123084068298340e+00
-1.286779761314392090e+00,1.183942928910255432e-01
-1.249487042427062988e+00,1.303177833557128906e+00
-1.373604893684387207e+00,-7.007927447557449341e-02
-1.077778220176696777e+00,1.203900337219238281e+00
-9.585634469985961914e-01,1.246264219284057617e+00
-1.601081013679504395e+00,1.701101660728454590e-01
1.348547935485839844e+00,8.197379857301712036e-02
-1.174893736839294434e+00,1.155536890029907227e+00
-1.159457206726074219e+00,-1.055829405784606934e+00
-9.290196895599365234e-01,1.020377159118652344e+00
6.799705028533935547e-01,-9.793660640716552734e-01
-9.112836122512817383e-01,-1.133435964584350586e+00
1.379191994667053223e+00,5.479090660810470581e-02
3.911258652806282043e-02,-1.380890846252441406e+00
-7.610902190208435059e-02,-1.291632056236267090e+00
-5.411293357610702515e-03,1.411357045173645020e+00
-1.051078438758850098e-01,-1.374508857727050781e+00
9.648501873016357422e-01,-9.542545080184936523e-01
-7.232427597045898438e-02,1.580175399780273438e+00
-4.551691934466362000e-02,-1.346233367919921875e+00
-1.063368916511535645e+00,1.180057287216186523e+00
-1.076726317405700684e+00,1.175495386123657227e+00
9.199891090393066406e-01,-9.711390733718872070e-01
8.834177851676940918e-01,1.027314305305480957e+00
-1.123253107070922852e+00,-5.297673940658569336e-01
-8.803150653839111328e-01,-1.026963949203491211e+00
-9.967100620269775391e-01,-9.891976118087768555e-01
9.631417989730834961e-01,-1.053166866302490234e+00
-9.256729483604431152e-02,-1.421098470687866211e+00
8.449795246124267578e-01,-9.805529117584228516e-01
1.026700854301452637e+00,-8.810256719589233398e-01
-1.563643813133239746e+00,-3.148248493671417236e-01
-1.371531844139099121e+00,2.757921069860458374e-02
-1.244657874107360840e+00,2.307521700859069824e-01
8.769969940185546875e-01,9.264558553695678711e-01
1.006613135337829590e+00,-1.081279158592224121e+00
-1.497761249542236328e+00,9.313516318798065186e-03
-1.118644833564758301e+00,6.939589381217956543e-01
9.956120252609252930e-01,-1.104407310485839844e+00
-1.093259572982788086e+00,1.151828527450561523e+00
8.546323776245117188e-01,-1.063116788864135742e+00
1.029212027788162231e-03,-1.429170846939086914e+00
-9.347790479660034180e-01,1.017857909202575684e+00
9.657207727432250977e-01,-1.024875998497009277e+00
-1.064965248107910156e+00,-1.071984291076660156e+00
3.889900445938110352e-01,1.350103139877319336e+00
9.388178586959838867e-01,-9.778172969818115234e-01
-1.432528644800186157e-01,-1.472714900970458984e+00
-1.014668703079223633e+00,9.384533166885375977e-01
-1.020907759666442871e-01,-1.467215776443481445e+00
-1.106345951557159424e-01,-1.412095785140991211e+00
9.600561857223510742e-01,-1.107776165008544922e+00
-9.293401241302490234e-01,1.058966517448425293e+00
1.366989135742187500e+00,-1.824110746383666992e-01
-7.521267980337142944e-03,-1.399787545204162598e+00
8.978992104530334473e-01,-1.080134391784667969e+00
8.245847225189208984e-01,1.136806845664978027e+00
-5.072489380836486816e-01,1.342462897300720215e+00
-5.971023067831993103e-02,-1.608434557914733887e+00
1.104530215263366699e+00,-7.311523556709289551e-01
-1.436924338340759277e+00,2.572373747825622559e-01
-1.364857792854309082e+00,1.805305480957031250e-01
1.393027067184448242e+00,-1.764523237943649292e-02
-9.854034185409545898e-01,-9.499421119689941406e-01
-7.197988033294677734e-02,-1.495183348655700684e+00
-1.097687363624572754e+00,8.838031291961669922e-01
7.901908755302429199e-01,-1.069898009300231934e+00
-1.546737104654312134e-01,1.338964104652404785e+00
-9.661294221878051758e-01,9.916175603866577148e-01
-1.914938986301422119e-01,1.313318490982055664e+00
7.971810102462768555e-01,-9.282988309860229492e-01
1.406863570213317871e+00,2.237975001335144043e-01
-1.494467139244079590e+00,-4.270188510417938232e-03
9.164663553237915039e-01,9.474031925201416016e-01
-1.075484395027160645e+00,1.095625400543212891e+00
1.433566927909851074e+00,4.635799676179885864e-02
-9.725462198257446289e-01,-1.105557322502136230e+00
9.755321741104125977e-01,-1.104018449783325195e+00
1.273343443870544434e+00,-3.681687265634536743e-02
-1.413621455430984497e-01,1.394300937652587891e+00
4.476704075932502747e-02,1.509012341499328613e+00
-1.427000403404235840e+00,2.609305828809738159e-02
-1.110001444816589355e+00,1.211362123489379883e+00
2.111214771866798401e-02,-1.395711541175842285e+00
-1.390012741088867188e+00,2.754531800746917725e-03
8.993423581123352051e-01,-1.042112946510314941e+00
1.296863675117492676e+00,5.883625894784927368e-02
-3.779644891619682312e-02,1.413383960723876953e+00
-1.014219164848327637e+00,-1.023947477340698242e+00
-3.990265429019927979e-01,1.330319404602050781e+00
-7.613787055015563965e-02,-1.506159186363220215e+00
-1.249825835227966309e+00,1.425650119781494141e+00
1.183800458908081055e+00,6.869902461767196655e-02
9.724820852279663086e-01,-9.297986030578613281e-01
-3.563968464732170105e-02,1.301462650299072266e+00
-1.092487573623657227e-01,-1.511365652084350586e+00
2.847989276051521301e-02,1.424958586692810059e+00
-1.581733345985412598e+00,1.972955763339996338e-01
-9.104955196380615234e-01,1.062906742095947266e+00
1.025827288627624512e+00,9.777140617370605469e-01
-1.070974707603454590e+00,1.113555431365966797e+00
-6.937682628631591797e-02,1.517073988914489746e+00
9.459766745567321777e-01,9.488738775253295898e-01
1.656738296151161194e-02,-1.433186054229736328e+00
-1.155565381050109863e+00,1.282711625099182129e+00
-6.112949177622795105e-02,1.413463115692138672e+00
-1.066130399703979492e+00,-8.469275236129760742e-01
-9.061413407325744629e-01,9.351671934127807617e-01
-9.218232631683349609e-01,-1.050327062606811523e+00
-1.788198798894882202e-01,-1.448767781257629395e+00
-9.407089948654174805e-01,-1.099660277366638184e+00
-9.090442657470703125e-01,8.447744250297546387e-01
-9.912040829658508301e-01,-9.255186319351196289e-01
-1.046672224998474121e+00,1.112050533294677734e+00
-9.174612164497375488e-02,-1.507305026054382324e+00
9.907824993133544922e-01,-1.041205525398254395e+00
1.023891866207122803e-01,-1.285112380981445312e+00
6.932422518730163574e-02,1.556297540664672852e+00
-9.239265322685241699e-01,8.557022213935852051e-01
-9.641665220260620117e-01,-9.548671245574951172e-01
1.493574529886245728e-01,1.321350932121276855e+00
1.361545205116271973e+00,2.633967250585556030e-02
-9.734076261520385742e-01,9.851500988006591797e-01
-1.336867451667785645e+00,4.907848685979843140e-02
1.056642770767211914e+00,1.085877895355224609e+00
8.582289814949035645e-01,-1.088140249252319336e+00
-9.146536588668823242e-01,-1.097897410392761230e+00
-1.735244318842887878e-02,1.270533084869384766e+00
-1.092467188835144043e+00,8.232544064521789551e-01
7.631053030490875244e-02,-1.356665372848510742e+00
1.472767472267150879e+00,5.366940051317214966e-02
-1.407479047775268555e+00,3.266198188066482544e-02
-1.490126132965087891e+00,2.809777855873107910e-01
-1.407818436622619629e+00,1.742950826883316040e-02
9.682724475860595703e-01,1.037370443344116211e+00
-1.133059620857238770e+00,1.190091609954833984e+00
2.365929260849952698e-02,1.291003942489624023e+00
-1.373324513435363770e+00,-5.072795748710632324e-01
-1.152775168418884277e+00,1.071627259254455566e+00
-8.660086989402770996e-01,9.789068698883056641e-01
-8.671011030673980713e-02,1.479062080383300781e+00
-1.032000303268432617e+00,-9.928708076477050781e-01
-1.696727126836776733e-01,-1.415823698043823242e+00
-1.611220717430114746e+00,1.780773699283599854e-01
-1.238668560981750488e-01,1.414785146713256836e+00
-1.553162693977355957e+00,-3.889710456132888794e-02
1.301667094230651855e+00,-4.186605662107467651e-02
-1.105291247367858887e+00,1.010202527046203613e+00
1.190399050712585449e+00,5.713229775428771973e-01
-2.822039648890495300e-02,-1.343623399734497070e+00
-9.745782613754272461e-02,1.317529916763305664e+00
2.800586819648742676e-01,1.210558533668518066e+00
-8.270857334136962891e-01,1.034313082695007324e+00
-1.009528756141662598e+00,1.018261075019836426e+00
1.379426836967468262e+00,-8.377558737993240356e-02
9.310880899429321289e-01,-1.097093105316162109e+00
-1.280520319938659668e+00,2.398278564214706421e-02
9.643896818161010742e-01,-1.017611861228942871e+00
-1.077697157859802246e+00,-7.205880880355834961e-01
-9.494566917419433594e-01,-1.005537509918212891e+00
-1.086346030235290527e+00,1.174514651298522949e+00
-1.392225176095962524e-01,1.394180774688720703e+00
1.344335675239562988e+00,-9.079699963331222534e-02
9.649742841720581055e-01,1.026079177856445312e+00
-1.347462534904479980e+00,9.625596553087234497e-02
1.842979341745376587e-03,1.446687102317810059e+00
9.145911335945129395e-01,-8.821266889572143555e-01
1.056334853172302246e+00,1.204581260681152344e+00
7.019536495208740234e-01,-1.112954974174499512e+00
1.264210581779479980e+00,2.604763954877853394e-02
9.316923618316650391e-01,1.177740573883056641e+00
-1.158636450767517090e+00,1.110916256904602051e+00
7.981128692626953125e-01,-1.033168315887451172e+00
1.376654744148254395e+00,7.091315835714340210e-02
-9.649701118469238281e-01,1.456859111785888672e+00
9.762142896652221680e-01,-1.090091109275817871e+00
-1.102731943130493164e+00,-5.401166081428527832e-01
-1.428925991058349609e+00,1.606363803148269653e-02
9.305619001388549805e-01,1.098123311996459961e+00
-4.389997571706771851e-03,-1.370704174041748047e+00
7.593013644218444824e-01,-1.129107952117919922e+00
-1.031238675117492676e+00,1.182366132736206055e+00
9.478496909141540527e-01,9.000391960144042969e-01
-3.017243370413780212e-02,1.553034663200378418e+00
-1.425053834915161133e+00,2.523555606603622437e-02
-9.520245790481567383e-01,1.130148768424987793e+00
1.294533133506774902e+00,-5.641218274831771851e-02
-1.318590939044952393e-01,-1.463912129402160645e+00
5.574199929833412170e-02,1.380660772323608398e+00
8.188086152076721191e-01,1.120097160339355469e+00
-1.528971791267395020e+00,1.073739156126976013e-01
-9.895323514938354492e-01,9.182022809982299805e-01
-2.803545817732810974e-02,1.312702655792236328e+00
1.341944694519042969e+00,4.468790441751480103e-02
8.052827119827270508e-01,1.239875793457031250e+00
6.616872549057006836e-02,-1.419612646102905273e+00
1.306134819984436035e+00,-1.385867595672607422e-01
-1.001893281936645508e+00,-1.008681058883666992e+00
-1.336490273475646973e+00,3.026244640350341797e-01
-1.298748970031738281e+00,-9.920943528413772583e-02
-8.423569798469543457e-02,-1.340318918228149414e+00
1.089081287384033203e+00,1.078248977661132812e+00
1.467558741569519043e+00,-9.112878888845443726e-02
8.888586759567260742e-01,-1.138386607170104980e+00
8.626738190650939941e-01,-1.036207079887390137e+00
-1.601374030113220215e+00,5.737911909818649292e-02
-1.303391814231872559e+00,8.311681449413299561e-03
-1.070131897926330566e+00,1.207117676734924316e+00
-1.052529096603393555e+00,9.527598619461059570e-01
-1.185512900352478027e+00,1.095345020294189453e+00
-1.377943515777587891e+00,9.678452610969543457e-01
-9.046629667282104492e-01,-9.074648618698120117e-01
1.027927994728088379e+00,-9.130926728248596191e-01
-3.973328694701194763e-02,-1.480613470077514648e+00
-1.040887475013732910e+00,-1.000826001167297363e+00
1.151472702622413635e-02,1.323918819427490234e+00
-1.565261125564575195e+00,1.415640950202941895e+00
-1.267120361328125000e+00,1.167545914649963379e+00
-9.336742162704467773e-01,-1.094434499740600586e+00
-1.922692358493804932e-01,1.394908666610717773e+00
-4.555505141615867615e-02,1.302617073059082031e+00
8.306126296520233154e-02,1.198683023452758789e+00
8.937242627143859863e-01,-1.017698049545288086e+00
-9.962990283966064453e-01,9.299238920211791992e-01
-1.073626637458801270e+00,1.039217829704284668e+00
4.543313756585121155e-02,-1.271224141120910645e+00
1.391504764556884766e+00,4.848030954599380493e-02
-1.197274684906005859e+00,-3.757797926664352417e-02
1.144945502281188965e+00,7.933876514434814453e-01
-1.218047022819519043e+00,-9.747052192687988281e-01
5.058488622307777405e-02,-1.292284965515136719e+00
-1.439965844154357910e+00,-4.892610013484954834e-03
1.071281313896179199e+00,7.435526251792907715e-01
1.477721691131591797e+00,-5.762850493192672729e-02
-1.035939693450927734e+00,-1.120198249816894531e+00
3.423300758004188538e-02,1.417392373085021973e+00
-4.432299733161926270e-01,1.118491768836975098e+00
-6.863686442375183105e-02,-1.518871426582336426e+00
-3.508860990405082703e-02,-1.567365646362304688e+00
-6.285709142684936523e-02,-1.309444665908813477e+00
-7.802248001098632812e-02,-1.425128221511840820e+00
-9.143294394016265869e-02,-1.385545730590820312e+00
1.067192316055297852e+00,1.028308868408203125e+00
-1.428692221641540527e+00,-4.691765457391738892e-02
-1.427756786346435547e+00,8.778790384531021118e-02
-3.567099198698997498e-02,-1.436132669448852539e+00
8.819509744644165039e-01,-1.073925018310546875e+00
9.900518655776977539e-01,1.029171347618103027e+00
1.037761092185974121e+00,-8.750419020652770996e-01
1.047103762626647949e+00,-1.002446174621582031e+00
8.260282278060913086e-01,-8.464546203613281250e-01
1.096609592437744141e+00,9.951598644256591797e-01
-3.667828440666198730e-01,-1.439117431640625000e+00
8.728026151657104492e-01,9.582881331443786621e-01
-6.138918995857238770e-01,-1.165802478790283203e+00
-1.452501177787780762e+00,4.626468569040298462e-02
-1.090872049331665039e+00,1.073883175849914551e+00
-7.692600786685943604e-02,1.330680131912231445e+00
-5.049122497439384460e-02,1.284573316574096680e+00
-1.133172214031219482e-01,-1.276747465133666992e+00
9.171156883239746094e-01,-9.980413913726806641e-01
2.958569675683975220e-03,-1.259616017341613770e+00
-1.163291335105895996e+00,1.158147335052490234e+00
-1.069880366325378418e+00,-9.982852935791015625e-01
9.726967811584472656e-01,8.558276891708374023e-01
-1.304224610328674316e+00,2.432069927453994751e-02
-1.502251505851745605e+00,-1.100084930658340454e-02
1.236443042755126953e+00,-4.289356619119644165e-02
-1.546440601348876953e+00,8.899628371000289917e-02
-1.096164226531982422e+00,1.262022733688354492e+00
-1.310561060905456543e+00,3.640229254961013794e-02
-8.791900277137756348e-01,9.052207469940185547e-01
1.008093953132629395e+00,1.151304006576538086e+00
1.294972062110900879e+00,-1.028212979435920715e-01
-1.298756241798400879e+00,2.781484276056289673e-02
9.213466644287109375e-01,-9.873025417327880859e-01
-1.028687953948974609e+00,1.037445068359375000e+00
-9.806711971759796143e-02,1.364703297615051270e+00
9.350413084030151367e-01,-9.762089252471923828e-01
-1.449961662292480469e+00,5.886862426996231079e-02
4.532421007752418518e-02,1.437839031219482422e+00
1.394484162330627441e+00,-3.383711725473403931e-02
-1.099381804466247559e+00,1.120944023132324219e+00
-9.314396381378173828e-01,-1.090992569923400879e+00
1.332117795944213867e+00,8.940286934375762939e-03
7.757207155227661133e-01,-9.888157844543457031e-01
9.410171508789062500e-01,-9.897261857986450195e-01
-9.798367619514465332e-01,2.409282326698303223e-01
1.012354731559753418e+00,-9.630696773529052734e-01
-1.073761820793151855e+00,9.012984633445739746e-01
1.027851223945617676e+00,1.130196332931518555e+00
-1.297523975372314453e+00,1.317345976829528809e+00
8.159477114677429199e-01,-9.845087528228759766e-01
8.681705594062805176e-01,-9.747090339660644531e-01
-8.808016777038574219e-01,1.036540269851684570e+00
1.290924072265625000e+00,4.600174725055694580e-03
-9.846466779708862305e-01,-1.064630270004272461e+00
-1.135434627532958984e+00,1.168306469917297363e+00
-8.981047868728637695e-01,1.117125988006591797e+00
-1.378692507743835449e+00,8.972743898630142212e-02
-1.338176608085632324e+00,1.484451293945312500e-01
-1.008911013603210449e+00,9.878582358360290527e-01
1.272624373435974121e+00,1.277267932891845703e-01
-1.618664711713790894e-01,1.490678668022155762e+00
-1.431676030158996582e+00,1.569093465805053711e-01
-2.474744245409965515e-02,-1.417156696319580078e+00
1.336400628089904785e+00,6.620500236749649048e-02
-1.378955483436584473e+00,4.134189337491989136e-02
-1.001045852899551392e-01,-1.277111172676086426e+00
1.219606995582580566e+00,-1.621243059635162354e-01
-2.708375751972198486e-01,1.489354848861694336e+00
-9.348410367965698242e-01,1.148706912994384766e+00
1.004798293113708496e+00,9.089400768280029297e-01
9.479571133852005005e-03,1.558719754219055176e+00
1.076942324638366699e+00,-9.137103557586669922e-01
1.019241809844970703e+00,9.797515273094177246e-01
-9.890403747558593750e-01,-1.043475151062011719e+00
-8.958961963653564453e-01,1.019961237907409668e+00
-1.402516126632690430e+00,3.543842583894729614e-02
-1.565829813480377197e-01,1.699898123741149902e+00
-7.584922015666961670e-02,-1.311575412750244141e+00
2.891525626182556152e-01,1.523483514785766602e+00
-9.577476978302001953e-01,-1.052332043647766113e+00
1.188072443008422852e+00,-9.381376951932907104e-02
8.734168410301208496e-01,1.099255800247192383e+00
1.422926664352416992e+00,1.730437576770782471e-01
4.277974739670753479e-02,-1.414932250976562500e+00
-6.232655048370361328e-01,-1.205268263816833496e+00
-1.027722239494323730e+00,8.002343773841857910e-01
-9.878809452056884766e-01,-1.044172525405883789e+00
1.359914660453796387e+00,4.696206003427505493e-02
-1.404769539833068848e+00,-1.034897342324256897e-01
1.804206147789955139e-02,-1.446016073226928711e+00
9.848623275756835938e-01,-9.895683526992797852e-01
9.623918533325195312e-01,-1.047714710235595703e+00
-1.160294651985168457e+00,1.244917869567871094e+00
1.464450478553771973e+00,-7.553090900182723999e-02
4.586786627769470215e-01,1.441683769226074219e+00
-9.048783779144287109e-01,-1.084590673446655273e+00
-9.471241235733032227e-01,-9.874380826950073242e-01
2.706653252243995667e-02,1.529576659202575684e+00
9.970474243164062500e-01,1.102446198463439941e+00
-1.024078130722045898e+00,-1.040872216224670410e+00
2.610955387353897095e-03,-1.468360185623168945e+00
-2.283853441476821899e-01,-1.306993007659912109e+00
1.288954377174377441e+00,-4.958277195692062378e-02
9.950616359710693359e-01,1.104854702949523926e+00
1.381170868873596191e+00,-1.871891319751739502e-03
-1.526677846908569336e+00,5.466999858617782593e-02
8.288893103599548340e-01,-9.077655673027038574e-01
9.960161447525024414e-01,-1.015832901000976562e+00
-9.885791540145874023e-01,1.103226423263549805e+00
-1.113405823707580566e+00,1.036538004875183105e+00
9.179878234863281250e-01,-9.821721315383911133e-01
-1.059679090976715088e-01,-1.525805354118347168e+00
2.893637493252754211e-02,1.500923991203308105e+00
1.031201004981994629e+00,1.036883234977722168e+00
1.001151323318481445e+00,1.097820520401000977e+00
-1.043941497802734375e+00,-9.933419227600097656e-01
-1.311257719993591309e+00,1.487423062324523926e+00
7.187321186065673828e-01,-9.693088531494140625e-01
-1.045328259468078613e+00,9.988046884536743164e-01
-1.072193264961242676e+00,-9.184838533401489258e-01
8.603213429450988770e-01,9.702170491218566895e-01
1.433950424194335938e+00,3.233905434608459473e-01
-8.604879379272460938e-01,9.724920988082885742e-01
1.318498373031616211e+00,-1.724181175231933594e-01
-1.212301611900329590e+00,1.192013025283813477e+00
9.511121511459350586e-01,9.843039512634277344e-01
-9.745718240737915039e-01,-9.216154813766479492e-01
1.461740374565124512e+00,-5.234063416719436646e-02
1.348499298095703125e+00,7.536423951387405396e-02
-7.094180583953857422e-02,-1.438957333564758301e+00
9.954152107238769531e-01,1.012968063354492188e+00
-1.055881381034851074e+00,8.488634824752807617e-01
9.122762084007263184e-01,1.113259553909301758e+00
-3.522054478526115417e-02,-1.410170674324035645e+00
1.292107224464416504e+00,-1.589962095022201538e-02
-1.075754642486572266e+00,1.080496907234191895e+00
1.715580001473426819e-02,-1.475201487541198730e+00
-8.256274461746215820e-02,1.316743373870849609e+00
-1.143387198448181152e+00,1.450983643531799316e+00
-9.522031545639038086e-01,-1.123183608055114746e+00
1.145443439483642578e+00,1.065290212631225586e+00
9.550428390502929688e-01,-9.000096321105957031e-01
-1.053566813468933105e+00,1.040312409400939941e+00
1.055602312088012695e+00,-9.791061878204345703e-01
-1.085062623023986816e+00,1.191708564758300781e+00
-2.125218138098716736e-02,-1.523023962974548340e+00
-1.286688446998596191e+00,-7.499644756317138672e-01
1.360799193382263184e+00,-7.664716988801956177e-02
7.889829576015472412e-02,-1.343304872512817383e+00
-1.617869019508361816e+00,1.391012072563171387e-01
4.201504960656166077e-02,-1.450543761253356934e+00
-1.015965461730957031e+00,1.172199368476867676e+00
6.215954199433326721e-02,1.374064207077026367e+00
9.058054685592651367e-01,-9.020432233810424805e-01
1.358698725700378418e+00,-9.111758321523666382e-02
-1.059214115142822266e+00,-1.026289701461791992e+00
-1.485396623611450195e-01,-1.372176766395568848e+00
-1.547524929046630859e+00,2.622466087341308594e-01
-1.912083476781845093e-03,1.388730645179748535e+00
-1.301298618316650391e+00,1.010409668087959290e-01
-1.511349081993103027e+00,5.641452223062515259e-02
1.622271835803985596e-01,1.433694124221801758e+00
-8.740291595458984375e-01,8.599416613578796387e-01
-1.055340647697448730e+00,-9.799329042434692383e-01
-1.030546307563781738e+00,1.000561594963073730e+00
9.391872882843017578e-01,1.076857089996337891e+00
-1.698877692222595215e+00,-1.125943884253501892e-01
1.097911477088928223e+00,-9.623328447341918945e-01
9.002349972724914551e-01,-1.202515244483947754e+00
-1.633019447326660156e+00,1.443374156951904297e+00
1.383258461952209473e+00,4.427243024110794067e-02
-8.448532819747924805e-01,-9.678729772567749023e-01
8.884984850883483887e-01,-9.745311737060546875e-01
9.813311100006103516e-01,1.034762024879455566e+00
1.310342192649841309e+00,5.350359529256820679e-02
1.308311343193054199e+00,-3.504601866006851196e-02
1.455217003822326660e+00,-9.028389304876327515e-02
1.336939036846160889e-01,1.448929548263549805e+00
1.341578722000122070e+00,-1.532305777072906494e-01
-1.536527752876281738e+00,-9.854941815137863159e-02
9.014730453491210938e-01,1.017804980278015137e+00
-4.495885372161865234e-01,1.194322586059570312e+00
9.772589206695556641e-01,9.332948923110961914e-01
-1.845442801713943481e-01,1.568081855773925781e+00
-1.196453452110290527e+00,1.201929807662963867e+00
1.081573247909545898e+00,9.653947353363037109e-01
-1.097838878631591797e+00,9.629542827606201172e-01
-1.137958884239196777e+00,-5.588209629058837891e-01
-8.422580361366271973e-01,9.233205914497375488e-01
-1.188368916511535645e+00,1.112168431282043457e+00
1.538862347602844238e+00,2.334044873714447021e-01
1.249633312225341797e+00,-1.368688941001892090e-01
1.406676620244979858e-01,-1.408637166023254395e+00
-7.445362210273742676e-02,-1.314721107482910156e+00
-2.449071034789085388e-02,-1.357815980911254883e+00
1.424664020538330078e+00,9.581103175878524780e-02
-1.450683921575546265e-03,1.600232362747192383e+00
1.350812077522277832e+00,-1.169713586568832397e-02
-1.290217518806457520e+00,7.800626009702682495e-02
-9.980846047401428223e-01,-1.053874135017395020e+00
-7.760512828826904297e-01,-1.242317676544189453e+00
1.419841170310974121e+00,1.273417770862579346e-01
9.205963611602783203e-01,-1.075766324996948242e+00
-8.089195191860198975e-02,-1.365857243537902832e+00
1.184433221817016602e+00,3.364654630422592163e-02
1.738052442669868469e-02,1.373366117477416992e+00
1.383543372154235840e+00,-4.883041232824325562e-02
-1.095952749252319336e+00,1.182313203811645508e+00
-6.460173726081848145e-01,8.631482720375061035e-01
-1.596319377422332764e-01,-1.313549757003784180e+00
-7.906837463378906250e-01,1.158418416976928711e+00
-1.230281233787536621e+00,1.318702697753906250e+00
1.369582295417785645e+00,-4.939644783735275269e-02
-5.691419839859008789e-01,-1.246651053428649902e+00
9.541285037994384766e-01,1.120987176895141602e+00
-8.436467498540878296e-03,-1.511804103851318359e+00
-1.201120972633361816e+00,1.045849084854125977e+00
-8.505070805549621582e-01,-1.102811455726623535e+00
-6.419403553009033203e-01,9.989129304885864258e-01
9.159663319587707520e-01,-9.920637607574462891e-01
-4.323254153132438660e-02,-1.457945108413696289e+00
-1.300711750984191895e+00,1.156154751777648926e+00
-4.756609722971916199e-02,-1.465712547302246094e+00
1.275088667869567871e+00,1.051331683993339539e-01
1.043548882007598877e-01,-1.446287631988525391e+00
-1.414962768554687500e+00,-2.051632851362228394e-02
-9.979720115661621094e-01,1.023208856582641602e+00
3.957513347268104553e-02,1.368541240692138672e+00
-1.401884555816650391e+00,1.116212457418441772e-02
-1.245666384696960449e+00,1.069118738174438477e+00
2.078096941113471985e-02,1.281899094581604004e+00
-1.441364645957946777e+00,-3.084349632263183594e-01
1.336402297019958496e+00,-4.876993596553802490e-03
9.561275243759155273e-01,-1.079689741134643555e+00
-1.482218146324157715e+00,1.481871306896209717e-01
9.992696046829223633e-01,9.903596043586730957e-01
-1.321201324462890625e-01,-1.437661170959472656e+00
-1.328984856605529785e+00,-3.131117671728134155e-02
-1.216312170028686523e+00,1.480235338211059570e+00
-1.572548508644104004e+00,1.931405812501907349e-02
1.280041694641113281e+00,1.248616725206375122e-02
8.661981821060180664e-01,-9.703590869903564453e-01
-7.958067655563354492e-01,9.265437126159667969e-01
-1.006943106651306152e+00,1.086276888847351074e+00
-2.846066281199455261e-02,1.354999542236328125e+00
-9.772219657897949219e-01,-9.023082256317138672e-01
-9.494676589965820312e-01,9.380027055740356445e-01
-9.615324139595031738e-01,8.191134929656982422e-01
1.392146706581115723e+00,2.596480399370193481e-02
-6.819128990173339844e-02,-1.427865505218505859e+00
1.035122990608215332e+00,-1.005502223968505859e+00
1.394113421440124512e+00,1.040600240230560303e-03
-4.854577407240867615e-02,1.497977137565612793e+00
-2.695585787296295166e-01,1.386232018470764160e+00
1.311493635177612305e+00,-3.155139833688735962e-02
1.451924204826354980e+00,2.776715904474258423e-02
-6.547789573669433594e-01,1.257660150527954102e+00
-1.435887217521667480e+00,-6.036964803934097290e-02
-1.088183283805847168e+00,1.208205461502075195e+00
-5.149670839309692383e-01,1.543977975845336914e+00
-1.022069811820983887e+00,9.370810985565185547e-01
-3.787107393145561218e-02,-1.299036979675292969e+00
-8.918234705924987793e-01,7.362768054008483887e-01
-6.805937290191650391e-01,-1.291077136993408203e+00
-1.455900788307189941e+00,5.068279802799224854e-03
9.234879612922668457e-01,9.437372684478759766e-01
-1.123029112815856934e+00,1.452865242958068848e+00
-1.467291265726089478e-01,-1.359033823013305664e+00
8.688966035842895508e-01,1.236879944801330566e+00
-1.124263048171997070e+00,1.038789391517639160e+00
-4.146341085433959961e-01,1.330242872238159180e+00
-1.174086093902587891e+00,1.178071498870849609e+00
-1.011877894401550293e+00,-9.503093957901000977e-01
1.377608418464660645e+00,5.320166796445846558e-02
9.351049661636352539e-01,1.063815355300903320e+00
1.346949696540832520e+00,-1.435727775096893311e-01
-1.539266347885131836e+00,2.551633864641189575e-02
-8.583142161369323730e-01,-9.828965663909912109e-01
-1.098861217498779297e+00,1.230860233306884766e+00
8.596944808959960938e-02,1.429146647453308105e+00
1.039176344871520996e+00,1.006167769432067871e+00
-1.271949410438537598e-01,1.517287969589233398e+00
1.431285262107849121e+00,4.610431939363479614e-02
9.864312410354614258e-01,-1.008267998695373535e+00
-1.801903009414672852e+00,1.679086685180664062e-01
-9.655981063842773438e-01,-1.090048313140869141e+00
9.412294626235961914e-01,-1.056528210639953613e+00
-3.762884065508842468e-02,1.298877477645874023e+00
1.267746686935424805e+00,-2.009574174880981445e-01
-1.010378599166870117e+00,9.263535737991333008e-01
-1.039259910583496094e+00,1.070314168930053711e+00
-1.301137566566467285e+00,6.687849164009094238e-01
5.681137442588806152e-01,-1.205845355987548828e+00
-5.398769304156303406e-02,-1.431006312370300293e+00
1.356446385383605957e+00,-4.475789517164230347e-02
-1.315819382667541504e+00,3.408568799495697021e-01
-1.047122120857238770e+00,1.024450778961181641e+00
-1.553849279880523682e-01,-1.401980638504028320e+00
9.905225038528442383e-01,9.804997444152832031e-01
1.180336952209472656e+00,5.865839719772338867e-01
1.321620821952819824e+00,-3.576045036315917969e-01
9.135512113571166992e-01,9.774545431137084961e-01
-9.690831899642944336e-01,1.133718371391296387e+00
4.685245752334594727e-01,-1.242913603782653809e+00
7.959958910942077637e-01,-1.064195513725280762e+00
9.797512292861938477e-01,-9.357095360755920410e-01
-2.666316926479339600e-01,1.314763545989990234e+00
7.623341083526611328e-01,-1.173922061920166016e+00
9.046390652656555176e-01,-9.405844211578369141e-01
1.328767776489257812e+00,1.588077843189239502e-01
-1.208971291780471802e-01,-1.277558803558349609e+00
-1.070601105690002441e+00,1.254752874374389648e+00
-1.455744266510009766e+00,1.310750097036361694e-02
-9.394267797470092773e-01,1.051241755485534668e+00
-1.113631606101989746e+00,1.196906089782714844e+00
-4.794302210211753845e-02,-1.429319858551025391e+00
7.169285416603088379e-02,1.514212846755981445e+00
9.669777154922485352e-01,-1.003055810928344727e+00
-1.000191092491149902e+00,-1.026720166206359863e+00
9.627333879470825195e-01,-1.053334951400756836e+00
9.145182371139526367e-01,1.002974510192871094e+00
-3.714939579367637634e-02,-1.310413241386413574e+00
1.352138876914978027e+00,-2.358845621347427368e-02
9.597378969192504883e-01,-8.965407609939575195e-01
-1.523150563240051270e+00,6.820822507143020630e-02
-2.386146411299705505e-02,-1.400219917297363281e+00
-6.634861230850219727e-02,-1.431389212608337402e+00
1.006152033805847168e+00,-6.491707563400268555e-01
1.393649339675903320e+00,-1.081600710749626160e-01
-9.199810028076171875e-02,1.292754888534545898e+00
1.145893335342407227e-01,1.368829488754272461e+00
-1.415046572685241699e+00,1.553562283515930176e+00
8.762124776840209961e-01,-9.116348028182983398e-01
-8.894503116607666016e-01,9.947258830070495605e-01
-4.935703873634338379e-01,-1.395560741424560547e+00
-9.208096563816070557e-02,1.380709171295166016e+00
-1.162825703620910645e+00,1.216832399368286133e+00
1.325790882110595703e+00,-3.003240376710891724e-02
-1.210486888885498047e+00,1.354052543640136719e+00
1.012980937957763672e+00,1.101719379425048828e+00
1.061028957366943359e+00,-8.151520490646362305e-01
1.483253717422485352e+00,-7.714777439832687378e-02
-1.136713862419128418e+00,1.160812973976135254e+00
8.963809013366699219e-01,1.126561641693115234e+00
6.032114103436470032e-02,-1.322086691856384277e+00
-3.602604195475578308e-02,-1.316273689270019531e+00
-1.374180555343627930e+00,1.351046860218048096e-01
-8.210879564285278320e-02,1.411256790161132812e+00
9.089698195457458496e-01,-9.258451461791992188e-01
-1.335070490837097168e+00,8.442112058401107788e-02
1.182206153869628906e+00,-6.289222836494445801e-02
-1.742700189352035522e-01,1.496821761131286621e+00
8.216649293899536133e-01,-1.061354160308837891e+00
-1.445255130529403687e-01,-1.346680402755737305e+00
-1.503276705741882324e+00,1.433252692222595215e-01
9.327437877655029297e-01,-8.990002870559692383e-01
9.971058368682861328e-01,1.115177392959594727e+00
9.545536041259765625e-01,-8.321225643157958984e-01
-1.326668620109558105e+00,1.470335572957992554e-02
9.942678213119506836e-01,9.681801199913024902e-01
8.271670341491699219e-02,1.412652134895324707e+00
-1.078036665916442871e+00,1.114732980728149414e+00
-9.720498323440551758e-01,1.052615523338317871e+00
-9.540004730224609375e-01,1.037995696067810059e+00
-2.592382952570915222e-02,1.524895429611206055e+00
-9.992298483848571777e-01,9.476794004440307617e-01
-1.032746672630310059e+00,-1.054533720016479492e+00
1.473462939262390137e+00,-5.737908184528350830e-03
9.700891971588134766e-01,-8.728678822517395020e-01
1.028684616088867188e+00,-9.478869438171386719e-01
-1.569651126861572266e+00,-1.881860196590423584e-01
7.927252054214477539e-01,-1.070026636123657227e+00
-1.016404509544372559e+00,-1.031041979789733887e+00
9.085452556610107422e-01,-9.881670475006103516e-01
8.391899466514587402e-01,-9.696162939071655273e-01
9.641546010971069336e-01,1.036810636520385742e+00
6.649273633956909180e-02,1.428783178329467773e+00
-2.770953774452209473e-01,1.614001154899597168e+00
5.196608975529670715e-02,1.382003545761108398e+00
9.898700714111328125e-01,-1.029273033142089844e+00
1.362051606178283691e+00,-3.557285070419311523e-01
9.359089136123657227e-01,1.010730624198913574e+00
2.965848445892333984e-01,1.187973499298095703e+00
5.925688520073890686e-02,1.458654761314392090e+00
8.808537125587463379e-01,9.148550033569335938e-01
1.151799082756042480e+00,-5.243477821350097656e-01
-1.014868542551994324e-02,-1.393416881561279297e+00
9.297509193420410156e-01,-1.023224830627441406e+00
-1.145528912544250488e+00,8.203330039978027344e-01
-1.152006745338439941e+00,1.129969000816345215e+00
1.393719196319580078e+00,-1.649398356676101685e-02
8.415367603302001953e-01,-1.055695295333862305e+00
9.311251640319824219e-01,9.211913347244262695e-01
-8.518074154853820801e-01,-9.923253059387207031e-01
-1.440905690193176270e+00,8.297886699438095093e-02
9.585496187210083008e-01,8.991903066635131836e-01
-1.094769120216369629e+00,1.026820182800292969e+00
1.492775321006774902e+00,-4.575055092573165894e-02
-1.255474209785461426e+00,1.277440190315246582e+00
-1.120132446289062500e+00,-1.011545419692993164e+00
-1.153265595436096191e+00,1.127439975738525391e+00
9.525915384292602539e-01,-1.087664842605590820e+00
-1.046598672866821289e+00,-9.775059223175048828e-01
1.356135845184326172e+00,-6.072019785642623901e-02
9.605909585952758789e-01,-1.020747780799865723e+00
9.183188080787658691e-01,-1.014060974121093750e+00
-9.342419505119323730e-01,8.787242770195007324e-01
8.791286945343017578e-01,-9.849201440811157227e-01
9.410585761070251465e-01,1.075260400772094727e+00
-1.033701896667480469e+00,1.049388051033020020e+00
9.901794195175170898e-01,9.666293859481811523e-01
-2.743190824985504150e-01,1.446605920791625977e+00
4.573789611458778381e-02,1.317223787307739258e+00
-8.961822986602783203e-01,-1.091681718826293945e+00
-1.164653301239013672e-01,1.544638872146606445e+00
-4.309425875544548035e-02,-1.383362531661987305e+00
-1.658454775810241699e+00,9.252595156431198120e-02
1.011201024055480957e+00,1.033370614051818848e+00
9.754649400711059570e-01,1.036597371101379395e+00
-1.080929875373840332e+00,-1.053795218467712402e+00
8.940994739532470703e-01,8.755031824111938477e-01
1.306989789009094238e+00,-8.027590066194534302e-02
-1.052041888236999512e+00,-9.804139137268066406e-01
-1.304431796073913574e+00,5.354189127683639526e-02
-1.019980669021606445e+00,1.113357067108154297e+00
-7.011766731739044189e-02,1.497506618499755859e+00
-2.510869130492210388e-02,-1.413985133171081543e+00
-4.668722674250602722e-02,1.553842067718505859e+00
4.579745605587959290e-02,1.594765901565551758e+00
-1.468917965888977051e+00,-9.092945605516433716e-02
1.448014140129089355e+00,-1.003688201308250427e-01
-1.007081389427185059e+00,-1.046662211418151855e+00
-3.439867123961448669e-02,1.513534069061279297e+00
-9.101241827011108398e-02,1.684411406517028809e+00
8.634681701660156250e-01,-1.004112958908081055e+00
-9.062485098838806152e-01,8.567947745323181152e-01
7.236894369125366211e-01,-1.031824588775634766e+00
-1.352003693580627441e+00,1.308941841125488281e-01
-2.127956971526145935e-02,1.306054592132568359e+00
4.785481691360473633e-01,1.394007921218872070e+00
-1.054230809211730957e+00,-1.000207543373107910e+00
-7.114633917808532715e-02,-1.480442881584167480e+00
-3.179203569889068604e-01,1.357351064682006836e+00
-1.202284693717956543e+00,1.147943019866943359e+00
-1.124444842338562012e+00,1.187130570411682129e+00
1.073045730590820312e+00,1.021622061729431152e+00
-1.307246565818786621e+00,8.908163756132125854e-02
-8.767791986465454102e-01,9.067263603210449219e-01
-9.884665012359619141e-01,-1.125095367431640625e+00
1.255190730094909668e+00,6.128758937120437622e-02
-1.118159413337707520e+00,-1.086390733718872070e+00
-1.515941977500915527e+00,8.758191019296646118e-02
-9.504160881042480469e-01,-1.048400998115539551e+00
-1.455313563346862793e-01,-1.259305953979492188e+00
-1.245744824409484863e+00,1.163863778114318848e+00
1.454398274421691895e+00,-1.219814270734786987e-02
1.327748417854309082e+00,1.389123499393463135e-03
8.625340461730957031e-01,9.938419461250305176e-01
-1.113842964172363281e+00,9.558697938919067383e-01
1.037371635437011719e+00,-1.007452845573425293e+00
-1.486907720565795898e+00,1.765561103820800781e-01
-4.510958120226860046e-02,-1.475616693496704102e+00
-1.471364974975585938e+00,1.316122055053710938e+00
-9.442623853683471680e-01,1.094302177429199219e+00
-1.009093046188354492e+00,-9.584645032882690430e-01
-1.481183648109436035e+00,8.835697919130325317e-02
9.892106056213378906e-01,9.764752388000488281e-01
-1.108023762702941895e+00,1.272277474403381348e+00
8.889515995979309082e-01,-9.222764968872070312e-01
-1.163492798805236816e+00,1.138901591300964355e+00
-1.477571368217468262e+00,1.509528607130050659e-02
-1.034574627876281738e+00,-1.128620862960815430e+00
7.928826212882995605e-01,-9.767680168151855469e-01
-1.510927796363830566e+00,-4.135336726903915405e-02
9.199300408363342285e-02,1.618170261383056641e+00
-1.535622000694274902e+00,1.323927938938140869e-01
1.992114260792732239e-02,1.331988334655761719e+00
1.423359990119934082e+00,-5.123295634984970093e-02
1.018478393554687500e+00,-1.100545167922973633e+00
-1.837713643908500671e-02,1.549802303314208984e+00
9.456402063369750977e-01,-9.426578879356384277e-01
4.946913197636604309e-02,1.473031640052795410e+00
-8.094818890094757080e-02,-1.347211599349975586e+00
8.871818780899047852e-01,-1.085852861404418945e+00
-1.148060917854309082e+00,1.001093983650207520e+00
-6.816938519477844238e-02,-1.253758430480957031e+00
9.123379588127136230e-01,-9.696425199508666992e-01
7.919878363609313965e-01,-1.023267030715942383e+00
1.182789683341979980e+00,7.713125944137573242e-01
1.003392696380615234e+00,8.235969543457031250e-01
9.909460544586181641e-01,1.020159125328063965e+00
1.200674891471862793e+00,4.119794815778732300e-02
1.090914011001586914e+00,-8.968087434768676758e-01
1.345200538635253906e+00,-1.973477900028228760e-01
-1.187212467193603516e+00,-8.570462465286254883e-01
-1.524510979652404785e+00,4.904746264219284058e-02
-1.446696639060974121e+00,1.329639852046966553e-01
1.109399914741516113e+00,1.099646449089050293e+00
1.470028236508369446e-02,-1.373932600021362305e+00
8.968284130096435547e-01,-1.003628015518188477e+00
-1.119192600250244141e+00,9.915766119956970215e-01
1.006803631782531738e+00,9.526476860046386719e-01
-2.142715081572532654e-02,1.453277945518493652e+00
-6.704568266868591309e-01,1.555663824081420898e+00
-2.613573893904685974e-02,-1.351289033889770508e+00
-5.429689213633537292e-02,1.405428171157836914e+00
-9.872838258743286133e-01,9.681465029716491699e-01
1.084297299385070801e+00,-7.892445921897888184e-01
-2.865163609385490417e-02,1.475964665412902832e+00
-1.043487906455993652e+00,1.095130920410156250e+00
-1.056360602378845215e+00,1.329646110534667969e+00
1.055495619773864746e+00,8.649636507034301758e-01
-1.618621706962585449e+00,2.039057910442352295e-01
-1.349165439605712891e+00,4.284479469060897827e-02
-1.097893714904785156e+00,-7.745185494422912598e-01
-9.033011198043823242e-01,1.004644393920898438e+00
1.254546046257019043e+00,5.147568136453628540e-02
-1.505576252937316895e+00,2.764084190130233765e-02
9.624235630035400391e-01,1.202786684036254883e+00
2.556345462799072266e-01,1.451479792594909668e+00
1.290894627571105957e+00,-3.417342156171798706e-02
8.851622939109802246e-01,8.978433609008789062e-01
2.040447667241096497e-02,1.366286993026733398e+00
-1.065308690071105957e+00,-9.191594719886779785e-01
-9.166392087936401367e-01,-1.024407625198364258e+00
1.303429245948791504e+00,2.773537486791610718e-02
-2.690852805972099304e-02,-1.296616077423095703e+00
1.308067679405212402e+00,9.037994593381881714e-02
8.587304949760437012e-01,-9.804750680923461914e-01
-1.536149024963378906e+00,1.402456313371658325e-02
1.364448189735412598e+00,-7.087193429470062256e-03
9.781293869018554688e-01,-9.744172096252441406e-01
-1.609155178070068359e+00,2.608355879783630371e-01
-6.560596823692321777e-02,1.575443863868713379e+00
-1.061157703399658203e+00,-1.065622806549072266e+00
1.051203012466430664e+00,9.373790025711059570e-01
-1.262103915214538574e+00,1.381538867950439453e+00
-1.433282017707824707e+00,4.907048493623733521e-02
-9.766557812690734863e-02,1.487321853637695312e+00
-1.415975451469421387e+00,1.201637506484985352e+00
-1.311414599418640137e+00,3.197279870510101318e-01
-1.025337696075439453e+00,1.114088535308837891e+00
-1.372384071350097656e+00,7.298430055379867554e-02
-1.082581996917724609e+00,-1.031138062477111816e+00
-1.368980050086975098e+00,-6.253346800804138184e-04
1.003126621246337891e+00,-1.024026870727539062e+00
1.054119944572448730e+00,9.239773750305175781e-01
8.214837312698364258e-01,1.014472484588623047e+00
-1.577390357851982117e-02,-1.410330176353454590e+00
1.369521737098693848e+00,8.239204436540603638e-02
1.057520389556884766e+00,1.058152914047241211e+00
-9.246918559074401855e-01,-1.020041108131408691e+00
-1.120689034461975098e+00,1.139791250228881836e+00
-9.319412708282470703e-01,1.104351758956909180e+00
8.430178761482238770e-01,-1.043813943862915039e+00
-4.109443351626396179e-02,1.472144126892089844e+00
-6.437230110168457031e-02,-1.408053994178771973e+00
9.523857831954956055e-01,7.862535715103149414e-01
-8.643326163291931152e-01,1.191499114036560059e+00
1.018670201301574707e+00,-1.088153004646301270e+00
-1.425054430961608887e+00,3.152422606945037842e-03
-1.108784794807434082e+00,-9.437414407730102539e-01
1.004547357559204102e+00,-1.004908084869384766e+00
7.060042619705200195e-01,-1.123523473739624023e+00
-7.393369078636169434e-02,1.360591411590576172e+00
-8.740845918655395508e-01,-1.040735363960266113e+00
9.630408287048339844e-01,-9.181442260742187500e-01
-2.173754274845123291e-01,-1.392547845840454102e+00
1.046808719635009766e+00,1.054937005043029785e+00
-1.039211988449096680e+00,-1.038210511207580566e+00
8.915886878967285156e-01,9.501731395721435547e-01
-9.755123853683471680e-01,-9.318903684616088867e-01
8.556225299835205078e-01,-8.847728967666625977e-01
-1.011298060417175293e+00,-1.036498308181762695e+00
-1.122617244720458984e+00,1.070202589035034180e+00
9.231555461883544922e-01,-9.028944373130798340e-01
1.347420573234558105e+00,6.547714024782180786e-02
-1.251316666603088379e+00,1.387040615081787109e-01
1.375079989433288574e+00,-1.590076833963394165e-02
-2.676716148853302002e-01,1.502345561981201172e+00
4.774091243743896484e-01,1.268583297729492188e+00
1.367150783538818359e+00,5.985452979803085327e-02
1.316560864448547363e+00,6.419219076633453369e-03
1.295942068099975586e+00,-4.836694151163101196e-02
-1.570302248001098633e+00,-7.455562800168991089e-02
9.391048550605773926e-01,1.014163613319396973e+00
1.274973988533020020e+00,1.621190458536148071e-02
9.358142614364624023e-01,9.919210076332092285e-01
1.366574645042419434e+00,-1.283668726682662964e-02
1.057643294334411621e+00,1.103483080863952637e+00
1.306071162223815918e+00,-1.428608000278472900e-01
6.014726161956787109e-01,-1.074491500854492188e+00
-1.036730647087097168e+00,1.038462162017822266e+00
-1.462789058685302734e+00,-6.538043171167373657e-02
-1.373722553253173828e+00,-9.397246688604354858e-02
-1.621498823165893555e+00,1.155332103371620178e-01
-1.351048350334167480e+00,-1.018593236804008484e-01
9.149005413055419922e-01,1.053214192390441895e+00
1.277570843696594238e+00,-3.835089206695556641e-01
9.996852874755859375e-01,-1.002580165863037109e+00
-9.882649183273315430e-01,-1.034992694854736328e+00
-1.458484381437301636e-01,1.246846675872802734e+00
-1.091636419296264648e+00,1.037953734397888184e+00
-2.017595991492271423e-02,-1.372030138969421387e+00
-1.712106466293334961e-01,-1.390445470809936523e+00
-1.518954396247863770e+00,-8.646078407764434814e-03
1.342456221580505371e+00,-8.209001272916793823e-02
3.325972706079483032e-03,-1.397823810577392578e+00
1.219636082649230957e+00,5.636642128229141235e-02
9.658106565475463867e-01,-1.091287255287170410e+00
-1.568531870841979980e+00,1.004969850182533264e-01
-1.248351633548736572e-01,1.495134115219116211e+00
-1.292983651161193848e+00,5.539705604314804077e-02
1.017561554908752441e+00,1.034217953681945801e+00
-9.061852693557739258e-01,-9.456294178962707520e-01
1.020593881607055664e+00,9.054089784622192383e-01
8.972078561782836914e-01,9.266564846038818359e-01
2.488276734948158264e-02,1.545770764350891113e+00
-1.006813526153564453e+00,-1.045597553253173828e+00
-8.302729129791259766e-01,-1.118294000625610352e+00
1.291157245635986328e+00,-5.893868952989578247e-02
1.183652281761169434e-01,1.537963032722473145e+00
9.249660968780517578e-01,-1.090735673904418945e+00
5.813210085034370422e-02,1.439861536026000977e+00
9.734082221984863281e-01,-9.075748920440673828e-01
-1.132254958152770996e+00,1.126252055168151855e+00
-5.939241647720336914e-01,1.262737393379211426e+00
1.190936565399169922e-01,1.268175125122070312e+00
-1.088379025459289551e+00,-9.758834838867187500e-01
1.349286437034606934e+00,-1.094654724001884460e-01
1.265158653259277344e+00,-1.562954783439636230e-01
-2.147983461618423462e-01,-1.313008308410644531e+00
1.251232147216796875e+00,7.891016453504562378e-02
-1.528059005737304688e+00,3.671415150165557861e-03
-1.366362452507019043e+00,-2.923181951045989990e-01
1.340813994407653809e+00,1.244150400161743164e-01
-1.556734442710876465e+00,-2.760066837072372437e-02
4.499337449669837952e-02,1.423219442367553711e+00
-1.344378829002380371e+00,-4.046611487865447998e-03
-1.271984577178955078e-01,-1.360999584197998047e+00
8.867504596710205078e-01,-9.574815034866333008e-01
-1.067148089408874512e+00,-9.569156169891357422e-01
-1.091495633125305176e+00,8.782253265380859375e-01
9.126384258270263672e-01,-8.916420936584472656e-01
-1.738449186086654663e-01,1.345768094062805176e+00
8.918089270591735840e-01,1.075970411300659180e+00
-1.093776345252990723e+00,-1.094805955886840820e+00
-1.429418206214904785e+00,1.147660970687866211e+00
-1.052214205265045166e-01,-1.478323698043823242e+00
-1.469082593917846680e+00,6.808332353830337524e-02
-1.413408875465393066e+00,3.838717192411422729e-02
-1.567539095878601074e+00,1.910099983215332031e-01
9.187402725219726562e-01,1.050002813339233398e+00
-2.671339735388755798e-02,-1.354025244712829590e+00
-9.319266676902770996e-02,-1.405896663665771484e+00
-1.028842926025390625e+00,7.817010879516601562e-01
8.748270273208618164e-01,-1.091132998466491699e+00
-4.527416080236434937e-03,-1.376237034797668457e+00
-8.753908276557922363e-01,1.146374940872192383e+00
9.314861893653869629e-01,9.153546094894409180e-01
-1.090091824531555176e+00,1.020031094551086426e+00
8.351981639862060547e-02,1.451724529266357422e+00
-9.166949987411499023e-01,-1.020826101303100586e+00
8.913806080818176270e-01,-1.111490488052368164e+00
-9.639903903007507324e-02,1.461111068725585938e+00
9.065614938735961914e-01,8.803182840347290039e-01
-1.177590966224670410e+00,-9.300101399421691895e-01
9.320941567420959473e-01,-9.910393953323364258e-01
-1.153919577598571777e+00,1.247042179107666016e+00
9.501674771308898926e-01,-9.819918870925903320e-01
-9.813917875289916992e-01,-1.036034703254699707e+00
-1.003937244415283203e+00,1.166315197944641113e+00
6.889011263847351074e-01,1.146318078041076660e+00
-1.213414967060089111e-01,-1.441781282424926758e+00
-1.088408112525939941e+00,1.249937415122985840e+00
2.248829603195190430e-01,1.382049441337585449e+00
-1.104512095451354980e+00,1.079120874404907227e+00
-8.866838812828063965e-01,1.224617838859558105e+00
1.414443254470825195e-01,1.415222883224487305e+00
-8.257202804088592529e-02,-1.304762363433837891e+00
-1.286950707435607910e+00,1.298175454139709473e+00
-1.128338932991027832e+00,-1.024700880050659180e+00
-4.500068351626396179e-02,1.279704332351684570e+00
-1.134736657142639160e+00,4.471340030431747437e-02
5.717850103974342346e-02,1.470004081726074219e+00
8.824458718299865723e-01,-1.071007251739501953e+00
-1.164165288209915161e-01,-1.309039831161499023e+00
1.410566806793212891e+00,5.483118444681167603e-02
-3.345545753836631775e-02,1.503750920295715332e+00
1.242047667503356934e+00,-2.098603844642639160e-01
-1.356959581375122070e+00,8.373039215803146362e-02
9.080417156219482422e-01,-1.074011325836181641e+00
1.328260779380798340e+00,-1.227504760026931763e-02
1.366283297538757324e+00,-1.469123065471649170e-01
-9.943950176239013672e-01,1.178891897201538086e+00
-1.352396130561828613e+00,1.821403950452804565e-02
9.491105079650878906e-01,1.106860995292663574e+00
-5.797686800360679626e-02,1.616774082183837891e+00
-1.324077725410461426e+00,1.502663791179656982e-01
1.058859705924987793e+00,1.075166821479797363e+00
-1.178217053413391113e+00,1.010389089584350586e+00
9.824389219284057617e-01,1.041664123535156250e+00
-1.326448321342468262e+00,4.288057237863540649e-02
-1.045534729957580566e+00,9.965878725051879883e-01
1.113300919532775879e+00,1.053799629211425781e+00
7.234331965446472168e-02,1.305540919303894043e+00
9.554694890975952148e-01,-9.534229040145874023e-01
-9.907231330871582031e-01,-1.031163930892944336e+00
-1.269933581352233887e+00,-1.651184260845184326e-01
1.115412950515747070e+00,-7.737846970558166504e-01
1.023516431450843811e-02,-1.323574066162109375e+00
-6.638967990875244141e-02,-1.363009691238403320e+00
-1.531825661659240723e+00,-3.405035287141799927e-02
1.056808352470397949e+00,-7.062731981277465820e-01
1.277577519416809082e+00,-5.924171954393386841e-02
-1.452183365821838379e+00,-6.707987934350967407e-02
5.000664666295051575e-02,-1.388953208923339844e+00
-4.645967110991477966e-02,1.361460804939270020e+00
1.073766231536865234e+00,9.646922945976257324e-01
-1.145917057991027832e+00,-9.633092880249023438e-01
-1.002940535545349121e+00,-9.983717203140258789e-01
1.294198155403137207e+00,6.554306298494338989e-02
-1.764063164591789246e-02,1.594786882400512695e+00
-9.993904232978820801e-01,-1.138455271720886230e+00
-9.969660043716430664e-01,1.166574239730834961e+00
-1.277026981115341187e-01,-1.366983056068420410e+00
-1.376996397972106934e+00,-8.461542427539825439e-03
-9.737517833709716797e-01,1.097473859786987305e+00
-9.078433513641357422e-01,1.360907196998596191e+00
-1.001893758773803711e+00,1.009067058563232422e+00
8.877802491188049316e-01,-1.017515301704406738e+00
9.373903274536132812e-02,1.329570531845092773e+00
1.351933717727661133e+00,-8.949884027242660522e-02
1.331054687500000000e+00,3.617315739393234253e-02
-9.285461306571960449e-01,1.162350535392761230e+00
1.311290025711059570e+00,1.310677081346511841e-02
-2.221560478210449219e-01,1.325777649879455566e+00
-1.289844632148742676e+00,6.414499133825302124e-02
9.473655223846435547e-01,8.956437110900878906e-01
1.263493418693542480e+00,-8.850998431444168091e-02
1.369929671287536621e+00,-1.022452786564826965e-01
-1.663834333419799805e+00,6.026444584131240845e-02
-9.188238382339477539e-01,-1.116908431053161621e+00
-8.978737890720367432e-02,1.467200517654418945e+00
-1.507142663002014160e+00,6.495376676321029663e-02
-9.528595209121704102e-01,1.274607896804809570e+00
1.330994129180908203e+00,4.391244798898696899e-02
1.010836005210876465e+00,1.053999662399291992e+00
9.551244974136352539e-01,-9.894347190856933594e-01
-8.486155867576599121e-01,-1.080057621002197266e+00
-1.308626770973205566e+00,2.575903385877609253e-02
9.536767005920410156e-01,-9.728093147277832031e-01
-1.328897476196289062e+00,2.221459746360778809e-01
8.770148754119873047e-01,1.002404451370239258e+00
-7.312621921300888062e-03,-1.366544604301452637e+00
-1.059110879898071289e+00,1.108175158500671387e+00
-9.207453727722167969e-01,-9.618090391159057617e-01
-9.381545782089233398e-01,-8.946645259857177734e-01
-1.027488410472869873e-01,-1.485968589782714844e+00
-1.023586511611938477e+00,1.006804466247558594e+00
1.299802780151367188e+00,-3.058170527219772339e-02
1.065057367086410522e-01,-1.345099568367004395e+00
-4.274442419409751892e-02,-1.408965349197387695e+00
-9.753503799438476562e-01,1.063906908035278320e+00
-2.478415891528129578e-02,-1.446424245834350586e+00
1.090323925018310547e+00,9.712737798690795898e-01
8.569850325584411621e-01,-1.006005644798278809e+00
1.303743958473205566e+00,-1.549877226352691650e-01
1.395915895700454712e-01,1.425861954689025879e+00
-1.456312537193298340e+00,-7.675952464342117310e-02
1.331372261047363281e+00,-1.154268905520439148e-01
1.039584755897521973e+00,-9.415689706802368164e-01
-9.470548033714294434e-01,1.145041942596435547e+00
7.606751918792724609e-01,-1.190442323684692383e+00
-9.627271890640258789e-01,-9.971656799316406250e-01
3.752592951059341431e-03,-1.321363568305969238e+00
-7.778173685073852539e-02,-1.501375794410705566e+00
-1.299778103828430176e+00,7.884871214628219604e-02
9.621840715408325195e-01,-9.445922374725341797e-01
8.536280393600463867e-01,1.163808584213256836e+00
-1.058887481689453125e+00,9.064247608184814453e-01
-4.407381638884544373e-02,-1.293073654174804688e+00
-1.492484807968139648e+00,-3.841973096132278442e-02
1.272080540657043457e+00,-2.183082699775695801e-01
1.385106444358825684e+00,2.648182213306427002e-03
-1.443481564521789551e+00,1.312122941017150879e-01
-1.391235232353210449e+00,1.347978115081787109e-01
1.306575179100036621e+00,6.877718120813369751e-02
-8.889214992523193359e-01,-9.926745891571044922e-01
5.732244625687599182e-02,-1.419788599014282227e+00
-9.342629909515380859e-01,-8.831336498260498047e-01
-1.517400860786437988e+00,-2.327824383974075317e-02
-3.664215803146362305e-01,1.266144394874572754e+00
-6.587619185447692871e-01,1.494429111480712891e+00
-8.347818255424499512e-02,1.528855800628662109e+00
-9.677085876464843750e-01,9.982684850692749023e-01
3.984628990292549133e-02,-1.394529104232788086e+00
7.900229096412658691e-02,1.294779896736145020e+00
1.859349384903907776e-02,1.288998484611511230e+00
9.270472526550292969e-01,-1.046077609062194824e+00
-1.104094833135604858e-01,-1.354559063911437988e+00
-1.020191609859466553e-01,-1.475687980651855469e+00
-1.003211498260498047e+00,1.017729997634887695e+00
8.645468950271606445e-02,1.494036793708801270e+00
-1.084655046463012695e+00,-8.645322322845458984e-01
-4.299919605255126953e-01,1.241975784301757812e+00
1.004396557807922363e+00,9.398921132087707520e-01
1.017170190811157227e+00,-9.674339294433593750e-01
9.939758777618408203e-01,-1.012611389160156250e+00
-9.809370636940002441e-01,-1.024445414543151855e+00
1.092730402946472168e+00,1.058650493621826172e+00
1.138283848762512207e+00,-7.182335257530212402e-01
-1.109700560569763184e+00,1.251630306243896484e+00
-1.005882382392883301e+00,1.072797060012817383e+00
5.413103476166725159e-02,1.362637519836425781e+00
-3.581714257597923279e-02,-1.441577315330505371e+00
1.353217005729675293e+00,8.315972983837127686e-03
-9.942506551742553711e-01,-9.367506504058837891e-01
9.762398004531860352e-01,-8.961540460586547852e-01
-1.063369631767272949e+00,1.089447021484375000e+00
9.328503012657165527e-01,-9.515715837478637695e-01
-1.618725508451461792e-01,1.487946271896362305e+00
-1.410107493400573730e+00,-3.198690712451934814e-03
-1.347286820411682129e+00,2.245815694332122803e-01
1.434867739677429199e+00,7.589874416589736938e-02
9.761506319046020508e-01,9.643794298171997070e-01
1.242823839187622070e+00,-7.057920098304748535e-02
1.387157678604125977e+00,-1.875617355108261108e-02
-2.014894410967826843e-02,1.361547708511352539e+00
1.625509932637214661e-02,1.377261877059936523e+00
-1.184056520462036133e+00,2.563311904668807983e-02
1.056954741477966309e+00,-5.818547606468200684e-01
3.147326782345771790e-02,-1.383908033370971680e+00
8.536899089813232422e-01,8.671772480010986328e-01
6.890887022018432617e-02,1.383976936340332031e+00
-5.131931230425834656e-02,1.545597195625305176e+00
9.796972274780273438e-01,1.080450296401977539e+00
-1.420524120330810547e+00,-2.268753945827484131e-03
-9.032531976699829102e-01,1.169787287712097168e+00
-1.343396604061126709e-01,-1.447254657745361328e+00
-1.505194067955017090e+00,4.748692363500595093e-02
-7.214086651802062988e-01,1.231286048889160156e+00
1.424615025520324707e+00,-3.177379816770553589e-02
-8.773713707923889160e-01,1.127318978309631348e+00
-5.493797063827514648e-01,1.526947259902954102e+00
9.160758256912231445e-01,8.297809958457946777e-01
-1.393357396125793457e+00,9.171775728464126587e-02
-1.152372956275939941e+00,9.924750328063964844e-01
-1.121478676795959473e+00,1.139491438865661621e+00
9.887449741363525391e-01,-8.744384050369262695e-01
7.402529716491699219e-01,-1.011007785797119141e+00
8.707548379898071289e-01,-1.007366180419921875e+00
-1.460778117179870605e+00,-3.716509044170379639e-02
-1.068174123764038086e+00,1.129460096359252930e+00
-1.359634757041931152e+00,4.606848210096359253e-02
-1.097930192947387695e+00,1.285592317581176758e+00
8.356716632843017578e-01,-1.006507396697998047e+00
9.986627101898193359e-01,9.590513706207275391e-01
-3.725615739822387695e-01,-1.342050909996032715e+00
-1.027179479598999023e+00,-1.104390978813171387e+00
1.355724692344665527e+00,2.125775068998336792e-02
1.071974515914916992e+00,9.565180540084838867e-01
-1.254647970199584961e+00,1.149624347686767578e+00
8.883551955223083496e-01,-9.559801816940307617e-01
-7.182438671588897705e-02,-1.380857944488525391e+00
-1.006138324737548828e+00,1.070842504501342773e+00
-9.811106324195861816e-02,1.562615990638732910e+00
-1.555106759071350098e+00,3.471671789884567261e-02
-9.109243750572204590e-01,-1.024441599845886230e+00
9.221390485763549805e-01,-1.047828197479248047e+00
-8.709865212440490723e-01,1.010797142982482910e+00
1.327237039804458618e-01,1.477375388145446777e+00
-5.533626303076744080e-02,-1.305812120437622070e+00
-2.674744650721549988e-02,-1.407782912254333496e+00
-7.729955017566680908e-02,1.452455282211303711e+00
-1.349458813667297363e+00,6.865420341491699219e-01
-1.189103424549102783e-01,-1.324712395668029785e+00
1.437183737754821777e+00,7.170591503381729126e-02
-1.625499129295349121e+00,1.074775680899620056e-01
-1.381876766681671143e-01,-1.362302184104919434e+00
-4.355993121862411499e-03,-1.330518841743469238e+00
9.975372552871704102e-01,-9.359767436981201172e-01
-6.781291216611862183e-03,-1.407717704772949219e+00
-1.581985652446746826e-01,-1.324634671211242676e+00
8.157021999359130859e-01,-1.117355585098266602e+00
1.211480498313903809e-01,1.558641195297241211e+00
-1.159822821617126465e+00,1.127575874328613281e+00
9.608883857727050781e-01,1.081381797790527344e+00
7.587560415267944336e-01,-1.044151425361633301e+00
9.689509868621826172e-01,-1.078269243240356445e+00
9.682477712631225586e-01,1.113980174064636230e+00
9.137987494468688965e-01,1.045737624168395996e+00
8.884812593460083008e-01,-1.032147049903869629e+00
-1.000744938850402832e+00,1.090291380882263184e+00
4.444496706128120422e-02,1.286525845527648926e+00
-1.039411425590515137e+00,-9.961663484573364258e-01
1.312765359878540039e+00,-8.527562767267227173e-02
9.560130238533020020e-01,7.534719705581665039e-01
-8.388431072235107422e-01,1.243021488189697266e+00
-1.443282961845397949e+00,-7.259748131036758423e-02
-1.233750224113464355e+00,1.267014145851135254e+00
8.993623256683349609e-01,-1.066499352455139160e+00
-1.955951452255249023e-01,1.352034568786621094e+00
-9.590942263603210449e-01,1.059107303619384766e+00
8.957281708717346191e-01,-1.041420698165893555e+00
-1.136755585670471191e+00,1.335754513740539551e+00
9.713710546493530273e-01,-6.549830436706542969e-01
-8.796371519565582275e-02,1.477588176727294922e+00
-8.623107671737670898e-01,-9.629709720611572266e-01
-1.076942443847656250e+00,-9.205524325370788574e-01
1.300413012504577637e+00,-1.208166256546974182e-01
1.335310816764831543e+00,-8.807770907878875732e-03
1.170522272586822510e-01,1.462457656860351562e+00
-1.392999887466430664e+00,-1.940526813268661499e-02
-9.707530736923217773e-01,1.239287614822387695e+00
-2.943411096930503845e-02,-1.401022791862487793e+00
9.674590826034545898e-01,8.533972501754760742e-01
-1.000255584716796875e+00,-9.936631917953491211e-01
9.648538827896118164e-01,9.160884618759155273e-01
-6.543257832527160645e-01,1.123191118240356445e+00
-1.207369446754455566e+00,1.249193310737609863e+00
-1.147351145744323730e+00,1.222423434257507324e+00
-1.272508025169372559e+00,1.237416028976440430e+00
-1.106442451477050781e+00,1.081229686737060547e+00
-9.322896003723144531e-01,-1.004613399505615234e+00
1.077045083045959473e+00,-8.207128047943115234e-01
-7.521146535873413086e-01,1.271855592727661133e+00
1.050511240959167480e+00,1.052248477935791016e+00
-1.321104407310485840e+00,1.207794904708862305e+00
-1.013030409812927246e+00,-9.982537031173706055e-01
-1.226239323616027832e+00,1.126502513885498047e+00
9.536861777305603027e-01,1.128890872001647949e+00
5.119103565812110901e-02,-1.424568891525268555e+00
1.266653537750244141e-01,1.539721131324768066e+00
-1.064928472042083740e-01,-1.357460260391235352e+00
-1.263460159301757812e+00,1.271140694618225098e+00
1.342929244041442871e+00,1.500458270311355591e-02
8.661226034164428711e-01,-1.081043958663940430e+00
2.958734706044197083e-02,1.386405229568481445e+00
-8.502677679061889648e-01,-9.993160963058471680e-01
1.394611239433288574e+00,-4.246019572019577026e-02
9.185235500335693359e-01,-9.633899927139282227e-01
-9.729562997817993164e-01,-1.068360686302185059e+00
1.339075341820716858e-02,-1.273083448410034180e+00
9.178698062896728516e-01,-1.094187736511230469e+00
-1.418579936027526855e+00,-1.732150465250015259e-02
1.157227307558059692e-01,1.362804770469665527e+00
9.674074649810791016e-01,1.018891692161560059e+00
-1.197319626808166504e+00,1.235874056816101074e+00
-1.039730191230773926e+00,-9.381473064422607422e-01
-1.057028293609619141e+00,-1.028005957603454590e+00
-9.522079229354858398e-01,8.506118655204772949e-01
9.640494585037231445e-01,1.040482401847839355e+00
1.310387969017028809e+00,1.632323116064071655e-02
-9.929159879684448242e-01,1.046748876571655273e+00
-9.901263713836669922e-01,9.964746236801147461e-01
9.437999129295349121e-02,1.407003521919250488e+00
-1.390769600868225098e+00,1.327144622802734375e+00
-1.221898913383483887e+00,5.631434917449951172e-01
9.231655597686767578e-01,1.088723778724670410e+00
-1.221483945846557617e-01,1.354310274124145508e+00
8.141304254531860352e-01,-1.114045262336730957e+00
1.290667802095413208e-03,1.332657098770141602e+00
9.008674025535583496e-01,-8.752701282501220703e-01
-8.606217503547668457e-01,-1.041822195053100586e+00
-1.121529221534729004e+00,1.344726085662841797e+00
-1.555892825126647949e+00,1.557927578687667847e-02
-9.814296960830688477e-01,1.436657428741455078e+00
9.627374410629272461e-01,-1.075637340545654297e+00
9.536442160606384277e-01,8.774568438529968262e-01
-6.085505709052085876e-02,-1.585231781005859375e+00
1.287501215934753418e+00,-1.229996010661125183e-01
-9.011371135711669922e-01,-1.022388935089111328e+00
9.643173217773437500e-01,-9.011237621307373047e-01
1.344703555107116699e+00,-1.398900896310806274e-02
-1.437899619340896606e-01,1.340249180793762207e+00
-8.874867856502532959e-02,-1.378861308097839355e+00
-1.262704253196716309e+00,1.143813848495483398e+00
1.329068541526794434e+00,-7.215676456689834595e-02
-1.191443800926208496e+00,-4.806902408599853516e-01
-1.007499814033508301e+00,-1.002036809921264648e+00
-1.557318270206451416e-01,-1.471477508544921875e+00
8.834455609321594238e-01,-9.891283512115478516e-01
4.671506956219673157e-02,-1.390082955360412598e+00
-9.535099864006042480e-01,1.056988596916198730e+00
6.801348924636840820e-02,-1.287168502807617188e+00
-9.945548772811889648e-01,1.092585802078247070e+00
-1.016250729560852051e+00,1.081772565841674805e+00
7.272343039512634277e-01,-1.084196567535400391e+00
1.371177077293395996e+00,-1.659928858280181885e-01
-9.331613779067993164e-01,-9.879196882247924805e-01
-1.249407768249511719e+00,1.273495078086853027e+00
-9.666136503219604492e-01,1.048395991325378418e+00
1.332888960838317871e+00,-5.439936369657516479e-02
1.420397400856018066e+00,3.000269085168838501e-02
-4.479705914855003357e-02,-1.553839445114135742e+00
-1.364857316017150879e+00,-1.079308241605758667e-02
-1.499545812606811523e+00,6.184327006340026855e-01
-3.234128281474113464e-02,-1.293163537979125977e+00
-1.140283226966857910e+00,1.366827011108398438e+00
-1.535534501075744629e+00,4.345835000276565552e-02
-1.133117377758026123e-01,1.500930070877075195e+00
1.283576130867004395e+00,2.095124870538711548e-02
5.051254108548164368e-02,-1.449180364608764648e+00
7.991042137145996094e-01,-1.021609067916870117e+00
-1.057919621467590332e+00,1.366926431655883789e+00
-1.347594141960144043e+00,5.148049443960189819e-02
-1.239418148994445801e+00,1.176443457603454590e+00
1.076216250658035278e-01,1.364701986312866211e+00
8.572383224964141846e-02,1.296920299530029297e+00
9.917668104171752930e-01,-9.958682060241699219e-01
-3.024613484740257263e-02,-1.480707645416259766e+00
1.384122014045715332e+00,7.865555584430694580e-03
-7.718311250209808350e-02,1.456299304962158203e+00
-8.673887252807617188e-01,9.177060723304748535e-01
-1.053541898727416992e+00,-1.065902352333068848e+00
1.361527323722839355e+00,-4.286576509475708008e-01
-1.393150538206100464e-03,-1.460746288299560547e+00
2.244338989257812500e-01,1.777783513069152832e+00
9.255408644676208496e-01,-9.620265960693359375e-01
9.121520519256591797e-01,1.071370959281921387e+00
-1.148533940315246582e+00,1.008720517158508301e+00
1.001720547676086426e+00,-9.450031518936157227e-01
3.243033960461616516e-02,-1.295660376548767090e+00
-1.050362348556518555e+00,1.016296744346618652e+00
1.464138865470886230e+00,-8.429430425167083740e-03
-8.979359865188598633e-01,-1.072783231735229492e+00
-1.299917340278625488e+00,8.503366708755493164e-01
-1.020582675933837891e+00,1.290212392807006836e+00
-1.021370053291320801e+00,-9.769475460052490234e-01
1.043597579002380371e+00,9.600692987442016602e-01
-9.530438184738159180e-01,1.171158313751220703e+00
9.336413145065307617e-01,1.088400602340698242e+00
1.144059777259826660e+00,1.067294001579284668e+00
9.638010263442993164e-01,-9.839249849319458008e-01
-9.053871631622314453e-01,-1.116415381431579590e+00
-1.191054463386535645e+00,4.368548840284347534e-02
-2.556706592440605164e-02,-1.476704716682434082e+00
-1.021273612976074219e+00,1.271450996398925781e+00
8.640260696411132812e-01,-1.131893157958984375e+00
-9.788451194763183594e-01,1.221639394760131836e+00
-1.465533524751663208e-01,-1.456039905548095703e+00
1.537708044052124023e-01,1.379647493362426758e+00
1.322781443595886230e+00,-1.204072609543800354e-01
1.023663401603698730e+00,1.065477013587951660e+00
-1.366326570510864258e+00,1.337282896041870117e+00
-8.356343507766723633e-01,8.508882522583007812e-01
9.006155729293823242e-01,-8.986598253250122070e-01
1.402415156364440918e+00,-1.210977211594581604e-01
-1.454019427299499512e+00,-1.052128523588180542e-02
-1.217290997505187988e+00,9.318072199821472168e-01
2.811060845851898193e-01,1.298040390014648438e+00
-1.503052830696105957e+00,2.684270441532135010e-01
1.336290240287780762e+00,3.258522599935531616e-02
-1.422990679740905762e+00,-5.924753099679946899e-02
-1.034703969955444336e+00,-9.929777383804321289e-01
-1.041777849197387695e+00,8.970658779144287109e-01
1.045168519020080566e+00,1.017349958419799805e+00
5.195734277367591858e-02,1.449976682662963867e+00
9.546326398849487305e-01,-8.659847974777221680e-01
-1.391762346029281616e-01,1.157140970230102539e+00
1.732893884181976318e-01,1.457982659339904785e+00
4.364787340164184570e-01,1.189375638961791992e+00
-2.693523094058036804e-02,-1.312024831771850586e+00
-1.543656229972839355e+00,1.083863750100135803e-01
-1.494114756584167480e+00,4.790921211242675781e-01
-1.063306212425231934e+00,1.189067840576171875e+00
-1.720395833253860474e-01,-1.451943516731262207e+00
-7.488800287246704102e-01,-1.106112241744995117e+00
-1.123423427343368530e-01,1.471575021743774414e+00
-1.323456406593322754e+00,1.237398386001586914e+00
-9.270544052124023438e-01,1.142277240753173828e+00
-1.053378134965896606e-01,1.378517746925354004e+00
1.416454553604125977e+00,1.482676714658737183e-02
-1.479686975479125977e+00,3.001020103693008423e-02
-5.762906000018119812e-02,-1.305541634559631348e+00
-1.002652525901794434e+00,-1.038369894027709961e+00
-8.848449587821960449e-01,-1.052751421928405762e+00
-9.087371826171875000e-01,8.250888586044311523e-01
-1.516603112220764160e+00,1.348715126514434814e-01
1.370412945747375488e+00,1.018287613987922668e-01
1.563743129372596741e-02,1.438679695129394531e+00
1.405212521553039551e+00,-4.842510074377059937e-02
3.658558800816535950e-02,-1.416149854660034180e+00
-1.737262606620788574e+00,1.370070278644561768e-01
9.666876792907714844e-01,-1.037723064422607422e+00
8.609707951545715332e-01,-1.042490005493164062e+00
-4.057677388191223145e-01,1.594319105148315430e+00
-1.395638704299926758e+00,4.758038371801376343e-02
-1.437759548425674438e-01,-1.544515371322631836e+00
2.082954719662666321e-02,-1.302268266677856445e+00
8.974120616912841797e-01,9.745861291885375977e-01
-1.041171193122863770e+00,-1.028348922729492188e+00
1.315601468086242676e+00,-3.317684680223464966e-02
-1.357045173645019531e+00,-9.721852838993072510e-03
-9.443019628524780273e-01,9.705365896224975586e-01
-8.009079694747924805e-01,1.188493013381958008e+00
-1.422496289014816284e-01,-1.310810685157775879e+00
-1.372295498847961426e+00,3.251987993717193604e-01
9.867856502532958984e-01,-9.993393421173095703e-01
1.261166214942932129e+00,6.559050828218460083e-02
8.209358453750610352e-01,-1.047214031219482422e+00
-1.361742243170738220e-02,-1.424806118011474609e+00
1.323200821876525879e+00,-5.500070750713348389e-03
-1.033085703849792480e+00,1.060765624046325684e+00
1.355042099952697754e+00,-1.901296973228454590e-01
1.046460509300231934e+00,9.014387130737304688e-01
-1.499324440956115723e+00,-4.207365959882736206e-02
-1.480656743049621582e+00,-8.233129233121871948e-02
1.021546959877014160e+00,-8.084543943405151367e-01
8.589003086090087891e-01,1.038940191268920898e+00
-1.053512811660766602e+00,1.131802916526794434e+00
1.016835570335388184e+00,-1.035841703414916992e+00
1.072051525115966797e+00,1.090278863906860352e+00
1.354632824659347534e-01,1.362999200820922852e+00
-5.149916931986808777e-02,1.326695680618286133e+00
1.442215740680694580e-01,1.368744134902954102e+00
-1.017568707466125488e+00,-9.999244213104248047e-01
9.413408637046813965e-01,-1.083566665649414062e+00
-5.620155856013298035e-02,-1.455891370773315430e+00
1.339506268501281738e+00,-7.757642120122909546e-02
2.311426773667335510e-02,1.463452458381652832e+00
-2.996411174535751343e-03,-1.444728851318359375e+00
6.785528361797332764e-02,-1.400594949722290039e+00
8.759654760360717773e-01,-9.960887432098388672e-01
-4.923333525657653809e-01,1.265245795249938965e+00
-3.886413201689720154e-02,1.469262719154357910e+00
-9.008476138114929199e-01,1.037521243095397949e+00
-1.072475790977478027e+00,1.137170672416687012e+00
-1.600805163383483887e+00,2.728603482246398926e-01
-1.529645547270774841e-02,-1.350183725357055664e+00
-1.030585169792175293e+00,1.049743890762329102e+00
8.446354269981384277e-01,9.540576934814453125e-01
9.037419557571411133e-01,9.550680518150329590e-01
-9.371578693389892578e-01,1.081728696823120117e+00
1.105153933167457581e-02,-1.425198197364807129e+00
-1.358790755271911621e+00,1.480314254760742188e+00
-8.334662765264511108e-03,-1.276709198951721191e+00
-1.053929448127746582e+00,-1.015349388122558594e+00
9.690909385681152344e-01,9.257397651672363281e-01
-7.913939654827117920e-02,-1.266179084777832031e+00
8.886153697967529297e-01,1.039401292800903320e+00
-2.660528942942619324e-02,1.530973672866821289e+00
-1.047145366668701172e+00,-9.659025669097900391e-01
-5.267850756645202637e-01,1.323570728302001953e+00
8.954974412918090820e-01,-9.857354164123535156e-01
1.395139545202255249e-01,1.504782438278198242e+00
-1.120686173439025879e+00,1.006415486335754395e+00
1.363396048545837402e+00,-5.972974002361297607e-03
-9.878659248352050781e-01,-1.041272878646850586e+00
1.340085148811340332e+00,-8.596118539571762085e-02
-1.715099513530731201e-01,-1.375320076942443848e+00
-1.164029717445373535e+00,1.200528144836425781e+00
-9.553685188293457031e-01,9.696270227432250977e-01
-9.586042761802673340e-01,9.187192916870117188e-01
-1.391314387321472168e+00,-1.523912698030471802e-02
-1.022761821746826172e+00,-9.750303030014038086e-01
-1.085692524909973145e+00,9.427349567413330078e-01
-1.010727047920227051e+00,1.088095068931579590e+00
1.426590442657470703e+00,1.028236225247383118e-01
-1.049180865287780762e+00,9.197942614555358887e-01
3.359932079911231995e-02,1.273048877716064453e+00
-9.458284378051757812e-01,-9.666230678558349609e-01
-1.169549942016601562e+00,1.063257455825805664e+00
-1.545494347810745239e-01,1.422325968742370605e+00
1.005099177360534668e+00,-9.561080932617187500e-01
1.018045902252197266e+00,9.968264102935791016e-01
-1.071626901626586914e+00,-9.268820285797119141e-01
8.624578118324279785e-01,-9.511052370071411133e-01
9.748893976211547852e-01,-1.024191141128540039e+00
1.316056966781616211e+00,-3.678717464208602905e-02
1.041311383247375488e+00,1.044722914695739746e+00
-1.020761251449584961e+00,-1.013707399368286133e+00
9.143760800361633301e-01,-9.036917686462402344e-01
-1.804206967353820801e+00,2.312379479408264160e-01
-9.250175207853317261e-03,-1.423111915588378906e+00
1.359258413314819336e+00,2.572587132453918457e-01
7.481497526168823242e-01,-1.084475040435791016e+00
1.028805613517761230e+00,1.049716591835021973e+00
8.029789924621582031e-01,8.996636867523193359e-01
6.789796054363250732e-02,1.417089700698852539e+00
-1.054671883583068848e+00,9.205912351608276367e-01
-1.325409114360809326e-01,-1.471562623977661133e+00
-1.018833398818969727e+00,-8.874216079711914062e-01
-7.944018244743347168e-01,1.068319439888000488e+00
-1.567762717604637146e-02,-1.381759643554687500e+00
-1.025966882705688477e+00,1.143826365470886230e+00
-1.106848835945129395e+00,9.541274309158325195e-01
1.134902358055114746e+00,1.042753577232360840e+00
-1.046769976615905762e+00,-8.991267085075378418e-01
-7.210356593132019043e-01,8.159129619598388672e-01
1.261281609535217285e+00,-4.839096218347549438e-02
-2.098136991262435913e-01,1.721402049064636230e+00
9.425669908523559570e-01,8.248186111450195312e-01
-1.091904044151306152e+00,1.081249833106994629e+00
-1.259496927261352539e+00,1.312994241714477539e+00
-2.672021090984344482e-01,1.313836693763732910e+00
8.456604480743408203e-01,-1.014917373657226562e+00
-1.040935158729553223e+00,8.310938477516174316e-01
-1.340555772185325623e-02,-1.513309240341186523e+00
9.140377044677734375e-01,9.400086998939514160e-01
1.366508007049560547e+00,-9.035138040781021118e-02
1.538283005356788635e-02,1.334375381469726562e+00
-1.180598497390747070e+00,1.079421758651733398e+00
9.259376525878906250e-01,8.658403158187866211e-01
-7.341204583644866943e-02,-1.323737144470214844e+00
-1.403317332267761230e+00,2.413546442985534668e-01
1.219055294990539551e+00,-4.053900241851806641e-01
-9.343401193618774414e-01,-1.026419401168823242e+00
1.046144366264343262e+00,1.174188852310180664e+00
-1.270401030778884888e-01,-1.375921964645385742e+00
9.127274751663208008e-01,9.932254552841186523e-01
-1.407802462577819824e+00,-6.990586966276168823e-02
-1.591669023036956787e-01,-1.332619667053222656e+00
8.755114078521728516e-01,-1.089863896369934082e+00
-1.749798282980918884e-02,1.397611975669860840e+00
1.011793494224548340e+00,9.325008392333984375e-01
3.099430799484252930e-01,1.348767757415771484e+00
-1.006064653396606445e+00,1.138745188713073730e+00
-1.480098813772201538e-03,1.244808435440063477e+00
-1.266253829002380371e+00,1.119643524289131165e-01
1.347486138343811035e+00,-7.029498368501663208e-02
-9.671422243118286133e-01,1.101144075393676758e+00
-1.329405784606933594e+00,2.586742937564849854e-01
-1.244639515876770020e+00,7.820574045181274414e-01
-1.433628916740417480e+00,9.595461189746856689e-03
1.321387410163879395e+00,-9.059358388185501099e-02
1.389000535011291504e+00,-1.995549350976943970e-02
-1.041428297758102417e-01,1.373092770576477051e+00
1.421875000000000000e+00,5.692075937986373901e-02
1.154085278511047363e+00,7.184445261955261230e-01
9.771150350570678711e-01,1.019302010536193848e+00
-9.523918628692626953e-01,-9.871867895126342773e-01
1.256215274333953857e-01,1.438760161399841309e+00
-2.264424785971641541e-02,-1.466672420501708984e+00
-1.290017962455749512e+00,-6.312742829322814941e-03
8.328703641891479492e-01,-1.000156402587890625e+00
-1.436346411705017090e+00,-5.049512982368469238e-01
-1.669980585575103760e-01,1.598420619964599609e+00
9.062100201845169067e-03,1.753784418106079102e+00
1.972912624478340149e-02,-1.381646633148193359e+00
8.898161649703979492e-01,-1.037602424621582031e+00
-1.498864531517028809e+00,9.853377193212509155e-02
-7.570956647396087646e-02,1.423033237457275391e+00
1.149588465690612793e+00,9.250018596649169922e-01
-1.930769085884094238e-01,-1.426514387130737305e+00
-1.515566825866699219e+00,-1.515404880046844482e-01
-1.207773566246032715e+00,1.064475655555725098e+00
1.127866864204406738e+00,8.207660913467407227e-01
5.037604644894599915e-02,1.317268133163452148e+00
1.219853281974792480e+00,-1.315207481384277344e-01
-1.084311842918395996e+00,-1.013697266578674316e+00
1.274223208427429199e+00,-8.227100223302841187e-02
-1.083076834678649902e+00,1.232358932495117188e+00
1.507109165191650391e+00,9.987059980630874634e-02
-5.562197789549827576e-02,1.436508417129516602e+00
1.303714752197265625e+00,-1.277692615985870361e-01
-6.741267442703247070e-02,1.829111099243164062e+00
1.378243088722229004e+00,1.634266078472137451e-01
9.301451444625854492e-01,-9.075452089309692383e-01
-1.410467922687530518e-01,1.494400978088378906e+00
-1.043842911720275879e+00,-9.407738447189331055e-01
3.508157730102539062e-01,1.258038997650146484e+00
-1.164409160614013672e+00,-9.727904796600341797e-01
-1.409619450569152832e+00,2.051415145397186279e-01
9.712002277374267578e-01,-1.087070345878601074e+00
8.418018817901611328e-01,-1.070309877395629883e+00
-1.256742924451828003e-01,1.534676074981689453e+00
-1.431983590126037598e+00,1.210160925984382629e-01
-1.241267085075378418e+00,1.419715881347656250e+00
-9.118953943252563477e-01,1.121122360229492188e+00
8.246613740921020508e-01,1.061811447143554688e+00
1.746897771954536438e-02,1.609109878540039062e+00
-1.086882591247558594e+00,-1.056161642074584961e+00
-1.194596529006958008e+00,1.282783031463623047e+00
6.697357892990112305e-01,-1.016969680786132812e+00
-2.920825406908988953e-02,1.497644066810607910e+00
-3.246959149837493896e-01,1.524965167045593262e+00
-1.036401987075805664e+00,-1.029152512550354004e+00
-1.013212919235229492e+00,-1.025117635726928711e+00
6.834419071674346924e-02,-1.294776439666748047e+00
-1.215856909751892090e+00,7.720112055540084839e-02
1.054081320762634277e+00,-8.070882558822631836e-01
7.339020073413848877e-02,1.412730216979980469e+00
-1.176907896995544434e+00,1.369496583938598633e-01
-7.904231548309326172e-01,1.014903545379638672e+00
1.294590383768081665e-01,1.579785466194152832e+00
6.586629897356033325e-03,-1.301766633987426758e+00
-1.524989008903503418e+00,1.333892226219177246e+00
-1.527850508689880371e+00,-2.307734638452529907e-02
1.329989552497863770e+00,-6.160592287778854370e-02
1.398606181144714355e+00,-2.888762205839157104e-02
9.937046766281127930e-01,1.006719946861267090e+00
-1.212481379508972168e+00,1.045768022537231445e+00
-1.563670277595520020e+00,1.678766608238220215e-01
-1.043810963630676270e+00,-1.116351366043090820e+00
-1.498133242130279541e-01,-1.496932983398437500e+00
-1.085339114069938660e-02,-1.352719664573669434e+00
-9.062716960906982422e-01,-1.001506328582763672e+00
-3.596058115363121033e-02,1.554090619087219238e+00
-5.019583925604820251e-02,1.480136156082153320e+00
-9.095270931720733643e-02,-1.279047131538391113e+00
1.458448767662048340e+00,-7.771722227334976196e-02
9.536010026931762695e-01,1.009702324867248535e+00
-1.006079554557800293e+00,1.170501589775085449e+00
-8.869501352310180664e-01,1.268585562705993652e+00
8.255496621131896973e-01,-1.091140508651733398e+00
-1.071102976799011230e+00,1.150121450424194336e+00
-2.469049245119094849e-01,-1.393367767333984375e+00
-1.555077359080314636e-02,-1.442713022232055664e+00
-1.337209820747375488e+00,-2.992130815982818604e-03
1.477343216538429260e-02,1.281436443328857422e+00
-5.769738182425498962e-02,-1.389228701591491699e+00
-1.550866484642028809e+00,6.948376446962356567e-02
1.018796682357788086e+00,-9.070292115211486816e-01
-9.051830172538757324e-01,8.878785371780395508e-01
-8.471513390541076660e-01,1.027715921401977539e+00
-1.178393959999084473e+00,1.286331295967102051e+00
-2.812058851122856140e-02,1.403741121292114258e+00
1.277708172798156738e+00,-1.569067239761352539e-01
9.361221790313720703e-01,-1.074294924736022949e+00
-5.227648839354515076e-02,-1.401571035385131836e+00
1.414484381675720215e+00,-1.233742162585258484e-01
1.032484173774719238e+00,-9.284973144531250000e-01
9.033732414245605469e-01,-9.763550758361816406e-01
1.402831196784973145e+00,2.415896207094192505e-02
-1.210765957832336426e+00,-1.056359052658081055e+00
1.377628564834594727e+00,-8.448880165815353394e-02
3.201402723789215088e-04,1.383733987808227539e+00
5.692235007882118225e-02,-1.509799242019653320e+00
9.848748445510864258e-01,1.097046732902526855e+00
-3.457032144069671631e-01,1.672064185142517090e+00
-1.216876864433288574e+00,1.190760612487792969e+00
1.408476233482360840e+00,9.042005985975265503e-02
-1.169193863868713379e+00,-6.350712776184082031e-01
-1.045010983943939209e-01,1.417706727981567383e+00
-1.616016626358032227e-01,-1.386376857757568359e+00
-1.370029211044311523e+00,-1.217946931719779968e-01
1.031902670860290527e+00,-1.036685705184936523e+00
1.108260512351989746e+00,-9.847766160964965820e-01
-3.616662323474884033e-01,-1.328112602233886719e+00
1.363667368888854980e+00,5.824478715658187866e-02
1.499740123748779297e+00,5.584811419248580933e-02
-3.924515470862388611e-02,-1.482274413108825684e+00
9.008244276046752930e-01,-9.669009447097778320e-01
8.855412006378173828e-01,9.478743076324462891e-01
-5.753978714346885681e-02,-1.479329824447631836e+00
-1.010981798171997070e+00,-9.686923027038574219e-01
-1.483636736869812012e+00,-7.790051400661468506e-03
-7.859389483928680420e-02,1.385719776153564453e+00
1.340669751167297363e+00,7.695973664522171021e-02
-1.206373095512390137e+00,1.271736264228820801e+00
1.355628848075866699e+00,1.078827604651451111e-01
1.355100989341735840e+00,-1.559789776802062988e-01
-9.571571350097656250e-01,1.047706484794616699e+00
-1.541617751121520996e+00,1.265803575515747070e-01
-8.000817149877548218e-03,1.480921268463134766e+00
6.716175377368927002e-02,-1.381741642951965332e+00
-1.536029815673828125e+00,4.521094262599945068e-03
4.698714986443519592e-02,1.344826459884643555e+00
8.729745149612426758e-01,-9.986871480941772461e-01
1.425967335700988770e+00,-2.170597761869430542e-02
1.982063427567481995e-02,-1.420789003372192383e+00
-1.416603326797485352e+00,-6.162442266941070557e-03
9.324752092361450195e-01,9.550485014915466309e-01
-9.651365876197814941e-01,-1.065259575843811035e+00
-9.532306790351867676e-01,1.075498342514038086e+00
-1.244416594505310059e+00,1.123950839042663574e+00
-1.362892031669616699e+00,1.405154764652252197e-01
1.322125315666198730e+00,8.317642658948898315e-02
-9.784363508224487305e-01,-9.701126813888549805e-01
-1.311527937650680542e-01,-1.434015750885009766e+00
8.612494468688964844e-01,9.757541418075561523e-01
3.599969148635864258e-01,1.262048006057739258e+00
1.318358421325683594e+00,-8.494760841131210327e-02
8.626353144645690918e-01,-9.685822725296020508e-01
9.835474491119384766e-01,9.329921007156372070e-01
1.322474837303161621e+00,-1.270269602537155151e-02
-1.041725516319274902e+00,-1.010537624359130859e+00
1.451784729957580566e+00,-2.043788880109786987e-02
3.641863167285919189e-01,-1.303267478942871094e+00
6.184989586472511292e-02,1.351729989051818848e+00
-9.076657891273498535e-01,9.844666123390197754e-01
-1.383894383907318115e-01,-1.390466213226318359e+00
-9.357300996780395508e-01,-1.104990363121032715e+00
-1.093716979026794434e+00,1.224496841430664062e+00
-7.326990365982055664e-01,1.274092674255371094e+00
8.822667598724365234e-01,-9.492405652999877930e-01
-9.996274709701538086e-01,-1.003835916519165039e+00
-1.631855219602584839e-01,1.403607130050659180e+00
8.399773389101028442e-03,1.422982335090637207e+00
9.983597993850708008e-01,-1.001596808433532715e+00
1.469379782676696777e+00,-3.274568170309066772e-02
-4.254820570349693298e-02,-1.342767000198364258e+00
-7.672776579856872559e-01,9.515076875686645508e-01
-1.505154490470886230e+00,3.211870044469833374e-02
-1.626278087496757507e-02,1.238614201545715332e+00
-1.423844218254089355e+00,1.042291149497032166e-01
-1.823146194219589233e-01,-1.328708171844482422e+00
-1.468162178993225098e+00,2.291574329137802124e-02
-1.189412474632263184e+00,1.127185106277465820e+00
-1.594649672508239746e+00,-7.190711796283721924e-03
-1.054049372673034668e+00,9.698237776756286621e-01
-9.744099974632263184e-01,-1.001199364662170410e+00
-1.128584504127502441e+00,-1.128979563713073730e+00
4.043800830841064453e-01,1.224239945411682129e+00
-9.846943616867065430e-01,1.132476329803466797e+00
1.785071194171905518e-01,1.398784041404724121e+00
-9.596872329711914062e-01,-8.743350505828857422e-01
1.283964276313781738e+00,-2.810815721750259399e-02
-8.468239009380340576e-02,1.511126995086669922e+00
-4.757274314761161804e-02,-1.415126085281372070e+00
-1.340616822242736816e+00,5.676319450139999390e-02
-1.384745717048645020e+00,4.311175048351287842e-01
1.056053489446640015e-01,1.412294745445251465e+00
8.394696712493896484e-01,8.778212666511535645e-01
-9.630612730979919434e-01,-9.658422470092773438e-01
-1.562564611434936523e+00,3.304146230220794678e-03
1.895856261253356934e-01,1.199509978294372559e+00
-1.216110140085220337e-01,-1.388881564140319824e+00
-9.630194306373596191e-02,-1.425831794738769531e+00
7.472884654998779297e-01,-8.999763727188110352e-01
1.093270659446716309e+00,-7.789565324783325195e-01
1.225835442543029785e+00,-1.052573248744010925e-01
-8.989149332046508789e-01,1.036550402641296387e+00
-8.096325397491455078e-02,-1.300023555755615234e+00
-1.518589377403259277e+00,8.911404758691787720e-02
2.766149118542671204e-02,1.495778560638427734e+00
9.423381686210632324e-01,9.012979865074157715e-01
-1.687611937522888184e-01,1.371892452239990234e+00
-1.382248044013977051e+00,-6.712999194860458374e-02
1.306262850761413574e+00,-1.608286499977111816e-01
-4.338101744651794434e-01,1.301711440086364746e+00
1.070630922913551331e-02,1.297012090682983398e+00
1.002339720726013184e+00,8.962928652763366699e-01
9.298100471496582031e-01,9.785555601119995117e-01
-2.964336797595024109e-02,1.402970790863037109e+00
1.259187102317810059e+00,-5.801828950643539429e-02
-9.236110448837280273e-01,-1.095028042793273926e+00
1.209025025367736816e+00,-3.448353707790374756e-01
1.439734458923339844e+00,-8.120917528867721558e-02
-1.123691439628601074e+00,9.722462892532348633e-01
-1.061731815338134766e+00,1.040271162986755371e+00
-9.121872782707214355e-01,8.772259950637817383e-01
-1.368008732795715332e+00,-5.809418857097625732e-03
-9.501005411148071289e-01,1.082340121269226074e+00
1.061751693487167358e-01,1.475786805152893066e+00
1.004926562309265137e+00,-1.085210323333740234e+00
7.839074134826660156e-01,9.282500743865966797e-01
-1.120661377906799316e+00,1.201654076576232910e+00
-9.238700866699218750e-01,9.450045824050903320e-01
9.003839492797851562e-01,-1.035941481590270996e+00
-9.473026990890502930e-01,-1.035436511039733887e+00
1.406001925468444824e+00,6.034273654222488403e-02
1.335612177848815918e+00,3.575173765420913696e-02
9.094008207321166992e-01,-1.028445005416870117e+00
1.446281790733337402e+00,-6.718464195728302002e-03
-1.394969820976257324e+00,1.323794364929199219e+00
9.346197247505187988e-01,-9.156386852264404297e-01
-1.001386523246765137e+00,-9.104346036911010742e-01
-6.268504261970520020e-02,-1.389961004257202148e+00
1.262149214744567871e+00,9.939961135387420654e-03
-3.043482825160026550e-02,-1.446753859519958496e+00
9.989300966262817383e-01,1.055360794067382812e+00
-1.067760229110717773e+00,-1.036495804786682129e+00
1.125911831855773926e+00,-1.062573194503784180e+00
8.376466631889343262e-01,-1.054559230804443359e+00
-1.352626442909240723e+00,-1.689071953296661377e-02
1.247230172157287598e+00,-2.965944260358810425e-02
-1.287283539772033691e+00,2.190721929073333740e-01
-1.070714354515075684e+00,1.104976892471313477e+00
-8.574877381324768066e-01,9.776210188865661621e-01
9.032382965087890625e-01,-1.069262742996215820e+00
5.485187843441963196e-02,1.424531936645507812e+00
-2.329411730170249939e-02,-1.408300161361694336e+00
-9.209924340248107910e-01,1.017107248306274414e+00
6.372916698455810547e-02,1.510062336921691895e+00
-8.721778988838195801e-01,9.536149501800537109e-01
-1.292695760726928711e+00,3.774606436491012573e-02
8.915042281150817871e-01,-1.183671951293945312e+00
9.761343002319335938e-01,9.332174658775329590e-01
-1.171466708183288574e+00,-7.490757107734680176e-01
1.343367695808410645e+00,1.178167089819908142e-01
-1.574031591415405273e+00,1.573247462511062622e-02
-5.679513216018676758e-01,1.344715237617492676e+00
1.388457417488098145e+00,-5.459155887365341187e-02
-1.322077393531799316e+00,1.054866075515747070e+00
1.032145857810974121e+00,1.110796451568603516e+00
-1.186507105827331543e+00,9.863228797912597656e-01
8.601960539817810059e-02,1.519178032875061035e+00
-8.703081011772155762e-01,-9.730634689331054688e-01
-9.719537496566772461e-01,1.090724587440490723e+00
-1.554049611091613770e+00,1.821551471948623657e-02
9.345859289169311523e-01,-1.022775650024414062e+00
8.536037206649780273e-01,-9.278473258018493652e-01
9.593115448951721191e-01,-9.652926921844482422e-01
3.229891136288642883e-02,1.407618403434753418e+00
-4.968773946166038513e-02,1.269431591033935547e+00
-1.028104066848754883e+00,1.127594590187072754e+00
8.944981098175048828e-01,9.043384790420532227e-01
1.268742442131042480e+00,-1.121298223733901978e-02
-9.222285747528076172e-01,-1.011091709136962891e+00
-1.777166426181793213e-01,1.409831762313842773e+00
-1.174285054206848145e+00,1.289265871047973633e+00
-6.839974224567413330e-02,1.392142534255981445e+00
-7.560506463050842285e-02,-1.227057099342346191e+00
-8.715866208076477051e-01,8.907825350761413574e-01
-9.656313657760620117e-01,1.122962474822998047e+00
-1.217789769172668457e+00,1.160797238349914551e+00
-1.374309062957763672e+00,3.924202173948287964e-02
1.013160228729248047e+00,9.671556949615478516e-01
1.410968422889709473e+00,5.458799749612808228e-02
-1.028286933898925781e+00,1.029181480407714844e+00
-1.629924654960632324e+00,1.622682213783264160e-01
-1.004631042480468750e+00,-1.074632287025451660e+00
1.266876578330993652e+00,6.631292402744293213e-03
1.328370690345764160e+00,-5.599685758352279663e-02
7.813874632120132446e-03,-1.397812128067016602e+00
-7.286027073860168457e-01,1.451560854911804199e+00
-9.690234065055847168e-02,-1.274924755096435547e+00
-1.173069596290588379e+00,6.174406409263610840e-01
-1.267093777656555176e+00,1.183072447776794434e+00
-1.011979103088378906e+00,-1.051847100257873535e+00
-9.820433855056762695e-01,-8.882275819778442383e-01
9.413780570030212402e-01,-9.278370141983032227e-01
-9.789853096008300781e-01,8.769150972366333008e-01
-9.634736776351928711e-01,-1.029402732849121094e+00
8.733086585998535156e-01,-9.295910596847534180e-01
-1.200806498527526855e+00,1.255982875823974609e+00
1.026703238487243652e+00,-6.336360573768615723e-01
-1.426258310675621033e-02,1.489074468612670898e+00
-1.481961831450462341e-02,-1.408078312873840332e+00
-3.616153821349143982e-02,1.369078397750854492e+00
-8.323471248149871826e-02,1.723358631134033203e+00
-1.112882971763610840e+00,1.185855269432067871e+00
-1.155983656644821167e-03,1.383126974105834961e+00
-1.403317689895629883e+00,1.206557974219322205e-01
-9.419209957122802734e-01,9.415237903594970703e-01
-1.382964253425598145e+00,1.344884276390075684e+00
-1.933099627494812012e-01,-1.398738861083984375e+00
6.625920534133911133e-02,1.353128075599670410e+00
9.694093465805053711e-01,-9.678974151611328125e-01
-4.550698027014732361e-02,-1.386216640472412109e+00
-9.711195826530456543e-01,-9.668190479278564453e-01
-4.718329757452011108e-03,1.387472629547119141e+00
8.866028189659118652e-01,-1.002342939376831055e+00
-1.262627959251403809e+00,1.519382297992706299e-01
-1.267156243324279785e+00,-4.689868688583374023e-01
9.487452507019042969e-01,1.022410154342651367e+00
1.305518269538879395e+00,-1.338260769844055176e-01
8.527173995971679688e-01,1.010232686996459961e+00
1.288390994071960449e+00,1.281487643718719482e-01
8.005231022834777832e-01,-1.163301467895507812e+00
9.018516540527343750e-01,9.183720946311950684e-01
-1.089634537696838379e+00,1.036059021949768066e+00
1.377597928047180176e+00,-1.021010503172874451e-01
-9.849579334259033203e-01,-8.935762047767639160e-01
-1.557954549789428711e+00,-9.024344384670257568e-03
-1.646094799041748047e+00,6.184864789247512817e-02
9.471289515495300293e-01,-1.072787284851074219e+00
-1.477623105049133301e+00,1.455769836902618408e-01
1.014052510261535645e+00,9.804438352584838867e-01
-1.525320410728454590e+00,6.479353457689285278e-02
1.452720522880554199e+00,-9.477671235799789429e-02
-1.115221381187438965e+00,1.230583429336547852e+00
-2.307730168104171753e-01,-1.418514728546142578e+00
-9.363553524017333984e-01,8.892883062362670898e-01
-1.226955771446228027e+00,1.388515949249267578e+00
-8.977426886558532715e-01,9.621998071670532227e-01
-1.263769149780273438e+00,1.127397298812866211e+00
8.402016758918762207e-01,-9.812864065170288086e-01
-1.460456013679504395e+00,1.283959507942199707e+00
-8.672291040420532227e-01,8.559646606445312500e-01
1.016464471817016602e+00,1.088424563407897949e+00
9.976302385330200195e-01,9.352228641510009766e-01
-9.704366922378540039e-01,1.061121940612792969e+00
1.266747117042541504e+00,-1.245899423956871033e-01
1.008337736129760742e+00,-8.977745771408081055e-01
-9.713792800903320312e-01,1.206543803215026855e+00
1.863889768719673157e-02,1.382575035095214844e+00
9.289525151252746582e-01,8.476991653442382812e-01
-1.211144089698791504e+00,6.237476319074630737e-02
-1.139630824327468872e-01,1.321233153343200684e+00
5.118255689740180969e-02,1.374064087867736816e+00
-9.916636943817138672e-01,-1.013464331626892090e+00
9.098774194717407227e-01,-9.603905677795410156e-01
1.335799336433410645e+00,-1.681587398052215576e-01
-1.087513804435729980e+00,1.052397370338439941e+00
1.242083430290222168e+00,6.076823920011520386e-02
-9.630265235900878906e-01,1.091780185699462891e+00
-1.070761084556579590e+00,-9.811151027679443359e-01
-9.830677509307861328e-01,9.897286295890808105e-01
5.186511874198913574e-01,1.299471497535705566e+00
2.899613082408905029e-01,-1.326841592788696289e+00
-9.920148849487304688e-01,-1.018106579780578613e+00
-1.453749060630798340e+00,1.277151823043823242e+00
1.366406440734863281e+00,-1.441390216350555420e-01
-9.068762063980102539e-01,1.043541431427001953e+00
1.065093278884887695e+00,-9.677951335906982422e-01
1.316781163215637207e+00,9.795648604631423950e-02
-6.026936173439025879e-01,1.202771544456481934e+00
-1.001636743545532227e+00,-9.844784736633300781e-01
-1.308489143848419189e-01,-1.454012155532836914e+00
9.074390530586242676e-01,-9.928196668624877930e-01
-1.070660352706909180e-01,-1.247239351272583008e+00
1.417868018150329590e+00,1.879755556583404541e-01
1.352180361747741699e+00,7.421217858791351318e-03
1.337373495101928711e+00,-1.627782583236694336e-01
-2.435856685042381287e-02,-1.353936195373535156e+00
-1.060714006423950195e+00,-1.010330438613891602e+00
9.562567472457885742e-01,-9.956389665603637695e-01
-1.509277820587158203e+00,1.294637024402618408e-01
9.073235988616943359e-01,1.101730942726135254e+00
-1.443422913551330566e+00,4.639089852571487427e-02
-1.862044453620910645e+00,4.420832544565200806e-02
-1.197086811065673828e+00,6.526178866624832153e-02
8.817130923271179199e-01,9.247104525566101074e-01
-9.628806114196777344e-01,9.196219444274902344e-01
-1.420477867126464844e+00,-8.281851410865783691e-01
-7.174662947654724121e-01,-1.187854766845703125e+00
-3.031773492693901062e-02,-1.369601964950561523e+00
-1.067962288856506348e+00,-9.667354822158813477e-01
-8.767291903495788574e-02,-1.446787238121032715e+00
9.430342912673950195e-01,-9.328064918518066406e-01
9.521732330322265625e-01,9.852650165557861328e-01
9.827511310577392578e-01,1.039036273956298828e+00
8.889505267143249512e-01,-1.069989323616027832e+00
1.103398442268371582e+00,-9.689743518829345703e-01
2.011943235993385315e-02,1.398945093154907227e+00
1.427334547042846680e+00,5.750367790460586548e-02
-1.724003911018371582e+00,3.532127290964126587e-02
-1.220291733741760254e+00,1.172989368438720703e+00
3.996977582573890686e-02,1.572628498077392578e+00
-1.638431668281555176e+00,1.835071444511413574e-01
-9.721496105194091797e-01,-9.194670915603637695e-01
-1.423239588737487793e+00,-5.321215838193893433e-02
1.334514975547790527e+00,-6.128820031881332397e-02
1.147668004035949707e+00,-9.638311713933944702e-02
9.944094419479370117e-01,9.314396381378173828e-01
-1.229972958564758301e+00,9.076634645462036133e-01
1.327542424201965332e+00,2.565550059080123901e-02
-5.314746126532554626e-02,1.271910071372985840e+00
-1.654547929763793945e+00,3.002440184354782104e-02
1.362033963203430176e+00,-7.492446154356002808e-02
-9.911493062973022461e-01,9.114738702774047852e-01
9.686847925186157227e-01,1.035301089286804199e+00
-1.231335520744323730e+00,1.043569803237915039e+00
-8.776725828647613525e-02,-1.448897361755371094e+00
1.088241934776306152e+00,-9.492733478546142578e-01
9.001314640045166016e-01,-9.565279483795166016e-01
9.117027521133422852e-01,-9.868084192276000977e-01
-9.568811655044555664e-01,1.139834403991699219e+00
-1.175509452819824219e+00,1.064964413642883301e+00
-5.647228285670280457e-02,1.528162956237792969e+00
-9.752413034439086914e-01,1.086014747619628906e+00
-4.521112889051437378e-03,-1.458343744277954102e+00
8.941262960433959961e-01,-9.563635587692260742e-01
-1.474678635597229004e+00,8.379162102937698364e-02
-1.220856904983520508e-01,1.499359846115112305e+00
-8.949158191680908203e-01,-9.719040393829345703e-01
8.425984382629394531e-01,-8.573994040489196777e-01
-1.196475744247436523e+00,1.146948575973510742e+00
-1.290947556495666504e+00,-1.636914610862731934e-01
-9.248938411474227905e-03,-1.345093965530395508e+00
-1.156549572944641113e+00,1.081991553306579590e+00
-8.241277933120727539e-02,1.413590550422668457e+00
-1.053859353065490723e+00,1.061946034431457520e+00
-4.430125281214714050e-02,1.302695512771606445e+00
9.508010745048522949e-01,-1.009986162185668945e+00
9.166558980941772461e-01,9.774696230888366699e-01
9.504270553588867188e-01,8.985098600387573242e-01
-1.480266332626342773e+00,9.186088293790817261e-02
-9.571476578712463379e-01,8.527542352676391602e-01
-1.391895890235900879e+00,1.064118221402168274e-01
8.885245323181152344e-01,-1.043533205986022949e+00
9.066495299339294434e-02,1.420976161956787109e+00
1.305686473846435547e+00,-6.688945740461349487e-02
-1.450463682413101196e-01,1.354398727416992188e+00
-1.091777205467224121e+00,9.612521529197692871e-01
-1.153422474861145020e+00,1.161437392234802246e+00
-1.276653558015823364e-01,-1.212676525115966797e+00
1.351193308830261230e+00,1.095645055174827576e-01
-1.271757006645202637e+00,1.166303232312202454e-01
9.145801663398742676e-01,8.775389194488525391e-01
8.621025085449218750e-01,9.707568883895874023e-01
-4.134076461195945740e-02,1.370000243186950684e+00
-4.179767891764640808e-02,-1.385266423225402832e+00
9.679710865020751953e-01,-9.763526916503906250e-01
-1.812156662344932556e-02,1.446486115455627441e+00
-1.104383111000061035e+00,1.301853895187377930e+00
-1.046282291412353516e+00,1.167950987815856934e+00
-1.009880542755126953e+00,-9.727277755737304688e-01
9.994630813598632812e-01,8.747275471687316895e-01
8.070614933967590332e-01,-1.044530868530273438e+00
-1.222031950950622559e+00,1.202116250991821289e+00
4.594901576638221741e-02,1.404457330703735352e+00
-1.003307819366455078e+00,1.423219919204711914e+00
-1.064997076988220215e+00,-9.763635396957397461e-01
1.037998914718627930e+00,-9.083367586135864258e-01
-1.109739899635314941e+00,1.146015405654907227e+00
-1.025081634521484375e+00,9.535897374153137207e-01
1.413486003875732422e+00,-1.024993285536766052e-01
1.293233513832092285e+00,-9.742848575115203857e-03
-1.076659798622131348e+00,9.285771846771240234e-01
3.565250709652900696e-02,1.354222178459167480e+00
-9.539054632186889648e-01,1.029046297073364258e+00
-1.314425587654113770e+00,8.138849586248397827e-02
8.535919785499572754e-01,-1.034160137176513672e+00
-4.893242940306663513e-02,-1.447961449623107910e+00
-1.600902676582336426e-01,1.435771822929382324e+00
-1.011314988136291504e-01,-1.346916198730468750e+00
-9.585535526275634766e-01,1.038104057312011719e+00
-2.426282688975334167e-02,-1.372101068496704102e+00
-9.563653469085693359e-01,1.130359292030334473e+00
-6.059352681040763855e-02,1.336830854415893555e+00
-1.469796299934387207e+00,1.152006909251213074e-01
-1.176576256752014160e+00,-8.152019977569580078e-01
-1.419474244117736816e+00,7.049826532602310181e-02
1.152094006538391113e+00,9.478014707565307617e-01
-5.826703831553459167e-02,-1.329805850982666016e+00
-1.023719787597656250e+00,-1.016042709350585938e+00
7.752475142478942871e-02,1.472766757011413574e+00
3.023613244295120239e-03,1.335228204727172852e+00
-1.051604986190795898e+00,-1.063104510307312012e+00
-9.792971611022949219e-01,1.049772500991821289e+00
1.452432036399841309e+00,4.794513434171676636e-02
2.012372016906738281e-01,1.446557521820068359e+00
-1.098722577095031738e+00,1.137086510658264160e+00
1.264967560768127441e+00,-2.708692103624343872e-02
-1.179535314440727234e-02,1.417076110839843750e+00
-1.105378746986389160e+00,1.329719781875610352e+00
1.086100339889526367e+00,8.367208242416381836e-01
-1.514542579650878906e+00,-7.340807467699050903e-02
4.450326040387153625e-02,-1.399199485778808594e+00
9.078663587570190430e-01,1.005854487419128418e+00
1.242056727409362793e+00,-1.894968450069427490e-01
-1.531311392784118652e+00,4.843733459711074829e-02
8.697453737258911133e-01,-9.159184694290161133e-01
1.398730158805847168e+00,-3.387894481420516968e-02
1.242647290229797363e+00,4.226171225309371948e-02
-4.903047904372215271e-02,-1.411906599998474121e+00
-1.456556200981140137e+00,-3.829739242792129517e-02
-6.032981872558593750e-01,1.511888742446899414e+00
-3.078171238303184509e-02,-1.287679076194763184e+00
-8.210633695125579834e-02,-1.350825309753417969e+00
-1.961971446871757507e-02,-1.302893757820129395e+00
1.366850376129150391e+00,5.268808454275131226e-02
-1.379026532173156738e+00,1.384827256202697754e+00
-4.936154782772064209e-01,1.227854967117309570e+00
-1.430314898490905762e+00,1.517827808856964111e-01
-5.159229040145874023e-01,1.430485010147094727e+00
7.992957532405853271e-02,-1.348904132843017578e+00
-1.307589650154113770e+00,1.082999482750892639e-01
-9.608749151229858398e-01,-1.050323247909545898e+00
-1.619270443916320801e+00,6.586567312479019165e-02
1.075330138206481934e+00,1.007542610168457031e+00
8.454585671424865723e-01,-8.975989222526550293e-01
9.825277328491210938e-01,8.714247941970825195e-01
-1.408758282661437988e+00,-1.390903294086456299e-01
-6.704410910606384277e-02,1.593261837959289551e+00
-8.938232064247131348e-01,1.243170857429504395e+00
6.899718195199966431e-03,-1.472154974937438965e+00
-9.813463687896728516e-02,1.294924378395080566e+00
8.531279563903808594e-01,-9.512864351272583008e-01
-1.497960329055786133e+00,2.554156631231307983e-02
-1.068310856819152832e+00,-1.083625316619873047e+00
-8.712992072105407715e-02,1.538466215133666992e+00
-1.126009464263916016e+00,-2.855224162340164185e-02
-1.063179492950439453e+00,-9.754023551940917969e-01
1.332959532737731934e+00,4.429803043603897095e-02
8.356122970581054688e-01,1.077643513679504395e+00
-1.153806328773498535e+00,-4.835590124130249023e-01
8.931674361228942871e-01,-1.017982721328735352e+00
-5.435090512037277222e-03,1.492654919624328613e+00
1.321381330490112305e+00,1.156179681420326233e-01
-9.357682466506958008e-01,9.944456219673156738e-01
-1.723040193319320679e-01,-1.431535482406616211e+00
-1.215427041053771973e+00,9.226227998733520508e-01
1.098372220993041992e+00,1.009627699851989746e+00
-1.201551079750061035e+00,1.012097477912902832e+00
-1.628275752067565918e+00,-8.004558831453323364e-02
1.342649340629577637e+00,-1.085027083754539490e-01
8.367320895195007324e-02,1.505357027053833008e+00
-1.083198070526123047e+00,1.250465273857116699e+00
-1.135788559913635254e+00,-8.152995705604553223e-01
5.152899399399757385e-02,-1.424065709114074707e+00
-3.168929740786552429e-02,1.529876947402954102e+00
-1.189746260643005371e+00,1.132680892944335938e+00
-1.203570246696472168e+00,1.346777677536010742e+00
-2.979100868105888367e-02,-1.507356405258178711e+00
1.353455901145935059e+00,1.390697807073593140e-02
-1.239455342292785645e+00,1.391039848327636719e+00
-1.089896440505981445e+00,-1.040084481239318848e+00
9.210371375083923340e-01,1.184947490692138672e+00
-1.212525010108947754e+00,5.635052174329757690e-02
1.042376279830932617e+00,-9.891805648803710938e-01
-1.140223070979118347e-02,1.599131107330322266e+00
-1.221372246742248535e+00,1.372691154479980469e+00
8.901491761207580566e-01,-1.056060194969177246e+00
-1.072593688964843750e+00,-1.006384134292602539e+00
-1.059059500694274902e+00,-9.056804776191711426e-01
-9.670025706291198730e-01,-1.074532747268676758e+00
-1.007825493812561035e+00,1.055839180946350098e+00
-1.454425811767578125e+00,5.035329610109329224e-02
-9.243739247322082520e-01,1.234341859817504883e+00
-5.693634971976280212e-02,1.533517956733703613e+00
-6.400033235549926758e-01,1.649135470390319824e+00
-1.118584573268890381e-01,-1.467666745185852051e+00
-8.655076026916503906e-01,8.553753495216369629e-01
1.958160474896430969e-02,-1.359116911888122559e+00
-7.349448204040527344e-01,8.445156812667846680e-01
1.375467896461486816e+00,-2.586608380079269409e-02
4.991269484162330627e-02,-1.373848438262939453e+00
-1.273532748222351074e+00,1.154110670089721680e+00
-6.370702385902404785e-02,-1.517861962318420410e+00
-1.189433455467224121e+00,-5.988513678312301636e-02
1.043140172958374023e+00,9.731562137603759766e-01
-1.069723725318908691e+00,1.045251727104187012e+00
-8.988719582557678223e-01,9.882911443710327148e-01
-1.016046762466430664e+00,1.057278752326965332e+00
9.371399879455566406e-01,1.086420059204101562e+00
-1.045063138008117676e+00,-9.910620450973510742e-01
-5.936923250555992126e-02,-1.427895665168762207e+00
-1.458525300025939941e+00,-1.830125600099563599e-02
-1.164729595184326172e+00,1.046394705772399902e+00
-1.347544550895690918e+00,1.405806660652160645e+00
-1.357179760932922363e+00,1.257622957229614258e+00
1.257743954658508301e+00,2.275593578815460205e-03
1.399979710578918457e+00,-8.826171606779098511e-02
8.628089427947998047e-01,-1.013120889663696289e+00
7.873263955116271973e-02,1.554607152938842773e+00
-1.269765257835388184e+00,4.005669653415679932e-01
1.302083134651184082e+00,4.982277005910873413e-02
-1.562602400779724121e+00,6.153806298971176147e-02
5.482376813888549805e-01,1.250232100486755371e+00
9.071391224861145020e-01,-1.006440997123718262e+00
-1.170772314071655273e+00,1.140108942985534668e+00
1.041432499885559082e+00,-1.024564027786254883e+00
1.341132998466491699e+00,-3.685849159955978394e-02
-1.616893291473388672e+00,1.045932546257972717e-01
-9.687492251396179199e-01,-9.611055850982666016e-01
-7.073587179183959961e-02,-1.403331279754638672e+00
-1.224460721015930176e+00,1.224041104316711426e+00
2.267897501587867737e-02,1.507605791091918945e+00
-1.000362873077392578e+00,-9.380840659141540527e-01
-1.143088698387145996e+00,9.550876617431640625e-01
1.325169086456298828e+00,5.195207893848419189e-03
-1.044834971427917480e+00,-1.045790314674377441e+00
-1.035570025444030762e+00,-1.073777675628662109e+00
4.676504805684089661e-02,-1.383614301681518555e+00
-9.987731575965881348e-01,-1.022842407226562500e+00
-1.450663924217224121e+00,8.089641481637954712e-02
-1.249213814735412598e+00,1.448772847652435303e-03
-1.262087702751159668e+00,-4.834090918302536011e-02
4.985116720199584961e-01,-1.227475047111511230e+00
1.281750082969665527e+00,7.903973013162612915e-02
-3.514285087585449219e-01,1.232644200325012207e+00
-1.608075022697448730e+00,1.223978176712989807e-01
1.399118781089782715e+00,1.579392701387405396e-02
-1.015937685966491699e+00,-9.655995368957519531e-01
-4.317250475287437439e-02,-1.411509752273559570e+00
1.322641730308532715e+00,-1.270558685064315796e-02
1.364623427391052246e+00,-1.085347458720207214e-01
-1.421826481819152832e+00,3.019342571496963501e-02
-3.690581768751144409e-03,-1.395387768745422363e+00
1.009282708168029785e+00,-9.717178344726562500e-01
-3.594739139080047607e-01,1.281597137451171875e+00
-9.755743145942687988e-01,-1.022783398628234863e+00
1.435125231742858887e+00,-2.041313797235488892e-02
-3.739297017455101013e-02,-1.423879384994506836e+00
-8.543601632118225098e-02,1.332975029945373535e+00
-1.193619668483734131e-01,-1.273507595062255859e+00
9.677700996398925781e-01,9.441431760787963867e-01
9.939405918121337891e-01,9.989721179008483887e-01
-1.143043339252471924e-01,1.455816626548767090e+00
-2.966518700122833252e-01,1.467789053916931152e+00
1.986334100365638733e-02,-1.373792767524719238e+00
-1.088155508041381836e+00,-9.018712043762207031e-01
-1.390928030014038086e+00,-5.368470400571823120e-02
9.960960149765014648e-01,-1.016009569168090820e+00
-1.149598956108093262e+00,1.359419345855712891e+00
-1.331565022468566895e+00,4.907639622688293457e-01
1.309854030609130859e+00,-2.050921320915222168e-04
-4.595765098929405212e-02,-1.380226135253906250e+00
1.024464488029479980e+00,-1.016689896583557129e+00
1.067525982856750488e+00,9.562733173370361328e-01
9.645794630050659180e-01,-1.032812595367431641e+00
5.535429716110229492e-01,1.374288439750671387e+00
-9.422240257263183594e-01,8.563439249992370605e-01
-1.249057412147521973e+00,1.078173160552978516e+00
1.494409441947937012e+00,-3.155895322561264038e-02
-1.139723658561706543e+00,1.070030689239501953e+00
2.600996568799018860e-02,1.386858820915222168e+00
-1.055924654006958008e+00,-9.840360879898071289e-01
-1.548578858375549316e+00,-4.306670278310775757e-02
7.638869285583496094e-01,-9.515340328216552734e-01
-9.677929878234863281e-01,9.457849264144897461e-01
8.870865404605865479e-02,1.503172159194946289e+00
-1.637852430343627930e+00,1.492328882217407227e+00
-9.675595164299011230e-02,-1.384504318237304688e+00
-2.662162110209465027e-02,1.382666110992431641e+00
-9.624531269073486328e-01,9.925671815872192383e-01
1.266081690788269043e+00,-3.255552798509597778e-02
1.105790019035339355e+00,7.194079160690307617e-01
-9.780943393707275391e-01,-1.072732329368591309e+00
1.089103519916534424e-01,1.400148987770080566e+00
9.579275846481323242e-01,1.043657898902893066e+00
-9.797967672348022461e-01,1.190989375114440918e+00
1.011904716491699219e+00,9.564797282218933105e-01
6.161863803863525391e-01,1.312897920608520508e+00
-9.398353695869445801e-01,1.194451212882995605e+00
-1.402347922325134277e+00,8.034998923540115356e-02
-9.829322099685668945e-01,-9.697616100311279297e-01
6.153622642159461975e-02,1.309215545654296875e+00
-1.006206512451171875e+00,1.056560158729553223e+00
3.725481405854225159e-02,-1.489744901657104492e+00
1.269469857215881348e+00,-2.308564633131027222e-02
8.702050447463989258e-01,-9.932783842086791992e-01
-1.459160089492797852e+00,8.012823015451431274e-02
-1.110351681709289551e+00,1.450829207897186279e-01
-1.425325870513916016e-01,-1.397692918777465820e+00
9.823507070541381836e-01,9.054384827613830566e-01
-1.572484493255615234e+00,1.075189635157585144e-01
7.780444622039794922e-01,9.990904331207275391e-01
-8.583557605743408203e-02,1.689718961715698242e+00
-1.183610081672668457e+00,1.183301448822021484e+00
-7.841882109642028809e-02,-1.351115345954895020e+00
-2.779507040977478027e-01,1.423263430595397949e+00
-1.699318051338195801e+00,2.594816982746124268e-01
-1.681803345680236816e+00,1.109714284539222717e-01
-1.929820701479911804e-02,1.433104038238525391e+00
9.412013292312622070e-01,9.658915400505065918e-01
-1.398544162511825562e-01,-1.391281723976135254e+00
-9.760968685150146484e-01,-1.100115060806274414e+00
-4.144841060042381287e-02,1.453282713890075684e+00
-1.363636136054992676e+00,2.487718313932418823e-02
1.084534406661987305e+00,1.097054719924926758e+00
1.342817902565002441e+00,-8.026190847158432007e-02
8.696190118789672852e-01,9.206383228302001953e-01
-9.231703877449035645e-01,-9.956202507019042969e-01
1.012740373611450195e+00,8.953140974044799805e-01
-1.113439321517944336e+00,1.187697052955627441e-04
-1.378021121025085449e+00,8.697169423103332520e-01
8.192850351333618164e-01,-1.027580022811889648e+00
-1.553026318550109863e+00,-1.593610048294067383e-01
9.420326948165893555e-01,-9.424394369125366211e-01
-4.835876449942588806e-02,-1.356025338172912598e+00
-1.315260529518127441e-01,-1.253571271896362305e+00
-8.983488082885742188e-01,9.576438665390014648e-01
9.614292383193969727e-01,-1.016025543212890625e+00
9.745162725448608398e-01,8.868625760078430176e-01
9.686846733093261719e-01,1.097146749496459961e+00
1.063378930091857910e+00,9.791754484176635742e-01
1.253683686256408691e+00,-1.849006414413452148e-01
-1.483347058296203613e+00,-9.209282696247100830e-03
-1.475771903991699219e+00,7.002053409814834595e-02
9.970300197601318359e-01,8.941409587860107422e-01
-1.003242969512939453e+00,1.195453524589538574e+00
-4.263974353671073914e-02,-1.453473806381225586e+00
-1.222415804862976074e+00,1.182120919227600098e+00
1.276749968528747559e+00,1.767699122428894043e-01
-1.068519473075866699e+00,9.832348227500915527e-01
-1.231714367866516113e+00,1.335308313369750977e+00
9.842931032180786133e-01,1.043606519699096680e+00
-1.060238718986511230e+00,8.360071182250976562e-01
-1.465504646301269531e+00,1.235538244247436523e+00
1.418063759803771973e+00,-9.097788482904434204e-02
-1.045010805130004883e+00,1.039009451866149902e+00
-1.444450497627258301e+00,-5.591233819723129272e-02
9.389157295227050781e-01,-1.131482362747192383e+00
8.873457312583923340e-01,1.013654947280883789e+00
1.052580118179321289e+00,1.059707403182983398e+00
-1.038860917091369629e+00,-9.563370943069458008e-01
-7.895052433013916016e-02,-1.352811813354492188e+00
-1.007594227790832520e+00,-1.038711190223693848e+00
1.371849060058593750e+00,-1.011587157845497131e-01
-1.505111336708068848e+00,2.826267778873443604e-01
6.408751010894775391e-02,1.534015059471130371e+00
-1.077753186225891113e+00,1.135819673538208008e+00
1.272083401679992676e+00,7.343593984842300415e-02
-7.421022653579711914e-02,-1.371154308319091797e+00
-1.525065064430236816e+00,1.393598616123199463e-01
6.606861948966979980e-02,1.363745212554931641e+00
9.618750810623168945e-01,9.720191955566406250e-01
-4.574094340205192566e-02,1.261680245399475098e+00
2.043420448899269104e-02,1.379429697990417480e+00
1.464941859245300293e+00,-6.780352443456649780e-02
8.559168577194213867e-01,-1.064310193061828613e+00
-1.935036301612854004e+00,3.762681484222412109e-01
-2.263754233717918396e-02,-1.359857797622680664e+00
-1.233058273792266846e-01,-1.388710260391235352e+00
-1.248581886291503906e+00,1.238946914672851562e+00
7.978510260581970215e-01,-9.480049610137939453e-01
-1.117321014404296875e+00,1.195211052894592285e+00
1.432345032691955566e+00,-2.685160189867019653e-02
-1.004034161567687988e+00,-9.430575370788574219e-01
1.293731808662414551e+00,7.614610344171524048e-02
-1.181663870811462402e+00,1.287843227386474609e+00
-1.152637720108032227e+00,1.206946015357971191e+00
-9.802545309066772461e-01,-1.097900271415710449e+00
9.883846044540405273e-01,9.250335097312927246e-01
1.028320431709289551e+00,1.032303214073181152e+00
-1.513827800750732422e+00,1.447747349739074707e+00
9.402387142181396484e-01,9.229976534843444824e-01
-1.710648059844970703e+00,7.629106193780899048e-02
-9.173475503921508789e-01,-1.028544664382934570e+00
-5.962593480944633484e-02,-1.346261978149414062e+00
9.920303821563720703e-01,9.963892698287963867e-01
7.607925683259963989e-03,-1.392765283584594727e+00
1.421895623207092285e+00,2.030987292528152466e-02
-9.887388348579406738e-01,-9.105562567710876465e-01
-1.133628487586975098e+00,-1.003293037414550781e+00
-1.367709517478942871e+00,2.469826638698577881e-01
8.700869083404541016e-01,9.893543124198913574e-01
-7.459907233715057373e-02,-1.423476099967956543e+00
-1.458476111292839050e-02,1.515674114227294922e+00
9.013632535934448242e-01,-1.040212750434875488e+00
-9.954645037651062012e-01,1.012269258499145508e+00
-8.977923393249511719e-01,1.149525523185729980e+00
-1.033114433288574219e+00,-9.240672588348388672e-01
1.346141099929809570e+00,1.446871161460876465e-01
-1.933176442980766296e-02,-1.385813355445861816e+00
-1.191383719444274902e+00,1.080565810203552246e+00
-4.199798032641410828e-02,1.218650579452514648e+00
-1.012740135192871094e+00,-1.032400250434875488e+00
1.206604838371276855e+00,-9.697818011045455933e-02
-1.494662284851074219e+00,8.957333862781524658e-03
9.454555511474609375e-01,-9.582539796829223633e-01
-8.897583931684494019e-03,-1.349110841751098633e+00
-1.384658932685852051e+00,2.460621595382690430e-01
-1.315480828285217285e+00,4.285911470651626587e-02
-1.519751906394958496e+00,-1.512064784765243530e-02
-9.304793477058410645e-01,-1.036666154861450195e+00
8.454659581184387207e-01,1.129468679428100586e+00
1.028608679771423340e+00,-1.066711783409118652e+00
1.268537640571594238e+00,1.028858646750450134e-01
9.553603529930114746e-01,-8.381794095039367676e-01
1.360253930091857910e+00,-2.473252415657043457e-01
-1.803819239139556885e-01,1.616491675376892090e+00
9.059385061264038086e-01,1.056656718254089355e+00
-1.394244313240051270e+00,1.074154615402221680e+00
9.453330636024475098e-01,-1.018383264541625977e+00
-1.448605418205261230e+00,4.646994173526763916e-03
-7.350587844848632812e-02,-1.462680935859680176e+00
-1.208874225616455078e+00,-3.334137797355651855e-01
9.422516822814941406e-01,1.000789523124694824e+00
-1.030614137649536133e+00,-9.650609493255615234e-01
1.297693610191345215e+00,3.424524068832397461e-01
-7.357130944728851318e-02,-1.396526455879211426e+00
-8.853965997695922852e-01,1.367223978042602539e+00
1.078946232795715332e+00,1.079760074615478516e+00
-9.350067377090454102e-01,1.179875373840332031e+00
1.420383810997009277e+00,5.090124905109405518e-03
-7.331188023090362549e-02,-1.388194322586059570e+00
-1.114493012428283691e+00,1.236363410949707031e+00
9.244326353073120117e-01,-9.643720388412475586e-01
-1.371004462242126465e+00,4.677720367908477783e-03
-1.017554163932800293e+00,1.072529077529907227e+00
-1.287774324417114258e+00,1.124533489346504211e-01
-1.163369655609130859e+00,1.262751102447509766e+00
1.332141041755676270e+00,-1.031986996531486511e-01
-1.083281159400939941e+00,-1.037637472152709961e+00
-9.334346055984497070e-01,9.737997055053710938e-01
9.174092411994934082e-01,1.107609510421752930e+00
-8.122342824935913086e-02,-1.390641927719116211e+00
-1.544092297554016113e+00,1.437174558639526367e+00
-1.074834227561950684e+00,1.095006465911865234e+00
1.206387639045715332e+00,-5.487233996391296387e-01
-7.392425835132598877e-02,-1.347741723060607910e+00
1.275173187255859375e+00,-8.653789013624191284e-02
-3.133390247821807861e-01,1.263491153717041016e+00
-1.022101879119873047e+00,-9.872243404388427734e-01
-1.389075517654418945e+00,4.889667779207229614e-02
-9.228820800781250000e-01,-1.029482245445251465e+00
-9.948894381523132324e-01,1.204788208007812500e+00
-6.773415803909301758e-01,-1.132170200347900391e+00
1.472176671028137207e+00,-1.863802373409271240e-01
-1.405165344476699829e-01,1.590241074562072754e+00
-1.352181315422058105e+00,-1.040907949209213257e-02
-1.092602372169494629e+00,-8.618130683898925781e-01
-1.550584912300109863e+00,3.803646564483642578e-01
1.507472991943359375e+00,-5.136958509683609009e-02
-1.482072100043296814e-02,-1.464702367782592773e+00
-9.797168374061584473e-01,-1.027148485183715820e+00
8.139890432357788086e-01,-9.478079080581665039e-01
-8.981919288635253906e-01,-9.651372432708740234e-01
-1.077328920364379883e+00,8.804946541786193848e-01
-1.196575760841369629e+00,9.175058603286743164e-01
-1.434639334678649902e+00,9.157741665840148926e-01
6.530997157096862793e-01,-1.082911014556884766e+00
-9.753504991531372070e-01,9.158794283866882324e-01
1.359092831611633301e+00,5.755425244569778442e-02
-1.171895623207092285e+00,1.061727762222290039e+00
9.436702728271484375e-01,-1.038404941558837891e+00
8.942969143390655518e-04,-1.511573791503906250e+00
-7.043083012104034424e-02,-1.419707059860229492e+00
9.651813507080078125e-01,-8.610709309577941895e-01
-1.047726035118103027e+00,1.151507854461669922e+00
-9.516350030899047852e-01,-8.709635734558105469e-01
-1.443449497222900391e+00,2.714809030294418335e-02
-1.146814346313476562e+00,1.183600544929504395e+00
1.272241353988647461e+00,-2.053194493055343628e-02
-1.173433065414428711e+00,1.273748517036437988e+00
7.988197207450866699e-01,-9.689486026763916016e-01
1.384078383445739746e+00,4.618481546640396118e-02
-1.306662708520889282e-01,1.666677951812744141e+00
-9.795826673507690430e-01,-9.413610696792602539e-01
1.251127839088439941e+00,7.680115848779678345e-02
8.020229339599609375e-01,-1.014065504074096680e+00
-1.445356249809265137e+00,1.237237975001335144e-01
-9.862126708030700684e-01,-1.002313852310180664e+00
1.043785452842712402e+00,5.808652639389038086e-01
-9.808150529861450195e-01,-9.528554677963256836e-01
-1.509041428565979004e+00,-2.087513357400894165e-02
1.005549192428588867e+00,-9.288793802261352539e-01
1.511711955070495605e+00,-1.784237325191497803e-01
-9.068381786346435547e-01,1.122154712677001953e+00
-1.048461437225341797e+00,1.009471893310546875e+00
6.897484064102172852e-01,-1.059187412261962891e+00
-1.041685938835144043e+00,-1.004308938980102539e+00
1.434640049934387207e+00,1.495788246393203735e-02
-9.480734169483184814e-02,-1.319283366203308105e+00
-3.426210209727287292e-02,-1.378939390182495117e+00
-1.708545446395874023e+00,2.111382782459259033e-01
1.220055341720581055e+00,-1.065761670470237732e-01
-8.146522045135498047e-01,8.912858366966247559e-01
1.301620364189147949e+00,-7.003538310527801514e-03
-7.087599486112594604e-03,1.407068610191345215e+00
1.412613391876220703e+00,-1.696117222309112549e-01
8.388616144657135010e-02,1.438118457794189453e+00
-1.233572125434875488e+00,-8.077577501535415649e-02
6.927613168954849243e-03,-1.408270239830017090e+00
-1.466723680496215820e+00,1.486819982528686523e-01
9.621366262435913086e-01,-1.066418528556823730e+00
7.553816437721252441e-01,-1.059489011764526367e+00
-9.354515373706817627e-02,-1.430765151977539062e+00
-1.063231825828552246e-01,-1.361478567123413086e+00
-1.051182270050048828e+00,1.099564433097839355e+00
-1.078889250755310059e+00,1.069568276405334473e+00
9.860018491744995117e-01,1.129449367523193359e+00
-8.739329576492309570e-01,9.972647428512573242e-01
-1.319908142089843750e+00,1.379159331321716309e+00
-1.346967101097106934e+00,3.572993725538253784e-02
-1.096554279327392578e+00,-9.932594299316406250e-01
1.092551708221435547e+00,-1.002074956893920898e+00
-1.433147788047790527e+00,-3.718651086091995239e-02
-8.551587164402008057e-02,1.475688695907592773e+00
8.022930026054382324e-01,-1.098045349121093750e+00
1.470059603452682495e-01,-1.402436971664428711e+00
-1.136453032493591309e+00,1.248553991317749023e+00
-9.974324703216552734e-02,1.653701782226562500e+00
8.000221848487854004e-02,1.312371850013732910e+00
7.722826302051544189e-02,1.516143441200256348e+00
1.241392970085144043e+00,6.734187155961990356e-02
-1.764045357704162598e+00,2.621037662029266357e-01
2.484866976737976074e-01,1.207922339439392090e+00
3.390576839447021484e-01,1.334794759750366211e+00
-1.499659180641174316e+00,3.772334009408950806e-02
1.011710166931152344e+00,1.137173414230346680e+00
6.797879934310913086e-02,1.443559646606445312e+00
9.746805429458618164e-01,-8.157150149345397949e-01
-1.794413924217224121e-01,-1.411030650138854980e+00
1.377121806144714355e+00,3.633313626050949097e-02
2.389553934335708618e-03,1.352274060249328613e+00
-1.197465181350708008e+00,1.282211542129516602e+00
-1.294884324073791504e+00,-6.864554435014724731e-02
1.232505202293395996e+00,-1.749993860721588135e-01
-9.819896221160888672e-01,8.003208041191101074e-01
8.334286808967590332e-01,-1.108114719390869141e+00
-1.074408173561096191e+00,1.177898645401000977e+00
-1.621706008911132812e+00,2.821674197912216187e-02
1.364267587661743164e+00,9.874916821718215942e-02
-1.467161536216735840e+00,-5.812748521566390991e-02
9.314476251602172852e-01,-1.001116394996643066e+00
-8.590711653232574463e-02,-1.395741701126098633e+00
2.923169732093811035e-01,1.441222786903381348e+00
-8.295729756355285645e-02,-1.515721082687377930e+00
1.315624356269836426e+00,-7.122509926557540894e-02
-1.277709484100341797e+00,-2.571156620979309082e-02
-9.764040708541870117e-01,1.238762974739074707e+00
9.791687726974487305e-01,8.547557592391967773e-01
-3.413077443838119507e-03,-1.387494564056396484e+00
-1.326355695724487305e+00,1.415757536888122559e+00
1.345822930335998535e+00,-1.019965931773185730e-01
-1.013671517372131348e+00,1.047105073928833008e+00
-9.848476052284240723e-01,-1.023181200027465820e+00
-4.378671571612358093e-02,-1.350762367248535156e+00
-1.912073791027069092e-01,1.459522485733032227e+00
9.618054628372192383e-01,-1.061500549316406250e+00
-1.043648719787597656e+00,-1.060195803642272949e+00
-5.165393948554992676e-01,1.397447466850280762e+00
9.039747118949890137e-01,1.030206084251403809e+00
-1.183651566505432129e+00,1.285220623016357422e+00
8.661135435104370117e-01,-9.552277326583862305e-01
-1.605829119682312012e+00,6.532923132181167603e-02
4.192776978015899658e-04,1.327151060104370117e+00
-1.393171399831771851e-01,-1.583929300308227539e+00
6.798882484436035156e-01,-1.180158376693725586e+00
1.323992133140563965e+00,-5.890525132417678833e-02
-1.396062493324279785e+00,1.257264494895935059e+00
-8.735476732254028320e-01,9.403854012489318848e-01
8.623516559600830078e-01,-1.055088043212890625e+00
-5.232005938887596130e-02,-1.349511265754699707e+00
9.001287221908569336e-01,-1.033590912818908691e+00
-1.016767144203186035e+00,-9.929383993148803711e-01
-9.287032485008239746e-01,-1.070160865783691406e+00
-2.894337102770805359e-02,1.167178869247436523e+00
1.303783178329467773e+00,-2.643754333257675171e-02
1.050925016403198242e+00,1.073122501373291016e+00
-9.412102401256561279e-02,-1.314354181289672852e+00
9.115793704986572266e-01,9.718219041824340820e-01
1.080165624618530273e+00,-8.677214384078979492e-01
1.358002424240112305e+00,-1.473597437143325806e-02
4.678082838654518127e-02,1.467264294624328613e+00
-1.237280726432800293e+00,-3.660839200019836426e-01
1.234727859497070312e+00,5.978609919548034668e-01
-1.060045838356018066e+00,1.190046429634094238e+00
-1.093547582626342773e+00,1.420938372611999512e+00
-1.256721019744873047e+00,1.200054645538330078e+00
-3.355046734213829041e-02,-1.337891817092895508e+00
9.694350957870483398e-01,-1.021091938018798828e+00
1.435733437538146973e+00,6.865925341844558716e-02
-6.335157155990600586e-02,1.595741987228393555e+00
-1.001866579055786133e+00,1.089040160179138184e+00
-7.665058970451354980e-02,-1.423539638519287109e+00
-5.672883614897727966e-02,-1.252107381820678711e+00
-1.221856832504272461e+00,1.105289340019226074e+00
-9.993588924407958984e-01,8.801553249359130859e-01
9.538285136222839355e-01,9.507333040237426758e-01
-1.340791344642639160e+00,-4.011443257331848145e-02
1.356065869331359863e+00,1.539027094841003418e-01
-9.267341494560241699e-01,-9.960114955902099609e-01
9.582321643829345703e-01,-9.278513193130493164e-01
9.793219566345214844e-01,9.799094200134277344e-01
-8.544455766677856445e-01,9.904469847679138184e-01
-5.823413133621215820e-01,-1.170998096466064453e+00
-1.603818297386169434e+00,-6.541613489389419556e-02
1.350066781044006348e+00,-2.390346676111221313e-02
-7.915125787258148193e-02,-1.407522559165954590e+00
9.651219844818115234e-01,-1.021093368530273438e+00
9.531424045562744141e-01,-9.823079109191894531e-01
-1.043299555778503418e+00,1.068686246871948242e+00
1.069578170776367188e+00,-1.006755828857421875e+00
-1.012666106224060059e+00,1.336217880249023438e+00
-9.723312258720397949e-01,1.046368956565856934e+00
-5.771328136324882507e-02,-1.368230223655700684e+00
8.962345719337463379e-01,-1.031924009323120117e+00
7.842254042625427246e-01,-1.016699433326721191e+00
1.307404637336730957e+00,-1.527437865734100342e-01
1.403807282447814941e+00,-1.352986097335815430e-01
8.643737435340881348e-02,1.596847057342529297e+00
-2.699998915195465088e-01,1.428447842597961426e+00
1.090919256210327148e+00,9.046632051467895508e-01
8.841340541839599609e-01,-1.095060825347900391e+00
-8.048896193504333496e-01,1.428178429603576660e+00
-1.451581358909606934e+00,1.731537282466888428e-03
-1.383300274610519409e-01,-1.403415560722351074e+00
-1.120252847671508789e+00,1.085173845291137695e+00
-9.674824476242065430e-01,9.897833466529846191e-01
-1.378527760505676270e+00,-2.549203485250473022e-02
1.395688176155090332e+00,-7.826972752809524536e-02
8.988199234008789062e-01,1.018397808074951172e+00
3.003304079174995422e-02,1.471698641777038574e+00
-9.273864030838012695e-01,-1.028093338012695312e+00
-1.100996375083923340e+00,1.152107238769531250e+00
9.507852196693420410e-01,1.022909283638000488e+00
-9.212028980255126953e-01,9.878146052360534668e-01
-9.584981203079223633e-01,9.074264764785766602e-01
1.525215506553649902e+00,8.646313101053237915e-02
-6.383045911788940430e-01,1.373963236808776855e+00
1.059138655662536621e+00,9.432612657546997070e-01
-1.450440287590026855e+00,1.398330330848693848e-01
-1.339920982718467712e-02,-1.479649901390075684e+00
-5.103845000267028809e-01,-1.124364614486694336e+00
9.532817006111145020e-01,-8.859604001045227051e-01
9.510618448257446289e-01,9.574940800666809082e-01
-1.157497987151145935e-02,-1.446202039718627930e+00
-1.158244758844375610e-01,-1.435573458671569824e+00
9.228615760803222656e-01,9.983658790588378906e-01
1.084341049194335938e+00,9.839879870414733887e-01
-1.272390842437744141e+00,1.241300582885742188e+00
1.033558368682861328e+00,1.095042228698730469e+00
9.816229343414306641e-01,-1.039684057235717773e+00
-9.255858659744262695e-01,-1.083143472671508789e+00
1.353162169456481934e+00,6.466654688119888306e-02
8.653591871261596680e-01,1.033986330032348633e+00
-1.418649196624755859e+00,1.291948556900024414e-01
-1.680635809898376465e+00,1.860132068395614624e-02
-1.131678938865661621e+00,1.228373765945434570e+00
-7.955642044544219971e-02,-1.340397238731384277e+00
-1.144480586051940918e+00,1.179992794990539551e+00
-1.399780154228210449e+00,6.087144464254379272e-02
1.312039017677307129e+00,5.156617611646652222e-02
1.126417040824890137e+00,1.077441215515136719e+00
1.310054183006286621e+00,-2.637148648500442505e-02
1.431815624237060547e-01,1.221273779869079590e+00
-5.879450961947441101e-02,-1.431676983833312988e+00
1.392458081245422363e+00,7.605440914630889893e-03
-2.062806114554405212e-02,-1.446656465530395508e+00
8.478714227676391602e-01,-1.005297899246215820e+00
-1.233974456787109375e+00,8.055115491151809692e-02
3.036138787865638733e-02,1.457647442817687988e+00
9.816883802413940430e-01,1.081686139106750488e+00
-1.068647503852844238e+00,1.170171022415161133e+00
-1.370815753936767578e+00,1.146968528628349304e-01
-1.199315667152404785e+00,7.072500884532928467e-03
-2.220706790685653687e-01,-1.360354900360107422e+00
-8.784481287002563477e-01,9.069463014602661133e-01
-1.107300758361816406e+00,1.156572699546813965e-01
-3.410921618342399597e-02,1.388433337211608887e+00
1.338599994778633118e-02,1.475210666656494141e+00
6.184232607483863831e-02,1.322746396064758301e+00
-1.516847372055053711e+00,4.804731160402297974e-02
-1.227788925170898438e+00,-7.547638416290283203e-01
-9.455692768096923828e-01,-1.017554402351379395e+00
-7.881651818752288818e-02,-1.414356350898742676e+00
-1.607875943183898926e+00,7.337697148323059082e-01
-1.089282631874084473e+00,1.231454372406005859e+00
-1.305833086371421814e-02,-1.396219491958618164e+00
-1.036834955215454102e+00,1.154080152511596680e+00
-1.123826146125793457e+00,1.019644141197204590e+00
-1.079052329063415527e+00,1.182764887809753418e+00
8.732170462608337402e-01,-1.062406778335571289e+00
-1.285723567008972168e+00,1.181267023086547852e+00
-7.563321292400360107e-02,-1.223281860351562500e+00
9.504364728927612305e-01,-9.802342653274536133e-01
9.676209688186645508e-01,8.744211196899414062e-01
-1.086929917335510254e+00,1.180537462234497070e+00
2.069504261016845703e-01,1.414903879165649414e+00
-1.310171484947204590e+00,8.862448483705520630e-02
8.705939054489135742e-01,-8.794723749160766602e-01
-1.091713905334472656e+00,-9.623432159423828125e-01
9.425675868988037109e-01,-8.875279426574707031e-01
1.061202168464660645e+00,1.005039572715759277e+00
3.395155444741249084e-02,-1.445908665657043457e+00
4.356125369668006897e-02,1.356652498245239258e+00
-1.506277441978454590e+00,4.380918145179748535e-01
1.418158411979675293e+00,-1.226285323500633240e-01
-1.164895147085189819e-01,1.449537277221679688e+00
8.265582323074340820e-01,-1.028732895851135254e+00
-5.690984725952148438e-01,1.592271327972412109e+00
5.880234017968177795e-02,1.471921205520629883e+00
-8.537320792675018311e-02,-1.295174717903137207e+00
-1.465011477470397949e+00,-9.487889707088470459e-03
-9.990191459655761719e-01,-9.573235511779785156e-01
1.028287053108215332e+00,1.040378451347351074e+00
7.324117422103881836e-01,1.108253717422485352e+00
8.796358704566955566e-01,-9.627168178558349609e-01
1.295421242713928223e+00,-1.986946910619735718e-02
-8.920635282993316650e-02,-1.347500562667846680e+00
-1.053820967674255371e+00,9.481619596481323242e-01
-1.547663211822509766e+00,-6.818755716085433960e-02
-6.462861597537994385e-02,-1.419889450073242188e+00
9.552324414253234863e-01,-9.848834276199340820e-01
1.373566269874572754e+00,1.065806299448013306e-02
-1.319260001182556152e+00,-7.109685987234115601e-02
-1.082376360893249512e+00,-1.171095848083496094e+00
-2.903725951910018921e-03,1.504371404647827148e+00
-9.691022038459777832e-01,1.148389577865600586e+00
9.772614240646362305e-01,-8.143593072891235352e-01
-1.235461115837097168e+00,1.936770975589752197e-01
-1.496014118194580078e+00,5.371371656656265259e-02
-1.431099534034729004e+00,1.628911972045898438e+00
4.283620789647102356e-02,-1.490930080413818359e+00
-5.248383805155754089e-02,-1.309876322746276855e+00
8.746009469032287598e-01,1.095520853996276855e+00
-1.317863345146179199e+00,4.217400401830673218e-02
-1.181279897689819336e+00,-2.333605885505676270e-01
-9.388531446456909180e-01,-9.851357936859130859e-01
-9.811790585517883301e-01,1.092345833778381348e+00
-9.531093239784240723e-01,-1.068648695945739746e+00
-1.305462718009948730e+00,1.420039832592010498e-01
-1.197282671928405762e+00,9.706326723098754883e-01
9.586195945739746094e-01,-9.511356353759765625e-01
1.269214510917663574e+00,-1.265250444412231445e-01
9.649527072906494141e-01,9.188615083694458008e-01
1.387477278709411621e+00,2.351712435483932495e-02
9.561053514480590820e-01,1.029010415077209473e+00
9.776381254196166992e-01,-9.074718952178955078e-01
1.197288155555725098e+00,-8.423030972480773926e-01
-8.691781759262084961e-02,-1.432497501373291016e+00
-9.627981781959533691e-01,1.067149162292480469e+00
-4.139202460646629333e-02,-1.503896713256835938e+00
-1.065450668334960938e+00,1.115850448608398438e+00
1.361440271139144897e-01,1.449661016464233398e+00
-5.397306680679321289e-01,-1.364395380020141602e+00
-7.093672454357147217e-02,-1.408768534660339355e+00
1.029830932617187500e+00,-8.457306623458862305e-01
1.238773703575134277e+00,-2.733372151851654053e-03
1.158944368362426758e+00,3.023409098386764526e-02
9.536573886871337891e-01,-1.049326419830322266e+00
-1.081737637519836426e+00,1.042074441909790039e+00
-9.237698912620544434e-01,1.134034037590026855e+00
9.094872474670410156e-01,-9.153814315795898438e-01
-1.362753629684448242e+00,1.290108323097229004e+00
-1.367556214332580566e+00,2.037418186664581299e-01
1.977491751313209534e-02,1.336889743804931641e+00
-1.438820481300354004e+00,7.235019654035568237e-02
-1.031332850456237793e+00,1.067478537559509277e+00
-1.176038861274719238e+00,1.193358778953552246e+00
1.605295538902282715e-01,1.420659542083740234e+00
3.179841935634613037e-01,1.391804218292236328e+00
-9.346391558647155762e-01,1.037844061851501465e+00
-1.622572243213653564e-01,-1.250860452651977539e+00
-7.356664538383483887e-02,-1.420535564422607422e+00
9.964364767074584961e-01,1.059412002563476562e+00
-1.064860105514526367e+00,1.222146272659301758e+00
-1.451550483703613281e+00,-1.083339676260948181e-01
-1.040657758712768555e+00,1.007310628890991211e+00
-1.093156188726425171e-01,-1.429007411003112793e+00
-1.170574545860290527e+00,9.709210991859436035e-01
-1.023475527763366699e+00,9.668928384780883789e-01
-1.161761879920959473e+00,5.219555497169494629e-01
-1.324232459068298340e+00,-2.565763890743255615e-03
1.372668743133544922e+00,-3.571959584951400757e-02
-1.410073399543762207e+00,4.911733418703079224e-02
-1.810457557439804077e-03,1.308032870292663574e+00
8.151618242263793945e-01,1.134155273437500000e+00
-1.006081819534301758e+00,1.062512874603271484e+00
-1.168935775756835938e+00,1.079582452774047852e+00
-1.440165519714355469e+00,5.123149603605270386e-02
1.001651048660278320e+00,1.061207294464111328e+00
-1.467394709587097168e+00,1.631558686494827271e-02
1.385043025016784668e+00,8.674473315477371216e-02
-1.579957604408264160e+00,6.474058628082275391e-01
9.069461822509765625e-01,9.008948802947998047e-01
-1.483011126518249512e+00,2.739547938108444214e-02
9.442425966262817383e-01,1.034911632537841797e+00
-1.228400111198425293e+00,1.665011793375015259e-02
1.262745022773742676e+00,1.979956924915313721e-01
1.298918128013610840e-01,-1.359514236450195312e+00
-1.302865147590637207e+00,1.192735910415649414e+00
-1.471029520034790039e+00,-3.819275647401809692e-02
1.048614621162414551e+00,1.015596270561218262e+00
1.009012937545776367e+00,-9.869699478149414062e-01
-1.132219195365905762e+00,1.013031244277954102e+00
1.456694900989532471e-01,1.600392580032348633e+00
-5.901625379920005798e-02,-1.363777399063110352e+00
-9.871524572372436523e-01,-9.044924974441528320e-01
1.401259899139404297e+00,5.930513888597488403e-02
8.043591976165771484e-01,-8.525047302246093750e-01
-9.367507696151733398e-02,1.434172034263610840e+00
-8.070588111877441406e-01,1.170093536376953125e+00
2.405304089188575745e-02,1.464468359947204590e+00
3.390286117792129517e-03,-1.290865659713745117e+00
2.159752324223518372e-02,-1.396007537841796875e+00
9.194303750991821289e-01,-1.003694653511047363e+00
9.485494494438171387e-01,-1.052367091178894043e+00
1.025499939918518066e+00,-1.113823413848876953e+00
-1.694235503673553467e-01,-1.469418168067932129e+00
-1.010442256927490234e+00,1.167584300041198730e+00
1.028195500373840332e+00,-1.082808375358581543e+00
-1.454530477523803711e+00,-4.158402979373931885e-02
-1.035229086875915527e+00,-1.082657814025878906e+00
9.863582849502563477e-01,-1.046142101287841797e+00
8.489361405372619629e-01,9.401884675025939941e-01
-1.230331361293792725e-01,-1.426104784011840820e+00
-1.500760078430175781e+00,-2.141750603914260864e-02
1.019752740859985352e+00,9.649856686592102051e-01
9.381910562515258789e-01,-9.958090782165527344e-01
-5.189576372504234314e-02,-1.387432456016540527e+00
-1.278352737426757812e+00,-1.162220463156700134e-01
7.748916149139404297e-01,-1.042001485824584961e+00
1.425996899604797363e+00,-9.633051604032516479e-02
-1.023167014122009277e+00,-1.125706672668457031e+00
-2.773857414722442627e-01,1.468716263771057129e+00
9.698224067687988281e-01,1.035760283470153809e+00
9.643704891204833984e-01,-9.961932897567749023e-01
-5.797894597053527832e-01,1.385670304298400879e+00
9.908834099769592285e-02,-1.306566476821899414e+00
1.035588264465332031e+00,9.726362228393554688e-01
8.613260388374328613e-01,-1.189383983612060547e+00
1.280303120613098145e+00,3.745799511671066284e-02
-9.920467138290405273e-01,1.012974739074707031e+00
9.984631538391113281e-01,8.962619304656982422e-01
-1.493782162666320801e+00,2.850545197725296021e-02
-4.764954447746276855e-01,-1.362956762313842773e+00
-1.595172524452209473e+00,1.635841280221939087e-02
-1.588878989219665527e+00,2.328604757785797119e-01
-9.006288051605224609e-01,1.164070844650268555e+00
1.019091367721557617e+00,1.066556930541992188e+00
1.564187183976173401e-02,1.357264637947082520e+00
9.316000342369079590e-01,-9.362483024597167969e-01
1.328657940030097961e-02,1.476373672485351562e+00
1.001801967620849609e+00,1.048543810844421387e+00
9.246444702148437500e-01,-9.775737524032592773e-01
9.138103723526000977e-01,-9.533762931823730469e-01
1.396242737770080566e+00,2.099193632602691650e-03
4.484581649303436279e-01,1.249116182327270508e+00
-1.563161730766296387e+00,1.408685922622680664e+00
-1.426291346549987793e+00,-2.018589675426483154e-01
-9.159176349639892578e-01,1.102904558181762695e+00
-1.193487524986267090e+00,1.202052831649780273e+00
3.238134458661079407e-02,1.297222375869750977e+00
-1.349936574697494507e-01,-1.367280483245849609e+00
7.527867555618286133e-01,-1.135951638221740723e+00
-7.767088711261749268e-02,-1.509127140045166016e+00
-1.258415341377258301e+00,1.185492992401123047e+00
2.965532615780830383e-02,-1.457637429237365723e+00
1.136581301689147949e+00,8.700048923492431641e-01
7.839205861091613770e-02,1.494789838790893555e+00
6.532649695873260498e-02,1.473499178886413574e+00
-1.052540779113769531e+00,-8.835953474044799805e-01
-1.026673436164855957e+00,1.061705350875854492e+00
-9.870744943618774414e-01,-1.102515697479248047e+00
-1.270411729812622070e+00,-1.031024381518363953e-01
-1.078439235687255859e+00,1.230749845504760742e+00
1.733060479164123535e-01,1.300237298011779785e+00
3.840301185846328735e-03,-1.443830370903015137e+00
-4.074122756719589233e-03,1.485426187515258789e+00
9.767211675643920898e-01,-9.149765372276306152e-01
-1.606863617897033691e+00,4.817145317792892456e-02
-1.246275544166564941e+00,1.187419414520263672e+00
-1.308323442935943604e-01,1.467508196830749512e+00
-2.800914272665977478e-02,-1.353260517120361328e+00
1.051249623298645020e+00,-9.743796586990356445e-01
-1.471866220235824585e-01,1.520142316818237305e+00
-1.028400778770446777e+00,1.099890589714050293e+00
1.013629794120788574e+00,-1.079585075378417969e+00
-1.115598797798156738e+00,9.978722929954528809e-01
1.290635228157043457e+00,-1.112663671374320984e-01
-9.763267040252685547e-01,-1.000971317291259766e+00
-1.358825325965881348e+00,3.133697062730789185e-02
-1.002991437911987305e+00,-1.030269980430603027e+00
8.321234583854675293e-02,1.436756491661071777e+00
-8.744379878044128418e-01,1.059169054031372070e+00
9.235220551490783691e-01,-1.060702562332153320e+00
-2.255265414714813232e-01,1.567981958389282227e+00
-8.396292924880981445e-01,8.255928754806518555e-01
-1.080537557601928711e+00,1.147208452224731445e+00
-1.328209757804870605e+00,1.303856134414672852e+00
-1.456481695175170898e+00,-2.173417061567306519e-02
-1.003215670585632324e+00,9.612914323806762695e-01
-1.107968330383300781e+00,9.630292654037475586e-01
9.857383966445922852e-01,9.283798933029174805e-01
-6.155173107981681824e-02,1.438164234161376953e+00
-6.929425001144409180e-01,1.166552901268005371e+00
-1.526641607284545898e+00,3.550536930561065674e-03
-1.457433700561523438e+00,2.227524667978286743e-02
-1.428653597831726074e+00,3.667860627174377441e-01
-1.036484122276306152e+00,1.083555936813354492e+00
-1.207212448120117188e+00,-3.719910234212875366e-02
1.060675024986267090e+00,9.136525392532348633e-01
-1.274550795555114746e+00,1.312873959541320801e+00
1.409222722053527832e+00,-5.230782181024551392e-02
-1.017975926399230957e+00,1.166224718093872070e+00
9.218411445617675781e-01,-9.270962476730346680e-01
-1.657196879386901855e+00,1.743847131729125977e-01
1.359405875205993652e+00,-7.557582110166549683e-02
-1.168446183204650879e+00,1.027444481849670410e+00
-1.251424908638000488e+00,1.642483770847320557e-01
1.164451479911804199e+00,-1.199903115630149841e-01
-1.524698376655578613e+00,4.594146460294723511e-02
9.424009323120117188e-01,-1.099578380584716797e+00
-3.412317484617233276e-03,-1.381285548210144043e+00
-7.327181100845336914e-02,1.516317963600158691e+00
-9.831253290176391602e-01,-9.428737163543701172e-01
-1.073454499244689941e+00,1.150517940521240234e+00
1.237290263175964355e+00,2.998437285423278809e-01
-4.076894745230674744e-02,1.481759667396545410e+00
9.452509880065917969e-01,9.670585393905639648e-01
-1.173545956611633301e+00,1.251869559288024902e+00
8.037745952606201172e-02,1.347231864929199219e+00
-1.542552828788757324e+00,4.607670009136199951e-03
9.051052927970886230e-01,-1.072458505630493164e+00
-9.374538660049438477e-01,-8.960785865783691406e-01
1.354265570640563965e+00,-8.541437238454818726e-02
-1.000038385391235352e+00,-9.616279602050781250e-01
-1.034155115485191345e-02,-1.319661736488342285e+00
1.399202466011047363e+00,8.499025553464889526e-02
-1.123207569122314453e+00,1.287718415260314941e+00
8.692815303802490234e-01,-1.007656574249267578e+00
-1.162294507026672363e+00,-8.615149855613708496e-01
5.117417573928833008e-01,1.278518319129943848e+00
8.706513792276382446e-03,-1.387371778488159180e+00
1.433443069458007812e+00,1.422312110662460327e-02
-1.260838866233825684e+00,-7.506851106882095337e-02
-1.171421110630035400e-01,1.399083852767944336e+00
-1.358219265937805176e+00,3.188756853342056274e-02
-9.146895408630371094e-01,-9.310717582702636719e-01
-4.249652847647666931e-02,-1.384833335876464844e+00
-1.163596630096435547e+00,-8.294858932495117188e-01
9.352678060531616211e-01,1.062424659729003906e+00
-1.390191435813903809e+00,4.706730693578720093e-02
-1.024807453155517578e+00,1.139849185943603516e+00
-1.006843805313110352e+00,-1.018101692199707031e+00
-1.304828077554702759e-01,-1.432367324829101562e+00
8.365914225578308105e-01,-1.018030166625976562e+00
-1.137861967086791992e+00,-1.004495739936828613e+00
-1.088174700736999512e+00,1.193480014801025391e+00
-1.517119109630584717e-01,-1.341298222541809082e+00
-4.660276696085929871e-02,-1.349784374237060547e+00
9.895664453506469727e-01,1.017676711082458496e+00
-9.915751218795776367e-02,1.593556880950927734e+00
-8.962775468826293945e-01,-9.648752212524414062e-01
1.738024353981018066e-01,1.505766749382019043e+00
1.003418564796447754e+00,9.492051601409912109e-01
-1.261297345161437988e+00,1.173934817314147949e+00
1.321793437004089355e+00,-1.491334289312362671e-02
-5.072399377822875977e-01,1.511848449707031250e+00
-1.041532754898071289e+00,1.169868826866149902e+00
9.626427888870239258e-01,-9.184027314186096191e-01
3.694989159703254700e-02,-1.391899585723876953e+00
8.809866905212402344e-01,-1.037086486816406250e+00
9.263638854026794434e-01,1.007484555244445801e+00
9.810787439346313477e-01,-9.816379547119140625e-01
1.318331599235534668e+00,3.634139150381088257e-02
-1.492664337158203125e+00,7.095120102167129517e-02
1.391098856925964355e+00,-1.406112313270568848e-01
5.717077851295471191e-01,-1.112122297286987305e+00
2.859589159488677979e-01,-1.337030172348022461e+00
-1.385412573814392090e+00,6.988985091447830200e-02
-1.090803027153015137e+00,-8.799544572830200195e-01
6.234956160187721252e-02,1.411486864089965820e+00
1.205285638570785522e-01,1.369381308555603027e+00
1.344814538955688477e+00,-2.328955382108688354e-02
-1.170536637306213379e+00,1.158197760581970215e+00
-1.094639658927917480e+00,7.909800410270690918e-01
9.477632045745849609e-01,-1.053882837295532227e+00
-1.111360549926757812e+00,-1.069568634033203125e+00
-9.655284285545349121e-01,-1.031591773033142090e+00
-1.037748932838439941e+00,1.037326216697692871e+00
-1.120123386383056641e+00,1.088306665420532227e+00
-1.232251152396202087e-02,1.437096118927001953e+00
1.281958460807800293e+00,1.101433262228965759e-01
-1.063399076461791992e+00,1.207315802574157715e+00
-1.590097069740295410e+00,1.571314036846160889e-01
-9.702362120151519775e-02,-1.319548130035400391e+00
9.418347477912902832e-01,9.245564937591552734e-01
-1.391844034194946289e+00,6.980242580175399780e-02
9.641194343566894531e-01,8.785089254379272461e-01
1.566460728645324707e-01,1.432454705238342285e+00
-1.171802282333374023e+00,1.130096316337585449e+00
8.755140900611877441e-01,1.138114452362060547e+00
-4.663553088903427124e-03,-1.548071503639221191e+00
-5.914471670985221863e-02,-1.363235712051391602e+00
8.896580934524536133e-01,-8.730435967445373535e-01
-1.521551012992858887e+00,1.074004247784614563e-01
7.571926116943359375e-01,-1.108775854110717773e+00
-1.342508435249328613e+00,-1.220419481396675110e-01
-1.037215590476989746e+00,9.747965335845947266e-01
-1.332101583480834961e+00,1.155670523643493652e+00
-1.071435570716857910e+00,9.771558046340942383e-01
-2.540801092982292175e-02,1.339518547058105469e+00
-9.156997501850128174e-02,1.307687044143676758e+00
1.332113891839981079e-01,1.571144342422485352e+00
-1.267972588539123535e-01,1.227845191955566406e+00
-5.974374338984489441e-02,-1.396304488182067871e+00
1.070009589195251465e+00,8.803498744964599609e-01
-1.013974547386169434e+00,-1.041329026222229004e+00
-1.112000107765197754e+00,1.017628669738769531e+00
-1.575835108757019043e+00,1.777239143848419189e-03
-1.197469592094421387e+00,1.181771516799926758e+00
8.934532403945922852e-01,9.374618530273437500e-01
1.303427696228027344e+00,1.867453008890151978e-02
-9.118253588676452637e-01,7.782124876976013184e-01
-1.395600557327270508e+00,1.449595928192138672e+00
2.452095225453376770e-02,-1.399779677391052246e+00
-1.000765800476074219e+00,1.128654479980468750e+00
-1.118769794702529907e-01,-1.362730145454406738e+00
-2.936382219195365906e-02,1.316012382507324219e+00
9.574581384658813477e-01,9.800690412521362305e-01
-1.164359211921691895e+00,1.181993484497070312e+00
-4.767296835780143738e-02,-1.477143526077270508e+00
-1.023535132408142090e+00,1.130557775497436523e+00
1.023078560829162598e+00,-1.022701978683471680e+00
-6.041040644049644470e-02,1.346575617790222168e+00
-9.996931552886962891e-01,9.809377789497375488e-01
-1.137022137641906738e+00,-9.161208868026733398e-01
-1.787502050399780273e+00,1.944979131221771240e-01
-1.362643480300903320e+00,7.204442471265792847e-02
-1.379999965429306030e-01,1.430930972099304199e+00
-1.036726832389831543e+00,1.200404644012451172e+00
-1.413109660148620605e+00,-3.933937847614288330e-02
1.334113478660583496e+00,-8.927708119153976440e-02
-7.113389670848846436e-02,1.366806745529174805e+00
-1.042132973670959473e+00,-1.068470358848571777e+00
-1.472609400749206543e+00,1.584084272384643555e+00
-8.548201918601989746e-01,-1.031373023986816406e+00
-5.755466222763061523e-01,1.241741776466369629e+00
-1.396846413612365723e+00,4.454388469457626343e-02
-7.092740386724472046e-03,1.434908866882324219e+00
2.969620004296302795e-02,-1.377974152565002441e+00
-1.094888687133789062e+00,-1.044945716857910156e+00
1.284635901451110840e+00,4.184259474277496338e-01
-1.328099891543388367e-02,1.636159181594848633e+00
1.173467636108398438e+00,2.136001735925674438e-02
-1.136654973030090332e+00,1.129345655441284180e+00
1.357569217681884766e+00,1.026318222284317017e-02
-9.791378974914550781e-01,-1.001587152481079102e+00
-1.473958611488342285e+00,2.306737005710601807e-03
-1.323486685752868652e+00,9.889154881238937378e-02
9.561772942543029785e-01,1.004195094108581543e+00
8.442496061325073242e-01,1.054192900657653809e+00
-1.242918670177459717e-01,-1.385161161422729492e+00
-9.164605736732482910e-01,-1.231174588203430176e+00
9.134479761123657227e-01,1.065661430358886719e+00
1.181680560111999512e+00,9.674742817878723145e-01
-8.725891113281250000e-01,-8.979470133781433105e-01
9.719997644424438477e-01,-1.073691725730895996e+00
-1.065053582191467285e+00,1.087679386138916016e+00
-1.408072113990783691e+00,1.647936999797821045e-01
-1.300795674324035645e+00,1.310654997825622559e+00
9.902048110961914062e-01,8.777841329574584961e-01
-1.218485236167907715e+00,9.146184325218200684e-01
9.577242136001586914e-01,-9.986337423324584961e-01
1.327668786048889160e+00,-7.948442548513412476e-02
-8.785683512687683105e-01,-1.014521360397338867e+00
-1.042259573936462402e+00,1.007684111595153809e+00
1.416368126869201660e+00,1.563626527786254883e-01
-1.373515367507934570e+00,1.086431741714477539e+00
-1.474100947380065918e+00,3.872472047805786133e-01
8.920584321022033691e-01,1.109345912933349609e+00
1.871991902589797974e-03,1.575094938278198242e+00
-1.360607981681823730e+00,-1.070622354745864868e-02
9.999339580535888672e-01,8.766715526580810547e-01
-9.381926059722900391e-01,9.150375127792358398e-01
2.455814555287361145e-02,1.496169567108154297e+00
7.861609458923339844e-01,-1.054250240325927734e+00
-1.111180335283279419e-01,-1.338321328163146973e+00
-1.242771506309509277e+00,-4.558288455009460449e-01
-6.497241258621215820e-01,1.561308741569519043e+00
-1.141533970832824707e+00,1.055359363555908203e+00
-9.008042216300964355e-01,1.418263196945190430e+00
-1.346504092216491699e-01,1.486216187477111816e+00
-1.139666438102722168e+00,8.060997128486633301e-01
1.425314068794250488e+00,-5.606375634670257568e-03
-9.516334533691406250e-01,-1.001502752304077148e+00
-1.458484888076782227e+00,9.531838446855545044e-02
-1.091843962669372559e+00,1.118262648582458496e+00
8.791768550872802734e-01,9.659093618392944336e-01
1.424918532371520996e+00,-7.093956321477890015e-02
-2.233623266220092773e-01,1.475869417190551758e+00
9.610886871814727783e-02,1.548009872436523438e+00
2.843739464879035950e-02,1.301318526268005371e+00
9.077153801918029785e-01,-1.096726298332214355e+00
-8.127914667129516602e-01,1.014874577522277832e+00
8.882115483283996582e-01,-9.171952009201049805e-01
-1.574549794197082520e+00,-1.979450136423110962e-02
1.003688693046569824e+00,-1.014565467834472656e+00
-1.430386006832122803e-01,-1.438911676406860352e+00
1.400759100914001465e+00,4.419670253992080688e-02
-1.429282128810882568e-04,1.430233359336853027e+00
-9.072356224060058594e-01,-1.035197138786315918e+00
6.546610593795776367e-02,-1.142437696456909180e+00
-1.096646666526794434e+00,1.121462702751159668e+00
-1.737649321556091309e+00,6.609591245651245117e-01
1.001987576484680176e+00,-1.065146446228027344e+00
1.078570783138275146e-01,1.373057603836059570e+00
-1.612699747085571289e+00,1.955364942550659180e-01
-1.050829052925109863e+00,-1.033758759498596191e+00
-1.051624298095703125e+00,1.104479074478149414e+00
-5.808466300368309021e-02,-1.528271675109863281e+00
-1.116776347160339355e+00,1.006887435913085938e+00
-1.453422456979751587e-01,-1.419767141342163086e+00
-9.905338287353515625e-01,1.129897713661193848e+00
2.680460214614868164e-01,-1.301952600479125977e+00
-1.952253282070159912e-01,-1.454084038734436035e+00
-1.556430935859680176e+00,1.974431425333023071e-02
1.276897311210632324e+00,4.913177341222763062e-02
-1.053304910659790039e+00,1.068778872489929199e+00
-3.597609326243400574e-02,1.662808179855346680e+00
8.928184509277343750e-01,-1.040100097656250000e+00
-1.508960485458374023e+00,-3.343725949525833130e-02
1.295688033103942871e+00,-1.435927301645278931e-02
-1.325180649757385254e+00,9.029928594827651978e-02
-1.030485391616821289e+00,-1.000904798507690430e+00
-1.247804284095764160e+00,9.434812515974044800e-02
3.751528635621070862e-02,1.436359524726867676e+00
-1.710059523582458496e+00,7.691774517297744751e-02
-1.247674584388732910e+00,1.231179475784301758e+00
-1.064195856451988220e-02,-1.431929707527160645e+00
9.541221857070922852e-01,1.075349569320678711e+00
1.027731060981750488e+00,-9.189132452011108398e-01
5.470516160130500793e-02,-1.250489473342895508e+00
8.080641031265258789e-01,-1.096575498580932617e+00
3.759884834289550781e-01,1.345175623893737793e+00
-1.390286326408386230e+00,-1.157955303788185120e-01
-1.154190778732299805e+00,1.189119338989257812e+00
-5.763154476881027222e-03,-1.496710658073425293e+00
-9.629795551300048828e-01,-9.946124553680419922e-01
-1.031979322433471680e+00,-1.036501407623291016e+00
1.317790389060974121e+00,-3.096791356801986694e-02
-9.750213623046875000e-01,-1.157580852508544922e+00
1.483759760856628418e+00,-1.162885650992393494e-01
-1.317906260490417480e+00,1.037363886833190918e+00
7.451632618904113770e-02,1.365660667419433594e+00
9.785381555557250977e-01,-9.220598340034484863e-01
-8.954303860664367676e-01,-1.030643105506896973e+00
-1.103709101676940918e+00,1.194273591041564941e+00
1.275504469871520996e+00,-5.796270817518234253e-02
7.881879806518554688e-01,9.700363874435424805e-01
1.020902514457702637e+00,-1.087271213531494141e+00
3.110540285706520081e-02,-1.346499443054199219e+00
9.118756055831909180e-01,-9.202497005462646484e-01
-1.158846735954284668e+00,-7.675039768218994141e-01
-1.327230572700500488e+00,4.052545875310897827e-02
1.057705283164978027e+00,-9.909665584564208984e-01
-5.783046409487724304e-02,-1.286966562271118164e+00
-5.087181553244590759e-02,1.438327550888061523e+00
5.294660329818725586e-01,-1.275115013122558594e+00
8.981714248657226562e-01,-9.295799732208251953e-01
-1.418281197547912598e+00,-4.453545510768890381e-01
-1.052582502365112305e+00,-9.494383335113525391e-01
1.001824498176574707e+00,9.740839004516601562e-01
-1.148095846176147461e+00,1.211329102516174316e+00
-3.248300403356552124e-03,-1.441508531570434570e+00
9.189665317535400391e-01,-9.437042474746704102e-01
-1.430022120475769043e+00,4.757539182901382446e-02
6.858465075492858887e-02,1.451344132423400879e+00
-1.022222518920898438e+00,-8.794190883636474609e-01
8.775342106819152832e-01,-1.012698411941528320e+00
-9.515263438224792480e-01,9.440991878509521484e-01
-9.850639104843139648e-01,-9.352393746376037598e-01
1.027285933494567871e+00,1.039752960205078125e+00
-1.514359116554260254e+00,5.587325245141983032e-02
9.137703180313110352e-01,1.043066740036010742e+00
1.413175836205482483e-02,1.373020410537719727e+00
1.430747628211975098e+00,3.869549185037612915e-02
-1.944530308246612549e-01,1.512718915939331055e+00
1.552588120102882385e-02,-1.387813329696655273e+00
8.047775030136108398e-01,-1.126445770263671875e+00
1.290363430976867676e+00,-9.104546159505844116e-02
9.081643223762512207e-01,1.113250851631164551e+00
-1.678852736949920654e-01,-1.385319471359252930e+00
-9.740340709686279297e-01,8.079626560211181641e-01
9.008204936981201172e-01,1.052224040031433105e+00
8.675621747970581055e-01,-1.002470016479492188e+00
9.824830293655395508e-01,-1.030713200569152832e+00
9.551404118537902832e-01,-1.068828105926513672e+00
-9.356486797332763672e-01,1.202225446701049805e+00
-1.448401093482971191e+00,-5.876610428094863892e-02
1.018766462802886963e-01,1.412971496582031250e+00
-1.246407255530357361e-02,-1.425600647926330566e+00
1.048553824424743652e+00,9.904838800430297852e-01
-1.416728019714355469e+00,1.395198404788970947e-01
-9.140636920928955078e-01,1.070889234542846680e+00
9.288786053657531738e-01,9.703666567802429199e-01
1.062682151794433594e+00,9.668699502944946289e-01
-8.725188374519348145e-01,9.142994880676269531e-01
4.933695867657661438e-02,1.538280010223388672e+00
-1.178645193576812744e-01,-1.337500810623168945e+00
1.052309155464172363e+00,1.005342006683349609e+00
-1.287508130073547363e+00,1.261963248252868652e+00
-1.214339733123779297e-01,-1.349749684333801270e+00
9.843802452087402344e-01,-1.064200758934020996e+00
-1.119037270545959473e+00,1.120595693588256836e+00
1.110564351081848145e+00,1.024463653564453125e+00
-1.812819987535476685e-01,1.394358754158020020e+00
-1.130540817975997925e-01,-1.517036199569702148e+00
1.437197804450988770e+00,6.445317715406417847e-02
8.522874116897583008e-01,-1.073472261428833008e+00
-3.206148371100425720e-02,1.481580257415771484e+00
5.022065714001655579e-02,1.490241646766662598e+00
-1.291469931602478027e+00,1.320874452590942383e+00
1.009427383542060852e-02,1.484162926673889160e+00
8.693683743476867676e-01,-1.089778065681457520e+00
-9.290431737899780273e-01,-1.006319046020507812e+00
1.001246571540832520e+00,9.766616821289062500e-01
-9.622268676757812500e-01,-1.071909666061401367e+00
8.930722475051879883e-01,1.012794017791748047e+00
1.179087907075881958e-03,1.297944188117980957e+00
-4.251905903220176697e-02,1.427514195442199707e+00
1.033084392547607422e+00,1.140728712081909180e+00
1.457625627517700195e+00,-1.422189176082611084e-03
-1.447959095239639282e-01,1.312993526458740234e+00
-9.247297048568725586e-01,-8.788865804672241211e-01
-6.042721271514892578e-01,1.258073449134826660e+00
-4.237080216407775879e-01,1.302076339721679688e+00
-9.091653823852539062e-01,-9.126329421997070312e-01
-2.767711505293846130e-02,1.334347605705261230e+00
8.449981808662414551e-01,1.031620502471923828e+00
1.159852296113967896e-01,1.362368822097778320e+00
8.676636219024658203e-02,1.309168219566345215e+00
1.303938984870910645e+00,-1.496758759021759033e-01
-8.711849451065063477e-01,-9.335082769393920898e-01
-7.631069421768188477e-01,1.237063646316528320e+00
9.912728071212768555e-01,-9.644517898559570312e-01
1.342765212059020996e+00,3.978357464075088501e-02
2.871242538094520569e-02,1.367528438568115234e+00
-9.399476647377014160e-02,-1.401701569557189941e+00
1.428906559944152832e+00,7.844129949808120728e-02
-1.069469690322875977e+00,1.077044725418090820e+00
-1.499078392982482910e+00,-3.838800638914108276e-02
1.288002133369445801e-01,1.572215557098388672e+00
1.033980727195739746e+00,-9.601764678955078125e-01
1.002799868583679199e+00,9.382484555244445801e-01
-1.224903464317321777e+00,-8.228060007095336914e-01
5.668209791183471680e-01,1.050980091094970703e+00
1.348301410675048828e+00,-3.849249333143234253e-02
9.752897024154663086e-01,-8.843572735786437988e-01
-1.470438122749328613e+00,9.208210557699203491e-02
-9.196043014526367188e-01,-1.066734075546264648e+00
1.251329183578491211e+00,-3.260264545679092407e-02
8.078529834747314453e-01,9.827044010162353516e-01
-4.760759174823760986e-01,1.531288146972656250e+00
1.107006222009658813e-01,1.492991447448730469e+00
9.266029596328735352e-01,-1.027487993240356445e+00
1.336294293403625488e+00,-4.654236137866973877e-03
9.756283760070800781e-01,9.827694892883300781e-01
-1.081624388694763184e+00,-1.046737432479858398e+00
1.002437114715576172e+00,-8.778805732727050781e-01
-6.497222185134887695e-02,-1.420655608177185059e+00
-9.863381385803222656e-01,-1.049360036849975586e+00
1.052138686180114746e+00,1.062105178833007812e+00
-3.860127553343772888e-02,1.386672019958496094e+00
-9.728263616561889648e-01,-9.576977491378784180e-01
5.679232254624366760e-02,-1.375558376312255859e+00
1.384275674819946289e+00,-1.280716955661773682e-01
-1.473893284797668457e+00,5.864374339580535889e-03
8.230596780776977539e-01,-1.098578810691833496e+00
2.619213461875915527e-01,-1.335385084152221680e+00
-1.129188418388366699e+00,1.127475738525390625e+00
-1.312552809715270996e+00,1.245116710662841797e+00
-1.269054770469665527e+00,1.265113830566406250e+00
1.371028304100036621e+00,1.961018890142440796e-02
-1.621316000819206238e-02,-1.424491882324218750e+00
-1.607332378625869751e-01,-1.247984766960144043e+00
-1.107675909996032715e+00,9.854116439819335938e-01
1.260299682617187500e-01,1.537494778633117676e+00
8.185483217239379883e-01,-1.047234773635864258e+00
8.352748155593872070e-01,-1.007064700126647949e+00
1.390834599733352661e-01,1.495245337486267090e+00
-9.399017691612243652e-01,1.061731576919555664e+00
-1.273783802986145020e+00,1.355343580245971680e+00
-1.789306700229644775e-01,-1.415927529335021973e+00
1.028761506080627441e+00,-1.017900824546813965e+00
-1.273210287094116211e+00,1.203127205371856689e-03
-1.748505473136901855e+00,1.207241341471672058e-01
-1.551186323165893555e+00,2.267116606235504150e-01
-1.160020947456359863e+00,-8.453924655914306641e-01
-1.434638857841491699e+00,4.126849025487899780e-02
-1.470237016677856445e+00,9.712778776884078979e-02
8.239996433258056641e-01,-9.830127954483032227e-01
1.111263394355773926e+00,-6.964949518442153931e-02
-1.275868773460388184e+00,-1.116176024079322815e-01
-1.000434994697570801e+00,1.180114030838012695e+00
-1.043544292449951172e+00,-1.033185482025146484e+00
-9.662088751792907715e-01,-1.003701925277709961e+00
-9.548711776733398438e-02,-1.451804280281066895e+00
-2.747466787695884705e-02,-1.400642871856689453e+00
9.409111738204956055e-02,1.382434487342834473e+00
1.052270054817199707e+00,9.907413721084594727e-01
-9.510987401008605957e-01,8.962657451629638672e-01
-1.260148644447326660e+00,1.452729582786560059e+00
9.294356703758239746e-01,8.792178034782409668e-01
1.414990782737731934e+00,-3.974672257900238037e-01
6.907492876052856445e-02,1.330762863159179688e+00
8.985543847084045410e-01,-8.336734175682067871e-01
1.335026383399963379e+00,2.846435457468032837e-02
9.412963390350341797e-01,-1.029941558837890625e+00
-1.370281815528869629e+00,1.955758780241012573e-02
-1.066565036773681641e+00,-1.035722374916076660e+00
-1.161584496498107910e+00,1.278123974800109863e+00
-2.600775286555290222e-02,1.416603803634643555e+00
-8.704515099525451660e-01,9.355897903442382812e-01
1.536088064312934875e-02,1.331018447875976562e+00
1.058131098747253418e+00,1.024832010269165039e+00
-1.463150978088378906e-01,-1.516896009445190430e+00
-1.422469377517700195e+00,3.956829756498336792e-02
-9.614801406860351562e-02,1.581693172454833984e+00
-8.201908320188522339e-03,-1.233966827392578125e+00
9.255830049514770508e-01,1.017351388931274414e+00
-1.117549777030944824e+00,1.156057715415954590e+00
-1.643128991127014160e+00,7.223779708147048950e-02
1.405892133712768555e+00,-1.313852518796920776e-02
-1.389329552650451660e+00,1.271114587783813477e+00
-9.613474607467651367e-01,1.001390218734741211e+00
1.397341251373291016e+00,7.203783839941024780e-02
2.418025210499763489e-02,1.457282423973083496e+00
1.388755202293395996e+00,4.768125712871551514e-03
9.581813216209411621e-01,-9.831510782241821289e-01
9.794813394546508789e-01,-1.038266539573669434e+00
1.053166270256042480e+00,1.069959878921508789e+00
1.354096531867980957e+00,-4.777038842439651489e-02
-1.258518099784851074e-01,1.260017633438110352e+00
9.978461265563964844e-01,9.118092060089111328e-01
1.015880942344665527e+00,-9.715596437454223633e-01
-1.030412435531616211e+00,-1.149868607521057129e+00
-1.090515732765197754e+00,1.008309274911880493e-01
-1.228598833084106445e+00,-7.811053842306137085e-02
9.153292775154113770e-01,9.740246534347534180e-01
-4.981199502944946289e-01,1.502637982368469238e+00
-4.321892186999320984e-02,-1.370432138442993164e+00
-1.022567272186279297e+00,-9.134561419486999512e-01
2.916698157787322998e-01,1.440321207046508789e+00
9.192921519279479980e-01,-1.074508190155029297e+00
8.988087177276611328e-01,-9.329639077186584473e-01
-1.035970211029052734e+00,1.285305023193359375e+00
-3.441370651125907898e-02,1.239300966262817383e+00
-4.676325246691703796e-02,1.363319635391235352e+00
1.457656979560852051e+00,-2.426276803016662598e-01
1.315930962562561035e+00,-1.066661253571510315e-01
-9.934461116790771484e-01,1.186316251754760742e+00
-4.020516201853752136e-02,-1.470773339271545410e+00
7.586368918418884277e-02,-1.477825403213500977e+00
-1.261804223060607910e+00,6.744313985109329224e-02
1.098057150840759277e+00,1.001432538032531738e+00
-4.402870535850524902e-01,1.416645765304565430e+00
-3.046969771385192871e-01,-1.187495708465576172e+00
9.676858186721801758e-01,-1.121836781501770020e+00
8.830269575119018555e-01,-1.118943929672241211e+00
9.874554872512817383e-01,-9.554312229156494141e-01
-1.361687108874320984e-02,-1.334940433502197266e+00
9.559842944145202637e-01,-1.029472231864929199e+00
1.426219701766967773e+00,-9.287848323583602905e-02
-9.037911891937255859e-01,1.021196007728576660e+00
-1.393954396247863770e+00,-5.027944594621658325e-02
-1.126896142959594727e+00,-1.018813848495483398e+00
9.096746444702148438e-01,1.004998922348022461e+00
9.454053640365600586e-01,-1.040994405746459961e+00
-9.430611133575439453e-01,7.598423361778259277e-01
-1.078276753425598145e+00,-1.047009229660034180e+00
2.086027339100837708e-02,1.484658718109130859e+00
8.730804920196533203e-01,-1.072394609451293945e+00
-1.286602258682250977e+00,1.901200413703918457e-01
-1.308871388435363770e+00,-8.125037699937820435e-02
1.386856317520141602e+00,6.308322399854660034e-02
8.401642441749572754e-01,1.216268658638000488e+00
-6.726889312267303467e-02,-1.391994237899780273e+00
-1.295710802078247070e-01,1.504727005958557129e+00
-7.829165458679199219e-02,-1.434281945228576660e+00
1.028645992279052734e+00,9.650290608406066895e-01
-1.026873707771301270e+00,9.111064672470092773e-01
1.062377572059631348e+00,8.897049427032470703e-01
1.290047764778137207e+00,-3.325119614601135254e-04
1.680401563644409180e-01,1.401950836181640625e+00
8.752914071083068848e-01,-1.027141809463500977e+00
-1.308029770851135254e+00,3.600985556840896606e-02
-1.145642638206481934e+00,1.216779232025146484e+00
-1.052972078323364258e+00,9.609543085098266602e-01
-1.129283905029296875e+00,1.191686749458312988e+00
-1.397719979286193848e+00,-1.205157265067100525e-01
-1.020069599151611328e+00,-1.088113069534301758e+00
1.240362226963043213e-01,1.338266372680664062e+00
-5.858702585101127625e-02,1.445680260658264160e+00
-1.020852208137512207e+00,-1.029970645904541016e+00
-1.233011126518249512e+00,1.314779043197631836e+00
1.392182826995849609e+00,1.489028334617614746e-01
-1.414457678794860840e+00,-8.468428999185562134e-02
-5.079775676131248474e-02,-1.455177903175354004e+00
-1.008727997541427612e-01,-1.360712766647338867e+00
-9.392529726028442383e-01,8.015160560607910156e-01
1.501982286572456360e-02,1.335682153701782227e+00
9.722667932510375977e-01,-1.074288606643676758e+00
-1.682431623339653015e-02,-1.296158194541931152e+00
1.226214051246643066e+00,-7.178191840648651123e-02
1.358091354370117188e+00,-1.786724030971527100e-01
-1.260421276092529297e+00,9.963073581457138062e-02
-1.402186989784240723e+00,5.114857107400894165e-02
-9.345474243164062500e-01,-9.725407361984252930e-01
-1.450733304023742676e+00,8.888237178325653076e-03
-4.604525491595268250e-02,-1.397835731506347656e+00
-6.052473187446594238e-01,1.229678153991699219e+00
1.282741785049438477e+00,-8.065929263830184937e-02
9.747556447982788086e-01,1.115777611732482910e+00
-9.566804170608520508e-01,8.816730976104736328e-01
-9.264903068542480469e-01,1.234450817108154297e+00
1.045315384864807129e+00,7.034235000610351562e-01
-1.012983918190002441e-01,1.505391120910644531e+00
-1.418611884117126465e+00,-3.280188143253326416e-02
8.166882991790771484e-01,-9.621227979660034180e-01
-1.182844996452331543e+00,1.214140534400939941e+00
7.305034995079040527e-02,1.450334310531616211e+00
-9.355922043323516846e-02,-1.366773486137390137e+00
-4.302197396755218506e-01,1.410394787788391113e+00
9.515205621719360352e-01,1.087832212448120117e+00
-9.881321191787719727e-01,-9.740521907806396484e-01
9.414801597595214844e-01,-1.080164551734924316e+00
-1.370519518852233887e+00,1.152494475245475769e-01
1.057118296623229980e+00,8.718626499176025391e-01
-8.503813743591308594e-01,-9.497916698455810547e-01
-1.359292387962341309e+00,5.548717826604843140e-02
-2.465552389621734619e-01,1.604664206504821777e+00
-4.222097620368003845e-02,1.511881828308105469e+00
3.143955022096633911e-03,1.440998554229736328e+00
-3.973575830459594727e-01,1.306347250938415527e+00
6.543874740600585938e-01,1.110123634338378906e+00
8.097862005233764648e-01,-1.029120445251464844e+00
6.162953749299049377e-02,-1.314337253570556641e+00
-1.540119290351867676e+00,6.834111362695693970e-02
-1.137431979179382324e+00,8.869247436523437500e-01
-4.211917147040367126e-02,-1.437851786613464355e+00
-9.367285668849945068e-02,-1.515324473381042480e+00
1.014637470245361328e+00,1.040991902351379395e+00
-9.889357089996337891e-01,-8.831914663314819336e-01
-9.919185638427734375e-01,-9.838533401489257812e-01
9.101215600967407227e-01,-9.502395391464233398e-01
1.460662722587585449e+00,4.606194794178009033e-03
1.356959939002990723e+00,-6.016636639833450317e-02
-9.581270813941955566e-01,1.019706368446350098e+00
-1.255117774009704590e+00,6.678679585456848145e-01
1.414566636085510254e+00,-3.766597062349319458e-02
-1.038704037666320801e+00,1.246925234794616699e+00
-1.066355109214782715e+00,9.274879097938537598e-01
1.432017207145690918e+00,-2.631824463605880737e-02
1.420389294624328613e+00,-2.589812129735946655e-02
-1.424407362937927246e+00,8.771855384111404419e-02
1.230050921440124512e+00,3.479864448308944702e-02
-1.278561830520629883e+00,8.447820693254470825e-02
1.216752529144287109e-01,1.515511274337768555e+00
1.020631194114685059e+00,-1.023468852043151855e+00
1.465101599693298340e+00,1.023019924759864807e-01
-9.776580333709716797e-01,-1.095695376396179199e+00
-1.070905923843383789e+00,1.100533485412597656e+00
-1.167868971824645996e+00,1.265202909708023071e-01
1.367422461509704590e+00,4.552366435527801514e-01
-1.257184386253356934e+00,9.613643884658813477e-01
-8.059500157833099365e-02,-1.339257836341857910e+00
1.395061984658241272e-02,1.287721991539001465e+00
-9.927427768707275391e-02,-1.457085967063903809e+00
-1.140515208244323730e+00,1.079389452934265137e+00
9.429221749305725098e-01,1.037855386734008789e+00
1.000509858131408691e+00,1.133024096488952637e+00
-1.589291930198669434e+00,1.365720927715301514e-01
-1.061262249946594238e+00,1.025492072105407715e+00
-1.251473665237426758e+00,9.778497219085693359e-01
1.000863790512084961e+00,-8.574990034103393555e-01
-1.216348767280578613e+00,6.046587824821472168e-01
-8.374028801918029785e-01,1.004796862602233887e+00
-1.589733064174652100e-01,-1.424444198608398438e+00
-1.118920445442199707e+00,9.657095670700073242e-01
8.506520390510559082e-01,-1.074799656867980957e+00
-1.292350649833679199e+00,-3.308671712875366211e-01
-1.186215758323669434e+00,-4.584400653839111328e-01
9.176138639450073242e-01,-8.762658834457397461e-01
-1.503656268119812012e+00,1.281758427619934082e+00
9.203385114669799805e-01,1.025634884834289551e+00
1.119728207588195801e+00,1.086766958236694336e+00
-1.152366638183593750e+00,1.040708422660827637e+00
-1.237800002098083496e+00,3.719947338104248047e-01
-9.957791566848754883e-01,-9.357047080993652344e-01
9.075196385383605957e-01,9.424128532409667969e-01
-1.091187596321105957e+00,9.285788536071777344e-01
-1.233521342277526855e+00,1.292803168296813965e+00
-7.706886529922485352e-01,-1.228042125701904297e+00
1.046337485313415527e+00,9.448226690292358398e-01
-1.045600175857543945e+00,9.935473203659057617e-01
1.294484019279479980e+00,-1.316286027431488037e-01
1.362126231193542480e+00,-1.355867087841033936e-01
-1.074731707572937012e+00,1.472774267196655273e+00
8.973877429962158203e-01,1.133447289466857910e+00
-1.089301466941833496e+00,1.083101749420166016e+00
1.167514443397521973e+00,-5.505059957504272461e-01
-4.808511584997177124e-03,-1.467510223388671875e+00
-7.877756655216217041e-02,1.182901382446289062e+00
-1.904847845435142517e-02,1.472790837287902832e+00
-1.045902132987976074e+00,9.152482151985168457e-01
-1.234083995223045349e-02,-1.354449987411499023e+00
-9.182718992233276367e-01,1.058905720710754395e+00
8.966786861419677734e-01,-1.089872360229492188e+00
-1.499483227729797363e+00,-1.490410417318344116e-02
-1.548047184944152832e+00,2.282378673553466797e-01
-1.340095162391662598e+00,1.734236627817153931e-02
-1.210791230201721191e+00,8.326305747032165527e-01
-1.142171502113342285e+00,1.050436496734619141e+00
-1.064314723014831543e+00,-9.769233465194702148e-01
-9.514933228492736816e-01,1.158192634582519531e+00
1.015273928642272949e+00,1.062377810478210449e+00
8.610397577285766602e-02,1.452298879623413086e+00
8.459316492080688477e-01,-9.015056490898132324e-01
9.891155958175659180e-01,-8.979870080947875977e-01
9.690711498260498047e-01,9.071146249771118164e-01
8.770127296447753906e-01,-9.619708061218261719e-01
9.056572914123535156e-01,1.027336001396179199e+00
-8.758019208908081055e-01,-1.050286054611206055e+00
-1.552368879318237305e+00,6.822568774223327637e-01
1.016603708267211914e+00,-9.132882952690124512e-01
1.333335280418395996e+00,-3.305862098932266235e-02
-1.408721327781677246e+00,3.432304412126541138e-02
-1.534472584724426270e+00,1.371760129928588867e+00
-1.657798886299133301e+00,1.330037117004394531e-01
8.077564239501953125e-01,-8.797012567520141602e-01
1.124758124351501465e+00,1.140576720237731934e+00
-8.958213329315185547e-01,-1.111645698547363281e+00
9.872696399688720703e-01,-9.370585680007934570e-01
-7.629099488258361816e-02,-1.312119960784912109e+00
1.285257935523986816e+00,-7.560814172029495239e-02
-1.351405680179595947e-01,-1.424340605735778809e+00
1.014626264572143555e+00,1.099047899246215820e+00
9.689632654190063477e-01,9.835960865020751953e-01
1.427858948707580566e+00,-8.714330941438674927e-02
8.733854293823242188e-01,-1.120699882507324219e+00
-1.215040564537048340e+00,1.313708424568176270e+00
9.889166355133056641e-01,-9.107277393341064453e-01
-9.327868223190307617e-01,-9.594497680664062500e-01
5.683546140789985657e-02,1.418161988258361816e+00
-7.913069427013397217e-02,1.473765134811401367e+00
1.386362791061401367e+00,-1.078092232346534729e-01
2.354479208588600159e-02,-1.330820202827453613e+00
-1.220033168792724609e+00,-6.451014280319213867e-01
8.345417976379394531e-01,-8.331439495086669922e-01
8.800260424613952637e-01,-1.008124709129333496e+00
-1.553117856383323669e-02,-1.298890829086303711e+00
9.746812582015991211e-01,-9.293652772903442383e-01
-3.379837796092033386e-02,-1.363801002502441406e+00
8.575520515441894531e-01,1.039519190788269043e+00
-9.257788658142089844e-01,8.757053017616271973e-01
1.420732259750366211e+00,-1.475464999675750732e-01
1.008602261543273926e+00,1.017586827278137207e+00
8.147717714309692383e-01,9.405622482299804688e-01
1.387423157691955566e+00,1.382870227098464966e-02
-1.471952557563781738e+00,-5.966148525476455688e-02
-9.631779789924621582e-02,-1.412871122360229492e+00
-9.617329239845275879e-01,-1.034397125244140625e+00
9.488576650619506836e-01,-9.824628829956054688e-01
-9.488906711339950562e-03,-1.409664034843444824e+00
8.825535178184509277e-01,-9.936264753341674805e-01
9.571477770805358887e-01,9.647269248962402344e-01
-8.527417778968811035e-01,-9.790399074554443359e-01
-1.009188175201416016e+00,-9.743077754974365234e-01
-1.544024825096130371e+00,1.214777231216430664e+00
-1.228848457336425781e+00,-7.564602494239807129e-01
6.013106107711791992e-01,-1.143400788307189941e+00
-1.136542677879333496e+00,1.374351382255554199e+00
-8.118744194507598877e-02,-1.396103382110595703e+00
8.372343182563781738e-01,-9.675537347793579102e-01
-3.983711823821067810e-02,1.393911123275756836e+00
-1.242604732513427734e+00,1.271801352500915527e+00
-1.411473155021667480e+00,3.348777592182159424e-01
-1.510560035705566406e+00,8.524454385042190552e-02
-1.247136831283569336e+00,1.280509233474731445e+00
-9.891843199729919434e-01,-9.988911151885986328e-01
-1.293891310691833496e+00,1.292465925216674805e+00
1.185799956321716309e+00,-3.735659718513488770e-01
-1.384249567985534668e+00,1.448706388473510742e-01
1.242345333099365234e+00,-4.289633035659790039e-01
-1.524277448654174805e+00,3.700136244297027588e-01
-6.327782571315765381e-02,-1.367826938629150391e+00
1.128410935401916504e+00,-9.689121246337890625e-01
2.589673176407814026e-02,1.554800271987915039e+00
1.345186114311218262e+00,2.034851163625717163e-02
-2.193873748183250427e-02,-1.314804673194885254e+00
-9.625518321990966797e-02,1.529539823532104492e+00
1.241313219070434570e+00,-3.111558407545089722e-02
-5.749445781111717224e-02,1.448446273803710938e+00
-9.993651509284973145e-01,-9.767099618911743164e-01
-1.801575779914855957e+00,5.373778343200683594e-01
-1.902791559696197510e-01,1.237826108932495117e+00
4.221120849251747131e-02,-1.442024111747741699e+00
9.548516273498535156e-01,9.847555160522460938e-01
1.748551130294799805e-01,1.482288837432861328e+00
1.686591804027557373e-01,1.450724482536315918e+00
4.428463056683540344e-02,1.435982584953308105e+00
1.420443534851074219e+00,-8.981495350599288940e-02
-1.476606726646423340e+00,6.148327142000198364e-02
9.557519555091857910e-01,9.406419992446899414e-01
-7.716643810272216797e-02,1.509801864624023438e+00
-9.755854606628417969e-01,-9.369978308677673340e-01
-1.029087305068969727e-01,-1.342244386672973633e+00
-6.550958752632141113e-02,-1.356214284896850586e+00
-8.742873668670654297e-01,-1.032833337783813477e+00
5.013827234506607056e-03,1.296024203300476074e+00
8.312594890594482422e-01,9.136079549789428711e-01
1.054837822914123535e+00,1.068282365798950195e+00
1.392009735107421875e+00,-1.646980047225952148e-01
-1.214903473854064941e+00,1.070262432098388672e+00
-1.187412619590759277e+00,1.220074415206909180e+00
-9.141337275505065918e-01,1.125483512878417969e+00
-9.706288576126098633e-01,1.067359805107116699e+00
-4.065046831965446472e-02,1.409698367118835449e+00
-1.354264855384826660e+00,2.237049937248229980e-01
6.326235830783843994e-02,1.395619153976440430e+00
-1.018659353256225586e+00,-1.093564510345458984e+00
9.058123826980590820e-01,-9.924972057342529297e-01
1.386588573455810547e+00,-6.614931672811508179e-02
1.009173631668090820e+00,9.849987030029296875e-01
-3.362801298499107361e-02,1.526432514190673828e+00
9.853941202163696289e-01,9.684922099113464355e-01
-1.070110648870468140e-01,-1.459764122962951660e+00
-1.417290925979614258e+00,1.739840805530548096e-01
1.593618467450141907e-02,1.295916914939880371e+00
1.408147931098937988e+00,2.627409994602203369e-03
-3.250023350119590759e-02,-1.397819757461547852e+00
-1.076763510704040527e+00,-7.908110618591308594e-01
-1.030757650732994080e-02,1.445534706115722656e+00
1.304695963859558105e+00,-1.189086958765983582e-01
9.892536401748657227e-01,-9.367600679397583008e-01
3.786395192146301270e-01,1.304447889328002930e+00
9.619237184524536133e-01,1.061132550239562988e+00
8.383615612983703613e-01,1.082487821578979492e+00
-1.535087943077087402e+00,6.509450823068618774e-02
-1.085720777511596680e+00,5.893823504447937012e-01
-5.081481859087944031e-02,1.521741151809692383e+00
8.754309415817260742e-01,-9.522520303726196289e-01
-1.061927080154418945e+00,9.341748952865600586e-01
1.378013253211975098e+00,-1.180222555994987488e-01
3.109576180577278137e-02,-1.402143001556396484e+00
-7.627800107002258301e-02,1.266203165054321289e+00
-9.708387851715087891e-01,1.119909524917602539e+00
1.518783569335937500e-01,1.504406929016113281e+00
1.167189002037048340e+00,9.568191766738891602e-01
1.137254595756530762e+00,1.090189456939697266e+00
9.672534465789794922e-01,-1.041948080062866211e+00
9.822796583175659180e-01,1.048724412918090820e+00
-1.111603856086730957e+00,1.460914611816406250e+00
-1.008208036422729492e+00,1.457956790924072266e+00
-6.512056291103363037e-02,-1.444671869277954102e+00
9.212924242019653320e-01,-1.196150660514831543e+00
9.662488698959350586e-01,8.969765901565551758e-01
-9.668509960174560547e-01,-9.073287248611450195e-01
1.169231235980987549e-01,1.538257122039794922e+00
-1.229820251464843750e+00,1.295229673385620117e+00
1.322500348091125488e+00,3.302147239446640015e-02
1.298618197441101074e+00,2.561991661787033081e-02
-1.434887647628784180e+00,3.002560883760452271e-02
-1.005416512489318848e+00,-8.792258501052856445e-01
1.096607565879821777e+00,1.059019207954406738e+00
6.710094213485717773e-02,1.457469940185546875e+00
9.468737244606018066e-01,1.044591784477233887e+00
-8.560548722743988037e-02,-1.418712854385375977e+00
-4.526194557547569275e-02,-1.393286347389221191e+00
-9.785052537918090820e-01,-1.016644358634948730e+00
-1.176236033439636230e+00,1.272235035896301270e+00
-1.163755416870117188e+00,9.573431611061096191e-01
-1.158384680747985840e+00,1.339408993721008301e+00
-2.047696709632873535e-01,1.726722478866577148e+00
1.394413113594055176e+00,-1.033279076218605042e-01
9.066978096961975098e-01,-9.875814914703369141e-01
-1.760030388832092285e-01,1.625301599502563477e+00
1.299083113670349121e+00,-1.152790114283561707e-01
1.183985352516174316e+00,-9.602528810501098633e-01
1.232525944709777832e+00,-6.478349119424819946e-02
1.010309934616088867e+00,1.082714319229125977e+00
-1.031810522079467773e+00,-9.298275709152221680e-01
-1.396396994590759277e+00,-7.576560229063034058e-02
1.203992486000061035e+00,3.158084750175476074e-01
-2.494187280535697937e-02,1.399913072586059570e+00
1.288149714469909668e+00,5.245796591043472290e-02
-1.365001440048217773e+00,4.372321069240570068e-03
-1.389688253402709961e+00,1.532290577888488770e-01
-1.649636745452880859e+00,2.264685034751892090e-01
-5.292115733027458191e-02,1.436340332031250000e+00
-1.307496547698974609e+00,3.587760329246520996e-01
-6.720489263534545898e-02,1.665982723236083984e+00
-9.977926611900329590e-01,-9.440774917602539062e-01
1.017875671386718750e+00,-1.027146697044372559e+00
-9.984112381935119629e-01,1.081109046936035156e+00
8.558137416839599609e-01,-1.014351606369018555e+00
9.644993543624877930e-01,-8.977433443069458008e-01
-7.388760149478912354e-02,-1.376190543174743652e+00
-1.746665537357330322e-01,-1.534699201583862305e+00
-5.110220238566398621e-02,-1.339826583862304688e+00
7.492728531360626221e-02,1.335019826889038086e+00
-1.093128323554992676e+00,1.274226903915405273e+00
-8.106437325477600098e-02,-1.464612960815429688e+00
-1.541495084762573242e+00,-3.080875426530838013e-02
-1.158730983734130859e+00,1.014366149902343750e+00
1.241059303283691406e+00,6.964022666215896606e-02
-2.838982269167900085e-02,-1.399671077728271484e+00
-1.327549099922180176e+00,1.397078037261962891e+00
1.339109063148498535e+00,4.019566625356674194e-02
-7.792805135250091553e-02,-1.399698734283447266e+00
-1.001414418220520020e+00,-9.303685426712036133e-01
9.939616918563842773e-01,1.020148992538452148e+00
-5.062500759959220886e-02,1.524840116500854492e+00
1.345043540000915527e+00,3.382887840270996094e-01
1.033950686454772949e+00,9.756860136985778809e-01
5.180290713906288147e-02,1.450398206710815430e+00
7.125113159418106079e-03,1.436828851699829102e+00
1.011788010597229004e+00,1.111319303512573242e+00
-1.558563709259033203e+00,-4.427444189786911011e-02
-1.443190813064575195e+00,6.420647352933883667e-02
1.620343700051307678e-02,1.638236165046691895e+00
-1.545861124992370605e+00,7.001125067472457886e-02
-8.584191799163818359e-01,9.168356657028198242e-01
9.793322086334228516e-01,-1.059952020645141602e+00
1.059242844581604004e+00,7.883583307266235352e-01
-1.001658558845520020e+00,1.100113630294799805e+00
9.576884508132934570e-01,1.047798037528991699e+00
-1.214565753936767578e+00,3.320799469947814941e-01
-8.686905503273010254e-01,1.105000019073486328e+00
8.584806919097900391e-01,-9.597769975662231445e-01
-9.063203334808349609e-01,-9.807834625244140625e-01
-8.579742908477783203e-01,8.480380773544311523e-01
1.409718036651611328e+00,-8.870246261358261108e-02
1.429471254348754883e+00,-9.431975334882736206e-02
-1.004038929939270020e+00,1.257231354713439941e+00
-1.019564747810363770e+00,1.106622815132141113e+00
-9.797751903533935547e-01,-1.094905853271484375e+00
-1.177504897117614746e+00,-6.814854145050048828e-01
-1.038767576217651367e+00,1.150229573249816895e+00
1.306893825531005859e+00,-1.070903316140174866e-01
2.486177161335945129e-02,-1.470251321792602539e+00
-2.701279148459434509e-02,-1.373988509178161621e+00
-1.002173900604248047e+00,1.125403881072998047e+00
-8.631339073181152344e-01,8.646091818809509277e-01
6.720167398452758789e-02,1.373435735702514648e+00
-1.298609614372253418e+00,1.154142543673515320e-01
-1.415710151195526123e-01,1.681444406509399414e+00
1.001057505607604980e+00,9.967064857482910156e-01
-1.089063525199890137e+00,-1.044122576713562012e+00
-7.632482051849365234e-02,-1.319435358047485352e+00
-1.103470444679260254e+00,1.304336071014404297e+00
-1.127791523933410645e+00,-9.648278951644897461e-01
1.512157082557678223e+00,-4.830845445394515991e-02
-1.147930860519409180e+00,1.025198459625244141e+00
9.457759857177734375e-01,1.118419051170349121e+00
1.001427888870239258e+00,1.126654386520385742e+00
-1.464406609535217285e+00,8.650366216897964478e-02
-1.261308312416076660e+00,3.189803063869476318e-01
8.479430675506591797e-01,1.049350380897521973e+00
-1.349261641502380371e+00,2.607313543558120728e-02
-1.675589680671691895e-01,1.528882026672363281e+00
-1.622876048088073730e+00,1.432227343320846558e-02
8.940421342849731445e-01,1.027982831001281738e+00
-9.359694719314575195e-01,1.068468570709228516e+00
9.058583974838256836e-01,1.146413803100585938e+00
-1.041566491127014160e+00,-9.735294580459594727e-01
-1.344348669052124023e+00,-3.308023810386657715e-01
9.754730463027954102e-01,1.013472318649291992e+00
-1.526981472969055176e+00,9.458263516426086426e-01
9.626570940017700195e-01,9.922401905059814453e-01
-1.008024096488952637e+00,-9.921495914459228516e-01
-9.572618603706359863e-01,-1.079255342483520508e+00
1.380452632904052734e+00,2.224785387516021729e-01
-6.370191276073455811e-02,-1.381413578987121582e+00
1.051983237266540527e+00,8.401376008987426758e-01
-4.376426935195922852e-01,1.050552606582641602e+00
-1.116650819778442383e+00,1.048609733581542969e+00
-1.059221625328063965e+00,-1.004306435585021973e+00
1.325816750526428223e+00,8.190124481916427612e-02
9.121358394622802734e-01,-1.081547856330871582e+00
9.377486705780029297e-01,-1.128720998764038086e+00
7.153509259223937988e-01,-9.457612037658691406e-01
-3.178375586867332458e-02,1.455646038055419922e+00
1.044251173734664917e-01,1.289095759391784668e+00
-1.078045606613159180e+00,1.002917289733886719e+00
-1.122430682182312012e+00,-1.116702556610107422e+00
-1.555298447608947754e+00,1.187029257416725159e-01
-9.731864929199218750e-01,-1.053463578224182129e+00
-1.292301297187805176e+00,4.051730781793594360e-02
1.273892760276794434e+00,-1.345312595367431641e-01
-1.382283687591552734e+00,6.925209611654281616e-02
1.304020643234252930e+00,5.107306689023971558e-02
-4.671959206461906433e-02,1.529122114181518555e+00
1.997899264097213745e-01,1.386277318000793457e+00
-1.032087445259094238e+00,1.286506295204162598e+00
-1.061007857322692871e+00,-8.818739652633666992e-01
8.747546672821044922e-01,-9.824194908142089844e-01
1.320883393287658691e+00,3.218372911214828491e-02
1.460269331932067871e+00,1.865672767162322998e-01
-1.280221819877624512e+00,1.461945891380310059e+00
-1.201443910598754883e+00,1.135163426399230957e+00
-8.665819168090820312e-01,1.057846307754516602e+00
-9.921857118606567383e-01,-1.037000536918640137e+00
-1.131656169891357422e-01,1.657996177673339844e+00
1.114481687545776367e+00,-8.406993150711059570e-01
8.001201748847961426e-01,-9.400976896286010742e-01
-1.039926767349243164e+00,-1.037045240402221680e+00
-8.523478507995605469e-01,-1.130304455757141113e+00
-1.454250454902648926e+00,8.059177547693252563e-02
-9.135123491287231445e-01,-9.911615848541259766e-01
8.517560958862304688e-01,9.346311688423156738e-01
-1.492208361625671387e+00,2.221361547708511353e-02
-1.448625683784484863e+00,2.055309712886810303e-03
1.291589975357055664e+00,-7.191642373800277710e-02
-1.697166681289672852e+00,7.544196397066116333e-02
-8.756034076213836670e-02,-1.338631868362426758e+00
-8.448122441768646240e-02,-1.405785799026489258e+00
1.286575198173522949e+00,-2.222023904323577881e-03
8.862762451171875000e-01,-1.102108001708984375e+00
-2.197602018713951111e-02,-1.233349919319152832e+00
-8.441671729087829590e-02,-1.308747053146362305e+00
-1.227492809295654297e+00,1.172907948493957520e+00
-9.239213466644287109e-01,1.180946350097656250e+00
8.468766212463378906e-01,9.271314144134521484e-01
2.267591953277587891e-01,1.468609094619750977e+00
-5.741546675562858582e-02,-1.441055297851562500e+00
-8.190666139125823975e-02,-1.440950989723205566e+00
-8.742833137512207031e-01,-9.706810712814331055e-01
9.807417392730712891e-01,-1.015818953514099121e+00
-1.052155613899230957e+00,8.836904168128967285e-01
-9.310978055000305176e-01,8.199175596237182617e-01
1.032769918441772461e+00,-1.085956096649169922e+00
-7.669906318187713623e-02,-1.434188365936279297e+00
1.093652248382568359e+00,8.164809942245483398e-01
-1.269521355628967285e+00,1.412921547889709473e+00
1.299282670021057129e+00,3.084813803434371948e-02
9.999698400497436523e-01,8.954904079437255859e-01
-8.292005062103271484e-01,1.066358327865600586e+00
-1.049148291349411011e-01,1.551337838172912598e+00
-1.304461598396301270e+00,5.009452253580093384e-02
9.567453861236572266e-01,-9.837903976440429688e-01
8.821994662284851074e-01,-1.136272430419921875e+00
9.047596454620361328e-01,9.983656406402587891e-01
1.405400276184082031e+00,-6.906133145093917847e-02
-8.380783200263977051e-01,1.021663665771484375e+00
6.737503409385681152e-02,1.468669891357421875e+00
9.052724838256835938e-01,1.082760095596313477e+00
-1.311636090278625488e+00,1.286333799362182617e-01
-2.007044404745101929e-01,1.668321132659912109e+00
1.147363781929016113e+00,-5.327443480491638184e-01
-1.108000040054321289e+00,1.357852101325988770e+00
1.353014826774597168e+00,-8.020706474781036377e-03
9.532530307769775391e-01,-9.113881587982177734e-01
-1.298927664756774902e+00,2.645058184862136841e-02
-1.102105498313903809e+00,1.071915268898010254e+00
1.310323119163513184e+00,4.318498820066452026e-02
-1.120469331741333008e+00,1.239607572555541992e+00
-9.282837510108947754e-01,9.993784427642822266e-01
-2.598276361823081970e-02,1.453881978988647461e+00
1.210597395896911621e+00,7.386930286884307861e-03
-1.441325306892395020e+00,1.317214220762252808e-02
-1.015689849853515625e+00,1.060472488403320312e+00
1.402369499206542969e+00,-5.296748131513595581e-02
-9.991462826728820801e-01,9.457545280456542969e-01
-8.892719745635986328e-01,1.031205773353576660e+00
8.700566887855529785e-01,-9.780309200286865234e-01
1.315882444381713867e+00,1.941376179456710815e-02
-1.462358117103576660e+00,1.249678805470466614e-01
-1.392941474914550781e+00,1.522959113121032715e+00
9.328922629356384277e-01,1.097004413604736328e+00
9.696124792098999023e-01,1.075322031974792480e+00
-1.556814789772033691e+00,-9.010029584169387817e-02
9.058973789215087891e-01,-9.500784873962402344e-01
8.679477572441101074e-01,-1.010850787162780762e+00
-1.456877708435058594e+00,-3.173852711915969849e-02
1.371376276016235352e+00,-7.819407433271408081e-02
-1.057212948799133301e+00,1.173034191131591797e+00
7.154139876365661621e-02,-1.465053319931030273e+00
9.139488935470581055e-01,-1.043520331382751465e+00
-1.107113718986511230e+00,6.914518475532531738e-01
7.681212425231933594e-01,-9.461678862571716309e-01
-5.700594186782836914e-01,-1.204142332077026367e+00
8.890803456306457520e-01,-1.002322196960449219e+00
-1.387038111686706543e+00,-5.822626501321792603e-02
-4.418749809265136719e-01,1.665184259414672852e+00
1.350306034088134766e+00,-1.705316454172134399e-02
-8.496665358543395996e-01,1.018523335456848145e+00
-6.653857827186584473e-01,1.548443078994750977e+00
-4.281909391283988953e-02,-1.433607697486877441e+00
-7.054221630096435547e-01,1.496980071067810059e+00
-1.274358630180358887e+00,1.211420059204101562e+00
1.264565825462341309e+00,-3.626837730407714844e-01
1.210282564163208008e+00,-2.247825264930725098e-01
1.043872833251953125e+00,9.708583354949951172e-01
-1.046158194541931152e+00,-9.566372632980346680e-01
1.194605603814125061e-02,1.296756505966186523e+00
1.059363722801208496e+00,1.035346388816833496e+00
-1.233319044113159180e+00,1.403068423271179199e+00
9.210650920867919922e-01,-1.108271002769470215e+00
-1.343784451484680176e+00,1.158929690718650818e-01
-1.132530570030212402e+00,1.231005549430847168e+00
1.208021163940429688e+00,-6.300280094146728516e-01
-7.478912174701690674e-02,-1.369991302490234375e+00
-9.953368306159973145e-01,9.084408283233642578e-01
9.896875619888305664e-01,-1.014543652534484863e+00
1.003650903701782227e+00,8.269256353378295898e-01
9.330228567123413086e-01,1.008218884468078613e+00
9.602334499359130859e-01,9.462670087814331055e-01
-3.135391473770141602e-01,1.448744058609008789e+00
1.339166998863220215e+00,-1.913502514362335205e-01
-1.056285023689270020e+00,6.800545454025268555e-01
9.908760786056518555e-01,-8.951865434646606445e-01
-3.435325250029563904e-02,-1.364136457443237305e+00
9.300448298454284668e-01,-1.109640717506408691e+00
-1.022024035453796387e+00,1.122285962104797363e+00
-5.119384452700614929e-02,-1.328870892524719238e+00
-9.506891965866088867e-01,-9.667732715606689453e-01
9.835144281387329102e-01,-1.144343733787536621e+00
1.016271591186523438e+00,1.017954230308532715e+00
8.364878892898559570e-01,1.105644702911376953e+00
-1.009194254875183105e+00,1.065129160881042480e+00
-9.923128783702850342e-02,1.460271000862121582e+00
1.096515059471130371e+00,1.052976131439208984e+00
9.367318153381347656e-01,1.098310708999633789e+00
1.047137856483459473e+00,1.147017598152160645e+00
1.325319647789001465e+00,-6.502302736043930054e-02
-8.567707538604736328e-01,9.246441125869750977e-01
-1.378764986991882324e+00,-2.281924337148666382e-02
-4.575982317328453064e-02,-1.309622287750244141e+00
-1.442949891090393066e+00,-9.309358894824981689e-03
-1.275911927223205566e+00,2.149992436170578003e-02
-1.240925431251525879e+00,1.169091582298278809e+00
-6.998242437839508057e-02,-1.344554662704467773e+00
-9.999506473541259766e-01,9.956641793251037598e-01
-2.338578999042510986e-01,1.633376121520996094e+00
1.270236611366271973e+00,-7.155705243349075317e-02
-5.415101051330566406e-01,1.357373476028442383e+00
-1.231523394584655762e+00,1.102033972740173340e+00
-1.004340887069702148e+00,-1.056939125061035156e+00
8.329857587814331055e-01,-9.439061880111694336e-01
1.272151827812194824e+00,7.934942841529846191e-04
7.001700997352600098e-02,1.363490581512451172e+00
9.091261625289916992e-01,-9.999276399612426758e-01
-1.458641171455383301e+00,2.339562177658081055e-01
9.215531349182128906e-01,-9.469984173774719238e-01
-1.393135935068130493e-01,-1.368254899978637695e+00
9.762202501296997070e-01,-1.094838976860046387e+00
9.229400753974914551e-01,-9.449343085289001465e-01
-5.353051051497459412e-02,-1.428487658500671387e+00
-1.061857342720031738e+00,1.017599940299987793e+00
-5.792137235403060913e-03,1.797963738441467285e+00
1.035095810890197754e+00,1.031310081481933594e+00
-1.768274232745170593e-02,1.530373215675354004e+00
-1.028448224067687988e+00,-1.084565639495849609e+00
-9.741513729095458984e-01,1.067052841186523438e+00
1.337099432945251465e+00,1.841092854738235474e-02
2.347019687294960022e-02,-1.352275013923645020e+00
-3.371541202068328857e-01,1.637623548507690430e+00
-9.373303651809692383e-01,-1.086984992027282715e+00
-1.286523938179016113e+00,-3.603060543537139893e-02
-8.916661143302917480e-02,-1.377883672714233398e+00
9.073911905288696289e-01,-8.431653380393981934e-01
-1.101895570755004883e+00,-1.062637805938720703e+00
9.281731843948364258e-01,1.134527325630187988e+00
1.019260287284851074e+00,9.882081151008605957e-01
5.825469270348548889e-02,-1.425914168357849121e+00
5.081560090184211731e-02,1.495215296745300293e+00
8.548379540443420410e-01,-9.713058471679687500e-01
8.722634315490722656e-01,-1.078217744827270508e+00
1.267727255821228027e+00,-1.781664043664932251e-02
8.769072294235229492e-01,-1.148028135299682617e+00
-5.706044659018516541e-02,-1.324246883392333984e+00
-1.021471738815307617e+00,8.932257890701293945e-01
-1.383731722831726074e+00,3.537005931138992310e-02
-1.144268393516540527e+00,1.194226503372192383e+00
1.321147203445434570e+00,-5.008063465356826782e-02
-1.297941803932189941e+00,5.645778030157089233e-02
1.882553473114967346e-02,-1.249204158782958984e+00
9.698203802108764648e-01,-9.774112701416015625e-01
-1.699950337409973145e+00,6.575427204370498657e-02
-7.093819975852966309e-02,-1.360317468643188477e+00
1.212437823414802551e-02,-1.308792591094970703e+00
-8.784416913986206055e-01,-9.833213090896606445e-01
-9.234343171119689941e-01,1.004248023033142090e+00
1.326007843017578125e+00,-7.650346308946609497e-02
-1.361043095588684082e+00,3.055643290281295776e-02
-9.716197848320007324e-01,-9.797583818435668945e-01
-1.402299046516418457e+00,6.380386650562286377e-03
-1.050232529640197754e+00,1.044872879981994629e+00
9.217417240142822266e-01,1.031839609146118164e+00
9.138615727424621582e-01,-9.607486724853515625e-01
1.351732254028320312e+00,2.316482365131378174e-03
1.335355281829833984e+00,-7.914911955595016479e-02
-1.006061196327209473e+00,-1.096113920211791992e+00
1.396359562873840332e+00,-3.574731200933456421e-02
-1.292764306068420410e+00,1.215152025222778320e+00
5.034570768475532532e-02,-1.513885140419006348e+00
-1.667702794075012207e-01,1.518022775650024414e+00
1.362357974052429199e+00,-2.917487174272537231e-02
9.171934127807617188e-01,-9.510638713836669922e-01
-9.808795452117919922e-01,-1.063833236694335938e+00
9.017175436019897461e-01,1.108121752738952637e+00
-1.070679187774658203e+00,-8.253589868545532227e-01
-1.122487783432006836e+00,1.115507125854492188e+00
1.472988009452819824e+00,2.427164465188980103e-02
-9.554654359817504883e-01,8.736785650253295898e-01
1.074525117874145508e+00,8.460016250610351562e-01
-2.736472710967063904e-02,-1.446117162704467773e+00
1.026334643363952637e+00,1.064946770668029785e+00
-1.040727496147155762e+00,-9.463497400283813477e-01
-1.016322135925292969e+00,-1.055218219757080078e+00
5.821676850318908691e-01,-1.353396773338317871e+00
-1.770821809768676758e-01,1.736978292465209961e+00
1.408782362937927246e+00,-2.636965364217758179e-02
-1.178248167037963867e+00,9.857283830642700195e-01
-1.025678277015686035e+00,1.230888962745666504e+00
-1.079617619514465332e+00,-9.276455044746398926e-01
-9.513208866119384766e-01,-1.064031600952148438e+00
-1.165795475244522095e-01,-1.316414237022399902e+00
-9.689128398895263672e-01,-1.000317573547363281e+00
9.988840818405151367e-01,-9.612243175506591797e-01
-1.724080368876457214e-02,1.569290399551391602e+00
-1.535950899124145508e+00,-1.195803508162498474e-01
-1.728330016136169434e+00,2.835088074207305908e-01
-1.188364148139953613e+00,1.098933935165405273e+00
-9.011319279670715332e-01,1.008713006973266602e+00
-1.056518435478210449e+00,1.352105855941772461e+00
1.408929705619812012e+00,-3.024981170892715454e-02
-1.772443205118179321e-01,-1.517458796501159668e+00
1.411801695823669434e+00,7.286643236875534058e-02
1.298055171966552734e+00,3.107834607362747192e-02
1.229405999183654785e+00,1.065482869744300842e-01
-1.518903732299804688e+00,4.144167155027389526e-02
-1.001175999641418457e+00,1.074935674667358398e+00
-8.638164997100830078e-01,1.022147297859191895e+00
-7.759156227111816406e-01,1.380929708480834961e+00
-7.478410005569458008e-02,1.386523604393005371e+00
8.983162641525268555e-01,-1.060566425323486328e+00
1.012484908103942871e+00,9.450417757034301758e-01
1.041106820106506348e+00,-1.034496545791625977e+00
9.383771419525146484e-01,1.033310770988464355e+00
-2.325910478830337524e-01,-1.373970746994018555e+00
-1.122527718544006348e+00,1.240839004516601562e+00
1.133110001683235168e-02,1.285890102386474609e+00
-7.836949080228805542e-03,1.374259233474731445e+00
1.287996292114257812e+00,1.206072419881820679e-02
-8.476508855819702148e-01,9.854912757873535156e-01
-1.132026314735412598e+00,1.261284589767456055e+00
-1.182495504617691040e-01,1.431286811828613281e+00
9.289960861206054688e-01,-9.768935441970825195e-01
-6.670828163623809814e-02,1.434444785118103027e+00
-1.305853724479675293e+00,-4.611051827669143677e-02
-1.104124188423156738e+00,9.960359930992126465e-01
-9.076697826385498047e-01,9.729658961296081543e-01
-1.021159410476684570e+00,9.169358015060424805e-01
-8.988133072853088379e-02,-1.483297944068908691e+00
-1.155588388442993164e+00,9.584882259368896484e-01
-1.764641851186752319e-01,-1.341989755630493164e+00
1.044116735458374023e+00,-9.132643938064575195e-01
-4.695649072527885437e-02,-1.435357093811035156e+00
1.075520753860473633e+00,-1.066347122192382812e+00
1.287843108177185059e+00,-1.085202321410179138e-01
-5.301531404256820679e-03,-1.393469572067260742e+00
9.794472455978393555e-01,9.823422431945800781e-01
1.437176227569580078e+00,-2.096044421195983887e-01
-4.574800655245780945e-02,-1.344155669212341309e+00
1.052868962287902832e+00,-9.692671298980712891e-01
9.501820802688598633e-02,-1.343089222908020020e+00
1.391942143440246582e+00,3.353144973516464233e-02
-1.164473533630371094e+00,1.032297611236572266e+00
-6.269793957471847534e-03,1.592105865478515625e+00
1.043875098228454590e+00,1.000859379768371582e+00
-1.091278076171875000e+00,-9.938472509384155273e-01
7.933436334133148193e-02,-1.295064926147460938e+00
8.076243400573730469e-01,-1.020681381225585938e+00
-1.095272541046142578e+00,-4.807015657424926758e-01
1.018395543098449707e+00,-9.991744756698608398e-01
8.549775183200836182e-02,-1.365904927253723145e+00
-1.135431051254272461e+00,-9.844789505004882812e-01
9.904854297637939453e-01,1.052728414535522461e+00
-1.219294965267181396e-01,-1.409416794776916504e+00
-1.192847609519958496e+00,1.207184791564941406e+00
1.385043263435363770e+00,-1.031110212206840515e-01
-1.249677777290344238e+00,4.028801620006561279e-01
-1.215743184089660645e+00,9.465441107749938965e-04
-1.467144012451171875e+00,-2.549204975366592407e-02
1.245882153511047363e+00,-7.442392408847808838e-03
1.028330922126770020e+00,-1.014617681503295898e+00
8.473759889602661133e-01,9.989383816719055176e-01
8.832728862762451172e-02,1.426828503608703613e+00
1.028902649879455566e+00,-1.034052729606628418e+00
1.428787231445312500e+00,1.181544885039329529e-01
-4.730407595634460449e-01,1.437407016754150391e+00
-9.965078234672546387e-01,-1.005284070968627930e+00
8.302830457687377930e-01,-9.251881837844848633e-01
9.040675163269042969e-01,-9.936466217041015625e-01
9.318817257881164551e-01,-1.118797779083251953e+00
1.010741114616394043e+00,9.634864330291748047e-01
9.572553634643554688e-01,1.039185881614685059e+00
1.291466832160949707e+00,-1.239306554198265076e-01
-1.027680397033691406e+00,-1.022650241851806641e+00
-1.388101935386657715e+00,1.582644134759902954e-02
-1.262250065803527832e+00,1.237445950508117676e+00
-9.154731035232543945e-01,-1.014156699180603027e+00
-1.308832019567489624e-01,-1.414266705513000488e+00
-1.077140331268310547e+00,-1.088500857353210449e+00
-6.120226904749870300e-02,-1.505956172943115234e+00
8.850851655006408691e-02,-1.311167955398559570e+00
1.371039271354675293e+00,-1.667612791061401367e-01
9.119936227798461914e-01,1.024635314941406250e+00
1.297698974609375000e+00,-5.216688662767410278e-02
-1.337767720222473145e+00,4.588983952999114990e-03
-4.800578579306602478e-02,1.142611145973205566e+00
-1.472984790802001953e+00,-4.323074966669082642e-02
-1.085153341293334961e+00,1.188682675361633301e+00
-1.371055245399475098e+00,1.173864841461181641e+00
1.367443323135375977e+00,3.753639757633209229e-03
-1.174982666969299316e+00,7.582167387008666992e-01
-1.014260411262512207e+00,-9.714943170547485352e-01
2.212448790669441223e-02,1.275896310806274414e+00
9.009860157966613770e-01,9.827508926391601562e-01
-1.547301650047302246e+00,1.779220104217529297e-01
-1.214281916618347168e+00,1.264621019363403320e+00
-6.329292058944702148e-01,1.568159818649291992e+00
-1.498785614967346191e+00,7.782462984323501587e-02
-1.006649851799011230e+00,-1.018981695175170898e+00
6.925169378519058228e-03,1.527434468269348145e+00
9.874795675277709961e-01,-9.760255813598632812e-01
-9.837632179260253906e-01,-1.030335545539855957e+00
9.879734516143798828e-01,9.853429794311523438e-01
-3.930188342928886414e-02,1.439897537231445312e+00
-1.003305912017822266e+00,-1.068677186965942383e+00
-1.407249450683593750e+00,-2.576272934675216675e-02
-1.287901043891906738e+00,-6.975622177124023438e-01
-1.002594977617263794e-01,1.619779109954833984e+00
-1.620385646820068359e+00,4.182066768407821655e-02
9.321838617324829102e-01,1.137064456939697266e+00
-1.044359445571899414e+00,-1.086023569107055664e+00
1.079557776451110840e+00,-9.487649202346801758e-01
-1.322522759437561035e+00,1.283926367759704590e-01
-1.059466242790222168e+00,1.177267551422119141e+00
-1.790645867586135864e-01,-1.354406237602233887e+00
-1.832234114408493042e-01,1.444888234138488770e+00
8.369385004043579102e-01,-1.011091709136962891e+00
1.409527182579040527e+00,-1.452929973602294922e-01
6.898236274719238281e-02,-1.499162435531616211e+00
-1.026393294334411621e+00,-9.904843568801879883e-01
-1.604011178016662598e+00,2.835945039987564087e-02
-1.055302500724792480e+00,1.145589590072631836e+00
-9.730689525604248047e-01,1.061949729919433594e+00
1.472933411598205566e+00,4.685422033071517944e-02
-1.167452692985534668e+00,1.137706518173217773e+00
1.307669043540954590e+00,3.586352616548538208e-02
-1.365422844886779785e+00,2.203658223152160645e-04
-1.470252633094787598e+00,1.434853076934814453e-01
1.002354860305786133e+00,-1.082443475723266602e+00
-9.809308052062988281e-01,1.044833064079284668e+00
-9.564800262451171875e-01,-9.715454578399658203e-01
2.677671983838081360e-02,1.378806352615356445e+00
-2.080089971423149109e-02,1.754663109779357910e+00
-1.390248775482177734e+00,1.382048845291137695e+00
1.149174690246582031e+00,9.811322093009948730e-01
1.005567550659179688e+00,-9.712727069854736328e-01
1.440889596939086914e+00,-6.041001528501510620e-02
-1.161273717880249023e+00,1.181023478507995605e+00
1.139417290687561035e+00,4.682741314172744751e-02
-9.264745712280273438e-01,1.156597733497619629e+00
-9.483581781387329102e-01,1.018397569656372070e+00
-1.052240252494812012e+00,-8.994390964508056641e-01
1.308647394180297852e-01,1.502663612365722656e+00
8.915661573410034180e-01,-1.014398097991943359e+00
-4.297533631324768066e-01,1.604468226432800293e+00
-1.284620523452758789e+00,8.244590759277343750e-01
-1.447907537221908569e-01,-1.247606515884399414e+00
1.048357367515563965e+00,9.103230237960815430e-01
9.068889617919921875e-01,-9.628353118896484375e-01
-1.520176053047180176e+00,5.071111768484115601e-02
8.637573719024658203e-01,1.036876201629638672e+00
-1.485083937644958496e+00,9.508721530437469482e-03
1.105180621147155762e+00,6.862803697586059570e-01
-1.303589463233947754e+00,1.152568697929382324e+00
1.285311937332153320e+00,-9.368286281824111938e-02
-1.071020841598510742e+00,9.993885755538940430e-01
1.133390814065933228e-01,-1.407080531120300293e+00
-7.863219827413558960e-03,-1.474636435508728027e+00
1.015290141105651855e+00,8.434259891510009766e-01
-1.453676819801330566e+00,1.159553527832031250e+00
-1.888468489050865173e-02,-1.362095475196838379e+00
9.779990911483764648e-01,1.031016588211059570e+00
9.655404090881347656e-01,1.103130936622619629e+00
-1.447355031967163086e+00,-9.128008037805557251e-02
-1.395739912986755371e+00,-1.158287376165390015e-02
1.043860316276550293e+00,-8.775343894958496094e-01
1.424697756767272949e+00,-5.744777619838714600e-03
-1.335046887397766113e-01,1.317061424255371094e+00
-9.110832214355468750e-01,-1.044063091278076172e+00
1.314773201942443848e+00,1.502022892236709595e-02
1.831647753715515137e-01,-1.323953628540039062e+00
9.933561086654663086e-01,1.089477777481079102e+00
-1.156439185142517090e+00,1.131462097167968750e+00
1.298503756523132324e+00,-1.508746296167373657e-02
8.579411506652832031e-01,1.106424927711486816e+00
-2.318155020475387573e-03,1.328478336334228516e+00
9.258522987365722656e-01,-9.693068265914916992e-01
-2.850141376256942749e-03,1.449635505676269531e+00
9.800660610198974609e-02,1.394911766052246094e+00
-9.587467312812805176e-01,1.209783196449279785e+00
-1.231479793787002563e-01,-1.313536643981933594e+00
-9.723230600357055664e-01,-9.897608757019042969e-01
-2.113744616508483887e-01,1.562216162681579590e+00
-1.083064556121826172e+00,9.682894945144653320e-01
-9.441097974777221680e-01,1.054581046104431152e+00
9.499341845512390137e-01,9.390313625335693359e-01
1.276128530502319336e+00,6.307683885097503662e-03
1.269836783409118652e+00,-2.296748757362365723e-01
9.299612045288085938e-01,9.889867901802062988e-01
-9.428343772888183594e-01,1.098932385444641113e+00
-1.073315382003784180e+00,-9.846124649047851562e-01
-1.447972893714904785e+00,1.603454053401947021e-01
-1.143656849861145020e+00,1.136364936828613281e+00
-1.298616886138916016e+00,1.248810172080993652e+00
-1.378317236900329590e+00,-2.463217079639434814e-02
9.394218921661376953e-01,9.305930137634277344e-01
-1.257606267929077148e+00,-7.799474149942398071e-02
-1.033508419990539551e+00,1.004231095314025879e+00
-1.023555517196655273e+00,1.200227022171020508e+00
-1.080813050270080566e+00,9.166625142097473145e-01
9.971830844879150391e-01,1.052599668502807617e+00
-1.676060080528259277e+00,1.313617825508117676e-01
-1.046273231506347656e+00,1.038249731063842773e+00
-9.485063552856445312e-01,9.122594594955444336e-01
-1.087295651435852051e+00,-1.016509294509887695e+00
-1.498533487319946289e+00,5.103113502264022827e-02
1.414478659629821777e+00,3.425262868404388428e-03
-9.931337088346481323e-03,1.264579057693481445e+00
1.048607230186462402e+00,8.977222442626953125e-01
4.440945759415626526e-02,-1.436913132667541504e+00
8.664417266845703125e-02,1.351177930831909180e+00
9.293394088745117188e-01,1.038591265678405762e+00
-1.015480637550354004e+00,1.116956233978271484e+00
-1.177780389785766602e+00,5.143839716911315918e-01
-1.345194727182388306e-01,-1.389829874038696289e+00
-1.361497521400451660e+00,9.363152831792831421e-02
9.971696883440017700e-03,-1.299820423126220703e+00
4.585165157914161682e-02,-1.435762882232666016e+00
-4.974850639700889587e-02,-1.353042483329772949e+00
-1.084059596061706543e+00,1.122405529022216797e+00
8.525341749191284180e-01,-1.061520814895629883e+00
-4.226161167025566101e-02,1.527592897415161133e+00
8.824336528778076172e-01,9.825212955474853516e-01
-1.337769031524658203e+00,-1.365140676498413086e-01
1.470434367656707764e-01,1.443423748016357422e+00
-1.401975512504577637e+00,1.210715547204017639e-01
9.584406614303588867e-01,1.036251902580261230e+00
-1.442248821258544922e+00,8.664432913064956665e-02
1.809657812118530273e-01,1.351476669311523438e+00
9.753044843673706055e-01,-1.004844784736633301e+00
-1.740856021642684937e-01,-1.361952066421508789e+00
3.266585245728492737e-02,1.298696637153625488e+00
-1.550523281097412109e+00,1.087480857968330383e-01
-1.002033710479736328e+00,-1.089228391647338867e+00
-2.999943122267723083e-02,-1.416026711463928223e+00
1.318395018577575684e+00,-1.658630669116973877e-01
-1.328834414482116699e+00,6.154263019561767578e-01
2.348016574978828430e-02,1.523431062698364258e+00
8.935375809669494629e-01,-9.913115501403808594e-01
-1.446525096893310547e+00,8.243107050657272339e-02
-1.145190298557281494e-01,-1.257789969444274902e+00
-1.152446508407592773e+00,1.215441346168518066e+00
-8.331766128540039062e-01,-1.081683516502380371e+00
-1.644103884696960449e+00,-4.793427884578704834e-03
-9.327616691589355469e-01,1.137701749801635742e+00
1.424661517143249512e+00,1.138849183917045593e-01
8.532605171203613281e-01,-1.067788362503051758e+00
-2.929737791419029236e-02,-1.339118599891662598e+00
5.572690442204475403e-02,-1.339876651763916016e+00
9.567084312438964844e-01,9.386607408523559570e-01
-1.427801728248596191e+00,1.104336231946945190e-02
-1.394073724746704102e+00,6.464453786611557007e-02
9.180646538734436035e-01,9.893956184387207031e-01
-1.107711553573608398e+00,1.168091773986816406e+00
-4.758432134985923767e-02,-1.355187892913818359e+00
1.037522032856941223e-02,1.277569055557250977e+00
-1.571227073669433594e+00,7.144037634134292603e-02
9.628270864486694336e-01,-1.207404494285583496e+00
-1.382033824920654297e-01,1.438190817832946777e+00
-2.612865567207336426e-01,-1.346396923065185547e+00
3.853379562497138977e-02,-1.461766719818115234e+00
-1.306340575218200684e+00,3.744009882211685181e-02
-1.336232066154479980e+00,-2.346808910369873047e-01
-8.226559758186340332e-01,-9.028049707412719727e-01
-1.422781944274902344e-01,-1.443183064460754395e+00
-1.646831929683685303e-01,-1.217173814773559570e+00
-1.616150259971618652e+00,-9.470532089471817017e-02
1.149208426475524902e+00,-2.842807024717330933e-02
-1.326959252357482910e+00,-1.725408732891082764e-01
-1.467059135437011719e+00,1.460960805416107178e-01
8.865275382995605469e-01,-8.959441781044006348e-01
9.487478733062744141e-01,1.154623508453369141e+00
-1.459951043128967285e+00,1.032105907797813416e-01
-1.001832723617553711e+00,1.256808757781982422e+00
-9.432823956012725830e-02,-1.377024531364440918e+00
-1.396806955337524414e+00,1.437296718358993530e-02
1.084005713462829590e+00,9.892956614494323730e-01
-1.014628291130065918e+00,-1.028545141220092773e+00
1.105989575386047363e+00,9.869118928909301758e-01
1.412595152854919434e+00,1.036228761076927185e-01
1.583032757043838501e-01,1.368596434593200684e+00
1.195088267326354980e+00,7.209155559539794922e-01
-3.408759459853172302e-02,1.244857549667358398e+00
2.963726595044136047e-02,-1.403323173522949219e+00
1.048251748085021973e+00,5.240597724914550781e-01
-3.394259810447692871e-01,-1.475368022918701172e+00
1.004682660102844238e+00,1.023563027381896973e+00
-9.106808304786682129e-01,9.807130098342895508e-01
-1.024512290954589844e+00,1.221424102783203125e+00
9.305141568183898926e-01,-1.026902556419372559e+00
1.556769385933876038e-02,-1.235569834709167480e+00
1.111717820167541504e+00,-6.893258094787597656e-01
-8.739655613899230957e-01,1.119331359863281250e+00
-1.829380914568901062e-02,1.479820847511291504e+00
1.052333950996398926e+00,9.422262907028198242e-01
1.343208670616149902e+00,-2.772838622331619263e-02
9.394161701202392578e-01,1.041317462921142578e+00
-1.159476518630981445e+00,1.128273963928222656e+00
1.378407955169677734e+00,-3.458411246538162231e-02
-9.994546771049499512e-01,1.124080181121826172e+00
-1.015424489974975586e+00,1.104309916496276855e+00
8.581203222274780273e-01,-1.118362903594970703e+00
-5.370121449232101440e-03,-1.432078361511230469e+00
-9.565942287445068359e-01,9.107450246810913086e-01
-1.019889473915100098e+00,1.068906545639038086e+00
-3.423396870493888855e-02,1.472331762313842773e+00
-1.211943745613098145e+00,-8.156533241271972656e-01
-1.004276275634765625e+00,1.172107815742492676e+00
-4.590731114149093628e-03,1.429235696792602539e+00
1.000529885292053223e+00,-9.538710117340087891e-01
1.197776794433593750e-01,1.463148951530456543e+00
9.254806637763977051e-01,-1.061478137969970703e+00
1.085423305630683899e-02,-1.407173275947570801e+00
-3.892060741782188416e-02,-1.386451363563537598e+00
1.353850960731506348e+00,-3.838419169187545776e-02
1.345903992652893066e+00,-4.189856350421905518e-03
8.669962286949157715e-01,-1.001032233238220215e+00
-1.138631105422973633e+00,1.069686293601989746e+00
-1.231055855751037598e+00,1.277442932128906250e+00
8.635879158973693848e-01,-1.001996994018554688e+00
1.398243784904479980e+00,-7.645484060049057007e-02
9.597051888704299927e-03,-1.186862349510192871e+00
-1.224637508392333984e+00,-2.500168979167938232e-02
-1.125113129615783691e+00,-9.290418624877929688e-01
-1.033220887184143066e+00,1.123833060264587402e+00
5.790361166000366211e-01,-1.165375471115112305e+00
-9.163843989372253418e-01,1.044773578643798828e+00
-1.200848937034606934e+00,1.268178462982177734e+00
-1.015809297561645508e+00,-1.063206434249877930e+00
8.267838954925537109e-01,-8.983115553855895996e-01
-1.039434313774108887e+00,-9.843862056732177734e-01
-1.107962846755981445e+00,1.148995280265808105e+00
-1.036850690841674805e+00,-1.078731417655944824e+00
3.552088141441345215e-01,1.076309442520141602e+00
9.183176755905151367e-01,-9.945206642150878906e-01
1.310733914375305176e+00,-1.109370812773704529e-01
1.370130658149719238e+00,-9.286268800497055054e-02
9.706163406372070312e-01,8.950287103652954102e-01
1.020154356956481934e+00,1.193981885910034180e+00
-1.358719944953918457e+00,-3.964721411466598511e-02
-1.285980939865112305e-01,1.602868318557739258e+00
1.992171704769134521e-01,-1.341942191123962402e+00
-1.404093503952026367e+00,-1.024061217904090881e-01
9.858280420303344727e-01,9.167306423187255859e-01
-3.715389594435691833e-02,-1.472566843032836914e+00
-1.341587424278259277e+00,1.957606524229049683e-02
-1.064049363136291504e+00,-1.006718516349792480e+00
1.003781318664550781e+00,9.920519590377807617e-01
-9.716552495956420898e-02,1.428955316543579102e+00
-1.297994136810302734e+00,-9.017599374055862427e-02
-9.819085001945495605e-01,1.039552688598632812e+00
-1.097334980964660645e+00,1.073842048645019531e+00
-4.585905969142913818e-01,-1.228628993034362793e+00
8.715614080429077148e-01,1.146154403686523438e+00
-9.428579807281494141e-01,9.193037748336791992e-01
-1.059194684028625488e+00,-9.051169753074645996e-01
1.380752682685852051e+00,-2.242125570774078369e-03
1.390001296997070312e+00,1.913540065288543701e-03
-1.200477957725524902e+00,-4.771632701158523560e-02
-1.522195935249328613e+00,3.803541511297225952e-02
-1.102759242057800293e+00,1.397255420684814453e+00
-4.322036728262901306e-02,-1.230172276496887207e+00
3.827867284417152405e-02,1.349694252014160156e+00
-1.449560523033142090e+00,-3.658851236104965210e-02
-3.249328956007957458e-02,-1.467325925827026367e+00
-1.552890419960021973e+00,5.481682717800140381e-03
1.612567603588104248e-01,-1.366423845291137695e+00
8.622820377349853516e-01,-8.941510915756225586e-01
6.994449496269226074e-01,-1.130766987800598145e+00
-1.262835264205932617e-01,1.394893646240234375e+00
-1.364692568778991699e+00,2.394900470972061157e-02
-8.941711783409118652e-01,8.378674983978271484e-01
1.028066754341125488e+00,-8.759510517120361328e-01
3.658954054117202759e-03,-1.465226650238037109e+00
-8.395265042781829834e-02,-1.353182792663574219e+00
1.399886250495910645e+00,-1.220481917262077332e-01
-4.743949696421623230e-02,-1.325514078140258789e+00
-1.441928148269653320e+00,9.179793298244476318e-03
9.564762115478515625e-01,9.116487503051757812e-01
8.573784232139587402e-01,8.627746105194091797e-01
1.218933939933776855e+00,-6.541890650987625122e-02
-8.273240923881530762e-01,1.104644656181335449e+00
-1.109315037727355957e+00,2.498562633991241455e-02
3.125624731183052063e-02,-1.298781394958496094e+00
9.190315008163452148e-01,-1.015712141990661621e+00
-1.030395865440368652e+00,1.107200145721435547e+00
-1.204944550991058350e-01,-1.281206011772155762e+00
-1.005892038345336914e+00,1.097282052040100098e+00
1.180639714002609253e-01,1.447929382324218750e+00
9.970941543579101562e-01,9.355512261390686035e-01
9.099380970001220703e-01,-1.156398415565490723e+00
-2.958791255950927734e-01,1.483363151550292969e+00
-9.746489524841308594e-01,9.909019470214843750e-01
9.711126089096069336e-01,-9.506566524505615234e-01
8.800494074821472168e-01,9.948247671127319336e-01
1.406406044960021973e+00,2.835180610418319702e-02
-1.210975289344787598e+00,1.565289974212646484e+00
9.855951070785522461e-01,-9.405791163444519043e-01
8.433321714401245117e-01,-1.001562118530273438e+00
4.073039069771766663e-02,-1.421827912330627441e+00
1.406358122825622559e+00,-4.720322787761688232e-03
1.064742684364318848e+00,1.042743086814880371e+00
-1.090480923652648926e+00,1.057244062423706055e+00
-1.487556815147399902e+00,2.690282464027404785e-01
-5.620431154966354370e-03,1.338019847869873047e+00
-9.402942657470703125e-01,-1.079497814178466797e+00
-8.632884919643402100e-02,-1.448863029479980469e+00
8.736035823822021484e-01,-1.072482824325561523e+00
-1.361329853534698486e-01,-1.423624277114868164e+00
1.184370160102844238e+00,-4.237854480743408203e-01
8.869894146919250488e-01,-9.185078144073486328e-01
1.360302925109863281e+00,4.540058225393295288e-02
-1.199771910905838013e-01,-1.356925964355468750e+00
9.833005666732788086e-01,-1.093851447105407715e+00
1.255824804306030273e+00,7.482112199068069458e-02
-1.104042410850524902e+00,1.094435572624206543e+00
3.176664113998413086e-01,-1.201235771179199219e+00
-1.496180891990661621e-01,-1.353502631187438965e+00
-1.395390391349792480e+00,-3.682058304548263550e-02
-1.069307446479797363e+00,-9.411206841468811035e-01
9.030156135559082031e-01,-1.000576972961425781e+00
-1.099887847900390625e+00,-1.105797767639160156e+00
1.412090897560119629e+00,-9.314128011465072632e-02
-1.557190060615539551e+00,-2.306904643774032593e-02
-1.392647504806518555e+00,9.900558739900588989e-02
-9.685605764389038086e-01,1.135303616523742676e+00
-1.015732288360595703e+00,1.274251699447631836e+00
9.897766113281250000e-01,-9.513518810272216797e-01
7.909793406724929810e-03,-1.331608295440673828e+00
9.205600619316101074e-02,-1.502352237701416016e+00
-1.899754106998443604e-01,1.481089830398559570e+00
-1.196932673454284668e+00,1.082969427108764648e+00
9.407908916473388672e-01,9.386648535728454590e-01
9.464132785797119141e-01,1.018396496772766113e+00
-1.044859737157821655e-01,-1.502917408943176270e+00
8.051081001758575439e-02,1.355991125106811523e+00
-1.084429860115051270e+00,1.089262723922729492e+00
1.297196865081787109e+00,8.813224732875823975e-03
-1.194977760314941406e+00,1.061554431915283203e+00
9.453982710838317871e-01,9.307187795639038086e-01
9.660447835922241211e-01,-9.174544811248779297e-01
-1.117299795150756836e-01,-1.357619762420654297e+00
-3.378687426447868347e-02,-1.404984951019287109e+00
1.067707061767578125e+00,7.042949199676513672e-01
7.123021781444549561e-02,1.505245447158813477e+00
-1.180101394653320312e+00,1.339607238769531250e+00
-4.836915060877799988e-02,-1.290568947792053223e+00
-1.025031566619873047e+00,9.789327383041381836e-01
-1.612691521644592285e+00,2.032822370529174805e-01
9.070443511009216309e-01,9.736554026603698730e-01
1.134394764900207520e+00,-5.999804735183715820e-01
-1.190640330314636230e+00,6.776046752929687500e-01
-1.022167801856994629e+00,-1.021008014678955078e+00
-1.336912751197814941e+00,6.859628111124038696e-02
-1.405461668968200684e+00,1.220560893416404724e-01
-1.095414280891418457e+00,9.690551757812500000e-01
9.815543889999389648e-01,9.993670582771301270e-01
-1.600649237632751465e+00,1.627306461334228516e+00
-1.064712285995483398e+00,9.429440498352050781e-01
-9.793244302272796631e-02,-1.288022518157958984e+00
-1.197480678558349609e+00,-4.053187966346740723e-01
-1.353093981742858887e-01,1.271980762481689453e+00
1.394217967987060547e+00,-2.320326864719390869e-03
-5.625689029693603516e-01,-1.166406989097595215e+00
-1.067526817321777344e+00,1.170532464981079102e+00
1.087625741958618164e+00,-1.072958230972290039e+00
8.548004627227783203e-01,-1.048702836036682129e+00
1.083525419235229492e+00,1.086949229240417480e+00
-1.499911189079284668e+00,-1.456800848245620728e-02
-1.999899446964263916e-01,-1.448302030563354492e+00
1.434774398803710938e+00,-4.887755960226058960e-02
-9.903328418731689453e-01,1.080913782119750977e+00
9.615591764450073242e-01,-1.010815501213073730e+00
-1.206654667854309082e+00,-8.288114070892333984e-01
8.658961057662963867e-01,-1.138838171958923340e+00
9.675949811935424805e-01,9.339426755905151367e-01
8.491723537445068359e-01,-1.134708404541015625e+00
1.202550053596496582e+00,1.167838275432586670e-01
-1.324823617935180664e+00,1.067166775465011597e-02
-5.788004025816917419e-02,-1.408216476440429688e+00
-2.192501351237297058e-02,1.435257911682128906e+00
1.390850186347961426e+00,1.093474701046943665e-01
-1.009062886238098145e+00,-1.049307107925415039e+00
-1.143940329551696777e+00,-7.862889766693115234e-01
-1.019102334976196289e+00,-9.573028087615966797e-01
-1.158970355987548828e+00,1.055661439895629883e+00
-1.395814418792724609e+00,-2.699721604585647583e-02
-1.017984271049499512e+00,1.156436920166015625e+00
-9.117283821105957031e-01,1.045577287673950195e+00
-9.030930995941162109e-01,-9.666812419891357422e-01
-1.284705519676208496e+00,-4.391111433506011963e-01
1.078772068023681641e+00,8.257013559341430664e-01
-7.075260579586029053e-02,-1.418357133865356445e+00
9.698394536972045898e-01,8.319918513298034668e-01
-1.390822410583496094e+00,4.930368065834045410e-01
-1.143356412649154663e-01,-1.286626815795898438e+00
-8.419171571731567383e-01,-9.756404161453247070e-01
1.328186154365539551e+00,-2.952712029218673706e-02
-1.084830909967422485e-01,-1.281463027000427246e+00
9.100853204727172852e-01,1.033301949501037598e+00
-8.619851469993591309e-01,-9.352076649665832520e-01
-1.740553602576255798e-02,-1.377046823501586914e+00
-9.608376026153564453e-01,1.086500406265258789e+00
-1.525792956352233887e+00,4.531405121088027954e-02
-1.372878670692443848e+00,-1.803643256425857544e-02
8.709620237350463867e-01,9.088848829269409180e-01
8.961097002029418945e-01,1.091045618057250977e+00
8.194143176078796387e-01,-9.812065362930297852e-01
1.403186321258544922e+00,-4.337493330240249634e-02
8.113694190979003906e-01,-9.885551929473876953e-01
1.274476408958435059e+00,3.287506848573684692e-02
1.332875132560729980e+00,1.041636690497398376e-01
1.341200709342956543e+00,8.542797714471817017e-02
9.868303537368774414e-01,8.465862274169921875e-01
-2.004116401076316833e-02,1.394990086555480957e+00
8.185138702392578125e-01,-1.002182841300964355e+00
-9.593118429183959961e-01,1.213192582130432129e+00
-1.051961064338684082e+00,9.776087999343872070e-01
-9.047402143478393555e-01,-9.421595335006713867e-01
-7.893396914005279541e-02,-1.292345881462097168e+00
-1.014302849769592285e+00,-1.098234415054321289e+00
-9.979177713394165039e-01,-1.062586903572082520e+00
-3.958139941096305847e-02,-1.316548347473144531e+00
-1.264137148857116699e+00,1.276261806488037109e+00
8.068938255310058594e-01,-1.005248427391052246e+00
1.451532721519470215e+00,1.598762571811676025e-01
9.499891996383666992e-01,1.076995134353637695e+00
-1.041827797889709473e+00,1.156473636627197266e+00
-7.759501934051513672e-01,-1.182090163230895996e+00
1.345489621162414551e+00,5.944075435400009155e-02
-1.087511777877807617e+00,1.252774596214294434e+00
8.705841898918151855e-01,1.008037805557250977e+00
-1.372275233268737793e+00,-5.187297612428665161e-02
-8.511685132980346680e-01,1.046806216239929199e+00
6.807668209075927734e-01,-1.035253763198852539e+00
-1.182622671127319336e+00,-1.059205055236816406e+00
1.426911592483520508e+00,-5.661360919475555420e-03
-1.013110876083374023e+00,1.010810613632202148e+00
-1.437009811401367188e+00,1.818721890449523926e-01
1.382625937461853027e+00,-1.804302632808685303e-01
1.199722647666931152e+00,-1.552192866802215576e-01
-1.718468964099884033e-01,-1.390074729919433594e+00
8.772531151771545410e-01,-9.292150735855102539e-01
1.207255199551582336e-02,1.351356387138366699e+00
8.342680335044860840e-01,-9.886000156402587891e-01
2.327211573719978333e-02,1.333971619606018066e+00
9.150074720382690430e-01,9.550056457519531250e-01
9.395347833633422852e-01,-1.074095964431762695e+00
-1.124881982803344727e+00,-8.863685131072998047e-01
9.943937063217163086e-01,7.033671140670776367e-01
9.598718881607055664e-01,-9.775044918060302734e-01
3.618473187088966370e-02,1.644265413284301758e+00
1.390791535377502441e+00,-1.708425581455230713e-03
9.675048589706420898e-01,-9.578443765640258789e-01
1.384560465812683105e+00,-2.414590865373611450e-02
8.433436751365661621e-01,-9.490529894828796387e-01
-1.056662440299987793e+00,9.834951162338256836e-01
-5.077680572867393494e-02,-1.243389964103698730e+00
-1.796967387199401855e+00,2.228531837463378906e-01
1.303286194801330566e+00,-7.100103050470352173e-02
1.486127823591232300e-01,1.255468368530273438e+00
-1.323815286159515381e-01,-1.429247379302978516e+00
-1.453139305114746094e+00,7.536304593086242676e-01
9.860241413116455078e-02,1.417907476425170898e+00
-1.118010878562927246e-01,-1.392788052558898926e+00
1.019394516944885254e+00,-9.534562826156616211e-01
-9.938660860061645508e-01,4.692849218845367432e-01
4.467664361000061035e-01,1.304945588111877441e+00
-1.139000058174133301e+00,2.443690598011016846e-02
1.031244158744812012e+00,1.027031064033508301e+00
-1.115720987319946289e+00,1.073029637336730957e+00
-6.702192127704620361e-02,-1.433147192001342773e+00
7.818070054054260254e-02,1.434710741043090820e+00
-1.396216511726379395e+00,7.759820669889450073e-02
-1.376689791679382324e+00,1.310939788818359375e+00
-1.161214470863342285e+00,3.783302903175354004e-01
9.880067110061645508e-01,1.030172348022460938e+00
-2.075877413153648376e-02,1.420812964439392090e+00
-9.600645303726196289e-01,1.169394493103027344e+00
-8.217822015285491943e-02,-1.274240732192993164e+00
-1.044803261756896973e+00,1.083287239074707031e+00
-1.268306374549865723e+00,1.176176071166992188e+00
-1.366151720285415649e-01,-1.468738555908203125e+00
8.928924798965454102e-02,1.470570325851440430e+00
6.846991181373596191e-02,1.540247559547424316e+00
1.036805748939514160e+00,9.659839272499084473e-01
-1.295570850372314453e+00,2.092892676591873169e-02
1.281254366040229797e-02,1.372791171073913574e+00
-3.929987177252769470e-02,1.408656120300292969e+00
1.038804888725280762e+00,9.694175720214843750e-01
1.348174214363098145e+00,2.162946015596389771e-02
-8.825171589851379395e-01,-1.018602371215820312e+00
-1.979623734951019287e-01,-1.440568447113037109e+00
-1.186365008354187012e+00,1.134565353393554688e+00
8.301398754119873047e-01,-9.991459846496582031e-01
1.340170502662658691e+00,-8.942978829145431519e-02
-1.417660951614379883e+00,-6.929971277713775635e-03
-3.197474405169487000e-02,-1.356334447860717773e+00
-1.089974522590637207e+00,9.339345693588256836e-01
-1.296345353126525879e+00,1.179177045822143555e+00
-4.863321408629417419e-02,-1.459992408752441406e+00
1.022207617759704590e+00,9.450718760490417480e-01
3.673604726791381836e-01,1.404435396194458008e+00
-9.281739592552185059e-01,1.080039858818054199e+00
1.066351652145385742e+00,9.768006205558776855e-01
-5.245798453688621521e-02,-1.395320177078247070e+00
-1.276595950126647949e+00,2.941042780876159668e-01
-6.013097763061523438e-01,1.146243214607238770e+00
-1.005226016044616699e+00,-8.824547529220581055e-01
9.450268745422363281e-01,9.621979594230651855e-01
9.794529676437377930e-01,-1.118008732795715332e+00
-5.458950623869895935e-02,-1.375275969505310059e+00
-5.304063484072685242e-02,1.423413753509521484e+00
1.361909270286560059e+00,-4.691194742918014526e-02
1.333233237266540527e+00,7.002723813056945801e-01
-1.171483874320983887e+00,1.289941072463989258e+00
8.654643297195434570e-01,-9.422754049301147461e-01
-1.127231001853942871e+00,-9.441269636154174805e-01
-1.867516636848449707e-01,1.205872416496276855e+00
-9.037435054779052734e-01,9.884372949600219727e-01
1.900673210620880127e-01,-1.417370796203613281e+00
1.376486420631408691e+00,-8.032173663377761841e-02
-8.005701005458831787e-02,-1.358568668365478516e+00
-9.183149039745330811e-02,-1.271299719810485840e+00
-1.022012114524841309e+00,-9.398455619812011719e-01
-5.615512654185295105e-02,1.484782576560974121e+00
1.014648914337158203e+00,9.509972929954528809e-01
-1.001288890838623047e+00,1.150550007820129395e+00
9.230783581733703613e-01,8.511013984680175781e-01
-1.038828969001770020e+00,-1.041773200035095215e+00
8.878006041049957275e-02,1.349972486495971680e+00
8.612082898616790771e-02,1.204192042350769043e+00
-4.275932535529136658e-02,1.348271608352661133e+00
-1.039826273918151855e+00,1.026589870452880859e+00
9.045771360397338867e-01,1.053854703903198242e+00
-7.015387713909149170e-02,-1.392817139625549316e+00
-9.165607690811157227e-01,7.615574598312377930e-01
-1.114534020423889160e+00,1.097946405410766602e+00
-1.483868956565856934e+00,-5.542523413896560669e-02
8.711272478103637695e-01,-8.962527513504028320e-01
-1.114124417304992676e+00,-7.825385332107543945e-01
-1.223358035087585449e+00,1.262398362159729004e+00
8.787124752998352051e-01,-9.992526769638061523e-01
7.937613725662231445e-01,-8.709743022918701172e-01
-1.826671659946441650e-01,-1.355077505111694336e+00
-1.616980671882629395e+00,6.506737321615219116e-02
-1.069958090782165527e+00,-1.016570210456848145e+00
-1.033677935600280762e+00,-1.035244941711425781e+00
1.391568779945373535e+00,2.797097712755203247e-02
-9.118970483541488647e-03,1.481357097625732422e+00
1.049671649932861328e+00,9.511255025863647461e-01
-1.272486090660095215e+00,7.441105693578720093e-02
-1.324952006340026855e+00,1.025408029556274414e+00
-1.106206774711608887e+00,-1.023243308067321777e+00
-1.031710624694824219e+00,-1.138534665107727051e+00
-8.450267910957336426e-01,-1.005355834960937500e+00
-1.203837633132934570e+00,1.077564835548400879e+00
-4.989321157336235046e-02,-1.456309318542480469e+00
-1.426971197128295898e+00,-5.831636488437652588e-03
8.689836263656616211e-01,-9.091305732727050781e-01
1.424395918846130371e+00,-5.359796434640884399e-02
-1.466277360916137695e+00,5.406223982572555542e-02
-1.191105723381042480e+00,1.175232768058776855e+00
-9.885181486606597900e-02,1.473470568656921387e+00
-1.283526122570037842e-01,-1.298754930496215820e+00
9.065011143684387207e-01,9.491654038429260254e-01
-1.505935311317443848e+00,1.054612547159194946e-02
-3.797408565878868103e-02,-1.437548637390136719e+00
-1.269409775733947754e+00,1.164108514785766602e+00
6.275150179862976074e-02,1.431867122650146484e+00
-1.362778991460800171e-01,-1.378130674362182617e+00
-1.177827358245849609e+00,9.232469797134399414e-01
1.260693073272705078e+00,-1.099194511771202087e-01
-1.469949841499328613e+00,1.620726883411407471e-01
1.353084087371826172e+00,3.827407211065292358e-02
-1.467714667320251465e+00,9.171716123819351196e-02
-4.903249070048332214e-02,1.600240945816040039e+00
-8.186414837837219238e-02,1.289123296737670898e+00
1.470277309417724609e+00,-2.552897483110427856e-02
1.298459887504577637e+00,2.044717967510223389e-01
-1.039860367774963379e+00,1.019762396812438965e+00
-1.218392014503479004e+00,1.286261081695556641e+00
6.983083486557006836e-02,1.441500902175903320e+00
-9.463719725608825684e-01,1.036685943603515625e+00
-1.553069114685058594e+00,5.837004631757736206e-02
1.305416107177734375e+00,1.748715043067932129e-01
1.322620034217834473e+00,1.225889474153518677e-02
-9.707649946212768555e-01,-1.045160889625549316e+00
1.025351524353027344e+00,-1.094948172569274902e+00
-1.538555502891540527e+00,-1.024582237005233765e-02
1.377332329750061035e+00,1.257234513759613037e-01
-1.049512982368469238e+00,-9.594781398773193359e-01
1.576429978013038635e-02,1.459460616111755371e+00
-1.236717224121093750e+00,1.240171670913696289e+00
-9.513995647430419922e-01,1.038711667060852051e+00
9.900994300842285156e-01,-9.787036180496215820e-01
1.008986949920654297e+00,-1.006995201110839844e+00
-9.407089948654174805e-01,1.107483029365539551e+00
-1.254911303520202637e+00,1.219320774078369141e+00
-1.470137000083923340e+00,1.467925906181335449e-01
-9.967928528785705566e-01,1.005578875541687012e+00
-1.204933762550354004e+00,1.036212563514709473e+00
1.431449055671691895e+00,-1.000832542777061462e-01
-4.873620867729187012e-01,1.309102654457092285e+00
8.995492756366729736e-02,1.370520710945129395e+00
2.193496525287628174e-01,-1.277043938636779785e+00
-9.521089196205139160e-01,1.040862679481506348e+00
-1.363071680068969727e+00,-1.064492836594581604e-01
1.370193839073181152e+00,-5.810151249170303345e-02
1.010636091232299805e+00,-9.621207714080810547e-01
-9.113289117813110352e-01,9.923642873764038086e-01
9.015388488769531250e-01,9.284333586692810059e-01
7.548246532678604126e-03,-1.322977066040039062e+00
1.337208390235900879e+00,1.373269259929656982e-01
9.266185760498046875e-02,1.466217637062072754e+00
-1.392014980316162109e+00,1.033589169383049011e-01
1.343112349510192871e+00,-6.465940922498703003e-02
1.340195417404174805e+00,3.382649272680282593e-02
-1.342644914984703064e-02,1.291480541229248047e+00
-7.036917805671691895e-01,1.765930056571960449e+00
-1.013018608093261719e+00,-1.084517598152160645e+00
1.174667716026306152e+00,-3.903125971555709839e-02
5.086847022175788879e-02,1.214127063751220703e+00
-1.214582324028015137e+00,1.181896448135375977e+00
-3.474609851837158203e-01,1.571919798851013184e+00
6.353285908699035645e-02,1.334984421730041504e+00
-9.670836925506591797e-01,-1.038156986236572266e+00
1.007079482078552246e+00,1.026787638664245605e+00
1.345743894577026367e+00,-1.011836156249046326e-01
-9.967664480209350586e-01,-1.058405399322509766e+00
-1.451389551162719727e+00,6.681681424379348755e-02
-1.412335753440856934e+00,5.346758365631103516e-01
-1.354436755180358887e+00,-8.944083005189895630e-02
9.381538629531860352e-01,1.035950899124145508e+00
-1.306856274604797363e+00,1.460337400436401367e+00
8.969277739524841309e-01,-1.153485536575317383e+00
1.383861541748046875e+00,-5.348392575979232788e-02
-1.184669613838195801e+00,-7.154623866081237793e-01
-1.105257391929626465e+00,1.062582969665527344e+00
-9.082826972007751465e-01,-1.065230965614318848e+00
8.936886191368103027e-01,-1.023198366165161133e+00
-1.596157699823379517e-01,-1.366684079170227051e+00
-8.044118881225585938e-01,-1.123183608055114746e+00
-1.119941473007202148e+00,1.431002140045166016e+00
1.076898276805877686e-01,1.410979032516479492e+00
9.258890151977539062e-01,-7.725509405136108398e-01
1.452452063560485840e+00,-5.416833609342575073e-02
4.692308977246284485e-02,1.464393854141235352e+00
-1.158081769943237305e+00,3.906912207603454590e-01
-1.253116965293884277e+00,8.180078268051147461e-01
-9.648401737213134766e-01,-9.872694015502929688e-01
-8.198677301406860352e-01,9.203324913978576660e-01
-4.596944898366928101e-03,-1.363552808761596680e+00
-1.027894258499145508e+00,-1.018516063690185547e+00
1.069082260131835938e+00,-9.896097183227539062e-01
1.365668892860412598e+00,-8.868717402219772339e-02
9.556108713150024414e-01,-9.826043844223022461e-01
-3.517906665802001953e-01,1.331934690475463867e+00
1.461463570594787598e+00,-3.025663644075393677e-02
-1.556719899177551270e+00,3.510971069335937500e-01
9.801270961761474609e-01,1.075779914855957031e+00
-1.653638720512390137e+00,8.849593251943588257e-02
1.380333423614501953e+00,5.400463193655014038e-02
1.364184617996215820e+00,-2.199242264032363892e-02
1.319688439369201660e+00,-1.457057893276214600e-01
1.412800431251525879e+00,9.151495248079299927e-02
6.807398796081542969e-02,-1.249987244606018066e+00
9.898644685745239258e-01,9.883594512939453125e-01
-1.395576119422912598e+00,-3.821559995412826538e-02
1.312180280685424805e+00,-1.906377822160720825e-02
1.058057099580764771e-01,1.510072112083435059e+00
6.232012063264846802e-03,-1.340674877166748047e+00
-1.420143365859985352e+00,3.975652158260345459e-03
-8.370319008827209473e-02,-1.376990556716918945e+00
-1.148638606071472168e+00,1.276562213897705078e+00
8.986235260963439941e-01,-1.012739658355712891e+00
1.112528681755065918e+00,-8.971379995346069336e-01
6.671689450740814209e-02,1.531689763069152832e+00
-1.300771951675415039e+00,-4.132929742336273193e-01
-4.832020029425621033e-02,-1.270868539810180664e+00
-1.334430694580078125e+00,1.298129796981811523e+00
-5.127703770995140076e-02,-1.309635400772094727e+00
9.693378210067749023e-01,9.860616922378540039e-01
9.414579868316650391e-01,8.930017352104187012e-01
-1.660130620002746582e-01,-1.426523685455322266e+00
9.983561038970947266e-01,9.904897212982177734e-01
9.870067834854125977e-01,1.115184068679809570e+00
-1.456418395042419434e+00,7.535523921251296997e-02
-1.336509704589843750e+00,3.287280350923538208e-02
8.798164129257202148e-01,9.153615832328796387e-01
6.835137307643890381e-02,1.448954343795776367e+00
1.486491322517395020e+00,-7.101341336965560913e-02
-1.013429611921310425e-01,-1.323259115219116211e+00
-1.112753868103027344e+00,1.124150872230529785e+00
1.337219238281250000e+00,5.142279714345932007e-02
-1.619499176740646362e-03,1.429964184761047363e+00
1.305800318717956543e+00,-1.305624097585678101e-02
-9.302029609680175781e-01,1.125708222389221191e+00
-1.478320956230163574e+00,-2.371297031641006470e-02
-2.848160862922668457e-01,1.442293405532836914e+00
1.308579325675964355e+00,3.578647226095199585e-02
-1.141435950994491577e-01,1.472568988800048828e+00
1.041006445884704590e+00,1.062058925628662109e+00
-9.616791605949401855e-01,1.169158220291137695e+00
-9.681779742240905762e-01,-1.044372320175170898e+00
9.020089507102966309e-01,-8.931680917739868164e-01
-1.199525356292724609e+00,1.313833594322204590e+00
-1.073053181171417236e-01,-1.368478536605834961e+00
9.531865119934082031e-01,1.000634074211120605e+00
1.219938695430755615e-01,1.373047590255737305e+00
-1.475496172904968262e+00,-3.196350485086441040e-02
-3.052228316664695740e-02,1.341897845268249512e+00
-1.746703237295150757e-01,-1.398196458816528320e+00
1.074969410896301270e+00,6.499027609825134277e-01
-1.744109034538269043e+00,4.814375936985015869e-01
-9.685796499252319336e-01,-1.008259057998657227e+00
-9.975011348724365234e-01,9.560233354568481445e-01
1.299240946769714355e+00,4.976656287908554077e-02
-9.958149790763854980e-01,1.094082593917846680e+00
1.379562616348266602e+00,-2.943342179059982300e-02
-9.194025397300720215e-02,-1.365671992301940918e+00
2.129230275750160217e-02,-1.360981702804565430e+00
-8.839585781097412109e-01,1.174016356468200684e+00
-1.629670262336730957e+00,2.228835970163345337e-02
1.295307725667953491e-01,1.288048028945922852e+00
-8.941974490880966187e-03,1.392470359802246094e+00
9.250503778457641602e-01,-8.799300193786621094e-01
9.964083433151245117e-01,9.545465707778930664e-01
5.730787292122840881e-02,1.378087997436523438e+00
1.355900913476943970e-01,-1.422125458717346191e+00
-7.781042456626892090e-01,1.079645991325378418e+00
-1.071771264076232910e+00,1.302373409271240234e+00
9.380952715873718262e-01,-1.043246507644653320e+00
-1.075333714485168457e+00,1.067206740379333496e+00
-1.534766852855682373e-01,-1.435566306114196777e+00
-1.438678741455078125e+00,-1.233441382646560669e-02
-1.312081456184387207e+00,9.274405986070632935e-02
7.457185536623001099e-03,1.430264472961425781e+00
-1.047415852546691895e+00,-9.915492534637451172e-01
-1.134139180183410645e+00,1.108659625053405762e+00
-1.373930811882019043e+00,-1.230897754430770874e-02
-3.361986204981803894e-02,-1.338196277618408203e+00
-2.920870110392570496e-02,-1.335150718688964844e+00
-6.387503445148468018e-02,1.415369272232055664e+00
-1.480311274528503418e+00,1.207589358091354370e-02
-1.043959379196166992e+00,-9.608045816421508789e-01
6.038583815097808838e-04,-1.354580640792846680e+00
-9.883731603622436523e-01,9.978979229927062988e-01
9.872468709945678711e-01,-1.056676387786865234e+00
-1.318467020988464355e+00,1.132391214370727539e+00
-1.498648405075073242e+00,-7.715155929327011108e-02
9.093127250671386719e-01,8.469678163528442383e-01
4.543381929397583008e-01,-1.259039402008056641e+00
1.418054938316345215e+00,-3.443352878093719482e-03
-9.591917693614959717e-02,-1.409362554550170898e+00
-9.182450175285339355e-01,-9.688338041305541992e-01
-1.078731417655944824e+00,-9.414684772491455078e-01
-9.127619266510009766e-01,-1.059073567390441895e+00
9.611623287200927734e-01,1.195225238800048828e+00
-9.771019816398620605e-01,1.314935684204101562e+00
-1.094788670539855957e+00,1.020454287528991699e+00
2.071144282817840576e-01,1.388254404067993164e+00
1.075126171112060547e+00,-9.802784919738769531e-01
-1.367562711238861084e-01,-1.424111247062683105e+00
1.003653168678283691e+00,1.073550224304199219e+00
-1.035549163818359375e+00,1.003448486328125000e+00
-1.405958890914916992e+00,-3.201302140951156616e-02
-1.475166440010070801e+00,8.305483311414718628e-02
9.689918756484985352e-01,-1.019823551177978516e+00
-1.121614217758178711e+00,1.140167713165283203e+00
1.006721377372741699e+00,-1.068116426467895508e+00
-1.017877012491226196e-01,-1.291438817977905273e+00
-6.250949203968048096e-02,-1.350427746772766113e+00
1.385418772697448730e+00,-6.157096475362777710e-02
-1.370021581649780273e+00,4.939028024673461914e-01
-7.748862504959106445e-01,8.813093304634094238e-01
-1.263378739356994629e+00,5.474873185157775879e-01
9.828782081604003906e-01,9.766436815261840820e-01
9.920545816421508789e-01,-1.049184679985046387e+00
-1.116663575172424316e+00,1.098106265068054199e+00
-9.147575497627258301e-01,1.038173317909240723e+00
8.607501983642578125e-01,-1.037324786186218262e+00
-1.024618864059448242e+00,1.187510967254638672e+00
-9.557673335075378418e-02,-1.368258833885192871e+00
-2.066548913717269897e-03,-1.310972213745117188e+00
-9.860705137252807617e-01,1.047248721122741699e+00
-6.313849985599517822e-02,-1.391120314598083496e+00
1.016825437545776367e+00,-1.132355690002441406e+00
-9.627428054809570312e-01,-1.063824415206909180e+00
9.927188158035278320e-01,-1.027070522308349609e+00
-8.612936735153198242e-01,9.283320307731628418e-01
-3.543537482619285583e-02,-1.375837564468383789e+00
7.912008166313171387e-01,-1.072648525238037109e+00
1.398394346237182617e+00,-5.942054837942123413e-02
-1.082736492156982422e+00,-9.820182323455810547e-01
-1.332782149314880371e+00,3.518679738044738770e-01
1.098787933588027954e-01,1.442016959190368652e+00
1.410001158714294434e+00,-3.123465925455093384e-02
2.974193170666694641e-02,-1.311431169509887695e+00
-1.123924016952514648e+00,1.074065566062927246e+00
-1.078203797340393066e+00,1.051428675651550293e+00
8.559902906417846680e-01,1.080682277679443359e+00
1.437696218490600586e+00,-9.318282455205917358e-02
9.000168442726135254e-01,1.008885025978088379e+00
9.450252056121826172e-01,-7.858312129974365234e-01
-1.244066715240478516e+00,1.427942037582397461e+00
-1.289931654930114746e+00,1.268851876258850098e+00
1.127380728721618652e+00,1.015573620796203613e+00
1.413010358810424805e+00,3.980550915002822876e-02
9.202968478202819824e-01,-9.865157604217529297e-01
9.241769909858703613e-01,-1.041583895683288574e+00
-1.242332577705383301e+00,1.101086735725402832e+00
1.114823222160339355e-01,1.273418784141540527e+00
1.342061042785644531e+00,-1.034048721194267273e-01
-9.241235852241516113e-01,-1.079782724380493164e+00
6.758415699005126953e-02,1.385312080383300781e+00
9.446587562561035156e-01,8.797450065612792969e-01
1.331573843955993652e+00,5.123703926801681519e-02
1.391200900077819824e+00,-5.341183394193649292e-02
-1.396988987922668457e+00,-1.499677449464797974e-02
-3.881431743502616882e-02,1.458585143089294434e+00
-1.517746090888977051e+00,3.350117057561874390e-02
-1.052744626998901367e+00,-1.024593949317932129e+00
-6.547009944915771484e-02,-1.466023206710815430e+00
9.634341001510620117e-01,-9.430233240127563477e-01
8.926609754562377930e-01,-1.047012209892272949e+00
9.422602653503417969e-01,1.102007865905761719e+00
-1.043536067008972168e+00,-1.127253890037536621e+00
1.346264362335205078e+00,-5.854683369398117065e-02
-9.414799511432647705e-02,1.361766815185546875e+00
-2.071256339550018311e-01,-1.462236046791076660e+00
-1.600752472877502441e+00,1.495989412069320679e-02
-8.633660078048706055e-01,-1.042379856109619141e+00
-1.329650133848190308e-01,1.418724536895751953e+00
-1.028406500816345215e+00,-1.061053514480590820e+00
-1.421596765518188477e+00,-1.089556738734245300e-01
-1.035309791564941406e+00,1.167710304260253906e+00
-1.445980429649353027e+00,1.024817600846290588e-01
9.166027903556823730e-01,1.004444360733032227e+00
-1.248670101165771484e+00,1.094208240509033203e+00
-1.299867033958435059e-01,1.327358126640319824e+00
-9.730348587036132812e-01,-1.049013137817382812e+00
-9.180099964141845703e-01,-9.071972370147705078e-01
1.414070010185241699e+00,1.617644131183624268e-01
4.153729677200317383e-01,1.436973094940185547e+00
-1.632178187370300293e+00,1.597097396850585938e+00
-1.621775984764099121e+00,2.173888683319091797e-01
-9.660576581954956055e-01,-1.069136738777160645e+00
-1.007954001426696777e+00,-9.678307771682739258e-01
-9.985015988349914551e-01,-9.251681566238403320e-01
-1.095206022262573242e+00,1.166670799255371094e+00
-9.557434916496276855e-02,-1.354296565055847168e+00
-2.964313030242919922e-01,-1.441489458084106445e+00
-1.483068943023681641e+00,3.281208127737045288e-02
-1.596079230308532715e+00,3.584909737110137939e-01
-1.042745947837829590e+00,-9.998379945755004883e-01
1.870984211564064026e-02,1.391668558120727539e+00
-9.753819108009338379e-01,1.149773597717285156e+00
9.439910650253295898e-01,1.044471859931945801e+00
-1.087859869003295898e+00,-9.826762676239013672e-01
1.305630564689636230e+00,-3.086093813180923462e-02
-1.127296924591064453e+00,-9.234799146652221680e-01
-1.023739218711853027e+00,1.075869321823120117e+00
-5.039694532752037048e-02,1.256211519241333008e+00
-5.538521334528923035e-02,-1.436866760253906250e+00
-9.823238849639892578e-01,1.029960751533508301e+00
9.581058025360107422e-01,-9.893515110015869141e-01
-3.763337731361389160e-01,1.390044093132019043e+00
1.022259831428527832e+00,1.030914068222045898e+00
-1.563775300979614258e+00,-5.140905827283859253e-02
8.472756743431091309e-01,-1.083346366882324219e+00
-1.268090248107910156e+00,-1.244266405701637268e-01
-1.162832736968994141e+00,5.418888926506042480e-01
-9.518864154815673828e-01,1.074033379554748535e+00
-8.307515084743499756e-02,-1.470969200134277344e+00
-1.054371476173400879e+00,1.153053522109985352e+00
8.933542966842651367e-01,9.498592019081115723e-01
-4.310693964362144470e-02,-1.376798033714294434e+00
-1.170311331748962402e+00,1.140188217163085938e+00
-1.336088404059410095e-02,-1.331651210784912109e+00
1.323832154273986816e+00,-1.910839229822158813e-02
-1.424273490905761719e+00,-3.499525785446166992e-02
9.001504182815551758e-01,9.819551706314086914e-01
-1.331213712692260742e+00,1.197073981165885925e-01
-1.598219752311706543e+00,1.128224283456802368e-02
-1.298060178756713867e+00,-4.400687664747238159e-02
-1.511643528938293457e+00,8.598031848669052124e-02
1.058091521263122559e+00,-9.608960151672363281e-01
9.608014822006225586e-01,-9.942600727081298828e-01
-1.011574625968933105e+00,-9.742414951324462891e-01
-7.817819714546203613e-02,-1.433115959167480469e+00
-8.651715517044067383e-02,-1.411435127258300781e+00
-2.265585586428642273e-02,-1.436982512474060059e+00
1.177769303321838379e+00,-5.602765083312988281e-01
-9.399481117725372314e-02,-1.285151958465576172e+00
-1.442041277885437012e+00,3.857976943254470825e-02
-9.370667934417724609e-01,8.933343291282653809e-01
-1.846317648887634277e-01,-1.418289899826049805e+00
-8.903102874755859375e-01,8.469386696815490723e-01
2.842101827263832092e-02,1.309750318527221680e+00
9.237174391746520996e-01,9.523026943206787109e-01
-1.425010204315185547e+00,1.047511920332908630e-01
1.375792920589447021e-01,1.347628474235534668e+00
4.690283536911010742e-01,-1.193688631057739258e+00
-1.064508914947509766e+00,1.039919614791870117e+00
-1.182094335556030273e+00,1.146743893623352051e+00
-1.018307328224182129e+00,1.047957181930541992e+00
-1.017251968383789062e+00,1.116092920303344727e+00
1.285372614860534668e+00,-1.886228919029235840e-01
-9.026144742965698242e-01,-9.143867492675781250e-01
-1.507635474205017090e+00,1.009743332862854004e+00
-1.326481580734252930e+00,-1.403323560953140259e-02
-1.484300792217254639e-01,-1.389728069305419922e+00
9.498301148414611816e-01,1.099492073059082031e+00
1.359427690505981445e+00,1.477272212505340576e-01
-9.653117656707763672e-01,-1.021642923355102539e+00
-1.816994547843933105e-01,1.273199439048767090e+00
-1.044853448867797852e+00,-9.822489023208618164e-01
1.270215392112731934e+00,3.931614011526107788e-02
-1.582084149122238159e-01,-1.283841609954833984e+00
1.304041743278503418e+00,-5.308266729116439819e-02
-1.300743937492370605e+00,1.312510013580322266e+00
7.268796563148498535e-01,-1.164344787597656250e+00
-1.014741539955139160e+00,9.318658709526062012e-01
-2.808570489287376404e-02,-1.374501585960388184e+00
-1.710030063986778259e-02,-1.390069246292114258e+00
-9.145793914794921875e-01,1.032799839973449707e+00
-1.881523132324218750e-01,-1.432320594787597656e+00
-1.080089092254638672e+00,-9.655790328979492188e-01
-1.472740769386291504e+00,-1.375100761651992798e-02
-1.066149592399597168e+00,-1.036963462829589844e+00
-1.449366807937622070e+00,-3.463409841060638428e-03
-9.167213439941406250e-01,-1.078979969024658203e+00
9.160906076431274414e-01,1.047784805297851562e+00
1.047900557518005371e+00,-1.020653247833251953e+00
9.626791477203369141e-01,9.407806396484375000e-01
-8.134415149688720703e-01,9.553354978561401367e-01
1.009013772010803223e+00,1.067639350891113281e+00
-6.940557062625885010e-02,-1.385693788528442383e+00
4.526557400822639465e-02,-1.530864119529724121e+00
5.147534981369972229e-02,1.491250276565551758e+00
9.276499152183532715e-01,-9.816383123397827148e-01
1.293644309043884277e+00,1.044028177857398987e-01
-9.798489809036254883e-01,-9.621242284774780273e-01
-7.104923129081726074e-01,1.302990317344665527e+00
-3.149263188242912292e-02,1.400743722915649414e+00
-9.817770123481750488e-02,1.415040969848632812e+00
9.173082709312438965e-01,-9.616624116897583008e-01
-1.061710000038146973e+00,9.767369031906127930e-01
-1.061616897583007812e+00,1.320684552192687988e+00
-1.053134083747863770e+00,1.084387660026550293e+00
-1.524329900741577148e+00,-3.181226551532745361e-03
-1.095334172248840332e+00,-1.065038084983825684e+00
-9.308749437332153320e-01,-9.199023842811584473e-01
-9.674631357192993164e-01,-1.016841650009155273e+00
9.470442533493041992e-01,1.051879405975341797e+00
8.218405246734619141e-01,-9.679660797119140625e-01
-1.414223670959472656e+00,-6.538862735033035278e-02
2.421475946903228760e-04,1.530481576919555664e+00
-2.197920382022857666e-01,-1.477359056472778320e+00
-4.595389589667320251e-02,1.314791083335876465e+00
3.805149346590042114e-03,1.373287200927734375e+00
-1.490760684013366699e+00,-3.215370327234268188e-02
-1.005900621414184570e+00,-9.782050848007202148e-01
9.519575834274291992e-01,-1.102047681808471680e+00
9.649809598922729492e-01,-1.056501150131225586e+00
-1.466815233230590820e+00,1.048811152577400208e-01
1.001951813697814941e+00,-9.295176267623901367e-01
-1.275021314620971680e+00,-8.932419121265411377e-03
-1.310863256454467773e+00,2.300284802913665771e-03
1.380671620368957520e+00,7.620248943567276001e-02
-7.982692122459411621e-01,1.212977766990661621e+00
-4.464161023497581482e-02,1.589094996452331543e+00
1.357393383979797363e+00,-1.673032939434051514e-01
1.073130220174789429e-01,1.398183226585388184e+00
-1.010546207427978516e+00,1.010560154914855957e+00
8.633183836936950684e-01,-1.047552943229675293e+00
1.276520013809204102e+00,1.524614989757537842e-01
-8.828930258750915527e-01,-9.961273670196533203e-01
1.009495615959167480e+00,8.551968932151794434e-01
-1.465900182723999023e+00,1.428928226232528687e-02
-1.423759102821350098e+00,-1.297235786914825439e-01
1.430838108062744141e+00,5.802836269140243530e-02
1.015447735786437988e+00,1.054063677787780762e+00
8.928002715110778809e-01,-9.968533515930175781e-01
1.941500976681709290e-02,1.217649817466735840e+00
9.499757885932922363e-01,-1.121911883354187012e+00
1.412387013435363770e+00,-2.919549494981765747e-02
-1.561024069786071777e+00,1.663113832473754883e-01
-1.033445894718170166e-01,1.419721603393554688e+00
-1.091633439064025879e+00,1.095144152641296387e+00
9.145518541336059570e-01,-9.977728128433227539e-01
-1.180237650871276855e+00,-7.102082967758178711e-01
-1.172578930854797363e+00,1.146304011344909668e+00
-1.135823130607604980e+00,1.117953777313232422e+00
1.068338155746459961e+00,1.011083364486694336e+00
9.121260643005371094e-01,1.018201828002929688e+00
9.082762002944946289e-01,-1.005164861679077148e+00
1.038105487823486328e+00,-1.061546206474304199e+00
9.290639162063598633e-01,1.100696325302124023e+00
1.267382860183715820e+00,-8.767732232809066772e-02
1.088474869728088379e+00,8.663611412048339844e-01
-8.232336044311523438e-01,-1.135461330413818359e+00
-6.341268122196197510e-02,-1.286265850067138672e+00
-1.098924756050109863e+00,1.244399428367614746e+00
-9.136155843734741211e-01,-1.004567742347717285e+00
7.343600690364837646e-02,1.489697217941284180e+00
4.421763494610786438e-02,-1.424364924430847168e+00
8.655474185943603516e-01,-9.225223064422607422e-01
-2.597238868474960327e-03,1.403915524482727051e+00
9.757465124130249023e-01,-1.030316829681396484e+00
8.628301620483398438e-01,9.245938658714294434e-01
8.862965703010559082e-01,-8.796998262405395508e-01
1.478754639625549316e+00,7.918023318052291870e-02
7.826156020164489746e-01,-1.013722419738769531e+00
8.075053095817565918e-01,9.835671186447143555e-01
-1.154176354408264160e+00,1.339506745338439941e+00
1.067804574966430664e+00,9.092501401901245117e-01
1.121612429618835449e+00,9.856882095336914062e-01
-1.107562184333801270e+00,1.317027330398559570e+00
9.656295776367187500e-01,-8.384370207786560059e-01
1.405451416969299316e+00,3.383415192365646362e-02
-1.116144537925720215e+00,9.504999518394470215e-01
-5.410668849945068359e-01,1.171642065048217773e+00
8.514922857284545898e-01,9.867800474166870117e-01
-1.076148152351379395e+00,9.355008006095886230e-01
1.008345007896423340e+00,1.025147914886474609e+00
-4.721730574965476990e-02,-1.351560354232788086e+00
-1.217002794146537781e-02,1.472658395767211914e+00
-6.990056484937667847e-03,1.527376770973205566e+00
1.205977916717529297e+00,-8.706118911504745483e-02
1.226419091224670410e+00,-1.053455695509910583e-01
-6.539353728294372559e-02,-1.385952711105346680e+00
1.026569247245788574e+00,9.461514353752136230e-01
8.896729946136474609e-01,-1.093927860260009766e+00
-1.006055355072021484e+00,1.075059175491333008e+00
1.399206161499023438e+00,2.654465287923812866e-02
-1.313105344772338867e+00,9.205905348062515259e-02
1.401251435279846191e+00,6.951405853033065796e-02
8.686278760433197021e-02,1.375245332717895508e+00
1.020251154899597168e+00,1.076263070106506348e+00
-1.190475970506668091e-01,1.417290091514587402e+00
-1.311367273330688477e+00,1.281386613845825195e+00
-8.982162475585937500e-01,9.782091379165649414e-01
-8.868308663368225098e-01,-9.127514362335205078e-01
-9.863721728324890137e-01,1.077149629592895508e+00
-2.389379441738128662e-01,1.462800621986389160e+00
-1.252438187599182129e+00,1.033527627587318420e-01
1.054496407508850098e+00,-1.041784167289733887e+00
-7.716867327690124512e-02,1.502238392829895020e+00
-9.968944787979125977e-01,1.056373715400695801e+00
1.434348225593566895e+00,4.848056286573410034e-02
1.287366747856140137e+00,1.001574173569679260e-01
-1.284795403480529785e+00,1.192571043968200684e+00
1.111995339393615723e+00,-9.051252603530883789e-01
6.165455654263496399e-02,1.660409331321716309e+00
1.383413672447204590e+00,2.273247390985488892e-02
-8.661076426506042480e-01,1.114971160888671875e+00
9.613735675811767578e-01,9.341903924942016602e-01
8.367949724197387695e-01,-1.002915859222412109e+00
1.315740942955017090e-01,1.361263632774353027e+00
-1.017355918884277344e-01,1.505198717117309570e+00
-1.414848685264587402e+00,-8.562932163476943970e-02
-1.080649256706237793e+00,1.147878766059875488e+00
8.303276300430297852e-01,-1.043017268180847168e+00
-2.553893253207206726e-02,-1.423911452293395996e+00
1.268179774284362793e+00,-1.931755989789962769e-02
-1.169282793998718262e+00,1.166715502738952637e+00
1.413468241691589355e+00,3.231190145015716553e-03
-9.601967930793762207e-01,1.106771826744079590e+00
-2.864582538604736328e-01,1.419801831245422363e+00
-9.875991940498352051e-01,1.100220203399658203e+00
-1.038126945495605469e+00,1.284396409988403320e+00
9.335278272628784180e-01,-1.084876656532287598e+00
-9.522907733917236328e-01,1.150065898895263672e+00
1.269088149070739746e+00,3.286529332399368286e-02
-1.452201604843139648e-01,1.357675909996032715e+00
8.978718519210815430e-01,1.121338605880737305e+00
-3.795609995722770691e-02,1.369765758514404297e+00
-1.314637064933776855e+00,1.338881254196166992e-01
1.390194296836853027e+00,-1.055970042943954468e-02
-1.513396143913269043e+00,8.845507353544235229e-02
9.151238203048706055e-01,-8.866755962371826172e-01
2.093188837170600891e-02,1.579355478286743164e+00
1.043681621551513672e+00,1.052421331405639648e+00
-1.391559720039367676e+00,-5.683379620313644409e-02
-8.288681507110595703e-02,1.456838369369506836e+00
-1.334310412406921387e+00,5.880851298570632935e-02
-1.081400394439697266e+00,-1.021626234054565430e+00
-1.309467196464538574e+00,1.097219944000244141e+00
8.058755099773406982e-02,-1.365053892135620117e+00
-1.413253396749496460e-01,-1.427945017814636230e+00
-1.385636687278747559e+00,1.926520168781280518e-01
1.373499512672424316e+00,-2.798043191432952881e-03
-1.430623054504394531e+00,1.188956722617149353e-01
-9.342375993728637695e-01,-1.052850246429443359e+00
9.693372994661331177e-03,1.465782642364501953e+00
-1.004103779792785645e+00,1.055202960968017578e+00
-7.651532888412475586e-01,-1.146942019462585449e+00
-8.562174439430236816e-02,1.384152770042419434e+00
8.696850538253784180e-01,-1.049169063568115234e+00
-1.071399092674255371e+00,-8.486167192459106445e-01
-1.301574826240539551e+00,2.529283612966537476e-02
1.894135028123855591e-03,-1.395884990692138672e+00
-2.001011669635772705e-01,-1.263715744018554688e+00
9.211599230766296387e-01,-1.049151062965393066e+00
-9.177207946777343750e-01,-8.734704256057739258e-01
-2.035724744200706482e-02,1.319796681404113770e+00
-4.877921566367149353e-02,1.631091237068176270e+00
1.432181596755981445e+00,9.748297184705734253e-02
8.910808563232421875e-01,1.072929024696350098e+00
9.671721458435058594e-01,9.777674674987792969e-01
-1.149413704872131348e+00,1.257996678352355957e+00
-5.816016718745231628e-02,-1.337910056114196777e+00
-9.403671026229858398e-01,-9.423755407333374023e-01
1.062483668327331543e+00,1.014083147048950195e+00
-9.534140825271606445e-01,1.001804232597351074e+00
-8.937582969665527344e-01,-1.045930385589599609e+00
-2.106187641620635986e-01,1.608147144317626953e+00
9.788529574871063232e-02,1.535425901412963867e+00
3.613886609673500061e-02,1.460872173309326172e+00
9.537302851676940918e-01,-8.504306077957153320e-01
-1.063467264175415039e+00,1.327497243881225586e+00
9.196873903274536133e-01,1.081399083137512207e+00
-1.529312580823898315e-01,1.405839681625366211e+00
-1.313189119100570679e-01,1.648144125938415527e+00
-5.115237459540367126e-02,1.687187910079956055e+00
9.488053321838378906e-01,1.055255651473999023e+00
-1.540748402476310730e-02,-1.394524335861206055e+00
4.073587357997894287e-01,1.165647983551025391e+00
9.317621588706970215e-01,1.006162166595458984e+00
-1.057789444923400879e+00,-8.838048577308654785e-01
-1.382937550544738770e+00,-8.838405460119247437e-02
-8.579290509223937988e-01,9.906814098358154297e-01
-3.105440363287925720e-02,1.563761234283447266e+00
-1.309795975685119629e+00,-7.739246636629104614e-02
2.212889865040779114e-02,1.439648151397705078e+00
-1.457741141319274902e+00,7.851741462945938110e-02
8.944590687751770020e-01,-9.470284581184387207e-01
-9.813944995403289795e-02,-1.402377724647521973e+00
-1.047970652580261230e+00,9.600707888603210449e-01
-9.194641113281250000e-01,1.041186451911926270e+00
-1.261208057403564453e-01,1.564257144927978516e+00
-5.016564950346946716e-02,-1.419718980789184570e+00
-1.073142647743225098e+00,8.266221284866333008e-01
-1.067686915397644043e+00,8.878195881843566895e-01
9.938541650772094727e-01,1.002352833747863770e+00
-2.902404367923736572e-01,-1.323682427406311035e+00
1.099103808403015137e+00,9.808431863784790039e-01
1.788247376680374146e-03,1.246860027313232422e+00
-1.166123390197753906e+00,1.097962021827697754e+00
-1.088308215141296387e+00,-1.042651653289794922e+00
1.364883065223693848e+00,1.028809472918510437e-01
5.548575893044471741e-02,1.346421718597412109e+00
-1.098791003227233887e+00,-1.005152463912963867e+00
1.764398217201232910e-01,-1.323614358901977539e+00
-4.664425179362297058e-02,-1.238126754760742188e+00
7.598537206649780273e-01,-1.134961128234863281e+00
-1.094110131263732910e+00,1.123715639114379883e+00
-3.224207088351249695e-02,1.368340969085693359e+00
1.409986987709999084e-02,-1.471343278884887695e+00
-3.040638193488121033e-02,1.340656042098999023e+00
-5.104753002524375916e-02,-1.395171165466308594e+00
-1.524819970130920410e+00,1.523842215538024902e-01
9.994684457778930664e-01,1.126184701919555664e+00
-7.145053744316101074e-01,1.703110098838806152e+00
-1.275760293006896973e+00,1.213454723358154297e+00
-6.048050522804260254e-01,-1.252322435379028320e+00
-9.712166786193847656e-01,-1.068860888481140137e+00
-9.718965291976928711e-01,1.149131536483764648e+00
-1.642279028892517090e+00,4.975975751876831055e-01
-9.764358401298522949e-02,-1.449833512306213379e+00
9.873927831649780273e-01,-1.137240409851074219e+00
-1.312092304229736328e+00,7.337138801813125610e-02
-1.170343160629272461e+00,9.746549725532531738e-01
1.067231535911560059e+00,-7.990012168884277344e-01
-1.452348828315734863e+00,1.608753085136413574e+00
1.371573090553283691e+00,-5.577154457569122314e-03
1.389795660972595215e+00,5.013290792703628540e-02
-9.334650635719299316e-02,1.237140178680419922e+00
1.662060618400573730e-01,1.549530267715454102e+00
1.892949938774108887e-01,1.402823448181152344e+00
1.449274659156799316e+00,1.522860676050186157e-02
-8.152070641517639160e-01,-1.131319522857666016e+00
1.257754802703857422e+00,-1.125253736972808838e-03
1.492130160331726074e+00,-1.774994134902954102e-01
-1.031441926956176758e+00,-1.032477855682373047e+00
-1.514400362968444824e+00,6.271957606077194214e-02
-1.099114656448364258e+00,1.180687785148620605e+00
-1.232478976249694824e+00,1.074775815010070801e+00
1.781443133950233459e-02,-1.361413359642028809e+00
7.848217487335205078e-01,-1.100260019302368164e+00
-9.307293891906738281e-01,-1.071833252906799316e+00
9.771635532379150391e-01,-1.045463919639587402e+00
2.959186136722564697e-01,-1.256321907043457031e+00
4.863958358764648438e-01,-1.200588226318359375e+00
-1.400797247886657715e+00,2.702278643846511841e-02
9.171769618988037109e-01,1.021344900131225586e+00
1.346733689308166504e+00,9.725280106067657471e-03
8.984369635581970215e-01,-8.380806446075439453e-01
-1.418422341346740723e+00,-2.113726735115051270e-01
-1.076713919639587402e+00,1.025517821311950684e+00
-1.190118670463562012e+00,4.142990708351135254e-01
-1.781481131911277771e-02,-1.312578439712524414e+00
-2.834550738334655762e-01,1.217159271240234375e+00
-9.530401229858398438e-01,1.344645261764526367e+00
1.347328066825866699e+00,-3.327898681163787842e-03
-1.184595823287963867e+00,-1.029169633984565735e-01
-8.420946598052978516e-01,1.172561645507812500e+00
1.041967988014221191e+00,-7.191836833953857422e-01
1.376500725746154785e+00,4.610141366720199585e-02
-1.079633235931396484e+00,1.167228460311889648e+00
8.313508331775665283e-02,1.362339735031127930e+00
-1.066313266754150391e+00,-1.013983488082885742e+00
1.040570497512817383e+00,8.656951189041137695e-01
-1.523396372795104980e+00,7.030572742223739624e-02
9.317224025726318359e-01,-9.858797788619995117e-01
-1.491109251976013184e+00,-2.944061905145645142e-02
9.528707861900329590e-01,-1.086566805839538574e+00
-3.021680936217308044e-02,1.398762941360473633e+00
1.434512853622436523e+00,-1.412544846534729004e-01
8.111372590065002441e-01,-9.274894595146179199e-01
-1.099903509020805359e-02,1.478480935096740723e+00
1.091868042945861816e+00,8.779379129409790039e-01
-1.055369257926940918e+00,-1.028353214263916016e+00
-1.139127910137176514e-01,1.536728620529174805e+00
-3.845281526446342468e-02,-1.450938701629638672e+00
-1.549849867820739746e+00,4.707015305757522583e-02
-1.468782067298889160e+00,-1.162513345479965210e-02
-1.551996827125549316e+00,-5.294628441333770752e-03
-1.157744377851486206e-01,1.367549061775207520e+00
1.303105115890502930e+00,-5.222175270318984985e-02
-1.532467842102050781e+00,-4.935964196920394897e-02
-1.020152330398559570e+00,-9.653437137603759766e-01
-1.087413668632507324e+00,1.159108638763427734e+00
1.008525371551513672e+00,1.031768202781677246e+00
8.791925907135009766e-01,-9.495606422424316406e-01
-2.459382638335227966e-02,1.382801771163940430e+00
-9.740469455718994141e-01,1.072184562683105469e+00
-7.544532418251037598e-02,-1.363028287887573242e+00
-9.821987152099609375e-01,1.001657247543334961e+00
1.174600720405578613e-01,1.423701643943786621e+00
9.402760863304138184e-01,9.684744477272033691e-01
1.260813951492309570e+00,-9.193021804094314575e-02
-9.228670001029968262e-01,1.062299251556396484e+00
-1.231202244758605957e+00,-3.952459990978240967e-01
-9.015445709228515625e-01,1.076414465904235840e+00
4.937682151794433594e-01,-1.205675125122070312e+00
-1.273654460906982422e+00,5.429107695817947388e-02
1.395638346672058105e+00,1.793633699417114258e-01
1.322920471429824829e-01,-1.396084308624267578e+00
-1.505024790763854980e+00,-3.871337324380874634e-02
-1.478674769401550293e+00,-1.146329194307327271e-02
9.862238168716430664e-02,1.407836437225341797e+00
-1.378353983163833618e-01,-1.496905803680419922e+00
-8.304860442876815796e-03,-1.354398488998413086e+00
-1.798038482666015625e-01,-1.374747633934020996e+00
-1.471385002136230469e+00,-2.917831391096115112e-02
3.024197220802307129e-01,-1.276279449462890625e+00
-9.358571767807006836e-01,-1.007877588272094727e+00
-1.003631949424743652e+00,1.218313694000244141e+00
-2.641006931662559509e-02,-1.318851470947265625e+00
-1.450240850448608398e+00,5.514744669198989868e-02
1.118745923042297363e+00,-6.797395646572113037e-03
-9.577628225088119507e-03,-1.354289174079895020e+00
8.963103294372558594e-01,-1.007020711898803711e+00
3.124517574906349182e-02,-1.439412474632263184e+00
9.493307471275329590e-01,9.421621561050415039e-01
6.922671198844909668e-02,1.428781747817993164e+00
-1.014153242111206055e+00,1.048354744911193848e+00
1.103923201560974121e+00,-7.852252125740051270e-01
-1.377230286598205566e+00,-1.140721887350082397e-02
-1.343891263008117676e+00,9.026222676038742065e-02
1.189455628395080566e+00,-5.596848130226135254e-01
-1.394501805305480957e+00,-2.415258288383483887e-01
6.945021450519561768e-04,1.534060716629028320e+00
8.334062695503234863e-01,-9.725126028060913086e-01
-1.102912575006484985e-01,-1.400708913803100586e+00
-1.371380805969238281e+00,1.474802792072296143e-01
4.428166523575782776e-02,1.452605962753295898e+00
-1.027202367782592773e+00,-1.035582780838012695e+00
9.665031433105468750e-01,-1.142664909362792969e+00
9.864827394485473633e-01,9.030098915100097656e-01
5.000795796513557434e-02,1.412362217903137207e+00
1.077962398529052734e+00,1.022745251655578613e+00
1.047538518905639648e+00,1.048173785209655762e+00
-6.908301115036010742e-01,1.006876826286315918e+00
8.501240015029907227e-01,-9.568111896514892578e-01
1.042512297630310059e+00,1.047557115554809570e+00
-1.000585794448852539e+00,1.005072236061096191e+00
1.352179169654846191e+00,2.420488297939300537e-01
-3.740098699927330017e-02,1.461407899856567383e+00
-1.187852919101715088e-01,1.554663658142089844e+00
8.982710838317871094e-01,-8.972642421722412109e-01
-1.169490516185760498e-01,1.384339213371276855e+00
4.239581897854804993e-02,1.499384403228759766e+00
-1.352094173431396484e+00,1.086915135383605957e+00
-1.376338958740234375e+00,-9.682253003120422363e-04
-1.122286438941955566e+00,1.289358854293823242e+00
1.295862436294555664e+00,-3.309794515371322632e-02
6.279081106185913086e-02,1.501397371292114258e+00
-1.733302950859069824e+00,2.197442054748535156e-01
-9.584649801254272461e-01,-1.129069089889526367e+00
-6.109852716326713562e-02,-1.410518169403076172e+00
-1.371227145195007324e+00,5.050845444202423096e-03
-1.541658759117126465e+00,2.641132473945617676e-01
1.033571362495422363e+00,-8.864433765411376953e-01
-1.127506136894226074e+00,1.152343511581420898e+00
1.401590943336486816e+00,5.851203948259353638e-02
1.375488400459289551e+00,7.994703203439712524e-02
9.719935655593872070e-01,-1.036836266517639160e+00
-1.373332262039184570e+00,1.594734668731689453e+00
-3.748283907771110535e-02,1.267223954200744629e+00
1.344315648078918457e+00,1.670094579458236694e-02
-1.299951672554016113e+00,1.497776985168457031e+00
-1.204343318939208984e+00,1.170019865036010742e+00
8.577593564987182617e-01,-1.036226749420166016e+00
-1.054746031761169434e+00,1.076077103614807129e+00
1.128043830394744873e-01,1.437106966972351074e+00
-6.795251369476318359e-02,-1.425266504287719727e+00
9.703317880630493164e-01,9.906392693519592285e-01
1.332410097122192383e+00,7.064732164144515991e-02
8.764356374740600586e-01,-1.098118662834167480e+00
-1.234440445899963379e+00,9.008318930864334106e-02
-9.145279526710510254e-01,1.053722977638244629e+00
9.536024332046508789e-01,-1.071506142616271973e+00
1.146364927291870117e+00,8.990049362182617188e-01
-8.747310638427734375e-01,-9.237128496170043945e-01
-1.199407458305358887e+00,1.247731685638427734e+00
-2.115311846137046814e-02,-1.374698758125305176e+00
-1.046867370605468750e+00,-1.002811551094055176e+00
-5.993283987045288086e-01,1.268829464912414551e+00
-1.405653595924377441e+00,-9.626419097185134888e-02
-1.417801737785339355e+00,6.417733430862426758e-01
-1.108880400657653809e+00,1.026420593261718750e+00
-8.156270384788513184e-01,1.139668822288513184e+00
-1.117817282676696777e+00,1.080520629882812500e+00
-6.505119800567626953e-01,1.184293270111083984e+00
1.421527147293090820e+00,2.098473310470581055e-01
-4.022736474871635437e-02,-1.365605711936950684e+00
-1.027349114418029785e+00,9.134759902954101562e-01
1.405050635337829590e+00,-1.203931123018264771e-02
-1.326562523841857910e+00,4.116279631853103638e-02
-2.828910574316978455e-02,-1.397513270378112793e+00
-1.023004293441772461e+00,8.810964822769165039e-01
-1.210286259651184082e+00,1.275548219680786133e+00
-9.756149053573608398e-01,1.009000062942504883e+00
-8.380085825920104980e-01,1.015333533287048340e+00
-1.491801381111145020e+00,-2.786079794168472290e-02
-1.525470137596130371e+00,3.999960124492645264e-01
-2.301634475588798523e-02,-1.324726343154907227e+00
-3.837766870856285095e-02,1.369394779205322266e+00
-7.676260471343994141e-01,6.648428440093994141e-01
7.492918521165847778e-03,1.532040596008300781e+00
-3.435723111033439636e-02,1.133713245391845703e+00
-9.173787832260131836e-01,9.110559225082397461e-01
-1.382436275482177734e+00,4.663117229938507080e-03
-1.237780570983886719e+00,-1.653500646352767944e-02
-9.520343542098999023e-01,-9.672987461090087891e-01
-1.048897385597229004e+00,-9.219911098480224609e-01
9.193820953369140625e-01,-9.645895957946777344e-01
8.505561947822570801e-01,8.449721932411193848e-01
-1.010784268379211426e+00,-8.652114868164062500e-01
2.752383425831794739e-02,1.471181392669677734e+00
6.365713477134704590e-02,1.517163753509521484e+00
-9.856479167938232422e-01,-9.304977655410766602e-01
1.155818104743957520e+00,-5.118178129196166992e-01
-9.424818754196166992e-01,1.182382225990295410e+00
-1.230995178222656250e+00,1.659206390380859375e+00
-4.288699477910995483e-03,1.581981658935546875e+00
-9.650669097900390625e-01,1.177422285079956055e+00
9.657512903213500977e-01,9.908975362777709961e-01
9.418392181396484375e-01,1.065212965011596680e+00
-1.103640913963317871e+00,1.145577073097229004e+00
-5.305212363600730896e-02,-1.282147288322448730e+00
-1.326650023460388184e+00,1.505074501037597656e+00
1.041402369737625122e-01,1.478054642677307129e+00
-1.026763796806335449e+00,9.083592295646667480e-01
-6.834019720554351807e-02,-1.462247252464294434e+00
1.321546316146850586e+00,2.443415522575378418e-01
-1.063018321990966797e+00,1.166789293289184570e+00
-1.264244437217712402e+00,3.442369401454925537e-01
-1.488273978233337402e+00,-5.107067525386810303e-03
-4.661173820495605469e-01,1.359825611114501953e+00
-1.381124019622802734e+00,-8.230388909578323364e-02
-1.027321577072143555e+00,9.003295898437500000e-01
-1.384664893150329590e+00,1.510004997253417969e-01
2.085126787424087524e-01,1.419617652893066406e+00
-1.348460912704467773e+00,1.105452537536621094e+00
-7.954385876655578613e-02,-1.404711246490478516e+00
1.209314540028572083e-02,1.450318098068237305e+00
2.938646823167800903e-03,1.317377090454101562e+00
1.347985386848449707e+00,-1.025905236601829529e-01
4.208663478493690491e-02,1.538344740867614746e+00
9.958953857421875000e-01,-1.077085137367248535e+00
-1.563548445701599121e+00,1.399799436330795288e-02
-1.517311811447143555e+00,4.512036591768264771e-02
-1.098364591598510742e+00,-9.469095468521118164e-01
5.491415038704872131e-02,1.514138340950012207e+00
-9.696309566497802734e-01,9.722122550010681152e-01
-1.253389120101928711e+00,1.232196211814880371e+00
-1.376141667366027832e+00,-5.833528935909271240e-03
-9.214994907379150391e-01,-1.146508574485778809e+00
8.668789267539978027e-02,1.389625787734985352e+00
-1.410984039306640625e+00,5.157882720232009888e-02
-9.908784627914428711e-01,-1.077558398246765137e+00
1.342611074447631836e+00,-1.395723521709442139e-01
1.154958605766296387e+00,9.530299305915832520e-01
1.349029898643493652e+00,-8.914076536893844604e-02
5.181810632348060608e-02,-1.428938388824462891e+00
-1.112127780914306641e+00,1.027055859565734863e+00
1.126139521598815918e+00,-7.547822594642639160e-01
2.058813273906707764e-01,1.435392379760742188e+00
-2.107999846339225769e-02,1.502536058425903320e+00
-8.173081874847412109e-01,1.045917391777038574e+00
9.091165065765380859e-01,1.059956550598144531e+00
-1.167060732841491699e-01,1.470995664596557617e+00
-1.269688010215759277e-01,-1.467541575431823730e+00
-7.388266921043395996e-02,1.453421115875244141e+00
9.381006956100463867e-01,-1.092754602432250977e+00
8.752128481864929199e-01,9.380764365196228027e-01
8.173793554306030273e-02,1.449635028839111328e+00
-3.150939568877220154e-02,1.308310747146606445e+00
-8.711238205432891846e-02,-1.355435371398925781e+00
7.944525480270385742e-01,-1.005456447601318359e+00
1.310632467269897461e+00,-3.202027827501296997e-02
1.333331704139709473e+00,1.774817109107971191e-01
-1.000637650489807129e+00,-9.612832069396972656e-01
-1.055237650871276855e-01,1.524611473083496094e+00
-3.522481918334960938e-01,1.431145071983337402e+00
-9.104304909706115723e-01,-9.768716096878051758e-01
-1.713946700096130371e+00,2.852483838796615601e-02
-1.316225677728652954e-01,-1.422622203826904297e+00
1.318315505981445312e+00,-4.582308977842330933e-02
9.321538209915161133e-01,-9.794266223907470703e-01
-1.225223392248153687e-01,-1.456931114196777344e+00
-5.564075335860252380e-02,-1.307313203811645508e+00
-1.234258055686950684e+00,1.635508239269256592e-01
-2.801083922386169434e-01,1.343500614166259766e+00
-2.170702442526817322e-02,1.484507203102111816e+00
-2.938190102577209473e-01,1.790390133857727051e+00
8.179774284362792969e-01,-1.044901251792907715e+00
-1.185035109519958496e+00,1.067718267440795898e+00
-1.003639340400695801e+00,9.343878030776977539e-01
-1.093891739845275879e+00,1.088977694511413574e+00
-1.571003437042236328e+00,1.437456607818603516e-01
3.123993054032325745e-02,1.309327244758605957e+00
-1.119160354137420654e-01,-1.425647497177124023e+00
-9.548349380493164062e-01,-1.115517258644104004e+00
6.172510385513305664e-01,1.242492437362670898e+00
-9.782912731170654297e-01,1.009654045104980469e+00
8.631945848464965820e-01,9.160504341125488281e-01
1.077753752470016479e-01,1.375685095787048340e+00
-1.654506847262382507e-02,1.473501086235046387e+00
8.972189426422119141e-01,-9.825276136398315430e-01
-1.619712233543395996e+00,9.494820982217788696e-02
1.050875306129455566e+00,-9.783265590667724609e-01
-1.268331050872802734e+00,1.219437047839164734e-01
1.294134974479675293e+00,4.857330918312072754e-01
-6.950920820236206055e-01,-1.260362625122070312e+00
1.407495856285095215e+00,-3.124960511922836304e-02
-1.258455157279968262e+00,1.121477365493774414e+00
1.214830875396728516e-01,1.472541451454162598e+00
1.446928620338439941e+00,-2.104016393423080444e-02
-1.246745228767395020e+00,1.426832914352416992e+00
-6.300900876522064209e-02,-1.316537141799926758e+00
-1.031825423240661621e+00,1.026272296905517578e+00
8.645581007003784180e-01,1.149138450622558594e+00
-1.778042674064636230e+00,8.317924290895462036e-02
-1.445371031761169434e+00,2.178844064474105835e-02
-2.575400099158287048e-02,-1.398304820060729980e+00
1.161522045731544495e-02,1.516699075698852539e+00
8.191125392913818359e-01,-9.263364076614379883e-01
-1.257988810539245605e+00,1.052618741989135742e+00
1.346527576446533203e+00,-1.937486976385116577e-02
-1.002398848533630371e+00,-1.098930239677429199e+00
1.324535608291625977e+00,-9.316848963499069214e-02
1.226051211357116699e+00,-1.802027821540832520e-01
1.436068415641784668e-01,1.303347587585449219e+00
-4.634221494197845459e-01,1.585224270820617676e+00
1.332716464996337891e+00,2.422850579023361206e-02
-1.097780466079711914e+00,1.152945280075073242e+00
-1.188506007194519043e+00,1.088575124740600586e+00
-1.143833518028259277e+00,-9.552338123321533203e-01
8.996400833129882812e-01,-9.537965059280395508e-01
-1.155072093009948730e+00,-9.026197195053100586e-01
-9.402589201927185059e-01,-9.633293151855468750e-01
-1.231043219566345215e+00,6.406738609075546265e-02
1.284565091133117676e+00,-5.409375578165054321e-02
-1.418845295906066895e+00,-5.978345125913619995e-02
-7.841397821903228760e-02,-1.420142173767089844e+00
1.330977797508239746e+00,1.530923247337341309e-01
-1.012398004531860352e+00,-1.037241339683532715e+00
8.360548019409179688e-01,1.240325450897216797e+00
-1.236334443092346191e+00,-6.572137027978897095e-02
-1.073286086320877075e-01,-1.443730354309082031e+00
-1.240810155868530273e-01,-1.301041841506958008e+00
9.928594827651977539e-01,-1.009858608245849609e+00
-1.313307046890258789e+00,7.193779200315475464e-02
1.001816749572753906e+00,-1.011390328407287598e+00
-1.626409217715263367e-02,1.439088940620422363e+00
-2.855968102812767029e-02,-1.338604807853698730e+00
-9.756101965904235840e-01,9.662118554115295410e-01
-1.314209342002868652e+00,2.604595571756362915e-02
9.812945127487182617e-01,-1.059066176414489746e+00
-1.277931928634643555e+00,1.258918762207031250e+00
8.776588439941406250e-01,1.049718976020812988e+00
8.644569516181945801e-01,-1.015431165695190430e+00
1.222362399101257324e+00,-8.007907122373580933e-02
-1.650319218635559082e+00,6.540010124444961548e-02
9.411588907241821289e-01,8.398661613464355469e-01
-9.561558961868286133e-01,1.321207880973815918e+00
-9.944869279861450195e-01,-1.023980259895324707e+00
-1.512965083122253418e+00,7.499664276838302612e-02
-1.407099843025207520e+00,-5.904658883810043335e-02
8.633709549903869629e-01,1.033762812614440918e+00
1.020776391029357910e+00,-7.593965530395507812e-01
9.047561287879943848e-01,-1.033912777900695801e+00
1.186284780502319336e+00,8.872798830270767212e-02
-1.541409611701965332e+00,-6.696730107069015503e-02
9.153872132301330566e-01,-9.442489147186279297e-01
1.066730618476867676e+00,9.916097521781921387e-01
-1.256386756896972656e+00,2.490535378456115723e-01
1.343096137046813965e+00,7.368621975183486938e-02
-1.405129551887512207e+00,1.172367930412292480e+00
-1.217474818229675293e+00,1.788397878408432007e-02
-8.778257966041564941e-01,9.057287573814392090e-01
-1.369693994522094727e+00,-1.708757281303405762e-01
9.059917926788330078e-01,9.827520847320556641e-01
1.088197827339172363e+00,-5.308731794357299805e-01
-4.211380705237388611e-02,1.423880219459533691e+00
-2.742179855704307556e-02,-1.290671467781066895e+00
-6.682993471622467041e-02,1.390280604362487793e+00
8.607481718063354492e-01,8.896861076354980469e-01
9.947094917297363281e-01,1.184142470359802246e+00
1.003776073455810547e+00,1.143485426902770996e+00
-1.593099713325500488e+00,4.418191611766815186e-01
9.261499643325805664e-01,1.040939092636108398e+00
-1.051607012748718262e+00,-8.925734162330627441e-01
1.391377329826354980e+00,2.304001897573471069e-02
6.643983721733093262e-02,1.697291970252990723e+00
-9.568841457366943359e-01,1.065884590148925781e+00
-1.350769639015197754e+00,1.390936970710754395e-01
-1.301027894020080566e+00,5.953937023878097534e-02
9.187638759613037109e-01,-1.028690338134765625e+00
-1.127588987350463867e+00,1.074292540550231934e+00
-1.461796164512634277e+00,-8.142697066068649292e-02
-9.675984382629394531e-01,1.065657734870910645e+00
1.391682624816894531e+00,8.375556021928787231e-02
7.395166158676147461e-01,-1.010468244552612305e+00
-3.494514152407646179e-02,-1.375809431076049805e+00
-1.016800522804260254e+00,1.065239787101745605e+00
-1.539098620414733887e+00,2.042270302772521973e-01
2.053952589631080627e-02,1.622582077980041504e+00
-9.462026357650756836e-01,9.429384469985961914e-01
9.408611059188842773e-01,9.926509857177734375e-01
6.603349000215530396e-03,1.454159259796142578e+00
-1.037781000137329102e+00,9.436292648315429688e-01
1.306923031806945801e+00,7.904238998889923096e-03
9.816734790802001953e-01,-9.934709072113037109e-01
-1.591310620307922363e+00,2.475888133049011230e-01
-1.031538546085357666e-01,-1.410227894783020020e+00
-1.104334235191345215e+00,1.094320893287658691e+00
1.405410408973693848e+00,-7.349460572004318237e-02
-1.629066109657287598e+00,3.652486950159072876e-02
-1.034418940544128418e+00,1.173470258712768555e+00
8.525123000144958496e-01,-9.917988777160644531e-01
-1.645628735423088074e-02,1.315756082534790039e+00
1.320707321166992188e+00,4.878471046686172485e-02
1.268689036369323730e+00,-2.391148805618286133e-01
-1.803031563758850098e+00,3.289113193750381470e-02
-1.314419507980346680e+00,1.266973018646240234e-01
9.074530601501464844e-01,-1.049711704254150391e+00
9.140660166740417480e-01,-1.096098184585571289e+00
-1.679692149162292480e+00,2.346859574317932129e-01
9.066768288612365723e-01,-1.079543590545654297e+00
-1.288670897483825684e+00,1.778002828359603882e-02
-2.654020115733146667e-02,-1.458190202713012695e+00
-1.270172834396362305e+00,7.775079458951950073e-02
-8.822032213211059570e-01,1.168927192687988281e+00
-1.350512862205505371e+00,1.468686014413833618e-02
-1.246125459671020508e+00,-5.668603181838989258e-01
9.412793815135955811e-02,1.479020595550537109e+00
1.032512068748474121e+00,-1.012790560722351074e+00
2.980415895581245422e-02,1.393499493598937988e+00
1.291104793548583984e+00,6.733082234859466553e-03
8.146145343780517578e-01,-9.867897033691406250e-01
3.736454993486404419e-03,1.390129446983337402e+00
-4.682457074522972107e-02,-1.421821832656860352e+00
1.239969968795776367e+00,-8.575456589460372925e-02
-3.075023889541625977e-01,1.077048540115356445e+00
-1.170258522033691406e+00,1.234827637672424316e+00
-5.687521025538444519e-02,-1.285528063774108887e+00
-1.583541989326477051e+00,8.939437568187713623e-03
-9.356073141098022461e-01,1.287922382354736328e+00
1.290149331092834473e+00,1.532173901796340942e-02
1.275631308555603027e+00,2.628613263368606567e-02
-1.196462869644165039e+00,1.106407642364501953e+00
-1.042656779289245605e+00,1.122607588768005371e+00
-8.760937452316284180e-01,9.353408813476562500e-01
1.089974999427795410e+00,1.113402724266052246e+00
-1.270212292671203613e+00,1.163270696997642517e-01
-1.020978212356567383e+00,-8.773477077484130859e-01
-6.379481554031372070e-01,-1.095147490501403809e+00
-1.100914001464843750e+00,1.113424420356750488e+00
-1.644100069999694824e+00,1.229709610342979431e-01
-1.135184645652770996e+00,1.089111089706420898e+00
-9.572052359580993652e-01,8.185855150222778320e-01
-1.472573399543762207e+00,1.382766485214233398e+00
1.186681747436523438e+00,1.106801778078079224e-01
-2.305702492594718933e-02,1.503223061561584473e+00
9.485354423522949219e-01,9.603703022003173828e-01
9.233691692352294922e-01,9.259646534919738770e-01
-2.002325281500816345e-02,1.362014889717102051e+00
9.365677833557128906e-01,1.113526105880737305e+00
-9.372425079345703125e-01,1.032058000564575195e+00
-5.929354950785636902e-02,-1.413847565650939941e+00
-1.054180741310119629e+00,1.026849985122680664e+00
-3.068776056170463562e-02,-1.415060520172119141e+00
-8.303231596946716309e-01,9.222657680511474609e-01
8.056345582008361816e-02,-1.341940999031066895e+00
1.311205506324768066e+00,-3.065031021833419800e-02
8.677286505699157715e-01,-1.136555314064025879e+00
-1.217188954353332520e+00,1.163532733917236328e+00
-1.350983977317810059e+00,-4.029292762279510498e-01
9.657005071640014648e-01,-9.245983958244323730e-01
9.792649745941162109e-01,-8.720231652259826660e-01
-1.127442479133605957e+00,-1.090059995651245117e+00
1.034830212593078613e-01,1.296452999114990234e+00
1.329304337501525879e+00,-1.512386798858642578e-01
-1.336553692817687988e-01,-1.191093683242797852e+00
-1.027169942855834961e+00,-9.606099128723144531e-01
1.683940440416336060e-01,-1.424359440803527832e+00
1.952831819653511047e-02,1.523068666458129883e+00
-1.074973464012145996e+00,2.185634076595306396e-01
-8.779139518737792969e-01,1.486409664154052734e+00
1.338775277137756348e+00,2.409679442644119263e-02
9.359588623046875000e-01,8.790588974952697754e-01
8.389784097671508789e-01,1.219471931457519531e+00
1.921212971210479736e-01,1.547871232032775879e+00
8.448435664176940918e-01,-1.024262189865112305e+00
1.470866322517395020e+00,-1.038391515612602234e-01
1.048234105110168457e-01,1.452057838439941406e+00
-1.030022144317626953e+00,-8.380223512649536133e-01
7.937239408493041992e-01,-1.025275111198425293e+00
-1.088716387748718262e+00,1.095118999481201172e+00
-1.395142436027526855e+00,3.519307821989059448e-02
8.525264263153076172e-02,1.444372773170471191e+00
-1.124737262725830078e-01,-1.475447893142700195e+00
9.540921449661254883e-01,-1.040949821472167969e+00
-9.123813509941101074e-01,9.181164503097534180e-01
-9.890464544296264648e-01,1.119080066680908203e+00
-1.496358633041381836e+00,8.680897206068038940e-02
-1.406373739242553711e+00,5.638424754142761230e-01
1.125372648239135742e-01,-1.357327461242675781e+00
-1.625013709068298340e+00,1.035096123814582825e-01
9.418092370033264160e-01,-9.271903038024902344e-01
9.708290100097656250e-01,-1.044956207275390625e+00
9.292219877243041992e-01,1.053744316101074219e+00
1.113233566284179688e+00,9.385420083999633789e-01
1.264755368232727051e+00,3.201091289520263672e-01
1.314435482025146484e+00,9.292677789926528931e-02
-2.464204132556915283e-01,-1.351687431335449219e+00
-1.570452213287353516e+00,6.577222943305969238e-01
1.581210643053054810e-03,1.348207712173461914e+00
5.046017467975616455e-04,-1.360836386680603027e+00
-1.854516714811325073e-01,-1.464127779006958008e+00
-1.935796067118644714e-02,1.328932285308837891e+00
1.375827789306640625e+00,1.733531802892684937e-02
-1.325745135545730591e-01,-1.394204497337341309e+00
9.823373556137084961e-01,-9.287709593772888184e-01
1.227745294570922852e+00,-1.618696153163909912e-01
-9.488572478294372559e-01,-1.046127080917358398e+00
1.253448247909545898e+00,-5.592998117208480835e-02
1.072859644889831543e+00,-9.779146909713745117e-01
3.104570880532264709e-02,1.395107984542846680e+00
1.027471661567687988e+00,-1.107165336608886719e+00
-1.141374111175537109e+00,1.655626744031906128e-01
-1.310973763465881348e+00,8.305529952049255371e-01
5.756912007927894592e-02,1.405355811119079590e+00
1.520775675773620605e+00,-4.671182483434677124e-02
-1.204359650611877441e+00,1.327300190925598145e+00
-1.323322653770446777e+00,1.094585776329040527e+00
-1.222125768661499023e+00,1.119350671768188477e+00
-1.416447907686233521e-01,-1.439463853836059570e+00
-9.530025720596313477e-01,1.099189996719360352e+00
-8.462367057800292969e-01,1.158956170082092285e+00
-1.506999135017395020e-01,-1.302101850509643555e+00
-1.533209979534149170e-01,-1.425487637519836426e+00
-2.000963538885116577e-01,-1.382537126541137695e+00
1.049136757850646973e+00,1.049474716186523438e+00
-1.089953184127807617e+00,-7.942589521408081055e-01
1.778040081262588501e-03,-1.343595981597900391e+00
9.928777813911437988e-02,-1.472770452499389648e+00
-1.022973805665969849e-01,-1.367634892463684082e+00
-1.513792872428894043e+00,-1.222687140107154846e-01
4.252955019474029541e-01,-1.247701644897460938e+00
-1.013867855072021484e+00,1.128306865692138672e+00
-1.496021032333374023e+00,4.854948520660400391e-01
-1.139703989028930664e+00,1.001346945762634277e+00
9.224882721900939941e-01,-8.448835611343383789e-01
-9.930993318557739258e-01,-1.029406666755676270e+00
1.313647747039794922e+00,-3.925283998250961304e-02
-5.616391822695732117e-02,-1.427550792694091797e+00
-9.256392717361450195e-02,1.458275079727172852e+00
-1.404833197593688965e+00,7.251001894474029541e-03
1.039972186088562012e+00,1.002890706062316895e+00
9.333453178405761719e-01,-8.386646509170532227e-01
8.563321232795715332e-01,-1.039039015769958496e+00
-1.241965591907501221e-01,-1.400550842285156250e+00
-1.084467530250549316e+00,-1.130185365676879883e+00
-9.997521638870239258e-01,9.656223058700561523e-01
8.816968202590942383e-01,-9.929312467575073242e-01
9.828526973724365234e-01,-1.014407873153686523e+00
8.883619308471679688e-01,-9.220733642578125000e-01
-1.503527641296386719e+00,3.563395887613296509e-02
8.655382394790649414e-01,-9.890979528427124023e-01
1.312575578689575195e+00,-2.334611862897872925e-02
7.778893709182739258e-01,-1.123663902282714844e+00
-9.975434541702270508e-01,-1.006496667861938477e+00
9.931980371475219727e-01,8.488227128982543945e-01
-2.001683861017227173e-01,1.407547712326049805e+00
-1.451686382293701172e+00,-9.291397780179977417e-02
-1.123484730720520020e+00,-8.943400382995605469e-01
1.040466904640197754e+00,9.792375564575195312e-01
1.383666753768920898e+00,1.602492481470108032e-02
-8.626708984375000000e-01,1.042550921440124512e+00
-1.547366619110107422e+00,6.704576313495635986e-03
-9.885244965553283691e-01,1.059845685958862305e+00
-1.377014279365539551e+00,1.219774261116981506e-01
9.244868755340576172e-01,-1.099677085876464844e+00
-1.151632189750671387e+00,1.258929967880249023e+00
-1.014373183250427246e+00,-1.021662473678588867e+00
-1.477699518203735352e+00,7.392581552267074585e-02
1.414888858795166016e+00,3.473587334156036377e-03
-1.459711909294128418e+00,3.459667563438415527e-01
-1.303526997566223145e+00,2.310558855533599854e-01
-1.556606173515319824e+00,4.031059890985488892e-02
1.002725243568420410e+00,-1.097189903259277344e+00
-1.207257628440856934e+00,6.198852062225341797e-01
6.428194642066955566e-01,1.168460488319396973e+00
-1.125122547149658203e+00,1.179201677441596985e-01
-2.673217281699180603e-02,-1.372531175613403320e+00
-1.096213102340698242e+00,8.687946796417236328e-01
1.347614526748657227e+00,-7.123710960149765015e-02
-1.413850188255310059e+00,-4.031609743833541870e-02
1.364056944847106934e+00,-1.490525156259536743e-02
-6.968401372432708740e-02,-1.440407991409301758e+00
-9.244109690189361572e-02,-1.502296924591064453e+00
-1.142367839813232422e+00,9.969814419746398926e-01
-1.412016630172729492e+00,8.485077619552612305e-01
1.306878328323364258e+00,-7.564183324575424194e-02
2.141072228550910950e-02,-1.392700195312500000e+00
9.096375703811645508e-01,-9.626054763793945312e-01
-1.453999876976013184e-01,-1.475543379783630371e+00
8.799287080764770508e-01,-1.105575084686279297e+00
4.883605986833572388e-03,-1.408111572265625000e+00
8.137425184249877930e-01,1.131045699119567871e+00
-9.007955789566040039e-01,8.807860016822814941e-01
-1.524756476283073425e-02,1.409736275672912598e+00
-1.475437641143798828e+00,-5.928702652454376221e-03
1.428846955299377441e+00,-4.549070447683334351e-02
7.179392874240875244e-02,-1.405597209930419922e+00
1.828250661492347717e-02,1.392785668373107910e+00
-1.354961991310119629e+00,1.031854003667831421e-02
-3.652454540133476257e-02,-1.414194822311401367e+00
-1.135333657264709473e+00,1.479510784149169922e+00
1.339429974555969238e+00,-9.234242886304855347e-02
-1.130005955696105957e+00,1.172778844833374023e+00
-4.020128771662712097e-02,-1.416922092437744141e+00
-1.035975217819213867e+00,-1.070133686065673828e+00
-1.300085186958312988e+00,8.627899736166000366e-02
9.577243328094482422e-01,-1.033056139945983887e+00
-1.523292422294616699e+00,-1.777485013008117676e-04
-1.206336617469787598e+00,1.137006163597106934e+00
-1.239333510398864746e+00,1.098116636276245117e+00
9.437344074249267578e-01,9.176336526870727539e-01
-1.493730068206787109e+00,-6.057109683752059937e-02
1.462597846984863281e+00,3.281281143426895142e-02
9.685168266296386719e-01,-9.547451734542846680e-01
1.325206279754638672e+00,-2.929737418889999390e-02
1.370355367660522461e+00,-1.557190120220184326e-01
1.272243559360504150e-01,1.334171891212463379e+00
-1.317664980888366699e+00,-2.919448614120483398e-01
-1.116478323936462402e+00,1.265343904495239258e+00
4.787527397274971008e-02,1.259979486465454102e+00
-1.053212761878967285e+00,-1.057375073432922363e+00
-1.567886948585510254e+00,1.415867358446121216e-02
-1.452812790870666504e+00,2.447632253170013428e-01
-3.529302403330802917e-02,-1.297692060470581055e+00
-1.052689433097839355e+00,9.331108927726745605e-01
1.330652475357055664e+00,-4.947423189878463745e-02
9.515914320945739746e-01,-1.006709933280944824e+00
1.463245630264282227e+00,5.058927088975906372e-02
-1.222859382629394531e+00,1.292858362197875977e+00
2.879615500569343567e-02,1.446603894233703613e+00
1.289073824882507324e+00,1.430416852235794067e-02
8.611210584640502930e-01,9.634441137313842773e-01
-1.184127926826477051e+00,1.176769256591796875e+00
9.448484182357788086e-01,-1.122756838798522949e+00
-1.204030871391296387e+00,9.573721289634704590e-01
-1.441495656967163086e+00,3.185997009277343750e-01
-6.425104737281799316e-01,1.284954071044921875e+00
1.088214755058288574e+00,9.102993011474609375e-01
8.967790752649307251e-03,1.422783493995666504e+00
1.058132529258728027e+00,1.087800025939941406e+00
5.373183265328407288e-02,1.273378133773803711e+00
-3.725728392601013184e-01,1.231018066406250000e+00
6.747566163539886475e-02,-1.381742358207702637e+00
1.376015305519104004e+00,-2.214225381612777710e-02
-1.318404555320739746e+00,9.827867746353149414e-01
-1.051639676094055176e+00,1.101596713066101074e+00
1.927180960774421692e-02,1.274494051933288574e+00
-3.337843343615531921e-02,1.314647912979125977e+00
-9.545107483863830566e-01,1.110481739044189453e+00
-7.309144139289855957e-01,9.770110249519348145e-01
1.381066441535949707e+00,-7.308451086282730103e-02
2.141872420907020569e-02,1.520768046379089355e+00
1.281606197357177734e+00,9.490550309419631958e-02
1.264650702476501465e+00,1.754554361104965210e-02
-1.374649256467819214e-01,1.530166864395141602e+00
-1.409694910049438477e+00,9.397099167108535767e-02
-1.210927844047546387e+00,-1.328944265842437744e-01
-8.195770978927612305e-01,-1.160817742347717285e+00
-1.424942851066589355e+00,-7.237670570611953735e-02
4.718135669827461243e-02,1.477487802505493164e+00
-1.989995390176773071e-01,1.450269341468811035e+00
-8.812591433525085449e-02,1.545849919319152832e+00
-1.749565824866294861e-02,-1.323442459106445312e+00
-1.368941903114318848e+00,1.237588152289390564e-01
8.898179531097412109e-01,8.334115147590637207e-01
-1.074427485466003418e+00,1.177469730377197266e+00
9.838584661483764648e-01,1.107710957527160645e+00
-1.529023051261901855e+00,1.571549177169799805e-01
9.089609384536743164e-01,-9.915883541107177734e-01
-1.161834955215454102e+00,8.042291998863220215e-01
-1.356079339981079102e+00,2.873891890048980713e-01
1.788591220974922180e-02,1.586765766143798828e+00
-1.040012121200561523e+00,1.008124947547912598e+00
9.892413616180419922e-01,-1.067315220832824707e+00
9.811248779296875000e-01,-1.079064846038818359e+00
1.385004997253417969e+00,-2.361283451318740845e-02
-1.321431040763854980e+00,1.473865389823913574e+00
1.131788492202758789e-01,-1.347339034080505371e+00
-1.533470749855041504e+00,-2.487180382013320923e-02
-8.551259040832519531e-01,1.004771232604980469e+00
-1.384410500526428223e+00,5.890905112028121948e-02
-1.523037552833557129e+00,5.494772642850875854e-02
1.363014101982116699e+00,-8.591211587190628052e-02
-1.228138089179992676e+00,1.095805644989013672e+00
9.617706537246704102e-01,-9.279250502586364746e-01
1.332747220993041992e+00,-3.879561275243759155e-02
-1.321647763252258301e+00,8.381031453609466553e-03
8.716604709625244141e-01,1.148074865341186523e+00
-9.150358438491821289e-01,1.009785771369934082e+00
-1.407418966293334961e+00,-4.422098398208618164e-02
9.065632820129394531e-01,-1.081800580024719238e+00
-6.035564467310905457e-02,-1.402697086334228516e+00
1.313892483711242676e+00,-1.283988952636718750e-01
8.685966730117797852e-01,1.050172567367553711e+00
-8.814216852188110352e-01,-1.111175417900085449e+00
-2.994481623172760010e-01,-1.322283744812011719e+00
-7.992081642150878906e-01,1.308357715606689453e+00
1.419447183609008789e+00,-9.649234265089035034e-02
9.104846715927124023e-01,-8.678331375122070312e-01
-1.101626753807067871e+00,8.954271674156188965e-01
-1.073784708976745605e+00,-1.098719954490661621e+00
1.002776741981506348e+00,1.020091414451599121e+00
1.081166625022888184e+00,1.021984338760375977e+00
-1.024439215660095215e+00,9.932240247726440430e-01
-1.179995179176330566e+00,1.458090186119079590e+00
-1.303127169609069824e+00,9.459208250045776367e-01
-4.728012382984161377e-01,1.681519746780395508e+00
1.008207321166992188e+00,-1.078322172164916992e+00
-1.018165349960327148e+00,9.045412540435791016e-01
1.252827525138854980e+00,-1.989693194627761841e-02
-1.528662085533142090e+00,-1.418642699718475342e-03
-1.163243293762207031e+00,-9.615654945373535156e-01
-6.274010241031646729e-02,-1.517718553543090820e+00
-1.326249718666076660e+00,7.684659212827682495e-02
4.303804039955139160e-01,-1.178895473480224609e+00
-8.363888859748840332e-01,-1.028807640075683594e+00
2.910723388195037842e-01,-1.217170953750610352e+00
-8.895457983016967773e-01,1.158929467201232910e+00
-1.030924916267395020e+00,-8.696514368057250977e-01
-1.077090382575988770e+00,1.129061937332153320e+00
-1.015878200531005859e+00,1.178122639656066895e+00
-1.150665432214736938e-01,1.541102647781372070e+00
1.374210476875305176e+00,-8.017995208501815796e-02
3.605004027485847473e-02,-1.365461230278015137e+00
-9.701939821243286133e-01,9.857409000396728516e-01
1.382963180541992188e+00,-1.188586875796318054e-01
-1.539560556411743164e-01,-1.342450976371765137e+00
1.255759969353675842e-02,1.354870200157165527e+00
-1.324492096900939941e+00,6.611808389425277710e-02
-2.158014103770256042e-02,-1.400257825851440430e+00
-1.522769808769226074e+00,5.304699391126632690e-02
8.928465843200683594e-01,-1.055236101150512695e+00
-1.602532029151916504e+00,1.155940070748329163e-01
-9.842007160186767578e-01,8.939592838287353516e-01
-1.350248456001281738e+00,-3.655668348073959351e-02
-1.225684642791748047e+00,7.618966698646545410e-01
-4.630405828356742859e-02,1.660656452178955078e+00
-1.705182194709777832e-01,1.242098093032836914e+00
1.138879060745239258e+00,9.067831039428710938e-01
9.790097475051879883e-01,-1.015347242355346680e+00
-1.536053419113159180e+00,8.955892175436019897e-02
-1.555452704429626465e+00,7.036056369543075562e-02
1.312904477119445801e+00,4.911638796329498291e-03
9.207609295845031738e-01,9.497697353363037109e-01
-1.069028258323669434e+00,-9.610968828201293945e-01
2.498858049511909485e-02,1.581640243530273438e+00
-1.026396155357360840e+00,-9.530279636383056641e-01
9.570045471191406250e-01,-8.995583057403564453e-01
9.870541095733642578e-02,1.475578784942626953e+00
1.228671818971633911e-01,1.312557697296142578e+00
-1.214537501335144043e+00,1.232178926467895508e+00
-9.311575889587402344e-01,1.239379405975341797e+00
1.050098180770874023e+00,-9.303389787673950195e-01
9.867824316024780273e-01,1.040276885032653809e+00
-9.688756465911865234e-01,-8.680081367492675781e-01
1.317048311233520508e+00,-2.387375384569168091e-02
-1.291129946708679199e+00,-4.168733209371566772e-02
-1.538929820060729980e+00,-2.725806087255477905e-02
8.005070686340332031e-01,-8.478814959526062012e-01
-4.563647136092185974e-02,-1.317599534988403320e+00
-1.116432309150695801e+00,-1.027096748352050781e+00
-1.448749601840972900e-01,1.303694963455200195e+00
-1.424270272254943848e+00,1.087019681930541992e+00
9.961754083633422852e-02,1.344517111778259277e+00
-8.499705791473388672e-01,-1.089849948883056641e+00
-1.628357768058776855e+00,1.258880794048309326e-01
-1.184920668601989746e+00,-3.844352811574935913e-02
9.391744136810302734e-01,1.045186042785644531e+00
8.866769075393676758e-01,-1.007476806640625000e+00
9.508701562881469727e-01,1.001471161842346191e+00
-1.184431910514831543e+00,1.252076864242553711e+00
-1.016104817390441895e+00,1.106007814407348633e+00
-1.013025164604187012e+00,-1.024351596832275391e+00
-1.422543168067932129e+00,4.386134445667266846e-03
-1.306529760360717773e+00,-7.617406547069549561e-03
-8.554071187973022461e-02,-1.376040339469909668e+00
1.006740808486938477e+00,-9.811007976531982422e-01
1.057414889335632324e+00,-9.331587553024291992e-01
-9.231816530227661133e-01,-1.022532939910888672e+00
4.630081728100776672e-02,-1.391183257102966309e+00
8.841931223869323730e-01,1.152399063110351562e+00
-1.460912585258483887e+00,1.202296242117881775e-01
1.389482855796813965e+00,-4.988979548215866089e-02
-9.716445207595825195e-01,1.094296932220458984e+00
-4.819931387901306152e-01,1.405020236968994141e+00
9.316421747207641602e-01,-9.625999927520751953e-01
2.455000951886177063e-02,-1.340441465377807617e+00
8.920592665672302246e-01,-1.082659959793090820e+00
1.025146842002868652e+00,1.078129649162292480e+00
-1.131432175636291504e+00,-8.058165311813354492e-01
1.394685864448547363e+00,-4.023823887109756470e-02
1.336665987968444824e+00,-1.481551527976989746e-01
-9.320526123046875000e-01,-9.226894378662109375e-01
7.586170434951782227e-01,-1.007383108139038086e+00
1.290377736091613770e+00,1.101280674338340759e-01
-1.156606554985046387e+00,-9.061017036437988281e-01
-1.184918284416198730e+00,1.204482436180114746e+00
-8.597490787506103516e-01,8.902863264083862305e-01
-1.389997839927673340e+00,-6.354227066040039062e-01
-9.164284467697143555e-01,-9.603220224380493164e-01
6.538015604019165039e-02,1.447958350181579590e+00
3.814886510372161865e-01,1.259037375450134277e+00
-1.073995113372802734e+00,-9.204342365264892578e-01
-6.395299732685089111e-02,1.586282610893249512e+00
-1.561848759651184082e+00,-3.993693739175796509e-02
-2.055291458964347839e-02,-1.413248777389526367e+00
1.337203145027160645e+00,2.470289915800094604e-02
-1.314312815666198730e+00,1.880495846271514893e-01
1.378945946693420410e+00,-1.546067297458648682e-01
2.272550016641616821e-03,1.610678672790527344e+00
-8.062253892421722412e-02,-1.451572179794311523e+00
-1.319757938385009766e+00,1.417203187942504883e+00
-1.170019268989562988e+00,1.134804010391235352e+00
-1.233121752738952637e+00,1.290142178535461426e+00
-1.465843915939331055e+00,5.510579794645309448e-02
1.008527278900146484e+00,-9.561438560485839844e-01
8.741552829742431641e-01,1.041700363159179688e+00
-9.649000167846679688e-01,-1.041910052299499512e+00
-1.001976847648620605e+00,-1.030354142189025879e+00
-5.779502913355827332e-02,-1.496724963188171387e+00
2.785127237439155579e-02,-1.433483719825744629e+00
1.113896220922470093e-01,1.361247301101684570e+00
-1.104276776313781738e+00,1.038212656974792480e+00
-2.761778831481933594e-01,1.448848247528076172e+00
-1.321935534477233887e+00,-8.378673344850540161e-02
1.975422948598861694e-01,1.488543987274169922e+00
-5.080338567495346069e-03,-1.347113370895385742e+00
-1.148169636726379395e+00,1.140798568725585938e+00
-1.232678294181823730e+00,1.870017349720001221e-01
-1.561182141304016113e+00,1.992147266864776611e-01
-1.470144748687744141e+00,1.148348301649093628e-02
-1.301263570785522461e-01,1.453240513801574707e+00
-6.832073628902435303e-02,-1.384412765502929688e+00
1.289457798004150391e+00,1.614159643650054932e-01
-1.362470984458923340e+00,-4.101004451513290405e-02
-3.277325257658958435e-02,-1.334904789924621582e+00
-1.413382291793823242e+00,1.602493971586227417e-02
2.300247922539710999e-02,1.399714946746826172e+00
-2.707531675696372986e-02,-1.294825792312622070e+00
-8.292606472969055176e-02,-1.301594853401184082e+00
-1.284901976585388184e+00,1.238933324813842773e+00
-1.652062535285949707e+00,4.003492742776870728e-02
7.352674007415771484e-02,1.532742261886596680e+00
9.630135297775268555e-01,-1.066702127456665039e+00
-1.171733856201171875e+00,9.289401173591613770e-01
3.830378130078315735e-02,1.368692159652709961e+00
-1.235153555870056152e+00,2.277124673128128052e-02
1.052830576896667480e+00,1.037865281105041504e+00
9.749133586883544922e-01,1.121032834053039551e+00
-1.276562690734863281e+00,8.251302689313888550e-02
1.063121199607849121e+00,9.419531822204589844e-01
-1.466151237487792969e+00,1.473729610443115234e-01
9.050775766372680664e-01,-1.005531787872314453e+00
-1.202696681022644043e+00,3.950839638710021973e-01
-2.650108560919761658e-02,-1.336708426475524902e+00
-5.225921794772148132e-02,-1.443291306495666504e+00
-8.845630288124084473e-02,-1.440958619117736816e+00
9.520629644393920898e-01,1.026581287384033203e+00
-1.031119704246520996e+00,1.208080649375915527e+00
-1.527753949165344238e+00,-4.668752104043960571e-02
1.420421004295349121e+00,-7.641702145338058472e-02
1.095220327377319336e+00,-6.342588067054748535e-01
8.358685672283172607e-02,1.478809237480163574e+00
-1.070451378822326660e+00,1.167876958847045898e+00
1.008760809898376465e+00,8.857278227806091309e-01
9.510492682456970215e-01,-1.043242096900939941e+00
1.114440858364105225e-01,1.487863063812255859e+00
1.418728947639465332e+00,3.590366989374160767e-02
1.092329740524291992e+00,-1.022827506065368652e+00
9.826209545135498047e-01,9.396424293518066406e-01
-1.032873868942260742e+00,1.152598500251770020e+00
9.588347673416137695e-01,-9.236592054367065430e-01
1.071548104286193848e+00,1.060290932655334473e+00
-3.586220145225524902e-01,-1.277860283851623535e+00
8.377492427825927734e-02,1.281190872192382812e+00
1.386912703514099121e+00,-1.570372283458709717e-01
-1.505632519721984863e+00,4.137118905782699585e-02
-1.098518729209899902e+00,1.140952706336975098e+00
7.494018077850341797e-01,1.085374712944030762e+00
-1.513486653566360474e-01,-1.317686557769775391e+00
8.569542318582534790e-03,1.495958566665649414e+00
1.000093579292297363e+00,1.007567405700683594e+00
1.155285596847534180e+00,7.542638182640075684e-01
-8.401383459568023682e-02,1.379503488540649414e+00
-1.685086369514465332e+00,5.838374048471450806e-02
9.549747705459594727e-01,1.107501149177551270e+00
-1.123065114021301270e+00,1.264171719551086426e+00
-1.023013949394226074e+00,1.448173284530639648e+00
-1.097371459007263184e+00,7.836015224456787109e-01
1.010659098625183105e+00,-8.199045062065124512e-01
6.176457405090332031e-01,1.133893013000488281e+00
-1.392142415046691895e+00,6.017776131629943848e-01
-1.027714133262634277e+00,-9.888362884521484375e-01
-7.591634392738342285e-01,-9.067940115928649902e-01
1.478636264801025391e+00,2.421415597200393677e-02
1.335341334342956543e+00,-6.789674609899520874e-02
-7.425319403409957886e-03,1.530846476554870605e+00
-1.079967856407165527e+00,-1.018827319145202637e+00
1.527362465858459473e+00,2.003644108772277832e-01
-1.000264644622802734e+00,-1.053772330284118652e+00
-1.049195885658264160e+00,1.127595067024230957e+00
-8.885031342506408691e-01,-1.089062213897705078e+00
-9.946337342262268066e-01,-1.101742506027221680e+00
-1.499523401260375977e+00,3.390163481235504150e-01
-1.307798385620117188e+00,3.216093182563781738e-01
1.302910327911376953e+00,9.140001982450485229e-02
-2.610433697700500488e-01,1.622155785560607910e+00
-5.138642713427543640e-02,-1.360580444335937500e+00
3.727673366665840149e-02,1.455988764762878418e+00
9.893525838851928711e-01,-9.893608093261718750e-01
-9.495535492897033691e-01,-9.582583904266357422e-01
-3.394579514861106873e-02,1.355496525764465332e+00
-1.041642069816589355e+00,1.153135180473327637e+00
-1.499867796897888184e+00,7.717654854059219360e-02
-1.123105406761169434e+00,1.065668582916259766e+00
1.368705868721008301e+00,-1.906325817108154297e-01
-5.879845470190048218e-03,-1.464066267013549805e+00
-1.440086483955383301e+00,1.044459864497184753e-01
-4.937252104282379150e-01,1.089446783065795898e+00
8.864102363586425781e-01,-9.759689569473266602e-01
1.236509919166564941e+00,-3.708111494779586792e-02
-1.545090377330780029e-01,1.471320986747741699e+00
-1.197098016738891602e+00,1.157403945922851562e+00
-1.328814625740051270e+00,-1.144405454397201538e-02
-9.355546832084655762e-01,1.179123640060424805e+00
9.968936443328857422e-01,-9.827049970626831055e-01
-3.433824703097343445e-02,-1.437501192092895508e+00
-8.952648639678955078e-01,1.168491482734680176e+00
-1.004565715789794922e+00,-1.013862013816833496e+00
-8.853378891944885254e-01,-9.486094713211059570e-01
1.277877211570739746e+00,-5.364356189966201782e-02
-1.329238712787628174e-01,-1.363785147666931152e+00
-1.398446440696716309e+00,-1.096723228693008423e-02
8.732736110687255859e-01,-9.878673553466796875e-01
9.240801930427551270e-01,8.869848847389221191e-01
1.305587649345397949e+00,-4.560603946447372437e-02
1.081802964210510254e+00,1.027450561523437500e+00
9.210422635078430176e-01,9.953293800354003906e-01
9.359095096588134766e-01,-8.446223735809326172e-01
-1.060077071189880371e+00,-9.659500122070312500e-01
9.942954778671264648e-01,1.149790883064270020e+00
-7.053646445274353027e-02,-1.388935804367065430e+00
9.693580865859985352e-01,9.031001329421997070e-01
-1.732840761542320251e-02,-1.358332514762878418e+00
1.335905194282531738e+00,5.039199441671371460e-02
-1.441519498825073242e+00,-3.296209871768951416e-02
-1.418142676353454590e+00,3.642421215772628784e-02
-1.125188469886779785e+00,1.046015143394470215e+00
-7.328078150749206543e-02,-1.302088022232055664e+00
-1.004450798034667969e+00,-1.008880972862243652e+00
-9.804111719131469727e-01,9.198911190032958984e-01
1.342963933944702148e+00,-1.411364078521728516e-01
4.277858883142471313e-03,-1.454959869384765625e+00
1.015666127204895020e+00,9.941018223762512207e-01
1.331661343574523926e-01,1.459137916564941406e+00
1.021849870681762695e+00,1.097235798835754395e+00
9.182326793670654297e-01,9.762651920318603516e-01
-1.162519678473472595e-02,1.323574542999267578e+00
-1.291366457939147949e+00,1.273349881172180176e+00
1.347523689270019531e+00,1.177195459604263306e-02
5.533381178975105286e-02,1.432888388633728027e+00
1.094914078712463379e+00,1.103480383753776550e-01
-1.265116780996322632e-01,1.270273685455322266e+00
9.324369430541992188e-01,-9.808647632598876953e-01
9.834750890731811523e-01,9.306259751319885254e-01
-6.364627182483673096e-02,1.434731483459472656e+00
-1.663256406784057617e+00,2.393645644187927246e-01
9.381561279296875000e-01,-1.092666625976562500e+00
-1.877594441175460815e-01,1.401701211929321289e+00
-3.125202283263206482e-02,-1.419549226760864258e+00
1.395150303840637207e+00,-3.099041432142257690e-02
1.279748082160949707e+00,5.714996904134750366e-02
1.492799639701843262e+00,-3.902978450059890747e-02
9.968450069427490234e-01,-1.030042648315429688e+00
-9.536740779876708984e-01,-9.450904130935668945e-01
5.488212779164314270e-02,-1.317177772521972656e+00
-9.705072641372680664e-01,-1.018031239509582520e+00
8.294083476066589355e-01,-9.587934017181396484e-01
-5.811848863959312439e-02,1.425367355346679688e+00
-1.260254532098770142e-01,1.512519598007202148e+00
1.430719494819641113e+00,-6.643732637166976929e-02
-1.162571191787719727e+00,4.548401236534118652e-01
9.923487901687622070e-01,9.942067861557006836e-01
-2.520854771137237549e-01,1.438846349716186523e+00
1.161726832389831543e+00,5.869601964950561523e-01
-1.510886192321777344e+00,2.214997112751007080e-01
-2.628194093704223633e-01,-1.439233303070068359e+00
-1.095370411872863770e+00,1.128925085067749023e+00
1.134553551673889160e-01,1.428159117698669434e+00
-5.743130668997764587e-02,-1.515867114067077637e+00
-1.396641850471496582e+00,-7.949031889438629150e-03
-9.759681224822998047e-01,2.653994858264923096e-01
-1.417724251747131348e+00,-7.381103932857513428e-03
-1.037272453308105469e+00,-1.057508707046508789e+00
-1.199984997510910034e-01,-1.383493185043334961e+00
-1.018393188714981079e-01,1.402517318725585938e+00
9.427269697189331055e-01,1.031608819961547852e+00
-1.425523996353149414e+00,-2.422484010457992554e-02
-1.284332513809204102e+00,7.795489579439163208e-02
1.242615699768066406e+00,4.497506469488143921e-02
8.459165096282958984e-01,-9.841419458389282227e-01
-1.406060934066772461e+00,-2.292060106992721558e-02
-1.065169930458068848e+00,1.029891729354858398e+00
-7.106897234916687012e-02,1.404093623161315918e+00
-1.254653632640838623e-01,1.520796060562133789e+00
-2.669268473982810974e-02,1.490983843803405762e+00
8.723214864730834961e-01,-9.739468097686767578e-01
9.969065189361572266e-01,1.050588965415954590e+00
1.259404182434082031e+00,-4.925820976495742798e-02
-1.046611815690994263e-01,-1.407056212425231934e+00
-1.404925435781478882e-01,-1.283988952636718750e+00
1.402751207351684570e+00,-2.533688396215438843e-02
-6.970740854740142822e-02,1.392829656600952148e+00
-1.009936451911926270e+00,-1.067464351654052734e+00
-1.629287242889404297e+00,1.659463942050933838e-01
1.346150755882263184e+00,-3.024654835462570190e-02
-9.504469037055969238e-01,-1.042692065238952637e+00
9.947397708892822266e-01,-9.962668418884277344e-01
7.093463093042373657e-03,-1.436900615692138672e+00
1.021247982978820801e+00,1.065955162048339844e+00
1.290245652198791504e+00,1.297546625137329102e-01
-7.877860069274902344e-01,-1.111340284347534180e+00
-9.180858731269836426e-02,-1.369973897933959961e+00
7.752299308776855469e-02,1.370387077331542969e+00
-1.691502332687377930e-01,-1.567899227142333984e+00
1.168081521987915039e+00,7.207889556884765625e-01
1.147553801536560059e+00,2.427421510219573975e-03
-1.197604775428771973e+00,-1.000569581985473633e+00
9.970953464508056641e-01,8.742019534111022949e-01
1.376176238059997559e+00,-1.298873126506805420e-01
1.373416781425476074e+00,-1.483298242092132568e-01
1.381528019905090332e+00,-6.636358052492141724e-02
-1.464998349547386169e-02,-1.458221793174743652e+00
1.478108763694763184e+00,3.686999529600143433e-02
2.739105224609375000e-01,1.298233509063720703e+00
-4.631897434592247009e-02,-1.343587398529052734e+00
8.560802042484283447e-02,1.473110198974609375e+00
-1.008261084556579590e+00,1.052466511726379395e+00
-1.984890550374984741e-03,-1.421208620071411133e+00
-1.011078953742980957e+00,9.740480780601501465e-01
-1.234207630157470703e+00,1.350099563598632812e+00
1.009156584739685059e+00,-1.026628732681274414e+00
-6.607495248317718506e-02,-1.339358091354370117e+00
-1.069223761558532715e+00,1.075100660324096680e+00
9.227133393287658691e-01,-1.138153791427612305e+00
-1.038497686386108398e-01,1.443841576576232910e+00
-1.551977515220642090e+00,1.861824095249176025e-01
-1.161386370658874512e+00,9.095447063446044922e-01
-1.289099082350730896e-02,1.516345500946044922e+00
1.054292201995849609e+00,9.715483188629150391e-01
2.867749705910682678e-02,-1.256433963775634766e+00
1.364095568656921387e+00,-1.320195943117141724e-02
1.002515435218811035e+00,8.755152225494384766e-01
1.411019802093505859e+00,-3.294647485017776489e-02
1.371398448944091797e+00,4.202000796794891357e-03
2.273047268390655518e-01,-1.352419972419738770e+00
1.364912152290344238e+00,-2.902352064847946167e-02
-9.293070435523986816e-02,-1.384409070014953613e+00
-1.400689840316772461e+00,2.247643768787384033e-01
-1.022987961769104004e+00,9.962862730026245117e-01
-1.444543480873107910e+00,-1.738283634185791016e-01
-9.839802980422973633e-01,-1.064894795417785645e+00
-1.159982919692993164e+00,-1.011908292770385742e+00
1.362347960472106934e+00,-3.207094222307205200e-02
-1.548372149467468262e+00,-6.589419394731521606e-02
-1.109599709510803223e+00,1.059319376945495605e+00
1.010940074920654297e+00,-9.109517931938171387e-01
-2.171874344348907471e-01,1.386213779449462891e+00
-1.503992795944213867e+00,-1.245517283678054810e-02
-7.713841199874877930e-01,7.537900805473327637e-01
-3.550885245203971863e-02,1.519556760787963867e+00
8.224415779113769531e-01,-9.770225286483764648e-01
-8.188990354537963867e-01,-1.111231088638305664e+00
8.677476644515991211e-02,1.367157697677612305e+00
-1.222845196723937988e+00,1.377175092697143555e+00
-3.884274885058403015e-02,1.360206365585327148e+00
-1.064004659652709961e+00,9.543688893318176270e-01
-1.270900487899780273e+00,1.129002094268798828e+00
-1.172023177146911621e+00,1.444686532020568848e+00
8.324637413024902344e-01,-1.052194595336914062e+00
-8.820310831069946289e-01,1.079752922058105469e+00
1.090834259986877441e+00,9.466842412948608398e-01
1.046460032463073730e+00,1.001579165458679199e+00
-1.193170189857482910e+00,-8.179658651351928711e-01
-2.180536091327667236e-01,1.343875885009765625e+00
-1.413665294647216797e+00,9.479189664125442505e-02
8.918279409408569336e-01,-1.024178981781005859e+00
-9.609251022338867188e-01,1.122670412063598633e+00
1.055432081222534180e+00,1.016548395156860352e+00
-9.303532242774963379e-01,-1.002004623413085938e+00
9.640060663223266602e-01,-9.361294507980346680e-01
9.276474714279174805e-01,-1.060258984565734863e+00
-1.509484410285949707e+00,7.771209627389907837e-02
-9.846655130386352539e-01,-1.025084972381591797e+00
-4.554259404540061951e-02,-1.335506677627563477e+00
-1.040133386850357056e-01,-1.259329915046691895e+00
-9.902010560035705566e-01,1.147857427597045898e+00
1.003418803215026855e+00,-9.851377010345458984e-01
1.247123599052429199e+00,1.097394600510597229e-01
-1.250872969627380371e+00,1.105617508292198181e-01
-7.127784192562103271e-02,-1.453686952590942383e+00
8.662028908729553223e-01,9.547760486602783203e-01
1.186629831790924072e-01,1.392550468444824219e+00
-1.554812073707580566e+00,-4.665203392505645752e-03
-1.567580103874206543e+00,1.121785491704940796e-02
-1.261073946952819824e-01,-1.303231120109558105e+00
-1.071927666664123535e+00,1.096909165382385254e+00
9.927870035171508789e-01,-1.119166612625122070e+00
3.434219062328338623e-01,-1.340567231178283691e+00
-1.476939082145690918e+00,-2.881848067045211792e-02
8.006029129028320312e-01,-9.989360570907592773e-01
-1.448447257280349731e-01,-1.430214881896972656e+00
-1.045857071876525879e+00,-9.988451004028320312e-01
-1.140173912048339844e+00,-7.246122360229492188e-01
1.010847449302673340e+00,-8.951588869094848633e-01
-1.408434033393859863e+00,3.352581709623336792e-02
-1.058387517929077148e+00,9.288177490234375000e-01
-1.193655848503112793e+00,1.177558898925781250e+00
-1.034190297126770020e+00,-1.035605192184448242e+00
1.269310355186462402e+00,-4.092080593109130859e-01
-4.482342302799224854e-01,1.416746377944946289e+00
-1.523949265480041504e+00,4.284536540508270264e-01
9.245387315750122070e-01,-8.951398730278015137e-01
1.604473963379859924e-02,1.381307125091552734e+00
-1.471731543540954590e+00,7.887376099824905396e-02
-1.082242131233215332e+00,9.404572248458862305e-01
8.148317337036132812e-01,1.041500210762023926e+00
-9.144055843353271484e-02,1.527155876159667969e+00
-9.979847669601440430e-01,9.421434402465820312e-01
-1.541171669960021973e+00,2.665303647518157959e-01
9.783173799514770508e-01,-9.818444252014160156e-01
-1.012867331504821777e+00,8.666591644287109375e-01
1.366278290748596191e+00,5.504921823740005493e-02
3.099351003766059875e-02,1.554242849349975586e+00
-1.624200224876403809e+00,6.191266179084777832e-01
8.530291318893432617e-01,-9.404563903808593750e-01
-1.057280421257019043e+00,9.364014267921447754e-01
-1.076085925102233887e+00,1.257285833358764648e+00
-4.447044059634208679e-02,1.539563894271850586e+00
-1.382587552070617676e+00,1.223354101181030273e+00
8.143918514251708984e-01,-1.034523963928222656e+00
-4.063295945525169373e-02,1.413027286529541016e+00
-1.077773213386535645e+00,1.182946801185607910e+00
-4.259341582655906677e-02,-1.345444083213806152e+00
-9.788273572921752930e-01,1.184401512145996094e+00
-1.264149069786071777e+00,1.316613912582397461e+00
-1.092761278152465820e+00,9.435127973556518555e-01
-4.011344164609909058e-03,-1.352312088012695312e+00
8.537594079971313477e-01,-1.062024354934692383e+00
8.580648899078369141e-01,9.494713544845581055e-01
-1.328031867742538452e-01,1.209357142448425293e+00
-9.117180705070495605e-01,-8.908945322036743164e-01
-9.376893043518066406e-01,-9.856293201446533203e-01
-1.555105090141296387e+00,5.851171910762786865e-03
-9.835677146911621094e-01,1.218218564987182617e+00
8.508105278015136719e-01,1.062407612800598145e+00
-1.340286970138549805e+00,6.335584074258804321e-02
-8.260261267423629761e-03,-1.379366636276245117e+00
-1.522900700569152832e+00,1.276494264602661133e-01
9.015258550643920898e-01,1.094975590705871582e+00
8.649844676256179810e-03,1.545962333679199219e+00
9.653239250183105469e-01,-9.716655015945434570e-01
-6.785970926284790039e-02,-1.273926615715026855e+00
-1.096055507659912109e+00,-1.018544435501098633e+00
-1.530214995145797729e-01,-1.336515069007873535e+00
1.322805762290954590e+00,5.744012445211410522e-02
1.251984715461730957e+00,1.243647187948226929e-02
-5.707564577460289001e-02,1.386586189270019531e+00
-8.069221675395965576e-02,-1.342669486999511719e+00
1.404502630233764648e+00,-4.086121916770935059e-04
7.303892076015472412e-02,1.553323745727539062e+00
1.291039586067199707e-01,1.551746845245361328e+00
9.038583040237426758e-01,9.425264596939086914e-01
1.284104943275451660e+00,1.766472160816192627e-01
-1.421369194984436035e+00,-2.550917118787765503e-02
1.409246087074279785e+00,3.230572491884231567e-02
1.345235466957092285e+00,-1.019375398755073547e-01
1.161380767822265625e+00,6.227523088455200195e-01
-3.938513621687889099e-02,1.328877687454223633e+00
-3.402493521571159363e-02,1.504728674888610840e+00
9.976478815078735352e-01,-1.023918986320495605e+00
-1.040937662124633789e+00,-8.974192142486572266e-01
-1.124082565307617188e+00,-3.933247327804565430e-01
-1.460787951946258545e-01,1.521814823150634766e+00
1.276197284460067749e-01,1.428722977638244629e+00
1.302535295486450195e+00,3.040943294763565063e-02
1.372617840766906738e+00,-1.013166382908821106e-01
-8.540116250514984131e-02,-1.520060181617736816e+00
-9.856498837471008301e-01,-9.389106035232543945e-01
-6.973944604396820068e-02,1.643221378326416016e+00
1.476351618766784668e-01,1.481956720352172852e+00
1.672408580780029297e-01,1.465957164764404297e+00
-1.309086561203002930e+00,-1.049665361642837524e-02
1.403453946113586426e+00,1.346868276596069336e-01
-8.693331480026245117e-01,7.948911190032958984e-01
-1.006058335304260254e+00,-1.059046506881713867e+00
-1.320297837257385254e+00,-5.429799854755401611e-02
1.377331376075744629e+00,-5.156067758798599243e-02
9.970529079437255859e-01,1.080370903015136719e+00
8.230570554733276367e-01,9.811530709266662598e-01
1.244473338127136230e+00,-2.027653455734252930e-01
-1.118945479393005371e+00,1.011595845222473145e+00
1.011866927146911621e+00,-9.915736913681030273e-01
1.268815994262695312e+00,1.403042972087860107e-01
1.007599234580993652e+00,-8.868413567543029785e-01
-9.729926586151123047e-01,-1.036644697189331055e+00
2.971324697136878967e-02,1.451405763626098633e+00
-6.445357203483581543e-01,1.257407069206237793e+00
-2.803401276469230652e-02,-1.396529078483581543e+00
2.682020142674446106e-02,1.477368474006652832e+00
1.355625510215759277e+00,-4.157767444849014282e-02
1.387238621711730957e+00,2.904785424470901489e-02
2.872696891427040100e-02,1.437298059463500977e+00
9.348653554916381836e-01,1.060025453567504883e+00
9.264680743217468262e-02,1.384578227996826172e+00
9.851412773132324219e-01,1.128966331481933594e+00
1.005567908287048340e-01,1.498083233833312988e+00
-1.137559056282043457e+00,9.619147777557373047e-01
-1.391415357589721680e+00,2.441706955432891846e-01
-1.034258246421813965e+00,1.060272455215454102e+00
1.275203108787536621e+00,1.435796171426773071e-02
-1.295659899711608887e+00,4.828471541404724121e-01
-9.027271866798400879e-01,9.789674282073974609e-01
-1.515784859657287598e+00,5.132264643907546997e-02
1.044516563415527344e+00,9.705586433410644531e-01
1.450119376182556152e+00,1.162419542670249939e-01
-1.541208386421203613e+00,1.548775434494018555e+00
1.111921668052673340e-01,1.508167505264282227e+00
-8.583421707153320312e-01,9.189363718032836914e-01
1.067587137222290039e+00,-1.086057782173156738e+00
1.018189311027526855e+00,1.086465358734130859e+00
-1.379271745681762695e+00,7.947816699743270874e-02
-1.488151669502258301e+00,4.090503603219985962e-02
1.286512017250061035e+00,-6.921144574880599976e-02
-2.166276127099990845e-01,-1.378545522689819336e+00
-1.055417180061340332e+00,-9.924767017364501953e-01
1.416060090065002441e+00,1.484247297048568726e-02
-2.675938904285430908e-01,1.452504992485046387e+00
-1.630994558334350586e+00,-3.519015759229660034e-02
8.928002119064331055e-01,-1.157109737396240234e+00
5.179116502404212952e-02,1.365946173667907715e+00
-9.793701767921447754e-01,1.093766450881958008e+00
-1.579795330762863159e-01,1.476436853408813477e+00
1.131972312927246094e+00,-5.082580447196960449e-01
-1.470882177352905273e+00,1.394571363925933838e-01
1.366043925285339355e+00,6.284691393375396729e-03
1.392857670783996582e+00,1.539445817470550537e-01
-9.789819717407226562e-01,-9.822630882263183594e-01
-9.412398338317871094e-01,-9.497021436691284180e-01
8.839925527572631836e-01,9.693056344985961914e-01
9.446421861648559570e-01,-9.279924631118774414e-01
-9.861287474632263184e-01,1.171371221542358398e+00
1.350102543830871582e+00,-1.178291067481040955e-01
-8.385557532310485840e-01,-1.019390344619750977e+00
1.430283546447753906e+00,3.180090337991714478e-02
-1.661494731903076172e+00,1.959351450204849243e-02
-8.813357353210449219e-01,8.794761300086975098e-01
8.806511759757995605e-01,-1.027087211608886719e+00
-9.342394769191741943e-04,-1.410670757293701172e+00
-1.374171376228332520e+00,-1.396875977516174316e-01
1.020909786224365234e+00,-8.249521255493164062e-01
-1.104374408721923828e+00,1.069832086563110352e+00
9.800336360931396484e-01,-8.107538223266601562e-01
-1.299046874046325684e+00,7.449824362993240356e-02
-1.253249168395996094e+00,-7.323477268218994141e-01
-5.086204037070274353e-02,-1.345628261566162109e+00
-9.740810394287109375e-01,-9.579982757568359375e-01
-9.805448055267333984e-01,9.874922633171081543e-01
1.140756130218505859e+00,1.127530813217163086e+00
-2.436908781528472900e-01,1.484599590301513672e+00
9.460452795028686523e-01,-1.190156102180480957e+00
1.369580507278442383e+00,-3.470333665609359741e-02
-1.282146722078323364e-01,-1.355827927589416504e+00
1.097183823585510254e+00,9.239082932472229004e-01
-1.272687077522277832e+00,1.108842849731445312e+00
-9.233361482620239258e-01,1.305391907691955566e+00
9.966093301773071289e-01,-1.186522483825683594e+00
9.608038663864135742e-01,-1.042981147766113281e+00
9.293434023857116699e-01,9.397892951965332031e-01
1.067949891090393066e+00,9.648351669311523438e-01
-9.295762777328491211e-01,1.178579211235046387e+00
-9.465722441673278809e-01,1.139652132987976074e+00
-1.015699744224548340e+00,1.053618907928466797e+00
-1.000429987907409668e+00,-9.434403777122497559e-01
-1.297571778297424316e+00,9.726173430681228638e-02
-1.605212390422821045e-01,-1.471690416336059570e+00
1.408937811851501465e+00,-4.021771252155303955e-03
-1.208362340927124023e+00,4.764333069324493408e-01
1.012354373931884766e+00,-8.570097684860229492e-01
9.440731406211853027e-01,-9.210401177406311035e-01
-1.056574463844299316e+00,1.083934187889099121e+00
1.301353573799133301e+00,4.797355085611343384e-02
-2.346494421362876892e-02,1.405213713645935059e+00
7.926067113876342773e-01,-1.085294961929321289e+00
9.224558472633361816e-01,-9.261708259582519531e-01
-1.030333280563354492e+00,7.427877783775329590e-01
9.733043909072875977e-01,9.942696094512939453e-01
-1.029484868049621582e+00,-1.024369478225708008e+00
1.125306636095046997e-01,1.445116639137268066e+00
1.354206204414367676e+00,4.072871059179306030e-02
-1.088651537895202637e+00,1.027328610420227051e+00
7.766728401184082031e-01,-1.053507208824157715e+00
9.411589503288269043e-01,9.303636550903320312e-01
-9.508165717124938965e-01,1.094733834266662598e+00
1.336114287376403809e+00,3.278796970844268799e-01
-1.213281005620956421e-01,-1.336459398269653320e+00
-4.710236191749572754e-01,-1.282490611076354980e+00
-1.046526908874511719e+00,-8.925679922103881836e-01
9.421108961105346680e-01,9.197641015052795410e-01
1.296840190887451172e+00,-1.621653437614440918e-01
9.786375761032104492e-01,-1.024065494537353516e+00
8.961122035980224609e-01,-9.499220848083496094e-01
1.224027872085571289e+00,7.027819007635116577e-02
-1.653176784515380859e+00,1.218048110604286194e-01
1.007284760475158691e+00,-8.279186487197875977e-01
-1.032440900802612305e+00,1.106219649314880371e+00
-9.829598069190979004e-01,1.251297354698181152e+00
-9.363393783569335938e-01,-1.014120578765869141e+00
-4.457220733165740967e-01,1.563938498497009277e+00
-1.036826372146606445e+00,1.109013557434082031e+00
-1.032834887504577637e+00,-1.085818171501159668e+00
1.071707248687744141e+00,1.054354429244995117e+00
-8.587464094161987305e-01,9.326823353767395020e-01
1.233024477958679199e+00,2.520167827606201172e-01
-8.795040845870971680e-02,1.372447013854980469e+00
-1.288362026214599609e+00,1.336264133453369141e+00
-7.175032794475555420e-02,-1.485500812530517578e+00
-1.203846037387847900e-01,-1.375235080718994141e+00
7.761931419372558594e-02,-1.293311595916748047e+00
-2.056638523936271667e-02,1.304264903068542480e+00
-1.225539743900299072e-01,1.482755899429321289e+00
-7.682316303253173828e-01,1.090929985046386719e+00
4.423681274056434631e-02,-1.289117097854614258e+00
-4.246668145060539246e-02,-1.458690285682678223e+00
9.460394382476806641e-01,1.043788790702819824e+00
9.525839090347290039e-01,-1.135915040969848633e+00
-9.919059276580810547e-02,-1.337295293807983398e+00
6.474756002426147461e-01,-1.195646762847900391e+00
9.806345701217651367e-01,1.125284314155578613e+00
1.204210892319679260e-02,1.405321717262268066e+00
-1.069696307182312012e+00,-1.031424045562744141e+00
1.169964075088500977e-01,1.463117003440856934e+00
-9.636075496673583984e-01,-1.045915126800537109e+00
1.308271527290344238e+00,1.354434490203857422e-01
-1.117031216621398926e+00,-1.004084706306457520e+00
8.457998037338256836e-01,-9.083724021911621094e-01
-9.123188257217407227e-01,1.160700201988220215e+00
2.294991165399551392e-03,-1.285891294479370117e+00
1.160566329956054688e+00,-7.769100069999694824e-01
1.375403046607971191e+00,-1.368710696697235107e-01
1.060203909873962402e+00,9.149512052536010742e-01
6.355017423629760742e-02,1.365338444709777832e+00
3.164926543831825256e-02,1.332549095153808594e+00
8.887755274772644043e-01,-9.478056430816650391e-01
1.392600417137145996e+00,-7.511017471551895142e-02
-5.186801776289939880e-02,-1.385414600372314453e+00
-1.040953516960144043e+00,-9.783960580825805664e-01
-1.116099596023559570e+00,1.081837534904479980e+00
-1.395254015922546387e+00,-1.090014949440956116e-01
-1.306360721588134766e+00,1.322354972362518311e-01
-9.252516031265258789e-01,-8.971283435821533203e-01
9.213209152221679688e-01,-1.004993915557861328e+00
-9.242181777954101562e-01,9.843608140945434570e-01
8.902357220649719238e-01,9.645457863807678223e-01
-8.154527842998504639e-02,1.336702227592468262e+00
5.668226256966590881e-02,1.563271760940551758e+00
-1.408747315406799316e+00,2.508039027452468872e-02
-1.023404836654663086e+00,1.056675672531127930e+00
-9.803019165992736816e-01,1.090095758438110352e+00
1.007532238960266113e+00,1.090763092041015625e+00
-1.113484263420104980e+00,1.239889621734619141e+00
-1.043031930923461914e+00,1.167456626892089844e+00
-1.004248380661010742e+00,8.115878701210021973e-01
8.728078007698059082e-01,8.112550973892211914e-01
-8.819574117660522461e-01,8.750462532043457031e-01
-1.090839982032775879e+00,9.411644339561462402e-01
9.148476123809814453e-01,-1.077584743499755859e+00
1.108430922031402588e-01,1.241092562675476074e+00
-1.235803723335266113e+00,4.561819881200790405e-02
9.049137830734252930e-01,8.939776420593261719e-01
1.218645334243774414e+00,-2.304380387067794800e-02
-1.094112396240234375e-01,-1.260671257972717285e+00
-1.091038823127746582e+00,-9.136281013488769531e-01
1.372657895088195801e+00,4.263398796319961548e-02
2.058895304799079895e-02,-1.399870634078979492e+00
1.207217335700988770e+00,-3.526009619235992432e-03
-8.701646327972412109e-01,1.023177146911621094e+00
1.010309219360351562e+00,-1.072078347206115723e+00
-1.024608492851257324e+00,-9.785044193267822266e-01
-1.716102510690689087e-01,-1.525159358978271484e+00
-1.281434535980224609e+00,-5.897171795368194580e-03
2.830834388732910156e-01,-1.316453695297241211e+00
4.956678152084350586e-01,-1.183224797248840332e+00
-1.396503090858459473e+00,-1.869104057550430298e-02
9.180847406387329102e-01,9.965478777885437012e-01
1.446243524551391602e+00,-2.340795844793319702e-02
-1.042398333549499512e+00,-9.865043163299560547e-01
-9.399382472038269043e-01,-1.079046845436096191e+00
1.002003312110900879e+00,9.164769649505615234e-01
-9.832447767257690430e-01,-1.077727913856506348e+00
1.100081950426101685e-01,-1.339705705642700195e+00
1.789684966206550598e-02,1.385393500328063965e+00
-1.453097462654113770e+00,1.035344228148460388e-01
-2.263966500759124756e-01,1.659736514091491699e+00
-1.364010572433471680e-01,-1.385133266448974609e+00
5.982359126210212708e-02,1.560357570648193359e+00
-1.282092452049255371e+00,6.303194910287857056e-02
-9.998480081558227539e-01,1.219516634941101074e+00
-9.533274173736572266e-01,1.209992408752441406e+00
-1.349301338195800781e+00,-3.095134347677230835e-02
-8.189026117324829102e-01,9.580310583114624023e-01
1.407474279403686523e+00,-7.828063517808914185e-02
-5.947779864072799683e-03,-1.234725475311279297e+00
-8.911907672882080078e-02,1.467469215393066406e+00
-1.177308440208435059e+00,-8.687697350978851318e-03
-5.244864150881767273e-02,-1.396633267402648926e+00
-1.047857403755187988e+00,1.024245142936706543e+00
-1.951358839869499207e-02,-1.384850502014160156e+00
-1.377583384513854980e+00,-4.921997338533401489e-02
-9.185100197792053223e-01,-1.026280999183654785e+00
1.416191935539245605e+00,-8.128791302442550659e-02
1.304219365119934082e+00,1.144048646092414856e-01
-4.959708079695701599e-02,-1.341685295104980469e+00
-1.333373665809631348e+00,1.169731393456459045e-01
-5.000900477170944214e-03,-1.427679061889648438e+00
-5.152622461318969727e-01,1.098201513290405273e+00
-1.723272204399108887e-01,-1.458651304244995117e+00
1.304726123809814453e+00,7.883087545633316040e-02
-1.031727433204650879e+00,-1.137465596199035645e+00
-1.056813120841979980e+00,-8.648894429206848145e-01
-1.196433156728744507e-01,-1.456148386001586914e+00
1.368015885353088379e+00,3.905566781759262085e-02
-1.194464087486267090e+00,1.156270146369934082e+00
7.021329402923583984e-01,1.179713487625122070e+00
-3.230159282684326172e-01,-1.418134450912475586e+00
-9.590397775173187256e-02,1.254500150680541992e+00
2.186047434806823730e-01,1.369448781013488770e+00
9.933897256851196289e-01,9.476007223129272461e-01
-1.010482311248779297e-01,-1.445799589157104492e+00
-1.287169158458709717e-01,1.302516698837280273e+00
1.024228215217590332e+00,9.029636383056640625e-01
-1.038663268089294434e+00,-1.069621920585632324e+00
1.021102428436279297e+00,9.556517601013183594e-01
2.436267212033271790e-02,1.630762815475463867e+00
-9.600811004638671875e-01,1.070699334144592285e+00
-1.049963831901550293e-01,1.234961152076721191e+00
1.349871993064880371e+00,-1.546371877193450928e-01
1.416368365287780762e+00,-5.803800374269485474e-02
-9.203459024429321289e-01,-9.012643098831176758e-01
-9.830442667007446289e-01,-9.738757610321044922e-01
-1.154809743165969849e-01,-1.392051935195922852e+00
8.993633985519409180e-01,1.076243162155151367e+00
1.185264468193054199e+00,6.104636192321777344e-01
-9.612314105033874512e-01,9.068271517753601074e-01
-1.123431622982025146e-01,-1.368946552276611328e+00
9.161372184753417969e-01,-9.371750354766845703e-01
-5.850514397025108337e-02,-1.421389579772949219e+00
-1.029041290283203125e+00,9.894902110099792480e-01
1.031626462936401367e+00,1.127967953681945801e+00
-6.034459918737411499e-03,-1.269664883613586426e+00
-9.328430294990539551e-01,1.047918200492858887e+00
-1.052612662315368652e+00,-9.909603595733642578e-01
9.604274034500122070e-01,1.004370689392089844e+00
-9.467664957046508789e-01,-9.634432792663574219e-01
-7.331694662570953369e-02,-1.362496256828308105e+00
-9.031600356101989746e-01,8.057724833488464355e-01
-1.021123409271240234e+00,-9.501310586929321289e-01
9.304895997047424316e-01,-1.034954905509948730e+00
9.366738200187683105e-01,9.850538969039916992e-01
1.031154766678810120e-02,1.541216492652893066e+00
1.016924023628234863e+00,-9.860401153564453125e-01
9.646865129470825195e-01,-1.094761967658996582e+00
1.436764836311340332e+00,8.094707876443862915e-02
6.442068517208099365e-02,1.418525099754333496e+00
-1.076069474220275879e+00,1.035248756408691406e+00
-1.441275238990783691e+00,-1.829146444797515869e-01
-3.863210678100585938e-01,-1.361391782760620117e+00
-1.010945200920104980e+00,1.065587401390075684e+00
-3.347093462944030762e-01,1.635922193527221680e+00
8.498631119728088379e-01,9.773346185684204102e-01
-7.904205322265625000e-01,-1.248601078987121582e+00
5.640704631805419922e-01,1.192514300346374512e+00
-1.135368227958679199e+00,1.403582096099853516e-02
1.308892130851745605e+00,-1.990383267402648926e-01
-1.213083565235137939e-01,1.706338763236999512e+00
-1.137595057487487793e+00,4.977621138095855713e-03
9.256480336189270020e-01,-9.165149331092834473e-01
1.077423095703125000e+00,1.080675363540649414e+00
8.284758925437927246e-01,-9.800230264663696289e-01
-1.386434137821197510e-01,-1.356953024864196777e+00
-1.231787323951721191e+00,3.303871303796768188e-02
9.048568606376647949e-01,-1.031894564628601074e+00
9.337368011474609375e-01,-8.525553941726684570e-01
-1.155856370925903320e+00,1.237574934959411621e+00
9.823006391525268555e-01,-8.081632256507873535e-01
8.310639858245849609e-01,-9.227453470230102539e-01
-7.186470925807952881e-02,-1.405868530273437500e+00
1.023301005363464355e+00,1.034439802169799805e+00
-1.423731446266174316e+00,7.820677757263183594e-01
-1.082494258880615234e+00,1.064334273338317871e+00
-7.563878595829010010e-02,-1.466376066207885742e+00
7.155969142913818359e-01,-1.241054177284240723e+00
-1.067197442054748535e+00,-1.069974660873413086e+00
-1.002725124359130859e+00,-9.724483489990234375e-01
6.783546209335327148e-01,1.147091507911682129e+00
1.323986411094665527e+00,-7.886074483394622803e-03
9.334790706634521484e-01,-1.016578435897827148e+00
1.457369476556777954e-01,1.409980773925781250e+00
1.326579093933105469e+00,2.473522424697875977e-01
9.728660583496093750e-01,9.933691024780273438e-01
-1.133006811141967773e+00,1.021170496940612793e+00
1.011068940162658691e+00,1.015624046325683594e+00
-9.414767622947692871e-01,1.075196027755737305e+00
1.319888234138488770e+00,-1.438970863819122314e-01
-6.336262822151184082e-02,-1.354064226150512695e+00
-1.154982000589370728e-01,-1.378446340560913086e+00
1.032287478446960449e-01,-1.403684973716735840e+00
9.415011405944824219e-01,1.006894350051879883e+00
-1.822612807154655457e-02,1.506018757820129395e+00
-1.045598745346069336e+00,-1.017289876937866211e+00
1.402847051620483398e+00,-1.150351986289024353e-01
1.371866941452026367e+00,5.319414287805557251e-02
1.102317333221435547e+00,1.030704855918884277e+00
8.960265517234802246e-01,1.064731955528259277e+00
5.060798302292823792e-02,-1.337623357772827148e+00
-1.631926298141479492e+00,5.616115331649780273e-01
-1.233356237411499023e+00,-1.420299708843231201e-02
8.113127946853637695e-02,-1.429191708564758301e+00
8.549906015396118164e-01,8.249787092208862305e-01
9.042383432388305664e-01,-1.007424235343933105e+00
-1.312560677528381348e+00,1.521719992160797119e-01
-1.062251448631286621e+00,-1.064417600631713867e+00
6.195514276623725891e-02,1.427254438400268555e+00
-1.419788226485252380e-02,1.622709393501281738e+00
-1.053426742553710938e+00,1.041538357734680176e+00
1.373161196708679199e+00,-1.147838681936264038e-02
1.413906455039978027e+00,5.674245208501815796e-02
8.510609865188598633e-01,-9.301018118858337402e-01
1.264383941888809204e-01,1.341473817825317383e+00
5.179765820503234863e-01,1.187164306640625000e+00
8.798103332519531250e-01,1.098377704620361328e+00
9.805908203125000000e-01,-1.079906940460205078e+00
-8.163799047470092773e-01,1.126593232154846191e+00
-2.054212614893913269e-02,1.627428054809570312e+00
1.320229887962341309e+00,8.496164530515670776e-02
-1.422639012336730957e+00,-1.190196722745895386e-02
-7.887737751007080078e-01,-1.168203234672546387e+00
8.262146711349487305e-01,-1.008029222488403320e+00
-1.824217662215232849e-02,-1.328242659568786621e+00
9.164944887161254883e-01,-1.055589199066162109e+00
3.580338135361671448e-02,-1.442356586456298828e+00
9.960619211196899414e-01,-8.906342983245849609e-01
-1.512630432844161987e-01,-1.333311915397644043e+00
-1.241148114204406738e+00,1.201121807098388672e+00
2.507603764533996582e-01,-1.298677682876586914e+00
1.358382105827331543e+00,4.944270104169845581e-02
-4.016360267996788025e-02,-1.351517915725708008e+00
4.656301140785217285e-01,-1.198802947998046875e+00
-1.385455489158630371e+00,-2.397972345352172852e-02
-1.199032425880432129e+00,1.168132305145263672e+00
-3.470405563712120056e-02,1.309447765350341797e+00
-1.291900277137756348e-01,-1.364422202110290527e+00
1.468470573425292969e+00,8.315526694059371948e-02
-1.259338140487670898e+00,2.850081771612167358e-02
-1.217415094375610352e+00,2.163031399250030518e-01
-1.273783802986145020e+00,1.221958994865417480e+00
-1.044632792472839355e+00,1.309292912483215332e+00
-1.069003343582153320e+00,1.005234479904174805e+00
-1.044974565505981445e+00,1.266869783401489258e+00
9.392248392105102539e-01,-9.656200408935546875e-01
-9.800532460212707520e-01,1.149202585220336914e+00
9.033375978469848633e-01,-1.078373432159423828e+00
9.229816794395446777e-01,-1.056080460548400879e+00
1.382889866828918457e+00,2.255939692258834839e-02
1.339006066322326660e+00,6.690879911184310913e-02
-1.052597165107727051e+00,9.076137542724609375e-01
1.005940556526184082e+00,-1.074328541755676270e+00
9.239769577980041504e-01,-1.077800154685974121e+00
7.739406228065490723e-01,-8.749772906303405762e-01
1.262055158615112305e+00,7.069325447082519531e-01
-1.117337495088577271e-01,-1.469544529914855957e+00
8.049173951148986816e-01,-1.149343967437744141e+00
-1.894278228282928467e-01,-1.403939485549926758e+00
-1.015599489212036133e+00,-1.047321557998657227e+00
-1.343712925910949707e+00,-8.472838252782821655e-02
9.057909846305847168e-01,-1.023774504661560059e+00
-1.488257050514221191e-01,-1.364167928695678711e+00
-1.351263374090194702e-01,1.415097355842590332e+00
-8.593786954879760742e-01,1.094151973724365234e+00
-1.164034843444824219e+00,-8.882139325141906738e-01
1.006668657064437866e-01,1.544869661331176758e+00
-1.296295762062072754e+00,5.540985614061355591e-02
-4.110106453299522400e-02,-1.475760698318481445e+00
9.663652181625366211e-01,-1.058745861053466797e+00
-9.164406061172485352e-01,-1.048965930938720703e+00
9.228047132492065430e-01,-1.060927748680114746e+00
-8.995352983474731445e-01,1.007513403892517090e+00
-2.466080933809280396e-01,1.430321335792541504e+00
-8.262953162193298340e-02,-1.408495068550109863e+00
-1.329111576080322266e+00,6.710285693407058716e-02
-1.072713881731033325e-01,-1.378111839294433594e+00
1.061427235603332520e+00,1.035075306892395020e+00
-1.443430781364440918e+00,7.011274248361587524e-02
-9.772650003433227539e-01,-1.024922490119934082e+00
1.846975237131118774e-01,1.356618404388427734e+00
-1.452386260032653809e+00,-2.691073417663574219e-01
9.291542768478393555e-01,1.047470211982727051e+00
-1.054480314254760742e+00,1.226280689239501953e+00
1.327322483062744141e+00,-6.662211567163467407e-02
1.245240330696105957e+00,-1.475414037704467773e-01
-9.597287178039550781e-01,1.094148159027099609e+00
-6.655621528625488281e-02,1.496942996978759766e+00
-1.171086072921752930e+00,1.111207365989685059e+00
-1.509208083152770996e+00,4.428096860647201538e-02
8.534356951713562012e-01,-9.987531900405883789e-01
1.006842970848083496e+00,1.094310045242309570e+00
-1.037096977233886719e+00,1.047752737998962402e+00
1.230231046676635742e+00,-6.424385309219360352e-02
-1.259368538856506348e+00,1.398725748062133789e+00
-1.357631087303161621e+00,1.506807506084442139e-01
9.765440225601196289e-01,-1.006103038787841797e+00
9.773920774459838867e-01,1.056046843528747559e+00
1.007490038871765137e+00,8.950048685073852539e-01
9.850615262985229492e-01,-9.404547214508056641e-01
-1.395016789436340332e+00,1.397587656974792480e-01
-1.115451574325561523e+00,1.095972776412963867e+00
6.866540014743804932e-02,1.419552803039550781e+00
-1.376803517341613770e+00,-4.871978610754013062e-02
1.083460211753845215e+00,9.769368767738342285e-01
2.438709139823913574e-01,1.380733728408813477e+00
-4.360614344477653503e-02,-1.443788528442382812e+00
4.965913295745849609e-01,1.270378947257995605e+00
-1.507286071777343750e+00,1.957765817642211914e-01
1.031988978385925293e+00,9.760571718215942383e-01
-1.252931833267211914e+00,1.206699728965759277e+00
-1.000865936279296875e+00,1.081300616264343262e+00
1.319626927375793457e+00,-7.790468633174896240e-03
-1.198239445686340332e+00,-8.679325580596923828e-01
-9.743345975875854492e-01,1.467991173267364502e-01
-1.013149142265319824e+00,-9.970362186431884766e-01
-1.058370947837829590e+00,-8.882611393928527832e-01
1.079396486282348633e+00,9.440221786499023438e-01
-5.490117892622947693e-02,-1.442358255386352539e+00
-9.893437623977661133e-01,1.221534132957458496e+00
-1.435221433639526367e-01,-1.215686798095703125e+00
-1.357951760292053223e+00,2.050168067216873169e-02
-1.541095972061157227e+00,9.147860109806060791e-03
1.252003073692321777e+00,-1.527939140796661377e-01
9.233740568161010742e-01,8.991426229476928711e-01
8.162636160850524902e-01,9.912168979644775391e-01
-1.347927451133728027e+00,1.070942521095275879e+00
-1.482972621917724609e+00,-3.710021823644638062e-02
-1.406000256538391113e+00,1.340344905853271484e+00
-1.355722069740295410e+00,-6.473992019891738892e-02
-3.212891146540641785e-02,-1.426139354705810547e+00
-4.735663160681724548e-02,1.363955378532409668e+00
1.340012192726135254e+00,9.951557964086532593e-02
-1.216515898704528809e+00,1.248706936836242676e+00
1.477243065834045410e+00,9.283505380153656006e-03
-7.882322371006011963e-02,1.307586312294006348e+00
-1.199723407626152039e-02,-1.427565813064575195e+00
-1.028847455978393555e+00,-1.020796537399291992e+00
1.409922957420349121e+00,-3.882246464490890503e-02
-1.069817543029785156e+00,9.840090274810791016e-01
-1.220829844474792480e+00,-1.527487486600875854e-02
-1.622837901115417480e+00,1.022717118263244629e+00
8.869735002517700195e-01,9.589351415634155273e-01
-1.099934935569763184e+00,-9.035166501998901367e-01
-1.039565682411193848e+00,1.160241723060607910e+00
1.043470859527587891e+00,1.032184958457946777e+00
1.255418896675109863e+00,-9.603088349103927612e-02
9.609929323196411133e-01,8.708064556121826172e-01
1.442282080650329590e+00,1.316770613193511963e-01
-1.803571879863739014e-01,-1.438461422920227051e+00
-9.235622882843017578e-01,1.079205393791198730e+00
1.127686381340026855e+00,-6.013092398643493652e-02
-3.810710832476615906e-02,1.415140509605407715e+00
-1.467047095298767090e+00,2.820695191621780396e-02
1.219563484191894531e+00,6.579222530126571655e-02
1.390773773193359375e+00,-1.226174011826515198e-01
-7.027622312307357788e-03,1.576473355293273926e+00
-1.081154704093933105e+00,1.036616444587707520e+00
-1.300152391195297241e-03,1.369459629058837891e+00
-1.080685615539550781e+00,9.434346556663513184e-01
-9.475768804550170898e-01,9.551590085029602051e-01
-1.104695439338684082e+00,1.189186453819274902e+00
9.981762170791625977e-01,1.070029616355895996e+00
9.253998100757598877e-02,1.369811773300170898e+00
-8.997761011123657227e-01,9.583601355552673340e-01
-9.038465619087219238e-01,9.815309047698974609e-01
3.249213472008705139e-02,-1.435650348663330078e+00
-1.057690739631652832e+00,1.276519060134887695e+00
9.311110973358154297e-01,1.087125658988952637e+00
8.336278200149536133e-01,1.021782636642456055e+00
-1.398662805557250977e+00,9.034845978021621704e-02
6.274175643920898438e-01,1.136203646659851074e+00
-1.456702709197998047e+00,9.677283465862274170e-03
9.497960805892944336e-01,1.006737947463989258e+00
-1.532196640968322754e+00,-3.099320083856582642e-02
8.753267526626586914e-01,-1.019159674644470215e+00
1.312498807907104492e+00,8.967912942171096802e-02
-6.412966549396514893e-02,-1.403542041778564453e+00
1.261996030807495117e+00,5.595294386148452759e-02
9.573616981506347656e-01,-9.161638021469116211e-01
-1.501081347465515137e+00,-2.037199586629867554e-02
-1.003847241401672363e+00,1.024799704551696777e+00
1.427589654922485352e+00,1.645015478134155273e-01
-1.185572624206542969e+00,1.209779739379882812e+00
-1.025528073310852051e+00,9.740040302276611328e-01
1.339350342750549316e+00,2.186457067728042603e-02
-1.268815621733665466e-02,-1.378565430641174316e+00
1.022225499153137207e+00,9.803992509841918945e-01
-1.325506269931793213e-01,1.476354956626892090e+00
-4.814879223704338074e-02,1.433971643447875977e+00
-1.141907811164855957e+00,-9.797997474670410156e-01
9.076182842254638672e-01,-1.091613888740539551e+00
1.062777638435363770e-01,1.488003492355346680e+00
-4.443536326289176941e-02,-1.298066616058349609e+00
1.438328996300697327e-02,-1.477453112602233887e+00
-9.862806797027587891e-01,1.043922543525695801e+00
-1.233255490660667419e-02,-1.307690978050231934e+00
-1.018063902854919434e+00,1.037232518196105957e+00
-1.585808873176574707e+00,4.523723572492599487e-02
-1.157305955886840820e+00,-1.034713029861450195e+00
9.577981233596801758e-01,9.559376239776611328e-01
-9.252772927284240723e-01,-9.559118747711181641e-01
3.958170488476753235e-02,1.500214576721191406e+00
-6.816561520099639893e-02,-1.421457886695861816e+00
9.173395633697509766e-01,-8.623893260955810547e-01
-9.708927571773529053e-02,-1.358146190643310547e+00
1.374811649322509766e+00,1.266926229000091553e-01
9.431068897247314453e-01,1.162647366523742676e+00
-8.723577857017517090e-01,8.614270687103271484e-01
-1.342522263526916504e+00,7.894698530435562134e-02
1.367047667503356934e+00,-6.110947579145431519e-02
-9.380324482917785645e-01,-9.817334413528442383e-01
-1.042856812477111816e+00,9.906588792800903320e-01
-1.555898547172546387e+00,9.503509849309921265e-02
-1.930071711540222168e-01,1.487855195999145508e+00
-7.099210023880004883e-01,1.471730113029479980e+00
1.039908409118652344e+00,4.746288359165191650e-01
-1.022689700126647949e+00,-9.329398870468139648e-01
9.319757819175720215e-01,-9.075875282287597656e-01
-1.113146543502807617e+00,1.396508455276489258e+00
9.022741317749023438e-01,1.021764039993286133e+00
-1.001339197158813477e+00,-1.055530905723571777e+00
-1.037086725234985352e+00,1.042644619941711426e+00
-1.150092720985412598e+00,1.230453491210937500e+00
1.404649391770362854e-02,-1.472111940383911133e+00
-9.682593941688537598e-01,9.763042330741882324e-01
-1.164280056953430176e+00,-9.643437862396240234e-01
1.414940714836120605e+00,-9.551859647035598755e-02
8.856258392333984375e-01,9.371490478515625000e-01
1.030033230781555176e+00,9.413710236549377441e-01
1.477160692214965820e+00,-1.493282616138458252e-03
9.322179555892944336e-01,1.005627632141113281e+00
-6.680661439895629883e-02,1.483097076416015625e+00
-1.017432332038879395e+00,-1.072889566421508789e+00
-1.034126877784729004e+00,1.044129848480224609e+00
-1.401750326156616211e+00,5.515008419752120972e-02
-1.107984662055969238e+00,5.178236365318298340e-01
-1.381232380867004395e+00,1.179557666182518005e-01
-1.286464333534240723e+00,1.388245105743408203e+00
-1.694479435682296753e-01,-1.325815677642822266e+00
-1.394715905189514160e+00,1.133531570434570312e+00
-1.071948409080505371e-01,1.163708209991455078e+00
-2.927627786993980408e-02,-1.396146297454833984e+00
1.060749053955078125e+00,-7.939574122428894043e-01
1.042367100715637207e+00,9.239714145660400391e-01
-2.979157492518424988e-02,-1.354825735092163086e+00
1.300861716270446777e+00,-2.074006944894790649e-02
1.265210390090942383e+00,4.652901589870452881e-01
-1.139025807380676270e+00,9.992123842239379883e-01
-6.370563805103302002e-02,-1.446719884872436523e+00
8.835645318031311035e-01,-1.016078233718872070e+00
9.196562767028808594e-01,1.067624092102050781e+00
-1.465165495872497559e+00,-3.609090298414230347e-02
-1.311656355857849121e+00,-1.191718876361846924e-02
-7.765576243400573730e-02,-1.329493284225463867e+00
-1.233482360839843750e+00,1.237593293190002441e+00
-1.069818377494812012e+00,1.090685486793518066e+00
-9.671924114227294922e-01,1.124863743782043457e+00
1.030586004257202148e+00,-8.808287978172302246e-01
1.237303614616394043e+00,-1.490463614463806152e-01
-1.342106223106384277e+00,1.764128208160400391e-01
8.975341916084289551e-01,-1.138719797134399414e+00
-1.217184424400329590e+00,1.194056630134582520e+00
-1.440751254558563232e-01,-1.366194486618041992e+00
1.000381827354431152e+00,-1.036283612251281738e+00
1.740638911724090576e-01,1.431613564491271973e+00
-1.310762524604797363e+00,3.596589714288711548e-02
-9.622493982315063477e-01,-1.013583302497863770e+00
-3.509610518813133240e-02,-1.324444651603698730e+00
8.989080190658569336e-01,1.021987915039062500e+00
-1.377886980772018433e-01,-1.316121697425842285e+00
-1.438969850540161133e+00,-4.128210246562957764e-03
-6.565231084823608398e-02,-1.392500877380371094e+00
-1.094520211219787598e+00,1.224604487419128418e+00
7.971823215484619141e-01,-1.025225758552551270e+00
-1.024151921272277832e+00,-1.050971865653991699e+00
9.410907030105590820e-01,-9.185142517089843750e-01
-1.446006596088409424e-01,-1.406325936317443848e+00
9.154030084609985352e-01,-1.000021457672119141e+00
-1.153702497482299805e+00,1.107521176338195801e+00
-6.397090852260589600e-02,-1.424060583114624023e+00
-1.232380747795104980e+00,-2.163857221603393555e-02
-1.090460896492004395e+00,1.176013946533203125e+00
-5.554066225886344910e-02,-1.439936399459838867e+00
-1.121771186590194702e-01,1.577482461929321289e+00
-4.819143936038017273e-02,-1.416640520095825195e+00
6.139341369271278381e-02,1.419934749603271484e+00
-1.244764566421508789e+00,1.239077448844909668e+00
9.590936303138732910e-01,-9.949150085449218750e-01
8.699682950973510742e-01,-1.011628389358520508e+00
9.648123979568481445e-01,9.794442653656005859e-01
8.581297993659973145e-01,1.054752349853515625e+00
-5.247542262077331543e-01,1.638937234878540039e+00
9.238893389701843262e-01,1.063482165336608887e+00
-1.426402211189270020e+00,4.136232733726501465e-01
-9.337945580482482910e-01,-1.034274578094482422e+00
-1.376478075981140137e+00,9.765364229679107666e-03
-1.109244704246520996e+00,1.248117327690124512e+00
-1.399905607104301453e-02,-1.410406947135925293e+00
9.878879785537719727e-01,-9.338955283164978027e-01
-1.113902449607849121e+00,1.079126477241516113e+00
1.064862966537475586e+00,-6.919803619384765625e-01
-1.228382587432861328e-01,-1.368392705917358398e+00
-1.170157313346862793e+00,1.125135779380798340e+00
-2.276522666215896606e-01,-1.338495612144470215e+00
3.667061403393745422e-02,-1.420458078384399414e+00
9.085952043533325195e-01,-8.984380960464477539e-01
1.066848158836364746e+00,-9.531997442245483398e-01
7.772022485733032227e-01,1.001190543174743652e+00
-9.178535938262939453e-01,-9.157649278640747070e-01
-1.094667077064514160e+00,1.074005007743835449e+00
9.734333753585815430e-01,-9.841262102127075195e-01
9.274625778198242188e-01,-8.500754833221435547e-01
1.253697752952575684e+00,-3.874365240335464478e-02
-1.005464315414428711e+00,9.192159771919250488e-01
7.540992498397827148e-01,-9.854434728622436523e-01
-1.447963118553161621e+00,3.882460892200469971e-01
-1.341024875640869141e+00,1.764101684093475342e-01
-1.436552405357360840e+00,5.115183442831039429e-02
1.064757943153381348e+00,7.898235321044921875e-01
9.156939387321472168e-01,-1.047689795494079590e+00
9.807624816894531250e-01,9.487232565879821777e-01
9.052944183349609375e-01,-9.835276603698730469e-01
-9.907735586166381836e-01,9.887931346893310547e-01
9.008265137672424316e-01,-1.034890651702880859e+00
1.500057876110076904e-01,1.396810770034790039e+00
-1.027670145034790039e+00,-9.831821918487548828e-01
9.778065681457519531e-01,1.072988629341125488e+00
1.100370168685913086e+00,-9.608019590377807617e-01
-1.058171391487121582e+00,-9.363023042678833008e-01
-1.474270939826965332e+00,-9.829737246036529541e-03
1.183027148246765137e+00,-3.593640923500061035e-01
1.337511181831359863e+00,3.948194533586502075e-02
1.328117728233337402e+00,-9.355356544256210327e-02
9.744001626968383789e-01,1.105795025825500488e+00
1.332683265209197998e-01,1.361324548721313477e+00
-7.936757057905197144e-03,-1.476899504661560059e+00
-9.266130924224853516e-01,-1.011141657829284668e+00
-1.024413228034973145e+00,9.496170282363891602e-01
-8.519827127456665039e-01,-1.053797125816345215e+00
-9.562351703643798828e-01,8.713867664337158203e-01
1.650307327508926392e-03,1.393003582954406738e+00
-1.236609220504760742e+00,1.224411845207214355e+00
6.602184474468231201e-02,-1.465310931205749512e+00
9.639203548431396484e-01,-1.021611452102661133e+00
8.568577170372009277e-01,-8.769182562828063965e-01
9.994570165872573853e-03,1.601780652999877930e+00
-9.251257777214050293e-01,-1.018548607826232910e+00
-5.591030046343803406e-02,1.414542436599731445e+00
1.543627142906188965e+00,-6.882477551698684692e-02
1.400594234466552734e+00,-3.858561068773269653e-02
3.602525964379310608e-02,-1.458029747009277344e+00
-1.024258852005004883e+00,1.134527325630187988e+00
4.544698074460029602e-02,1.229955673217773438e+00
1.442392945289611816e+00,7.526279240846633911e-02
1.359968304634094238e+00,-6.333307176828384399e-02
1.172018051147460938e+00,6.197790056467056274e-02
-1.685102224349975586e+00,1.350332796573638916e-01
3.039138391613960266e-02,1.546719074249267578e+00
-1.687137410044670105e-02,-1.363173961639404297e+00
-1.423644423484802246e+00,1.575674414634704590e-01
1.358788087964057922e-02,1.259418725967407227e+00
9.689787626266479492e-01,8.906660079956054688e-01
-1.215861678123474121e+00,6.791847944259643555e-01
1.321144342422485352e+00,1.195192709565162659e-01
9.835795164108276367e-01,9.618491530418395996e-01
1.390149712562561035e+00,-9.892224520444869995e-02
-9.949305057525634766e-01,1.762770533561706543e+00
1.002785325050354004e+00,-9.983181953430175781e-01
1.150162667036056519e-01,1.366179227828979492e+00
-1.361482262611389160e+00,-1.357534825801849365e-01
1.015202641487121582e+00,-9.415222406387329102e-01
-9.256285429000854492e-01,-1.141290783882141113e+00
9.181424975395202637e-01,1.115019798278808594e+00
-1.397691369056701660e+00,1.403185725212097168e-01
-1.414913535118103027e-01,-1.433537840843200684e+00
1.298934936523437500e+00,1.241672411561012268e-01
8.504907488822937012e-01,9.599738121032714844e-01
9.403811693191528320e-01,1.008679389953613281e+00
-8.979827761650085449e-01,1.086621761322021484e+00
1.645368337631225586e-01,1.385514020919799805e+00
9.233992099761962891e-01,-1.084869980812072754e+00
-5.562767013907432556e-02,-1.453069210052490234e+00
8.873023986816406250e-01,1.054418206214904785e+00
-8.855721950531005859e-01,-1.139138102531433105e+00
2.963051572442054749e-02,1.366291403770446777e+00
1.350988030433654785e+00,-1.334533393383026123e-01
-1.413345217704772949e+00,-4.836790263652801514e-03
-1.131588518619537354e-01,-1.371886014938354492e+00
9.700510501861572266e-01,-9.611961841583251953e-01
-9.659496545791625977e-01,-1.031504631042480469e+00
-1.019631385803222656e+00,1.134166359901428223e+00
8.934720754623413086e-01,-1.027718305587768555e+00
-4.424039646983146667e-02,1.544583678245544434e+00
1.041821122169494629e+00,9.466434717178344727e-01
1.473649859428405762e+00,-6.796232610940933228e-02
-1.093200325965881348e+00,1.445018053054809570e+00
1.238923311233520508e+00,3.251982480287551880e-02
-1.449958443641662598e+00,8.276128023862838745e-02
-1.317753911018371582e+00,-1.143753454089164734e-01
-1.563781380653381348e+00,4.642844945192337036e-02
9.633171558380126953e-01,-9.518080949783325195e-01
9.237461090087890625e-01,-1.029704093933105469e+00
9.595641493797302246e-01,1.037927508354187012e+00
-9.909223765134811401e-03,-1.474584460258483887e+00
9.751157760620117188e-01,9.416467547416687012e-01
-8.376598954200744629e-01,9.735553264617919922e-01
-7.579092383384704590e-01,9.526864290237426758e-01
-9.985929727554321289e-01,-9.594318866729736328e-01
-7.921007871627807617e-01,-1.006268858909606934e+00
-1.082050442695617676e+00,1.167608976364135742e+00
1.294646620750427246e+00,8.264940381050109863e-01
1.473118662834167480e+00,-1.184954270720481873e-01
1.458720326423645020e+00,-1.193331852555274963e-01
-1.434083342552185059e+00,2.288944274187088013e-02
-2.341624349355697632e-03,1.289038181304931641e+00
-1.590678572654724121e+00,5.992753058671951294e-02
-1.213733911514282227e+00,-1.083462715148925781e+00
9.349411725997924805e-01,-9.210606813430786133e-01
9.926525354385375977e-01,-1.037751555442810059e+00
1.021330475807189941e+00,-9.887518882751464844e-01
-1.566403150558471680e+00,-4.917006939649581909e-02
9.694056510925292969e-01,-1.003787517547607422e+00
-9.020694494247436523e-01,1.321161508560180664e+00
7.445461153984069824e-01,-1.014556646347045898e+00
9.071180224418640137e-01,-1.072541952133178711e+00
8.652118444442749023e-01,9.645392298698425293e-01
1.073761343955993652e+00,-1.063028648495674133e-01
1.009135603904724121e+00,-9.926130771636962891e-01
-1.356912493705749512e+00,-8.722486346960067749e-02
1.494978547096252441e+00,-1.733914613723754883e-01
-9.093624353408813477e-01,9.654291868209838867e-01
-2.573303505778312683e-02,1.526814937591552734e+00
-2.338026091456413269e-02,1.371033310890197754e+00
9.254926443099975586e-02,-1.364975452423095703e+00
8.820573091506958008e-01,-1.008005142211914062e+00
-2.034812793135643005e-02,1.429271697998046875e+00
-1.226717591285705566e+00,6.924147158861160278e-02
9.003901481628417969e-01,-9.497613906860351562e-01
1.287771105766296387e+00,-8.657053112983703613e-04
2.169335260987281799e-02,1.343981623649597168e+00
5.763955414295196533e-04,-1.416411876678466797e+00
8.903381228446960449e-01,-1.078432917594909668e+00
-1.035114169120788574e+00,-9.167929887771606445e-01
-1.413569808006286621e+00,-1.303955167531967163e-02
-9.418956041336059570e-01,-1.026966094970703125e+00
-5.285156890749931335e-02,-1.433282136917114258e+00
1.042895913124084473e+00,-8.300601243972778320e-01
8.752034306526184082e-01,-9.948844909667968750e-01
-7.601356506347656250e-01,-1.022477269172668457e+00
-1.021803855895996094e+00,-9.153581857681274414e-01
-1.301745057106018066e+00,2.678389102220535278e-02
1.001013875007629395e+00,-8.190722465515136719e-01
-1.024200558662414551e+00,1.029912114143371582e+00
-8.792648315429687500e-01,8.413834571838378906e-01
-9.655728340148925781e-01,-9.320576190948486328e-01
1.164196610450744629e+00,5.876355171203613281e-01
-1.063028335571289062e+00,1.182824492454528809e+00
-1.162630915641784668e+00,1.095418930053710938e+00
-1.496691256761550903e-01,-1.379285335540771484e+00
1.240913748741149902e+00,-8.696712553501129150e-03
9.087615013122558594e-01,1.086063027381896973e+00
-1.115077018737792969e+00,1.195868253707885742e+00
1.356135010719299316e+00,6.597729772329330444e-02
9.700945615768432617e-01,1.126808762550354004e+00
1.360682010650634766e+00,-4.223211854696273804e-02
8.926002979278564453e-01,-1.039096355438232422e+00
-1.016542196273803711e+00,1.021511912345886230e+00
2.833835780620574951e-01,1.428775310516357422e+00
-1.047526717185974121e+00,1.128567457199096680e+00
-9.530429542064666748e-02,-1.380455732345581055e+00
-6.263265013694763184e-02,-1.274480223655700684e+00
-6.605668365955352783e-02,1.360591530799865723e+00
-1.098741173744201660e+00,1.206652879714965820e+00
1.416486620903015137e+00,-4.155940562486648560e-02
-9.305934309959411621e-01,-9.401353001594543457e-01
-8.986951708793640137e-01,-1.061650395393371582e+00
9.565218687057495117e-01,1.029811501502990723e+00
-1.303490281105041504e+00,1.053132295608520508e+00
1.289862990379333496e+00,5.042133480310440063e-02
9.238860607147216797e-01,9.833567738533020020e-01
-9.101234078407287598e-01,1.173114418983459473e+00
-2.646973356604576111e-02,1.501038789749145508e+00
8.930621743202209473e-01,-9.687424898147583008e-01
-1.006204009056091309e+00,1.089993238449096680e+00
-1.381392121315002441e+00,3.733038157224655151e-02
8.381316661834716797e-01,1.067858099937438965e+00
9.586952328681945801e-01,-1.172237634658813477e+00
-9.872863292694091797e-01,-9.909803867340087891e-01
9.105441570281982422e-01,-7.842963933944702148e-01
1.299259543418884277e+00,-3.985271602869033813e-02
-7.198311388492584229e-02,-1.270972967147827148e+00
-1.435138344764709473e+00,-3.262306749820709229e-02
-8.448221087455749512e-01,1.061929702758789062e+00
1.081069186329841614e-02,1.381821870803833008e+00
1.321861386299133301e+00,-1.110752895474433899e-01
1.044187322258949280e-02,-1.312458276748657227e+00
1.281703114509582520e+00,6.181380897760391235e-02
-3.914223611354827881e-01,-1.440046310424804688e+00
-8.613565564155578613e-02,1.501470327377319336e+00
1.069652438163757324e+00,-9.479149580001831055e-01
-1.227250933647155762e+00,-3.952714204788208008e-01
-1.033612132072448730e+00,-9.869756698608398438e-01
-3.147929534316062927e-02,1.595906376838684082e+00
4.315819218754768372e-02,1.359955668449401855e+00
-8.587421774864196777e-01,1.152184128761291504e+00
-4.140264913439750671e-02,1.521211624145507812e+00
1.042564034461975098e+00,-1.003364682197570801e+00
-9.322354793548583984e-01,-9.471775889396667480e-01
1.021277427673339844e+00,1.020003914833068848e+00
-2.925356850028038025e-02,-1.342348933219909668e+00
-1.529938697814941406e+00,2.916727215051651001e-02
-9.758570194244384766e-01,-1.071966886520385742e+00
9.177699685096740723e-01,-1.091355562210083008e+00
1.296559214591979980e+00,-8.296363800764083862e-02
1.042710065841674805e+00,1.022544980049133301e+00
9.613140821456909180e-01,-9.766871929168701172e-01
9.372408986091613770e-01,-9.299905300140380859e-01
-1.377985119819641113e+00,1.278746724128723145e-01
-8.229689300060272217e-02,-1.530904054641723633e+00
-1.990199387073516846e-01,-1.355447530746459961e+00
-5.159411951899528503e-02,1.397614955902099609e+00
9.564196467399597168e-01,-1.006632447242736816e+00
1.449489712715148926e+00,1.582905054092407227e-01
-6.338363885879516602e-01,-1.156186819076538086e+00
-1.293116450309753418e+00,1.107804402709007263e-01
-1.244409203529357910e+00,-8.731664419174194336e-01
1.698255687952041626e-01,1.564111709594726562e+00
-1.121062636375427246e+00,-7.898457050323486328e-01
9.709619283676147461e-01,-9.046461582183837891e-01
9.066093564033508301e-01,-1.067791223526000977e+00
-1.622363924980163574e+00,1.703431308269500732e-01
-1.515105724334716797e+00,1.284743100404739380e-02
9.398476481437683105e-01,1.056936740875244141e+00
-1.109315082430839539e-02,-1.291373729705810547e+00
-9.411925077438354492e-01,-1.007224559783935547e+00
9.630094766616821289e-01,-9.556016921997070312e-01
1.332665324211120605e+00,1.321396976709365845e-02
-3.255027160048484802e-02,-1.308948874473571777e+00
-4.978435859084129333e-02,-1.385651826858520508e+00
9.032597541809082031e-01,-1.090754985809326172e+00
-9.551856517791748047e-01,1.017259359359741211e+00
-5.854762718081474304e-02,1.486692190170288086e+00
-9.000102877616882324e-01,-9.503505229949951172e-01
-1.533654332160949707e-01,-1.379426002502441406e+00
-1.705519556999206543e-01,-1.406670808792114258e+00
-1.045350909233093262e+00,1.089744210243225098e+00
1.023388147354125977e+00,8.878133893013000488e-01
-3.405511006712913513e-02,1.430975794792175293e+00
1.047094941139221191e+00,-9.070638418197631836e-01
1.416736483573913574e+00,2.260335534811019897e-02
8.393924236297607422e-01,1.045620679855346680e+00
-1.324422836303710938e+00,-1.189966723322868347e-01
9.616377353668212891e-01,9.888416528701782227e-01
-1.133004307746887207e+00,1.060081958770751953e+00
-7.276412844657897949e-02,-1.393355369567871094e+00
9.162392616271972656e-01,-1.017995953559875488e+00
7.824016809463500977e-01,-1.197274565696716309e+00
-1.772409304976463318e-02,-1.304329276084899902e+00
-1.187890172004699707e+00,9.362170100212097168e-01
8.420703411102294922e-01,-1.102892160415649414e+00
9.142013192176818848e-01,-1.001695394515991211e+00
-1.008908987045288086e+00,1.064796328544616699e+00
9.368377923965454102e-02,-1.485886335372924805e+00
8.617672324180603027e-01,-9.336190819740295410e-01
-9.785602688789367676e-01,1.219020128250122070e+00
-1.241171479225158691e+00,1.120193123817443848e+00
9.608511924743652344e-01,-8.066779375076293945e-01
1.050934195518493652e+00,1.181177139282226562e+00
8.997355699539184570e-01,-1.171918869018554688e+00
-1.625424981117248535e+00,3.489205986261367798e-02
-8.923757672309875488e-01,-9.925067424774169922e-01
2.307144179940223694e-02,-1.468664646148681641e+00
7.574293017387390137e-02,-1.402171254158020020e+00
-9.446001052856445312e-02,-1.330469965934753418e+00
3.138829022645950317e-03,1.436976671218872070e+00
-1.492899298667907715e+00,3.901889175176620483e-02
9.125082492828369141e-01,9.774715304374694824e-01
1.449221014976501465e+00,-5.493392795324325562e-02
-1.105160236358642578e+00,6.559190154075622559e-01
1.014274835586547852e+00,1.133767366409301758e+00
-9.721397161483764648e-01,1.188520431518554688e+00
-1.086413741111755371e+00,-9.511971473693847656e-01
9.286441802978515625e-01,-9.059625864028930664e-01
-9.846034049987792969e-01,-9.842457771301269531e-01
1.188970446586608887e+00,1.017306521534919739e-01
-1.543255925178527832e+00,9.826519340276718140e-02
-1.336526870727539062e-01,-1.389558434486389160e+00
1.349801898002624512e+00,1.479273289442062378e-02
1.021440982818603516e+00,-1.042303919792175293e+00
-1.335155844688415527e+00,4.234439879655838013e-02
1.354784607887268066e+00,-4.435507208108901978e-02
-6.678508222103118896e-02,-1.414397597312927246e+00
-2.040302008390426636e-01,1.331424951553344727e+00
-1.294301033020019531e+00,-2.899164557456970215e-01
1.039561033248901367e+00,-6.599355340003967285e-01
-1.356211781501770020e+00,1.189666464924812317e-01
1.347697496414184570e+00,9.543832391500473022e-02
1.461940407752990723e+00,1.318635940551757812e-01
-6.412018835544586182e-02,-1.303506135940551758e+00
8.621816039085388184e-01,9.857339859008789062e-01
-1.025899887084960938e+00,8.978106975555419922e-01
9.688607454299926758e-01,9.778081178665161133e-01
-8.927853107452392578e-01,1.214106321334838867e+00
-8.426456153392791748e-02,-1.409596204757690430e+00
1.022925257682800293e+00,-1.013890027999877930e+00
-1.020211219787597656e+00,-9.825495481491088867e-01
-1.170433640480041504e+00,9.599022865295410156e-01
-1.045422077178955078e+00,1.203324317932128906e+00
-1.009599804878234863e+00,1.014559388160705566e+00
9.064742922782897949e-01,-9.937920570373535156e-01
1.412417769432067871e+00,-7.365246862173080444e-02
9.106878638267517090e-01,-9.736257791519165039e-01
1.337035059928894043e+00,1.011987254023551941e-01
-1.599948406219482422e+00,-7.150245457887649536e-02
-9.756195545196533203e-01,-9.519227743148803711e-01
1.299503564834594727e+00,3.266284614801406860e-02
1.583922281861305237e-02,1.356878638267517090e+00
-1.369913816452026367e+00,8.097486943006515503e-02
-5.596201866865158081e-03,-1.377666115760803223e+00
-9.198300242424011230e-01,1.013083934783935547e+00
-1.142856001853942871e+00,1.138297677040100098e+00
8.918614387512207031e-01,-1.056693196296691895e+00
-1.381624579429626465e+00,1.048053875565528870e-01
9.884374141693115234e-01,1.043360590934753418e+00
8.713808059692382812e-01,-9.809761047363281250e-01
1.042067885398864746e+00,1.073744058609008789e+00
-1.422412037849426270e+00,1.169977560639381409e-01
-1.129919528961181641e+00,1.038444519042968750e+00
-9.254027605056762695e-01,1.012093663215637207e+00
9.429377317428588867e-01,-8.427450656890869141e-01
-3.133931383490562439e-02,-1.406253099441528320e+00
8.986830115318298340e-01,8.776870965957641602e-01
1.080970168113708496e+00,1.022334218025207520e+00
1.263095259666442871e+00,-1.698611974716186523e-01
-1.546953320503234863e+00,1.838047206401824951e-01
9.658786058425903320e-01,1.123323321342468262e+00
1.067469835281372070e+00,-1.016925454139709473e+00
-4.152413457632064819e-03,-1.303493738174438477e+00
-1.806487441062927246e+00,4.925779998302459717e-03
-9.014638662338256836e-01,8.408675193786621094e-01
9.403526186943054199e-01,-1.092709541320800781e+00
1.376457333564758301e+00,-2.589402347803115845e-02
-1.010932683944702148e+00,1.176777482032775879e+00
-8.688661456108093262e-02,1.493557453155517578e+00
1.483969688415527344e-01,-1.373977661132812500e+00
9.845472574234008789e-01,-9.392983913421630859e-01
8.703559637069702148e-01,-9.902631044387817383e-01
8.514149188995361328e-01,-9.521744251251220703e-01
1.274132251739501953e+00,1.203863620758056641e-01
-3.387772664427757263e-02,-1.333455443382263184e+00
8.766002655029296875e-01,-1.007625341415405273e+00
-1.009172677993774414e+00,-9.809125661849975586e-01
-1.244729161262512207e+00,-3.119108378887176514e-01
-1.003218889236450195e-01,-1.218734741210937500e+00
-1.401051998138427734e+00,8.068167418241500854e-02
1.126926660537719727e+00,9.223697185516357422e-01
-9.200956672430038452e-03,-1.378033280372619629e+00
1.520440459251403809e+00,-5.728252232074737549e-03
-9.864535331726074219e-01,9.776980280876159668e-01
1.316886067390441895e+00,-3.860794752836227417e-02
3.109965100884437561e-02,1.639663100242614746e+00
1.381119370460510254e+00,7.730606943368911743e-02
-1.306178927421569824e+00,8.576295375823974609e-01
-1.005073785781860352e-01,-1.490363121032714844e+00
-1.139857769012451172e-01,-1.369479775428771973e+00
-1.262469172477722168e+00,1.299349546432495117e+00
-1.387786507606506348e+00,1.045461177825927734e+00
-1.504070162773132324e+00,1.523216068744659424e-01
-1.364419579505920410e+00,7.653000205755233765e-02
-9.792070388793945312e-01,-1.056927561759948730e+00
-5.022823438048362732e-02,-1.544722557067871094e+00
-4.546601474285125732e-01,-1.494923591613769531e+00
-1.466053366661071777e+00,5.554006248712539673e-02
-1.014704465866088867e+00,-1.001191616058349609e+00
1.420226454734802246e+00,-4.706250876188278198e-02
9.810239076614379883e-01,1.174438118934631348e+00
-1.091326355934143066e+00,1.018048763275146484e+00
-1.612457156181335449e+00,-2.460516989231109619e-03
1.294775605201721191e+00,-6.230612844228744507e-02
9.201377630233764648e-02,1.577075481414794922e+00
-1.029648661613464355e+00,-9.591357707977294922e-01
1.108046531677246094e+00,-6.101263761520385742e-01
1.391996979713439941e+00,1.173818856477737427e-02
-1.646259665489196777e+00,1.153234615921974182e-01
-1.228132724761962891e+00,1.087171316146850586e+00
8.794787526130676270e-01,-1.048801541328430176e+00
9.830464124679565430e-01,1.006529808044433594e+00
-1.005473494529724121e+00,8.615261316299438477e-01
8.833187818527221680e-01,1.019755482673645020e+00
-1.103010773658752441e+00,-9.711760282516479492e-01
9.814835786819458008e-01,1.108047366142272949e+00
1.033920288085937500e+00,8.935394287109375000e-01
9.542794823646545410e-01,-1.165065050125122070e+00
9.020479917526245117e-01,-9.600639343261718750e-01
-1.204948902130126953e+00,1.032901644706726074e+00
-9.206836819648742676e-01,1.042812824249267578e+00
-1.000229597091674805e+00,-9.284832477569580078e-01
9.403612613677978516e-01,-1.008484840393066406e+00
-1.089977025985717773e+00,1.437767624855041504e+00
-1.062111377716064453e+00,1.170724630355834961e+00
-1.517581343650817871e+00,1.380330324172973633e-01
1.926992088556289673e-03,1.421535611152648926e+00
-1.064931988716125488e+00,-8.863629102706909180e-01
-1.361718893051147461e+00,2.046637237071990967e-03
1.440146327018737793e+00,3.872815519571304321e-02
-1.578311026096343994e-01,-1.367699503898620605e+00
-7.486145198345184326e-02,-1.414839029312133789e+00
-1.024375319480895996e+00,-1.032411575317382812e+00
1.576458811759948730e-01,1.422662258148193359e+00
9.665395021438598633e-01,-1.028312802314758301e+00
-1.086560726165771484e+00,-1.155887126922607422e+00
-8.597966283559799194e-03,-1.340522170066833496e+00
-1.309794664382934570e+00,2.172527462244033813e-02
2.267331257462501526e-02,1.329081892967224121e+00
8.957934379577636719e-01,-8.951160311698913574e-01
9.999314546585083008e-01,-9.114791750907897949e-01
1.289095878601074219e-01,1.467601776123046875e+00
1.017459273338317871e+00,-9.647195339202880859e-01
-1.310700058937072754e+00,1.391295909881591797e+00
8.791308403015136719e-01,-1.054956674575805664e+00
1.005509257316589355e+00,9.381869435310363770e-01
9.232336282730102539e-01,-9.598445892333984375e-01
8.859738707542419434e-01,9.260882139205932617e-01
1.307674765586853027e+00,-4.602961242198944092e-03
1.034886956214904785e+00,1.032011508941650391e+00
8.983579277992248535e-01,-9.850074052810668945e-01
1.376720666885375977e+00,-1.650658249855041504e-01
-6.137832403182983398e-01,-1.023037672042846680e+00
-1.045185208320617676e+00,1.035283327102661133e+00
-1.263483017683029175e-01,1.410388708114624023e+00
1.344501852989196777e+00,-4.508309066295623779e-03
1.152813792228698730e+00,4.947624206542968750e-01
-1.032462358474731445e+00,1.005641579627990723e+00
1.282343268394470215e+00,2.386669069528579712e-02
-8.188800215721130371e-01,8.372877836227416992e-01
1.317829847335815430e+00,-7.057104259729385376e-02
-9.917540550231933594e-01,1.055328726768493652e+00
-1.623576283454895020e+00,-2.541431039571762085e-02
-1.180747985839843750e+00,-9.258490204811096191e-01
-8.749917149543762207e-02,-1.314617156982421875e+00
-2.104023844003677368e-01,-1.376209139823913574e+00
-1.404265284538269043e+00,-3.424879908561706543e-02
9.641318321228027344e-01,9.640095233917236328e-01
1.406448960304260254e+00,4.584031552076339722e-02
1.896366849541664124e-02,-1.451629400253295898e+00
-6.441099047660827637e-01,-1.167841196060180664e+00
-1.471621841192245483e-01,-1.416222333908081055e+00
8.548437356948852539e-01,-9.849014282226562500e-01
-1.161704182624816895e+00,1.028431892395019531e+00
-9.236742258071899414e-01,-9.755642414093017578e-01
7.475341856479644775e-02,1.491955518722534180e+00
-1.176260352134704590e+00,-7.145226001739501953e-01
1.272920966148376465e+00,-4.286976903676986694e-02
-5.942406877875328064e-02,-1.401542425155639648e+00
-4.883443936705589294e-02,1.431115388870239258e+00
-1.670511484146118164e+00,8.753783255815505981e-02
1.669166237115859985e-01,1.402010679244995117e+00
-1.562994718551635742e+00,7.526173442602157593e-02
9.328903257846832275e-02,1.489459872245788574e+00
-1.709457486867904663e-03,-1.282137393951416016e+00
-1.078777551651000977e+00,-1.022220849990844727e+00
-1.670906096696853638e-01,-1.408092975616455078e+00
-9.707387089729309082e-01,1.198792219161987305e+00
-1.059991240501403809e+00,-1.085912942886352539e+00
-7.972763478755950928e-02,1.255964756011962891e+00
-1.047657132148742676e+00,1.022318124771118164e+00
8.601053953170776367e-01,-9.876040220260620117e-01
1.002048969268798828e+00,7.526106834411621094e-01
9.352269768714904785e-01,-1.043475508689880371e+00
8.438796997070312500e-01,1.148133277893066406e+00
1.398210644721984863e+00,-7.229449599981307983e-02
1.411650180816650391e+00,8.888108283281326294e-02
-9.002712965011596680e-01,-9.167536497116088867e-01
-1.444762587547302246e+00,-6.181672960519790649e-02
9.281697273254394531e-01,1.064389228820800781e+00
-8.516648411750793457e-01,-1.109406232833862305e+00
5.648056045174598694e-02,1.358405351638793945e+00
9.069903492927551270e-01,-9.857956171035766602e-01
-9.803900122642517090e-01,-1.009758472442626953e+00
-1.186773896217346191e+00,1.002962708473205566e+00
1.438181161880493164e+00,-7.450606673955917358e-02
9.248945116996765137e-02,1.395633459091186523e+00
1.429813742637634277e+00,-1.121580228209495544e-01
-6.260071694850921631e-02,1.537612438201904297e+00
-1.757044196128845215e+00,4.034364223480224609e-01
9.711450338363647461e-01,-9.629987478256225586e-01
5.871895328164100647e-02,1.352030396461486816e+00
9.627176523208618164e-01,1.047180056571960449e+00
-6.248786672949790955e-02,1.508759617805480957e+00
1.439998507499694824e+00,1.465920209884643555e-01
-9.475554823875427246e-01,9.509651660919189453e-01
-1.279855608940124512e+00,-4.784507304430007935e-02
1.401523590087890625e+00,5.745742470026016235e-02
-9.194216728210449219e-01,9.724670648574829102e-01
6.009360030293464661e-02,-1.324111461639404297e+00
9.366759657859802246e-01,-9.393056035041809082e-01
-1.035934329032897949e+00,-1.015277862548828125e+00
-9.822304844856262207e-01,9.939007163047790527e-01
-1.077204108238220215e+00,1.201137542724609375e+00
1.052585601806640625e+00,1.093683958053588867e+00
9.372402429580688477e-01,1.094005942344665527e+00
1.362947002053260803e-02,-1.389713644981384277e+00
-2.191619202494621277e-02,-1.274555683135986328e+00
-1.432840824127197266e+00,-2.913609892129898071e-02
1.079393267631530762e+00,1.142106890678405762e+00
-1.553840279579162598e+00,1.451829791069030762e+00
-1.111501097679138184e+00,1.081845641136169434e+00
2.075827494263648987e-02,1.455750107765197754e+00
-1.504562973976135254e+00,2.074542939662933350e-01
-9.392075538635253906e-01,-9.648653268814086914e-01
7.456254959106445312e-01,9.321215748786926270e-01
7.006394863128662109e-02,1.406398773193359375e+00
1.405951142311096191e+00,1.826003938913345337e-02
1.364011645317077637e+00,-1.396734118461608887e-01
-1.113911867141723633e-01,-1.287121176719665527e+00
-1.205490157008171082e-02,1.413231492042541504e+00
-9.923810958862304688e-01,9.640170931816101074e-01
9.338046312332153320e-01,-9.481986761093139648e-01
-1.447153091430664062e+00,-2.786757797002792358e-02
1.445805072784423828e+00,-1.103217378258705139e-01
1.300220966339111328e+00,-2.711785137653350830e-01
1.032544493675231934e+00,-9.820375442504882812e-01
-8.049646019935607910e-02,1.577659368515014648e+00
1.329541563987731934e+00,5.021352320909500122e-02
-1.552741885185241699e+00,4.163268953561782837e-02
-1.115505814552307129e+00,1.472540378570556641e+00
9.603630304336547852e-01,-1.065136551856994629e+00
9.270108938217163086e-01,-1.054963588714599609e+00
-1.002305030822753906e+00,1.088021516799926758e+00
9.649442434310913086e-01,-9.424114823341369629e-01
-8.263825178146362305e-01,1.066233873367309570e+00
3.093758597970008850e-02,1.496067166328430176e+00
8.423826098442077637e-02,1.478613972663879395e+00
1.186065748333930969e-02,-1.376443028450012207e+00
-1.147405028343200684e+00,1.032278537750244141e+00
-2.179833203554153442e-01,1.513952255249023438e+00
1.055531859397888184e+00,9.960138797760009766e-01
-7.853825092315673828e-01,1.012522935867309570e+00
-3.437172174453735352e-01,1.640277504920959473e+00
4.097063094377517700e-03,1.388131737709045410e+00
-1.147485971450805664e-01,1.262722253799438477e+00
-1.602848410606384277e+00,3.326065242290496826e-01
-1.172739863395690918e+00,9.990392923355102539e-01
9.535102844238281250e-01,-9.604040384292602539e-01
-1.340459227561950684e+00,-3.861472308635711670e-01
-3.340635821223258972e-02,-1.529352307319641113e+00
1.390821814537048340e+00,-6.582066416740417480e-04
-8.640137314796447754e-02,1.289443969726562500e+00
8.766777515411376953e-01,-9.880901575088500977e-01
1.375687122344970703e+00,7.379939407110214233e-02
-9.158955216407775879e-01,9.325213432312011719e-01
-1.041424393653869629e+00,-1.053478121757507324e+00
1.321991205215454102e+00,-8.188698440790176392e-02
1.056924223899841309e+00,1.041487812995910645e+00
-5.324090644717216492e-02,1.228213548660278320e+00
6.156651973724365234e-01,-1.260699987411499023e+00
1.339925646781921387e+00,2.895066440105438232e-01
-1.332428574562072754e+00,-6.538524478673934937e-02
-1.028223633766174316e+00,1.141022443771362305e+00
-5.852990970015525818e-02,-1.325228452682495117e+00
-8.916248083114624023e-01,8.846064805984497070e-01
9.588272571563720703e-01,-1.038152098655700684e+00
-1.023661732673645020e+00,1.122177839279174805e+00
-9.995398521423339844e-01,-9.807881116867065430e-01
-1.026336193084716797e+00,-9.610545635223388672e-01
-1.360993683338165283e-01,-1.350057840347290039e+00
9.072674512863159180e-01,-1.054355502128601074e+00
-1.145616650581359863e+00,1.351163387298583984e+00
1.292389273643493652e+00,-1.118711158633232117e-01
-8.680145740509033203e-01,-9.204412698745727539e-01
-9.675800800323486328e-01,1.137029170989990234e+00
-1.411464333534240723e+00,7.459072023630142212e-02
-1.000410079956054688e+00,-1.013485670089721680e+00
1.367979884147644043e+00,3.746681660413742065e-02
-1.542594283819198608e-01,1.540112853050231934e+00
1.061532348394393921e-01,1.393654108047485352e+00
-1.213295608758926392e-01,-1.387953519821166992e+00
-1.651513934135437012e+00,-4.506728798151016235e-02
-1.000732779502868652e+00,1.057881832122802734e+00
8.824542164802551270e-01,-9.117740392684936523e-01
1.006772637367248535e+00,-8.352888226509094238e-01
1.330190777778625488e+00,-4.359401762485504150e-03
9.355862140655517578e-01,9.640939235687255859e-01
-1.240787625312805176e+00,1.026989102363586426e+00
9.392192363739013672e-01,-1.050530672073364258e+00
-5.931077003479003906e-01,-1.232530832290649414e+00
-1.009474754333496094e+00,-7.862300872802734375e-01
-1.526941180229187012e+00,1.221672654151916504e+00
9.777666330337524414e-01,8.870697021484375000e-01
-9.902459383010864258e-01,1.084632873535156250e+00
-9.015612602233886719e-01,1.256630301475524902e+00
-1.771588176488876343e-01,1.561165571212768555e+00
-1.038320779800415039e+00,-1.090761303901672363e+00
-1.183583021163940430e+00,1.235427379608154297e+00
1.300850510597229004e-01,1.557100772857666016e+00
9.206782579421997070e-01,8.919856548309326172e-01
-1.112273454666137695e+00,1.121317386627197266e+00
-1.007727622985839844e+00,9.962077140808105469e-01
-1.519755244255065918e+00,9.502550214529037476e-02
-9.887431859970092773e-01,1.106959581375122070e+00
-9.231221675872802734e-01,-9.818177223205566406e-01
-9.040113091468811035e-01,-1.113060712814331055e+00
-1.174632549285888672e+00,1.079046607017517090e+00
1.305143952369689941e+00,2.523187547922134399e-02
-1.399284720420837402e+00,1.081287190318107605e-01
-9.957266449928283691e-01,1.173757672309875488e+00
-1.424297213554382324e+00,-1.093309372663497925e-02
9.309592247009277344e-01,9.805954694747924805e-01
-2.542155608534812927e-02,-1.397768735885620117e+00
-9.543512761592864990e-02,-1.405917882919311523e+00
1.423389554023742676e+00,5.867677181959152222e-02
-9.233515262603759766e-01,-1.082216739654541016e+00
-8.591513335704803467e-02,-1.420230507850646973e+00
-1.144589543342590332e+00,1.321264863014221191e+00
-3.341166302561759949e-02,-1.364036798477172852e+00
-1.420274853706359863e+00,1.447169899940490723e+00
-9.598977565765380859e-01,-1.012719869613647461e+00
-1.465273380279541016e+00,-3.134735226631164551e-01
9.070768952369689941e-01,-9.415928125381469727e-01
-1.027215242385864258e+00,-1.089703321456909180e+00
1.337248802185058594e+00,4.361579567193984985e-02
-1.462446093559265137e+00,4.082021862268447876e-02
-1.303744316101074219e+00,1.214809179306030273e+00
-8.056715130805969238e-01,9.710339307785034180e-01
-9.923074245452880859e-01,1.026239633560180664e+00
9.319781064987182617e-01,1.022681474685668945e+00
1.037411570549011230e+00,9.654842615127563477e-01
-1.441005945205688477e+00,2.961892634630203247e-02
1.226640343666076660e+00,9.870998561382293701e-03
-1.378847211599349976e-01,-1.386498212814331055e+00
1.385518193244934082e+00,-4.773821681737899780e-02
-9.998143911361694336e-01,1.175015211105346680e+00
9.387431144714355469e-01,9.648859500885009766e-01
-1.518077492713928223e+00,2.757146358489990234e-01
-6.595905870199203491e-03,1.481533765792846680e+00
1.026967287063598633e+00,8.942763805389404297e-01
-1.055887103080749512e+00,1.129254102706909180e+00
9.588221311569213867e-01,1.078667402267456055e+00
-1.469314217567443848e+00,3.959726542234420776e-02
9.570727944374084473e-01,1.134444832801818848e+00
1.245521381497383118e-02,1.469074487686157227e+00
-1.722813129425048828e+00,1.847617626190185547e-01
-1.395057082176208496e+00,-8.161721378564834595e-02
-1.169173598289489746e+00,-1.058334589004516602e+00
9.412246346473693848e-01,1.058761715888977051e+00
-1.385205626487731934e+00,-9.341612458229064941e-04
1.069906115531921387e+00,-6.878135800361633301e-01
-1.361256003379821777e+00,1.390657424926757812e+00
8.920751810073852539e-01,9.782321453094482422e-01
-9.158282279968261719e-01,1.016608476638793945e+00
1.019479334354400635e-01,-1.282171726226806641e+00
-1.013007402420043945e+00,-1.061449289321899414e+00
-3.984802588820457458e-02,-1.282862067222595215e+00
-1.109772562980651855e+00,1.030084252357482910e+00
1.034017801284790039e+00,-9.691905975341796875e-01
-1.569154262542724609e+00,1.114284157752990723e+00
9.444968104362487793e-01,-9.992566108703613281e-01
-1.489095091819763184e+00,1.476947546005249023e+00
-8.285799026489257812e-01,1.054104328155517578e+00
-1.046207785606384277e+00,1.129028439521789551e+00
-1.462718367576599121e+00,8.586712926626205444e-02
8.845058679580688477e-01,-1.004722118377685547e+00
2.014891505241394043e-01,1.432808399200439453e+00
1.399507522583007812e+00,6.094703823328018188e-02
7.415208220481872559e-01,1.196146845817565918e+00
-9.811055660247802734e-01,-9.550535678863525391e-01
-1.367874383926391602e+00,4.459548741579055786e-02
-5.971395596861839294e-02,-1.393316030502319336e+00
-1.185290142893791199e-02,-1.473674416542053223e+00
-9.583228826522827148e-01,1.121389389038085938e+00
-1.167390942573547363e+00,1.136588096618652344e+00
-1.018858671188354492e+00,-1.088294744491577148e+00
-9.555599093437194824e-01,1.157648921012878418e+00
5.886951461434364319e-02,1.336761474609375000e+00
-1.111636281013488770e+00,1.135085940361022949e+00
-1.482108235359191895e+00,1.263946413993835449e+00
9.149115085601806641e-01,1.034780979156494141e+00
-1.046672701835632324e+00,-1.094462037086486816e+00
-1.415284514427185059e+00,-9.009923785924911499e-02
-4.712904617190361023e-02,-1.427318096160888672e+00
-1.360921263694763184e+00,4.851371794939041138e-02
1.372937917709350586e+00,-6.242289394140243530e-02
-1.197913408279418945e+00,9.467884302139282227e-01
9.057571887969970703e-01,-9.429441094398498535e-01
1.392309784889221191e+00,-9.767236560583114624e-02
1.408124327659606934e+00,-1.615006029605865479e-01
-9.041494131088256836e-01,1.031934857368469238e+00
-9.912997484207153320e-01,1.092407107353210449e+00
-9.335784614086151123e-02,-1.477531075477600098e+00
-1.492183655500411987e-01,1.510359048843383789e+00
1.251672863960266113e+00,-1.488540172576904297e-01
-1.545863509178161621e+00,-3.184217959642410278e-02
-1.405033946037292480e+00,8.019227534532546997e-02
1.087594479322433472e-01,1.454898476600646973e+00
-9.947202205657958984e-01,-8.822568058967590332e-01
9.548162817955017090e-01,-9.524157047271728516e-01
-9.029930830001831055e-01,9.800993204116821289e-01
2.154091373085975647e-02,-1.455253601074218750e+00
1.401684641838073730e+00,2.320002764463424683e-02
-1.568547725677490234e+00,-5.740262567996978760e-03
1.182498931884765625e+00,-6.471906900405883789e-01
8.442619442939758301e-01,-1.024571657180786133e+00
-1.023863554000854492e+00,1.108714938163757324e+00
-9.601795077323913574e-01,1.044130444526672363e+00
1.399597883224487305e+00,6.463543325662612915e-02
-1.068872690200805664e+00,-1.112056255340576172e+00
-4.785033687949180603e-02,1.454852223396301270e+00
-7.920111715793609619e-02,-1.464011907577514648e+00
-1.261215686798095703e+00,2.821245044469833374e-02
-8.958895206451416016e-01,-1.121606469154357910e+00
-3.500036522746086121e-02,1.350328564643859863e+00
1.020093083381652832e+00,9.675515890121459961e-01
7.313098907470703125e-01,-1.071109533309936523e+00
1.879928559064865112e-01,1.211584329605102539e+00
-9.400286674499511719e-01,-1.153385043144226074e+00
1.288228392601013184e+00,-1.732895672321319580e-01
9.579768776893615723e-01,-1.019469261169433594e+00
-9.318215847015380859e-01,-9.616656303405761719e-01
-1.076994657516479492e+00,1.013222217559814453e+00
8.115807175636291504e-01,-1.012764096260070801e+00
9.855569601058959961e-01,-1.018005847930908203e+00
-1.019318699836730957e+00,1.038480162620544434e+00
-1.095344901084899902e+00,-1.097258448600769043e+00
1.337638735771179199e+00,3.233850747346878052e-02
-1.545552849769592285e+00,4.010666161775588989e-02
1.362955331802368164e+00,-2.407942414283752441e-01
1.488474726676940918e+00,-5.749203264713287354e-03
9.344176054000854492e-01,9.898082017898559570e-01
-1.187447667121887207e+00,1.217960000038146973e+00
1.336468577384948730e+00,4.920076578855514526e-02
9.348175525665283203e-01,1.018547654151916504e+00
-1.086349129676818848e+00,-1.086420774459838867e+00
-1.324516087770462036e-01,1.350234985351562500e+00
-9.151228666305541992e-01,1.084819555282592773e+00
-8.384286761283874512e-01,1.154256582260131836e+00
-6.520520448684692383e-01,-1.299962162971496582e+00
8.794058561325073242e-01,1.036877512931823730e+00
-9.327870607376098633e-01,-1.020785093307495117e+00
1.000795006752014160e+00,-9.827100038528442383e-01
-4.388606175780296326e-02,-1.245516896247863770e+00
-1.234670758247375488e+00,1.103089094161987305e+00
-1.153437614440917969e+00,1.344973325729370117e+00
-1.019461750984191895e+00,-9.840335845947265625e-01
-5.019743368029594421e-02,1.283000349998474121e+00
1.012160539627075195e+00,1.067859411239624023e+00
-1.455404877662658691e+00,-5.905253440141677856e-02
-9.358717501163482666e-02,-1.400475740432739258e+00
-2.742654383182525635e-01,1.298713207244873047e+00
-1.013840362429618835e-02,1.460349798202514648e+00
-1.004185438156127930e+00,-1.034450054168701172e+00
8.935155272483825684e-01,-9.639492034912109375e-01
-4.420697316527366638e-02,1.434430360794067383e+00
-1.137788593769073486e-01,1.414672613143920898e+00
-9.312375783920288086e-01,-7.791107296943664551e-01
-1.058710217475891113e+00,1.129687547683715820e+00
-9.052746295928955078e-01,1.035765886306762695e+00
-9.980869293212890625e-01,-1.075456857681274414e+00
-1.022872447967529297e+00,1.047550082206726074e+00
-1.325161457061767578e-01,-1.408529281616210938e+00
-2.535524591803550720e-02,1.560585737228393555e+00
1.359684109687805176e+00,-2.052583545446395874e-02
-2.122820913791656494e-01,-1.339169621467590332e+00
5.160981416702270508e-01,1.148533344268798828e+00
1.266617894172668457e+00,2.879387885332107544e-02
-3.066615387797355652e-02,-1.425855040550231934e+00
-9.627619981765747070e-01,8.714776039123535156e-01
1.399749398231506348e+00,1.039952784776687622e-02
1.380079865455627441e+00,2.245879918336868286e-02
9.307641983032226562e-01,-1.091334104537963867e+00
1.298266053199768066e+00,2.107740640640258789e-01
-4.844179376959800720e-02,-1.403096437454223633e+00
1.048219084739685059e+00,9.241807460784912109e-01
-1.058900952339172363e+00,1.013744950294494629e+00
9.492595195770263672e-01,1.000518202781677246e+00
1.461692690849304199e+00,1.215621009469032288e-01
-1.358941197395324707e+00,6.159106642007827759e-02
-9.487750530242919922e-01,-9.276884794235229492e-01
9.294692426919937134e-03,-1.470582604408264160e+00
1.373156428337097168e+00,-4.690237343311309814e-03
-1.839770525693893433e-01,1.474978685379028320e+00
4.136105254292488098e-02,-1.423345923423767090e+00
-1.283265233039855957e+00,9.354630857706069946e-02
-3.118712902069091797e-01,1.690390944480895996e+00
-1.248175024986267090e+00,1.136149048805236816e+00
1.236196637153625488e+00,4.209565371274948120e-02
1.282878279685974121e+00,-6.696585565805435181e-02
-1.208556890487670898e+00,1.143741965293884277e+00
-1.334615111351013184e+00,1.422307133674621582e+00
-1.468201994895935059e+00,6.617365032434463501e-02
-1.005854964256286621e+00,1.044662952423095703e+00
-9.543846845626831055e-01,-9.743516445159912109e-01
1.272143244743347168e+00,-5.148356407880783081e-02
2.018842473626136780e-02,1.488825082778930664e+00
-1.001722097396850586e+00,-1.017884969711303711e+00
9.854780435562133789e-01,1.098581194877624512e+00
-6.497012078762054443e-02,-1.400608181953430176e+00
-1.277430891990661621e+00,-9.591937065124511719e-03
-1.509022951126098633e+00,1.373793929815292358e-02
-8.960145711898803711e-01,1.042950510978698730e+00
-1.135615706443786621e-01,-1.397975087165832520e+00
1.416691064834594727e+00,-1.481489241123199463e-01
-1.631259799003601074e+00,7.112094014883041382e-02
-9.466168880462646484e-01,1.026059627532958984e+00
-1.167535305023193359e+00,1.074689626693725586e+00
2.404499426484107971e-02,1.363507390022277832e+00
9.229969382286071777e-01,-9.690985679626464844e-01
-9.824680089950561523e-01,-1.013928055763244629e+00
9.056634902954101562e-01,1.035809636116027832e+00
-9.480166435241699219e-02,-1.336754679679870605e+00
1.424063324928283691e+00,-1.234464570879936218e-01
1.485793232917785645e+00,-3.169079869985580444e-02
-1.486776828765869141e+00,2.380864024162292480e-01
1.426645070314407349e-01,1.427034854888916016e+00
5.334182456135749817e-02,-1.323767066001892090e+00
-1.570730090141296387e+00,-1.052407845854759216e-01
-1.025434732437133789e+00,-1.051838040351867676e+00
1.485936999320983887e+00,-1.873996108770370483e-02
-1.566010355949401855e+00,8.997587114572525024e-02
-1.005158782005310059e+00,-9.629691839218139648e-01
-9.420243501663208008e-01,-1.079661369323730469e+00
-6.814813613891601562e-02,-1.378450512886047363e+00
5.762941017746925354e-02,1.508742332458496094e+00
-7.809397578239440918e-02,-1.455099940299987793e+00
-1.541078329086303711e+00,1.355167478322982788e-02
-1.751039624214172363e-01,1.393604278564453125e+00
-9.844757318496704102e-01,1.043414473533630371e+00
1.939276456832885742e-01,1.589801788330078125e+00
1.368643164634704590e+00,5.681671202182769775e-03
1.042712211608886719e+00,9.812235832214355469e-01
1.355970025062561035e+00,-2.244982868432998657e-02
1.365823149681091309e+00,5.716301500797271729e-03
-9.875578880310058594e-01,1.124826431274414062e+00
-9.870309233665466309e-01,-9.016329646110534668e-01
-1.315922260284423828e+00,-6.314657628536224365e-03
-1.460710167884826660e+00,5.027445405721664429e-02
-1.359477996826171875e+00,-3.030802309513092041e-02
2.282290533185005188e-02,1.384785890579223633e+00
-2.003301680088043213e-01,-1.371957182884216309e+00
9.792822599411010742e-01,-9.976439476013183594e-01
1.321311593055725098e+00,3.284431248903274536e-02
-1.496072888374328613e+00,5.637411028146743774e-02
-1.289936900138854980e+00,1.297417283058166504e-01
1.321700334548950195e+00,-1.291658729314804077e-02
1.088596940040588379e+00,9.236595630645751953e-01
1.206197381019592285e+00,-6.017231345176696777e-01
1.017699837684631348e+00,9.740394353866577148e-01
8.768775463104248047e-01,-1.094591617584228516e+00
1.246636271476745605e+00,1.525560915470123291e-01
-9.639922976493835449e-01,1.095991015434265137e+00
1.244701266288757324e+00,-1.087582036852836609e-01
1.369707226753234863e+00,6.082780659198760986e-03
1.148529529571533203e+00,9.220030307769775391e-01
9.379942417144775391e-01,-1.115684986114501953e+00
-9.482818245887756348e-01,1.197971343994140625e+00
1.013742923736572266e+00,9.996255636215209961e-01
9.640203714370727539e-01,-9.485935568809509277e-01
-1.026846095919609070e-02,-1.387157082557678223e+00
-7.738480567932128906e-01,8.231560587882995605e-01
-1.290199637413024902e+00,1.729039847850799561e-01
-1.523505330085754395e+00,1.554678678512573242e-01
-1.089519143104553223e+00,1.125977516174316406e+00
5.454111471772193909e-02,1.572769880294799805e+00
1.310142993927001953e+00,-1.789816468954086304e-02
9.366047382354736328e-01,9.779218435287475586e-01
9.734625816345214844e-01,9.627615809440612793e-01
-6.758531928062438965e-02,1.741881608963012695e+00
1.140044689178466797e+00,9.186247587203979492e-01
-1.281245350837707520e+00,-3.766251355409622192e-02
-3.127808570861816406e-01,1.465317606925964355e+00
5.961829796433448792e-02,1.361600995063781738e+00
-6.586314737796783447e-02,1.356430888175964355e+00
9.300028085708618164e-01,-9.933248758316040039e-01
-1.400563359260559082e+00,-7.421261817216873169e-02
-1.100341200828552246e+00,1.138989210128784180e+00
-8.628620207309722900e-02,-1.449783682823181152e+00
-1.248319625854492188e+00,-4.845466464757919312e-02
9.350951910018920898e-01,-9.443274736404418945e-01
-1.023533940315246582e+00,-1.010207772254943848e+00
1.387809395790100098e+00,-1.203060671687126160e-01
-1.621639728546142578e+00,-1.550140976905822754e-01
-9.868230819702148438e-01,1.011116027832031250e+00
-1.021929383277893066e+00,1.018296718597412109e+00
1.309454917907714844e+00,-1.867815107107162476e-02
1.323170423507690430e+00,2.338186651468276978e-02
-9.741364717483520508e-01,-8.934414982795715332e-01
1.013548493385314941e+00,9.284080266952514648e-01
-1.356837630271911621e+00,-4.136785119771957397e-02
5.821978449821472168e-01,-1.245082855224609375e+00
1.387246847152709961e+00,9.599567204713821411e-02
-1.457483053207397461e+00,2.250670641660690308e-02
9.316828846931457520e-01,9.604780673980712891e-01
-8.970020413398742676e-01,1.070179104804992676e+00
-1.081948637962341309e+00,9.679327607154846191e-01
9.886575937271118164e-01,1.083672046661376953e+00
-1.151161789894104004e+00,-9.677436351776123047e-01
2.439314499497413635e-02,-1.477949738502502441e+00
-8.234631270170211792e-03,1.469693899154663086e+00
1.030307054519653320e+00,-8.913058638572692871e-01
-1.085968017578125000e-01,1.547606706619262695e+00
-1.020069360733032227e+00,1.100485682487487793e+00
-7.768225669860839844e-02,-1.412568688392639160e+00
1.435415029525756836e+00,9.441756457090377808e-02
-8.038909733295440674e-02,-1.324961662292480469e+00
1.014231741428375244e-01,1.408272504806518555e+00
8.455842733383178711e-02,1.360970258712768555e+00
9.622228145599365234e-01,-9.553672075271606445e-01
-1.425439238548278809e+00,5.543599277734756470e-02
-1.372688889503479004e+00,1.702753007411956787e-01
-1.562888503074645996e+00,1.487054675817489624e-02
-1.384872436523437500e+00,2.265720665454864502e-01
1.385033965110778809e+00,8.443137258291244507e-02
-1.274262428283691406e+00,9.372774511575698853e-02
-1.424396634101867676e+00,1.195901632308959961e+00
1.016205430030822754e+00,8.090908527374267578e-01
1.051959514617919922e+00,9.109181165695190430e-01
1.304630517959594727e+00,1.545927226543426514e-01
1.043570160865783691e+00,1.030905008316040039e+00
-9.385418891906738281e-01,-9.858360290527343750e-01
1.320348858833312988e+00,-5.995979160070419312e-02
1.009580492973327637e+00,-9.798340797424316406e-01
1.109950691461563110e-01,1.414527416229248047e+00
9.842704534530639648e-01,6.501197814941406250e-01
-1.055705666542053223e+00,-1.118395328521728516e+00
1.451583504676818848e+00,3.907050937414169312e-02
-1.576493680477142334e-01,-1.338863968849182129e+00
-1.343745589256286621e+00,-4.052437096834182739e-02
1.369613051414489746e+00,6.388766318559646606e-02
7.388592958450317383e-01,-1.093838930130004883e+00
-2.724244594573974609e-01,1.358044266700744629e+00
1.548865437507629395e-01,1.436598062515258789e+00
1.337262511253356934e+00,-3.023538738489151001e-02
-8.270622491836547852e-01,9.380481243133544922e-01
-1.342690348625183105e+00,1.067866802215576172e+00
9.431407451629638672e-01,-1.017949223518371582e+00
-9.497654438018798828e-01,9.709651470184326172e-01
-8.964020013809204102e-02,-1.424896836280822754e+00
1.324926733970642090e+00,1.363770067691802979e-01
1.375195741653442383e+00,-1.089949160814285278e-02
-1.401874184608459473e+00,1.505447924137115479e-01
1.314730525016784668e+00,-7.618533819913864136e-02
-1.022257924079895020e+00,1.236872434616088867e+00
1.370030522346496582e+00,2.975990623235702515e-02
9.914348125457763672e-01,1.044154167175292969e+00
1.017417430877685547e+00,7.286386489868164062e-01
-9.915252923965454102e-01,-1.040872573852539062e+00
8.582354784011840820e-01,1.024732947349548340e+00
-1.231799244880676270e+00,1.074047565460205078e+00
-1.794767737388610840e+00,5.543573945760726929e-02
1.282738327980041504e+00,-1.469158381223678589e-02
-8.650670945644378662e-02,-1.399403929710388184e+00
-9.089302420616149902e-01,1.054659962654113770e+00
9.326036572456359863e-01,-1.143277168273925781e+00
-1.083512783050537109e+00,-1.032694935798645020e+00
-9.558472037315368652e-02,-1.379322528839111328e+00
1.343058943748474121e+00,8.032687008380889893e-03
-1.145996689796447754e+00,-5.883805751800537109e-01
-1.151844486594200134e-02,1.389750480651855469e+00
9.232870936393737793e-01,1.036044120788574219e+00
-2.378347143530845642e-02,-1.351819634437561035e+00
-9.955567121505737305e-01,9.862439632415771484e-01
-1.054010540246963501e-01,-1.346073627471923828e+00
-1.504499316215515137e+00,2.701649814844131470e-02
8.999856710433959961e-01,1.024244070053100586e+00
9.405333995819091797e-01,8.258638978004455566e-01
-1.219386696815490723e+00,3.862796425819396973e-01
9.957575798034667969e-01,1.042047381401062012e+00
-1.397785186767578125e+00,-6.918256282806396484e-01
-1.257106661796569824e+00,1.193439245223999023e+00
9.905931949615478516e-01,8.069621920585632324e-01
9.742175340652465820e-01,9.904881715774536133e-01
1.361667037010192871e+00,1.035244986414909363e-01
-1.042543053627014160e+00,7.843406796455383301e-01
1.232727244496345520e-02,1.364688158035278320e+00
9.141622185707092285e-01,8.665556907653808594e-01
-1.115209698677062988e+00,9.139794707298278809e-01
1.065025091171264648e+00,1.002694129943847656e+00
1.128533959388732910e+00,1.045099139213562012e+00
5.682379379868507385e-02,1.420840024948120117e+00
9.860047101974487305e-01,-1.034427285194396973e+00
-1.059482336044311523e+00,1.070064902305603027e+00
-1.377880930900573730e+00,4.582834988832473755e-02
9.155192971229553223e-01,1.029553532600402832e+00
-1.490285992622375488e+00,-1.420217007398605347e-02
1.339055538177490234e+00,-4.563875496387481689e-03
1.330075383186340332e+00,1.576668769121170044e-02
-8.429509401321411133e-02,-1.479429125785827637e+00
-1.027336359024047852e+00,1.082197070121765137e+00
-1.111636996269226074e+00,1.210313439369201660e+00
-1.443598419427871704e-01,1.535022377967834473e+00
8.092416524887084961e-01,1.086707353591918945e+00
-7.291555404663085938e-02,-1.323806047439575195e+00
8.688623309135437012e-01,1.096062541007995605e+00
8.427565097808837891e-01,1.032433986663818359e+00
6.881812214851379395e-02,1.428246259689331055e+00
-1.021390795707702637e+00,-1.154671311378479004e+00
-5.226179584860801697e-02,-1.290042042732238770e+00
-1.009441137313842773e+00,1.191199183464050293e+00
-1.103861331939697266e+00,1.077210232615470886e-01
1.046002984046936035e+00,9.488065242767333984e-01
-9.076080322265625000e-01,1.013289928436279297e+00
-1.074902415275573730e+00,1.125821828842163086e+00
9.496902823448181152e-01,1.035019516944885254e+00
-2.302971109747886658e-02,1.509637832641601562e+00
9.044177532196044922e-01,-1.029993414878845215e+00
1.244503557682037354e-01,-1.402536153793334961e+00
-2.119972929358482361e-02,-1.309380412101745605e+00
1.265064597129821777e+00,-7.254422456026077271e-02
-1.287454009056091309e+00,1.103508830070495605e+00
-1.002355813980102539e+00,-1.034627437591552734e+00
1.045248627662658691e+00,-9.364118576049804688e-01
-1.256792426109313965e+00,1.184730410575866699e+00
-1.481163144111633301e+00,9.621324390172958374e-02
-1.220468878746032715e+00,-1.025719165802001953e+00
3.413015976548194885e-02,1.473121643066406250e+00
-9.440809488296508789e-01,-1.023881912231445312e+00
-9.024971127510070801e-01,1.037756204605102539e+00
4.985957145690917969e-01,-1.304085135459899902e+00
8.982678055763244629e-01,-1.089691638946533203e+00
-9.883502125740051270e-01,1.108314633369445801e+00
-1.404528021812438965e+00,7.664941996335983276e-02
-1.465479493141174316e+00,-5.790593475103378296e-02
-1.051508903503417969e+00,-1.026426434516906738e+00
9.783246517181396484e-01,-8.810892105102539062e-01
-6.904680728912353516e-01,1.276005625724792480e+00
-1.006057739257812500e+00,-9.925006628036499023e-01
1.364667892456054688e+00,-1.304271817207336426e-01
7.819768190383911133e-01,-9.210474491119384766e-01
1.020967841148376465e+00,9.089705944061279297e-01
1.218520164489746094e+00,-9.728329628705978394e-02
-1.445603251457214355e+00,9.277459233999252319e-02
-1.023182511329650879e+00,9.044352769851684570e-01
-1.435928463935852051e+00,2.020438611507415771e-01
1.332040429115295410e+00,1.909774839878082275e-01
-2.203838154673576355e-02,-1.272742986679077148e+00
-6.587427854537963867e-02,1.474736332893371582e+00
5.839749053120613098e-02,-1.447384357452392578e+00
-2.061983570456504822e-02,-1.489260196685791016e+00
-1.533323645591735840e+00,2.064913213253021240e-01
-1.282661408185958862e-01,1.389984607696533203e+00
1.251644015312194824e+00,1.972596347332000732e-01
-3.103854879736900330e-02,1.447694301605224609e+00
-1.457043051719665527e+00,-1.191518828272819519e-01
-1.070933461189270020e+00,-9.708720445632934570e-01
-1.265391945838928223e+00,-5.313659459352493286e-02
9.147199988365173340e-02,1.364777445793151855e+00
-9.925065040588378906e-01,-1.104785680770874023e+00
-9.797115921974182129e-01,1.007519841194152832e+00
-9.463737607002258301e-01,-1.063464283943176270e+00
9.121619462966918945e-01,9.525073170661926270e-01
8.399102687835693359e-01,-1.062394976615905762e+00
9.910989999771118164e-01,9.053772091865539551e-01
-1.220362305641174316e+00,1.264227747917175293e+00
1.030056357383728027e+00,-8.866984248161315918e-01
-2.783500775694847107e-02,-1.434313178062438965e+00
-9.387151002883911133e-01,9.586119651794433594e-01
-6.203810498118400574e-02,1.502061605453491211e+00
1.420790672302246094e+00,1.123928278684616089e-02
-1.153143286705017090e+00,1.270252466201782227e+00
-1.187947154045104980e+00,8.270531147718429565e-02
1.471505880355834961e+00,9.545084089040756226e-02
3.144811466336250305e-02,1.532656908035278320e+00
1.798834353685379028e-01,1.309372425079345703e+00
7.445633411407470703e-01,1.173312067985534668e+00
-9.776057004928588867e-01,1.499967455863952637e+00
1.433213949203491211e-01,1.449986815452575684e+00
-5.857537314295768738e-02,-1.499179840087890625e+00
9.784127473831176758e-01,1.035052061080932617e+00
1.551178097724914551e+00,-1.595603674650192261e-02
1.345615983009338379e+00,-9.004857391119003296e-02
-1.733474612236022949e+00,-2.774231135845184326e-03
9.183630347251892090e-01,-8.586536645889282227e-01
-1.050221771001815796e-01,-1.471954941749572754e+00
-9.244411587715148926e-01,8.049794435501098633e-01
8.842085003852844238e-01,1.085583567619323730e+00
-1.781778931617736816e+00,6.792271882295608521e-02
7.673819661140441895e-01,1.022549152374267578e+00
1.294041275978088379e+00,-5.064748227596282959e-03
1.098263621330261230e+00,-1.042667031288146973e+00
-1.195364356040954590e+00,1.263196945190429688e+00
9.429216980934143066e-01,9.725105762481689453e-01
1.007322907447814941e+00,1.058849692344665527e+00
1.404091358184814453e+00,1.324183344841003418e-01
-5.610426887869834900e-02,1.491795063018798828e+00
1.254755377769470215e+00,7.268792986869812012e-01
1.451175808906555176e+00,-6.684621423482894897e-02
-9.763029813766479492e-01,-1.106148242950439453e+00
1.773955225944519043e-01,-1.351598978042602539e+00
-1.278188347816467285e+00,1.053770661354064941e+00
-1.147121906280517578e+00,1.196595311164855957e+00
1.202194571495056152e+00,-6.945886462926864624e-02
-1.373972654342651367e+00,1.137913227081298828e+00
-1.307350993156433105e+00,-1.515408456325531006e-01
9.566985368728637695e-01,8.361552357673645020e-01
1.435163140296936035e+00,1.495667546987533569e-02
-1.154254317283630371e+00,1.466666936874389648e+00
1.736849248409271240e-01,1.387601852416992188e+00
-5.406181141734123230e-02,-1.356349110603332520e+00
-1.312055706977844238e+00,1.752115786075592041e-03
-1.077554941177368164e+00,-9.662157297134399414e-01
-1.047355771064758301e+00,1.016734004020690918e+00
-1.088336586952209473e+00,-1.032384991645812988e+00
-1.129358261823654175e-01,1.342607736587524414e+00
-1.005920529365539551e+00,1.119834184646606445e+00
1.337426781654357910e+00,-6.084742397069931030e-02
-1.010245800018310547e+00,9.403992891311645508e-01
-9.283751249313354492e-01,-9.679694175720214844e-01
1.424298167228698730e+00,5.758426338434219360e-02
1.452976584434509277e+00,5.464080721139907837e-02
9.590182900428771973e-01,-9.327010512351989746e-01
-5.288210138678550720e-02,-1.306978464126586914e+00
1.392671942710876465e+00,-7.066958397626876831e-02
7.176566869020462036e-03,1.348882198333740234e+00
-3.422463238239288330e-01,1.406344890594482422e+00
-5.939729139208793640e-02,-1.377213716506958008e+00
9.750334024429321289e-01,-9.285899996757507324e-01
-9.704718589782714844e-01,-1.057255029678344727e+00
1.032992005348205566e+00,1.056565046310424805e+00
-1.063567042350769043e+00,-1.044268608093261719e+00
8.816940188407897949e-01,1.008403658866882324e+00
1.345214247703552246e+00,3.888384252786636353e-02
-9.960098862648010254e-01,-1.069026231765747070e+00
-9.303489923477172852e-01,1.275070905685424805e+00
8.377299308776855469e-01,1.055237412452697754e+00
-1.065669655799865723e+00,1.114881396293640137e+00
-5.762970075011253357e-02,1.504668235778808594e+00
1.063160300254821777e+00,8.981071710586547852e-01
1.074529051780700684e+00,-8.469458818435668945e-01
-8.685640692710876465e-01,1.049200415611267090e+00
1.254223823547363281e+00,-2.353055030107498169e-02
-1.462938427925109863e+00,2.881201803684234619e-01
-1.128578931093215942e-01,1.405877709388732910e+00
1.347562909126281738e+00,1.830499619245529175e-02
9.829956293106079102e-02,1.404698133468627930e+00
-6.817927360534667969e-01,1.140984654426574707e+00
-1.039368629455566406e+00,1.270263910293579102e+00
-9.916168451309204102e-01,-1.038264751434326172e+00
1.037438273429870605e+00,9.964941740036010742e-01
-1.473315834999084473e+00,9.190062433481216431e-02
-9.389634132385253906e-01,-9.995628595352172852e-01
8.458845317363739014e-02,1.251908063888549805e+00
-1.165512919425964355e+00,-8.827292323112487793e-01
-1.254847764968872070e+00,2.442826330661773682e-01
-1.598010659217834473e+00,5.500137060880661011e-02
-9.256982803344726562e-02,1.293653726577758789e+00
-1.545030996203422546e-02,1.440865516662597656e+00
-1.083518192172050476e-02,-1.354634642601013184e+00
-1.032411456108093262e+00,1.237535119056701660e+00
-8.843601346015930176e-01,-9.200571775436401367e-01
-1.003782391548156738e+00,9.382554292678833008e-01
9.323000907897949219e-01,9.167462587356567383e-01
-7.722742855548858643e-02,1.429547309875488281e+00
1.042286276817321777e+00,-1.058085918426513672e+00
-8.269410729408264160e-01,1.096892714500427246e+00
-5.664791911840438843e-03,-1.351783275604248047e+00
6.246394291520118713e-02,1.531730651855468750e+00
-9.133583307266235352e-02,-1.440432190895080566e+00
-9.498369097709655762e-01,1.014085173606872559e+00
-1.101982235908508301e+00,9.485995173454284668e-01
-1.017735958099365234e+00,1.054172158241271973e+00
1.422082185745239258e+00,-1.010274142026901245e-02
-1.473983883857727051e+00,1.042124852538108826e-01
1.451173901557922363e+00,2.231007069349288940e-02
-1.014251634478569031e-02,1.485854029655456543e+00
-9.640516042709350586e-01,-1.086509704589843750e+00
4.141663387417793274e-02,1.203715801239013672e+00
-1.573644638061523438e+00,1.719618588685989380e-02
6.224060654640197754e-01,-1.117175936698913574e+00
9.246220588684082031e-01,9.962288141250610352e-01
-9.364005327224731445e-01,1.021465420722961426e+00
9.944857358932495117e-01,1.026148319244384766e+00
1.462430119514465332e+00,-2.336988598108291626e-02
9.748040437698364258e-01,-1.098487496376037598e+00
-1.199815630912780762e+00,1.037543535232543945e+00
-1.071611523628234863e+00,-9.281760454177856445e-01
1.302156567573547363e+00,1.102625802159309387e-01
1.060398697853088379e+00,-9.053238034248352051e-01
-4.445860981941223145e-01,1.386208057403564453e+00
-1.296918839216232300e-03,1.495686173439025879e+00
-9.686007499694824219e-01,1.081656575202941895e+00
-1.280257940292358398e+00,1.518829345703125000e+00
1.351989626884460449e+00,-1.404310166835784912e-01
-1.162528514862060547e+00,-9.082137346267700195e-01
1.134713768959045410e+00,1.003303289413452148e+00
-1.499471068382263184e+00,-1.651658862829208374e-02
1.612270250916481018e-02,-1.435490131378173828e+00
-9.915377497673034668e-01,1.004667878150939941e+00
4.043384268879890442e-02,-1.370985269546508789e+00
-1.089852929115295410e+00,7.414662837982177734e-01
-1.037209153175354004e+00,-8.569684624671936035e-01
1.360579133033752441e+00,-1.289234161376953125e-01
9.410212039947509766e-01,-9.506524801254272461e-01
-9.305951595306396484e-01,-1.102062463760375977e+00
9.852837324142456055e-01,9.786447882652282715e-01
-1.393654644489288330e-01,-1.319956302642822266e+00
-9.017118215560913086e-01,8.776295185089111328e-01
1.040176868438720703e+00,-1.038424968719482422e+00
-9.831444025039672852e-01,1.153288125991821289e+00
-8.918681144714355469e-01,9.826080799102783203e-01
9.303296208381652832e-01,-9.399605989456176758e-01
8.997850418090820312e-01,1.130500793457031250e+00
-1.033840298652648926e+00,1.090440273284912109e+00
8.198142647743225098e-01,-1.134789466857910156e+00
-8.201442658901214600e-02,1.380159497261047363e+00
-6.239471957087516785e-02,-1.437675714492797852e+00
-9.275195598602294922e-01,9.930180311203002930e-01
9.803043603897094727e-01,1.072747111320495605e+00
-1.576948285102844238e+00,-1.087269932031631470e-02
-7.543085515499114990e-02,-1.363226771354675293e+00
7.275636792182922363e-01,-1.184988498687744141e+00
4.476510360836982727e-02,1.262507438659667969e+00
-1.020478010177612305e+00,1.190012812614440918e+00
-1.106150507926940918e+00,1.172277569770812988e+00
-2.249145209789276123e-01,1.733973383903503418e+00
1.471949100494384766e+00,-9.694926440715789795e-03
-1.096765398979187012e+00,1.022340536117553711e+00
1.308726668357849121e+00,-1.506180763244628906e-01
-1.150164008140563965e+00,1.216515541076660156e+00
-1.287923902273178101e-01,1.470033168792724609e+00
-9.733554124832153320e-01,1.091035723686218262e+00
-1.037840723991394043e+00,-1.003023266792297363e+00
1.442819476127624512e+00,5.620295554399490356e-02
1.382853388786315918e+00,-5.545366555452346802e-02
-1.713556766510009766e+00,-5.621664226055145264e-03
-1.073778867721557617e+00,-8.566012978553771973e-01
-1.346715211868286133e+00,1.360840201377868652e+00
-8.800389170646667480e-01,-9.607011079788208008e-01
-1.037851333618164062e+00,1.020537495613098145e+00
1.012683987617492676e+00,1.055312991142272949e+00
-8.987508714199066162e-02,-1.278235077857971191e+00
9.852621704339981079e-03,1.364527702331542969e+00
2.102682888507843018e-01,-1.349113464355468750e+00
-9.641481637954711914e-01,1.079471707344055176e+00
-9.026798605918884277e-02,-1.372459411621093750e+00
1.415001392364501953e+00,-4.027453809976577759e-02
1.213445782661437988e+00,-2.798348367214202881e-01
8.829025924205780029e-02,-1.367047786712646484e+00
-1.147649765014648438e+00,1.145698189735412598e+00
1.416460156440734863e+00,1.520030200481414795e-01
-1.131996154785156250e+00,1.118594646453857422e+00
-9.024329185485839844e-01,-1.027358889579772949e+00
-6.645253300666809082e-02,-1.226479411125183105e+00
9.276437759399414062e-01,-9.843320846557617188e-01
-8.024928569793701172e-01,9.059329032897949219e-01
-1.287422329187393188e-01,1.363338947296142578e+00
-1.059510588645935059e+00,-1.002419590950012207e+00
9.982088804244995117e-01,-1.031817674636840820e+00
5.782593041658401489e-03,1.460996866226196289e+00
1.312127470970153809e+00,1.890034079551696777e-01
-1.541357755661010742e+00,1.309417009353637695e+00
-8.218482732772827148e-01,1.131021142005920410e+00
1.124727845191955566e+00,9.157216548919677734e-01
-1.440509915351867676e+00,6.780040264129638672e-01
9.342138767242431641e-01,1.298270940780639648e+00
-1.065610051155090332e+00,1.155609965324401855e+00
8.289822936058044434e-01,-9.480392932891845703e-01
-1.449238300323486328e+00,4.279829561710357666e-03
1.030832886695861816e+00,1.064761161804199219e+00
1.410766318440437317e-02,1.320456504821777344e+00
1.055078625679016113e+00,-9.311996102333068848e-01
7.297192513942718506e-02,1.391786456108093262e+00
-8.782629966735839844e-01,1.084359049797058105e+00
-1.391742706298828125e+00,-2.352249622344970703e-02
1.123379707336425781e+00,1.142708182334899902e+00
-1.746182560920715332e+00,1.775074005126953125e-01
-9.618787765502929688e-01,-1.099134325981140137e+00
8.396435976028442383e-01,-9.538923501968383789e-01
1.356515765190124512e+00,-7.200580090284347534e-02
9.246839284896850586e-01,-9.342880249023437500e-01
-1.573421359062194824e+00,1.994354724884033203e-01
-1.276498913764953613e+00,7.231082767248153687e-02
-7.326772809028625488e-02,-1.320358276367187500e+00
-1.713741660118103027e+00,8.780541270971298218e-02
-1.553924202919006348e+00,-1.877697557210922241e-02
9.191256165504455566e-01,-9.142290353775024414e-01
1.328876018524169922e+00,-5.215153843164443970e-02
1.821500435471534729e-02,1.336249589920043945e+00
-8.955566883087158203e-01,9.240892529487609863e-01
-1.525605022907257080e-01,1.540301203727722168e+00
-9.525556564331054688e-01,1.049056887626647949e+00
-8.525898456573486328e-01,1.120601654052734375e+00
9.735866785049438477e-01,-9.688510894775390625e-01
-1.281009674072265625e+00,5.003029853105545044e-02
-5.201440304517745972e-03,1.300836920738220215e+00
-1.118706345558166504e+00,-8.708367943763732910e-01
-1.225757241249084473e+00,1.279506683349609375e+00
-1.428608775138854980e+00,-3.923352956771850586e-01
-1.382105112075805664e+00,-7.711838930845260620e-02
1.053532004356384277e+00,1.017758846282958984e+00
9.427899122238159180e-01,-8.616017103195190430e-01
-1.723763465881347656e+00,1.120592281222343445e-01
-1.332142710685729980e+00,1.858679950237274170e-01
-1.152942925691604614e-01,1.412551641464233398e+00
8.981937766075134277e-01,-9.584708213806152344e-01
-1.020240068435668945e+00,-1.172885537147521973e+00
-9.918783903121948242e-01,1.001984953880310059e+00
-1.542513966560363770e+00,1.133561968803405762e+00
-9.920647740364074707e-01,-1.007893562316894531e+00
4.621971845626831055e-01,1.079471230506896973e+00
-1.307452440261840820e+00,6.916678696870803833e-02
1.407656192779541016e+00,-1.493018865585327148e-01
3.030427172780036926e-02,1.482518196105957031e+00
-9.007872939109802246e-01,9.103868007659912109e-01
-1.403712153434753418e+00,6.369038820266723633e-01
-9.721265435218811035e-01,-1.027670264244079590e+00
-1.111831426620483398e+00,-8.911232948303222656e-01
-1.064616680145263672e+00,1.070704579353332520e+00
-1.082360982894897461e+00,1.175674080848693848e+00
9.269912838935852051e-01,-9.248690605163574219e-01
-1.156497478485107422e+00,9.979581832885742188e-01
-1.243034005165100098e+00,1.214558839797973633e+00
-1.049566864967346191e+00,1.889989972114562988e-01
-1.046173453330993652e+00,1.081730246543884277e+00
1.073150873184204102e+00,1.030423641204833984e+00
1.244623184204101562e+00,-8.879143744707107544e-02
-1.392751559615135193e-02,-1.312985658645629883e+00
1.311100482940673828e+00,-4.318723827600479126e-02
-2.912491187453269958e-02,1.348790884017944336e+00
5.246766284108161926e-02,1.413038849830627441e+00
-1.463554054498672485e-01,-1.314397931098937988e+00
7.953473925590515137e-01,-1.110010504722595215e+00
-1.152259558439254761e-01,-1.494217157363891602e+00
-1.118007779121398926e+00,1.179794073104858398e+00
-9.900414943695068359e-01,-1.062010645866394043e+00
-1.209711670875549316e+00,1.239251136779785156e+00
9.804873466491699219e-01,9.918121695518493652e-01
-1.532615572214126587e-01,-1.377298712730407715e+00
8.838821053504943848e-01,-1.085850954055786133e+00
8.384823799133300781e-01,-1.023840069770812988e+00
9.159708619117736816e-01,8.976874351501464844e-01
-9.887083768844604492e-01,1.058413386344909668e+00
9.879237413406372070e-01,-9.859510660171508789e-01
-1.096131205558776855e+00,1.108898401260375977e+00
-1.425318837165832520e+00,1.343444287776947021e-01
1.405139327049255371e+00,-3.431225568056106567e-02
-1.447584509849548340e+00,-6.570748239755630493e-02
-1.233821749687194824e+00,9.386751651763916016e-01
-1.166788458824157715e+00,-7.030482292175292969e-01
1.453232526779174805e+00,-2.098833322525024414e-01
-1.192322731018066406e+00,1.597385406494140625e-01
-1.488852620124816895e+00,-2.540778368711471558e-02
-7.868474721908569336e-02,-1.426850557327270508e+00
-1.327807545661926270e+00,7.095468789339065552e-02
-1.036535143852233887e+00,1.022142887115478516e+00
1.490904569625854492e+00,-3.948337584733963013e-02
9.071483612060546875e-01,-9.181687235832214355e-01
9.165592789649963379e-01,-9.956444501876831055e-01
1.394996345043182373e-01,1.429206371307373047e+00
1.390290379524230957e+00,-2.005182951688766479e-02
-1.484858393669128418e+00,7.309075444936752319e-02
-1.464339852333068848e+00,-9.053833782672882080e-03
9.238569736480712891e-01,9.644555449485778809e-01
-1.630781218409538269e-02,1.381086468696594238e+00
9.845743179321289062e-01,-9.557557106018066406e-01
-6.248323246836662292e-02,-1.281262040138244629e+00
8.922446966171264648e-01,-1.085851311683654785e+00
1.508620858192443848e+00,3.552780300378799438e-02
-4.067417606711387634e-02,1.397135734558105469e+00
-1.387801766395568848e+00,-4.666320234537124634e-02
9.236600399017333984e-01,-8.911980390548706055e-01
-1.041390061378479004e+00,-9.494531154632568359e-01
-3.732590004801750183e-02,1.659864068031311035e+00
-1.112168192863464355e+00,1.129811644554138184e+00
-1.263175457715988159e-01,-1.419185042381286621e+00
-2.606659829616546631e-01,1.557588577270507812e+00
-8.960807323455810547e-01,7.888971567153930664e-01
-1.047214269638061523e+00,9.425965547561645508e-01
-1.551244378089904785e+00,1.224008724093437195e-01
-1.055513858795166016e+00,-1.004570245742797852e+00
9.589946269989013672e-01,-9.716985225677490234e-01
-1.481908798217773438e+00,-2.598490566015243530e-02
-1.110134959220886230e+00,1.204362273216247559e+00
-1.162121653556823730e+00,1.383118987083435059e+00
-2.862734720110893250e-02,-1.423273086547851562e+00
-4.228408262133598328e-02,-1.483374953269958496e+00
1.047314167022705078e+00,1.012629628181457520e+00
9.077303409576416016e-01,9.867713451385498047e-01
7.021404802799224854e-02,-1.450615644454956055e+00
9.442023038864135742e-01,1.152410984039306641e+00
-1.101325511932373047e+00,1.118532061576843262e+00
9.064722657203674316e-01,8.926005363464355469e-01
-1.040982842445373535e+00,1.002375602722167969e+00
-9.622843265533447266e-01,1.039358496665954590e+00
9.430823326110839844e-01,-9.744008779525756836e-01
-2.362119778990745544e-02,1.381104707717895508e+00
-6.221189722418785095e-02,-1.505449771881103516e+00
-2.699857577681541443e-02,1.604879021644592285e+00
-3.185280784964561462e-02,-1.502181291580200195e+00
5.155922845005989075e-02,-1.449942588806152344e+00
8.103284239768981934e-02,1.514193415641784668e+00
1.166611015796661377e-01,1.212383031845092773e+00
9.479314088821411133e-01,-1.035424113273620605e+00
-1.296044826507568359e+00,-5.169218778610229492e-01
-1.367835879325866699e+00,1.396750450134277344e+00
1.323155760765075684e+00,1.596510410308837891e-01
-1.245779871940612793e+00,1.276493549346923828e+00
-1.305185317993164062e+00,7.675888389348983765e-02
9.300974011421203613e-02,-1.426514387130737305e+00
1.334002733230590820e+00,1.376070380210876465e-01
-9.203245639801025391e-01,1.108071446418762207e+00
-9.350168108940124512e-01,-1.107009887695312500e+00
-4.599915072321891785e-02,-1.364888787269592285e+00
-1.272932410240173340e+00,1.351334095001220703e+00
-5.704913660883903503e-02,-1.425007343292236328e+00
-1.039440274238586426e+00,-1.045283079147338867e+00
1.588773727416992188e-01,1.503852367401123047e+00
1.659557595849037170e-02,1.338757038116455078e+00
-7.083299160003662109e-01,9.906557202339172363e-01
-1.150955319404602051e+00,6.796281784772872925e-02
1.000973105430603027e+00,9.516133069992065430e-01
-9.660353660583496094e-01,-1.046540617942810059e+00
1.311829686164855957e+00,-9.374327957630157471e-03
-1.391862034797668457e+00,-1.190579682588577271e-02
-9.653266668319702148e-01,-1.014246940612792969e+00
-8.119415491819381714e-03,1.397193431854248047e+00
1.283525109291076660e+00,2.262315899133682251e-02
3.589450195431709290e-02,1.473092675209045410e+00
-9.043250679969787598e-01,1.129040002822875977e+00
1.008172988891601562e+00,1.013329744338989258e+00
-1.142916321754455566e+00,1.347050428390502930e+00
-9.572936892509460449e-01,1.124095201492309570e+00
-3.322372958064079285e-02,1.550836801528930664e+00
-1.218413949012756348e+00,1.182358503341674805e+00
1.028844475746154785e+00,-1.065337181091308594e+00
1.390337347984313965e+00,-3.626526147127151489e-02
1.406664013862609863e+00,9.287074953317642212e-02
-1.176967620849609375e+00,1.145140886306762695e+00
-9.301230907440185547e-01,-1.119433641433715820e+00
-1.259596705436706543e+00,1.088544249534606934e+00
1.282648324966430664e+00,-5.612448602914810181e-02
9.435019493103027344e-01,-9.706635475158691406e-01
-1.451591730117797852e+00,-1.067737564444541931e-01
-2.249724417924880981e-01,1.348782777786254883e+00
-8.909531831741333008e-01,1.060473203659057617e+00
-4.379925727844238281e-01,1.642232418060302734e+00
-1.608680367469787598e+00,1.216588690876960754e-01
1.286821722984313965e+00,-1.316684186458587646e-01
-9.921171069145202637e-01,1.175973892211914062e+00
-8.714931011199951172e-01,-1.032424569129943848e+00
-7.155841588973999023e-02,-1.274654507637023926e+00
9.587019085884094238e-01,-9.143692255020141602e-01
9.896553754806518555e-01,-9.692158699035644531e-01
-1.963059008121490479e-01,-1.400455117225646973e+00
-1.374933242797851562e+00,-4.567261785268783569e-02
1.324302792549133301e+00,-1.640226691961288452e-02
9.634474515914916992e-01,9.419628381729125977e-01
-5.157377570867538452e-03,1.434931993484497070e+00
9.785263538360595703e-01,9.410731196403503418e-01
1.275596380233764648e+00,1.362962424755096436e-01
-9.647223949432373047e-01,-1.019984006881713867e+00
-1.054039239883422852e+00,-1.041301846504211426e+00
1.042611837387084961e+00,-8.673022985458374023e-01
-9.648042917251586914e-01,1.349624633789062500e+00
1.279457092285156250e+00,7.996063679456710815e-02
9.764456748962402344e-01,-1.100770115852355957e+00
-1.052731871604919434e+00,9.973673224449157715e-01
8.475149869918823242e-01,-1.012714266777038574e+00
-1.092760801315307617e+00,-9.753437042236328125e-01
-9.868614673614501953e-01,-1.003530979156494141e+00
1.317961812019348145e+00,-7.561199367046356201e-03
1.103568434715270996e+00,9.876806735992431641e-01
-1.410191416740417480e+00,-2.360642701387405396e-02
-1.488672018051147461e+00,-1.656367480754852295e-01
1.363273620605468750e+00,6.767291575670242310e-02
-7.712326049804687500e-01,1.144288897514343262e+00
9.704192876815795898e-01,9.033280611038208008e-01
-1.636046051979064941e+00,3.342876583337783813e-02
-2.323062345385551453e-02,-1.327453851699829102e+00
2.042267620563507080e-01,1.417367458343505859e+00
1.341985106468200684e+00,-1.288728713989257812e-01
-1.214388728141784668e+00,1.273955821990966797e+00
-9.392020702362060547e-01,-1.026553869247436523e+00
9.110314846038818359e-01,-9.331788420677185059e-01
-1.497978329658508301e+00,-4.586108773946762085e-02
-1.219862848520278931e-01,-1.287240386009216309e+00
9.388593435287475586e-01,1.007035136222839355e+00
-1.094715952873229980e+00,1.109828710556030273e+00
-1.534304022789001465e+00,1.015783101320266724e-02
1.192836880683898926e+00,5.691985040903091431e-02
8.954160213470458984e-01,-1.006653666496276855e+00
-8.301286697387695312e-01,1.356708407402038574e+00
1.043310880661010742e+00,-9.510033130645751953e-01
-1.458416700363159180e+00,-6.408561021089553833e-02
1.624325290322303772e-02,1.379595637321472168e+00
1.304835796356201172e+00,-8.337435871362686157e-02
-1.002325713634490967e-01,-1.415661096572875977e+00
-1.207526683807373047e+00,1.316103816032409668e+00
-1.159677982330322266e+00,1.289395689964294434e+00
-2.239678800106048584e-01,1.461199283599853516e+00
-1.035931825637817383e+00,1.228478789329528809e+00
-2.898734062910079956e-03,-1.344826459884643555e+00
-1.373843073844909668e+00,1.029408693313598633e+00
-5.797955021262168884e-02,-1.352483034133911133e+00
-8.860525488853454590e-02,1.435827255249023438e+00
-1.343105733394622803e-01,-1.463882446289062500e+00
-1.773684844374656677e-02,1.606674432754516602e+00
1.406819462776184082e+00,-4.143940657377243042e-02
-1.060270071029663086e+00,-7.072368264198303223e-01
9.014084339141845703e-01,-1.024505496025085449e+00
-1.014782786369323730e+00,-1.094662785530090332e+00
-1.164088368415832520e+00,1.266751646995544434e+00
-8.786074519157409668e-01,-8.842831850051879883e-01
-2.887875959277153015e-02,-1.428393840789794922e+00
-1.125018000602722168e+00,9.653124809265136719e-01
-3.669684827327728271e-01,1.281419157981872559e+00
-6.000870093703269958e-02,-1.441388845443725586e+00
2.696700766682624817e-02,-1.442278146743774414e+00
-1.614415764808654785e+00,9.260288476943969727e-01
-1.392995715141296387e+00,3.944862633943557739e-02
1.466107070446014404e-01,1.460430622100830078e+00
4.276815801858901978e-03,-1.467449426651000977e+00
1.145112156867980957e+00,-4.980350732803344727e-01
-1.256327033042907715e+00,1.194043874740600586e+00
-1.124654114246368408e-01,-1.445785164833068848e+00
-1.531271576881408691e+00,-1.034707576036453247e-02
-1.157204747200012207e+00,1.149694681167602539e+00
-6.039282307028770447e-02,-1.460968255996704102e+00
-1.245685666799545288e-01,-1.380989432334899902e+00
9.254109859466552734e-01,1.058501720428466797e+00
-1.157660126686096191e+00,-2.592733204364776611e-01
-9.150661826133728027e-01,-1.092404842376708984e+00
1.309796929359436035e+00,-9.835297614336013794e-02
-1.279469132423400879e+00,8.950898051261901855e-01
-7.051198482513427734e-01,-1.109096527099609375e+00
-1.082972407341003418e+00,1.090481281280517578e+00
-1.108579635620117188e+00,1.140875101089477539e+00
1.313561201095581055e+00,-9.447070211172103882e-02
1.312664151191711426e+00,-2.519039064645767212e-02
1.017790794372558594e+00,-9.380372166633605957e-01
-8.439062535762786865e-02,1.419579505920410156e+00
-1.046539902687072754e+00,1.027632713317871094e+00
-1.342176556587219238e+00,-1.381510198116302490e-01
-9.577175974845886230e-01,-1.015088796615600586e+00
-9.480639696121215820e-01,1.038255810737609863e+00
-1.303486108779907227e+00,-9.774678200483322144e-02
-1.357262372970581055e+00,-2.824386209249496460e-02
9.255443811416625977e-01,9.707183837890625000e-01
-2.379567548632621765e-02,-1.396046161651611328e+00
-1.027975201606750488e+00,1.022991418838500977e+00
1.379069209098815918e+00,-7.466547936201095581e-02
-1.548984646797180176e+00,1.276776194572448730e-01
9.068486094474792480e-01,9.583229422569274902e-01
-1.195736527442932129e+00,1.749786436557769775e-01
1.254194021224975586e+00,7.872609049081802368e-02
-1.086994290351867676e+00,1.319070816040039062e+00
-1.548562288284301758e+00,2.493634074926376343e-02
1.259927153587341309e+00,-6.052320450544357300e-02
-1.223993778228759766e+00,7.862427234649658203e-01
-1.006567716598510742e+00,-1.077310442924499512e+00
8.995977640151977539e-01,-1.048876762390136719e+00
-1.387143969535827637e+00,6.114710122346878052e-02
9.391524791717529297e-01,9.701203107833862305e-01
-8.426147103309631348e-01,9.165195226669311523e-01
4.169121757149696350e-02,-1.380853176116943359e+00
8.808372020721435547e-01,-9.179422855377197266e-01
-9.557227492332458496e-01,-9.858387708663940430e-01
8.367345333099365234e-01,-9.943251609802246094e-01
1.010942697525024414e+00,-9.786009788513183594e-01
-1.099917054176330566e+00,-1.052294373512268066e+00
-8.652426600456237793e-01,-1.077369809150695801e+00
-1.151254534721374512e+00,1.220828652381896973e+00
-7.847087085247039795e-02,1.368348360061645508e+00
2.645153179764747620e-02,-1.358132481575012207e+00
8.955943584442138672e-01,1.105122804641723633e+00
-1.085046172142028809e+00,1.103997707366943359e+00
-7.285724878311157227e-01,1.360430598258972168e+00
1.405537962913513184e+00,-1.566201448440551758e-01
-1.121307015419006348e+00,-8.690329790115356445e-01
-6.841622292995452881e-02,1.611246705055236816e+00
8.784409761428833008e-01,-9.747409820556640625e-01
-9.627674818038940430e-01,8.763325214385986328e-01
-1.439303040504455566e+00,-5.304776132106781006e-03
1.369373917579650879e+00,9.011883288621902466e-02
-1.767894923686981201e-01,1.597093343734741211e+00
9.671299457550048828e-01,9.130047559738159180e-01
-1.307484135031700134e-02,-1.413466334342956543e+00
8.889501094818115234e-01,-1.117919445037841797e+00
-1.890802010893821716e-02,1.369807720184326172e+00
1.007478833198547363e+00,1.018908619880676270e+00
-9.415392875671386719e-01,-1.088254094123840332e+00
-1.044011235237121582e+00,1.172390460968017578e+00
-9.489256143569946289e-01,-8.895962834358215332e-01
9.627490043640136719e-01,9.673857092857360840e-01
7.877147197723388672e-02,1.391181588172912598e+00
-9.527240991592407227e-01,-1.036135435104370117e+00
-9.326244592666625977e-01,-1.129373550415039062e+00
-1.176367282867431641e+00,1.321747541427612305e+00
-1.266580447554588318e-02,1.453163385391235352e+00
9.358759522438049316e-01,-1.037940740585327148e+00
1.421685338020324707e+00,-2.449751645326614380e-02
-1.010103940963745117e+00,1.133984923362731934e+00
3.567368984222412109e-01,-1.314254760742187500e+00
8.745450377464294434e-01,-1.056283950805664062e+00
-1.039325594902038574e+00,1.170191645622253418e+00
1.380754113197326660e+00,-3.604263812303543091e-02
-1.398949474096298218e-01,-1.468385338783264160e+00
1.015613198280334473e+00,-1.066680550575256348e+00
-1.056488603353500366e-03,-1.386697292327880859e+00
-1.958475112915039062e-01,1.381786823272705078e+00
-1.380541801452636719e+00,1.097300276160240173e-01
-9.914354085922241211e-01,-9.498262405395507812e-01
-2.169397100806236267e-02,-1.394863367080688477e+00
-1.292440444231033325e-01,-1.322216153144836426e+00
-8.986254930496215820e-01,1.050499916076660156e+00
1.587069407105445862e-02,1.579366683959960938e+00
8.603895902633666992e-01,-9.704155921936035156e-01
1.388067603111267090e+00,5.100838840007781982e-03
-5.147848650813102722e-02,-1.342414379119873047e+00
4.359204322099685669e-03,1.449296116828918457e+00
1.366452336311340332e+00,-5.547779053449630737e-02
1.013335585594177246e+00,-9.879455566406250000e-01
9.384752511978149414e-01,-9.986226558685302734e-01
3.587919846177101135e-02,1.453374147415161133e+00
1.272279143333435059e+00,-7.845707237720489502e-03
-1.307435512542724609e+00,1.158981919288635254e+00
1.272527813911437988e+00,-7.433713227510452271e-02
-1.389078497886657715e+00,4.336110502481460571e-02
-1.049870729446411133e+00,-1.044968128204345703e+00
9.129022061824798584e-02,1.273307085037231445e+00
-2.755334600806236267e-02,-1.337579727172851562e+00
-6.352133750915527344e-01,1.621670007705688477e+00
2.672665193676948547e-02,1.503537654876708984e+00
-1.112450212240219116e-01,-1.345858931541442871e+00
1.517004147171974182e-02,1.415068149566650391e+00
1.320520520210266113e+00,3.927008062601089478e-02
-1.481120824813842773e+00,4.978779703378677368e-02
1.327995896339416504e+00,-1.683907210826873779e-01
-1.317471146583557129e+00,-6.962072104215621948e-02
1.278786778450012207e+00,9.061761945486068726e-02
1.053581714630126953e+00,9.796636104583740234e-01
-1.201373457908630371e+00,6.671658754348754883e-01
1.288456678390502930e+00,-1.432088017463684082e-01
-1.001721024513244629e+00,1.123265147209167480e+00
-9.758030176162719727e-01,1.020912647247314453e+00
1.254065394401550293e+00,-6.919062882661819458e-02
1.054800033569335938e+00,9.345494508743286133e-01
9.446620941162109375e-02,1.572259902954101562e+00
9.497365951538085938e-01,9.820622205734252930e-01
1.675303652882575989e-02,1.527863264083862305e+00
7.615606486797332764e-02,1.578303337097167969e+00
-1.623291969299316406e+00,6.773637980222702026e-02
1.374887466430664062e+00,5.973080545663833618e-02
1.317675352096557617e+00,-3.471489995718002319e-02
9.297305941581726074e-01,1.118817329406738281e+00
1.091200351715087891e+00,-9.555320739746093750e-01
-1.000945270061492920e-01,1.383255600929260254e+00
-1.242488503456115723e+00,-3.850402683019638062e-02
1.424512639641761780e-02,1.315004110336303711e+00
9.838415384292602539e-01,8.732973933219909668e-01
-4.571954533457756042e-02,-1.260314345359802246e+00
1.039320588111877441e+00,1.065200567245483398e+00
1.572332158684730530e-02,1.509845733642578125e+00
-8.944240808486938477e-01,1.036646723747253418e+00
-1.219312071800231934e+00,2.269112169742584229e-01
-1.506676912307739258e+00,5.472398549318313599e-02
1.326257824897766113e+00,-4.920912533998489380e-02
-1.285565495491027832e+00,1.387831926345825195e+00
9.326550364494323730e-01,9.856809377670288086e-01
-1.438855767250061035e+00,6.370797008275985718e-02
-1.438020110130310059e+00,1.232140898704528809e+00
-4.129025042057037354e-01,1.646701097488403320e+00
-1.066523313522338867e+00,1.034003019332885742e+00
-1.835856959223747253e-02,-1.448992848396301270e+00
4.300470054149627686e-01,-1.363836288452148438e+00
1.093797564506530762e+00,1.140981674194335938e+00
9.810836315155029297e-01,9.817237257957458496e-01
-1.071303129196166992e+00,-9.144205451011657715e-01
1.821988672018051147e-01,1.301236152648925781e+00
1.035564780235290527e+00,9.643408656120300293e-01
-1.379167795181274414e+00,2.663173526525497437e-02
-9.166441857814788818e-02,-1.325295925140380859e+00
-7.648056745529174805e-01,1.242801547050476074e+00
8.223514258861541748e-02,-1.337010502815246582e+00
1.321615695953369141e+00,-4.395391792058944702e-02
-1.527229428291320801e+00,7.763405889272689819e-02
-1.582534164190292358e-01,1.600340127944946289e+00
8.908592462539672852e-01,-1.004235625267028809e+00
8.613281250000000000e-01,-9.783895015716552734e-01
-1.357045650482177734e+00,-6.618636101484298706e-02
1.067320942878723145e+00,9.842919111251831055e-01
-6.540738046169281006e-02,-1.396834373474121094e+00
-1.265315264463424683e-01,-1.384581804275512695e+00
-9.632073640823364258e-01,-9.760916233062744141e-01
1.290836095809936523e+00,-6.414631754159927368e-02
-1.087647825479507446e-01,-1.394489765167236328e+00
-9.925402998924255371e-01,1.103582859039306641e+00
1.288898348808288574e+00,5.303593277931213379e-01
-9.278744459152221680e-01,1.099643945693969727e+00
-1.385619193315505981e-01,-1.332688331604003906e+00
1.038075804710388184e+00,-9.777621030807495117e-01
8.236165344715118408e-02,1.370529174804687500e+00
-1.003107056021690369e-02,-1.368498921394348145e+00
1.236742734909057617e+00,-5.654520541429519653e-02
-1.515275359153747559e+00,6.700380891561508179e-02
-8.679438829421997070e-01,9.361932873725891113e-01
9.772580862045288086e-01,8.501546978950500488e-01
1.138586163520812988e+00,-2.152007222175598145e-01
-1.180510669946670532e-01,-1.285977244377136230e+00
-3.363247215747833252e-01,1.639679193496704102e+00
1.329599380493164062e+00,-6.150384992361068726e-02
-9.676926136016845703e-01,9.945009946823120117e-01
-1.390091538429260254e+00,1.016933470964431763e-02
-1.212749361991882324e+00,1.138414502143859863e+00
-9.550788998603820801e-02,-1.449231386184692383e+00
-8.549209684133529663e-03,-1.318853616714477539e+00
-1.124297022819519043e+00,9.692943692207336426e-01
-9.813770055770874023e-01,8.188124895095825195e-01
9.323436617851257324e-01,9.239215850830078125e-01
-1.362063527107238770e+00,-1.774881035089492798e-02
-1.357300519943237305e+00,2.021228969097137451e-01
-1.183527469635009766e+00,1.191692709922790527e+00
1.330661535263061523e+00,-9.226029366254806519e-02
-1.025663971900939941e+00,1.040751695632934570e+00
1.274119257926940918e+00,9.041287004947662354e-03
2.932224050164222717e-02,-1.443899035453796387e+00
-1.289264082908630371e+00,1.200201869010925293e+00
8.706650733947753906e-01,-1.045624017715454102e+00
-9.567538499832153320e-01,-1.017686009407043457e+00
2.284687757492065430e-01,1.327674269676208496e+00
9.989030361175537109e-01,-9.943671226501464844e-01
-9.577310085296630859e-01,9.286688566207885742e-01
-7.895617485046386719e-01,9.653546214103698730e-01
8.852846622467041016e-01,9.783644676208496094e-01
-7.754018902778625488e-02,-1.365025520324707031e+00
1.456267237663269043e+00,6.972642987966537476e-02
-1.489470481872558594e+00,1.088021770119667053e-01
-4.002896547317504883e-01,-1.306664228439331055e+00
1.029044389724731445e+00,9.843341112136840820e-01
1.301082968711853027e-01,1.472189426422119141e+00
-9.855404496192932129e-01,1.031735062599182129e+00
-6.126534193754196167e-03,1.529721856117248535e+00
-1.022776126861572266e+00,-1.087545633316040039e+00
8.826512098312377930e-01,-1.033247351646423340e+00
9.658225774765014648e-01,-1.014832735061645508e+00
-2.590652555227279663e-03,1.627064704895019531e+00
-1.403516530990600586e+00,-1.933812797069549561e-01
9.738236665725708008e-01,-1.051197767257690430e+00
-9.773321747779846191e-01,1.379366517066955566e+00
1.620330289006233215e-02,-1.399166822433471680e+00
-1.334287166595458984e+00,1.174830272793769836e-01
-1.037507057189941406e+00,1.191833496093750000e+00
-1.426609307527542114e-01,-1.354835271835327148e+00
8.362914323806762695e-01,-9.728577136993408203e-01
1.358782291412353516e+00,1.104613021016120911e-01
-1.120443224906921387e+00,-8.987820744514465332e-01
-1.678813815116882324e+00,1.477037370204925537e-01
5.651165917515754700e-02,1.471996784210205078e+00
1.312417387962341309e+00,-1.449847966432571411e-02
9.823951721191406250e-01,-1.062113404273986816e+00
1.021543145179748535e-01,1.396471500396728516e+00
1.327175378799438477e+00,-1.161090359091758728e-01
4.220347478985786438e-02,1.541097521781921387e+00
1.486807227134704590e+00,1.340726763010025024e-02
1.396062016487121582e+00,-4.559837281703948975e-03
-1.099264025688171387e+00,-1.009357333183288574e+00
1.429197564721107483e-02,-1.324753522872924805e+00
1.392913818359375000e+00,-6.504365056753158569e-02
-9.281375408172607422e-01,-1.057513356208801270e+00
-7.369525730609893799e-02,-1.487292528152465820e+00
8.624203205108642578e-01,1.164034366607666016e+00
-9.543972015380859375e-01,-1.007414340972900391e+00
-1.124361395835876465e+00,4.773176908493041992e-01
-1.159075617790222168e+00,1.176907300949096680e+00
9.119421839714050293e-01,1.066149711608886719e+00
-9.267181158065795898e-01,-1.067226171493530273e+00
1.191137194633483887e+00,-5.586911439895629883e-01
-1.289886832237243652e+00,1.206258609890937805e-01
-1.419279932975769043e+00,1.752110421657562256e-01
-8.322972059249877930e-01,1.064671397209167480e+00
-9.998444318771362305e-01,-1.039999365806579590e+00
-1.263384938240051270e+00,1.147141098976135254e+00
1.376331448554992676e+00,-4.139540344476699829e-02
1.879546418786048889e-02,-1.403159618377685547e+00
-1.485712647438049316e+00,1.973797380924224854e-01
-7.952630519866943359e-01,9.606623053550720215e-01
-9.367349743843078613e-01,-8.803448677062988281e-01
-1.265706270933151245e-01,1.487996339797973633e+00
-1.293711066246032715e+00,4.956602752208709717e-01
-4.574732109904289246e-02,1.717687726020812988e+00
-2.276204153895378113e-02,1.453262090682983398e+00
9.740432500839233398e-01,-9.442662596702575684e-01
-9.582046270370483398e-01,-1.075664997100830078e+00
-4.888468608260154724e-02,-1.394090414047241211e+00
-1.166348814964294434e+00,1.280474305152893066e+00
-1.193972826004028320e+00,1.300941109657287598e+00
9.311903715133666992e-01,-1.051640272140502930e+00
8.742282390594482422e-01,-9.923183917999267578e-01
1.380796790122985840e+00,1.247659251093864441e-01
1.285641908645629883e+00,-1.965675354003906250e-01
9.565680027008056641e-01,-9.519480466842651367e-01
1.070548653602600098e+00,8.439060449600219727e-01
-1.329582333564758301e+00,6.003851443529129028e-02
7.988014817237854004e-01,-1.138827800750732422e+00
1.322444677352905273e+00,9.416453540325164795e-03
-1.021471917629241943e-01,1.492181062698364258e+00
-1.136683225631713867e+00,-5.963912010192871094e-01
-1.953914016485214233e-01,-1.365836501121520996e+00
-1.106426715850830078e+00,-9.595452547073364258e-01
1.215536892414093018e-01,1.388551712036132812e+00
8.772248625755310059e-01,-9.263290166854858398e-01
-9.459027647972106934e-01,-1.017629384994506836e+00
1.105714201927185059e+00,-9.570459127426147461e-01
8.423613905906677246e-01,-9.962166547775268555e-01
-1.379951119422912598e+00,1.281877756118774414e+00
5.953736305236816406e-01,-1.310873270034790039e+00
-1.382227301597595215e+00,-2.985145151615142822e-02
-9.347162842750549316e-01,-1.106185436248779297e+00
-1.094938397407531738e+00,1.273329734802246094e+00
-2.665607258677482605e-02,1.425608158111572266e+00
-9.635198116302490234e-02,-1.410912990570068359e+00
-1.405435800552368164e+00,-2.766882628202438354e-02
7.363278418779373169e-03,-1.295549631118774414e+00
-1.476148724555969238e+00,1.538856506347656250e+00
1.175996214151382446e-01,1.280304551124572754e+00
1.264699339866638184e+00,4.169224947690963745e-02
-1.364247351884841919e-01,-1.326380014419555664e+00
9.829291105270385742e-01,-9.889299869537353516e-01
-9.841226339340209961e-01,-1.131750822067260742e+00
-2.995608374476432800e-02,-1.422022342681884766e+00
-4.470228776335716248e-02,-1.317712545394897461e+00
6.555067002773284912e-02,1.513551831245422363e+00
6.057018414139747620e-02,-1.424871683120727539e+00
-1.554620862007141113e+00,1.582314968109130859e-01
-4.442719742655754089e-02,-1.468441367149353027e+00
-1.244607329368591309e+00,9.763913154602050781e-01
1.345214962959289551e+00,-1.202604100108146667e-01
-1.178083419799804688e-01,-1.276005744934082031e+00
-7.612974643707275391e-01,-1.083289027214050293e+00
1.194257587194442749e-01,1.324194669723510742e+00
-8.804308772087097168e-01,9.106640219688415527e-01
-1.196113467216491699e+00,-1.047398328781127930e+00
-3.083152696490287781e-02,1.457731842994689941e+00
-6.356162428855895996e-01,-1.212204933166503906e+00
1.329041957855224609e+00,5.884609371423721313e-02
1.128892302513122559e+00,9.195348620414733887e-01
1.303954482078552246e+00,-2.629242837429046631e-03
-1.304840683937072754e+00,1.330268144607543945e+00
1.678814888000488281e-01,-1.253441095352172852e+00
-1.669164299964904785e-01,-1.477378010749816895e+00
-1.533133149147033691e+00,3.990046679973602295e-03
-1.678766250610351562e+00,2.218020856380462646e-01
5.113226547837257385e-02,1.418581724166870117e+00
-1.624102517962455750e-02,1.537857294082641602e+00
4.011873155832290649e-03,1.428208470344543457e+00
-1.416920661926269531e+00,1.042918339371681213e-01
1.257117152214050293e+00,-1.217847988009452820e-01
-1.170106291770935059e+00,1.055904150009155273e+00
1.291833758354187012e+00,-7.253169268369674683e-02
-1.425033569335937500e+00,-6.462911963462829590e-01
-9.324835538864135742e-01,8.963667154312133789e-01
9.706443548202514648e-01,-1.159344792366027832e+00
-1.171926110982894897e-01,-1.282651305198669434e+00
-2.219974622130393982e-02,1.374535560607910156e+00
1.001852750778198242e+00,1.026525139808654785e+00
1.423375606536865234e+00,-4.346805065870285034e-02
-1.227641224861145020e+00,1.164258837699890137e+00
-1.426420569419860840e+00,-7.393830269575119019e-02
-9.081255197525024414e-01,-1.050746202468872070e+00
-1.378725767135620117e+00,6.082215160131454468e-02
-1.336588740348815918e+00,1.342841386795043945e+00
8.825514316558837891e-01,1.036503434181213379e+00
8.296030759811401367e-01,-1.071753263473510742e+00
8.449990749359130859e-01,-1.019585847854614258e+00
1.000914216041564941e+00,9.516732692718505859e-01
8.743971586227416992e-02,-1.424732565879821777e+00
-3.100595995783805847e-02,-1.318333745002746582e+00
9.187245368957519531e-01,1.009677410125732422e+00
1.298179745674133301e+00,4.289620369672775269e-02
-1.001273155212402344e+00,-9.504914283752441406e-01
-1.091001391410827637e+00,1.124636054039001465e+00
-8.465646207332611084e-02,-1.357630372047424316e+00
-1.136342406272888184e+00,6.607549637556076050e-02
1.308772921562194824e+00,8.867313712835311890e-02
-1.031430721282958984e+00,1.062362790107727051e+00
8.862713575363159180e-01,9.542280435562133789e-01
-9.658403396606445312e-01,-1.065221548080444336e+00
-9.851708412170410156e-01,-9.543676376342773438e-01
-1.274104952812194824e+00,1.298948884010314941e+00
1.382777571678161621e+00,-7.823414355516433716e-02
9.513440132141113281e-01,-8.759751915931701660e-01
1.254281878471374512e+00,2.103120684623718262e-01
3.425413742661476135e-02,-1.375829339027404785e+00
9.306328892707824707e-01,-9.726010560989379883e-01
-5.856184288859367371e-02,-1.466374754905700684e+00
-1.569360494613647461e+00,1.393365859985351562e+00
9.818242788314819336e-01,1.025204420089721680e+00
-1.464604139328002930e-01,-1.396164655685424805e+00
8.645957708358764648e-01,-1.014860630035400391e+00
-1.435742527246475220e-01,-1.408932328224182129e+00
1.321303009986877441e+00,7.178723067045211792e-02
-1.161317467689514160e+00,1.289509057998657227e+00
-1.282876372337341309e+00,-6.755993515253067017e-02
-3.477364405989646912e-02,-1.340916156768798828e+00
-1.324696302413940430e+00,-4.047118127346038818e-03
-1.103997945785522461e+00,1.331338435411453247e-01
9.991515874862670898e-01,-8.183435201644897461e-01
-1.026358246803283691e+00,-1.012212276458740234e+00
9.676032066345214844e-01,-1.041809558868408203e+00
-1.141620159149169922e+00,-1.060034751892089844e+00
-1.603457570075988770e+00,-4.278484731912612915e-02
1.021992444992065430e+00,8.745508193969726562e-01
-1.006550073623657227e+00,-9.207757711410522461e-01
-6.561586260795593262e-02,-1.406640172004699707e+00
9.447947144508361816e-02,1.548712015151977539e+00
-9.383516311645507812e-01,-1.174046635627746582e+00
-1.334833502769470215e+00,7.278636097908020020e-01
8.314482569694519043e-01,-9.526212215423583984e-01
-5.148361325263977051e-01,-1.289452314376831055e+00
1.033020019531250000e+00,-9.112243652343750000e-01
1.062008261680603027e+00,9.992751479148864746e-01
-1.636080145835876465e+00,2.686738073825836182e-01
1.063391327857971191e+00,9.418171644210815430e-01
-6.634967029094696045e-02,1.226768732070922852e+00
-1.073298096656799316e+00,1.013946771621704102e+00
8.602880239486694336e-01,9.926899671554565430e-01
1.333690643310546875e+00,-1.221835240721702576e-01
1.153766810894012451e-01,1.371799230575561523e+00
-1.249845147132873535e+00,1.191718578338623047e+00
1.431089997291564941e+00,5.686914175748825073e-02
-1.070496916770935059e+00,-9.930055141448974609e-01
-1.019976973533630371e+00,9.429069757461547852e-01
-1.113073945045471191e+00,-7.470102906227111816e-01
1.032445788383483887e+00,1.082284331321716309e+00
1.408758282661437988e+00,-2.401936799287796021e-02
9.788585901260375977e-01,-9.488002657890319824e-01
9.182604551315307617e-01,-1.043009042739868164e+00
9.195687770843505859e-01,-9.878144264221191406e-01
-1.163730740547180176e+00,-9.781069755554199219e-01
1.247178673744201660e+00,9.084925800561904907e-02
-1.029147744178771973e+00,-1.039144754409790039e+00
-1.329427063465118408e-01,-1.389955401420593262e+00
1.358776688575744629e+00,5.541227012872695923e-02
9.159874320030212402e-01,-1.116785287857055664e+00
8.859872817993164062e-01,-9.638123512268066406e-01
1.351358056068420410e+00,1.569653153419494629e-01
-1.040583014488220215e+00,1.175107836723327637e+00
9.614449739456176758e-01,1.069069027900695801e+00
-5.784686654806137085e-03,1.412188529968261719e+00
-1.405755639076232910e+00,1.474424600601196289e-01
-7.326035201549530029e-02,1.341441273689270020e+00
-1.883342489600181580e-02,-1.182269334793090820e+00
-9.059991836547851562e-01,-9.861199855804443359e-01
-2.841095924377441406e-01,1.482037663459777832e+00
9.591373801231384277e-01,9.758256077766418457e-01
-1.313439249992370605e+00,1.756815910339355469e-01
-1.614643216133117676e+00,4.911351948976516724e-02
-2.693439647555351257e-02,-1.375068664550781250e+00
-1.058549523353576660e+00,9.669526219367980957e-01
7.836371660232543945e-02,1.426458716392517090e+00
-9.069765806198120117e-01,9.457134604454040527e-01
-9.652316570281982422e-01,9.742258787155151367e-01
3.467874601483345032e-02,-1.384193897247314453e+00
-6.546619534492492676e-02,-1.349161982536315918e+00
-6.553854793310165405e-03,1.521252870559692383e+00
-1.446586608886718750e+00,5.704497545957565308e-02
-7.520999759435653687e-03,-1.439054250717163086e+00
1.354050517082214355e+00,-6.910536438226699829e-02
9.640942811965942383e-01,9.825693964958190918e-01
8.679426312446594238e-01,1.141873836517333984e+00
-9.967343807220458984e-01,1.030004024505615234e+00
3.369187191128730774e-02,1.446624398231506348e+00
-1.502449631690979004e+00,-6.974668055772781372e-02
-1.337445497512817383e+00,1.111212015151977539e+00
-1.350624084472656250e+00,-6.431489437818527222e-02
9.030363559722900391e-01,9.335504770278930664e-01
9.130886197090148926e-01,-1.042394161224365234e+00
-1.306231021881103516e+00,3.501439839601516724e-02
1.340078115463256836e+00,-3.901418298482894897e-02
-1.035184621810913086e+00,1.082612514495849609e+00
-1.525205492973327637e+00,6.026346236467361450e-02
-4.921473190188407898e-02,1.453823566436767578e+00
-1.043900847434997559e+00,-9.791833162307739258e-01
8.616745471954345703e-01,9.514063596725463867e-01
-3.089938685297966003e-02,-1.436704874038696289e+00
-9.006917476654052734e-01,1.185959100723266602e+00
1.263051867485046387e+00,2.300391346216201782e-02
-1.007303833961486816e+00,1.233067631721496582e+00
1.323902726173400879e+00,4.745878279209136963e-03
9.694336652755737305e-01,-1.063835859298706055e+00
-1.349624395370483398e+00,-1.988737583160400391e-01
1.343159079551696777e+00,-6.426949054002761841e-02
4.815030843019485474e-03,1.360679388046264648e+00
1.051213502883911133e+00,1.082793116569519043e+00
1.029871582984924316e+00,-8.435644507408142090e-01
9.496932029724121094e-01,9.996956586837768555e-01
-1.170437335968017578e+00,-8.126546144485473633e-01
-1.304841041564941406e+00,-4.347404241561889648e-01
1.373234152793884277e+00,-7.131435722112655640e-02
-1.228034496307373047e+00,-2.844382822513580322e-02
-1.430880650877952576e-02,1.324894905090332031e+00
-1.358961224555969238e+00,-1.492482721805572510e-01
-1.339087605476379395e+00,-7.075838744640350342e-03
-1.489887535572052002e-01,-1.457278728485107422e+00
-1.436288595199584961e+00,-8.227742463350296021e-02
-1.130725145339965820e-01,-1.428072571754455566e+00
1.955863833427429199e-01,-1.408904194831848145e+00
9.075456261634826660e-01,-1.053162574768066406e+00
-1.106490969657897949e+00,1.101554036140441895e+00
1.572896540164947510e-01,1.340708255767822266e+00
-1.497430324554443359e+00,1.221343129873275757e-02
7.424099445343017578e-01,-1.043462157249450684e+00
7.070516347885131836e-01,-1.112380266189575195e+00
-6.042931601405143738e-02,1.456699132919311523e+00
-1.359047293663024902e-01,1.343551874160766602e+00
-6.359141319990158081e-03,-1.257661819458007812e+00
7.124030590057373047e-02,1.374783277511596680e+00
-1.603004455566406250e+00,9.461096674203872681e-02
2.365769818425178528e-02,1.422080278396606445e+00
6.601339578628540039e-02,1.526033759117126465e+00
-1.060689449310302734e+00,1.114352583885192871e+00
9.415876269340515137e-01,-9.241772890090942383e-01
1.022674560546875000e+00,9.796164631843566895e-01
-1.314631700515747070e+00,-2.650506496429443359e-01
1.488667607307434082e+00,-1.097058430314064026e-01
-8.661969900131225586e-01,1.076439023017883301e+00
-1.106461137533187866e-01,-1.343158245086669922e+00
-1.446992993354797363e+00,2.365011721849441528e-02
1.277439236640930176e+00,5.049792677164077759e-02
-8.322203159332275391e-02,-1.429987907409667969e+00
-1.605020880699157715e+00,1.703563630580902100e-01
6.354354619979858398e-01,-1.132300138473510742e+00
-1.239638924598693848e+00,1.313562273979187012e+00
1.509994640946388245e-02,-1.411563634872436523e+00
-9.944953918457031250e-01,9.640500545501708984e-01
1.326232314109802246e+00,-7.065688818693161011e-02
-8.707587122917175293e-01,8.929696083068847656e-01
-1.045249819755554199e+00,1.251476168632507324e+00
1.047298550605773926e+00,-1.000058054924011230e+00
-1.547876238822937012e+00,1.126694753766059875e-01
1.478706002235412598e+00,6.579289585351943970e-02
1.323977231979370117e+00,-5.091959983110427856e-02
9.954801797866821289e-01,-1.019511461257934570e+00
1.326176404953002930e+00,-1.113895997405052185e-01
8.878931403160095215e-01,-1.059102416038513184e+00
1.468360185623168945e+00,1.426191329956054688e-01
9.037858843803405762e-01,9.791707992553710938e-01
4.277869760990142822e-01,1.339038610458374023e+00
1.082302451133728027e+00,1.113330483436584473e+00
-5.465128645300865173e-02,1.352725028991699219e+00
1.455886602401733398e+00,1.078987792134284973e-01
8.345636129379272461e-01,9.577673673629760742e-01
9.146588444709777832e-01,9.762219190597534180e-01
3.319926932454109192e-02,1.285405993461608887e+00
-1.069536089897155762e+00,1.123886227607727051e+00
-2.442043274641036987e-03,1.304942011833190918e+00
-1.056042075157165527e+00,1.138284087181091309e+00
-1.383820414543151855e+00,8.585758507251739502e-03
7.248606085777282715e-01,-1.085555553436279297e+00
-1.223996758460998535e+00,4.338454902172088623e-01
1.171320796012878418e+00,1.872383058071136475e-03
8.658806085586547852e-01,1.099643707275390625e+00
-2.362724840641021729e-01,-1.210731744766235352e+00
-1.421340852975845337e-01,1.330423116683959961e+00
-1.043774962425231934e+00,-9.919191598892211914e-01
9.883273839950561523e-01,-1.064077615737915039e+00
-1.337950825691223145e+00,-1.186137646436691284e-02
1.296180844306945801e+00,4.348845034837722778e-02
-1.132280111312866211e+00,-4.871883392333984375e-01
1.425434589385986328e+00,-6.204984337091445923e-02
-8.148233890533447266e-01,1.124305844306945801e+00
-1.059076786041259766e-01,-1.348418593406677246e+00
5.113682523369789124e-02,1.472521543502807617e+00
-1.314947962760925293e+00,1.255444884300231934e+00
-1.144638776779174805e+00,1.218277692794799805e+00
8.678343296051025391e-01,-9.251204729080200195e-01
-1.087279915809631348e-01,-1.381818532943725586e+00
-6.169609352946281433e-02,-1.368615627288818359e+00
-1.045535087585449219e+00,9.251584410667419434e-01
-1.229833841323852539e+00,1.222237348556518555e+00
8.627857565879821777e-01,-9.324529170989990234e-01
1.555958628654479980e+00,3.377524763345718384e-02
-1.027305722236633301e-01,-1.417686700820922852e+00
9.536796212196350098e-01,9.267492294311523438e-01
-1.006798982620239258e+00,1.266236782073974609e+00
1.038613915443420410e+00,-8.164821863174438477e-01
-8.750236034393310547e-01,-1.045744895935058594e+00
-1.096108913421630859e+00,1.001921772956848145e+00
-3.185593709349632263e-02,1.470451831817626953e+00
-2.022994682192802429e-02,1.619826555252075195e+00
1.397053360939025879e+00,-3.017363697290420532e-02
-1.790334463119506836e+00,1.191485598683357239e-01
-5.565680190920829773e-02,1.479341983795166016e+00
-1.527545094490051270e+00,2.398065477609634399e-02
-1.296314716339111328e+00,1.378545165061950684e-01
-1.077737927436828613e+00,1.106675788760185242e-01
-2.947389185428619385e-01,1.476207971572875977e+00
-1.198208570480346680e+00,1.215643167495727539e+00
1.297559857368469238e+00,-6.877593696117401123e-03
9.724445343017578125e-01,9.232580661773681641e-01
-1.045766472816467285e+00,1.075017333030700684e+00
1.296901106834411621e+00,-4.100337326526641846e-01
-9.074888229370117188e-01,-8.977364301681518555e-01
3.208370879292488098e-02,-1.373557329177856445e+00
-1.083127707242965698e-01,-1.365410566329956055e+00
-1.314901709556579590e+00,6.913567334413528442e-02
-1.222697615623474121e+00,-4.248216748237609863e-03
-8.188740611076354980e-01,9.594398736953735352e-01
2.545264735817909241e-02,-1.452838778495788574e+00
8.123402297496795654e-02,1.261004686355590820e+00
-7.048676013946533203e-01,1.363100767135620117e+00
1.467988371849060059e+00,9.647831320762634277e-04
-1.184449717402458191e-02,-1.456829905509948730e+00
-1.101693868637084961e+00,1.156814098358154297e+00
-9.738521575927734375e-01,-9.350663423538208008e-01
-7.387201488018035889e-02,1.430420041084289551e+00
6.730841398239135742e-01,-9.599509239196777344e-01
1.010826826095581055e+00,1.064759254455566406e+00
-1.435954570770263672e+00,-8.234339207410812378e-02
9.636104106903076172e-01,-9.840508699417114258e-01
-1.313019633293151855e+00,2.837587594985961914e-01
-1.013639926910400391e+00,1.066144466400146484e+00
-1.055761098861694336e+00,1.262886524200439453e+00
9.733618497848510742e-01,1.114839076995849609e+00
1.350287795066833496e+00,7.932961732149124146e-02
-9.417912364006042480e-01,1.025837898254394531e+00
-2.075707539916038513e-02,1.462072491645812988e+00
-6.467846035957336426e-02,1.503051042556762695e+00
-9.590809345245361328e-01,-1.045342683792114258e+00
-1.233880877494812012e+00,1.281664609909057617e+00
-1.200405240058898926e+00,-4.545835852622985840e-01
4.959003999829292297e-02,1.304621696472167969e+00
1.811733990907669067e-01,1.523677349090576172e+00
-1.519139856100082397e-03,-1.437775850296020508e+00
9.468500614166259766e-01,1.030191183090209961e+00
1.010062575340270996e+00,1.055963993072509766e+00
-1.004245519638061523e+00,-1.106265306472778320e+00
-2.641734108328819275e-02,-1.420797228813171387e+00
-1.971813291311264038e-01,-1.494346261024475098e+00
-1.775786280632019043e-01,-1.564116120338439941e+00
-9.491033852100372314e-02,-1.337621569633483887e+00
9.787728786468505859e-01,9.901947379112243652e-01
-9.987059235572814941e-02,1.599540114402770996e+00
-1.062646031379699707e+00,1.007448077201843262e+00
-8.979223668575286865e-02,-1.425295829772949219e+00
1.428009867668151855e+00,-3.424286097288131714e-02
-1.021397233009338379e+00,1.109746456146240234e+00
8.458119630813598633e-01,-1.080228090286254883e+00
-5.543262884020805359e-02,1.439128875732421875e+00
1.810980737209320068e-01,-1.256454467773437500e+00
-7.070195674896240234e-02,1.427725911140441895e+00
1.733143925666809082e-01,1.508587360382080078e+00
6.928747892379760742e-01,1.047913789749145508e+00
-1.081965327262878418e+00,1.131908893585205078e+00
9.010198712348937988e-02,1.471520066261291504e+00
3.051086142659187317e-02,1.336387157440185547e+00
-8.766844272613525391e-01,1.325066566467285156e+00
5.735124349594116211e-01,-1.219704389572143555e+00
1.331732988357543945e+00,-4.047741740942001343e-02
-9.209272265434265137e-01,9.979128241539001465e-01
-1.257041811943054199e+00,-4.181366413831710815e-02
7.402189075946807861e-04,1.294517993927001953e+00
-4.684640094637870789e-02,-1.479584455490112305e+00
1.001416563987731934e+00,-9.738302230834960938e-01
-9.959788620471954346e-02,-1.275729537010192871e+00
-8.758348226547241211e-02,-1.303891181945800781e+00
-9.061269164085388184e-01,1.057137012481689453e+00
-8.284859657287597656e-01,-9.589490890502929688e-01
-4.378008469939231873e-02,-1.461295485496520996e+00
-1.263355612754821777e-01,1.476622462272644043e+00
5.773671343922615051e-02,1.396649241447448730e+00
-1.312680840492248535e+00,-1.097663268446922302e-01
4.586871340870857239e-02,1.520516157150268555e+00
9.762977361679077148e-01,-9.496786594390869141e-01
-9.870209097862243652e-01,-1.022612571716308594e+00
-2.379135489463806152e-01,-1.492150306701660156e+00
-1.144885897636413574e+00,1.272549867630004883e+00
1.494973301887512207e+00,8.538525551557540894e-02
1.073587536811828613e+00,9.574284553527832031e-01
1.452905058860778809e+00,-2.956442534923553467e-03
1.360494613647460938e+00,1.289244592189788818e-01
8.974532485008239746e-01,-9.014480113983154297e-01
-1.444248080253601074e+00,4.775401204824447632e-02
-9.827950000762939453e-01,1.247593164443969727e+00
-1.097141265869140625e+00,1.234321475028991699e+00
9.144786000251770020e-01,-9.642738103866577148e-01
-8.221350908279418945e-01,-1.040099501609802246e+00
-1.860430091619491577e-01,1.229482412338256836e+00
9.410356283187866211e-01,-9.563174247741699219e-01
-1.083416461944580078e+00,1.116683602333068848e+00
-9.263356328010559082e-01,-9.920539855957031250e-01
8.744396269321441650e-02,1.554344773292541504e+00
-9.244447946548461914e-01,1.402628660202026367e+00
1.699983477592468262e-01,1.426633119583129883e+00
1.359464764595031738e+00,-1.663463413715362549e-01
-7.028315961360931396e-02,1.353649377822875977e+00
3.678441420197486877e-02,1.392241954803466797e+00
-9.827002286911010742e-01,1.014143824577331543e+00
3.637574985623359680e-02,1.374696016311645508e+00
-1.139201223850250244e-01,-1.369288325309753418e+00
8.561815023422241211e-01,-1.124924302101135254e+00
-1.154840886592864990e-01,-1.486079335212707520e+00
1.328307747840881348e+00,1.782237738370895386e-02
-2.989657223224639893e-01,1.426732897758483887e+00
-1.144766926765441895e+00,2.284377813339233398e-01
1.129432320594787598e+00,-9.975183010101318359e-01
-1.280139803886413574e+00,1.219188213348388672e+00
-1.420646190643310547e+00,5.276729911565780640e-02
1.123887181282043457e+00,-6.153399348258972168e-01
1.248093485832214355e+00,-4.778497666120529175e-02
-9.285693764686584473e-01,1.047696232795715332e+00
-6.838233768939971924e-02,-1.400364875793457031e+00
9.683229923248291016e-01,9.899121522903442383e-01
1.230268776416778564e-01,1.511693596839904785e+00
2.865222990512847900e-01,1.393708586692810059e+00
-8.748767375946044922e-01,1.019320249557495117e+00
-1.292442083358764648e-01,-1.395948886871337891e+00
-4.027647897601127625e-02,-1.433631896972656250e+00
-1.028790116310119629e+00,-9.712913036346435547e-01
9.958521127700805664e-01,1.088756561279296875e+00
1.266068577766418457e+00,6.338335573673248291e-03
-1.091011762619018555e+00,1.160916447639465332e+00
-1.126234889030456543e+00,1.143611073493957520e+00
-1.523050785064697266e+00,-1.499248147010803223e-01
5.446527153253555298e-03,-1.337275743484497070e+00
-1.058307886123657227e+00,-1.036766409873962402e+00
3.079921901226043701e-01,-1.235914826393127441e+00
9.102201461791992188e-01,-1.073748350143432617e+00
8.621125221252441406e-01,-9.687823057174682617e-01
1.452199339866638184e+00,7.018492370843887329e-02
1.041171103715896606e-01,1.457231879234313965e+00
8.796380758285522461e-01,-1.076794743537902832e+00
-9.083618521690368652e-01,1.124977231025695801e+00
-8.485989272594451904e-02,-1.455244302749633789e+00
1.320448994636535645e+00,7.856968790292739868e-02
9.640599489212036133e-01,8.292767405509948730e-01
6.825473904609680176e-02,1.493458747863769531e+00
9.372075796127319336e-01,1.040417909622192383e+00
1.377214193344116211e+00,2.332109957933425903e-02
-9.048535823822021484e-01,9.623491168022155762e-01
-1.380010366439819336e+00,-9.699625521898269653e-02
8.942724764347076416e-02,1.476361274719238281e+00
-1.342532753944396973e+00,3.500897437334060669e-02
-3.865210339426994324e-02,-1.384972095489501953e+00
1.519868850708007812e+00,1.964568793773651123e-01
-1.079313993453979492e+00,1.131705880165100098e+00
-1.640347480773925781e+00,1.332274079322814941e-01
8.652914315462112427e-03,1.444374561309814453e+00
9.852050542831420898e-01,1.058066725730895996e+00
-1.028153181076049805e+00,-1.071390509605407715e+00
1.299659371376037598e+00,2.666424959897994995e-02
-3.235184773802757263e-02,-1.432882547378540039e+00
9.929609298706054688e-01,7.392432689666748047e-01
1.465442061424255371e+00,1.548966765403747559e-01
2.976607158780097961e-02,1.408268928527832031e+00
-1.037097334861755371e+00,1.135773897171020508e+00
-1.844139844179153442e-01,-1.428032994270324707e+00
-4.916405305266380310e-02,1.431898713111877441e+00
-1.201370716094970703e+00,1.053387001156806946e-01
9.168345928192138672e-01,-1.015569806098937988e+00
-1.084073781967163086e+00,-1.031488418579101562e+00
1.330878257751464844e+00,-2.724682986736297607e-01
-1.458413362503051758e+00,1.332029461860656738e+00
1.097962379455566406e+00,1.083394765853881836e+00
-1.011734724044799805e+00,8.819400072097778320e-01
1.002685070037841797e+00,-8.767883181571960449e-01
-9.507333636283874512e-01,1.018419384956359863e+00
9.045181274414062500e-01,1.058057546615600586e+00
1.460136055946350098e+00,2.725652605295181274e-02
9.023522138595581055e-01,1.100584268569946289e+00
-1.320968508720397949e+00,-9.425035864114761353e-02
1.356568813323974609e+00,-7.129576057195663452e-02
-1.010837674140930176e+00,1.036185145378112793e+00
7.916056513786315918e-01,-1.064151763916015625e+00
9.111495018005371094e-01,-9.494142532348632812e-01
-9.508175849914550781e-01,-9.577734470367431641e-01
-1.338594555854797363e+00,4.003209620714187622e-02
-1.122799992561340332e+00,-9.564548730850219727e-01
-1.026595830917358398e+00,-9.949843883514404297e-01
1.480464935302734375e+00,-7.492736726999282837e-02
1.251940608024597168e+00,-7.213438302278518677e-02
8.864607810974121094e-01,-9.005804657936096191e-01
-1.108397006988525391e+00,-9.697675704956054688e-01
-1.366267502307891846e-01,1.563807368278503418e+00
5.233712866902351379e-02,1.394352912902832031e+00
1.413000002503395081e-02,1.434289693832397461e+00
1.378318667411804199e+00,-1.173799410462379456e-01
9.531227946281433105e-01,9.585545063018798828e-01
1.009752154350280762e+00,-1.068225741386413574e+00
9.475999474525451660e-01,-1.078055620193481445e+00
9.423439502716064453e-01,1.096791148185729980e+00
-9.221535921096801758e-01,-1.011445522308349609e+00
7.076479494571685791e-02,-1.318409919738769531e+00
9.763357639312744141e-01,-1.017835855484008789e+00
-1.336435079574584961e-01,-1.349299788475036621e+00
-8.942415714263916016e-01,1.174173951148986816e+00
1.010936856269836426e+00,9.835796356201171875e-01
9.819118976593017578e-01,-9.956241846084594727e-01
1.500406622886657715e+00,-4.613336175680160522e-02
9.996875524520874023e-01,1.062845826148986816e+00
-1.128041982650756836e+00,1.159349322319030762e+00
-1.477685570716857910e+00,6.855828315019607544e-02
-9.988826513290405273e-02,-1.399061203002929688e+00
1.273166298866271973e+00,1.765449047088623047e-01
-9.408044815063476562e-01,1.005202889442443848e+00
-1.091364741325378418e+00,1.149772286415100098e+00
-5.088735744357109070e-02,-1.330517053604125977e+00
1.019157409667968750e+00,-8.760278820991516113e-01
1.386532902717590332e+00,-5.430889874696731567e-02
1.384554505348205566e+00,-6.634258478879928589e-02
1.303762555122375488e+00,-9.070422500371932983e-02
1.392001867294311523e+00,5.841808766126632690e-02
-1.243756771087646484e+00,1.023873567581176758e+00
-2.183779701590538025e-02,1.199086546897888184e+00
-9.860320389270782471e-02,1.610321760177612305e+00
-9.154727458953857422e-01,-1.014590620994567871e+00
1.200582861900329590e+00,-7.599546760320663452e-02
6.128848791122436523e-01,-1.194044589996337891e+00
1.019326448440551758e+00,1.006602644920349121e+00
-1.552604794502258301e+00,-2.049774676561355591e-02
1.064885735511779785e+00,-9.313097596168518066e-01
-1.542939305305480957e+00,1.209650188684463501e-02
1.270494759082794189e-01,1.301768422126770020e+00
-1.084223628044128418e+00,-1.044894099235534668e+00
-1.203099727630615234e+00,1.249263286590576172e+00
-1.488953948020935059e+00,8.846946060657501221e-03
-1.056434512138366699e+00,-8.331235647201538086e-01
1.857930794358253479e-02,-1.378224849700927734e+00
-1.190940260887145996e+00,1.202086687088012695e+00
9.956606626510620117e-01,-9.375570416450500488e-01
-1.314631342887878418e+00,7.164259999990463257e-02
-7.126268744468688965e-02,1.333272337913513184e+00
-9.785619974136352539e-01,-1.058076620101928711e+00
-4.496622979640960693e-01,1.594519734382629395e+00
8.359178900718688965e-01,-1.165860056877136230e+00
1.365872621536254883e+00,-1.138715967535972595e-01
-1.394430041313171387e+00,4.862596839666366577e-02
-5.446600317955017090e-01,-1.297141194343566895e+00
9.557353258132934570e-01,1.032726526260375977e+00
-1.725937128067016602e+00,-8.917070925235748291e-03
-1.111623883247375488e+00,5.934039950370788574e-01
9.859476983547210693e-02,-1.449395418167114258e+00
-6.333775818347930908e-02,-1.274276375770568848e+00
7.614345550537109375e-01,1.045657157897949219e+00
-7.654261589050292969e-02,1.398278236389160156e+00
-1.008081316947937012e+00,-1.112860679626464844e+00
-1.150267601013183594e+00,1.205569028854370117e+00
1.516746401786804199e+00,-6.839655339717864990e-03
-1.676153391599655151e-01,-1.441714286804199219e+00
8.589087724685668945e-01,-9.992001056671142578e-01
-9.923945665359497070e-01,1.171552896499633789e+00
-9.898110032081604004e-01,-8.804750442504882812e-01
3.313326835632324219e-01,1.347458362579345703e+00
1.304206728935241699e+00,4.376601576805114746e-01
-4.733030125498771667e-02,-1.512281894683837891e+00
-1.004834175109863281e+00,-9.604468345642089844e-01
-9.953728914260864258e-01,1.354882001876831055e+00
6.818459033966064453e-01,-1.064596652984619141e+00
8.982013463973999023e-01,-9.342919588088989258e-01
7.984987497329711914e-01,-1.092890262603759766e+00
1.356906533241271973e+00,-8.422716706991195679e-02
-9.480223059654235840e-01,1.001986384391784668e+00
9.506758451461791992e-01,1.032739400863647461e+00
1.010072946548461914e+00,9.254955053329467773e-01
-1.384737730026245117e+00,8.238727599382400513e-02
-9.989544749259948730e-01,8.675054907798767090e-01
-1.093823552131652832e+00,-9.825859069824218750e-01
1.410049080848693848e+00,-4.583448916673660278e-02
7.556247711181640625e-01,-1.024123907089233398e+00
-9.352114796638488770e-01,1.015486478805541992e+00
8.758031129837036133e-01,1.114436864852905273e+00
-9.478833675384521484e-01,-1.069881200790405273e+00
-1.197382330894470215e+00,1.327256560325622559e+00
8.977195024490356445e-01,9.601047039031982422e-01
-1.259480357170104980e+00,1.199934720993041992e+00
-4.151847213506698608e-03,1.459586143493652344e+00
-7.796536087989807129e-01,9.533826708793640137e-01
-1.075149893760681152e+00,1.215765833854675293e+00
-1.494606852531433105e+00,-2.112649381160736084e-03
-1.013967752456665039e+00,1.012812256813049316e+00
-9.635577797889709473e-01,-1.009713172912597656e+00
8.822131156921386719e-01,-1.023082733154296875e+00
9.742107391357421875e-01,9.426946043968200684e-01
3.910780325531959534e-02,-1.372261524200439453e+00
-5.424527451395988464e-02,-1.285900354385375977e+00
-1.504963040351867676e+00,-1.364534795284271240e-01
9.999818801879882812e-01,-9.490907192230224609e-01
-9.304034709930419922e-01,7.725710868835449219e-01
-1.349198102951049805e+00,-1.051143631339073181e-01
-1.135908246040344238e+00,8.871227502822875977e-01
5.401047468185424805e-01,-1.198418617248535156e+00
1.019805073738098145e+00,1.121277093887329102e+00
-1.014213204383850098e+00,-1.113002896308898926e+00
1.329209923744201660e+00,-9.475059062242507935e-02
9.693603217601776123e-02,1.584131121635437012e+00
-1.079641699790954590e+00,-1.084540009498596191e+00
-1.616066321730613708e-02,1.318493127822875977e+00
-9.007538557052612305e-01,-1.067390680313110352e+00
1.382931351661682129e+00,5.741291493177413940e-02
1.109284996986389160e+00,6.758811473846435547e-01
8.249759674072265625e-01,-9.887399673461914062e-01
-8.341570198535919189e-02,1.331877470016479492e+00
8.265797048807144165e-03,-1.442947864532470703e+00
-1.010682940483093262e+00,9.368304014205932617e-01
-1.115386366844177246e+00,1.039086103439331055e+00
-1.816276833415031433e-02,1.548189759254455566e+00
1.072179675102233887e+00,1.041778206825256348e+00
-1.511918783187866211e+00,2.510302662849426270e-01
-1.526974439620971680e-01,1.260492920875549316e+00
9.931017160415649414e-01,-9.630819559097290039e-01
1.086143851280212402e+00,1.158971548080444336e+00
-1.283084273338317871e+00,3.729443997144699097e-02
-1.044219851493835449e+00,1.062529325485229492e+00
1.010246157646179199e+00,-7.961257696151733398e-01
7.508447170257568359e-01,-9.056543707847595215e-01
-1.031844258308410645e+00,1.010019421577453613e+00
-3.624774143099784851e-02,1.494643449783325195e+00
7.734389603137969971e-02,1.414200782775878906e+00
1.118428349494934082e+00,6.841789484024047852e-01
1.213416934013366699e+00,3.130043298006057739e-02
1.214284077286720276e-02,1.533059954643249512e+00
-1.298425555229187012e+00,-6.529829651117324829e-02
-1.280060768127441406e+00,4.930714517831802368e-02
9.976040124893188477e-01,-9.163244962692260742e-01
1.356865882873535156e+00,1.553049981594085693e-01
1.117003917694091797e+00,9.052218198776245117e-01
9.176395833492279053e-02,1.452986001968383789e+00
1.090275883674621582e+00,1.050460934638977051e+00
1.003776043653488159e-01,1.450199961662292480e+00
1.031095266342163086e+00,-9.268200397491455078e-01
9.298199415206909180e-01,-1.016940236091613770e+00
9.362851381301879883e-01,1.025758147239685059e+00
8.806814551353454590e-01,-1.096259236335754395e+00
1.344003558158874512e+00,-5.832128971815109253e-02
3.150324821472167969e-01,1.110125899314880371e+00
-1.355414748191833496e+00,6.484446674585342407e-02
1.354646563529968262e+00,3.388397395610809326e-03
1.039054274559020996e+00,9.860262870788574219e-01
-1.104208350181579590e+00,1.241784453392028809e+00
-1.153353601694107056e-01,-1.338537216186523438e+00
-8.065038919448852539e-02,1.478519916534423828e+00
8.908310532569885254e-01,1.023756504058837891e+00
6.966040730476379395e-01,-1.096124410629272461e+00
9.073997735977172852e-01,-9.722881317138671875e-01
8.771964907646179199e-02,1.606461167335510254e+00
-1.317466616630554199e+00,1.169494152069091797e+00
1.368528485298156738e+00,-3.417800962924957275e-01
-3.024410828948020935e-02,1.286368370056152344e+00
-1.035159677267074585e-01,-1.347066164016723633e+00
-8.220590651035308838e-02,1.350323438644409180e+00
-1.557641148567199707e+00,3.238303214311599731e-02
-3.272291645407676697e-02,1.395742654800415039e+00
-6.861280649900436401e-03,-1.327374100685119629e+00
-1.257150053977966309e+00,2.039543539285659790e-02
-9.629592299461364746e-01,-9.177349805831909180e-01
1.365666031837463379e+00,7.186349481344223022e-02
-8.584579825401306152e-01,1.019316434860229492e+00
8.940813541412353516e-01,9.898291826248168945e-01
-1.270756006240844727e+00,6.749213486909866333e-02
-5.110336467623710632e-02,-1.491461157798767090e+00
-7.352271676063537598e-02,-1.396031975746154785e+00
-1.361182570457458496e+00,7.015652954578399658e-03
-3.956584930419921875e-01,1.271623373031616211e+00
-1.490466475486755371e+00,1.294911623001098633e+00
9.777673482894897461e-01,-9.395330548286437988e-01
-2.158455848693847656e-01,1.496049642562866211e+00
-9.031828641891479492e-01,1.174100995063781738e+00
7.193544507026672363e-02,-1.380922079086303711e+00
-1.093184798955917358e-01,1.542316913604736328e+00
1.414579868316650391e+00,-4.014546424150466919e-02
-1.067227244377136230e+00,8.769800662994384766e-01
-1.290697216987609863e+00,9.183253645896911621e-01
1.392017960548400879e+00,-1.435020565986633301e-01
-1.393507868051528931e-01,-1.274220228195190430e+00
1.031407356262207031e+00,1.029023647308349609e+00
9.223987460136413574e-01,-9.778835773468017578e-01
-5.788027867674827576e-02,-1.409471035003662109e+00
-1.231597661972045898e+00,1.147797584533691406e+00
-1.181784510612487793e+00,1.067808866500854492e+00
-1.029067873954772949e+00,9.508543014526367188e-01
-1.068827986717224121e+00,1.130838155746459961e+00
1.430653333663940430e+00,6.944892555475234985e-02
-1.870540827512741089e-01,-1.339875817298889160e+00
1.047194480895996094e+00,-7.867608070373535156e-01
1.079795062541961670e-01,1.487328886985778809e+00
1.063890218734741211e+00,1.073091506958007812e+00
-1.420444607734680176e+00,1.300230026245117188e+00
9.567470550537109375e-01,8.967457413673400879e-01
-1.209678411483764648e+00,1.186795711517333984e+00
-9.928412735462188721e-02,-1.480083465576171875e+00
-1.410083293914794922e+00,-3.083717077970504761e-02
-1.636554121971130371e+00,2.925714105367660522e-02
1.294835060834884644e-01,1.300375342369079590e+00
-7.095586061477661133e-01,1.307351827621459961e+00
-1.026711225509643555e+00,-1.055973052978515625e+00
-1.048914194107055664e+00,1.055477619171142578e+00
-1.419830560684204102e+00,1.574564874172210693e-01
-1.321696639060974121e+00,-2.391472458839416504e-01
-1.588460326194763184e+00,2.019390761852264404e-01
-8.424277603626251221e-02,1.438877582550048828e+00
-1.031082749366760254e+00,9.154638051986694336e-01
9.513907432556152344e-01,-8.735277652740478516e-01
-8.946961164474487305e-01,-1.005251407623291016e+00
9.112649559974670410e-01,-9.574401378631591797e-01
1.372237563133239746e+00,-3.664796799421310425e-02
8.738287687301635742e-01,-1.018640160560607910e+00
-2.327000647783279419e-01,-1.520085811614990234e+00
-1.213665604591369629e-01,1.413221359252929688e+00
1.398881793022155762e+00,-1.700167953968048096e-01
-1.045579165220260620e-01,-1.412780165672302246e+00
8.344818353652954102e-01,-9.061503410339355469e-01
-1.003791570663452148e+00,-1.060911774635314941e+00
8.372875452041625977e-01,-1.055296301841735840e+00
-1.017164468765258789e+00,-8.859069943428039551e-01
-1.229293942451477051e+00,1.248793601989746094e+00
-9.636856317520141602e-01,-1.032288193702697754e+00
-1.009058833122253418e+00,-1.003634810447692871e+00
-1.015973448753356934e+00,1.189587473869323730e+00
-1.269356369972229004e+00,-4.920176863670349121e-01
-1.042519450187683105e+00,1.027508974075317383e+00
-1.060695528984069824e+00,1.292452812194824219e+00
1.369476437568664551e+00,-4.719292372465133667e-02
-9.303261041641235352e-01,-1.094626545906066895e+00
7.511697709560394287e-02,1.245491385459899902e+00
-1.041543841361999512e+00,-9.424433708190917969e-01
-8.745061755180358887e-01,9.005347490310668945e-01
9.247412085533142090e-01,-1.027364373207092285e+00
1.412971854209899902e+00,7.041195780038833618e-02
4.690507054328918457e-01,1.184452295303344727e+00
9.846822023391723633e-01,-1.040029644966125488e+00
-1.144109010696411133e+00,1.149412870407104492e+00
-1.117444992065429688e+00,9.737547039985656738e-01
1.108271002769470215e+00,1.118614315986633301e+00
-9.881377220153808594e-01,-1.107404470443725586e+00
-7.354032993316650391e-02,1.379496097564697266e+00
-9.266493320465087891e-01,-1.099798798561096191e+00
1.413264632225036621e+00,-5.503758043050765991e-02
3.026663139462471008e-02,-1.365825295448303223e+00
-1.294147849082946777e+00,9.448716640472412109e-01
-4.502683505415916443e-02,1.497355103492736816e+00
-1.278650760650634766e+00,5.926266312599182129e-04
9.615335464477539062e-01,-9.124051928520202637e-01
-9.965518712997436523e-01,1.041115999221801758e+00
-1.222671627998352051e+00,1.083344578742980957e+00
-9.507128000259399414e-01,-1.095592498779296875e+00
-7.630950212478637695e-01,1.025375366210937500e+00
9.412952661514282227e-01,-1.019714593887329102e+00
-1.364105641841888428e-01,-1.429229974746704102e+00
-9.938918352127075195e-01,1.100412368774414062e+00
-8.982437849044799805e-01,-1.079518198966979980e+00
8.927875757217407227e-01,-9.112839698791503906e-01
-1.361252188682556152e+00,9.843044728040695190e-02
8.474745154380798340e-01,-1.136708021163940430e+00
1.263668179512023926e+00,-7.192917913198471069e-02
-1.158194184303283691e+00,1.241773009300231934e+00
-1.029682755470275879e+00,-9.206908941268920898e-01
-4.232439026236534119e-02,-1.355268239974975586e+00
-2.369008585810661316e-02,1.540948629379272461e+00
-1.291387796401977539e+00,-1.258762925863265991e-02
-1.235842108726501465e+00,1.295947313308715820e+00
-3.017859160900115967e-01,1.495470643043518066e+00
9.247608780860900879e-01,-1.066117525100708008e+00
1.406985163688659668e+00,5.421901494264602661e-02
9.596620798110961914e-01,9.612730741500854492e-01
8.713717460632324219e-01,-1.111719727516174316e+00
9.687694311141967773e-01,-1.000105619430541992e+00
1.136303782463073730e+00,-8.663001060485839844e-01
-1.606197357177734375e+00,2.531005442142486572e-01
-1.700792431831359863e+00,1.017615422606468201e-01
1.173978328704833984e+00,-5.337181687355041504e-02
-9.754483699798583984e-01,-9.108358621597290039e-01
8.861272335052490234e-01,1.057773947715759277e+00
-1.062372326850891113e+00,1.042585968971252441e+00
9.169150590896606445e-01,9.781047105789184570e-01
1.007756948471069336e+00,9.560385346412658691e-01
1.003651261329650879e+00,-1.025130033493041992e+00
-9.491108655929565430e-01,9.687094688415527344e-01
-1.310996174812316895e+00,2.891338616609573364e-02
2.343583479523658752e-02,1.413120508193969727e+00
3.597114980220794678e-01,1.311562776565551758e+00
-1.283263117074966431e-01,-1.426487326622009277e+00
9.842196702957153320e-01,9.571344852447509766e-01
-7.438722252845764160e-02,1.459915757179260254e+00
-1.615655064582824707e+00,-1.373887807130813599e-02
1.035387635231018066e+00,1.109709024429321289e+00
9.510598182678222656e-01,-1.025688648223876953e+00
-2.729819342494010925e-02,-1.413436412811279297e+00
-1.016499161720275879e+00,9.207081794738769531e-01
-1.311549901962280273e+00,8.032704144716262817e-02
-1.412356615066528320e+00,-1.327634602785110474e-02
9.557890892028808594e-01,1.107452869415283203e+00
-1.377293825149536133e+00,-3.682399541139602661e-02
-1.006045699119567871e+00,-8.352851867675781250e-01
-9.398837089538574219e-01,-1.011497497558593750e+00
7.251349091529846191e-02,1.319103240966796875e+00
1.142209172248840332e-01,1.378819704055786133e+00
9.406870007514953613e-01,-9.020814895629882812e-01
7.633494138717651367e-01,-9.646015167236328125e-01
-8.294166624546051025e-02,-1.305851340293884277e+00
-9.259659051895141602e-02,-1.525575518608093262e+00
-7.187747955322265625e-02,-1.466261506080627441e+00
-1.223884701728820801e+00,1.030875086784362793e+00
1.392094969749450684e+00,1.029885336756706238e-01
8.418779969215393066e-01,-1.041274547576904297e+00
-1.670404970645904541e-01,1.588421106338500977e+00
-1.040498375892639160e+00,-9.445917606353759766e-01
1.190692305564880371e+00,4.100725799798965454e-02
-5.841545388102531433e-02,1.228245854377746582e+00
-1.016753435134887695e+00,-9.737538099288940430e-01
-5.776624009013175964e-02,-1.421200990676879883e+00
1.339194416999816895e+00,2.495878189802169800e-02
9.043138623237609863e-01,-1.046594500541687012e+00
-1.951931118965148926e-01,1.397163152694702148e+00
-2.311220765113830566e-01,1.418774247169494629e+00
-8.727784156799316406e-01,-9.508486986160278320e-01
-2.592764422297477722e-02,-1.516267895698547363e+00
1.021495342254638672e+00,9.233140945434570312e-01
1.208517432212829590e+00,-2.804043889045715332e-01
-1.452770948410034180e+00,-4.365707188844680786e-02
4.938713088631629944e-02,1.380243778228759766e+00
9.062030911445617676e-02,1.469532966613769531e+00
-1.519866347312927246e+00,1.058259084820747375e-01
1.702061668038368225e-02,-1.317363023757934570e+00
-6.149958819150924683e-03,-1.332067608833312988e+00
1.102804243564605713e-01,1.500035762786865234e+00
9.846497774124145508e-01,9.872518181800842285e-01
-1.464697003364562988e+00,-3.114096820354461670e-01
-2.214306220412254333e-02,1.444398283958435059e+00
-1.100230813026428223e+00,1.003783702850341797e+00
9.708842039108276367e-01,1.026903986930847168e+00
