1.764325499534606934e+00,1.379660844802856445e+00
2.376823425292968750e+00,2.484484434127807617e+00
5.903646349906921387e-01,7.066380500793457031e+00
6.184784770011901855e-01,1.970651447772979736e-01
1.417789816856384277e+00,3.450642824172973633e+00
1.545522332191467285e+00,5.255330562591552734e+00
1.729901075363159180e+00,4.835299491882324219e+00
1.903527230024337769e-01,2.362528800964355469e+00
1.749171853065490723e+00,1.315171241760253906e+00
2.188430070877075195e+00,2.667830228805541992e+00
1.473765850067138672e+00,1.497598648071289062e+00
1.166290640830993652e+00,9.751355171203613281e+00
1.646551728248596191e+00,4.990598201751708984e+00
2.110919952392578125e+00,4.122196674346923828e+00
1.955452680587768555e+00,3.231274843215942383e+00
-1.024043560028076172e+00,2.609243690967559814e-01
2.416857719421386719e+00,5.956409931182861328e+00
-7.252795100212097168e-01,1.379216790199279785e+00
-1.234890427440404892e-02,5.003412723541259766e+00
1.973105311393737793e+00,9.664606302976608276e-02
1.803170323371887207e+00,3.104439258575439453e+00
1.909507036209106445e+00,1.036060571670532227e+00
1.249860048294067383e+00,9.398490905761718750e+00
1.832756400108337402e+00,2.047704696655273438e+00
-2.082255631685256958e-01,3.740775823593139648e+00
-2.979260087013244629e-01,1.428789377212524414e+00
2.157444804906845093e-01,5.189451694488525391e+00
1.382720112800598145e+00,1.204108238220214844e+00
1.723056674003601074e+00,2.303376913070678711e+00
-8.186711668968200684e-01,9.397413134574890137e-01
1.306476831436157227e+00,4.466063022613525391e+00
-3.831759095191955566e-01,1.252215385437011719e+00
-7.517595589160919189e-02,1.637857675552368164e+00
9.662826657295227051e-01,8.382340073585510254e-01
4.319741129875183105e-01,1.926881313323974609e+00
9.669352173805236816e-01,2.432446241378784180e+00
1.528240203857421875e+00,6.417284011840820312e-01
1.805412769317626953e+00,6.990875005722045898e-01
-1.560740023851394653e-01,2.088776826858520508e+00
5.761930346488952637e-01,2.394140720367431641e+00
1.502763032913208008e+00,3.797650814056396484e+00
9.284192919731140137e-01,5.182005405426025391e+00
1.933104395866394043e+00,1.433358788490295410e+00
1.130497217178344727e+00,2.592867612838745117e+00
-5.193360447883605957e-01,6.470651149749755859e+00
1.768596529960632324e+00,8.975797891616821289e-01
1.887767314910888672e+00,2.663508892059326172e+00
1.407183647155761719e+00,2.966050624847412109e+00
1.463175654411315918e+00,7.193494319915771484e+00
4.932239055633544922e-01,-2.661710381507873535e-01
2.566302299499511719e+00,4.895362377166748047e+00
2.325906038284301758e+00,4.108623981475830078e+00
1.586016654968261719e+00,5.628074407577514648e-01
1.716302633285522461e+00,2.538573145866394043e-01
1.870925784111022949e+00,5.936366558074951172e+00
1.983665347099304199e+00,3.367313861846923828e+00
1.023492693901062012e+00,2.112622976303100586e+00
2.196535348892211914e+00,2.157234907150268555e+00
-4.524008631706237793e-01,3.430980443954467773e+00
6.619053483009338379e-01,3.903392076492309570e+00
9.772647023200988770e-01,3.949586629867553711e+00
2.067232608795166016e+00,6.166250705718994141e+00
2.190217018127441406e+00,2.625941753387451172e+00
2.417184591293334961e+00,5.963960170745849609e+00
1.817847847938537598e+00,2.926399946212768555e+00
2.051414489746093750e+00,5.034129619598388672e+00
-5.823448300361633301e-01,1.870492458343505859e+00
7.773922085762023926e-01,4.222663402557373047e+00
2.039012670516967773e+00,3.275450170040130615e-01
1.680640101432800293e+00,9.620004892349243164e-01
8.008546233177185059e-01,2.100278854370117188e+00
8.450952768325805664e-01,7.322827816009521484e+00
1.349657654762268066e+00,3.791909456253051758e+00
2.224696725606918335e-01,2.829631328582763672e+00
2.353091001510620117e+00,3.263730287551879883e+00
1.125301361083984375e+00,3.122076988220214844e+00
1.605952739715576172e+00,3.872846841812133789e+00
2.169252157211303711e+00,1.124214529991149902e+00
-4.680164158344268799e-02,4.563848018646240234e+00
1.421092271804809570e+00,3.225828647613525391e+00
2.187833786010742188e+00,5.176871776580810547e+00
3.811303377151489258e-01,3.562880754470825195e+00
1.474870085716247559e+00,1.149166822433471680e+00
1.196952939033508301e+00,-9.547419846057891846e-03
7.112209200859069824e-01,4.138436794281005859e+00
1.153585791587829590e+00,1.739567279815673828e+00
1.737830877304077148e+00,1.925758004188537598e+00
1.221284717321395874e-01,4.140381336212158203e+00
-4.810972213745117188e-01,9.662399291992187500e-01
1.769471764564514160e+00,7.000895977020263672e+00
-4.228695034980773926e-01,2.292422533035278320e+00
1.048569798469543457e+00,2.465337038040161133e+00
1.002026081085205078e+00,3.558978080749511719e+00
1.457568168640136719e+00,2.771906137466430664e+00
1.752987861633300781e+00,1.586373805999755859e+00
1.098044514656066895e+00,4.411127567291259766e+00
2.103057622909545898e+00,1.638133287429809570e+00
2.239627122879028320e+00,4.055161952972412109e+00
1.576261639595031738e+00,1.105277061462402344e+00
2.467173337936401367e+00,6.776258945465087891e+00
1.061110734939575195e+00,6.136211156845092773e-01
1.603353619575500488e+00,6.561589717864990234e+00
1.360586047172546387e+00,4.595139026641845703e+00
2.574833631515502930e-01,2.795470952987670898e+00
2.068933010101318359e+00,5.052813053131103516e+00
1.927344202995300293e+00,3.469071090221405029e-01
9.974195361137390137e-01,1.097677230834960938e+00
6.459389328956604004e-01,4.297419786453247070e-01
1.938306450843811035e+00,-5.788708478212356567e-02
1.208446145057678223e+00,3.885964632034301758e+00
9.027522802352905273e-01,2.427390336990356445e+00
-7.801641523838043213e-02,3.871384382247924805e+00
-1.823800355195999146e-01,1.689639449119567871e+00
5.044134855270385742e-01,1.690758347511291504e+00
-5.981051325798034668e-01,1.044407486915588379e+00
1.897925615310668945e+00,3.483166456222534180e+00
9.206665754318237305e-01,1.556313514709472656e+00
1.139705777168273926e+00,2.606109857559204102e+00
1.071521878242492676e+00,1.319170594215393066e+00
-3.083357214927673340e-01,2.366773605346679688e+00
-5.012325644493103027e-01,1.041779041290283203e+00
1.721145510673522949e+00,1.784698486328125000e+00
6.949984431266784668e-01,2.363049268722534180e+00
5.512281060218811035e-01,3.302168130874633789e+00
9.055799841880798340e-01,3.295927762985229492e+00
-4.796990752220153809e-01,2.577451467514038086e+00
1.827017664909362793e+00,4.866039276123046875e+00
1.311716794967651367e+00,2.362141370773315430e+00
1.678466677665710449e+00,7.099206447601318359e+00
2.222384691238403320e+00,2.758368730545043945e+00
1.851596683263778687e-01,3.132463216781616211e+00
-4.613927006721496582e-01,5.897160053253173828e+00
9.676073193550109863e-01,3.891586542129516602e+00
1.446604132652282715e+00,9.171744585037231445e-01
1.450029850006103516e+00,4.088040888309478760e-01
9.913704991340637207e-01,3.334735631942749023e+00
1.550299644470214844e+00,1.629034757614135742e+00
4.051766991615295410e-01,1.433007240295410156e+00
1.322395205497741699e+00,3.302812576293945312e+00
9.322931170463562012e-01,5.001039028167724609e+00
2.021737098693847656e+00,3.306846141815185547e+00
1.514632701873779297e+00,2.081655025482177734e+00
2.314863651990890503e-01,2.323774337768554688e+00
1.260437607765197754e+00,4.612312316894531250e+00
2.316895484924316406e+00,2.498934507369995117e+00
1.398806452751159668e+00,8.680944442749023438e-01
1.784586787223815918e+00,1.703071594238281250e+00
2.115998983383178711e+00,5.349935531616210938e+00
8.781163096427917480e-01,4.053499221801757812e+00
1.464476585388183594e+00,2.741134643554687500e+00
1.137096524238586426e+00,3.512895822525024414e+00
2.302719354629516602e+00,5.127314090728759766e+00
1.898011326789855957e+00,6.424642086029052734e+00
1.356717795133590698e-01,3.188147783279418945e+00
1.498062491416931152e+00,1.711774826049804688e+00
-5.447252392768859863e-01,4.718780815601348877e-01
1.454411387443542480e+00,5.370373129844665527e-01
1.892701148986816406e+00,2.761830568313598633e+00
2.697194218635559082e-01,1.455157995223999023e+00
1.978554010391235352e+00,7.468114376068115234e+00
1.178953647613525391e+00,1.282139182090759277e+00
1.106922507286071777e+00,1.358388066291809082e-01
8.717998862266540527e-01,3.943456113338470459e-01
6.530718505382537842e-02,2.154788494110107422e+00
1.151815056800842285e+00,4.319200992584228516e+00
1.718179821968078613e+00,-5.531663894653320312e-01
-7.664768099784851074e-01,1.860302925109863281e+00
1.294580578804016113e+00,4.665237903594970703e+00
-3.254339098930358887e-01,2.133587598800659180e+00
1.553058862686157227e+00,1.236360192298889160e+00
9.600978493690490723e-01,4.471540927886962891e+00
1.087398886680603027e+00,5.472369194030761719e-01
2.009061574935913086e+00,2.333173274993896484e+00
2.072284460067749023e+00,2.949081897735595703e+00
2.007593870162963867e+00,4.769369363784790039e-01
2.474251031875610352e+00,5.946836471557617188e+00
1.881176233291625977e+00,4.484979152679443359e+00
1.479089856147766113e+00,5.014941692352294922e+00
1.982307910919189453e+00,4.577827930450439453e+00
7.612403035163879395e-01,3.311789989471435547e+00
1.306343317031860352e+00,2.702386856079101562e+00
5.022766590118408203e-01,4.698683619499206543e-01
2.527405619621276855e-01,2.361349821090698242e+00
2.285150289535522461e+00,1.763347387313842773e-01
2.815188169479370117e-01,3.282650470733642578e+00
1.504494547843933105e+00,-2.773026376962661743e-02
1.297264456748962402e+00,4.744684696197509766e+00
1.288174510002136230e+00,2.858843088150024414e+00
4.385578632354736328e-01,2.802718877792358398e+00
1.451778888702392578e+00,4.365535259246826172e+00
1.134770393371582031e+00,2.496266126632690430e+00
8.864468932151794434e-01,2.061507463455200195e+00
1.049352288246154785e+00,3.796440601348876953e+00
1.419534683227539062e+00,1.107607603073120117e+00
2.061016321182250977e+00,3.762971758842468262e-01
1.592812418937683105e+00,6.992844939231872559e-01
7.420207858085632324e-01,1.829819679260253906e+00
9.473923444747924805e-01,1.829128742218017578e+00
1.541223764419555664e+00,2.782717943191528320e+00
1.320550084114074707e+00,2.313331365585327148e-01
1.583835929632186890e-01,2.414975881576538086e+00
3.177066564559936523e+00,1.131260514259338379e+00
-6.337721347808837891e-01,3.192569732666015625e+00
8.130734562873840332e-01,2.091964006423950195e+00
1.767562031745910645e+00,1.479321956634521484e+00
2.099961280822753906e+00,7.446255683898925781e+00
1.648185133934020996e+00,1.511037647724151611e-01
9.315270185470581055e-01,-4.083665907382965088e-01
1.281034797430038452e-01,2.412532806396484375e+00
1.705848813056945801e+00,1.566599965095520020e+00
2.215267181396484375e+00,1.984327673912048340e+00
1.967032790184020996e+00,6.742795109748840332e-01
1.290513992309570312e+00,6.492345333099365234e-01
1.136443257331848145e+00,2.122126340866088867e+00
6.623901724815368652e-01,3.045677900314331055e+00
1.144804954528808594e+00,2.682224512100219727e+00
1.167322993278503418e+00,2.833973407745361328e+00
-2.532097697257995605e-01,1.475365042686462402e+00
1.540145874023437500e+00,3.259930610656738281e+00
1.214768171310424805e+00,3.848051548004150391e+00
-8.199691176414489746e-01,4.192987918853759766e+00
1.985668182373046875e+00,1.015224337577819824e+00
2.080982923507690430e+00,3.376966714859008789e+00
6.015357375144958496e-01,2.908078432083129883e+00
1.491376519203186035e+00,1.950955986976623535e+00
6.716489195823669434e-01,2.336175441741943359e+00
-8.216148018836975098e-01,3.675115704536437988e-01
1.584389925003051758e+00,5.854766368865966797e+00
1.502963781356811523e+00,7.473170757293701172e+00
3.398360610008239746e-01,4.494960308074951172e+00
-3.482200503349304199e-01,1.873548388481140137e+00
1.812907814979553223e+00,6.311966419219970703e+00
8.674313426017761230e-01,2.591112375259399414e+00
1.633386492729187012e+00,9.708952903747558594e-01
1.670453310012817383e+00,4.025587558746337891e+00
1.941601932048797607e-02,1.316028833389282227e+00
1.688754320144653320e+00,4.001746177673339844e+00
3.908543586730957031e-01,1.910812377929687500e+00
7.216396331787109375e-01,2.959705114364624023e+00
9.699996113777160645e-01,4.180885791778564453e+00
1.818109154701232910e+00,9.433994293212890625e+00
-5.728288292884826660e-01,1.680539369583129883e+00
5.449716448783874512e-01,1.975103378295898438e+00
9.004179239273071289e-01,5.251689553260803223e-01
1.546563506126403809e+00,4.777556896209716797e+00
1.470074653625488281e+00,7.034107685089111328e+00
1.675465703010559082e+00,1.699953913688659668e+00
1.731107950210571289e+00,1.224215507507324219e+00
1.700308799743652344e+00,8.311138153076171875e-01
1.557453393936157227e+00,2.093479394912719727e+00
1.675540685653686523e+00,3.099018335342407227e+00
2.198676824569702148e+00,5.363133430480957031e+00
1.461448669433593750e+00,6.734584569931030273e-01
1.531517356634140015e-01,2.347603082656860352e+00
1.340433597564697266e+00,1.450602769851684570e+00
-1.108663916587829590e+00,3.318570852279663086e+00
-4.340236783027648926e-01,1.665070891380310059e+00
-6.297414302825927734e-01,2.806341171264648438e+00
-4.243113100528717041e-02,1.354314088821411133e+00
6.068634390830993652e-01,4.841226577758789062e+00
2.522065639495849609e+00,2.553815603256225586e+00
2.439124345779418945e+00,1.344807386398315430e+00
1.185880780220031738e+00,1.467316389083862305e+00
2.974702119827270508e-01,2.320511102676391602e+00
1.726503610610961914e+00,1.401119470596313477e+00
1.175683259963989258e+00,4.247366905212402344e+00
2.090240240097045898e+00,6.485206604003906250e+00
1.833311170339584351e-01,2.061228752136230469e+00
-6.301450133323669434e-01,2.159729003906250000e+00
1.315043807029724121e+00,3.671475648880004883e+00
1.723572611808776855e+00,6.632092952728271484e+00
1.500430583953857422e+00,2.467862665653228760e-01
1.616735577583312988e+00,3.477763235569000244e-01
1.114481687545776367e+00,5.445940971374511719e+00
2.241376161575317383e+00,1.614900827407836914e+00
9.259707927703857422e-01,7.067565321922302246e-01
2.309707880020141602e+00,2.359811544418334961e+00
8.297255635261535645e-01,1.202534675598144531e+00
7.939100861549377441e-01,1.834111690521240234e+00
8.857589364051818848e-01,2.479008674621582031e+00
-6.849594116210937500e-01,1.888617277145385742e+00
1.171392649412155151e-01,3.189376115798950195e+00
4.480804800987243652e-01,1.577934145927429199e+00
2.150452613830566406e+00,5.384685039520263672e+00
1.630210757255554199e+00,8.285642623901367188e+00
1.322835922241210938e+00,5.891641616821289062e+00
1.830010533332824707e+00,3.389613628387451172e+00
7.389240860939025879e-01,2.381151676177978516e+00
1.427579283714294434e+00,4.644133090972900391e+00
6.132820844650268555e-01,2.368021965026855469e+00
1.340437531471252441e+00,5.038564205169677734e+00
9.740800857543945312e-01,2.510561227798461914e+00
1.769034624099731445e+00,4.357988834381103516e+00
2.100514888763427734e+00,4.009126663208007812e+00
1.167780041694641113e+00,6.852324962615966797e+00
2.433180570602416992e+00,1.435338616371154785e+00
3.004365563392639160e-01,1.235504746437072754e+00
1.452610731124877930e+00,5.668889284133911133e-01
5.162571072578430176e-01,4.971230030059814453e+00
1.421819329261779785e+00,4.942063987255096436e-01
1.898884654045104980e+00,4.739249706268310547e+00
1.211521029472351074e+00,8.141180276870727539e-01
-4.726256728172302246e-01,2.971297502517700195e+00
2.085395097732543945e+00,1.734798312187194824e+00
3.633281588554382324e-01,2.197671413421630859e+00
1.905782341957092285e+00,5.312911272048950195e-01
7.894455194473266602e-01,2.231352090835571289e+00
1.897447228431701660e+00,2.497621059417724609e+00
1.734183669090270996e+00,5.206501483917236328e+00
1.623428344726562500e+00,3.778136014938354492e+00
1.524526715278625488e+00,3.222171783447265625e+00
1.693022131919860840e+00,1.594503521919250488e+00
1.701816201210021973e+00,4.074624538421630859e+00
1.349702835083007812e+00,3.503289937973022461e+00
2.491156816482543945e+00,4.916859149932861328e+00
1.069062232971191406e+00,5.003556251525878906e+00
1.647963881492614746e+00,2.657789945602416992e+00
2.312827557325363159e-01,6.610752582550048828e+00
1.784654259681701660e+00,3.556473255157470703e+00
-5.910342335700988770e-01,6.033887267112731934e-01
1.331506371498107910e+00,3.797557830810546875e+00
2.361289978027343750e+00,4.102921485900878906e+00
1.932633161544799805e+00,6.874871253967285156e+00
1.128737926483154297e+00,2.124383211135864258e+00
1.267293810844421387e+00,1.660403013229370117e-01
-8.413206338882446289e-01,2.392035484313964844e+00
2.118299007415771484e+00,2.152375221252441406e+00
1.830917954444885254e+00,4.341250419616699219e+00
1.130317926406860352e+00,2.583188056945800781e+00
1.981695294380187988e+00,1.570656538009643555e+00
1.913720250129699707e+00,1.694083690643310547e+00
5.649310946464538574e-01,5.533817768096923828e+00
4.341663718223571777e-01,2.658771753311157227e+00
2.020637273788452148e+00,1.928080320358276367e+00
1.427951931953430176e+00,3.388014554977416992e+00
1.660371541976928711e+00,1.589837074279785156e-01
1.658226251602172852e+00,7.384382486343383789e-01
1.429678797721862793e+00,4.220872402191162109e+00
2.615988492965698242e+00,1.068730831146240234e+00
1.845731616020202637e+00,1.125384211540222168e+00
1.937029957771301270e+00,3.332696199417114258e+00
1.186581134796142578e+00,1.170422315597534180e+00
2.118153095245361328e+00,1.095718264579772949e+00
1.694409847259521484e+00,1.682109117507934570e+00
2.591592311859130859e+00,3.224545717239379883e+00
1.454230189323425293e+00,5.202095508575439453e+00
1.374864459037780762e+00,2.708528339862823486e-01
2.411647081375122070e+00,3.061552524566650391e+00
9.812561869621276855e-01,4.417853355407714844e+00
2.042144984006881714e-01,2.358469724655151367e+00
2.015218019485473633e+00,5.135847568511962891e+00
-1.479680687189102173e-01,2.241966485977172852e+00
7.179906964302062988e-01,1.838102340698242188e+00
1.749196648597717285e+00,2.044441699981689453e+00
1.154392480850219727e+00,3.502697944641113281e+00
9.693059921264648438e-01,1.044996857643127441e+00
8.558703064918518066e-01,1.365676403045654297e+00
1.737027645111083984e+00,2.406254053115844727e+00
1.380136609077453613e+00,1.307273864746093750e+00
5.431033372879028320e-01,3.582032918930053711e+00
1.386353254318237305e+00,1.449497222900390625e+00
2.093803644180297852e+00,2.550852537155151367e+00
1.596439719200134277e+00,7.382725715637207031e+00
1.873022556304931641e+00,1.115520119667053223e+00
2.311659574508666992e+00,7.236978054046630859e+00
2.872247099876403809e-01,4.399974346160888672e+00
1.290368318557739258e+00,1.037585377693176270e+00
1.703096389770507812e+00,1.896184444427490234e+00
9.083247184753417969e-01,2.458626508712768555e+00
1.172708749771118164e+00,1.570289015769958496e+00
1.351017355918884277e+00,3.338906764984130859e+00
1.547363400459289551e+00,1.284481406211853027e+00
1.951268315315246582e+00,3.714165925979614258e+00
1.790408849716186523e+00,8.584470152854919434e-01
1.324094414710998535e+00,-6.331167370080947876e-02
1.808323740959167480e+00,5.282885551452636719e+00
1.253283262252807617e+00,2.344686269760131836e+00
1.196203351020812988e+00,6.956989765167236328e+00
1.189383983612060547e+00,3.206912755966186523e+00
-3.416306376457214355e-01,3.907640218734741211e+00
1.399824738502502441e+00,1.334648728370666504e+00
1.063399434089660645e+00,4.496800422668457031e+00
1.290516495704650879e+00,4.398347377777099609e+00
5.829763412475585938e-01,2.310888767242431641e+00
2.065372705459594727e+00,4.366384983062744141e+00
6.368000507354736328e-01,4.591243743896484375e+00
-5.983517765998840332e-01,1.410274744033813477e+00
1.694661498069763184e+00,2.748943805694580078e+00
8.650595545768737793e-01,1.036707758903503418e+00
1.376743674278259277e+00,1.131762504577636719e+00
1.789614677429199219e+00,5.162431240081787109e+00
2.007610082626342773e+00,2.166706085205078125e+00
1.326243400573730469e+00,3.939830958843231201e-01
1.758032441139221191e+00,8.421034812927246094e+00
1.766569495201110840e+00,6.949931383132934570e-01
1.744141221046447754e+00,2.128829956054687500e+00
1.544948339462280273e+00,6.778955936431884766e+00
1.548604726791381836e+00,1.632451891899108887e+00
3.269063830375671387e-01,3.135878801345825195e+00
1.260273337364196777e+00,9.482117652893066406e+00
1.691732406616210938e+00,1.188928246498107910e+00
1.573420166969299316e+00,5.433140754699707031e+00
1.310147047042846680e+00,1.469167947769165039e+00
1.575698852539062500e+00,6.684308052062988281e-01
1.051245212554931641e+00,1.157001972198486328e+00
1.913665771484375000e+00,1.520715832710266113e+00
1.552450299263000488e+00,1.576294422149658203e+00
1.303848505020141602e+00,1.247798442840576172e+00
2.387721776962280273e+00,1.750199437141418457e+00
-9.756239056587219238e-01,2.298816442489624023e+00
2.874760627746582031e-01,2.652654647827148438e+00
1.138137578964233398e+00,3.821492195129394531e+00
1.692954897880554199e+00,2.347137451171875000e+00
2.082451105117797852e+00,-1.413483619689941406e-01
7.765218019485473633e-01,2.668596029281616211e+00
2.620181441307067871e-01,3.646912336349487305e+00
2.150544404983520508e+00,9.650593996047973633e-01
2.074357718229293823e-01,3.493023157119750977e+00
1.959584355354309082e+00,4.282805323600769043e-01
1.639654874801635742e+00,4.088037312030792236e-01
1.513901829719543457e+00,3.328178644180297852e+00
1.878442764282226562e+00,1.026216268539428711e+00
8.230232596397399902e-01,6.860233545303344727e-01
2.156990289688110352e+00,3.845924377441406250e+00
1.949934244155883789e+00,2.221372127532958984e+00
1.205878019332885742e+00,1.832370758056640625e-01
9.827967286109924316e-01,2.926409482955932617e+00
1.413625955581665039e+00,4.405050575733184814e-01
6.814147233963012695e-01,1.016877815127372742e-01
2.348643779754638672e+00,1.806713342666625977e-01
1.626877188682556152e+00,8.332121849060058594e+00
2.086552858352661133e+00,2.648133277893066406e+00
1.937523841857910156e+00,8.545707911252975464e-02
1.797145247459411621e+00,9.002842903137207031e-01
2.010030984878540039e+00,7.461439609527587891e+00
1.917020440101623535e+00,4.403229236602783203e+00
1.257017135620117188e+00,4.066304266452789307e-01
2.517034769058227539e+00,4.503786563873291016e+00
5.418960452079772949e-01,2.749696969985961914e+00
8.132836222648620605e-01,2.971196174621582031e+00
2.427791595458984375e+00,2.738858461380004883e+00
-4.882411360740661621e-01,1.470313072204589844e+00
1.547642827033996582e+00,2.159557342529296875e-01
8.447887301445007324e-01,2.130549669265747070e+00
1.672789216041564941e+00,1.088460803031921387e+00
1.103328943252563477e+00,2.659757852554321289e+00
1.247683644294738770e+00,2.574716806411743164e+00
1.352028131484985352e+00,4.579005718231201172e+00
1.352321147918701172e+00,1.329918026924133301e+00
2.247288227081298828e+00,2.735754728317260742e+00
-4.408184885978698730e-01,2.362419366836547852e+00
1.629770517349243164e+00,7.023696422576904297e+00
9.936599731445312500e-01,2.963493585586547852e+00
2.265845298767089844e+00,3.107896089553833008e+00
1.265439510345458984e+00,5.989779233932495117e-01
2.261689424514770508e+00,5.781019330024719238e-01
1.514889359474182129e+00,1.784563779830932617e+00
1.065501332283020020e+00,3.345535755157470703e+00
1.056820511817932129e+00,4.100400447845458984e+00
-1.908238679170608521e-01,2.576364755630493164e+00
7.959880828857421875e-01,5.199888229370117188e+00
2.033700227737426758e+00,2.330329418182373047e-01
7.948416471481323242e-01,2.217552900314331055e+00
1.659162878990173340e+00,1.066865563392639160e+00
1.552515745162963867e+00,2.709269285202026367e+00
1.199527859687805176e+00,3.509608745574951172e+00
1.216052770614624023e+00,2.018907070159912109e+00
8.333261609077453613e-01,4.966317653656005859e+00
8.801202774047851562e-01,-1.695009768009185791e-01
8.724868893623352051e-01,4.688099384307861328e+00
8.118154406547546387e-01,3.101259946823120117e+00
2.079819917678833008e+00,1.895402312278747559e+00
1.452550888061523438e+00,4.510262966156005859e+00
1.465347886085510254e+00,1.124059915542602539e+00
1.156024575233459473e+00,4.709913730621337891e+00
-3.506097793579101562e-01,3.255579948425292969e+00
1.428663611412048340e+00,1.429857254028320312e+00
1.613842010498046875e+00,2.918698072433471680e+00
1.142857909202575684e+00,3.877485990524291992e+00
1.424393653869628906e+00,3.882104635238647461e+00
1.759063124656677246e+00,2.940753698348999023e+00
1.911762833595275879e+00,7.558261156082153320e-01
1.039359450340270996e+00,6.382566928863525391e+00
1.319001317024230957e+00,5.399546146392822266e+00
-6.043245792388916016e-01,1.542133808135986328e+00
1.366194009780883789e+00,2.522831201553344727e+00
8.922227025032043457e-01,1.406329631805419922e+00
7.602754831314086914e-01,1.886501431465148926e+00
2.925791740417480469e-01,7.096730470657348633e-01
1.344014167785644531e+00,1.270126700401306152e+00
1.119931459426879883e+00,2.227440834045410156e+00
1.190431356430053711e+00,8.324613571166992188e+00
1.448180198669433594e+00,1.211959049105644226e-01
2.409685611724853516e+00,4.790714681148529053e-01
1.477126717567443848e+00,8.059277534484863281e-01
1.730879426002502441e+00,7.073994636535644531e+00
1.518031120300292969e+00,2.649390459060668945e+00
7.644913196563720703e-01,1.295943498611450195e+00
1.698737144470214844e+00,1.908577203750610352e+00
1.862107157707214355e+00,2.544549226760864258e+00
1.378451228141784668e+00,4.255255699157714844e+00
6.350913643836975098e-01,2.167299985885620117e+00
2.642782926559448242e+00,6.396854400634765625e+00
1.326499223709106445e+00,9.053767323493957520e-01
8.229588866233825684e-01,2.153624892234802246e-01
1.778541445732116699e+00,4.721188545227050781e+00
9.749056100845336914e-01,3.409403085708618164e+00
1.611675143241882324e+00,-2.020842730998992920e-01
2.438910722732543945e+00,3.163776159286499023e+00
6.798703670501708984e-01,2.923300027847290039e+00
-2.140961438417434692e-01,3.164699554443359375e+00
9.464868307113647461e-01,2.270458221435546875e+00
2.122482776641845703e+00,2.159133911132812500e+00
7.597933709621429443e-02,3.498661518096923828e+00
1.424403429031372070e+00,4.288195133209228516e+00
-3.134151101112365723e-01,2.087666511535644531e+00
8.100739717483520508e-01,2.633894681930541992e+00
1.643664717674255371e+00,2.816611051559448242e+00
1.476554751396179199e+00,7.246841907501220703e+00
1.032175898551940918e+00,8.134107589721679688e-01
1.733631253242492676e+00,1.179059267044067383e+00
-2.847993373870849609e-01,2.529727935791015625e+00
1.399804949760437012e+00,5.954514980316162109e+00
-4.279337525367736816e-01,2.144698381423950195e+00
1.841590404510498047e+00,4.117059707641601562e+00
1.058930635452270508e+00,2.762809991836547852e+00
1.946785569190979004e+00,6.124934673309326172e+00
1.552897930145263672e+00,1.174126029014587402e+00
1.263139486312866211e+00,5.005554676055908203e+00
1.196372389793395996e+00,1.536956548690795898e+00
1.680880665779113770e+00,3.992045164108276367e+00
5.130217671394348145e-01,2.331120729446411133e+00
2.249607086181640625e+00,2.224730014801025391e+00
1.884945511817932129e+00,2.615224719047546387e-01
1.425487637519836426e+00,2.990823507308959961e+00
2.119235277175903320e+00,9.726533889770507812e-01
7.750372886657714844e-01,1.386818170547485352e+00
1.342192173004150391e+00,1.794949173927307129e+00
1.347007155418395996e+00,5.042297363281250000e+00
1.095474839210510254e+00,7.627958297729492188e+00
2.030998468399047852e+00,1.898028969764709473e+00
1.628212094306945801e+00,5.244696140289306641e+00
1.018457412719726562e+00,2.210915803909301758e+00
1.123479008674621582e+00,4.091838836669921875e+00
1.631114959716796875e+00,1.664674520492553711e+00
2.383337020874023438e+00,8.081363677978515625e+00
1.088733673095703125e+00,8.325585126876831055e-01
2.014388561248779297e+00,2.964890241622924805e+00
1.797429323196411133e+00,4.670464992523193359e+00
3.484367132186889648e-01,5.615111827850341797e+00
1.898324251174926758e+00,4.468806982040405273e-01
2.135157823562622070e+00,1.792559385299682617e+00
1.497186779975891113e+00,5.177192211151123047e+00
2.072103738784790039e+00,-4.065138697624206543e-01
1.314250588417053223e+00,2.116772174835205078e+00
1.137153953313827515e-01,1.923546433448791504e+00
1.709578871726989746e+00,3.656938791275024414e+00
1.010693073272705078e+00,4.242015182971954346e-01
1.568403244018554688e+00,7.468522787094116211e-01
1.286313056945800781e+00,4.902256011962890625e+00
2.035955667495727539e+00,5.345317363739013672e+00
1.487671494483947754e+00,6.675864696502685547e+00
-4.873878955841064453e-01,1.435224652290344238e+00
1.401958107948303223e+00,4.746542453765869141e+00
1.594314098358154297e+00,1.884278893470764160e+00
1.076354622840881348e+00,6.404485106468200684e-01
1.472094655036926270e+00,4.608584880828857422e+00
1.570902943611145020e+00,5.359879016876220703e+00
-7.787193655967712402e-01,3.740489006042480469e+00
9.738023877143859863e-01,3.053953409194946289e+00
1.411104917526245117e+00,3.286245822906494141e+00
1.962101697921752930e+00,4.320183277130126953e+00
2.184092521667480469e+00,3.326276540756225586e+00
1.806144237518310547e+00,1.120129227638244629e+00
1.716349363327026367e+00,1.681048750877380371e+00
1.110014170408248901e-01,1.832815289497375488e+00
6.697885394096374512e-01,3.288596868515014648e+00
1.368921637535095215e+00,2.624521017074584961e+00
1.358691096305847168e+00,2.026942491531372070e+00
2.153698444366455078e+00,7.195354938507080078e+00
2.256826400756835938e+00,1.694970607757568359e+00
2.314672708511352539e+00,1.810461878776550293e-01
1.958421826362609863e+00,1.323089361190795898e+00
-9.172815084457397461e-01,1.241794586181640625e+00
1.167628020048141479e-01,2.102581739425659180e+00
7.523272931575775146e-02,3.358474254608154297e+00
4.312487840652465820e-01,2.716991662979125977e+00
1.236066341400146484e+00,6.183641910552978516e+00
9.538148343563079834e-02,2.221703767776489258e+00
1.777188897132873535e+00,1.710521697998046875e+00
1.749789357185363770e+00,1.742687344551086426e+00
1.633274793624877930e+00,1.389884203672409058e-02
5.989933013916015625e-01,1.607161760330200195e+00
1.491848945617675781e+00,6.542911529541015625e+00
-1.618240028619766235e-01,4.056533336639404297e+00
2.163435667753219604e-01,3.587159395217895508e+00
9.682405591011047363e-01,5.553331375122070312e-01
1.548629283905029297e+00,8.208686828613281250e+00
1.819014668464660645e+00,3.630329370498657227e+00
1.874649286270141602e+00,6.532316207885742188e+00
1.886236667633056641e+00,1.479523301124572754e+00
8.895213007926940918e-01,2.455815076828002930e+00
9.501655697822570801e-01,2.314525365829467773e+00
1.882567405700683594e+00,5.416773557662963867e-01
2.003336191177368164e+00,2.467907667160034180e+00
1.459895849227905273e+00,2.252465724945068359e+00
2.101227521896362305e+00,3.222448825836181641e+00
-8.436862826347351074e-01,1.535044074058532715e+00
1.496535778045654297e+00,4.325730800628662109e-01
1.793621033430099487e-01,1.888952136039733887e+00
2.565330743789672852e+00,7.236241340637207031e+00
2.215749263763427734e+00,3.797368526458740234e+00
-6.272686123847961426e-01,1.072445511817932129e+00
1.604210853576660156e+00,1.396798372268676758e+00
1.897603273391723633e+00,6.283322811126708984e+00
1.331248641014099121e+00,-2.492744326591491699e-01
1.771882653236389160e+00,-1.658307313919067383e-01
1.536615014076232910e+00,1.133312225341796875e+00
1.198867797851562500e+00,-9.423793107271194458e-02
1.046140670776367188e+00,-2.255690842866897583e-02
2.109859228134155273e+00,6.446550846099853516e+00
1.158933758735656738e+00,8.850730657577514648e-01
-3.348566591739654541e-02,1.502306103706359863e+00
6.784868240356445312e-01,4.402631223201751709e-01
1.461450338363647461e+00,8.569878339767456055e-01
1.831194043159484863e+00,6.454815864562988281e+00
2.581004858016967773e+00,1.469230175018310547e+00
2.275859117507934570e+00,1.135674476623535156e+00
1.555965781211853027e+00,1.398455739021301270e+00
2.553723573684692383e+00,4.960512161254882812e+00
1.418736696243286133e+00,4.933516979217529297e-01
1.546574234962463379e+00,5.223860263824462891e+00
3.305040597915649414e-01,1.045534372329711914e+00
3.486952781677246094e-01,6.145459175109863281e+00
1.231373906135559082e+00,4.726893901824951172e+00
1.316830515861511230e+00,6.646289825439453125e+00
1.405183076858520508e+00,4.153493404388427734e+00
1.823152750730514526e-01,9.045405983924865723e-01
1.951874852180480957e+00,1.399486064910888672e+00
1.107694149017333984e+00,7.618147134780883789e-01
1.014412045478820801e+00,4.064983367919921875e+00
-8.307068347930908203e-01,3.162246942520141602e-01
1.640255451202392578e+00,3.247816801071166992e+00
1.553928017616271973e+00,2.272658824920654297e+00
2.162024825811386108e-01,2.445548295974731445e+00
1.011969923973083496e+00,3.160613298416137695e+00
-7.267273068428039551e-01,1.820104837417602539e+00
7.694409489631652832e-01,9.365596771240234375e+00
9.157127141952514648e-01,1.896705746650695801e+00
6.778725981712341309e-01,3.242041587829589844e+00
1.883806347846984863e+00,6.388420581817626953e+00
1.434140563011169434e+00,1.367245197296142578e+00
8.403807282447814941e-01,1.837020158767700195e+00
1.905873298645019531e+00,4.032225131988525391e+00
7.526362538337707520e-01,3.017384290695190430e+00
1.640517473220825195e+00,3.196933507919311523e+00
1.825328826904296875e+00,1.594806432723999023e+00
-3.388108611106872559e-01,2.824623346328735352e+00
1.461667537689208984e+00,2.375751495361328125e+00
2.183625221252441406e+00,2.096657752990722656e+00
8.201988339424133301e-01,4.436818599700927734e+00
8.632824756205081940e-03,1.097550988197326660e+00
2.125333309173583984e+00,3.894716024398803711e+00
1.432556509971618652e+00,1.144167661666870117e+00
2.370315074920654297e+00,5.247948765754699707e-01
2.000612497329711914e+00,1.993519306182861328e+00
2.422752380371093750e+00,5.015550255775451660e-01
1.215198636054992676e+00,1.846885442733764648e+00
1.818790674209594727e+00,6.032990932464599609e+00
2.154717892408370972e-01,3.757991075515747070e+00
1.766266703605651855e+00,1.731753587722778320e+00
1.472886681556701660e+00,1.489942073822021484e+00
9.381149411201477051e-01,4.093521118164062500e+00
1.692938089370727539e+00,3.748957157135009766e+00
3.683640360832214355e-01,3.933246731758117676e-01
9.736171364784240723e-01,4.919921398162841797e+00
1.056722402572631836e+00,3.565987825393676758e+00
6.210184693336486816e-01,2.466053724288940430e+00
7.326028943061828613e-01,2.045019149780273438e+00
9.947695136070251465e-01,3.130875825881958008e+00
1.697211742401123047e+00,5.547724723815917969e+00
1.185317635536193848e+00,6.078512668609619141e+00
5.907624363899230957e-01,3.784617424011230469e+00
1.733105540275573730e+00,-1.423341333866119385e-01
1.582058191299438477e+00,1.851091027259826660e+00
3.919013738632202148e-01,1.722119092941284180e+00
1.430592894554138184e+00,2.110607624053955078e+00
1.272186875343322754e+00,3.265195608139038086e+00
1.290978550910949707e+00,4.669580459594726562e+00
1.385294675827026367e+00,3.747444391250610352e+00
1.851071476936340332e+00,4.825064182281494141e+00
1.753828763961791992e+00,4.888969421386718750e+00
2.405270338058471680e+00,1.961186408996582031e+00
1.980227708816528320e+00,4.714928627014160156e+00
8.655772805213928223e-01,1.838301658630371094e+00
1.530134797096252441e+00,4.156674385070800781e+00
7.526299357414245605e-01,2.788845300674438477e+00
9.246413111686706543e-01,4.921617031097412109e+00
1.561557412147521973e+00,5.294668674468994141e-01
1.455325365066528320e+00,3.208783864974975586e+00
9.565619826316833496e-01,8.508679270744323730e-01
2.018890142440795898e+00,2.156861543655395508e+00
1.795650839805603027e+00,6.975161552429199219e+00
2.223459482192993164e+00,4.210576534271240234e+00
1.513218283653259277e+00,4.169017076492309570e-01
6.540898680686950684e-01,1.377445697784423828e+00
1.279107928276062012e+00,2.243827581405639648e+00
1.221877098083496094e+00,7.733020782470703125e-01
2.327519893646240234e+00,2.678107023239135742e+00
4.159997105598449707e-01,1.449499487876892090e+00
1.562273621559143066e+00,7.394396513700485229e-02
2.351122856140136719e+00,4.551035165786743164e-01
2.496361255645751953e+00,3.226952552795410156e-01
4.220216870307922363e-01,4.431247234344482422e+00
2.294778108596801758e+00,4.836386680603027344e+00
1.566541671752929688e+00,5.804231166839599609e+00
6.918625533580780029e-02,6.520895957946777344e-01
1.363282084465026855e+00,6.183393597602844238e-01
1.755865335464477539e+00,1.000366592407226562e+01
1.793583035469055176e+00,6.247298240661621094e+00
-3.154655694961547852e-01,1.036495685577392578e+00
1.572571635246276855e+00,4.398285150527954102e-01
1.190209507942199707e+00,1.378602504730224609e+00
1.622543573379516602e+00,2.375038146972656250e+00
1.870072603225708008e+00,5.026740074157714844e+00
1.890599608421325684e+00,2.566765069961547852e+00
4.055283665657043457e-01,2.820862054824829102e+00
1.523271322250366211e+00,2.590190172195434570e+00
1.804958224296569824e+00,1.083006381988525391e+00
1.077762007713317871e+00,4.398477554321289062e+00
8.773472905158996582e-01,4.094735622406005859e+00
1.547226905822753906e+00,1.345071792602539062e-01
1.102929949760437012e+00,2.964448183774948120e-02
1.587732076644897461e+00,5.850919246673583984e+00
1.943015456199645996e+00,6.458462238311767578e+00
1.975890040397644043e+00,4.518914699554443359e+00
-3.420869112014770508e-01,2.791795730590820312e-01
-1.965346485376358032e-01,7.576365947723388672e+00
1.623142957687377930e+00,1.351245999336242676e+00
1.152624607086181641e+00,7.491926670074462891e+00
8.398851156234741211e-01,9.786046147346496582e-01
1.786892294883728027e+00,4.105415821075439453e+00
2.664747953414916992e+00,1.806706905364990234e+00
1.293393373489379883e+00,2.894562005996704102e+00
1.999759435653686523e+00,1.964530467987060547e+00
4.615764021873474121e-01,3.759923696517944336e+00
1.785045742988586426e+00,5.698953151702880859e+00
4.306896328926086426e-01,1.678426861763000488e+00
2.952755928039550781e+00,3.906019926071166992e+00
2.023733139038085938e+00,4.104335784912109375e+00
1.595926046371459961e+00,7.763880491256713867e-01
1.881160855293273926e+00,4.417315483093261719e+00
7.003668546676635742e-01,1.673693060874938965e+00
1.794031262397766113e+00,2.434177160263061523e+00
1.502502202987670898e+00,4.811658859252929688e-01
1.569904088973999023e+00,1.930495500564575195e+00
9.445943236351013184e-01,2.602239370346069336e+00
1.922359108924865723e+00,6.743388622999191284e-02
1.280171036720275879e+00,3.126949071884155273e+00
7.179472446441650391e-01,5.087735176086425781e+00
-2.297591716051101685e-01,1.069651469588279724e-01
2.340839147567749023e+00,4.065116405487060547e+00
1.733886837959289551e+00,2.557960748672485352e+00
1.140737771987915039e+00,5.645802974700927734e+00
2.512851238250732422e+00,1.412059068679809570e-01
1.026162743568420410e+00,4.783519268035888672e+00
1.167521357536315918e+00,-3.262778222560882568e-01
-2.524402737617492676e-01,1.844429731369018555e+00
2.288689613342285156e+00,1.941202759742736816e+00
1.238044261932373047e+00,1.030344367027282715e+00
-7.894397377967834473e-01,2.872114419937133789e+00
1.993563771247863770e+00,5.156558752059936523e-01
1.160851120948791504e+00,4.381812572479248047e+00
2.021631002426147461e+00,4.039842128753662109e+00
1.682862281799316406e+00,2.549162149429321289e+00
2.217157602310180664e+00,2.537034273147583008e+00
-3.123156428337097168e-01,1.121661588549613953e-01
7.639279961585998535e-01,2.000027298927307129e-01
-2.988829277455806732e-03,2.637051820755004883e+00
1.590715765953063965e+00,2.618964433670043945e+00
8.267415761947631836e-01,2.758677244186401367e+00
4.037526249885559082e-01,3.411556482315063477e+00
1.957669854164123535e+00,3.784249544143676758e+00
8.852753043174743652e-01,2.315789222717285156e+00
-5.628880858421325684e-01,7.540168762207031250e-01
1.228269696235656738e+00,5.130550384521484375e+00
1.834623217582702637e+00,4.944264888763427734e+00
-1.073515653610229492e+00,8.719227313995361328e-01
2.562372922897338867e+00,2.483933687210083008e+00
1.701238393783569336e+00,9.596065282821655273e-01
-8.818133473396301270e-01,3.984709978103637695e+00
2.328143358230590820e+00,2.996114969253540039e+00
1.492717146873474121e+00,5.299763083457946777e-01
1.814275383949279785e+00,7.760691642761230469e-01
1.922924757003784180e+00,2.587396383285522461e+00
2.283806800842285156e+00,7.219506740570068359e+00
1.967074751853942871e+00,3.050992727279663086e+00
2.924459695816040039e+00,4.770320415496826172e+00
2.111283779144287109e+00,9.059808731079101562e+00
2.304895162582397461e+00,6.282927036285400391e+00
7.620939612388610840e-01,2.947618722915649414e+00
1.770083904266357422e+00,6.743602275848388672e+00
1.709130764007568359e+00,4.155448913574218750e+00
2.045870780944824219e+00,7.106192111968994141e+00
1.243226885795593262e+00,3.093002080917358398e+00
2.590876221656799316e-01,4.105367660522460938e+00
2.816504240036010742e+00,7.393081188201904297e+00
4.425665736198425293e-01,2.840677499771118164e+00
1.145920634269714355e+00,2.069902896881103516e+00
1.746348261833190918e+00,2.133369207382202148e+00
7.601447105407714844e-01,2.574201345443725586e+00
2.900091648101806641e+00,4.813170909881591797e+00
1.740408658981323242e+00,3.214003324508666992e+00
1.747528195381164551e+00,2.816246747970581055e-01
1.307287335395812988e+00,1.120042681694030762e+00
1.801562309265136719e+00,1.861909866333007812e+00
2.764456272125244141e+00,4.826237201690673828e+00
1.559908747673034668e+00,6.874274253845214844e+00
2.156220912933349609e+00,3.722881555557250977e+00
5.908845067024230957e-01,3.536220312118530273e+00
1.432354927062988281e+00,1.754868626594543457e+00
1.119231343269348145e+00,5.247122049331665039e-01
2.307070493698120117e+00,3.739423513412475586e+00
1.563245773315429688e+00,9.942425489425659180e-01
1.023673176765441895e+00,8.223973959684371948e-02
1.338513970375061035e+00,1.824151039123535156e+00
1.710802793502807617e+00,2.950858831405639648e+00
1.929747700691223145e+00,1.810269236564636230e+00
1.072220921516418457e+00,6.026215076446533203e+00
2.158167600631713867e+00,1.475152254104614258e+00
7.511685490608215332e-01,1.867457628250122070e-01
1.713489413261413574e+00,3.725287437438964844e+00
8.435804247856140137e-01,5.789521694183349609e+00
2.386635065078735352e+00,4.880473136901855469e+00
1.610808491706848145e+00,3.583287000656127930e-01
1.528515100479125977e+00,4.737157344818115234e+00
1.705693244934082031e+00,4.249794483184814453e-01
-5.705679059028625488e-01,2.691213130950927734e+00
1.373902916908264160e+00,8.361334800720214844e-01
1.728522062301635742e+00,1.693147897720336914e+00
1.932695269584655762e+00,1.189739823341369629e+00
1.301136136054992676e+00,4.388853013515472412e-01
-3.931519985198974609e-01,4.056377410888671875e+00
1.427941322326660156e+00,3.486219048500061035e-01
1.842986702919006348e+00,2.508147001266479492e+00
1.957292914390563965e+00,7.369502782821655273e-01
-3.233547210693359375e-01,1.260518074035644531e+00
1.462433099746704102e+00,1.687723755836486816e+00
1.715637207031250000e+00,4.704914569854736328e+00
3.974909186363220215e-01,1.550905108451843262e+00
5.396234393119812012e-01,3.962140798568725586e+00
1.523434400558471680e+00,2.939125299453735352e+00
3.487777709960937500e-01,2.325459241867065430e+00
1.775332570075988770e+00,2.253518819808959961e+00
2.072860717773437500e+00,4.033219218254089355e-01
-7.633871436119079590e-01,3.161549806594848633e+00
2.090703487396240234e+00,4.536002635955810547e+00
9.887002706527709961e-01,3.442406952381134033e-01
1.627520442008972168e+00,2.999539136886596680e+00
5.348749160766601562e-01,5.026202678680419922e+00
5.339872837066650391e-01,2.920234680175781250e+00
1.354220747947692871e+00,1.237671613693237305e+00
1.082717776298522949e+00,1.172174692153930664e+00
1.861876845359802246e+00,2.615206003189086914e+00
1.087993979454040527e+00,3.044471025466918945e+00
1.743799090385437012e+00,7.717572212219238281e+00
1.626755118370056152e+00,2.060442686080932617e+00
1.410336971282958984e+00,4.285573482513427734e+00
1.634160041809082031e+00,3.202505350112915039e+00
2.105639934539794922e+00,1.896254658699035645e+00
1.608922362327575684e+00,1.065188169479370117e+00
2.092189311981201172e+00,1.863267421722412109e+00
2.050800561904907227e+00,5.939444065093994141e+00
1.341590404510498047e+00,3.812154054641723633e+00
1.099679589271545410e+00,3.462553739547729492e+00
1.793766140937805176e+00,2.615369319915771484e+00
2.212460756301879883e+00,6.476602077484130859e+00
1.466661334037780762e+00,6.808242321014404297e+00
-3.512796759605407715e-01,1.855561017990112305e+00
7.554852962493896484e-01,1.054004669189453125e+01
1.153944373130798340e+00,4.267100811004638672e+00
1.276650667190551758e+00,2.465268135070800781e+00
1.168221712112426758e+00,9.560251832008361816e-01
8.977752923965454102e-01,1.706984043121337891e+00
-5.776754021644592285e-01,-2.865294367074966431e-02
4.895491003990173340e-01,2.151873826980590820e+00
1.294388651847839355e+00,3.100963592529296875e+00
1.055988073348999023e+00,5.186435222625732422e+00
1.133808612823486328e+00,7.714235782623291016e-01
1.812263011932373047e+00,6.671723842620849609e+00
-3.306760452687740326e-03,3.169413089752197266e+00
1.022267818450927734e+00,4.663908958435058594e+00
9.944427013397216797e-01,5.478648662567138672e+00
-3.383945822715759277e-01,9.300743341445922852e-01
1.966667294502258301e+00,2.609369754791259766e+00
1.872220754623413086e+00,3.678492784500122070e+00
2.427725076675415039e+00,2.737968683242797852e+00
-4.887171387672424316e-01,2.372279405593872070e+00
1.063862204551696777e+00,1.608543038368225098e+00
6.459815502166748047e-01,4.619682312011718750e+00
2.141652584075927734e+00,1.157161808013916016e+01
1.988853216171264648e+00,2.573734045028686523e+00
1.271029710769653320e+00,4.924243927001953125e+00
2.303201436996459961e+00,2.706865549087524414e+00
1.913398385047912598e+00,7.752496004104614258e-01
-3.741310834884643555e-01,2.307316780090332031e+00
7.780288457870483398e-01,3.610083758831024170e-01
1.949434399604797363e+00,9.470635652542114258e-01
1.469141364097595215e+00,1.775691270828247070e+00
1.544702887535095215e+00,7.058330178260803223e-01
6.772295832633972168e-01,2.673902511596679688e+00
7.453227639198303223e-01,5.644359588623046875e+00
8.228704333305358887e-01,2.847866773605346680e+00
1.932510137557983398e+00,4.037327468395233154e-01
1.218246936798095703e+00,-8.576758205890655518e-03
1.870096087455749512e+00,2.043961524963378906e+00
7.536215186119079590e-01,3.217024803161621094e+00
2.654453516006469727e-01,2.752862930297851562e+00
7.026681303977966309e-01,1.942442953586578369e-01
1.898860216140747070e+00,4.853912830352783203e+00
2.010316610336303711e+00,4.656057834625244141e+00
1.991301655769348145e+00,2.327754020690917969e+00
1.996602892875671387e+00,5.441771507263183594e+00
1.187116026878356934e+00,4.487075328826904297e+00
1.452596426010131836e+00,2.011473178863525391e-01
1.116145372390747070e+00,5.799471139907836914e-01
1.566252112388610840e+00,1.535916090011596680e+00
1.318117499351501465e+00,3.795736789703369141e+00
1.815715551376342773e+00,7.227987647056579590e-01
1.993263483047485352e+00,1.289448261260986328e+00
1.831401467323303223e+00,2.473528146743774414e+00
1.459306359291076660e+00,1.036106109619140625e+00
8.500967621803283691e-01,3.436115980148315430e+00
1.467863172292709351e-01,2.547140598297119141e+00
9.641810655593872070e-01,2.425296068191528320e+00
1.101815342903137207e+00,5.054129600524902344e+00
1.230057239532470703e+00,6.955590099096298218e-02
1.869419455528259277e+00,8.934101104736328125e+00
2.386283397674560547e+00,4.993748366832733154e-01
-2.225213795900344849e-01,-1.478806883096694946e-02
2.185316324234008789e+00,2.355961084365844727e+00
1.626979947090148926e+00,7.227010250091552734e+00
1.657528400421142578e+00,8.474969863891601562e-01
1.695958971977233887e+00,2.687528848648071289e+00
1.645865082740783691e+00,2.063851118087768555e+00
-3.487132191658020020e-01,2.800906181335449219e+00
1.984966635704040527e+00,2.207518815994262695e+00
1.965012907981872559e+00,2.270062565803527832e-01
1.925465464591979980e+00,5.375555515289306641e+00
2.066680908203125000e+00,4.403522014617919922e+00
1.169758439064025879e+00,3.157183408737182617e+00
1.880113720893859863e+00,6.875452995300292969e+00
3.651823401451110840e-01,9.003700256347656250e+00
1.855891704559326172e+00,2.653245925903320312e+00
1.553446888923645020e+00,4.437450408935546875e+00
9.477815032005310059e-01,6.511198282241821289e-01
1.514074087142944336e+00,4.077050209045410156e+00
-3.249773383140563965e-01,5.063941955566406250e+00
2.103409767150878906e+00,2.799916028976440430e+00
7.953115105628967285e-01,6.470079898834228516e+00
2.252800703048706055e+00,1.038621330261230469e+01
2.548739671707153320e+00,1.257626175880432129e+00
2.426236152648925781e+00,2.923824548721313477e+00
1.405880808830261230e+00,6.525915145874023438e+00
1.706583738327026367e+00,2.886164903640747070e+00
1.722578644752502441e+00,1.156583905220031738e+00
9.163674712181091309e-01,7.707327604293823242e-01
1.112471580505371094e+00,2.471285581588745117e+00
1.221518635749816895e+00,8.050001144409179688e+00
1.724571347236633301e+00,1.890230894088745117e+00
8.833241462707519531e-01,2.317826509475708008e+00
8.731431365013122559e-01,9.927330613136291504e-01
1.272324681282043457e+00,4.866143226623535156e+00
1.745078325271606445e+00,3.245314836502075195e+00
9.679278135299682617e-01,7.754723429679870605e-01
-1.517833620309829712e-01,2.640304803848266602e+00
1.322371482849121094e+00,1.602027893066406250e+00
1.860360503196716309e+00,3.307121276855468750e+00
1.721604704856872559e+00,4.179587841033935547e+00
1.007213592529296875e+00,3.101226806640625000e+00
1.814832329750061035e+00,2.066849470138549805e+00
1.962723135948181152e+00,3.056891441345214844e+00
1.161409497261047363e+00,7.170820713043212891e+00
1.444653987884521484e+00,3.908104181289672852e+00
1.275444746017456055e+00,2.791676282882690430e+00
1.379058480262756348e+00,6.958417415618896484e+00
1.174902439117431641e+00,3.934214591979980469e+00
5.763798356056213379e-01,1.575133562088012695e+00
2.977528333663940430e+00,4.031441688537597656e+00
1.908210039138793945e+00,1.874800920486450195e+00
2.525364398956298828e+00,1.537616252899169922e+00
-9.633348584175109863e-01,1.347358465194702148e+00
1.567597031593322754e+00,8.740081787109375000e-01
1.284794092178344727e+00,1.084347128868103027e+00
2.262124538421630859e+00,1.163868308067321777e+00
1.543221712112426758e+00,2.518157958984375000e-01
1.562867522239685059e+00,1.918342351913452148e+00
1.716130733489990234e+00,2.927962064743041992e+00
9.809620976448059082e-01,4.828249454498291016e+00
1.853998303413391113e+00,5.297659873962402344e+00
2.008394956588745117e+00,1.312022924423217773e+00
2.609604835510253906e+00,2.099051237106323242e+00
1.550803661346435547e+00,5.127940177917480469e+00
1.673456192016601562e+00,9.740394592285156250e+00
1.754954934120178223e+00,4.664902687072753906e+00
1.510769009590148926e+00,2.694550752639770508e+00
1.712775707244873047e+00,1.443935513496398926e+00
2.031342983245849609e+00,1.180905222892761230e+00
2.134255647659301758e+00,4.064203202724456787e-01
5.314772129058837891e-01,3.126243829727172852e+00
5.662676692008972168e-01,3.385773420333862305e+00
2.163517475128173828e+00,2.248691797256469727e+00
1.888798952102661133e+00,7.494356632232666016e-01
1.554877758026123047e+00,2.031555175781250000e+00
1.470998883247375488e+00,1.303980112075805664e+00
-1.559868007898330688e-01,2.361432552337646484e+00
1.704688906669616699e+00,2.984431982040405273e+00
7.427022457122802734e-01,3.590326547622680664e+00
2.873149156570434570e+00,1.968798041343688965e+00
-1.982915550470352173e-01,4.272823333740234375e+00
-7.213147282600402832e-01,8.595727682113647461e-01
2.740846276283264160e-01,3.194132804870605469e+00
2.079652547836303711e+00,-3.753325939178466797e-01
4.332839846611022949e-01,1.254198431968688965e+00
2.361949920654296875e+00,2.046391248703002930e+00
2.290902614593505859e+00,1.800823926925659180e+00
2.015148162841796875e+00,1.472565174102783203e+00
1.373182535171508789e+00,1.847873926162719727e+00
1.438832163810729980e+00,1.633111119270324707e+00
1.848298430442810059e+00,4.833937168121337891e+00
1.271400690078735352e+00,5.602880477905273438e+00
1.966173052787780762e+00,4.261062622070312500e+00
1.184230089187622070e+00,6.499164581298828125e+00
1.897445559501647949e+00,2.861979722976684570e+00
6.962762773036956787e-02,-9.486563503742218018e-03
1.601839900016784668e+00,8.237758636474609375e+00
1.345736980438232422e+00,1.278988361358642578e+00
-7.838293313980102539e-01,2.741990327835083008e+00
2.230136156082153320e+00,4.418676853179931641e+00
1.441033959388732910e+00,1.836959958076477051e+00
8.755456805229187012e-01,7.794557213783264160e-01
9.125757217407226562e-01,2.178652763366699219e+00
1.531399846076965332e+00,1.708231925964355469e+00
4.253379106521606445e-01,1.903896331787109375e+00
4.485376477241516113e-01,2.459135293960571289e+00
1.109727382659912109e+00,4.985091686248779297e+00
1.446861743927001953e+00,7.312901973724365234e+00
1.760581374168395996e+00,2.397765517234802246e-01
1.302043795585632324e+00,5.408194065093994141e+00
1.667736530303955078e+00,4.367737770080566406e+00
-4.726629853248596191e-01,1.895536541938781738e+00
2.736527681350708008e+00,2.186245679855346680e+00
5.034251213073730469e-01,1.380767107009887695e+00
1.697319388389587402e+00,5.217525005340576172e+00
1.494150280952453613e+00,7.296996116638183594e+00
1.694774746894836426e+00,7.198836803436279297e-01
1.575651168823242188e+00,1.801878690719604492e+00
1.331173777580261230e+00,1.026677012443542480e+00
3.949831128120422363e-01,2.640872955322265625e+00
1.412837982177734375e+00,4.677308082580566406e+00
1.437522649765014648e+00,5.687139987945556641e+00
3.843044638633728027e-01,1.554710149765014648e+00
1.453675627708435059e+00,-1.816180646419525146e-01
1.402132391929626465e+00,5.068319797515869141e+00
1.006014227867126465e+00,4.326189517974853516e+00
6.442970633506774902e-01,3.759114980697631836e+00
2.009655237197875977e+00,2.724216699600219727e+00
-8.893444202840328217e-03,2.284550905227661133e+00
1.017806410789489746e+00,8.867397308349609375e-01
-6.574178338050842285e-01,5.466720461845397949e-01
1.612078785896301270e+00,2.473623514175415039e+00
-5.915665626525878906e-01,5.876839756965637207e-01
-1.592093259096145630e-01,2.153537750244140625e+00
7.451928257942199707e-01,8.401502370834350586e-01
9.403584003448486328e-01,1.273331999778747559e+00
-1.754542142152786255e-01,3.786659955978393555e+00
2.389230012893676758e+00,2.730576038360595703e+00
2.281484603881835938e+00,6.155475139617919922e+00
1.524497032165527344e+00,3.718237638473510742e+00
4.089354276657104492e-01,3.641670942306518555e+00
2.601675987243652344e+00,1.824823260307312012e+00
-4.916011095046997070e-01,2.290657281875610352e+00
1.768984913825988770e+00,4.200252294540405273e-01
-6.388078331947326660e-01,4.907682895660400391e+00
1.103753447532653809e+00,4.671968936920166016e+00
8.679224252700805664e-01,1.796116232872009277e+00
-1.987897306680679321e-01,3.163472890853881836e+00
1.890669584274291992e+00,3.191476345062255859e+00
6.139454245567321777e-01,5.680921077728271484e+00
2.075206518173217773e+00,6.858259439468383789e-01
5.449622273445129395e-01,4.284677505493164062e+00
9.688850045204162598e-01,1.888144612312316895e+00
-3.894605040550231934e-01,-1.588114500045776367e-01
1.232401847839355469e+00,1.822111964225769043e+00
-4.076693058013916016e-01,1.832008838653564453e+00
1.774227142333984375e+00,6.642898082733154297e+00
-5.048121213912963867e-01,2.720772743225097656e+00
1.423683404922485352e+00,2.061867237091064453e+00
2.312276601791381836e+00,1.566383123397827148e+00
2.399167537689208984e+00,5.714343786239624023e-01
1.454309463500976562e+00,4.996678352355957031e+00
1.492575168609619141e+00,1.544414281845092773e+00
1.729231595993041992e+00,8.722085952758789062e+00
9.180646538734436035e-01,5.929841399192810059e-01
2.273864507675170898e+00,2.416204810142517090e-01
-1.044060196727514267e-02,3.256582021713256836e+00
1.393615484237670898e+00,1.211785078048706055e+00
1.884260892868041992e+00,1.859429597854614258e+00
1.512720704078674316e+00,1.548875570297241211e+00
2.416420221328735352e+00,4.123610496520996094e+00
1.862684607505798340e+00,2.839940309524536133e+00
2.069510698318481445e+00,4.746424674987792969e+00
1.367906332015991211e+00,4.868503093719482422e+00
2.291888475418090820e+00,2.437092542648315430e+00
1.705985546112060547e+00,9.616971611976623535e-01
-1.256010085344314575e-01,2.289337873458862305e+00
1.526324544101953506e-02,2.284359455108642578e+00
6.270262598991394043e-01,4.029202938079833984e+00
2.336314439773559570e+00,3.891462087631225586e+00
1.431599617004394531e+00,2.730588018894195557e-01
1.468346714973449707e+00,1.240181088447570801e+00
8.464156389236450195e-01,3.046387434005737305e+00
1.514519095420837402e+00,2.485686063766479492e+00
1.514980912208557129e+00,5.387332439422607422e+00
9.412014484405517578e-01,7.420564651489257812e+00
1.641373753547668457e+00,1.162348628044128418e+00
1.201523303985595703e+00,1.838915824890136719e+00
7.987194657325744629e-01,2.268943309783935547e+00
1.880127787590026855e+00,1.975296974182128906e+00
1.416315913200378418e+00,5.906919956207275391e+00
9.615724086761474609e-01,2.821040868759155273e+00
1.019527792930603027e+00,6.102467060089111328e+00
2.050683021545410156e+00,3.429261922836303711e+00
-5.765464901924133301e-01,2.923702478408813477e+00
1.017897844314575195e+00,1.752733230590820312e+00
1.148791074752807617e+00,2.408373355865478516e+00
1.464166641235351562e+00,1.944022417068481445e+00
1.553618311882019043e+00,3.682698011398315430e+00
1.241729706525802612e-01,2.710108518600463867e+00
1.960495829582214355e+00,3.474257230758666992e+00
2.290989875793457031e+00,1.066654014587402344e+01
1.782116770744323730e+00,2.881739854812622070e+00
1.442828178405761719e+00,3.896718263626098633e+00
1.497869253158569336e+00,3.772399902343750000e+00
1.164443731307983398e+00,1.841736912727355957e+00
1.523303151130676270e+00,1.537911653518676758e+00
1.800077438354492188e+00,2.302845239639282227e+00
-2.349342405796051025e-02,6.899701356887817383e-01
1.637981534004211426e+00,5.465465545654296875e+00
2.032410144805908203e+00,1.311694502830505371e+00
-2.648505568504333496e-01,2.058274030685424805e+00
1.447829365730285645e+00,2.213594198226928711e+00
2.073086500167846680e+00,1.154716014862060547e+00
7.563398778438568115e-02,3.361485719680786133e+00
1.390054225921630859e+00,7.131419181823730469e+00
-5.668914914131164551e-01,-4.201449453830718994e-03
1.869224071502685547e+00,4.738993167877197266e+00
2.666654586791992188e-01,4.555336475372314453e+00
9.468289613723754883e-01,3.138168096542358398e+00
1.407181024551391602e+00,9.152483940124511719e+00
-3.270906805992126465e-01,3.837649106979370117e+00
6.729359626770019531e-01,2.240309000015258789e+00
1.228363513946533203e+00,5.425364971160888672e+00
1.377542614936828613e+00,1.830048322677612305e+00
7.657857537269592285e-01,1.669677138328552246e+00
1.133391737937927246e+00,3.571458578109741211e+00
2.223753690719604492e+00,3.704804778099060059e-01
2.142074584960937500e+00,1.662129163742065430e+00
8.059239983558654785e-01,2.970347166061401367e+00
1.488483905792236328e+00,3.356728792190551758e+00
1.795887351036071777e+00,2.168916463851928711e+00
2.255109071731567383e+00,4.909211635589599609e+00
5.793566107749938965e-01,1.311887264251708984e+00
4.930017590522766113e-01,3.213738203048706055e+00
1.354716897010803223e+00,3.076913118362426758e+00
1.807815670967102051e+00,2.120282411575317383e+00
1.402871131896972656e+00,1.017911529541015625e+01
1.466481089591979980e+00,2.062642335891723633e+00
1.684156298637390137e+00,4.684221744537353516e+00
1.421424388885498047e+00,5.764430999755859375e+00
2.225091457366943359e+00,1.890215277671813965e-01
-2.016455084085464478e-01,2.589351654052734375e+00
5.394201278686523438e-01,2.634918451309204102e+00
1.990983128547668457e+00,1.343044638633728027e+00
1.325524330139160156e+00,1.077873229980468750e+00
1.608621001243591309e+00,5.426194667816162109e+00
1.282686591148376465e+00,1.038909554481506348e+00
1.322264909744262695e+00,3.739515066146850586e+00
7.188945412635803223e-01,6.581400632858276367e-01
2.067799806594848633e+00,4.290229320526123047e+00
-7.501114904880523682e-02,7.249470949172973633e-01
1.536431193351745605e+00,4.326657295227050781e+00
9.822493791580200195e-01,2.109887361526489258e+00
1.560195446014404297e+00,3.276029586791992188e+00
1.149580240249633789e+00,1.417194008827209473e+00
1.109205842018127441e+00,5.016428947448730469e+00
1.877156853675842285e+00,2.410804748535156250e+00
1.935843944549560547e+00,4.204347133636474609e+00
1.252645730972290039e+00,2.204640626907348633e+00
2.056181192398071289e+00,2.574248075485229492e+00
1.024906039237976074e+00,3.772263526916503906e+00
1.356015801429748535e+00,2.905647516250610352e+00
2.155509233474731445e+00,3.173438787460327148e+00
2.032687664031982422e+00,5.041544914245605469e+00
1.543162345886230469e+00,1.532827496528625488e+00
-8.367154002189636230e-01,1.621116399765014648e+00
1.977569818496704102e+00,5.947877407073974609e+00
1.698273301124572754e+00,4.773561000823974609e+00
1.743855714797973633e+00,4.784780979156494141e+00
2.357173442840576172e+00,3.049016714096069336e+00
2.270189523696899414e+00,7.521837234497070312e+00
1.571665167808532715e+00,1.494253396987915039e+00
1.327298760414123535e+00,1.083205223083496094e+00
9.107423424720764160e-01,3.111460447311401367e+00
5.257040262222290039e-01,5.827401638031005859e+00
6.855472922325134277e-01,2.669904232025146484e+00
-9.739122986793518066e-01,2.117182254791259766e+00
8.362160064280033112e-03,1.313286185264587402e+00
1.560753822326660156e+00,1.924493551254272461e+00
2.242407560348510742e+00,2.600155591964721680e+00
2.362761020660400391e+00,1.285331487655639648e+00
-1.256281882524490356e-01,8.536657094955444336e-01
1.099228620529174805e+00,3.534571886062622070e+00
4.754778742790222168e-01,3.268933534622192383e+00
1.027099967002868652e+00,-5.638424307107925415e-02
1.114060282707214355e+00,1.520934820175170898e+00
2.489040344953536987e-01,2.082866907119750977e+00
1.910787463188171387e+00,2.081857442855834961e+00
1.545669794082641602e+00,1.004186987876892090e+00
1.601184248924255371e+00,2.427305936813354492e+00
1.816509723663330078e+00,3.980499029159545898e+00
6.068716943264007568e-02,2.098448276519775391e+00
1.274187445640563965e+00,8.880186080932617188e+00
1.195974469184875488e+00,2.229408502578735352e+00
2.160995244979858398e+00,4.307694911956787109e+00
1.436564207077026367e+00,1.793831348419189453e+00
2.037251710891723633e+00,2.776870250701904297e+00
1.211897730827331543e+00,4.509996891021728516e+00
1.569760441780090332e+00,5.477459430694580078e+00
4.113145470619201660e-01,1.929539680480957031e+00
1.295315265655517578e+00,6.575887799263000488e-01
1.824225068092346191e+00,6.358441829681396484e+00
1.759792447090148926e+00,7.169255256652832031e+00
2.070547819137573242e+00,-3.335087001323699951e-01
1.715846896171569824e+00,4.518510341644287109e+00
2.449043989181518555e+00,1.222897171974182129e+00
7.878750562667846680e-01,3.163345575332641602e+00
9.201348423957824707e-01,5.788826465606689453e+00
1.142916321754455566e+00,1.729279994964599609e+00
5.836583971977233887e-01,1.404520869255065918e+00
2.043976545333862305e+00,2.007954597473144531e+00
1.755206346511840820e+00,1.722659707069396973e+00
9.719117283821105957e-01,1.738018751144409180e+00
1.850050806999206543e+00,2.178722381591796875e+00
-1.656381636857986450e-01,2.357532024383544922e+00
-2.692574858665466309e-01,1.022787809371948242e+00
1.949100494384765625e+00,3.646305799484252930e+00
3.247861564159393311e-02,1.997136354446411133e+00
1.758140206336975098e+00,6.998220920562744141e+00
5.047960281372070312e-01,2.387736082077026367e+00
1.313987255096435547e+00,3.093096256256103516e+00
1.865800857543945312e+00,1.202425241470336914e+00
8.279526829719543457e-01,6.334028244018554688e-01
6.606452465057373047e-01,3.532169580459594727e+00
1.243377804756164551e+00,3.399736881256103516e+00
1.259730339050292969e+00,5.004513263702392578e+00
1.667187333106994629e+00,6.676717281341552734e+00
8.583414554595947266e-01,9.900986552238464355e-01
-2.959332466125488281e-01,3.149714469909667969e+00
7.564727663993835449e-01,-7.901839166879653931e-02
6.643905043601989746e-01,3.761006593704223633e+00
7.343605160713195801e-01,2.758820772171020508e+00
-6.564062237739562988e-01,2.550935029983520508e+00
1.669309258460998535e+00,2.623245954513549805e+00
1.505012869834899902e+00,4.617179930210113525e-01
1.232098460197448730e+00,3.276329040527343750e-01
1.129544973373413086e+00,3.374079465866088867e+00
2.093350648880004883e+00,4.259154796600341797e-01
1.156509399414062500e+00,5.079918503761291504e-01
1.614720106124877930e+00,4.470788002014160156e+00
1.525527834892272949e+00,3.524027585983276367e+00
9.736613631248474121e-01,1.936930418014526367e+00
1.618140935897827148e+00,4.936730861663818359e+00
1.353420138359069824e+00,1.206608772277832031e+00
1.690844774246215820e+00,7.041462659835815430e-01
1.043111324310302734e+00,4.011065959930419922e+00
1.244154930114746094e+00,2.647815704345703125e+00
7.139716744422912598e-01,1.377432584762573242e+00
2.066192388534545898e+00,1.964791417121887207e+00
1.034913659095764160e+00,8.968193054199218750e+00
1.797815680503845215e+00,8.274041414260864258e-01
9.981912970542907715e-01,2.687474787235260010e-01
1.197321891784667969e+00,3.994843006134033203e+00
1.888544678688049316e+00,5.757564067840576172e+00
1.051144242286682129e+00,5.721731781959533691e-01
8.793390989303588867e-01,4.199019432067871094e+00
2.054986715316772461e+00,4.183756351470947266e+00
9.894618988037109375e-01,3.785501718521118164e+00
1.678028464317321777e+00,1.066791343688964844e+01
1.908048629760742188e+00,4.417167186737060547e+00
1.341534852981567383e+00,3.802179694175720215e-01
7.814736366271972656e-01,3.762807130813598633e+00
4.691252112388610840e-01,1.387609243392944336e+00
1.373849987983703613e+00,1.026921033859252930e+00
1.805913925170898438e+00,1.590679526329040527e+00
1.903450846672058105e+00,8.368222236633300781e+00
2.067491769790649414e+00,4.168882369995117188e-01
1.086040496826171875e+00,1.153026580810546875e+00
2.105668067932128906e+00,6.649003982543945312e+00
1.239803671836853027e+00,2.909214019775390625e+00
1.648160099983215332e+00,1.319108247756958008e+00
5.180723071098327637e-01,2.343860864639282227e+00
1.531198143959045410e+00,1.369940996170043945e+00
1.916389584541320801e+00,1.866940617561340332e+00
1.999314546585083008e+00,2.497899532318115234e+00
1.238144755363464355e+00,4.653321266174316406e+00
1.055359482765197754e+00,1.634698152542114258e+00
1.721647024154663086e+00,6.619827270507812500e+00
1.454666376113891602e+00,7.685441017150878906e+00
1.338951349258422852e+00,2.753829717636108398e+00
1.976675868034362793e+00,6.352528095245361328e+00
7.696289420127868652e-01,2.874170541763305664e+00
1.859319329261779785e+00,5.185672283172607422e+00
1.160944461822509766e+00,3.816718816757202148e+00
8.691017031669616699e-01,3.015785932540893555e+00
2.867921829223632812e+00,8.044016838073730469e+00
1.935465216636657715e+00,4.935322284698486328e+00
1.946496367454528809e+00,1.589447498321533203e+00
1.253162980079650879e+00,1.540160059928894043e+00
1.584101200103759766e+00,1.477596759796142578e+00
2.549202680587768555e+00,2.522650957107543945e+00
1.693519473075866699e+00,9.792582988739013672e-01
1.816600799560546875e+00,1.241826936602592468e-01
-1.520143896341323853e-01,1.847180843353271484e+00
2.164558649063110352e+00,3.074150085449218750e+00
1.295015692710876465e+00,1.074221491813659668e+00
7.363727688789367676e-01,1.498511552810668945e+00
1.382074832916259766e+00,2.470675706863403320e+00
1.367856860160827637e+00,5.830735683441162109e+00
2.381843805313110352e+00,5.126522064208984375e+00
-5.616602897644042969e-01,1.235344886779785156e+00
8.310482837259769440e-03,1.093777537345886230e+00
1.796674013137817383e+00,1.760540723800659180e+00
1.578328847885131836e+00,5.885823249816894531e+00
1.555851101875305176e+00,8.876724243164062500e-01
1.199295043945312500e+00,4.916062831878662109e+00
1.263563752174377441e+00,1.158824563026428223e+00
1.319085836410522461e+00,2.720291376113891602e+00
1.237987637519836426e+00,3.100345611572265625e+00
1.518961787223815918e+00,5.009412765502929688e+00
1.347566604614257812e+00,3.143381357192993164e+00
1.840786576271057129e+00,1.316341400146484375e+00
2.041763067245483398e+00,3.695426464080810547e+00
2.071513891220092773e+00,4.690008163452148438e+00
1.962890028953552246e+00,2.500374794006347656e+00
4.483447670936584473e-01,2.650065898895263672e+00
1.762377858161926270e+00,1.918801903724670410e+00
1.061066389083862305e+00,5.052714824676513672e+00
1.506903886795043945e+00,2.453597545623779297e+00
1.605510592460632324e+00,3.367642641067504883e+00
1.334433078765869141e+00,1.841545104980468750e+00
2.013439893722534180e+00,1.495374202728271484e+00
-1.711368709802627563e-01,2.423075437545776367e+00
1.309557080268859863e+00,1.059997081756591797e+00
1.298852324485778809e+00,5.260293483734130859e+00
-6.290424466133117676e-01,2.271251440048217773e+00
6.076543927192687988e-01,5.120700836181640625e+00
1.995804071426391602e+00,2.650622129440307617e+00
1.774367809295654297e+00,5.070310592651367188e+00
2.156301259994506836e+00,1.143794536590576172e+00
1.350345253944396973e+00,9.222288131713867188e-01
1.249714374542236328e+00,1.872641086578369141e+00
2.302159786224365234e+00,6.455717086791992188e-01
8.481916189193725586e-01,2.092718601226806641e+00
1.620217204093933105e+00,4.580982685089111328e+00
1.308227419853210449e+00,6.378717422485351562e-01
1.334390044212341309e+00,2.909444570541381836e+00
1.181044936180114746e+00,1.310594558715820312e+00
1.002049922943115234e+00,1.954058647155761719e+00
9.506380558013916016e-01,5.239372700452804565e-02
1.115414500236511230e+00,3.671336174011230469e+00
1.735358715057373047e+00,5.351045131683349609e+00
1.080667376518249512e+00,7.672716379165649414e-01
1.118464946746826172e+00,6.180590391159057617e-01
9.138603806495666504e-01,2.522635698318481445e+00
1.789540290832519531e+00,-2.168926000595092773e-01
2.456852197647094727e+00,6.254935264587402344e+00
1.380065321922302246e+00,1.094420909881591797e+00
1.709029793739318848e+00,1.170573353767395020e+00
2.040983915328979492e+00,5.176087379455566406e+00
-1.235335618257522583e-01,2.282970190048217773e+00
1.851875901222229004e+00,4.866803646087646484e+00
2.078562974929809570e+00,1.834884881973266602e+00
1.183901309967041016e+00,2.710501909255981445e+00
1.887702226638793945e+00,1.542875766754150391e-01
-1.252598967403173447e-02,7.503212690353393555e-01
1.977951169013977051e+00,1.715468645095825195e+00
1.289841890335083008e+00,-8.462773561477661133e-01
9.940163493156433105e-01,1.910517811775207520e+00
2.141609430313110352e+00,1.970942020416259766e+00
1.640576004981994629e+00,6.107119560241699219e+00
1.108616590499877930e+00,7.470666408538818359e+00
1.659828782081604004e+00,1.269308567047119141e+00
-3.257736563682556152e-01,1.345533490180969238e+00
2.045844316482543945e+00,2.875297069549560547e+00
2.542471647262573242e+00,2.869514703750610352e+00
2.463226169347763062e-01,2.587465286254882812e+00
5.488897562026977539e-01,3.186180353164672852e+00
2.124531507492065430e+00,3.224964857101440430e+00
1.635559797286987305e+00,1.558125019073486328e+00
2.014107227325439453e+00,6.087698936462402344e-01
1.168512463569641113e+00,3.790176153182983398e+00
4.803348183631896973e-01,2.373145580291748047e+00
1.835122227668762207e+00,2.042070388793945312e+00
1.023409485816955566e+00,4.991793632507324219e+00
1.337851881980895996e+00,6.788358211517333984e+00
6.919644474983215332e-01,3.336029767990112305e+00
1.620220780372619629e+00,3.641431331634521484e-01
1.944318890571594238e+00,4.366124629974365234e+00
2.055543661117553711e+00,2.810315370559692383e+00
2.109583377838134766e+00,8.184767961502075195e-01
1.305996775627136230e+00,1.357961773872375488e+00
9.589647650718688965e-01,-1.346319317817687988e-01
1.087853312492370605e+00,1.867228746414184570e+00
1.954657912254333496e+00,9.243583679199218750e+00
-3.431556820869445801e-01,2.094774484634399414e+00
1.596307754516601562e+00,4.245050430297851562e+00
1.853842377662658691e+00,3.032647848129272461e+00
1.887865066528320312e+00,1.450327992439270020e+00
2.297745466232299805e+00,1.053829669952392578e+00
4.610857367515563965e-01,1.765369534492492676e+00
2.543697595596313477e+00,7.252674579620361328e+00
2.059829950332641602e+00,1.834626674652099609e+00
9.141706228256225586e-01,7.139651775360107422e+00
1.146025419235229492e+00,4.804042816162109375e+00
1.729044795036315918e+00,1.879798889160156250e+00
8.275643587112426758e-01,7.051361203193664551e-01
2.293215990066528320e+00,3.554851293563842773e+00
1.616324186325073242e+00,1.718716144561767578e+00
1.333217382431030273e+00,1.370685577392578125e+00
1.222947001457214355e+00,4.724155902862548828e+00
2.248861074447631836e+00,2.034822940826416016e+00
1.134149909019470215e+00,4.889619350433349609e+00
7.779085040092468262e-01,3.072604179382324219e+00
1.334149092435836792e-01,3.617418289184570312e+00
1.724603295326232910e+00,2.192161083221435547e+00
2.282160282135009766e+00,7.780589580535888672e+00
1.716634273529052734e+00,1.872262239456176758e+00
2.481303453445434570e+00,5.412422657012939453e+00
1.363818049430847168e+00,6.544553279876708984e+00
1.667090415954589844e+00,5.997101306915283203e+00
1.782889127731323242e+00,4.247111797332763672e+00
1.633885264396667480e+00,1.593789935111999512e+00
1.965790033340454102e+00,2.460094094276428223e-01
1.227367997169494629e+00,4.070632934570312500e+00
2.174830675125122070e+00,3.098130226135253906e+00
1.478225708007812500e+00,4.948688030242919922e+00
1.895748972892761230e+00,7.819760799407958984e+00
-1.142501384019851685e-01,1.400562763214111328e+00
1.268209457397460938e+00,4.122171878814697266e+00
1.410171031951904297e+00,9.183049201965332031e-01
1.276115030050277710e-01,3.870077610015869141e+00
1.064478874206542969e+00,4.360429286956787109e+00
2.271336555480957031e+00,1.781155467033386230e+00
1.566593527793884277e+00,3.682295799255371094e+00
1.376120209693908691e+00,9.310810089111328125e+00
1.668328523635864258e+00,4.248042583465576172e+00
-1.497432142496109009e-01,3.607982397079467773e+00
5.611336827278137207e-01,2.515570163726806641e+00
9.702115654945373535e-01,4.447690963745117188e+00
1.976472139358520508e+00,2.078307151794433594e+00
1.277093410491943359e+00,2.317256212234497070e+00
1.641167640686035156e+00,1.375575065612792969e+00
5.966947972774505615e-02,2.500548362731933594e+00
1.309472918510437012e+00,2.328343391418457031e+00
2.734515070915222168e-01,2.691676855087280273e+00
8.710516095161437988e-01,3.289145469665527344e+00
1.377458333969116211e+00,8.132927417755126953e-01
1.743844151496887207e+00,6.567694187164306641e+00
6.701535582542419434e-01,8.868223428726196289e-01
-5.301999449729919434e-01,-1.262150108814239502e-01
2.227245092391967773e+00,3.245066404342651367e+00
2.236439466476440430e+00,3.071118116378784180e+00
6.702404618263244629e-01,3.396503210067749023e+00
2.346109628677368164e+00,8.426297307014465332e-01
1.544714927673339844e+00,6.296421289443969727e-01
1.265840053558349609e+00,4.632997035980224609e+00
1.194430470466613770e+00,5.833789348602294922e+00
7.862009406089782715e-01,4.168993473052978516e+00
1.230815172195434570e+00,1.085632920265197754e+00
2.592343568801879883e+00,9.017083048820495605e-01
1.598853468894958496e+00,1.749078512191772461e+00
2.058591604232788086e+00,6.110602855682373047e+00
1.740922570228576660e+00,1.152331829071044922e+00
1.582810401916503906e+00,1.045067071914672852e+00
1.445096373558044434e+00,8.373769760131835938e+00
4.606384634971618652e-01,4.027007579803466797e+00
9.649485349655151367e-01,7.030082941055297852e-01
2.361576795578002930e+00,3.115019083023071289e+00
3.287315368652343750e-01,4.033789634704589844e+00
1.484345793724060059e+00,4.965509772300720215e-01
1.378268718719482422e+00,6.982399225234985352e-01
2.215714454650878906e+00,1.615089654922485352e+00
1.842533469200134277e+00,3.178953379392623901e-02
7.501706480979919434e-01,1.894942283630371094e+00
1.664602279663085938e+00,8.401655554771423340e-01
1.811521291732788086e+00,6.709343433380126953e+00
9.141774773597717285e-01,2.927924394607543945e+00
2.021448850631713867e+00,5.224200725555419922e+00
1.197592616081237793e+00,5.564359426498413086e-01
2.470503330230712891e+00,1.932621240615844727e+00
1.450229525566101074e+00,4.540397167205810547e+00
1.412295460700988770e+00,3.777127981185913086e+00
1.789399743080139160e+00,1.343491673469543457e-01
8.351294398307800293e-01,2.650777816772460938e+00
1.174104094505310059e+00,2.695780515670776367e+00
2.775549292564392090e-01,1.587200880050659180e+00
1.691251516342163086e+00,3.964291572570800781e+00
1.247166037559509277e+00,2.350688457489013672e+00
1.201353669166564941e+00,4.728047370910644531e+00
3.721243739128112793e-01,2.324870109558105469e+00
4.119179844856262207e-01,3.344797849655151367e+00
1.601534485816955566e+00,9.868355989456176758e-01
1.078160047531127930e+00,3.716521978378295898e+00
1.393991112709045410e+00,7.128848552703857422e+00
2.037357568740844727e+00,1.844832539558410645e+00
1.195485234260559082e+00,9.288412094116210938e+00
9.146857857704162598e-01,1.872503995895385742e+00
1.364850163459777832e+00,5.702853679656982422e+00
1.847054243087768555e+00,3.124398708343505859e+00
9.282620549201965332e-01,1.976776838302612305e+00
2.037648439407348633e+00,2.496819496154785156e+00
2.134178876876831055e+00,2.196744680404663086e+00
1.966268897056579590e+00,4.187611103057861328e+00
-5.002713799476623535e-01,1.918971061706542969e+00
1.351484775543212891e+00,6.516447544097900391e+00
1.316474318504333496e+00,-4.392507970333099365e-01
1.959609270095825195e+00,1.898618221282958984e+00
4.945042729377746582e-01,9.924907088279724121e-01
1.671584725379943848e+00,3.569700479507446289e+00
1.799287199974060059e+00,3.298432111740112305e+00
9.386619925498962402e-01,4.626990795135498047e+00
8.884202837944030762e-01,3.997002124786376953e+00
-2.182000428438186646e-01,4.921945571899414062e+00
9.251850247383117676e-01,3.233014106750488281e+00
6.410561501979827881e-02,1.200322628021240234e+00
2.143899440765380859e+00,1.886468172073364258e+00
1.353323101997375488e+00,3.863839387893676758e+00
2.146681785583496094e+00,6.908705711364746094e+00
2.915517687797546387e-01,4.445623874664306641e+00
-5.247644782066345215e-01,3.597179055213928223e-01
6.569821834564208984e-01,3.841387033462524414e+00
1.781102418899536133e+00,3.664767503738403320e+00
1.143723249435424805e+00,-2.759599387645721436e-01
1.830975294113159180e+00,7.453458309173583984e+00
1.045949339866638184e+00,7.446155548095703125e-01
3.420192003250122070e-01,4.120573997497558594e+00
2.301234483718872070e+00,6.627621650695800781e+00
1.816573739051818848e+00,8.979277610778808594e-01
1.359602093696594238e+00,3.903697013854980469e+00
1.745632052421569824e+00,1.383802294731140137e+00
2.399481534957885742e+00,4.621216773986816406e+00
1.466709136962890625e+00,2.060369014739990234e+00
-1.500297933816909790e-01,5.170233249664306641e-01
7.537769675254821777e-01,2.443387031555175781e+00
1.842823028564453125e+00,1.424279212951660156e+00
-3.492607735097408295e-03,1.991770744323730469e+00
1.963217616081237793e+00,1.081165599822998047e+01
1.882860183715820312e+00,4.473327159881591797e+00
8.953934311866760254e-01,3.891803979873657227e+00
1.096805930137634277e+00,2.448302745819091797e+00
1.216352462768554688e+00,1.196964621543884277e+00
1.408697843551635742e+00,2.010552167892456055e+00
1.456414103507995605e+00,2.280734539031982422e+00
2.694509029388427734e+00,7.196392059326171875e+00
1.497779488563537598e+00,3.367909669876098633e+00
1.280608534812927246e+00,3.933786630630493164e+00
1.458347797393798828e+00,5.061192989349365234e+00
-4.526820778846740723e-01,3.732747316360473633e+00
1.049986600875854492e+00,3.102949619293212891e+00
2.050553083419799805e+00,6.926692008972167969e+00
1.420891165733337402e+00,3.968653202056884766e+00
1.568491578102111816e+00,9.763005971908569336e-01
1.510947346687316895e+00,6.701628208160400391e+00
1.540035247802734375e+00,1.546640396118164062e+00
1.635511368513107300e-01,6.999160051345825195e-01
9.846974015235900879e-01,3.415812730789184570e+00
9.749547839164733887e-01,3.711751699447631836e+00
8.115370869636535645e-01,4.046388149261474609e+00
1.845724463462829590e+00,-3.062584400177001953e-01
1.878562927246093750e+00,4.029850959777832031e+00
1.446515202522277832e+00,2.869754284620285034e-02
1.501461625099182129e+00,1.265631914138793945e+00
1.341947913169860840e+00,1.339117646217346191e+00
2.157751798629760742e+00,6.106743812561035156e-01
1.601897835731506348e+00,1.445246577262878418e+00
1.164367914199829102e+00,4.335731029510498047e+00
1.320330619812011719e+00,5.592192411422729492e-01
7.072089314460754395e-01,3.995584249496459961e+00
1.812474250793457031e+00,1.633814573287963867e+00
9.435072541236877441e-01,1.921812891960144043e+00
6.900601983070373535e-01,7.407813668251037598e-01
6.587619185447692871e-01,7.628973573446273804e-02
1.592939972877502441e+00,1.942477703094482422e+00
1.789547562599182129e+00,1.075661301612854004e+00
9.427188634872436523e-01,2.588368654251098633e+00
1.528339862823486328e+00,1.690456390380859375e+00
1.022418022155761719e+00,3.496907949447631836e+00
1.152567863464355469e+00,3.108756303787231445e+00
1.780159473419189453e+00,1.523619174957275391e+00
2.817104578018188477e+00,4.776867866516113281e+00
1.663852810859680176e+00,1.860606312751770020e+00
-4.060636162757873535e-01,3.802756071090698242e+00
1.083258271217346191e+00,4.991953849792480469e+00
2.199903011322021484e+00,4.363388538360595703e+00
2.476561307907104492e+00,3.312319040298461914e+00
1.332386970520019531e+00,-9.096862673759460449e-01
-3.325755000114440918e-01,1.481782913208007812e+00
2.935628294944763184e-01,3.866287946701049805e+00
1.558207035064697266e+00,1.649490952491760254e+00
5.240526795387268066e-01,5.352168560028076172e+00
1.618530601263046265e-01,2.599363565444946289e+00
1.757767081260681152e+00,5.539157867431640625e+00
1.303000092506408691e+00,2.091072797775268555e+00
2.144343137741088867e+00,9.373836964368820190e-02
1.336086750030517578e+00,1.071175336837768555e+00
9.789702296257019043e-01,5.510049343109130859e+00
1.238154768943786621e+00,1.023044228553771973e+00
3.634241223335266113e-01,8.144946098327636719e+00
1.808080911636352539e+00,3.969988346099853516e+00
1.751067161560058594e+00,2.036438465118408203e+00
2.209521055221557617e+00,1.923906207084655762e-01
1.766113162040710449e+00,3.128945827484130859e-01
2.445209741592407227e+00,3.834563970565795898e+00
9.282417893409729004e-01,3.328490972518920898e+00
1.716096878051757812e+00,1.391064524650573730e+00
5.700007081031799316e-01,1.279046893119812012e+00
2.592226266860961914e+00,3.734473466873168945e+00
1.562225103378295898e+00,4.922763705253601074e-01
2.198095321655273438e+00,7.051374912261962891e+00
1.815445303916931152e+00,1.432303309440612793e+00
1.507633805274963379e+00,4.308823108673095703e+00
1.035246253013610840e+00,3.982681751251220703e+00
1.812730669975280762e+00,2.508115053176879883e+00
1.625654101371765137e+00,9.618278741836547852e-01
1.346831798553466797e+00,4.819622516632080078e+00
2.519792795181274414e+00,2.414639949798583984e+00
1.198305249214172363e+00,1.291583418846130371e+00
-4.098498225212097168e-01,3.101086854934692383e+00
1.344642877578735352e+00,4.796346187591552734e+00
6.674783229827880859e-01,1.381136417388916016e+00
2.309293746948242188e+00,2.909862756729125977e+00
1.437184453010559082e+00,3.229025363922119141e+00
1.901437640190124512e+00,4.473820209503173828e+00
2.828751325607299805e+00,8.208414077758789062e+00
1.872214436531066895e+00,1.805680751800537109e+00
8.770600557327270508e-01,6.735392808914184570e-01
1.561845660209655762e+00,2.191632032394409180e+00
1.891062855720520020e+00,-2.324495315551757812e-01
1.073692917823791504e+00,4.215834617614746094e+00
1.619890093803405762e+00,7.873246669769287109e-01
1.246249675750732422e+00,5.937530994415283203e+00
1.377336978912353516e+00,6.353789567947387695e-01
1.748181343078613281e+00,6.978182792663574219e+00
2.163854122161865234e+00,2.511245012283325195e+00
2.105880022048950195e+00,7.122358798980712891e+00
1.807431429624557495e-01,5.613755702972412109e+00
1.573703408241271973e+00,3.701441526412963867e+00
1.722268342971801758e+00,1.328343868255615234e+00
1.844100356101989746e+00,4.179958820343017578e+00
-3.200693428516387939e-02,3.539865493774414062e+00
4.695691466331481934e-01,3.075230121612548828e+00
1.402065753936767578e+00,4.214161872863769531e+00
3.189285397529602051e-01,2.818864583969116211e+00
2.062046289443969727e+00,3.221167325973510742e+00
1.043331742286682129e+00,3.218767642974853516e+00
6.985948681831359863e-01,2.264159440994262695e+00
1.120559930801391602e+00,6.338273525238037109e+00
2.094357967376708984e+00,3.082530736923217773e+00
1.705868721008300781e+00,5.461114406585693359e+00
2.409217119216918945e+00,1.500827312469482422e+00
1.081369519233703613e+00,1.412643909454345703e+00
2.072360992431640625e+00,4.933383941650390625e+00
1.448145747184753418e+00,4.740836620330810547e+00
1.512474536895751953e+00,1.710792183876037598e+00
-4.221277832984924316e-01,3.727016210556030273e+00
-1.553079634904861450e-01,4.127768516540527344e+00
7.577553987503051758e-01,4.631428241729736328e+00
-3.841512799263000488e-01,-4.358232766389846802e-02
1.085641980171203613e+00,8.279856443405151367e-01
1.432650685310363770e+00,4.710607051849365234e+00
6.811587512493133545e-02,3.120259046554565430e+00
1.527031183242797852e+00,5.324605464935302734e+00
1.326112866401672363e+00,6.356334209442138672e+00
2.112059116363525391e+00,2.605370283126831055e+00
5.541711449623107910e-01,2.344813585281372070e+00
7.528993487358093262e-01,-4.464591294527053833e-02
4.334138631820678711e-01,6.186631321907043457e-01
7.142775058746337891e-01,8.521925210952758789e-01
1.467179656028747559e+00,4.285852909088134766e+00
-4.894055724143981934e-01,2.523369073867797852e+00
1.775861144065856934e+00,2.247235298156738281e+00
1.599820494651794434e+00,4.599190711975097656e+00
1.985154032707214355e+00,2.354121446609497070e+00
1.697493672370910645e+00,1.005751490592956543e+00
-3.672019839286804199e-01,2.203179597854614258e+00
2.469272851943969727e+00,1.050786972045898438e+00
1.471107125282287598e+00,1.758290767669677734e+00
9.974660873413085938e-01,7.218912601470947266e+00
8.535714745521545410e-01,2.188158988952636719e+00
1.099119424819946289e+00,-5.460658073425292969e-01
1.589302778244018555e+00,9.811274409294128418e-01
2.010029554367065430e+00,3.189661502838134766e+00
8.903562426567077637e-01,3.534545302391052246e-01
1.940431714057922363e+00,4.968626022338867188e+00
1.126273155212402344e+00,1.476420283317565918e+00
1.056908011436462402e+00,2.782425165176391602e+00
1.447314977645874023e+00,4.781434059143066406e+00
1.361902594566345215e+00,1.059803843498229980e+00
9.213925004005432129e-01,3.045882225036621094e+00
2.572741031646728516e+00,9.737218618392944336e-01
1.525682330131530762e+00,2.174917221069335938e+00
1.318578958511352539e+00,1.297312736511230469e+00
1.782167077064514160e+00,4.282460510730743408e-01
2.249318599700927734e+00,2.445498943328857422e+00
9.254177808761596680e-01,3.276895761489868164e+00
2.403251409530639648e+00,3.624778032302856445e+00
2.041150331497192383e+00,6.285765647888183594e+00
8.451768755912780762e-01,1.873205900192260742e+00
9.735757708549499512e-01,1.858677148818969727e+00
2.447922468185424805e+00,2.066394567489624023e+00
1.465676665306091309e+00,2.496768951416015625e+00
1.303319334983825684e+00,3.940781593322753906e+00
2.241821527481079102e+00,1.722450733184814453e+00
2.429097652435302734e+00,6.440151691436767578e+00
1.271718382835388184e+00,2.237808704376220703e+00
1.366634488105773926e+00,5.611981391906738281e+00
1.743451595306396484e+00,5.594394207000732422e+00
1.023175835609436035e+00,1.106091856956481934e+00
2.035475492477416992e+00,6.440027952194213867e-01
1.676583170890808105e+00,7.187449187040328979e-02
2.072167634963989258e+00,1.747284412384033203e+00
1.576677560806274414e+00,6.250217914581298828e+00
2.036933898925781250e+00,1.206078454852104187e-01
1.820081710815429688e+00,3.809526264667510986e-01
1.777550578117370605e+00,3.805394172668457031e-01
1.156260132789611816e+00,3.420811653137207031e+00
8.455237746238708496e-01,4.002824783325195312e+00
1.520143866539001465e+00,2.952153205871582031e+00
1.140800356864929199e+00,4.724355697631835938e+00
-2.547842860221862793e-01,2.796305179595947266e+00
1.585352778434753418e+00,8.023631572723388672e-01
9.335137009620666504e-01,2.820046663284301758e+00
1.749043583869934082e+00,8.139915466308593750e+00
1.475877404212951660e+00,1.711530447006225586e+00
9.669311046600341797e-01,2.711430549621582031e+00
1.064552068710327148e+00,8.212881535291671753e-02
2.354114502668380737e-01,4.486939430236816406e+00
1.302973389625549316e+00,2.008620977401733398e+00
-4.048091173171997070e-01,8.463199734687805176e-01
1.845635175704956055e+00,3.157921075820922852e+00
9.308954477310180664e-01,7.976343631744384766e-01
1.744547009468078613e+00,7.100564479827880859e+00
1.404806137084960938e+00,4.008922576904296875e+00
9.180174767971038818e-02,1.834447741508483887e+00
1.173953652381896973e+00,5.453219890594482422e+00
2.243788003921508789e+00,5.775760412216186523e-01
1.853351235389709473e+00,5.365902423858642578e+00
6.403220295906066895e-01,3.275156021118164062e+00
1.791199564933776855e+00,3.553229331970214844e+00
-3.884366750717163086e-01,7.082142829895019531e-01
2.128230333328247070e+00,3.302424192428588867e+00
1.380679607391357422e+00,6.426212787628173828e-01
6.378700137138366699e-01,3.270406246185302734e+00
1.244661211967468262e+00,2.468049764633178711e+00
1.005743265151977539e+00,2.883588314056396484e+00
2.463393658399581909e-01,2.501241683959960938e+00
-6.881884932518005371e-01,6.593492031097412109e-01
4.938811659812927246e-01,2.905430078506469727e+00
7.346055507659912109e-01,4.194340705871582031e+00
2.395709991455078125e+00,3.583742380142211914e+00
1.200014829635620117e+00,2.036337614059448242e+00
1.640937447547912598e+00,4.478127956390380859e+00
1.202589988708496094e+00,1.172392606735229492e+00
6.818817257881164551e-01,4.607838153839111328e+00
1.153527379035949707e+00,3.379047632217407227e+00
1.908501744270324707e+00,1.637293934822082520e+00
1.535605072975158691e+00,2.107076883316040039e+00
9.328085780143737793e-01,1.026707768440246582e+00
1.817472696304321289e+00,7.378439903259277344e-01
1.927979469299316406e+00,2.610708951950073242e+00
1.973949313163757324e+00,3.448387384414672852e+00
1.905667662620544434e+00,4.144982814788818359e+00
1.169287443161010742e+00,1.342567086219787598e+00
2.146134853363037109e+00,2.865632295608520508e+00
-1.073001384735107422e+00,4.671337604522705078e+00
1.995368719100952148e+00,2.124170660972595215e-01
2.234218120574951172e+00,5.007434844970703125e+00
1.800174355506896973e+00,3.882547318935394287e-01
1.989279627799987793e+00,5.560274124145507812e+00
5.669520497322082520e-01,2.135475397109985352e+00
1.113079428672790527e+00,3.790520906448364258e+00
1.051557540893554688e+00,3.584329843521118164e+00
3.725296854972839355e-01,-2.541996836662292480e-01
1.443928241729736328e+00,1.479001998901367188e+00
1.683730244636535645e+00,5.486833572387695312e+00
1.484764218330383301e+00,1.095064997673034668e+00
1.157626390457153320e+00,2.621997833251953125e+00
8.520970940589904785e-01,3.460673809051513672e+00
2.426334619522094727e+00,3.412622690200805664e+00
-3.993939757347106934e-01,6.942862272262573242e-01
2.019044160842895508e+00,2.137689590454101562e+00
1.865980505943298340e+00,2.330548048019409180e+00
9.872465729713439941e-01,7.703485965728759766e+00
1.656886219978332520e+00,1.969465374946594238e+00
1.104500293731689453e+00,4.125734806060791016e+00
9.809696078300476074e-01,3.777644157409667969e+00
1.191802382469177246e+00,9.279441833496093750e+00
1.927769899368286133e+00,1.983593821525573730e+00
7.970265150070190430e-01,3.785399436950683594e+00
1.033336997032165527e+00,-7.877178192138671875e-01
2.055041074752807617e+00,2.818474054336547852e+00
2.158314943313598633e+00,2.247771501541137695e+00
1.615310192108154297e+00,5.986587047576904297e+00
8.450155854225158691e-01,3.274070262908935547e+00
1.678246021270751953e+00,3.047752857208251953e+00
1.636120796203613281e+00,9.953758716583251953e-01
5.017531514167785645e-01,3.165651559829711914e+00
2.306850194931030273e+00,7.886285185813903809e-01
1.038814902305603027e+00,1.046903014183044434e+00
1.868624448776245117e+00,6.145293712615966797e+00
1.315140128135681152e+00,8.988279104232788086e-01
1.598295450210571289e+00,6.058250904083251953e+00
4.048032760620117188e-01,2.619983434677124023e+00
6.639311909675598145e-01,2.442234754562377930e-01
1.150178790092468262e+00,1.215762853622436523e+00
1.580512285232543945e+00,3.038921594619750977e+00
2.238735675811767578e+00,6.183772563934326172e+00
1.874624729156494141e+00,3.604303598403930664e+00
1.257510304450988770e+00,5.459479808807373047e+00
1.538228869438171387e+00,3.968508005142211914e+00
1.529719114303588867e+00,1.961523294448852539e+00
2.318498373031616211e+00,2.090774059295654297e+00
1.529803037643432617e+00,4.166296482086181641e+00
1.057466983795166016e+00,2.590160131454467773e+00
7.414198517799377441e-01,2.695847272872924805e+00
6.052715182304382324e-01,2.567506551742553711e+00
2.113020181655883789e+00,3.667801618576049805e+00
2.051368951797485352e+00,2.826698064804077148e+00
1.285503864288330078e+00,1.399069428443908691e+00
2.397206068038940430e+00,5.469435214996337891e+00
2.198666095733642578e+00,4.207589626312255859e+00
1.589810609817504883e+00,1.766390085220336914e+00
1.464744210243225098e+00,2.345890998840332031e+00
1.693681120872497559e+00,5.806973934173583984e+00
1.083778500556945801e+00,-7.230527400970458984e-01
1.884042620658874512e+00,1.820872426033020020e+00
1.576476931571960449e+00,1.510018229484558105e+00
-9.038869142532348633e-01,1.402290105819702148e+00
1.188029170036315918e+00,1.009347915649414062e+01
1.406630873680114746e+00,8.503619194030761719e+00
1.656032443046569824e+00,8.597287535667419434e-01
2.001897811889648438e+00,1.040943741798400879e+00
3.077613711357116699e-01,2.366196870803833008e+00
1.205141186714172363e+00,1.208827257156372070e+00
2.625743627548217773e+00,4.749698162078857422e+00
1.141136169433593750e+00,-2.165293991565704346e-01
2.148490995168685913e-01,1.775061130523681641e+00
4.516242742538452148e-01,4.025567531585693359e+00
1.906055092811584473e+00,3.236001729965209961e+00
1.666092991828918457e+00,6.153129100799560547e+00
1.489336609840393066e+00,1.552971005439758301e+00
-5.184131860733032227e-01,4.840465188026428223e-01
1.556802630424499512e+00,1.305259704589843750e+00
1.028282165527343750e+00,4.765009880065917969e+00
2.661623001098632812e+00,3.741973638534545898e+00
1.490625858306884766e+00,6.530187606811523438e+00
1.963457345962524414e+00,3.413330316543579102e+00
1.531793475151062012e+00,8.526952743530273438e+00
2.324508428573608398e+00,2.913696527481079102e+00
1.751047492027282715e+00,2.032248258590698242e+00
1.311918497085571289e+00,5.939266204833984375e+00
-2.665862441062927246e-01,1.243926048278808594e+00
1.748236298561096191e+00,6.622369289398193359e+00
2.634400725364685059e-01,1.658980131149291992e+00
1.449684891849756241e-02,2.705761194229125977e+00
2.313362598419189453e+00,7.136828899383544922e-01
2.091470241546630859e+00,8.681178092956542969e-01
1.055840492248535156e+00,6.107597827911376953e+00
-7.464535534381866455e-02,2.640288352966308594e+00
-9.626342914998531342e-03,3.924855947494506836e+00
1.466396331787109375e+00,3.942587375640869141e+00
1.608536958694458008e+00,6.726405620574951172e+00
1.522360205650329590e+00,4.977350234985351562e+00
6.095545291900634766e-01,3.912916183471679688e-01
3.514723181724548340e-01,4.072583675384521484e+00
8.106260895729064941e-01,9.761425256729125977e-01
1.369305014610290527e+00,5.237437725067138672e+00
1.207472562789916992e+00,4.748725414276123047e+00
-6.010059714317321777e-01,1.261631548404693604e-01
-3.034505248069763184e-01,4.140947163105010986e-01
1.039902687072753906e+00,7.671386003494262695e-01
1.506381630897521973e+00,2.082838773727416992e+00
1.908932566642761230e+00,1.426807403564453125e+00
1.863938212394714355e+00,6.249621868133544922e+00
1.886884093284606934e+00,3.761364698410034180e+00
1.428655624389648438e+00,2.700113534927368164e+00
1.889007449150085449e+00,3.052286148071289062e+00
1.433979392051696777e+00,1.272646784782409668e-01
-3.054220914840698242e+00,1.785899925231933594e+01
-4.396587014198303223e-01,2.122111558914184570e+00
1.574993014335632324e+00,1.712438702583312988e+00
1.624141693115234375e+00,2.888344764709472656e+00
1.762958049774169922e+00,4.292696952819824219e+00
7.111276388168334961e-01,3.649510145187377930e+00
-1.276250034570693970e-01,2.294869422912597656e+00
-3.531083464622497559e-01,-4.147369414567947388e-02
5.749563574790954590e-01,4.811589121818542480e-01
1.811959624290466309e+00,5.604287385940551758e-01
1.674724817276000977e+00,1.282330155372619629e+00
1.389131546020507812e+00,5.587781429290771484e+00
1.256112933158874512e+00,6.361293792724609375e+00
1.363254308700561523e+00,1.140096306800842285e+00
2.958652734756469727e+00,2.636817693710327148e+00
1.642144441604614258e+00,1.751667976379394531e+00
1.056752562522888184e+00,5.703722476959228516e+00
1.019390940666198730e+00,6.826105594635009766e+00
2.213460683822631836e+00,3.226837515830993652e-01
1.101017355918884277e+00,4.246291637420654297e+00
7.304922938346862793e-01,3.870790600776672363e-01
1.594692468643188477e+00,1.133388996124267578e+00
4.267518222332000732e-02,2.415342569351196289e+00
1.289941668510437012e+00,6.047239303588867188e+00
1.565684914588928223e+00,-3.182706981897354126e-02
-7.487106919288635254e-01,1.842692852020263672e+00
2.400436162948608398e+00,1.287465095520019531e+00
1.433812737464904785e+00,2.543413400650024414e+00
1.474861025810241699e+00,2.446799516677856445e+00
7.962664961814880371e-01,4.261798381805419922e+00
1.472164988517761230e+00,3.583960771560668945e+00
1.905180096626281738e+00,1.843624114990234375e+00
2.072425127029418945e+00,1.249866962432861328e+00
1.516250252723693848e+00,8.036671876907348633e-01
2.149660348892211914e+00,2.866972684860229492e+00
2.684358358383178711e+00,2.412752389907836914e+00
1.821897149085998535e+00,2.309784412384033203e+00
2.345782995223999023e+00,2.776707649230957031e+00
4.072804450988769531e-01,3.260183572769165039e+00
2.179743766784667969e+00,2.616155624389648438e+00
1.525532126426696777e+00,6.964497089385986328e+00
2.303369283676147461e+00,6.975292414426803589e-02
1.763776302337646484e+00,3.398064851760864258e+00
1.181200861930847168e+00,6.075406074523925781e+00
1.555000394582748413e-01,3.926763534545898438e+00
3.051001787185668945e+00,7.407102584838867188e+00
1.573518753051757812e+00,3.655427694320678711e+00
1.317352771759033203e+00,4.891791820526123047e+00
1.462875843048095703e+00,7.417321801185607910e-01
1.523868799209594727e+00,2.022035837173461914e+00
2.585117578506469727e+00,3.094359636306762695e+00
2.293945312500000000e+00,8.247591257095336914e-01
8.187076449394226074e-01,2.310777902603149414e+00
2.039335489273071289e+00,1.635067224502563477e+00
2.335657835006713867e+00,2.376697301864624023e+00
1.427807092666625977e+00,-3.903867602348327637e-01
2.206971645355224609e+00,7.487647533416748047e-01
1.713355898857116699e+00,4.155330657958984375e+00
1.608181476593017578e+00,1.073781371116638184e+00
1.294108986854553223e+00,1.358298301696777344e+00
6.534054279327392578e-01,2.167057275772094727e+00
1.298393487930297852e+00,6.404801368713378906e+00
1.495676159858703613e+00,2.468195199966430664e+00
4.412942528724670410e-01,4.949093818664550781e+00
1.876236200332641602e+00,3.098520755767822266e+00
1.908280968666076660e+00,1.924883842468261719e+00
8.829554915428161621e-01,2.322928428649902344e+00
8.303985930979251862e-03,2.963726997375488281e+00
1.558264613151550293e+00,5.900478363037109375e+00
1.932762145996093750e+00,4.809256494045257568e-01
-3.512118458747863770e-01,1.900885343551635742e+00
1.698746800422668457e+00,4.221209049224853516e+00
1.930853843688964844e+00,5.244059562683105469e-01
2.888675451278686523e+00,3.539454936981201172e+00
1.384938359260559082e+00,-4.709874391555786133e-01
6.949003338813781738e-01,2.416527032852172852e+00
1.689041376113891602e+00,6.573309898376464844e+00
1.172935485839843750e+00,1.336820244789123535e+00
1.563276648521423340e+00,2.605379581451416016e+00
9.215460158884525299e-03,4.369904041290283203e+00
7.849949598312377930e-01,2.880553007125854492e+00
1.848939895629882812e+00,4.327414989471435547e+00
-3.907184600830078125e-01,4.632022380828857422e-01
6.161355972290039062e-01,-4.322103261947631836e-01
1.356121659278869629e+00,4.532431125640869141e+00
1.980511784553527832e+00,6.512656688690185547e+00
1.858119726181030273e+00,3.614038944244384766e+00
1.491644501686096191e+00,1.738125681877136230e+00
1.884321928024291992e+00,2.625483989715576172e+00
1.982315897941589355e+00,2.152059793472290039e+00
-4.085742831230163574e-01,1.159776806831359863e+00
2.161829948425292969e+00,5.060807228088378906e+00
1.266536116600036621e+00,8.400834798812866211e-01
1.677078008651733398e+00,3.231027603149414062e+00
1.415197014808654785e+00,4.227775096893310547e+00
1.408207535743713379e+00,4.323886334896087646e-01
1.081978917121887207e+00,1.061197400093078613e+00
1.161025643348693848e+00,3.974040269851684570e+00
1.306714773178100586e+00,4.095469474792480469e+00
1.568344593048095703e+00,1.600075721740722656e+00
8.864588737487792969e-01,1.884701848030090332e+00
1.420303344726562500e+00,3.037164926528930664e+00
1.397356629371643066e+00,3.430094718933105469e+00
2.163767814636230469e+00,2.281786441802978516e+00
2.152856588363647461e+00,2.821911096572875977e+00
1.610945940017700195e+00,8.400473594665527344e-01
2.011072397232055664e+00,2.300317525863647461e+00
5.352368354797363281e-01,2.711552619934082031e+00
1.397676348686218262e+00,6.182672023773193359e+00
9.042826294898986816e-01,2.080234766006469727e+00
7.299104332923889160e-01,7.618225216865539551e-01
1.016492128372192383e+00,1.916489958763122559e+00
5.060160160064697266e-01,2.694061279296875000e+00
-1.443803459405899048e-01,1.843457579612731934e+00
7.538489699363708496e-01,3.550000905990600586e+00
8.004267215728759766e-01,1.997933387756347656e+00
-9.494674801826477051e-01,5.544822216033935547e-01
1.780629754066467285e+00,4.734158992767333984e+00
1.309394598007202148e+00,4.558454036712646484e+00
1.917526960372924805e+00,2.768175363540649414e+00
1.096571087837219238e+00,1.191237926483154297e+00
1.436787247657775879e+00,3.189333677291870117e+00
1.554839372634887695e+00,6.536656856536865234e+00
1.089620471000671387e+00,2.188172578811645508e+00
-9.667207300662994385e-02,2.419848680496215820e+00
1.944204419851303101e-01,2.817358016967773438e+00
1.528650641441345215e+00,2.576805591583251953e+00
1.834423065185546875e+00,6.910815715789794922e+00
1.403792262077331543e+00,1.301534533500671387e+00
-8.330231308937072754e-01,1.822288274765014648e+00
2.018868684768676758e+00,4.838791370391845703e+00
1.765290617942810059e+00,4.466385841369628906e-01
1.181120276451110840e+00,8.337988704442977905e-02
1.660711169242858887e+00,1.915673017501831055e+00
2.338180780410766602e+00,1.519978642463684082e+00
1.546483159065246582e+00,1.518226385116577148e+00
1.589066267013549805e+00,4.680099964141845703e+00
1.216180801391601562e+00,1.284026622772216797e+00
-6.197502613067626953e-01,3.996755123138427734e+00
1.695991277694702148e+00,5.805951595306396484e+00
1.642640233039855957e+00,2.015235185623168945e+00
1.025641441345214844e+00,3.848541021347045898e+00
1.033979773521423340e+00,1.047641992568969727e+00
2.434514999389648438e+00,2.694205999374389648e+00
1.412037491798400879e+00,2.719089746475219727e+00
1.705115199089050293e+00,2.441804409027099609e+00
1.919894218444824219e+00,3.407281875610351562e+00
1.902602553367614746e+00,3.154818296432495117e+00
1.720570445060729980e+00,3.835269451141357422e+00
1.217385411262512207e+00,2.988340139389038086e+00
1.440872400999069214e-01,7.811520695686340332e-01
1.703544259071350098e+00,1.871762752532958984e+00
2.450282096862792969e+00,3.324062108993530273e+00
1.092687964439392090e+00,2.642363786697387695e+00
1.156126618385314941e+00,5.563313961029052734e+00
1.718743085861206055e+00,2.267372369766235352e+00
1.303561180830001831e-01,2.224443912506103516e+00
1.298821806907653809e+00,4.411482334136962891e+00
1.818084001541137695e+00,5.962493419647216797e+00
2.275410175323486328e+00,2.915603518486022949e-01
7.261875867843627930e-01,2.337797164916992188e+00
1.098468422889709473e+00,4.123135566711425781e+00
1.284518957138061523e+00,2.595757484436035156e+00
1.618561506271362305e+00,1.043789267539978027e+00
1.475280046463012695e+00,2.219126224517822266e+00
2.196655511856079102e+00,7.322735786437988281e-01
1.749828934669494629e+00,2.187634706497192383e+00
1.916795372962951660e+00,1.922442078590393066e+00
2.341555356979370117e+00,2.055952787399291992e+00
1.589997857809066772e-01,3.475826025009155273e+00
2.157826423645019531e+00,1.885308384895324707e+00
1.242003560066223145e+00,9.429172277450561523e-01
1.330506682395935059e+00,-1.036087423563003540e-02
1.492485642433166504e+00,1.728401422500610352e+00
1.354768872261047363e+00,9.825841188430786133e-01
2.132703781127929688e+00,5.313941478729248047e+00
8.913166522979736328e-01,9.231319427490234375e-01
3.219128370285034180e+00,7.453231811523437500e-01
1.629990100860595703e+00,1.023791432380676270e+00
7.961687445640563965e-01,1.881430029869079590e+00
2.189862728118896484e+00,4.361541271209716797e+00
1.186131000518798828e+00,2.162854433059692383e+00
9.486414790153503418e-01,6.179285526275634766e+00
1.005289793014526367e+00,7.188758373260498047e+00
2.207101345062255859e+00,3.312149941921234131e-01
1.856220960617065430e+00,7.308506488800048828e+00
1.566086649894714355e+00,1.668087244033813477e-01
1.716317772865295410e+00,3.457400560379028320e+00
1.409801483154296875e+00,4.366566181182861328e+00
1.630468249320983887e+00,2.245225667953491211e+00
1.747345209121704102e+00,2.750988245010375977e+00
1.859669923782348633e+00,-3.006795048713684082e-01
1.598532676696777344e+00,5.744879722595214844e+00
8.774501681327819824e-01,1.227031946182250977e+00
2.366779327392578125e+00,4.434574604034423828e+00
2.677737176418304443e-02,2.654075145721435547e+00
1.546728253364562988e+00,4.128472328186035156e+00
1.775722980499267578e+00,4.763391017913818359e+00
1.819115132093429565e-01,2.844635248184204102e+00
2.235468149185180664e+00,4.554782390594482422e+00
4.198086857795715332e-01,2.447342634201049805e+00
1.648928284645080566e+00,8.735137939453125000e+00
1.002718567848205566e+00,3.595350384712219238e-01
1.120529413223266602e+00,4.549380302429199219e+00
-6.987702846527099609e-01,2.699373006820678711e+00
1.837575316429138184e+00,8.408334851264953613e-01
1.424541592597961426e+00,1.707135319709777832e+00
2.129828691482543945e+00,1.526466608047485352e+00
1.761085748672485352e+00,3.823212862014770508e+00
1.570898771286010742e+00,4.688933372497558594e+00
1.073989391326904297e+00,7.420784473419189453e+00
1.365504741668701172e+00,1.499904274940490723e+00
1.917174220085144043e+00,3.035946369171142578e+00
1.172259688377380371e+00,1.996138691902160645e+00
1.849172949790954590e+00,5.134583950042724609e+00
1.068835705518722534e-01,3.026349067687988281e+00
7.452728152275085449e-01,2.204011440277099609e+00
1.424568653106689453e+00,1.577379822731018066e+00
1.704533934593200684e+00,3.605351209640502930e+00
1.070311069488525391e+00,4.710051059722900391e+00
7.779874801635742188e-01,4.344408512115478516e+00
2.024963349103927612e-01,1.692473173141479492e+00
2.174972772598266602e+00,4.265090465545654297e+00
1.527674436569213867e+00,1.947681903839111328e+00
1.155475974082946777e+00,4.164335727691650391e+00
-5.987716317176818848e-01,2.731597900390625000e+00
1.041558027267456055e+00,1.552250981330871582e+00
1.394073247909545898e+00,1.591787219047546387e+00
2.061871767044067383e+00,2.591978311538696289e+00
1.725518703460693359e+00,4.004874825477600098e-01
1.594776272773742676e+00,7.751091480255126953e+00
1.619266152381896973e+00,3.935472667217254639e-01
6.181449294090270996e-01,2.528282403945922852e+00
-2.060277760028839111e-02,4.450663566589355469e+00
1.170776367187500000e+00,8.773704767227172852e-01
1.027495861053466797e+00,2.102167129516601562e+00
1.531720161437988281e+00,1.672023653984069824e+00
1.103845715522766113e+00,3.178578615188598633e+00
-9.916694462299346924e-02,8.369494080543518066e-01
1.471518754959106445e+00,1.146006345748901367e+00
8.345413804054260254e-01,6.177979469299316406e+00
1.824845910072326660e+00,2.114944696426391602e+00
1.713343381881713867e+00,5.368556022644042969e+00
1.805586099624633789e+00,1.269661545753479004e+00
1.593688368797302246e+00,6.444760799407958984e+00
1.284646987915039062e+00,5.713647842407226562e+00
9.733974337577819824e-01,4.589933872222900391e+00
1.237761020660400391e+00,1.800497531890869141e+00
8.642005324363708496e-01,2.251512050628662109e+00
1.081059932708740234e+00,5.140182018280029297e+00
-6.857157349586486816e-01,3.777216434478759766e+00
8.725183606147766113e-01,6.584399938583374023e-01
1.490041255950927734e+00,2.990442991256713867e+00
2.187953948974609375e+00,7.624196410179138184e-01
1.398684382438659668e+00,5.831406116485595703e-01
1.254027605056762695e+00,1.927446007728576660e+00
1.439430832862854004e+00,5.356674671173095703e+00
1.894190907478332520e+00,4.649647176265716553e-01
1.165215134620666504e+00,3.413092851638793945e+00
-1.207787543535232544e-01,1.953924298286437988e+00
1.924948096275329590e+00,6.595041751861572266e+00
1.699110984802246094e+00,1.688371896743774414e+00
1.479915142059326172e+00,4.215797901153564453e+00
1.570314168930053711e+00,2.290210008621215820e+00
1.194823503494262695e+00,9.800221920013427734e-01
1.777132272720336914e+00,4.058046340942382812e+00
9.073953628540039062e-01,2.895890712738037109e+00
1.803606867790222168e+00,1.528966903686523438e+00
1.488785386085510254e+00,1.447898030281066895e+00
2.562547922134399414e-01,2.288619279861450195e+00
-8.194963335990905762e-01,2.650151968002319336e+00
2.062443494796752930e+00,1.652968883514404297e+00
1.795704811811447144e-01,2.268371105194091797e+00
1.987990856170654297e+00,6.339097499847412109e+00
4.203463196754455566e-01,2.303536653518676758e+00
2.410502672195434570e+00,2.687429666519165039e+00
6.154927611351013184e-01,3.681562185287475586e+00
1.044885277748107910e+00,5.898980498313903809e-01
1.311676502227783203e+00,1.630022048950195312e+00
7.564837336540222168e-01,7.461543560028076172e+00
1.501203060150146484e+00,1.817536473274230957e+00
-1.147648841142654419e-01,3.389736413955688477e+00
1.427189230918884277e+00,1.094138145446777344e+00
-1.444366723299026489e-01,2.863774776458740234e+00
1.152058720588684082e+00,2.050191640853881836e+00
1.714740753173828125e+00,3.299893140792846680e+00
1.883859038352966309e+00,4.353044986724853516e+00
1.636330246925354004e+00,4.451874732971191406e+00
1.770491719245910645e+00,3.519431352615356445e+00
1.809100985527038574e+00,2.394205093383789062e+00
1.292001605033874512e+00,7.463790416717529297e+00
1.497909545898437500e+00,6.474127292633056641e+00
1.666502952575683594e+00,4.081800937652587891e+00
1.506479620933532715e+00,1.126742124557495117e+00
1.083975195884704590e+00,5.710813999176025391e+00
1.280880212783813477e+00,3.350604295730590820e+00
7.382307052612304688e-01,1.273776173591613770e+00
1.973247766494750977e+00,1.884112238883972168e+00
2.108140230178833008e+00,2.521027803421020508e+00
1.115729689598083496e+00,3.256308317184448242e+00
1.455928921699523926e+00,2.020018339157104492e+00
1.281881213188171387e+00,5.581301689147949219e+00
1.339617967605590820e+00,3.063713788986206055e+00
1.849406808614730835e-01,4.309551715850830078e+00
1.274995923042297363e+00,4.674227237701416016e+00
1.519231915473937988e+00,5.577247142791748047e-01
-1.442603021860122681e-01,9.289422035217285156e-01
-7.492603659629821777e-01,3.233477830886840820e+00
2.295596361160278320e+00,1.771704912185668945e+00
9.734118580818176270e-01,2.991136074066162109e+00
2.388189315795898438e+00,5.176452159881591797e+00
1.502390265464782715e+00,3.758950710296630859e+00
8.109384179115295410e-01,3.585263729095458984e+00
8.102461695671081543e-01,1.522212386131286621e+00
1.812176346778869629e+00,1.216190099716186523e+00
1.866952061653137207e+00,2.020071744918823242e+00
9.035146832466125488e-01,1.681714892387390137e+00
2.272568464279174805e+00,7.155144691467285156e+00
2.008693933486938477e+00,2.535285234451293945e+00
1.742214322090148926e+00,1.872949957847595215e+00
5.118662714958190918e-01,3.926318287849426270e-01
-1.646123677492141724e-01,1.993024230003356934e+00
1.460703730583190918e+00,2.016575098037719727e+00
2.121542543172836304e-01,2.732937574386596680e+00
1.364596724510192871e+00,4.587614536285400391e+00
-5.777049660682678223e-01,1.383586883544921875e+00
-1.319294452667236328e+00,2.658335924148559570e+00
1.754765629768371582e+00,2.147361040115356445e+00
1.537355184555053711e+00,5.032960414886474609e+00
1.465275406837463379e+00,1.713257789611816406e+00
-7.863597869873046875e-01,2.203553676605224609e+00
-1.413713842630386353e-01,5.682220458984375000e-01
9.879968166351318359e-01,1.083368539810180664e+00
-2.860600352287292480e-01,1.076820611953735352e+00
1.146643042564392090e+00,1.308143436908721924e-01
1.884699344635009766e+00,1.391332387924194336e+00
1.500901341438293457e+00,3.331014633178710938e+00
1.658241391181945801e+00,1.672425270080566406e+00
1.555045247077941895e+00,5.780858397483825684e-01
2.227167606353759766e+00,2.101844310760498047e+00
1.499345421791076660e+00,2.705380678176879883e+00
2.611225366592407227e+00,3.594443082809448242e+00
-6.360455751419067383e-01,2.534000158309936523e+00
-3.291238844394683838e-02,6.106378078460693359e+00
1.445334553718566895e+00,5.663986206054687500e+00
-8.467524647712707520e-01,3.337205171585083008e+00
9.954800009727478027e-01,1.358982920646667480e+00
4.553035497665405273e-01,2.554129362106323242e+00
1.730824112892150879e+00,1.406460881233215332e+00
1.448756933212280273e+00,1.870228409767150879e+00
1.843536615371704102e+00,4.977727413177490234e+00
9.768347740173339844e-01,4.020468711853027344e+00
1.716448903083801270e+00,2.425712347030639648e+00
1.126195549964904785e+00,3.328301191329956055e+00
-8.075900673866271973e-01,2.035781145095825195e+00
1.826478362083435059e+00,5.270840167999267578e+00
1.123491406440734863e+00,5.063842296600341797e+00
1.695428729057312012e+00,5.139457225799560547e+00
-2.874900698661804199e-01,3.575979471206665039e+00
1.071492284536361694e-01,1.383339613676071167e-02
2.886318445205688477e+00,1.035186886787414551e+00
1.705523610115051270e+00,1.746093750000000000e+00
1.896268486976623535e+00,2.004641771316528320e+00
1.072882294654846191e+00,4.717178344726562500e+00
2.503351569175720215e-01,3.560625314712524414e+00
1.148463368415832520e+00,5.099487304687500000e+00
6.598702073097229004e-01,2.980310440063476562e+00
1.457936882972717285e+00,3.305121064186096191e-01
1.809173226356506348e+00,1.258831977844238281e+00
1.146023631095886230e+00,4.696450710296630859e+00
1.290081858634948730e+00,4.583896636962890625e+00
9.371723532676696777e-01,1.609945654869079590e+00
1.855711102485656738e+00,1.291857481002807617e+00
-1.922403126955032349e-01,3.518251895904541016e+00
-3.351766467094421387e-01,1.219645977020263672e+00
1.239727854728698730e+00,7.163631916046142578e-01
6.569270491600036621e-01,3.402963638305664062e+00
1.528492331504821777e+00,8.073232650756835938e+00
1.253899216651916504e+00,4.331157207489013672e+00
1.218043208122253418e+00,2.767229080200195312e+00
2.198907375335693359e+00,1.218289732933044434e+00
1.911897063255310059e+00,3.303793668746948242e+00
1.946756005287170410e+00,4.878830432891845703e+00
2.408314794301986694e-01,2.288321018218994141e+00
1.390044450759887695e+00,3.439982891082763672e+00
9.226979613304138184e-01,1.402705192565917969e+00
1.880940318107604980e+00,1.490134239196777344e+00
2.058641195297241211e+00,5.446440219879150391e+00
1.738554358482360840e+00,2.270345926284790039e+00
1.155135750770568848e+00,5.609172344207763672e+00
1.085132122039794922e+00,3.599186182022094727e+00
4.074034690856933594e-01,3.447182655334472656e+00
1.550177931785583496e+00,2.089177131652832031e+00
2.181500434875488281e+00,3.194873094558715820e+00
9.899131655693054199e-01,2.518833875656127930e+00
2.036483526229858398e+00,6.545068740844726562e+00
1.916921973228454590e+00,6.269877910614013672e+00
1.518882393836975098e+00,1.949998378753662109e+00
1.799067735671997070e+00,5.934449434280395508e-01
1.245542883872985840e+00,1.443057894706726074e+00
1.110527873039245605e+00,3.605645179748535156e+00
8.141016960144042969e-01,3.847357749938964844e+00
8.328399062156677246e-01,3.663307428359985352e+00
-4.825331568717956543e-01,8.542307615280151367e-01
1.865871667861938477e+00,5.113022804260253906e+00
1.848279356956481934e+00,1.916925311088562012e-01
-5.911530554294586182e-02,3.642056703567504883e+00
1.840613722801208496e+00,7.831843852996826172e+00
1.040917515754699707e+00,5.480790615081787109e+00
-6.157639622688293457e-01,5.637207627296447754e-01
2.229413986206054688e+00,2.080043315887451172e+00
8.202357888221740723e-01,2.096826553344726562e+00
8.579385876655578613e-01,3.940734624862670898e+00
2.211090803146362305e+00,5.468169212341308594e+00
1.738770127296447754e+00,4.488285064697265625e+00
1.153107136487960815e-01,2.761873960494995117e+00
1.580879092216491699e+00,4.587064266204833984e+00
1.345391631126403809e+00,1.987766742706298828e+00
2.507539987564086914e-01,3.019148111343383789e+00
1.834909677505493164e+00,2.042370319366455078e+00
1.629071593284606934e+00,-1.204919889569282532e-01
1.222109794616699219e+00,8.606371879577636719e+00
-7.505442202091217041e-02,1.444004476070404053e-03
1.453094601631164551e+00,4.926410675048828125e+00
1.448000788688659668e+00,1.434271812438964844e+00
9.383569359779357910e-01,4.667171001434326172e+00
1.317205190658569336e+00,2.220951557159423828e+00
-4.555658698081970215e-01,3.163613080978393555e+00
1.527556657791137695e+00,9.218782186508178711e-01
7.502056956291198730e-01,2.364298582077026367e+00
2.019965887069702148e+00,2.281864166259765625e+00
1.667507290840148926e+00,3.695276677608489990e-01
7.312879897654056549e-03,1.572487354278564453e+00
1.706627368927001953e+00,6.865645408630371094e+00
1.522306323051452637e+00,1.807979583740234375e+00
6.407970786094665527e-01,8.481194972991943359e-01
7.613690495491027832e-01,3.455835342407226562e+00
2.603285789489746094e+00,5.125884532928466797e+00
1.975238204002380371e+00,6.359976291656494141e+00
8.276465535163879395e-01,3.545537471771240234e+00
1.430533647537231445e+00,1.151639223098754883e+00
1.356693744659423828e+00,2.952163457870483398e+00
9.036181569099426270e-01,3.827019929885864258e+00
2.200224876403808594e+00,3.889338731765747070e+00
-7.771702110767364502e-02,2.715030908584594727e+00
1.559055566787719727e+00,1.899333000183105469e-01
1.244168519973754883e+00,1.084365367889404297e+00
1.969512581825256348e+00,2.618407487869262695e+00
-6.681113243103027344e-01,2.154018402099609375e+00
2.182826995849609375e+00,1.008710503578186035e+00
2.642500638961791992e+00,3.717239618301391602e+00
1.758378863334655762e+00,2.090251684188842773e+00
1.619846224784851074e+00,7.438548803329467773e-01
6.377802789211273193e-02,2.001480579376220703e+00
1.042585968971252441e+00,6.996080875396728516e+00
1.407224893569946289e+00,1.633414506912231445e+00
9.778273105621337891e-01,1.172910451889038086e+00
1.584637045860290527e+00,1.517163813114166260e-01
1.727341175079345703e+00,2.015284776687622070e+00
1.100385040044784546e-01,3.698204040527343750e+00
1.733122467994689941e+00,3.216511249542236328e+00
2.828053832054138184e-01,3.323795557022094727e+00
1.312029480934143066e+00,9.647354125976562500e+00
1.891441702842712402e+00,-2.582153975963592529e-01
8.927695751190185547e-01,2.554894208908081055e+00
4.548325538635253906e-01,1.665099263191223145e+00
-8.809509873390197754e-01,2.405442953109741211e+00
1.985802173614501953e+00,2.851328134536743164e+00
1.645229935646057129e+00,1.769375085830688477e+00
1.705567240715026855e+00,2.437625169754028320e+00
5.953029990196228027e-01,2.687033176422119141e+00
1.428450226783752441e+00,5.314489364624023438e+00
1.245145559310913086e+00,2.777945280075073242e+00
1.793655157089233398e+00,1.188217639923095703e+00
1.353776931762695312e+00,2.383387804031372070e+00
1.535661816596984863e+00,1.771666765213012695e+00
2.587675452232360840e-01,2.276126861572265625e+00
-2.244168072938919067e-01,1.600929975509643555e+00
1.393464446067810059e+00,5.786085128784179688e+00
1.735923171043395996e+00,2.100619316101074219e+00
1.235880613327026367e+00,2.198254585266113281e+00
1.459356307983398438e+00,3.023945569992065430e+00
1.382826447486877441e+00,5.826781272888183594e+00
3.146884441375732422e-01,1.904119968414306641e+00
1.398193001747131348e+00,1.052110314369201660e+00
1.036878347396850586e+00,2.866841077804565430e+00
1.961573481559753418e+00,2.356729269027709961e+00
1.272373199462890625e+00,3.988646745681762695e+00
-4.398834109306335449e-01,-4.577855020761489868e-02
1.122715920209884644e-01,3.451096773147583008e+00
2.320950031280517578e+00,5.183921813964843750e+00
-4.667933285236358643e-02,3.845448255538940430e+00
-8.857948184013366699e-01,1.991311430931091309e+00
1.587859511375427246e+00,1.511390924453735352e+00
1.839168429374694824e+00,1.001031494140625000e+01
1.135117650032043457e+00,1.947940587997436523e+00
8.091278672218322754e-01,1.730921983718872070e+00
1.990592122077941895e+00,-4.040724784135818481e-02
1.687655568122863770e+00,4.619284152984619141e+00
-2.054847776889801025e-02,3.664729118347167969e+00
3.578187823295593262e-01,4.288873195648193359e+00
1.244572758674621582e+00,7.778744697570800781e-01
1.950322866439819336e+00,1.528239250183105469e+00
4.298396706581115723e-01,2.997003316879272461e+00
-2.834268212318420410e-01,1.600823283195495605e+00
1.779061913490295410e+00,7.094524860382080078e+00
1.320256590843200684e+00,2.878611087799072266e+00
2.016409635543823242e+00,1.276567935943603516e+00
1.493150830268859863e+00,5.207304954528808594e+00
-5.230500362813472748e-03,4.287255764007568359e+00
2.007282495498657227e+00,1.754616498947143555e-01
-1.283274441957473755e-01,1.401391983032226562e+00
9.812586903572082520e-01,1.173423051834106445e+00
-4.691643118858337402e-01,7.063760757446289062e-01
9.673924446105957031e-01,4.137732982635498047e+00
3.928191065788269043e-01,2.954458236694335938e+00
8.631680607795715332e-01,4.057347297668457031e+00
1.187963724136352539e+00,6.982349395751953125e+00
1.130488991737365723e+00,6.814943790435791016e+00
1.285745978355407715e+00,6.299772262573242188e-01
2.115967273712158203e+00,3.830519914627075195e+00
1.705471515655517578e+00,9.085986614227294922e-01
2.054383039474487305e+00,2.410620927810668945e+00
2.225471496582031250e+00,2.816332578659057617e+00
2.188984155654907227e+00,7.513648271560668945e-01
4.468218088150024414e-01,4.671288013458251953e+00
1.088804721832275391e+00,5.951988697052001953e-01
1.774366259574890137e+00,2.479530096054077148e+00
2.146516323089599609e+00,3.700027704238891602e+00
7.860114574432373047e-01,3.985844850540161133e+00
1.527537703514099121e+00,2.842144727706909180e+00
1.433831095695495605e+00,3.951027631759643555e+00
1.232075572013854980e+00,2.313953876495361328e+00
-3.375821113586425781e-01,3.098436444997787476e-02
1.359304785728454590e+00,-4.907035827636718750e-01
7.790995240211486816e-01,2.578414201736450195e+00
2.358817309141159058e-01,2.769791841506958008e+00
-3.784932494163513184e-01,4.092157363891601562e+00
-5.044416785240173340e-01,4.846544265747070312e+00
1.158967971801757812e+00,1.714727044105529785e+00
2.049391508102416992e+00,1.694006800651550293e+00
1.364682316780090332e+00,1.386255741119384766e+00
1.768452882766723633e+00,7.857272624969482422e+00
6.077583432197570801e-01,2.640537023544311523e+00
1.395208477973937988e+00,1.674659132957458496e+00
-6.121802926063537598e-01,3.043392181396484375e+00
2.015654325485229492e+00,7.068147182464599609e+00
1.868447422981262207e+00,1.170370101928710938e+00
8.478678464889526367e-01,5.056535243988037109e+00
2.148607015609741211e+00,1.894236803054809570e+00
1.598562955856323242e+00,1.580984830856323242e+00
-4.628638625144958496e-01,2.352105379104614258e+00
1.621065974235534668e+00,1.568555474281311035e+00
1.584814667701721191e+00,1.064116239547729492e+00
6.972877979278564453e-01,3.993212461471557617e+00
1.399742126464843750e+00,5.051247119903564453e+00
1.366055130958557129e+00,1.887737274169921875e+00
9.478793740272521973e-01,4.237133502960205078e+00
1.778610587120056152e+00,1.731584787368774414e+00
4.287661314010620117e-01,1.207113981246948242e+00
-5.117759704589843750e-01,1.352343857288360596e-01
1.622143387794494629e+00,9.496330022811889648e-01
8.517846465110778809e-01,1.604627132415771484e+00
5.552176237106323242e-01,2.203503131866455078e+00
1.633523344993591309e+00,2.128182411193847656e+00
1.609397053718566895e+00,1.421549439430236816e+00
1.723330616950988770e+00,6.559587121009826660e-01
1.597627878189086914e+00,3.712723255157470703e+00
9.941547513008117676e-01,2.015212774276733398e+00
-5.435594916343688965e-01,3.486401319503784180e+00
1.701337695121765137e+00,2.005364418029785156e+00
8.521320223808288574e-01,1.283048987388610840e+00
1.777865409851074219e+00,3.357727229595184326e-01
1.929778218269348145e+00,5.121172428131103516e+00
2.211200237274169922e+00,2.138754129409790039e+00
8.181602954864501953e-01,2.689704179763793945e+00
1.358818292617797852e+00,6.496455669403076172e-01
2.278986215591430664e+00,5.162441134452819824e-01
1.673737049102783203e+00,4.442341327667236328e+00
9.735001921653747559e-01,3.829304277896881104e-01
2.714431047439575195e+00,5.192556858062744141e+00
1.377926230430603027e+00,6.486966013908386230e-01
1.427738666534423828e+00,4.445386886596679688e+00
1.202104449272155762e+00,1.023492813110351562e+00
1.736382961273193359e+00,1.669705748558044434e+00
1.849429488182067871e+00,2.981841802597045898e+00
1.219508767127990723e+00,4.946286678314208984e+00
1.198542714118957520e+00,4.905802249908447266e+00
1.557204842567443848e+00,5.302745699882507324e-01
-5.446217060089111328e-01,5.594952106475830078e-01
2.219565957784652710e-01,2.429008722305297852e+00
1.959985256195068359e+00,1.601936221122741699e+00
8.709634542465209961e-01,9.363477706909179688e+00
6.513392925262451172e-01,2.161625385284423828e+00
1.942326188087463379e+00,4.081528186798095703e+00
1.172399640083312988e+00,-8.387118577957153320e-05
2.417775154113769531e+00,5.227611064910888672e+00
1.823670864105224609e+00,3.524533510208129883e+00
2.297214508056640625e+00,1.014922499656677246e+00
1.708375334739685059e+00,5.602698802947998047e+00
1.310926437377929688e+00,2.804775953292846680e+00
2.301454991102218628e-01,3.398366451263427734e+00
2.347194433212280273e+00,2.550128221511840820e+00
5.033337473869323730e-01,2.948973417282104492e+00
1.475492596626281738e+00,5.541131496429443359e+00
9.245564937591552734e-01,6.800887584686279297e-01
-6.864605545997619629e-01,1.208584785461425781e+00
1.215897321701049805e+00,2.087202072143554688e+00
1.209143638610839844e+00,3.174856424331665039e+00
1.725259304046630859e+00,7.527068138122558594e+00
-8.925297856330871582e-01,5.850409507751464844e+00
1.523549914360046387e+00,2.987439632415771484e-01
1.461478352546691895e+00,3.468968868255615234e+00
1.264419317245483398e+00,2.427431583404541016e+00
1.857721209526062012e+00,3.126075506210327148e+00
1.812018632888793945e+00,1.583154439926147461e+00
7.044685482978820801e-01,5.151839256286621094e-01
1.944265246391296387e+00,5.341691493988037109e+00
1.502784371376037598e+00,2.545847177505493164e+00
1.022498726844787598e+00,4.324441432952880859e+00
1.814569473266601562e+00,5.359413623809814453e+00
1.459048032760620117e+00,6.243159770965576172e+00
1.527417778968811035e+00,5.810846805572509766e+00
2.549244165420532227e-01,2.026684761047363281e+00
1.596241831779479980e+00,1.571921348571777344e+00
1.744641065597534180e+00,4.507877826690673828e+00
1.451921224594116211e+00,3.517287015914916992e+00
1.468885302543640137e+00,5.997704714536666870e-02
1.282830357551574707e+00,1.583901524543762207e+00
1.981701731681823730e+00,1.852499365806579590e+00
-2.564910054206848145e-01,2.833485841751098633e+00
1.500091910362243652e+00,1.947056770324707031e+00
1.503713965415954590e+00,4.408958554267883301e-01
1.833991169929504395e+00,6.853549003601074219e+00
1.959256827831268311e-02,2.016908645629882812e+00
1.285367369651794434e+00,5.031973361968994141e+00
1.387520432472229004e+00,6.459098339080810547e+00
3.819851279258728027e-01,4.171428680419921875e+00
1.460618138313293457e+00,1.419007897377014160e+00
8.773438930511474609e-01,5.419678688049316406e+00
-6.971891522407531738e-01,3.405131101608276367e+00
4.972617626190185547e-01,3.499196767807006836e+00
1.707878947257995605e+00,3.029101133346557617e+00
1.959570407867431641e+00,6.105782985687255859e+00
7.840394973754882812e-01,2.711018323898315430e-01
1.187772631645202637e+00,8.351261019706726074e-01
1.094668388366699219e+00,5.348026752471923828e+00
1.163726449012756348e+00,2.764063119888305664e+00
2.425183057785034180e+00,4.635302543640136719e+00
1.823618650436401367e+00,2.486123323440551758e+00
1.176098346710205078e+00,1.707729339599609375e+00
6.856123208999633789e-01,1.711928725242614746e+00
2.046091318130493164e+00,3.176018714904785156e+00
1.818088054656982422e+00,2.023111343383789062e+00
1.911969035863876343e-01,2.718979358673095703e+00
2.019320249557495117e+00,2.454068064689636230e-01
-1.151259064674377441e+00,1.148835420608520508e+00
2.079123497009277344e+00,4.677898287773132324e-01
1.661488056182861328e+00,6.705031394958496094e-01
9.114963412284851074e-01,1.666896820068359375e+00
1.589662313461303711e+00,3.287506580352783203e+00
2.153271198272705078e+00,1.971548318862915039e+00
1.865253806114196777e+00,3.864709615707397461e+00
1.669288158416748047e+00,4.375201225280761719e+00
2.178244113922119141e+00,6.005690097808837891e+00
2.150395393371582031e+00,1.886709094047546387e+00
-5.467324852943420410e-01,2.304909944534301758e+00
6.007299758493900299e-03,2.821386098861694336e+00
1.733566880226135254e+00,1.640826463699340820e+00
1.419997215270996094e+00,2.989891290664672852e+00
1.513245582580566406e+00,4.110683500766754150e-01
2.142226547002792358e-01,4.447277069091796875e+00
1.585594773292541504e+00,2.357391834259033203e+00
2.342592179775238037e-02,2.974646568298339844e+00
-5.673100054264068604e-02,6.600506305694580078e+00
2.088255643844604492e+00,5.347243785858154297e+00
1.235636711120605469e+00,2.348000288009643555e+00
-9.434348940849304199e-01,2.974264860153198242e+00
2.061168193817138672e+00,4.354578495025634766e+00
8.651164174079895020e-01,3.532223463058471680e+00
-5.088794827461242676e-01,2.448570489883422852e+00
2.097480297088623047e+00,3.711811006069183350e-01
1.711433649063110352e+00,6.510773181915283203e+00
2.017559766769409180e+00,5.910264492034912109e+00
1.298676133155822754e+00,2.154099225997924805e+00
1.378503680229187012e+00,1.155356645584106445e+00
1.364128112792968750e+00,6.064763069152832031e-01
2.187590837478637695e+00,3.257151603698730469e+00
5.259746909141540527e-01,3.893235921859741211e+00
1.355779886245727539e+00,3.977011203765869141e+00
6.136614084243774414e-01,4.350862979888916016e+00
1.644207239151000977e+00,2.825262784957885742e+00
1.237753033638000488e+00,3.376398980617523193e-01
7.583199143409729004e-01,3.191990375518798828e+00
1.626536369323730469e+00,7.514548778533935547e+00
1.189818024635314941e+00,2.984522104263305664e+00
1.431314826011657715e+00,5.091681003570556641e+00
1.552226066589355469e+00,7.412679195404052734e+00
2.621670961380004883e+00,3.603278398513793945e+00
1.515784144401550293e+00,1.032357096672058105e+00
-1.155874609947204590e+00,3.757496595382690430e+00
1.685153126716613770e+00,1.123992562294006348e+00
1.110880732536315918e+00,8.306577801704406738e-01
4.367631673812866211e-01,4.592047214508056641e+00
1.017260789871215820e+00,1.459632754325866699e+00
1.046263098716735840e+00,4.541048049926757812e+00
2.357500791549682617e+00,2.849178552627563477e+00
-1.805961877107620239e-01,6.362487673759460449e-01
2.213231325149536133e+00,5.385921001434326172e+00
8.937854766845703125e-01,7.421219825744628906e+00
4.237785339355468750e-01,3.431531429290771484e+00
1.264639347791671753e-01,1.682291030883789062e+00
1.757834553718566895e+00,1.527899503707885742e+00
1.889039516448974609e+00,6.367211341857910156e+00
-5.439809560775756836e-01,4.208149909973144531e+00
1.697456717491149902e+00,6.293400287628173828e+00
-1.000672101974487305e+00,2.979992628097534180e+00
1.733634352684020996e+00,1.740338444709777832e+00
1.571667075157165527e+00,4.144955277442932129e-01
1.947940945625305176e+00,4.651267528533935547e+00
1.599666833877563477e+00,4.707199037075042725e-01
2.465924024581909180e+00,5.301186084747314453e+00
1.137166142463684082e+00,1.404091835021972656e+00
-8.019275069236755371e-01,2.170442342758178711e+00
8.869397640228271484e-01,3.375218629837036133e+00
1.353847146034240723e+00,3.723663091659545898e+00
1.168422102928161621e+00,1.573467850685119629e-01
1.495503664016723633e+00,7.272119045257568359e+00
1.866788744926452637e+00,1.933296203613281250e+00
1.116663575172424316e+00,3.447329282760620117e+00
1.582527756690979004e+00,3.884921073913574219e+00
1.077927350997924805e+00,2.725010871887207031e+00
1.808761715888977051e+00,3.956832170486450195e+00
1.453121900558471680e+00,1.172016143798828125e+00
5.275858640670776367e-01,3.666636228561401367e+00
1.191207766532897949e+00,3.511404275894165039e+00
1.141399502754211426e+00,1.235942125320434570e+00
1.479374527931213379e+00,1.538847923278808594e+00
5.438674092292785645e-01,1.963326334953308105e+00
1.829407215118408203e+00,1.437887430191040039e+00
1.927021622657775879e+00,4.299336075782775879e-01
3.370843827724456787e-02,1.885204553604125977e+00
6.560868620872497559e-01,2.639237880706787109e+00
2.744037508964538574e-01,1.857553958892822266e+00
9.476150870323181152e-01,1.685547590255737305e+00
1.744089722633361816e+00,7.275709152221679688e+00
2.255429506301879883e+00,6.363528221845626831e-02
1.743154525756835938e+00,2.922677278518676758e+00
1.611569762229919434e+00,1.417795538902282715e+00
2.591429948806762695e+00,2.665174007415771484e+00
1.618440747261047363e+00,4.839773654937744141e+00
1.930361390113830566e+00,6.422816276550292969e+00
-2.220974117517471313e-01,2.782783985137939453e+00
1.992972254753112793e+00,2.101879715919494629e-01
7.846266627311706543e-01,2.313574075698852539e+00
1.308970212936401367e+00,2.675746083259582520e-01
1.441232562065124512e+00,7.351592779159545898e-01
1.839784502983093262e+00,7.264015674591064453e+00
-4.476979374885559082e-01,1.178767919540405273e+00
1.881815314292907715e+00,2.189830064773559570e+00
1.614564538002014160e+00,2.686504721641540527e-01
1.158952355384826660e+00,6.825371265411376953e+00
2.168177843093872070e+00,8.195266723632812500e+00
1.388353228569030762e+00,2.193930149078369141e+00
2.547905445098876953e+00,3.638874292373657227e+00
1.328979849815368652e+00,1.417960643768310547e+00
9.494441747665405273e-01,4.524328708648681641e+00
1.632178187370300293e+00,1.485268235206604004e+00
7.192353010177612305e-01,2.529886960983276367e+00
1.243567109107971191e+00,4.584629058837890625e+00
1.203258633613586426e+00,2.124508857727050781e+00
-3.670157492160797119e-02,4.703513622283935547e+00
2.361464262008666992e+00,3.114087343215942383e+00
4.690715670585632324e-01,2.264286279678344727e+00
1.557752847671508789e+00,2.096529960632324219e+00
1.570525765419006348e+00,3.660491228103637695e+00
8.531371951103210449e-01,7.050684094429016113e-01
-1.021399140357971191e+00,4.160938739776611328e+00
1.069551944732666016e+00,5.350564479827880859e+00
2.232533693313598633e+00,2.532692670822143555e+00
1.317686796188354492e+00,2.108627796173095703e+00
2.040291786193847656e+00,2.942174673080444336e+00
1.543200016021728516e+00,3.307963132858276367e+00
8.239378333091735840e-01,9.384618401527404785e-01
6.827779412269592285e-01,2.229108810424804688e+00
1.046386003494262695e+00,6.360287666320800781e-01
1.094032645225524902e+00,3.542239189147949219e+00
-1.165923029184341431e-01,2.069967240095138550e-02
1.956473469734191895e+00,2.071747779846191406e+00
1.663381338119506836e+00,1.324265861511230469e+01
7.933390736579895020e-01,1.204756736755371094e+00
-4.865974783897399902e-01,1.645105481147766113e+00
-6.143172383308410645e-01,3.038006544113159180e+00
3.085047960281372070e+00,3.797768354415893555e+00
1.827901959419250488e+00,-7.410109788179397583e-02
9.267277121543884277e-01,1.967723011970520020e+00
1.021320223808288574e+00,1.384240508079528809e+00
6.927423477172851562e-01,7.683911919593811035e-01
1.002943038940429688e+00,3.072781324386596680e+00
5.601498484611511230e-01,2.477877378463745117e+00
-6.159967780113220215e-01,3.278333663940429688e+00
2.097683668136596680e+00,8.069899082183837891e-01
1.441026091575622559e+00,5.292657375335693359e+00
2.565603971481323242e+00,4.360475063323974609e+00
4.888613820075988770e-01,5.789637088775634766e+00
1.909786343574523926e+00,1.919676065444946289e+00
1.767623424530029297e+00,2.158166468143463135e-01
1.842564702033996582e+00,1.257453441619873047e+00
1.961368083953857422e+00,2.345545530319213867e+00
1.320701718330383301e+00,2.799274682998657227e+00
1.788426876068115234e+00,1.941499710083007812e+00
-4.404257535934448242e-01,2.223019123077392578e+00
9.965044856071472168e-01,5.075965881347656250e+00
1.368849635124206543e+00,2.522756814956665039e+00
1.564747542142868042e-01,3.997394800186157227e+00
1.568422198295593262e+00,6.454841494560241699e-01
2.061900377273559570e+00,2.565830469131469727e+00
1.074249029159545898e+00,8.109331130981445312e+00
1.176875114440917969e+00,1.645753741264343262e+00
1.505834937095642090e+00,2.624045133590698242e+00
1.398504734039306641e+00,2.644678950309753418e-01
1.308199882507324219e+00,2.721792459487915039e+00
-4.473875164985656738e-01,4.136156439781188965e-01
1.500515699386596680e+00,1.777247190475463867e+00
6.038857698440551758e-01,1.816958427429199219e+00
7.010336518287658691e-01,1.944189786911010742e+00
1.730192303657531738e+00,1.721321702003479004e+00
2.736001014709472656e+00,5.325896739959716797e+00
1.596634984016418457e+00,4.996382236480712891e+00
1.334839820861816406e+00,2.862618207931518555e+00
9.908942580223083496e-01,1.403375148773193359e+00
-2.038706690073013306e-01,1.793540954589843750e+00
2.020103216171264648e+00,1.988399267196655273e+00
7.630826830863952637e-01,4.467521011829376221e-01
1.250447392463684082e+00,6.485399603843688965e-01
-8.575009703636169434e-01,2.888915061950683594e+00
1.061069130897521973e+00,1.192610502243041992e+00
1.736382007598876953e+00,3.026097536087036133e+00
1.517658829689025879e+00,1.981553435325622559e+00
1.447991847991943359e+00,3.313193082809448242e+00
3.081541776657104492e+00,3.042979955673217773e+00
1.586666464805603027e+00,5.046991825103759766e+00
1.441738963127136230e+00,2.834830760955810547e+00
1.733468174934387207e+00,1.092746615409851074e+00
3.984259963035583496e-01,2.957209587097167969e+00
1.560564637184143066e+00,1.083848714828491211e+00
1.398070216178894043e+00,7.335416078567504883e-01
7.745658755302429199e-01,2.240012884140014648e-01
1.146161198616027832e+00,6.012219190597534180e-01
1.036547183990478516e+00,4.295738697052001953e+00
8.154748082160949707e-01,3.039423942565917969e+00
1.897375822067260742e+00,7.893893718719482422e+00
1.458586812019348145e+00,2.073277473449707031e+00
3.432272374629974365e-02,4.273421764373779297e+00
7.640690207481384277e-01,2.104777336120605469e+00
-4.130313396453857422e-01,1.500154137611389160e+00
2.534554719924926758e+00,7.236350774765014648e-01
3.649424016475677490e-02,1.962069392204284668e+00
1.419391155242919922e+00,8.821701049804687500e+00
1.228659510612487793e+00,1.088742256164550781e+00
1.546360015869140625e+00,6.334106922149658203e-01
8.792177438735961914e-01,4.739314079284667969e+00
1.114910125732421875e+00,4.926598548889160156e+00
1.936931490898132324e+00,2.151068210601806641e+00
1.914583802223205566e+00,7.083995819091796875e+00
1.379613995552062988e+00,2.223044872283935547e+00
-1.034649968147277832e+00,3.229432106018066406e+00
1.673685431480407715e+00,5.610464572906494141e+00
1.897272586822509766e+00,3.487145185470581055e+00
7.054280042648315430e-01,2.514851331710815430e+00
1.969422936439514160e+00,3.070292234420776367e+00
1.901166796684265137e+00,5.098303794860839844e+00
1.983674764633178711e+00,2.108345270156860352e+00
6.797116994857788086e-01,3.486913144588470459e-01
2.100715875625610352e+00,2.232616662979125977e+00
1.584020972251892090e+00,4.528769969940185547e+00
5.451188683509826660e-01,4.166918277740478516e+00
1.068274855613708496e+00,1.973033189773559570e+00
1.584271311759948730e+00,1.547571301460266113e+00
1.663534402847290039e+00,2.219049215316772461e+00
1.786422491073608398e+00,2.197005510330200195e+00
7.476135492324829102e-01,4.192541122436523438e+00
-7.022977471351623535e-01,1.351839065551757812e+00
2.080509662628173828e+00,2.533313274383544922e+00
4.942820668220520020e-01,2.564374685287475586e+00
2.061019897460937500e+00,1.177842855453491211e+00
1.329510688781738281e+00,1.084044799208641052e-01
2.039945602416992188e+00,4.817791461944580078e+00
1.223865866661071777e+00,-3.364984691143035889e-01
1.926274418830871582e+00,2.036324977874755859e+00
-1.240585595369338989e-01,1.208901882171630859e+00
6.979116201400756836e-01,3.488488674163818359e+00
1.834749579429626465e+00,4.925915718078613281e+00
1.458656191825866699e+00,-1.194468811154365540e-01
7.009013295173645020e-01,9.429895401000976562e+00
1.671418666839599609e+00,1.191804647445678711e+00
5.154336690902709961e-01,3.088698148727416992e+00
-2.319818288087844849e-01,3.858326971530914307e-01
9.196105599403381348e-01,6.911724805831909180e-01
1.073934078216552734e+00,3.679749727249145508e+00
2.206198453903198242e+00,1.427817702293395996e+00
6.720241904258728027e-01,1.793889880180358887e+00
1.184661746025085449e+00,7.971395969390869141e+00
1.456698060035705566e+00,2.930842399597167969e+00
9.861449599266052246e-01,4.726599693298339844e+00
1.621004104614257812e+00,8.021939992904663086e-01
-7.973718047142028809e-01,3.054611682891845703e+00
6.948333978652954102e-01,3.312338113784790039e+00
3.313369154930114746e-01,-3.285325169563293457e-01
1.816302061080932617e+00,9.940724819898605347e-02
2.034416437149047852e+00,6.458607196807861328e+00
-5.316267609596252441e-01,4.475558757781982422e+00
1.611085176467895508e+00,2.136054277420043945e+00
1.555615782737731934e+00,1.093015909194946289e+00
1.083251476287841797e+00,1.498299002647399902e+00
1.867586374282836914e+00,9.358785748481750488e-01
8.020007610321044922e-01,1.731529831886291504e+00
5.678465962409973145e-01,4.943060874938964844e-01
1.708069324493408203e+00,3.414582967758178711e+00
1.367460250854492188e+00,3.968619585037231445e+00
2.114774942398071289e+00,5.831886291503906250e+00
1.876241087913513184e+00,7.328828573226928711e-01
1.570455908775329590e+00,6.746111392974853516e+00
2.541896581649780273e+00,2.241852521896362305e+00
1.975411176681518555e+00,5.858013153076171875e+00
1.519459366798400879e+00,6.295695781707763672e+00
-1.176201254129409790e-01,1.654388904571533203e+00
2.296075105667114258e+00,3.207363605499267578e+00
2.198065370321273804e-01,4.459771633148193359e+00
5.641847848892211914e-01,4.737658023834228516e+00
-1.940642744302749634e-01,4.178519248962402344e+00
1.616109967231750488e+00,1.373187661170959473e+00
1.657599687576293945e+00,6.652103662490844727e-01
2.049849748611450195e+00,2.406908035278320312e+00
1.401874899864196777e+00,8.124395370483398438e+00
1.175380587577819824e+00,2.268413782119750977e+00
8.372489809989929199e-01,-4.517205357551574707e-01
1.555016398429870605e+00,6.655957698822021484e-01
-4.069675505161285400e-02,3.715500116348266602e+00
1.538012862205505371e+00,4.319657325744628906e+00
1.786969184875488281e+00,3.783993005752563477e+00
1.020096421241760254e+00,2.748433828353881836e+00
2.280150175094604492e+00,3.335447072982788086e+00
9.514446854591369629e-01,1.525298357009887695e+00
2.318666934967041016e+00,1.378178477287292480e+00
2.094610691070556641e+00,1.645496606826782227e+00
1.887994408607482910e+00,3.502197265625000000e+00
1.010636806488037109e+00,1.023154973983764648e+00
2.387183159589767456e-01,1.651451826095581055e+00
1.935176253318786621e+00,1.914579987525939941e+00
1.374405026435852051e+00,7.242258787155151367e-01
1.890985727310180664e+00,1.470844984054565430e+00
2.232828855514526367e+00,7.019755840301513672e-01
1.054140448570251465e+00,4.623701095581054688e+00
1.926620483398437500e+00,1.124844312667846680e+00
5.573713779449462891e-01,5.579837799072265625e+00
1.023886084556579590e+00,2.807542562484741211e+00
1.506176352500915527e+00,1.239526033401489258e+00
8.733087778091430664e-01,6.976721882820129395e-01
1.400004148483276367e+00,2.045259475708007812e+00
2.122565269470214844e+00,4.001173019409179688e+00
2.308248043060302734e+00,2.698736429214477539e+00
1.995283484458923340e+00,9.088860511779785156e+00
7.422311305999755859e-01,3.631318569183349609e+00
2.218089580535888672e+00,2.906337022781372070e+00
1.803965926170349121e+00,-2.424990832805633545e-01
7.469031214714050293e-01,8.450465202331542969e+00
6.369407773017883301e-01,1.399814844131469727e+00
1.452948927879333496e+00,1.373934149742126465e-01
9.263878464698791504e-01,3.615307092666625977e+00
1.128715276718139648e+00,3.900776386260986328e+00
1.252208352088928223e+00,2.414117574691772461e+00
1.954349875450134277e+00,4.704107761383056641e+00
1.743455767631530762e+00,2.894948244094848633e+00
1.382501959800720215e+00,6.800543785095214844e+00
6.481788754463195801e-01,1.567643165588378906e+00
6.832658648490905762e-01,3.550079345703125000e+00
1.809654474258422852e+00,2.464157342910766602e+00
1.105472087860107422e+00,2.543302536010742188e+00
1.118774294853210449e+00,4.674520015716552734e+00
2.272833585739135742e+00,3.223637819290161133e+00
1.073371291160583496e+00,4.211352825164794922e+00
2.588945627212524414e+00,6.965739727020263672e+00
1.075080037117004395e+00,2.795578956604003906e+00
1.279419064521789551e+00,1.582674682140350342e-01
1.450873494148254395e+00,7.103500366210937500e-01
1.546588897705078125e+00,4.914850711822509766e+00
1.773640990257263184e+00,1.019106578826904297e+01
9.600403904914855957e-01,-1.869214326143264771e-02
8.661300539970397949e-01,2.753889262676239014e-01
1.920470118522644043e+00,5.309083461761474609e+00
2.387013196945190430e+00,3.045190095901489258e+00
1.886898130178451538e-01,3.617146253585815430e+00
2.014299392700195312e+00,2.968607187271118164e+00
1.846130251884460449e+00,1.678591728210449219e+00
1.217045307159423828e+00,3.018482923507690430e-01
2.390408277511596680e+00,3.948487758636474609e+00
1.522514939308166504e+00,6.447509288787841797e+00
8.059853315353393555e-01,2.460827350616455078e+00
-2.548921704292297363e-01,2.597727537155151367e+00
5.166403651237487793e-01,3.687481164932250977e+00
1.023027062416076660e+00,2.371063709259033203e+00
7.093440890312194824e-01,4.459321498870849609e+00
4.962073564529418945e-01,2.878031015396118164e+00
1.423888802528381348e+00,3.730432510375976562e+00
2.739948749542236328e+00,8.214363098144531250e+00
1.675968885421752930e+00,1.907014131546020508e+00
2.316831827163696289e+00,3.490988016128540039e+00
2.079969167709350586e+00,5.306033492088317871e-01
1.984237790107727051e+00,1.969089031219482422e+00
1.334313273429870605e+00,3.503039181232452393e-01
1.730110049247741699e+00,1.744441151618957520e+00
1.387634634971618652e+00,3.485081911087036133e+00
1.612328648567199707e+00,4.622572422027587891e+00
2.056411027908325195e+00,3.975593805313110352e+00
9.717594981193542480e-01,4.502126216888427734e+00
3.188952207565307617e-01,2.266088724136352539e+00
1.714853286743164062e+00,9.993233680725097656e-01
4.594866633415222168e-01,1.566488146781921387e-01
1.764641046524047852e+00,2.161428689956665039e+00
1.882780790328979492e+00,2.510616064071655273e+00
1.067118167877197266e+00,5.317606925964355469e+00
1.420841693878173828e+00,4.405459880828857422e+00
1.843853712081909180e+00,4.431828022003173828e+00
7.358620762825012207e-01,2.143959760665893555e+00
-1.040819764137268066e+00,8.718062639236450195e-01
7.666377723217010498e-02,8.058359622955322266e-01
1.366255283355712891e+00,-3.383975327014923096e-01
-7.963758707046508789e-01,3.304059267044067383e+00
1.183781623840332031e+00,4.916310787200927734e+00
1.254844784736633301e+00,1.551469564437866211e+00
1.173582553863525391e+00,2.806573629379272461e+00
3.106915354728698730e-01,6.621204376220703125e+00
9.435203075408935547e-01,3.794292211532592773e+00
2.317840576171875000e+00,5.302954912185668945e-01
8.908568322658538818e-02,6.703335285186767578e+00
1.516472101211547852e+00,1.865042209625244141e+00
1.830475687980651855e+00,1.937499642372131348e+00
1.696416139602661133e+00,2.370244264602661133e+00
1.016950488090515137e+00,7.024116992950439453e+00
1.937144756317138672e+00,4.662410259246826172e+00
7.697777152061462402e-01,2.892837524414062500e+00
1.854679107666015625e+00,3.418934583663940430e+00
3.986266255378723145e-01,2.921990156173706055e+00
2.056999683380126953e+00,2.113554954528808594e+00
1.831014990806579590e+00,2.410290956497192383e+00
1.739556908607482910e+00,3.197578489780426025e-01
2.055411577224731445e+00,2.846308469772338867e+00
-1.311932355165481567e-01,3.588515043258666992e+00
2.085561513900756836e+00,1.791201353073120117e+00
1.740014195442199707e+00,3.539528369903564453e+00
1.811347961425781250e+00,5.746872425079345703e-01
1.048233270645141602e+00,5.742222309112548828e+00
1.703213214874267578e+00,5.090045928955078125e+00
1.235746502876281738e+00,9.416917562484741211e-01
3.725888729095458984e-01,2.477470874786376953e+00
9.175446629524230957e-01,1.138864040374755859e+00
2.104438543319702148e+00,7.189328670501708984e+00
2.001712799072265625e+00,4.462121963500976562e+00
1.789622902870178223e+00,1.063184499740600586e+00
1.477426528930664062e+00,1.709690809249877930e+00
1.456705331802368164e+00,5.824398398399353027e-01
4.053953289985656738e-01,2.545849561691284180e+00
-4.703218340873718262e-01,2.435012102127075195e+00
1.503893613815307617e+00,1.797505021095275879e-01
2.368047475814819336e+00,4.584279954433441162e-01
1.918283581733703613e+00,1.934213638305664062e+00
1.038393855094909668e+00,1.746322154998779297e+00
-5.489009022712707520e-01,5.654592514038085938e-01
1.375948071479797363e+00,6.716774463653564453e+00
1.270608782768249512e+00,2.726816415786743164e+00
1.515091538429260254e+00,1.726138472557067871e+00
1.289368867874145508e+00,2.495053529739379883e+00
-4.802312254905700684e-01,2.560148477554321289e+00
3.410988450050354004e-01,5.052047252655029297e+00
1.802464365959167480e+00,6.388956308364868164e-01
1.241482615470886230e+00,4.530836045742034912e-01
2.047536611557006836e+00,5.940076351165771484e+00
1.020245671272277832e+00,2.412254571914672852e+00
1.100356578826904297e+00,2.961345911026000977e+00
8.841982483863830566e-01,1.327205896377563477e+00
1.382384061813354492e+00,4.171958446502685547e+00
-6.540794670581817627e-02,5.438945293426513672e-01
1.192757487297058105e+00,1.443138241767883301e+00
5.602684020996093750e-01,2.436239242553710938e+00
1.878001570701599121e+00,1.605701088905334473e+00
1.696346521377563477e+00,1.485650777816772461e+00
1.901221394538879395e+00,6.412974834442138672e+00
2.321715593338012695e+00,6.026420593261718750e+00
1.817633390426635742e+00,4.911533832550048828e+00
1.670628428459167480e+00,1.477832317352294922e+00
2.744164228439331055e+00,2.074100494384765625e+00
8.965840935707092285e-01,8.732222020626068115e-03
9.045714139938354492e-01,4.352068424224853516e+00
1.311384797096252441e+00,4.724022150039672852e-01
5.814406275749206543e-01,4.434849739074707031e+00
1.948962807655334473e+00,3.409436702728271484e+00
1.000131487846374512e+00,2.360788583755493164e-01
1.297549366950988770e+00,2.418823838233947754e-01
2.319754600524902344e+00,3.024259090423583984e+00
1.731261491775512695e+00,2.403036832809448242e+00
1.143308401107788086e+00,1.240401506423950195e+00
2.022953271865844727e+00,1.474375486373901367e+00
1.089018940925598145e+00,3.074588775634765625e+00
1.632976770401000977e+00,2.435672998428344727e+00
1.876370906829833984e+00,2.566265344619750977e+00
1.423662751913070679e-01,4.899926662445068359e+00
1.329467535018920898e+00,2.077932596206665039e+00
1.346184849739074707e+00,3.437402963638305664e+00
-3.213959336280822754e-01,1.780642032623291016e+00
7.822614908218383789e-01,3.103396892547607422e+00
4.009500145912170410e-01,3.205582857131958008e+00
2.166682481765747070e+00,5.867789745330810547e+00
2.146377325057983398e+00,3.855389356613159180e+00
1.455468535423278809e+00,4.379848003387451172e+00
1.285042762756347656e+00,1.029287099838256836e+00
1.242853760719299316e+00,2.837904691696166992e+00
2.009053707122802734e+00,4.307256221771240234e+00
5.512846112251281738e-01,3.605870485305786133e+00
-1.211714893579483032e-01,2.215025663375854492e+00
9.165521860122680664e-01,3.573502063751220703e+00
1.295255661010742188e+00,1.524043977260589600e-01
1.220499724149703979e-01,2.855923414230346680e+00
7.924853563308715820e-01,4.465057849884033203e+00
9.761511683464050293e-01,3.039283990859985352e+00
1.033979773521423340e+00,1.213780164718627930e+00
2.078534841537475586e+00,6.771709918975830078e+00
6.227694749832153320e-01,2.306026220321655273e+00
1.401202797889709473e+00,4.937935352325439453e+00
1.510811328887939453e+00,3.080989599227905273e+00
1.175499558448791504e+00,3.273164033889770508e+00
5.064226984977722168e-01,3.327503919601440430e+00
1.472006887197494507e-01,2.834089756011962891e+00
1.938403248786926270e+00,5.349373340606689453e+00
7.925702929496765137e-01,3.037556648254394531e+00
1.557902932167053223e+00,1.651586771011352539e+00
-6.887339949607849121e-01,3.171176433563232422e+00
1.606699347496032715e+00,5.929330348968505859e+00
8.498345613479614258e-01,1.709383845329284668e+00
1.878567337989807129e+00,7.253010749816894531e+00
1.091799736022949219e+00,2.205389738082885742e+00
1.928481698036193848e+00,6.668887138366699219e+00
1.935851931571960449e+00,5.773855447769165039e-01
-6.393899023532867432e-02,3.857731103897094727e+00
8.866332173347473145e-01,2.405871152877807617e+00
1.970794439315795898e+00,6.333004474639892578e+00
2.726707935333251953e+00,2.001925230026245117e+00
4.834982752799987793e-01,2.759503602981567383e+00
1.581279635429382324e+00,5.090149402618408203e+00
1.245404720306396484e+00,1.477910637855529785e+00
8.746872544288635254e-01,1.323209881782531738e+00
2.049483776092529297e+00,5.909429073333740234e+00
1.129564642906188965e+00,1.524627447128295898e+00
9.979430437088012695e-01,2.851490259170532227e+00
1.191139340400695801e+00,5.202663898468017578e+00
1.091801404953002930e+00,2.725016117095947266e+00
1.837301850318908691e+00,8.120611906051635742e-01
1.806542754173278809e+00,1.632750272750854492e+00
1.770305037498474121e+00,1.727232933044433594e+00
1.755106210708618164e+00,1.732239842414855957e+00
2.380106449127197266e+00,1.785409688949584961e+00
6.996602416038513184e-01,1.666088104248046875e+00
1.418755292892456055e+00,3.757789134979248047e+00
1.851048350334167480e+00,6.332634687423706055e-01
7.405963540077209473e-01,2.538846969604492188e+00
7.669311165809631348e-01,1.252968192100524902e+00
2.618822813034057617e+00,7.165637016296386719e-01
2.169949769973754883e+00,2.546920061111450195e+00
9.712358713150024414e-01,3.945361077785491943e-01
-5.203621983528137207e-01,2.492878198623657227e+00
1.900884270668029785e+00,6.356302261352539062e+00
2.400793790817260742e+00,1.062620639801025391e+00
1.242554664611816406e+00,4.110063612461090088e-01
1.127167224884033203e+00,1.333236932754516602e+00
1.227091431617736816e+00,1.079548954963684082e+00
2.145549535751342773e+00,1.904307484626770020e+00
1.027888178825378418e+00,3.903918266296386719e-01
7.829210758209228516e-01,3.104794025421142578e+00
1.609102368354797363e+00,3.148789405822753906e+00
1.895908951759338379e+00,1.344256639480590820e+00
1.491057515144348145e+00,4.889071464538574219e+00
1.671131730079650879e+00,7.028453350067138672e-01
2.154509782791137695e+00,3.534666776657104492e+00
2.341991901397705078e+00,1.299307703971862793e+00
1.794260978698730469e+00,2.348064422607421875e+00
1.236343145370483398e+00,3.394789457321166992e+00
2.107752084732055664e+00,5.991251468658447266e+00
-3.353558182716369629e-01,2.006196498870849609e+00
2.178436964750289917e-01,1.531349539756774902e+00
4.937825798988342285e-01,1.773530840873718262e+00
-3.732053637504577637e-01,2.377116441726684570e+00
6.420924067497253418e-01,4.702433586120605469e+00
2.106418848037719727e+00,6.231009006500244141e+00
1.698362350463867188e+00,5.868322849273681641e+00
2.080530881881713867e+00,2.465277433395385742e+00
1.495670795440673828e+00,7.852953433990478516e+00
1.790738701820373535e+00,5.245321750640869141e+00
1.905816316604614258e+00,2.422395467758178711e+00
1.679862022399902344e+00,2.738737344741821289e+00
2.099576711654663086e+00,2.392350912094116211e+00
2.167333602905273438e+00,5.970174789428710938e+00
-1.072597742080688477e+00,4.976417064666748047e+00
4.835691452026367188e-01,1.769387722015380859e+00
1.144400477409362793e+00,4.206998348236083984e+00
8.977870345115661621e-01,4.272112846374511719e+00
1.316169738769531250e+00,3.863453626632690430e+00
1.028164029121398926e+00,8.694050908088684082e-01
1.815291404724121094e+00,1.089123368263244629e+00
1.514738440513610840e+00,-4.338684678077697754e-01
-2.596793770790100098e-01,2.593973398208618164e+00
1.761769413948059082e+00,-4.633305072784423828e-01
2.455731391906738281e+00,6.522357463836669922e+00
1.792234063148498535e+00,4.710961341857910156e+00
1.698225140571594238e+00,8.165052413940429688e+00
7.251376509666442871e-01,1.900380611419677734e+00
1.024582028388977051e+00,1.846391916275024414e+00
-5.014288425445556641e-01,8.852987736463546753e-02
1.166929125785827637e+00,1.912345290184020996e+00
9.367573857307434082e-01,7.356727123260498047e+00
1.896203160285949707e+00,3.544406175613403320e+00
1.372597932815551758e+00,3.980797827243804932e-01
1.142596364021301270e+00,2.394269943237304688e+00
1.912730813026428223e+00,4.306189119815826416e-01
-4.106596112251281738e-01,2.883438110351562500e+00
4.906691312789916992e-01,3.197127342224121094e+00
1.480279088020324707e+00,4.022813796997070312e+00
1.719475746154785156e+00,5.142136812210083008e-01
2.228158712387084961e+00,2.437163829803466797e+00
1.161887526512145996e+00,5.926115512847900391e+00
4.919646382331848145e-01,4.323654651641845703e+00
2.561076641082763672e+00,4.588226079940795898e-01
6.631112098693847656e-01,4.020879268646240234e+00
1.878698348999023438e+00,2.432208776473999023e+00
1.274992942810058594e+00,5.898564457893371582e-01
-2.087273150682449341e-01,1.835458040237426758e+00
1.453391194343566895e+00,1.249353408813476562e+00
1.623063802719116211e+00,5.617848873138427734e+00
1.567416071891784668e+00,3.921493768692016602e+00
2.266831874847412109e+00,4.570224881172180176e-01
1.281867623329162598e+00,5.609164237976074219e+00
2.205248594284057617e+00,4.240979194641113281e+00
5.104303359985351562e-01,2.462593078613281250e+00
-4.500754177570343018e-02,7.687091827392578125e+00
2.924214601516723633e-01,2.246907949447631836e+00
1.720045089721679688e+00,2.406177997589111328e+00
9.379594922065734863e-01,7.183748245239257812e+00
2.392537355422973633e+00,7.014908790588378906e+00
1.423480749130249023e+00,5.066973686218261719e+00
1.493613958358764648e+00,1.733817934989929199e+00
-3.273124694824218750e-01,2.588965892791748047e+00
7.381808757781982422e-01,2.622280359268188477e+00
5.436783432960510254e-01,3.967266559600830078e+00
1.077797651290893555e+00,4.469880104064941406e+00
1.671596646308898926e+00,1.439019441604614258e+00
2.202054262161254883e+00,6.663139343261718750e+00
9.677527844905853271e-02,4.220216274261474609e+00
2.379533290863037109e+00,2.009044885635375977e+00
1.014194011688232422e+00,3.532540082931518555e+00
1.642281055450439453e+00,1.685447812080383301e+00
-7.835608124732971191e-01,3.692257404327392578e+00
2.596141815185546875e+00,2.115012884140014648e+00
2.802576422691345215e-01,2.380411624908447266e+00
1.584689617156982422e+00,2.247917890548706055e+00
1.085060119628906250e+00,1.843895196914672852e+00
-7.889658212661743164e-01,2.252166509628295898e+00
2.240495920181274414e+00,1.383807659149169922e+00
1.996575832366943359e+00,1.672635078430175781e-01
1.265735983848571777e+00,6.894421100616455078e+00
6.980203986167907715e-01,1.961032152175903320e+00
1.113951563835144043e+00,7.671300411224365234e+00
1.818151831626892090e+00,6.371338367462158203e+00
1.261564970016479492e+00,5.023675441741943359e+00
1.587555885314941406e+00,6.106146335601806641e+00
1.008712172508239746e+00,4.454547882080078125e+00
1.967443823814392090e+00,2.003496646881103516e+00
-7.486866116523742676e-01,2.601867914199829102e+00
1.623849868774414062e+00,3.475382924079895020e-01
6.812489628791809082e-01,1.179942488670349121e+00
1.628174424171447754e+00,1.991519451141357422e+00
1.203009724617004395e+00,1.824940443038940430e+00
1.597019672393798828e+00,1.399977564811706543e+00
2.526345014572143555e+00,3.930500745773315430e+00
6.483486294746398926e-01,3.230979442596435547e+00
1.398862481117248535e+00,8.254563212394714355e-01
-5.986234545707702637e-01,1.655863046646118164e+00
1.033230900764465332e+00,2.046865940093994141e+00
1.865958452224731445e+00,1.029199883341789246e-01
2.447469949722290039e+00,2.835648536682128906e+00
1.842362284660339355e+00,1.352329015731811523e+00
1.273181438446044922e+00,4.579215526580810547e+00
-2.748421430587768555e-01,2.268096208572387695e+00
1.486476421356201172e+00,6.199841499328613281e-01
1.362417697906494141e+00,1.509336590766906738e+00
1.072411179542541504e+00,1.285332560539245605e+00
1.694244384765625000e+00,6.674006462097167969e+00
7.982084155082702637e-01,4.239293575286865234e+00
1.109063029289245605e+00,5.433398723602294922e+00
7.112842202186584473e-01,1.722014904022216797e+00
7.892260551452636719e-01,1.200187444686889648e+00
1.273930549621582031e+00,1.354377388954162598e+00
5.046222209930419922e-01,4.499374628067016602e-01
1.127398848533630371e+00,4.132485866546630859e+00
1.606870293617248535e+00,6.906391382217407227e-01
1.092778086662292480e+00,3.782548308372497559e-01
2.065219879150390625e+00,9.002646446228027344e+00
1.292437076568603516e+00,5.389935970306396484e+00
6.383219957351684570e-01,9.300949573516845703e-01
1.836363434791564941e+00,5.972836971282958984e+00
2.220341920852661133e+00,3.280547380447387695e+00
1.814169734716415405e-01,2.916785717010498047e+00
1.978353857994079590e+00,2.879807233810424805e+00
1.177218675613403320e+00,6.068073272705078125e+00
1.220011115074157715e+00,4.912621498107910156e+00
1.824118375778198242e+00,1.436708688735961914e+00
1.688914656639099121e+00,-1.198549345135688782e-01
2.128388404846191406e+00,1.902684688568115234e+00
1.495743274688720703e+00,5.183162689208984375e+00
2.224890947341918945e+00,8.706853389739990234e-01
2.172772645950317383e+00,2.380652904510498047e+00
1.574923247098922729e-01,4.931969165802001953e+00
1.990545392036437988e+00,2.298519134521484375e+00
1.684148430824279785e+00,1.089134097099304199e+00
1.694385051727294922e+00,-2.519519329071044922e-01
4.572665095329284668e-01,2.767832279205322266e+00
9.016528129577636719e-01,1.780015230178833008e+00
1.415208697319030762e+00,4.986314296722412109e+00
1.895419955253601074e+00,2.959007740020751953e+00
1.534710645675659180e+00,2.074009895324707031e+00
4.186030626296997070e-01,3.226149320602416992e+00
9.876366257667541504e-01,2.268506288528442383e+00
2.075956106185913086e+00,2.278963327407836914e+00
2.799748778343200684e-01,1.356058955192565918e+00
-3.963668644428253174e-02,1.097349286079406738e+00
1.070568680763244629e+00,3.566470384597778320e+00
8.990874290466308594e-01,4.213044166564941406e+00
1.537473559379577637e+00,5.042242527008056641e+00
1.934850215911865234e+00,5.896089076995849609e+00
8.062288165092468262e-01,4.369692325592041016e+00
-4.159392118453979492e-01,2.176976919174194336e+00
1.606788396835327148e+00,1.029908418655395508e+00
1.801584601402282715e+00,4.289537429809570312e+00
9.766628146171569824e-01,1.946926236152648926e+00
1.950338006019592285e+00,4.234701633453369141e+00
1.892661333084106445e+00,2.522639513015747070e+00
7.807693481445312500e-01,7.316162586212158203e+00
1.547008991241455078e+00,4.927865505218505859e+00
1.430262446403503418e+00,3.153034746646881104e-01
1.172871112823486328e+00,3.161132097244262695e+00
1.591963291168212891e+00,4.493841171264648438e+00
4.483566619455814362e-03,3.215003728866577148e+00
1.543257951736450195e+00,1.751378774642944336e-01
1.787719368934631348e+00,1.998370647430419922e+00
1.247653126716613770e+00,3.945249795913696289e+00
-9.810997545719146729e-02,4.034748077392578125e+00
1.040596246719360352e+00,4.039721965789794922e+00
1.348138332366943359e+00,4.044929504394531250e+00
1.347550749778747559e+00,6.654903411865234375e+00
1.583610177040100098e+00,6.146402835845947266e+00
1.008276224136352539e+00,3.187251329421997070e+00
1.106455206871032715e+00,6.397285461425781250e-01
2.208647251129150391e+00,3.459763288497924805e+00
-4.208784699440002441e-01,1.226529836654663086e+00
8.842634558677673340e-01,2.752261400222778320e+00
-7.744525074958801270e-01,1.784687042236328125e+00
1.203068375587463379e+00,2.418187856674194336e+00
1.730038762092590332e+00,1.774042129516601562e+00
1.651419878005981445e+00,2.253946781158447266e+00
1.667001843452453613e+00,3.036983489990234375e+00
6.833347678184509277e-01,1.237285232543945312e+01
1.223708987236022949e+00,5.945288538932800293e-01
1.190105080604553223e+00,3.585076570510864258e+00
1.337198257446289062e+00,7.080248594284057617e-01
1.508832097053527832e+00,4.494524478912353516e+00
1.875422954559326172e+00,4.673743247985839844e+00
-2.290911972522735596e-02,4.277918815612792969e+00
1.187625885009765625e+00,-5.120567083358764648e-01
8.367790579795837402e-01,3.246814012527465820e+00
2.446559190750122070e+00,9.440827965736389160e-01
1.298348307609558105e+00,3.751123666763305664e+00
8.804853558540344238e-01,2.622140169143676758e+00
6.412077546119689941e-01,2.592746973037719727e+00
-8.503407239913940430e-01,2.903255462646484375e+00
5.905490517616271973e-01,2.567785263061523438e+00
1.357628941535949707e+00,4.660026073455810547e+00
1.171324729919433594e+00,4.372707366943359375e+00
-3.875078558921813965e-01,2.304567575454711914e+00
1.628018021583557129e+00,1.905066490173339844e+00
1.485329151153564453e+00,6.137349605560302734e+00
4.431902170181274414e-01,1.441956281661987305e+00
-9.672279655933380127e-02,5.441812992095947266e+00
1.167543411254882812e+00,4.506237506866455078e-01
9.840545654296875000e-01,5.604796886444091797e+00
3.904747366905212402e-01,2.224765777587890625e+00
1.510534048080444336e+00,4.695307731628417969e+00
1.836967468261718750e+00,7.099996805191040039e-01
-5.492689013481140137e-01,2.243472039699554443e-01
2.232771873474121094e+00,3.439365148544311523e+00
1.109315514564514160e+00,5.988366603851318359e+00
1.239801406860351562e+00,4.864918708801269531e+00
9.411528706550598145e-01,4.326130390167236328e+00
2.055609464645385742e+00,2.041552305221557617e+00
1.157999634742736816e+00,1.084110379219055176e+00
2.756913900375366211e-01,1.634050250053405762e+00
7.028805613517761230e-01,2.437943220138549805e+00
1.667688608169555664e+00,8.252989768981933594e+00
1.463010430335998535e+00,3.289199829101562500e+00
-2.617527544498443604e-02,-8.105315268039703369e-03
-1.533255130052566528e-01,4.309512078762054443e-01
1.492421269416809082e+00,5.235751628875732422e+00
2.365645647048950195e+00,2.840265035629272461e+00
-5.055303871631622314e-02,1.544036149978637695e+00
2.196748495101928711e+00,7.853900194168090820e-01
1.080542445182800293e+00,4.321947574615478516e+00
6.403327584266662598e-01,3.065661668777465820e+00
1.159832812845706940e-03,4.010933876037597656e+00
1.971104741096496582e+00,3.158183097839355469e+00
8.266006410121917725e-02,3.377885103225708008e+00
2.371594667434692383e+00,6.176998615264892578e-01
1.995214939117431641e+00,2.393347024917602539e+00
9.474422335624694824e-01,4.248510599136352539e-01
1.014113545417785645e+00,3.248617649078369141e+00
2.913053035736083984e+00,7.953068733215332031e+00
-4.288956522941589355e-01,3.483120441436767578e+00
5.408629179000854492e-01,2.875659227371215820e+00
1.852264285087585449e+00,5.932621479034423828e+00
1.631330132484436035e+00,6.082581043243408203e+00
1.123889088630676270e+00,3.040998220443725586e+00
1.509269595146179199e+00,1.935883998870849609e+00
9.717507362365722656e-01,2.545130491256713867e+00
1.821085572242736816e+00,2.719642877578735352e+00
1.820125818252563477e+00,4.378038346767425537e-01
1.601688385009765625e+00,4.552514255046844482e-01
-1.009831577539443970e-01,1.142820239067077637e+00
8.969168663024902344e-01,5.703896045684814453e+00
5.157210230827331543e-01,2.435439348220825195e+00
1.078478574752807617e+00,9.042882919311523438e+00
1.316399455070495605e+00,8.054445266723632812e+00
1.191409826278686523e+00,1.782957077026367188e+00
2.748335599899291992e+00,4.364441871643066406e+00
1.022044301033020020e+00,1.063608527183532715e+00
7.030132412910461426e-01,2.094034194946289062e+00
9.924457669258117676e-01,4.591014862060546875e+00
1.514181733131408691e+00,5.304723262786865234e+00
1.937412500381469727e+00,1.770254611968994141e+00
1.143389821052551270e+00,3.809942007064819336e+00
1.719650626182556152e+00,5.661131381988525391e+00
1.779986381530761719e+00,3.225502252578735352e+00
1.872240424156188965e+00,4.480978548526763916e-01
1.816041588783264160e+00,2.025066614151000977e+00
1.541375637054443359e+00,1.492477774620056152e+00
-4.779774546623229980e-01,2.130616664886474609e+00
2.530281782150268555e+00,2.226293802261352539e+00
1.291568040847778320e+00,5.743189901113510132e-02
2.035188913345336914e+00,2.135165929794311523e+00
1.390514135360717773e+00,2.435981273651123047e+00
5.243857502937316895e-01,8.717558383941650391e-01
1.322492480278015137e+00,1.737372279167175293e+00
8.066657781600952148e-01,4.056052207946777344e+00
-1.219926834106445312e+00,4.663631439208984375e+00
2.436518430709838867e+00,3.189476728439331055e-01
1.740593791007995605e+00,6.722960472106933594e+00
-7.040969729423522949e-01,2.801503419876098633e+00
-5.240214467048645020e-01,8.456824421882629395e-01
1.073270678520202637e+00,4.326466083526611328e+00
1.604597210884094238e+00,-6.596986055374145508e-01
1.169037461280822754e+00,5.482353210449218750e+00
1.330449581146240234e+00,5.624882876873016357e-03
1.258344411849975586e+00,4.189577579498291016e+00
1.678651452064514160e+00,1.264295220375061035e+00
-1.932915598154067993e-01,-2.875209599733352661e-02
-2.290987521409988403e-01,1.994708895683288574e+00
1.971170067787170410e+00,1.870948553085327148e+00
1.113577485084533691e+00,5.989492893218994141e+00
1.300703763961791992e+00,8.258009910583496094e+00
2.249529838562011719e+00,1.455785036087036133e+00
3.113942146301269531e-01,3.178432703018188477e+00
1.842956900596618652e+00,1.586617708206176758e+00
1.047865003347396851e-01,2.862319946289062500e+00
-3.647226691246032715e-01,4.560414552688598633e-01
7.258000373840332031e-01,2.078338861465454102e+00
1.716757535934448242e+00,5.711489200592041016e+00
-7.751750349998474121e-01,2.046474218368530273e+00
6.711767613887786865e-02,3.801551342010498047e+00
1.702615022659301758e+00,3.048407286405563354e-02
1.572225570678710938e+00,5.258001804351806641e+00
1.602532386779785156e+00,9.875985383987426758e-01
1.752719521522521973e+00,1.278684973716735840e+00
1.946678042411804199e+00,1.187704801559448242e+00
1.946786999702453613e+00,5.921882152557373047e+00
6.063342690467834473e-01,1.790543079376220703e+00
6.097782254219055176e-01,3.256909608840942383e+00
1.472107410430908203e+00,-3.173537552356719971e-03
1.156781673431396484e+00,7.911962270736694336e-01
1.051999807357788086e+00,1.096750855445861816e+00
1.995111703872680664e+00,2.300987005233764648e+00
9.203000068664550781e-01,7.278798818588256836e-01
2.798583269119262695e+00,2.235995531082153320e+00
-3.349649906158447266e-01,3.410129785537719727e+00
1.431266307830810547e+00,4.841234683990478516e+00
2.037010431289672852e+00,1.694928050041198730e+00
1.576504588127136230e+00,1.159963130950927734e+00
9.272862076759338379e-01,5.220502376556396484e+00
1.675625681877136230e+00,2.142101764678955078e+00
1.000653147697448730e+00,5.150267124176025391e+00
2.477531194686889648e+00,2.423057556152343750e-01
1.763820767402648926e+00,1.435322284698486328e+00
1.460953354835510254e+00,3.635030031204223633e+00
-5.619260668754577637e-01,2.746474266052246094e+00
1.325676202774047852e+00,9.432761669158935547e-01
2.153407573699951172e+00,1.222088694572448730e+00
1.092390894889831543e+00,3.151379823684692383e+00
1.404835700988769531e+00,4.728879928588867188e+00
1.075794100761413574e+00,5.600303411483764648e-01
1.757743597030639648e+00,1.536250948905944824e+00
-5.003315806388854980e-01,1.185023546218872070e+00
-4.487361907958984375e-01,1.554001092910766602e+00
2.056504011154174805e+00,3.269371509552001953e+00
8.110798001289367676e-01,5.268522739410400391e+00
1.221137762069702148e+00,5.906594395637512207e-01
1.680086970329284668e+00,1.447479844093322754e+00
6.714378595352172852e-01,3.435608625411987305e+00
1.786006093025207520e+00,4.701940536499023438e+00
-5.225487351417541504e-01,1.551316022872924805e+00
1.819344758987426758e+00,1.465897560119628906e+00
1.313466787338256836e+00,1.476079106330871582e+00
9.191818833351135254e-01,1.442462801933288574e+00
2.388383865356445312e+00,5.208197593688964844e+00
5.059505701065063477e-01,2.478203296661376953e+00
1.567509412765502930e+00,6.154603481292724609e+00
1.666249752044677734e+00,4.224994182586669922e+00
2.461952209472656250e+00,2.931303024291992188e+00
1.152792453765869141e+00,4.667569637298583984e+00
1.676202535629272461e+00,9.612159729003906250e-01
2.116076231002807617e+00,3.139522373676300049e-01
1.533007621765136719e+00,1.155218362808227539e+00
1.872049212455749512e+00,7.985310077667236328e+00
1.150112032890319824e+00,2.905168533325195312e+00
1.535892367362976074e+00,4.034245014190673828e+00
1.960542321205139160e+00,7.142044067382812500e+00
1.729892611503601074e+00,1.478578090667724609e+00
2.317032575607299805e+00,5.977470874786376953e-01
2.022112846374511719e+00,3.457241296768188477e+00
1.650764107704162598e+00,4.951677799224853516e+00
8.796464800834655762e-01,1.928082942962646484e+00
1.462179422378540039e+00,2.948230028152465820e+00
1.570260763168334961e+00,5.242167711257934570e-01
2.320825099945068359e+00,6.065404415130615234e+00
9.832242131233215332e-01,4.618294239044189453e+00
1.165500760078430176e+00,6.835921287536621094e+00
2.078930377960205078e+00,3.321219682693481445e+00
2.126745939254760742e+00,7.049953937530517578e+00
1.181920289993286133e+00,2.585905790328979492e+00
1.848517298698425293e+00,9.896219253540039062e+00
1.314595818519592285e+00,1.125447869300842285e+00
1.958753943443298340e+00,4.291741847991943359e+00
5.135157704353332520e-01,3.915816307067871094e+00
9.971110820770263672e-01,8.751780986785888672e-01
2.340013265609741211e+00,6.480326652526855469e-01
8.540130257606506348e-01,4.239859580993652344e+00
2.472100734710693359e+00,5.339169979095458984e+00
1.399465799331665039e+00,5.179372310638427734e+00
1.459688782691955566e+00,-4.477337747812271118e-02
2.902003765106201172e+00,5.600257396697998047e+00
2.123898744583129883e+00,7.269424200057983398e-01
1.644474506378173828e+00,3.922987699508666992e+00
1.605742692947387695e+00,1.009832000732421875e+01
7.408182621002197266e-01,8.117684364318847656e+00
1.691764950752258301e+00,9.428049087524414062e+00
2.061851501464843750e+00,3.318419218063354492e+00
1.191293120384216309e+00,9.370942115783691406e-01
1.856825947761535645e+00,6.649703979492187500e+00
-2.433825284242630005e-01,5.322617292404174805e-01
1.579732775688171387e+00,5.207667350769042969e+00
1.533499717712402344e+00,6.088285923004150391e+00
1.264513850212097168e+00,6.679340839385986328e+00
2.240966796875000000e+00,6.079008579254150391e+00
2.395003557205200195e+00,2.663346052169799805e+00
1.349914669990539551e+00,3.179548740386962891e+00
1.705601811408996582e+00,1.879090905189514160e+00
1.270260095596313477e+00,3.782150506973266602e+00
1.550734758377075195e+00,3.992691278457641602e+00
1.584805727005004883e+00,1.792476654052734375e+00
1.450755953788757324e+00,4.132607460021972656e+00
1.788189768791198730e+00,6.783376216888427734e+00
1.386572480201721191e+00,4.638318538665771484e+00
1.419962167739868164e+00,5.225939750671386719e+00
2.295144796371459961e+00,2.546345949172973633e+00
1.298083066940307617e+00,1.444464206695556641e+00
1.396658420562744141e+00,4.016996860504150391e+00
2.131221294403076172e+00,1.510997653007507324e+00
2.172081232070922852e+00,2.302828311920166016e+00
1.571483016014099121e+00,4.916249752044677734e+00
1.108720898628234863e+00,9.246594905853271484e-01
2.279301881790161133e+00,4.224850177764892578e+00
4.032073020935058594e-01,4.725852012634277344e+00
-5.449934601783752441e-01,2.607203483581542969e+00
1.829561829566955566e+00,5.355505466461181641e+00
1.836681962013244629e+00,1.438109517097473145e+00
2.074765920639038086e+00,5.221746921539306641e+00
-4.510038495063781738e-01,1.420894861221313477e+00
1.360176920890808105e+00,6.488479614257812500e+00
2.249628782272338867e+00,2.810857534408569336e+00
2.373201131820678711e+00,2.697676420211791992e+00
8.136143088340759277e-01,3.139625310897827148e+00
1.450381159782409668e+00,9.922951459884643555e-01
1.923709034919738770e+00,3.799754858016967773e+00
1.345557093620300293e+00,2.967954874038696289e+00
1.063400387763977051e+00,4.516492366790771484e+00
1.929133892059326172e+00,5.846166133880615234e+00
2.030993461608886719e+00,5.440952777862548828e-01
1.838175058364868164e+00,4.919884204864501953e+00
1.996888756752014160e+00,2.610999345779418945e+00
8.960505127906799316e-01,7.580282688140869141e-01
2.000990629196166992e+00,1.761165857315063477e+00
1.259484171867370605e+00,2.652459740638732910e-01
1.380635261535644531e+00,7.720311880111694336e-01
1.929715156555175781e+00,4.657573223114013672e+00
1.546625971794128418e+00,4.563674449920654297e+00
1.081755280494689941e+00,2.293147087097167969e+00
1.919989824295043945e+00,3.886028230190277100e-01
1.399185776710510254e+00,1.220240831375122070e+00
-5.784869194030761719e-01,1.226224422454833984e+00
1.334791064262390137e+00,9.303430318832397461e-01
2.133415460586547852e+00,9.093873202800750732e-03
7.949627041816711426e-01,4.150988101959228516e+00
1.535704582929611206e-01,5.142666816711425781e+00
2.248163670301437378e-01,4.439597606658935547e+00
2.249373674392700195e+00,2.883457899093627930e+00
1.244696736335754395e+00,6.995660066604614258e-01
9.941409826278686523e-01,1.078436970710754395e+00
9.848945736885070801e-01,4.200390338897705078e+00
2.002263307571411133e+00,5.458845138549804688e+00
1.368656516075134277e+00,8.081843256950378418e-01
1.882132053375244141e+00,3.567051142454147339e-02
1.912025094032287598e+00,6.172025203704833984e+00
1.522142648696899414e+00,7.874527454376220703e+00
5.182207226753234863e-01,7.136929035186767578e+00
6.473010182380676270e-01,-1.187569648027420044e-02
2.210758447647094727e+00,1.880200862884521484e+00
1.344783425331115723e+00,1.452938675880432129e+00
-5.859138071537017822e-02,3.019255876541137695e+00
-7.879239916801452637e-01,2.257769107818603516e+00
1.008712887763977051e+00,1.790409207344055176e+00
4.230847954750061035e-01,2.381954669952392578e+00
1.002125144004821777e+00,3.830359697341918945e+00
1.850726604461669922e+00,9.935237765312194824e-01
1.050269722938537598e+00,4.213442325592041016e+00
-1.329360753297805786e-01,1.393667459487915039e+00
1.284752011299133301e+00,4.289585590362548828e+00
2.317658513784408569e-01,2.001795768737792969e+00
1.232884049415588379e+00,1.724379062652587891e+00
1.011453747749328613e+00,5.092559456825256348e-01
1.694017767906188965e+00,6.488994359970092773e-01
1.850994944572448730e+00,2.400681257247924805e+00
2.124682188034057617e+00,2.884644269943237305e+00
1.288783073425292969e+00,1.793618202209472656e+00
8.644591271877288818e-02,6.873031139373779297e+00
1.971881151199340820e+00,3.357947587966918945e+00
2.751451730728149414e+00,2.588920116424560547e+00
1.578480839729309082e+00,4.883316516876220703e+00
1.577417135238647461e+00,1.751223087310791016e+00
1.899632692337036133e+00,2.084919452667236328e+00
2.307852268218994141e+00,3.510178327560424805e-01
-7.383539341390132904e-03,2.244676351547241211e+00
7.583882808685302734e-01,1.284441590309143066e+00
6.422416567802429199e-01,3.419463872909545898e+00
1.423844337463378906e+00,4.746654033660888672e+00
1.577480077743530273e+00,2.059539556503295898e+00
1.413842082023620605e+00,5.055908679962158203e+00
1.484243035316467285e+00,2.555711030960083008e+00
8.713015913963317871e-01,-1.024977639317512512e-01
8.850846290588378906e-01,1.957008361816406250e+00
1.169803977012634277e+00,5.410521507263183594e+00
1.827044844627380371e+00,1.395640134811401367e+00
1.946175813674926758e+00,5.011630535125732422e+00
9.755882620811462402e-01,6.567114353179931641e+00
-7.539316415786743164e-01,2.351685047149658203e+00
2.135025501251220703e+00,3.643335580825805664e+00
-7.232212424278259277e-01,3.955574512481689453e+00
1.451349258422851562e+00,3.257613420486450195e+00
2.437863111495971680e+00,4.163476467132568359e+00
1.551536321640014648e+00,4.810432910919189453e+00
2.313055753707885742e+00,3.228627443313598633e+00
1.610064029693603516e+00,3.007257699966430664e+00
2.168672084808349609e+00,1.156540155410766602e+00
1.988335728645324707e+00,5.030101299285888672e+00
1.946885466575622559e+00,2.559077501296997070e+00
1.439249038696289062e+00,3.763100862503051758e+00
2.294317960739135742e+00,6.052873611450195312e+00
2.201204538345336914e+00,1.643768906593322754e+00
7.821686267852783203e-01,1.244223117828369141e+00
1.342717051506042480e+00,2.774615287780761719e+00
1.192685723304748535e+00,2.573416471481323242e+00
1.530427932739257812e+00,2.951567649841308594e+00
7.674784660339355469e-01,3.992819070816040039e+00
1.233793258666992188e+00,4.208768308162689209e-01
1.207584738731384277e+00,2.024642229080200195e+00
1.949179768562316895e+00,5.995835781097412109e+00
1.284537434577941895e+00,1.112652778625488281e+00
1.781750082969665527e+00,1.691515445709228516e+00
4.856142401695251465e-01,4.124777317047119141e+00
1.806430459022521973e+00,3.185495138168334961e+00
1.507995605468750000e+00,5.187915325164794922e+00
2.555919408798217773e+00,2.309714078903198242e+00
1.585751414299011230e+00,1.579216241836547852e+00
6.658952832221984863e-01,3.378466844558715820e+00
1.554903149604797363e+00,2.300259470939636230e-01
1.605396747589111328e+00,-1.125643327832221985e-01
1.012201666831970215e+00,1.782935142517089844e+00
2.274087667465209961e+00,4.935245037078857422e+00
9.303913712501525879e-01,4.652384281158447266e+00
-2.108145505189895630e-01,1.241976022720336914e+00
1.998524427413940430e+00,1.477599620819091797e+00
1.766754865646362305e+00,-3.224737644195556641e-01
2.286556243896484375e+00,2.281864404678344727e+00
1.514849901199340820e+00,1.721191167831420898e+00
1.795832633972167969e+00,4.752667248249053955e-01
2.491636276245117188e+00,2.087340116500854492e+00
1.405003786087036133e+00,3.800110340118408203e+00
1.084681391716003418e+00,1.282649993896484375e+00
6.423060894012451172e-01,1.579201102256774902e+00
1.731538653373718262e+00,5.394904136657714844e+00
2.127026796340942383e+00,2.271024942398071289e+00
1.506792783737182617e+00,1.809687852859497070e+00
1.157060980796813965e+00,1.353909492492675781e+00
1.631338357925415039e+00,6.697994232177734375e+00
1.488960146903991699e+00,1.028993725776672363e+00
5.320146679878234863e-01,2.749043226242065430e+00
3.923228979110717773e-01,1.827645897865295410e+00
2.211426973342895508e+00,2.247597217559814453e+00
2.164198637008666992e+00,7.481358528137207031e+00
1.132188796997070312e+00,3.555957674980163574e-01
1.146804690361022949e+00,4.660002708435058594e+00
1.234799504280090332e+00,1.708880960941314697e-01
2.166390180587768555e+00,3.937868356704711914e+00
1.114980697631835938e+00,3.076800107955932617e+00
2.307667493820190430e+00,6.312749385833740234e+00
1.677544474601745605e+00,2.039191961288452148e+00
1.789567589759826660e+00,6.583751201629638672e+00
1.522813796997070312e+00,5.004266500473022461e-01
8.739386200904846191e-01,2.496505022048950195e+00
9.512507915496826172e-01,3.863858699798583984e+00
1.097934722900390625e+00,4.095302104949951172e+00
-1.847583800554275513e-01,3.415630340576171875e+00
-1.931277662515640259e-01,2.142163276672363281e+00
-5.398883223533630371e-01,-3.724233061075210571e-02
2.026878595352172852e+00,2.820968866348266602e+00
1.688214898109436035e+00,3.633205175399780273e+00
-7.313860952854156494e-02,7.606738209724426270e-01
8.543584942817687988e-01,4.111325263977050781e+00
2.037947654724121094e+00,3.683608293533325195e+00
-1.592995077371597290e-01,2.261629819869995117e+00
1.813118696212768555e+00,3.285097330808639526e-02
7.057284116744995117e-01,1.359096467494964600e-01
1.513690948486328125e+00,2.459664583206176758e+00
1.565978169441223145e+00,6.028327465057373047e+00
2.612916707992553711e+00,1.024520993232727051e+00
1.585353732109069824e+00,1.315980911254882812e+00
1.816681027412414551e+00,1.992815256118774414e+00
2.392027616500854492e+00,2.880618333816528320e+00
1.268139243125915527e+00,1.752407670021057129e+00
2.130644768476486206e-01,2.463724851608276367e+00
1.327656030654907227e+00,4.407697021961212158e-01
1.006693720817565918e+00,2.370300769805908203e+00
1.106728196144104004e+00,4.907449185848236084e-01
1.360640168190002441e+00,5.148185253143310547e+00
1.794324398040771484e+00,2.032751560211181641e+00
1.899238586425781250e+00,2.659574270248413086e+00
1.312746405601501465e+00,3.070857286453247070e+00
1.809069037437438965e+00,1.134105491638183594e+01
1.754655122756958008e+00,1.955501079559326172e+00
1.654572606086730957e+00,1.037174224853515625e+01
3.775756955146789551e-01,2.012721061706542969e+00
1.372886180877685547e+00,1.450118660926818848e+00
9.960232973098754883e-01,7.018262863159179688e+00
2.124708890914916992e+00,3.341911554336547852e+00
1.062374472618103027e+00,8.114550113677978516e-01
1.402958273887634277e+00,2.668966054916381836e+00
2.036827564239501953e+00,4.783804416656494141e+00
-4.063936471939086914e-01,1.281324267387390137e+00
2.280130147933959961e+00,1.371686220169067383e+00
1.058238029479980469e+00,3.742736577987670898e+00
1.989906787872314453e+00,2.080882549285888672e+00
1.327605962753295898e+00,6.851236224174499512e-01
1.357711911201477051e+00,3.482963800430297852e+00
7.582553625106811523e-01,3.853078365325927734e+00
1.337776780128479004e+00,4.589560508728027344e+00
1.594164490699768066e+00,6.526235103607177734e+00
1.248136878013610840e+00,5.569131851196289062e+00
1.575340628623962402e+00,4.538526535034179688e+00
1.979616761207580566e+00,1.922891020774841309e+00
1.923598647117614746e+00,1.124487161636352539e+00
-4.595724940299987793e-01,2.796812772750854492e+00
4.737488627433776855e-01,3.603262901306152344e+00
1.509377717971801758e+00,5.016201138496398926e-01
1.498087525367736816e+00,4.662489891052246094e-01
2.099174499511718750e+00,4.495940685272216797e+00
8.725009560585021973e-01,2.319063425064086914e+00
8.392584919929504395e-01,1.498912930488586426e+00
1.689016103744506836e+00,1.535739660263061523e+00
2.368511438369750977e+00,2.604323148727416992e+00
1.919684648513793945e+00,3.978436708450317383e+00
9.690192341804504395e-01,3.883490085601806641e+00
-8.673997223377227783e-02,3.123350858688354492e+00
2.610936164855957031e+00,5.007554054260253906e+00
1.329585790634155273e+00,4.250236988067626953e+00
9.757215976715087891e-01,3.788927555084228516e+00
1.925432801246643066e+00,2.006937503814697266e+00
2.307688713073730469e+00,2.171930313110351562e+00
7.431632876396179199e-01,2.309002399444580078e+00
1.783589720726013184e+00,2.395746946334838867e+00
1.079649686813354492e+00,1.493911504745483398e+00
2.001512527465820312e+00,8.829119682312011719e+00
2.145054578781127930e+00,2.080133438110351562e+00
2.581849098205566406e+00,3.972708463668823242e+00
9.857157468795776367e-01,1.484496831893920898e+00
1.133691191673278809e+00,4.155318737030029297e+00
1.190348386764526367e+00,3.681370258331298828e+00
2.615331649780273438e+00,7.340990543365478516e+00
1.866850703954696655e-01,3.828357696533203125e+00
1.193218111991882324e+00,9.134584665298461914e-01
1.297578930854797363e+00,3.231219530105590820e+00
1.008770823478698730e+00,6.044765114784240723e-01
6.940943002700805664e-01,3.176399230957031250e+00
2.043993234634399414e+00,7.772000789642333984e+00
1.966473340988159180e+00,6.587623119354248047e+00
-1.924575120210647583e-01,3.593273401260375977e+00
1.321133613586425781e+00,4.753721714019775391e+00
6.023492217063903809e-01,1.952918171882629395e+00
1.778760552406311035e+00,1.796290636062622070e+00
4.998593926429748535e-01,2.878176689147949219e+00
1.257320761680603027e+00,3.739994287490844727e+00
1.479251384735107422e+00,9.657456874847412109e-01
5.592649579048156738e-01,2.566115856170654297e+00
1.639948010444641113e+00,1.085100054740905762e+00
7.863270044326782227e-01,2.093327522277832031e+00
9.464543461799621582e-01,1.829398632049560547e+00
1.488508343696594238e+00,1.456356763839721680e+00
-2.657245397567749023e-01,2.831911325454711914e+00
1.744868636131286621e+00,4.053660869598388672e+00
2.069613695144653320e+00,5.448965072631835938e+00
3.693922758102416992e-01,3.167165040969848633e+00
1.032474040985107422e+00,2.889454126358032227e+00
2.533898949623107910e-01,1.268793582916259766e+00
2.015519380569458008e+00,5.120511054992675781e+00
1.221008896827697754e+00,3.158153057098388672e+00
1.643332093954086304e-01,3.358533620834350586e+00
-4.399979114532470703e-01,-6.922695785760879517e-02
1.980096220970153809e+00,5.881318569183349609e+00
6.243279576301574707e-01,3.674768209457397461e+00
2.144944667816162109e+00,2.959798097610473633e+00
1.560551524162292480e+00,2.005364418029785156e+00
4.895805120468139648e-01,5.412198066711425781e+00
1.699149131774902344e+00,5.187105178833007812e+00
4.796448945999145508e-01,3.420090198516845703e+00
1.783316731452941895e+00,1.550323724746704102e+00
1.809830784797668457e+00,4.721041321754455566e-01
1.307529330253601074e+00,4.220331668853759766e+00
1.764520764350891113e+00,1.496605515480041504e+00
4.361544847488403320e-01,2.908344030380249023e+00
1.330545783042907715e+00,2.598861455917358398e+00
1.572400689125061035e+00,2.797151803970336914e+00
2.114739418029785156e+00,5.430094003677368164e-01
3.508417606353759766e-01,2.329787254333496094e+00
-4.237204790115356445e-01,2.387968778610229492e+00
8.493102788925170898e-01,2.269907236099243164e+00
6.490122675895690918e-01,2.646218299865722656e+00
-8.846726268529891968e-05,4.272510051727294922e+00
-2.069672495126724243e-01,1.215584993362426758e+00
1.326552867889404297e+00,6.452258586883544922e+00
2.284440517425537109e+00,5.882252216339111328e+00
1.828699946403503418e+00,6.667996883392333984e+00
1.766900300979614258e+00,4.769885540008544922e+00
1.492429852485656738e+00,3.063024044036865234e+00
1.787060379981994629e+00,5.643160343170166016e+00
1.493961334228515625e+00,1.511771440505981445e+00
1.330305337905883789e+00,2.864820718765258789e+00
9.506950974464416504e-01,6.798774003982543945e-01
-1.790986210107803345e-01,3.273928880691528320e+00
1.890847086906433105e+00,2.186189889907836914e+00
2.464723348617553711e+00,3.290693283081054688e+00
1.070856213569641113e+00,2.375523328781127930e+00
-6.654351353645324707e-01,3.324629545211791992e+00
-7.458211481571197510e-02,2.729665994644165039e+00
1.409899830818176270e+00,1.625482320785522461e+00
2.611850976943969727e+00,1.053779220581054688e+01
-4.016525149345397949e-01,4.050182551145553589e-02
2.336977481842041016e+00,1.400251269340515137e+00
1.225562572479248047e+00,2.946706414222717285e-01
1.930304646492004395e+00,5.288092136383056641e+00
1.109790682792663574e+00,4.770254194736480713e-01
1.577406525611877441e+00,3.888000249862670898e+00
1.564741969108581543e+00,2.947456598281860352e+00
2.414037466049194336e+00,2.063020467758178711e+00
2.021454572677612305e+00,1.215841054916381836e+00
-2.818965911865234375e-01,3.930758714675903320e+00
1.502217173576354980e+00,1.360747814178466797e+00
7.815274000167846680e-01,1.159502744674682617e+00
1.637952208518981934e+00,2.982434749603271484e+00
1.701456546783447266e+00,4.763416290283203125e+00
2.356436967849731445e+00,3.555863142013549805e+00
1.875702500343322754e+00,1.467578113079071045e-03
-5.325741171836853027e-01,1.325028181076049805e+00
1.407719254493713379e+00,1.802887082099914551e+00
1.593895554542541504e+00,1.248762845993041992e+00
1.568473458290100098e+00,1.313873291015625000e+00
2.239601612091064453e+00,6.450700759887695312e-01
1.636922001838684082e+00,1.172381639480590820e+00
1.604178428649902344e+00,6.315420150756835938e+00
1.214341521263122559e+00,1.412065029144287109e+00
2.169763803482055664e+00,3.352519273757934570e+00
2.231574773788452148e+00,6.063128948211669922e+00
1.493500828742980957e+00,4.219696044921875000e+00
1.780222177505493164e+00,2.339094400405883789e+00
8.183621764183044434e-01,2.982802629470825195e+00
8.123959898948669434e-01,2.122276723384857178e-01
1.354099512100219727e+00,9.828240871429443359e-01
1.899420857429504395e+00,1.996997594833374023e+00
1.373393058776855469e+00,1.957116365432739258e+00
1.966668367385864258e+00,6.781419515609741211e-01
1.777338862419128418e+00,5.957567691802978516e+00
1.776291370391845703e+00,1.449025630950927734e+00
-2.578982710838317871e-01,6.409168243408203125e-01
-8.463846445083618164e-01,3.440371274948120117e+00
9.842987656593322754e-01,1.324886202812194824e+00
1.181012868881225586e+00,1.266925811767578125e+00
9.196475148200988770e-01,3.987084627151489258e+00
1.406862378120422363e+00,8.938332796096801758e-01
1.426413178443908691e+00,1.287794232368469238e+00
1.656118154525756836e+00,8.223155975341796875e+00
6.760388612747192383e-01,4.649940013885498047e+00
8.576993942260742188e-01,3.122443675994873047e+00
9.822481870651245117e-01,2.989596843719482422e+00
2.414125055074691772e-01,4.965472698211669922e+00
9.682163596153259277e-01,8.763186335563659668e-01
5.035251975059509277e-01,4.605248451232910156e+00
1.943624138832092285e+00,2.333349466323852539e+00
4.643229842185974121e-01,2.645617008209228516e+00
1.907853364944458008e+00,1.440250873565673828e+00
-2.334407120943069458e-01,3.581300497055053711e+00
-1.790946274995803833e-01,3.928488194942474365e-01
2.357606649398803711e+00,1.738127708435058594e+00
1.409857034683227539e+00,5.975215435028076172e+00
1.414490818977355957e+00,2.670737981796264648e+00
1.647168040275573730e+00,7.099986076354980469e-01
1.135771512985229492e+00,7.388254642486572266e+00
1.777618765830993652e+00,2.970919847488403320e+00
1.431908488273620605e+00,4.448053836822509766e+00
4.189932942390441895e-01,1.703606843948364258e+00
-8.077990412712097168e-01,2.883466958999633789e+00
1.722070336341857910e+00,2.775057077407836914e+00
1.993843674659729004e+00,2.978844642639160156e-01
2.205511808395385742e+00,9.566183090209960938e+00
2.180246829986572266e+00,4.664353847503662109e+00
1.904816508293151855e+00,7.335687160491943359e+00
1.639576554298400879e+00,2.292947530746459961e+00
2.516673326492309570e+00,4.634953022003173828e+00
-4.756667613983154297e-01,2.401998996734619141e+00
1.636859297752380371e+00,2.745265722274780273e+00
1.349565386772155762e+00,5.330388545989990234e+00
6.605148911476135254e-01,1.963413596153259277e+00
1.138598203659057617e+00,2.052613496780395508e+00
1.120098352432250977e+00,4.311471879482269287e-01
1.488595604896545410e+00,1.022066116333007812e+00
9.957783818244934082e-01,2.164178133010864258e+00
1.241743683815002441e+00,4.435423374176025391e+00
2.054513692855834961e+00,6.670966625213623047e+00
2.013078212738037109e+00,2.433254957199096680e+00
4.428704977035522461e-01,4.104480266571044922e+00
9.155525565147399902e-01,5.246374607086181641e+00
1.296435356140136719e+00,7.677677631378173828e+00
2.021078348159790039e+00,1.256238842010498047e+01
1.302178263664245605e+00,5.291144847869873047e+00
4.981607794761657715e-01,2.865653276443481445e+00
2.057927608489990234e+00,4.513786792755126953e+00
-6.099447607994079590e-01,4.613966643810272217e-01
1.845044970512390137e+00,6.832461357116699219e-01
1.732644200325012207e+00,2.995994329452514648e+00
2.199234485626220703e+00,7.388385295867919922e+00
1.514262437820434570e+00,8.036524772644042969e+00
1.852482676506042480e+00,2.540672779083251953e+00
1.204063892364501953e+00,-1.157491877675056458e-01
-1.841777712106704712e-01,2.289764642715454102e+00
1.659093260765075684e+00,2.183465003967285156e+00
1.906711101531982422e+00,1.921065807342529297e+00
1.303984045982360840e+00,-4.767634868621826172e-01
5.839721560478210449e-01,1.709424734115600586e+00
1.414756298065185547e+00,5.733946323394775391e+00
1.742194771766662598e+00,1.929549217224121094e+00
1.835435390472412109e+00,2.124509572982788086e+00
2.070026397705078125e+00,8.101313591003417969e+00
2.395041227340698242e+00,7.184913635253906250e+00
1.656286597251892090e+00,4.249735355377197266e+00
-6.369136571884155273e-01,2.802643060684204102e+00
1.029488682746887207e+00,1.476628303527832031e+00
1.137558102607727051e+00,6.091886043548583984e+00
1.490384221076965332e+00,1.438336133956909180e+00
1.270126938819885254e+00,3.446079492568969727e+00
2.521659135818481445e+00,2.652921438217163086e+00
1.848677992820739746e+00,1.108488082885742188e+00
1.504920601844787598e+00,3.829552173614501953e+00
1.237881422042846680e+00,4.110760211944580078e+00
2.161744356155395508e+00,4.836728572845458984e+00
2.726256370544433594e+00,8.255260467529296875e+00
2.394436120986938477e+00,2.879430532455444336e+00
2.328063011169433594e+00,5.243499875068664551e-01
1.961282610893249512e+00,4.917903900146484375e+00
8.616421818733215332e-01,5.215599060058593750e+00
1.321323275566101074e+00,5.771641254425048828e+00
1.139881730079650879e+00,3.261687606573104858e-02
2.144352436065673828e+00,-2.739791274070739746e-01
1.553593158721923828e+00,1.925300598144531250e+00
-6.481201946735382080e-02,1.745724439620971680e+00
1.748246431350708008e+00,5.348333358764648438e+00
3.252238631248474121e-01,4.205789089202880859e+00
1.687065720558166504e+00,1.667190551757812500e+00
2.030223131179809570e+00,2.695750951766967773e+00
5.812461972236633301e-01,1.775537729263305664e+00
3.607458472251892090e-01,2.459683179855346680e+00
2.704668283462524414e+00,7.905091762542724609e+00
1.509171366691589355e+00,4.968261241912841797e+00
2.009059667587280273e+00,2.565901279449462891e+00
1.175372004508972168e+00,6.368679404258728027e-01
1.907173395156860352e+00,5.994253605604171753e-02
6.447777748107910156e-01,1.331759095191955566e+00
5.989436507225036621e-01,4.264525890350341797e+00
8.177528977394104004e-01,3.197359323501586914e+00
6.556545495986938477e-01,7.726845741271972656e+00
1.045476675033569336e+00,7.281442165374755859e+00
1.917195558547973633e+00,1.121351242065429688e+00
2.093655109405517578e+00,1.418241024017333984e+00
8.212202191352844238e-01,5.391592502593994141e+00
1.682847857475280762e+00,1.076056361198425293e+00
3.000469446182250977e+00,7.632722258567810059e-01
1.546153306961059570e+00,3.055494785308837891e+00
2.571997880935668945e+00,8.396471977233886719e+00
1.122964739799499512e+00,1.956862926483154297e+00
1.167194724082946777e+00,2.012532234191894531e+00
1.552766323089599609e+00,3.319300889968872070e+00
1.481009960174560547e+00,4.097517967224121094e+00
1.948695898056030273e+00,2.656277656555175781e+00
4.666762351989746094e-01,2.211643457412719727e+00
-3.229566812515258789e-01,2.001333951950073242e+00
-7.585777044296264648e-01,2.796746730804443359e+00
1.330355286598205566e+00,6.731975078582763672e+00
6.355688907206058502e-03,3.321551561355590820e+00
8.214219808578491211e-01,2.689380645751953125e+00
1.303851127624511719e+00,1.686561465263366699e+00
2.552738428115844727e+00,1.408195734024047852e+00
1.296496987342834473e+00,3.770900964736938477e+00
1.585408926010131836e+00,8.345943093299865723e-01
1.770903944969177246e+00,2.057433843612670898e+00
1.429346203804016113e+00,7.152844667434692383e-01
1.048635840415954590e+00,4.983228445053100586e-01
1.526121258735656738e+00,4.859675168991088867e-01
1.737007498741149902e+00,5.394185543060302734e+00
7.453478574752807617e-01,3.967039823532104492e+00
1.806537985801696777e+00,3.471746742725372314e-01
-6.357523798942565918e-01,2.443473815917968750e+00
6.937016844749450684e-01,6.736212730407714844e+00
1.591904044151306152e+00,2.205456256866455078e+00
1.624618768692016602e+00,1.278859615325927734e+00
4.587948620319366455e-01,5.400610446929931641e+00
1.705245494842529297e+00,2.658211946487426758e+00
1.197559237480163574e+00,4.148753583431243896e-01
1.251588463783264160e+00,8.229769468307495117e-01
2.190934658050537109e+00,7.096242427825927734e+00
1.132561802864074707e+00,4.128404617309570312e+00
2.146310091018676758e+00,4.726853847503662109e+00
1.332041382789611816e+00,3.457210779190063477e+00
1.657182693481445312e+00,8.525889396667480469e+00
1.686866402626037598e+00,4.248640537261962891e+00
1.888107061386108398e+00,2.429081201553344727e+00
-1.260196715593338013e-01,2.605893373489379883e+00
4.249676465988159180e-01,2.624829053878784180e+00
1.431437492370605469e+00,7.673337936401367188e+00
-7.862159609794616699e-01,2.210256338119506836e+00
1.824481368064880371e+00,4.768699645996093750e+00
2.172049045562744141e+00,2.607141971588134766e+00
2.002422332763671875e+00,4.950737476348876953e+00
1.069518089294433594e+00,4.678237915039062500e+00
2.251777648925781250e+00,7.481721401214599609e+00
1.374108046293258667e-01,2.925707340240478516e+00
1.183694839477539062e+00,3.324625015258789062e+00
1.631395816802978516e+00,2.205518245697021484e+00
1.464152216911315918e+00,9.354122877120971680e-01
1.846654415130615234e+00,3.618097782135009766e+00
2.190625667572021484e+00,2.486812353134155273e+00
2.577334403991699219e+00,2.546958208084106445e+00
9.576037526130676270e-01,3.859335899353027344e+00
1.310116767883300781e+00,4.581348896026611328e+00
1.248675704002380371e+00,1.271865606307983398e+00
7.918241620063781738e-01,2.067466497421264648e+00
1.118061542510986328e+00,4.282505035400390625e+00
1.964510798454284668e+00,2.587677717208862305e+00
1.528927922248840332e+00,2.108137905597686768e-01
1.689432621002197266e+00,9.988321065902709961e-01
9.387731552124023438e-01,7.316887378692626953e+00
1.690479159355163574e+00,2.901323556900024414e+00
2.069166660308837891e+00,4.520208358764648438e+00
8.826144337654113770e-01,4.569848537445068359e+00
1.112264037132263184e+00,6.619670391082763672e+00
1.920940756797790527e+00,3.256755590438842773e+00
7.104157209396362305e-01,7.884136438369750977e-01
1.463694095611572266e+00,1.217937350273132324e+00
1.925110667943954468e-01,3.257276296615600586e+00
3.430828452110290527e-01,1.701019763946533203e+00
2.785835504531860352e+00,3.790643453598022461e+00
7.170955538749694824e-01,2.295681238174438477e+00
1.885438084602355957e+00,4.249013900756835938e+00
1.840260863304138184e+00,6.535851955413818359e+00
9.094929099082946777e-01,3.413879632949829102e+00
1.136470198631286621e+00,3.356649637222290039e+00
1.306914806365966797e+00,1.477455496788024902e+00
1.244960427284240723e+00,2.215728759765625000e+00
1.156422019004821777e+00,6.283081531524658203e+00
4.780083298683166504e-01,1.552115917205810547e+00
1.634373188018798828e+00,3.732974290847778320e+00
1.756305575370788574e+00,3.679373025894165039e+00
1.697678446769714355e+00,5.682159900665283203e+00
1.330205678939819336e+00,2.261056900024414062e+00
-1.725400239229202271e-01,1.432767391204833984e+00
1.886147856712341309e+00,3.876544713973999023e+00
-3.761954605579376221e-02,5.634866714477539062e+00
1.913238883018493652e+00,3.272733688354492188e+00
4.915981292724609375e-01,1.615827441215515137e+00
-2.586306929588317871e-01,1.731686294078826904e-03
2.349580049514770508e+00,5.038807392120361328e+00
1.329956054687500000e+00,1.135938286781311035e+00
2.130231142044067383e+00,4.238530635833740234e+00
2.399828195571899414e+00,2.986680269241333008e+00
9.755924344062805176e-01,3.912833452224731445e+00
1.077637791633605957e+00,1.131111621856689453e+00
1.848543763160705566e+00,4.567246913909912109e+00
1.758637070655822754e+00,7.421212196350097656e-01
2.025022029876708984e+00,6.563063859939575195e-01
1.246744632720947266e+00,1.614883065223693848e+00
1.121826052665710449e+00,5.553893566131591797e+00
1.712333440780639648e+00,3.594832897186279297e+00
9.723473787307739258e-01,5.075658321380615234e+00
9.989207983016967773e-01,9.369987249374389648e-01
-6.834015250205993652e-01,2.079761743545532227e+00
1.272650241851806641e+00,2.872937917709350586e-01
1.107673764228820801e+00,2.050785541534423828e+00
1.223887920379638672e+00,9.584643840789794922e-01
-1.453932076692581177e-01,2.926484823226928711e+00
1.484720230102539062e+00,3.364287137985229492e+00
1.565072774887084961e+00,4.788993835449218750e+00
2.128799915313720703e+00,4.134784221649169922e+00
9.010328650474548340e-01,4.523694515228271484e+00
7.867583632469177246e-01,1.582405805587768555e+00
1.565310597419738770e+00,1.583385348320007324e+00
1.711700916290283203e+00,2.437716007232666016e+00
2.258430242538452148e+00,2.294765710830688477e+00
9.227704405784606934e-01,7.132837295532226562e+00
1.736312359571456909e-01,3.502439260482788086e+00
1.428843021392822266e+00,2.293483018875122070e+00
7.108591794967651367e-01,9.592299461364746094e-01
1.421061158180236816e+00,5.291146278381347656e+00
2.268950700759887695e+00,2.330267190933227539e+00
1.582482218742370605e+00,2.270809412002563477e+00
-5.894479155540466309e-01,1.999576091766357422e-01
9.825140833854675293e-01,8.498164415359497070e-01
9.982154965400695801e-01,2.708241701126098633e+00
1.174315214157104492e+00,9.123203158378601074e-01
1.576180696487426758e+00,5.979038238525390625e+00
-2.031011730432510376e-01,2.979903221130371094e+00
7.205630540847778320e-01,2.522054195404052734e+00
1.665110588073730469e+00,1.894099950790405273e+00
-9.404709935188293457e-01,1.929340124130249023e+00
1.147109985351562500e+00,8.151165246963500977e-01
1.023752093315124512e+00,4.393074214458465576e-01
1.646911859512329102e+00,1.917360424995422363e+00
2.268003225326538086e+00,8.232582211494445801e-01
1.013000607490539551e+00,1.160117506980895996e+00
1.341528415679931641e+00,7.956677079200744629e-01
1.026770949363708496e+00,7.429439067840576172e+00
7.203962206840515137e-01,3.826981544494628906e+00
1.659496545791625977e+00,6.871272563934326172e+00
2.232043027877807617e+00,5.485956668853759766e+00
1.830034613609313965e+00,1.030654832720756531e-01
1.590042591094970703e+00,1.400369405746459961e-01
2.527415156364440918e-01,8.641615509986877441e-01
2.418629407882690430e+00,3.875612020492553711e-01
1.216759800910949707e+00,3.443980693817138672e+00
1.524824023246765137e+00,1.134289503097534180e+00
2.001226186752319336e+00,1.204411745071411133e+00
1.229341149330139160e+00,5.795848369598388672e-01
2.064614534378051758e+00,3.652089357376098633e+00
1.283047050237655640e-01,5.293959140777587891e+00
1.660778045654296875e+00,2.554236173629760742e+00
1.977377057075500488e+00,3.265885114669799805e+00
1.758747577667236328e+00,3.127609968185424805e+00
1.276357889175415039e+00,6.663709163665771484e+00
1.068781614303588867e+00,4.012141704559326172e+00
2.464357614517211914e+00,1.157976627349853516e+00
1.940191864967346191e+00,1.273519992828369141e-01
1.706237554550170898e+00,1.994454383850097656e+00
2.209648370742797852e+00,4.051058769226074219e+00
1.764380335807800293e+00,2.244452238082885742e+00
1.613765478134155273e+00,4.899596214294433594e+00
2.227907419204711914e+00,7.926964282989501953e+00
1.475738525390625000e+00,2.214219093322753906e+00
1.042758345603942871e+00,5.427545070648193359e+00
2.181566953659057617e+00,1.365686416625976562e+00
8.575879931449890137e-01,6.490131855010986328e+00
2.231925249099731445e+00,4.485809326171875000e+00
1.829151034355163574e+00,1.515983939170837402e+00
1.147040963172912598e+00,2.817402839660644531e+00
6.708344221115112305e-01,3.868422269821166992e+00
1.766480565071105957e+00,2.151025772094726562e+00
1.108504414558410645e+00,4.682533740997314453e+00
1.322536110877990723e+00,2.671208143234252930e+00
1.521375775337219238e+00,7.093621253967285156e+00
1.574391722679138184e+00,2.586069345474243164e+00
5.198449492454528809e-01,2.137134075164794922e+00
1.173101067543029785e+00,3.577251195907592773e+00
2.512372493743896484e+00,5.411136627197265625e+00
1.199207544326782227e+00,3.922091007232666016e+00
1.286934614181518555e+00,4.273569583892822266e+00
1.576985001564025879e+00,1.299284338951110840e+00
2.081441640853881836e+00,5.179199695587158203e+00
-3.334490656852722168e-01,3.549059867858886719e+00
5.028347969055175781e-01,5.015859127044677734e+00
1.830296754837036133e+00,6.920959949493408203e+00
1.543692111968994141e+00,4.517231941223144531e+00
-4.836016297340393066e-01,2.002292871475219727e+00
1.936254262924194336e+00,8.526611328125000000e-01
1.907503247261047363e+00,5.916383266448974609e-01
7.892624735832214355e-01,3.198033571243286133e+00
1.456104040145874023e+00,9.740499258041381836e-01
1.216955780982971191e+00,3.587886571884155273e+00
1.882666468620300293e+00,1.529343724250793457e-01
2.049653768539428711e+00,1.422460913658142090e+00
1.477450966835021973e+00,2.035908937454223633e+00
1.375539422035217285e+00,1.305999159812927246e+00
1.347742915153503418e+00,1.578597307205200195e+00
2.369076251983642578e+00,8.962886333465576172e-01
-2.269005328416824341e-01,9.378532171249389648e-01
1.289496660232543945e+00,5.100400447845458984e+00
1.978461503982543945e+00,2.078027725219726562e+00
1.560949206352233887e+00,2.373211145401000977e+00
1.289751410484313965e+00,5.286331176757812500e+00
1.149396777153015137e+00,6.456267237663269043e-01
7.908361554145812988e-01,6.048290729522705078e+00
3.130922317504882812e-01,4.335529804229736328e+00
2.262631416320800781e+00,2.288856029510498047e+00
1.583981871604919434e+00,2.761639356613159180e+00
2.289713859558105469e+00,3.205897569656372070e+00
1.097991108894348145e+00,1.169085502624511719e+00
1.530054688453674316e+00,6.153107643127441406e+00
2.293487310409545898e+00,7.171656131744384766e+00
8.972080349922180176e-01,4.774713039398193359e+00
2.375886201858520508e+00,1.227411508560180664e+00
1.328448176383972168e+00,1.545984745025634766e+00
8.445692658424377441e-01,4.524401187896728516e+00
2.270218372344970703e+00,1.507559061050415039e+00
9.654567241668701172e-01,1.868763923645019531e+00
1.659067720174789429e-01,2.696133852005004883e+00
2.253807783126831055e+00,4.891462326049804688e-01
1.831924915313720703e+00,2.963593721389770508e+00
1.579528212547302246e+00,5.215095043182373047e+00
2.066555500030517578e+00,4.135095119476318359e+00
1.073004245758056641e+00,2.918367624282836914e+00
1.979095101356506348e+00,2.168980836868286133e+00
1.206777215003967285e+00,2.672127485275268555e+00
1.637884974479675293e+00,1.351705431938171387e+00
1.521251797676086426e+00,5.241914987564086914e-01
1.923557162284851074e+00,9.449782967567443848e-01
1.105307459831237793e+00,2.814882516860961914e+00
1.163815140724182129e+00,7.352885007858276367e-01
1.314022779464721680e+00,2.234086275100708008e+00
2.593794107437133789e+00,7.427258491516113281e-01
1.915261149406433105e+00,5.732501983642578125e+00
2.000620841979980469e+00,6.454291343688964844e+00
1.176410079002380371e+00,4.039447784423828125e+00
1.150811791419982910e+00,3.905424594879150391e+00
3.242148637771606445e+00,9.358366012573242188e+00
1.569498896598815918e+00,2.148396730422973633e+00
2.279022455215454102e+00,6.437514305114746094e+00
1.890146970748901367e+00,2.400901079177856445e+00
1.630402565002441406e+00,6.913813114166259766e+00
8.614744544029235840e-01,2.830770015716552734e+00
1.335937261581420898e+00,4.191824197769165039e-01
6.747516393661499023e-01,3.339880466461181641e+00
9.728317856788635254e-01,2.422802925109863281e+00
6.285675168037414551e-01,3.336585283279418945e+00
1.517819762229919434e+00,1.503829002380371094e+00
1.087165236473083496e+00,3.255196332931518555e+00
1.226077437400817871e+00,8.534164428710937500e+00
1.509481906890869141e+00,1.875804543495178223e+00
1.527621150016784668e+00,3.313382387161254883e+00
-1.946939527988433838e-02,2.798739433288574219e+00
-5.289864540100097656e-01,1.900485754013061523e-01
1.516100049018859863e+00,1.394191026687622070e+00
1.772539019584655762e+00,2.186406612396240234e+00
1.720753431320190430e+00,4.711038112640380859e+00
1.700092792510986328e+00,1.044683218002319336e+00
6.984581351280212402e-01,3.689570665359497070e+00
1.779688239097595215e+00,6.778213381767272949e-01
1.056398034095764160e+00,6.028378605842590332e-01
1.867773532867431641e+00,7.009254097938537598e-01
1.579565763473510742e+00,1.605587482452392578e+00
1.397046804428100586e+00,8.472473621368408203e-01
4.045426249504089355e-01,3.865827322006225586e+00
1.339880585670471191e+00,8.501254081726074219e+00
1.879508495330810547e+00,2.357738494873046875e+00
1.338092684745788574e+00,4.684644222259521484e+00
6.594366431236267090e-01,1.491663455963134766e+00
8.747872710227966309e-01,4.715936183929443359e+00
1.264369249343872070e+00,2.612034320831298828e+00
2.004661560058593750e+00,1.929108500480651855e-01
8.327241539955139160e-01,5.963014125823974609e+00
1.419116139411926270e+00,1.191297650337219238e+00
6.130389571189880371e-01,2.200454235076904297e+00
4.234238266944885254e-01,5.776458233594894409e-02
1.560144543647766113e+00,1.991098642349243164e+00
-7.499132752418518066e-01,1.089801415801048279e-01
2.135750055313110352e+00,8.734445571899414062e+00
2.043383598327636719e+00,5.686513423919677734e+00
1.861654639244079590e+00,-7.541204243898391724e-02
1.819056272506713867e+00,5.310716629028320312e+00
1.403133511543273926e+00,1.502728104591369629e+00
1.649106740951538086e+00,5.308405160903930664e-01
1.831440925598144531e+00,2.378468513488769531e+00
1.811274647712707520e+00,5.980665683746337891e-01
1.513023018836975098e+00,5.051682591438293457e-01
1.360006213188171387e+00,4.081757068634033203e+00
1.055455088615417480e+00,1.651603460311889648e+00
6.304200291633605957e-01,2.904388189315795898e+00
2.336403608322143555e+00,3.622937440872192383e+00
5.979557037353515625e-01,3.953674793243408203e+00
1.513140082359313965e+00,1.055964231491088867e+00
2.408353090286254883e+00,2.200533390045166016e+00
-5.824683904647827148e-01,2.375140666961669922e+00
1.015857934951782227e+00,3.804767429828643799e-01
1.498197913169860840e+00,1.767514646053314209e-01
1.260759592056274414e+00,1.438055038452148438e+00
1.235344648361206055e+00,3.130894899368286133e+00
1.920215010643005371e+00,2.423294782638549805e+00
3.419294357299804688e-01,2.326868057250976562e+00
1.293016195297241211e+00,1.864337682723999023e+00
1.298209309577941895e+00,3.312779664993286133e+00
1.013795971870422363e+00,2.655511617660522461e+00
2.028152227401733398e+00,3.134522438049316406e+00
1.667204022407531738e+00,1.433311343193054199e+00
2.190679073333740234e+00,3.343751192092895508e+00
1.878386616706848145e+00,2.263437271118164062e+00
-3.386185765266418457e-01,7.195566296577453613e-01
2.016674280166625977e+00,6.323642253875732422e+00
5.291740894317626953e-01,4.035477161407470703e+00
1.865017294883728027e+00,5.237454175949096680e-01
9.145465493202209473e-01,4.380746364593505859e+00
2.289993762969970703e+00,4.022263526916503906e+00
1.931929945945739746e+00,4.349099397659301758e-01
-3.214847445487976074e-01,2.907106280326843262e-01
1.462433457374572754e+00,5.437251567840576172e+00
-7.151103615760803223e-01,8.916625976562500000e-01
8.406646251678466797e-01,4.903804302215576172e+00
1.950843453407287598e+00,1.954570889472961426e+00
1.555748581886291504e+00,1.079284429550170898e+00
2.359184503555297852e+00,8.781229019165039062e+00
1.399119138717651367e+00,2.246998548507690430e+00
1.841696381568908691e+00,6.232555389404296875e+00
6.260336041450500488e-01,1.542756557464599609e+00
-4.657736420631408691e-01,5.849807262420654297e-01
1.454500555992126465e+00,6.739979386329650879e-01
1.137412667274475098e+00,5.254785060882568359e+00
2.595787286758422852e+00,3.514017581939697266e+00
8.585466146469116211e-01,5.583880901336669922e+00
1.166895866394042969e+00,4.574238777160644531e+00
1.016137957572937012e+00,1.489267349243164062e+00
1.438849091529846191e+00,3.315960168838500977e+00
1.403736948966979980e+00,1.188546776771545410e+00
9.358140230178833008e-01,9.548547267913818359e-01
2.538226127624511719e+00,1.704853534698486328e+00
1.076882600784301758e+00,3.186211347579956055e+00
-8.047903180122375488e-01,1.437985062599182129e+00
-6.858214139938354492e-01,3.613780021667480469e+00
7.322175502777099609e-01,3.627876996994018555e+00
1.335875511169433594e+00,2.427148580551147461e+00
9.022029638290405273e-01,6.447572231292724609e+00
2.021353960037231445e+00,5.218502521514892578e+00
6.919715404510498047e-01,8.548625558614730835e-02
2.411042928695678711e+00,4.518761157989501953e+00
1.952184796333312988e+00,3.190565347671508789e+00
1.147925972938537598e+00,3.301127672195434570e+00
5.603943467140197754e-01,2.176954507827758789e+00
1.005619406700134277e+00,4.163490772247314453e+00
1.828952193260192871e+00,3.230047941207885742e+00
1.623793959617614746e+00,3.926604032516479492e+00
1.402709364891052246e+00,4.362162590026855469e+00
2.166191339492797852e+00,6.295272111892700195e-01
1.835480809211730957e+00,5.691470623016357422e+00
2.217396497726440430e+00,1.361253261566162109e+00
1.663632988929748535e+00,3.863497972488403320e+00
8.535876870155334473e-01,8.813527822494506836e-01
9.637890458106994629e-01,4.790680885314941406e+00
1.680366158485412598e+00,5.383705139160156250e+00
1.507025122642517090e+00,5.160546302795410156e+00
1.557548046112060547e+00,1.812606096267700195e+00
1.435712218284606934e+00,2.527574300765991211e+00
1.104236364364624023e+00,7.645560264587402344e+00
1.270227789878845215e+00,4.784421920776367188e+00
1.745111584663391113e+00,1.734613180160522461e+00
1.236524462699890137e+00,5.986402988433837891e+00
1.199043154716491699e+00,1.682631254196166992e+00
9.344769120216369629e-01,2.601280450820922852e+00
6.388533115386962891e-01,1.837150573730468750e+00
6.758281588554382324e-01,3.024417638778686523e+00
1.305034995079040527e+00,-1.607591211795806885e-01
4.804307818412780762e-01,2.301719188690185547e+00
1.139123797416687012e+00,7.438858747482299805e-01
2.208285093307495117e+00,9.017203450202941895e-01
1.757656693458557129e+00,4.885079264640808105e-01
2.812484979629516602e+00,7.032531499862670898e-01
1.788363695144653320e+00,4.156056404113769531e+00
1.800644755363464355e+00,6.542095541954040527e-01
2.068896532058715820e+00,1.845058321952819824e+00
3.022257566452026367e+00,1.963693141937255859e+00
1.786639451980590820e+00,1.747721314430236816e+00
2.544807910919189453e+00,1.845980882644653320e+00
1.896942019462585449e+00,5.006468892097473145e-01
2.159920454025268555e+00,3.107506036758422852e+00
8.395817875862121582e-01,2.849410533905029297e+00
1.833654999732971191e+00,1.139036750793457031e+01
2.115171909332275391e+00,4.457728862762451172e+00
-1.601596027612686157e-01,1.084916114807128906e+00
2.163004398345947266e+00,2.799694538116455078e-01
1.438169360160827637e+00,1.895901203155517578e+00
1.839833736419677734e+00,2.928331851959228516e+00
1.939908623695373535e+00,1.439356088638305664e+00
2.189720869064331055e+00,2.090362310409545898e-01
6.057922840118408203e-01,1.615332722663879395e+00
1.972297787666320801e+00,6.322822093963623047e+00
1.197956204414367676e+00,9.523183107376098633e-01
6.808142066001892090e-01,5.305969238281250000e+00
2.210803031921386719e+00,3.321168661117553711e+00
1.153932452201843262e+00,1.754219532012939453e+00
1.684365272521972656e+00,1.429764747619628906e+00
3.441588878631591797e-01,3.080044746398925781e+00
1.547361731529235840e+00,2.232596158981323242e+00
2.334396600723266602e+00,9.490997791290283203e-01
1.576775431632995605e+00,6.383479595184326172e+00
1.906617522239685059e+00,5.837210655212402344e+00
2.484739065170288086e+00,6.743855476379394531e-01
2.505100011825561523e+00,3.580447435379028320e+00
1.440139651298522949e+00,4.266426086425781250e+00
1.386131167411804199e+00,1.148601174354553223e+00
1.849141836166381836e+00,1.532408237457275391e+00
2.296405553817749023e+00,6.167609095573425293e-01
1.969809412956237793e+00,5.138799548149108887e-01
2.273723602294921875e+00,7.385145187377929688e+00
2.038034439086914062e+00,6.600413322448730469e+00
2.322947025299072266e+00,2.857334375381469727e+00
-5.366469025611877441e-01,4.601796567440032959e-01
4.816402792930603027e-01,2.009354352951049805e+00
4.325855970382690430e-01,3.584275484085083008e+00
1.394817471504211426e+00,8.467519283294677734e-01
7.447226643562316895e-01,2.654018998146057129e-01
-6.181744337081909180e-01,6.408493965864181519e-02
1.436440587043762207e+00,1.230125948786735535e-01
1.644188165664672852e+00,9.764429330825805664e-01
2.032776355743408203e+00,1.586796998977661133e+00
1.440781712532043457e+00,4.112981319427490234e+00
1.777057051658630371e+00,1.826270580291748047e+00
5.991999506950378418e-01,2.078042030334472656e+00
1.492544174194335938e+00,3.321391344070434570e+00
4.888572692871093750e-01,2.004465579986572266e+00
1.110061258077621460e-01,3.125547885894775391e+00
-7.073460817337036133e-01,5.054556369781494141e+00
1.941311359405517578e+00,2.680821180343627930e+00
3.209502696990966797e-01,2.421156167984008789e+00
9.803254008293151855e-01,2.011543273925781250e+00
1.652843952178955078e+00,3.075553417205810547e+00
1.227649569511413574e+00,1.532983779907226562e+00
-6.739688515663146973e-01,2.437511682510375977e+00
9.805182218551635742e-01,8.182889938354492188e+00
1.077050805091857910e+00,8.651691436767578125e+00
9.790609776973724365e-02,2.843323707580566406e+00
7.931857109069824219e-01,7.508777379989624023e-01
1.464552998542785645e+00,5.450449466705322266e+00
1.927864432334899902e+00,1.172458410263061523e+00
1.030322909355163574e+00,1.012718081474304199e+00
1.362275958061218262e+00,1.660137534141540527e+00
1.591873526573181152e+00,8.005135536193847656e+00
2.703905105590820312e-01,1.028179526329040527e+00
2.606032490730285645e-01,1.062485933303833008e+00
7.485453784465789795e-02,2.207865476608276367e+00
1.168972492218017578e+00,5.046446323394775391e+00
-4.825332164764404297e-01,2.299379587173461914e+00
1.590960860252380371e+00,6.535781383514404297e+00
3.566063046455383301e-01,1.719053149223327637e+00
2.531694650650024414e+00,1.953315019607543945e+00
4.252302050590515137e-01,2.770057201385498047e+00
5.924643278121948242e-01,5.048068523406982422e+00
4.133448004722595215e-01,3.184444308280944824e-01
1.644733309745788574e+00,6.201440334320068359e+00
1.809632658958435059e+00,1.983048796653747559e+00
2.361711740493774414e+00,2.948938608169555664e+00
1.630066037178039551e+00,6.068544834852218628e-02
5.801459550857543945e-01,8.815616369247436523e-01
-8.318102955818176270e-01,1.936480045318603516e+00
1.193681120872497559e+00,4.661413192749023438e+00
1.302655577659606934e+00,3.513626098632812500e+00
2.568669080734252930e+00,4.851247787475585938e+00
2.003333419561386108e-01,3.724708795547485352e+00
2.170375585556030273e+00,4.602379322052001953e+00
-1.131314784288406372e-01,2.537708044052124023e+00
-3.890904784202575684e-01,2.213864803314208984e+00
1.922718882560729980e+00,5.630588531494140625e-01
7.923963665962219238e-01,3.745090246200561523e+00
1.359220623970031738e+00,1.417698621749877930e+00
1.453035831451416016e+00,4.556086063385009766e+00
1.523959040641784668e+00,6.323605537414550781e+00
-5.244402885437011719e-01,4.173655033111572266e+00
2.488119840621948242e+00,5.695291996002197266e+00
2.070317745208740234e+00,1.147831320762634277e+00
1.967697024345397949e+00,1.964115142822265625e+00
7.010390162467956543e-01,8.086824417114257812e+00
1.145101070404052734e+00,1.710523366928100586e+00
1.250023365020751953e+00,3.342905759811401367e+00
1.149759411811828613e+00,3.242119550704956055e+00
6.605294346809387207e-01,2.261648654937744141e+00
2.020046710968017578e+00,8.489184379577636719e+00
1.504745364189147949e+00,1.343031167984008789e+00
1.311386823654174805e+00,6.206817150115966797e+00
-2.604921460151672363e-01,2.975445747375488281e+00
1.030067443847656250e+00,1.499833345413208008e+00
2.342745304107666016e+00,5.727788448333740234e+00
2.040864467620849609e+00,2.532149791717529297e+00
-2.720672488212585449e-01,2.311569452285766602e+00
1.462546706199645996e+00,4.841058731079101562e+00
1.352649182081222534e-01,2.494291067123413086e+00
1.428299546241760254e+00,2.960138797760009766e+00
-1.100690513849258423e-01,2.312531709671020508e+00
1.668198466300964355e+00,3.069364070892333984e+00
9.268212914466857910e-01,2.786796092987060547e+00
1.561535358428955078e+00,-6.072122603654861450e-02
1.450545907020568848e+00,3.420323431491851807e-01
1.754272699356079102e+00,2.364783763885498047e+00
-2.537630796432495117e-01,6.134596347808837891e+00
1.726968407630920410e+00,1.839132070541381836e+00
2.028605699539184570e+00,3.477324724197387695e+00
1.699280858039855957e+00,5.320230007171630859e+00
3.914597034454345703e-01,2.316854953765869141e+00
8.256832361221313477e-01,1.605052232742309570e+00
2.066807031631469727e+00,1.872342348098754883e+00
2.102055072784423828e+00,1.898641705513000488e+00
1.686580896377563477e+00,2.141924142837524414e+00
1.228018879890441895e+00,1.077873110771179199e+00
1.723868012428283691e+00,2.057011365890502930e+00
9.551936388015747070e-01,9.499073028564453125e-01
1.729452967643737793e+00,6.407094001770019531e+00
9.404446482658386230e-01,4.697882175445556641e+00
2.039726495742797852e+00,3.495766878128051758e+00
1.560407280921936035e+00,6.864820957183837891e+00
1.869201779365539551e+00,3.080587625503540039e+00
1.599761486053466797e+00,1.360469460487365723e+00
1.462440490722656250e+00,4.802100658416748047e+00
1.836173176765441895e+00,4.737399101257324219e+00
1.314480662345886230e+00,2.809708118438720703e+00
1.499027252197265625e+00,9.963243007659912109e-01
-2.546305656433105469e-01,6.836906671524047852e-01
1.087310433387756348e+00,4.684436798095703125e+00
1.011275053024291992e+00,3.151013374328613281e+00
1.471842885017395020e+00,2.961629152297973633e+00
1.612193226814270020e+00,2.631208419799804688e+00
2.008899211883544922e+00,2.156286478042602539e+00
2.324707269668579102e+00,2.069029092788696289e+00
1.719633936882019043e+00,2.998796939849853516e+00
1.206606984138488770e+00,2.770684003829956055e+00
-3.133755326271057129e-01,1.473201751708984375e+00
5.720601417124271393e-03,2.729534864425659180e+00
7.767475247383117676e-01,3.158586740493774414e+00
1.799696534872055054e-01,3.860717535018920898e+00
-2.151361256837844849e-01,2.169291257858276367e+00
1.216594099998474121e+00,2.209761381149291992e+00
1.426329612731933594e+00,2.468507289886474609e+00
8.787283897399902344e-01,4.221294879913330078e+00
1.278422236442565918e+00,5.563114643096923828e+00
8.119482994079589844e-01,2.513368844985961914e+00
1.958750605583190918e+00,2.671474456787109375e+00
4.719233512878417969e-01,3.490795850753784180e+00
1.113397359848022461e+00,2.979097604751586914e+00
1.364442944526672363e+00,4.457295417785644531e+00
6.986091732978820801e-01,1.976291894912719727e+00
-7.872517704963684082e-01,9.990046024322509766e-01
2.175626993179321289e+00,2.660608768463134766e+00
1.920722723007202148e+00,3.988823175430297852e+00
2.095086812973022461e+00,2.862162828445434570e+00
1.671291112899780273e+00,1.601778715848922729e-02
1.720409870147705078e+00,4.398024082183837891e+00
1.174250245094299316e+00,3.053157567977905273e+00
1.215373873710632324e+00,3.493138551712036133e+00
1.334347605705261230e+00,3.512287855148315430e+00
8.616772294044494629e-01,1.238669976592063904e-01
1.419976711273193359e+00,3.419610977172851562e+00
1.819660186767578125e+00,9.648917317390441895e-01
1.720209240913391113e+00,1.424118518829345703e+00
1.239060282707214355e+00,1.440876603126525879e+00
1.084175586700439453e+00,3.504783391952514648e+00
1.963881373405456543e+00,9.242562055587768555e-01
1.402870297431945801e+00,5.255345821380615234e+00
1.060707092285156250e+00,3.554247617721557617e+00
3.635110855102539062e-01,1.083113431930541992e+00
1.739479422569274902e+00,4.059329509735107422e+00
-1.244632154703140259e-01,3.024430513381958008e+00
1.592477440834045410e+00,5.823807239532470703e+00
5.561128854751586914e-01,2.093033075332641602e+00
2.074237585067749023e+00,6.920835971832275391e+00
2.048701524734497070e+00,5.765258073806762695e-01
9.326711297035217285e-01,6.034570336341857910e-01
1.527127265930175781e+00,4.244493961334228516e+00
-2.102167159318923950e-01,2.734239816665649414e+00
4.971958398818969727e-01,8.018963932991027832e-01
1.836891531944274902e+00,6.453357934951782227e-01
1.964877009391784668e+00,1.946786046028137207e+00
-1.095389276742935181e-01,3.279047727584838867e+00
1.694893717765808105e+00,3.617593050003051758e+00
1.824724316596984863e+00,1.103081464767456055e+00
-5.214361548423767090e-01,2.812193393707275391e+00
1.259991168975830078e+00,9.739351272583007812e-01
8.242498040199279785e-01,3.784281253814697266e+00
1.428419709205627441e+00,1.395955085754394531e+00
-1.605499535799026489e-01,2.079094886779785156e+00
1.588603496551513672e+00,2.524398565292358398e+00
2.040831089019775391e+00,2.466137886047363281e+00
1.596239805221557617e+00,8.256758451461791992e-01
1.779476523399353027e+00,1.111928224563598633e+00
1.311027050018310547e+00,9.698436260223388672e-01
1.866362094879150391e+00,4.715571880340576172e+00
1.165282130241394043e+00,2.347742795944213867e+00
-1.050808578729629517e-01,1.909538149833679199e+00
2.071400165557861328e+00,3.034471750259399414e+00
9.321385025978088379e-01,3.951262712478637695e+00
1.422461867332458496e+00,1.889849901199340820e+00
1.571368098258972168e+00,4.515402317047119141e+00
-3.224478363990783691e-01,2.244989156723022461e+00
2.590871095657348633e+00,2.905660867691040039e-01
1.087387442588806152e+00,4.811022281646728516e+00
1.052921652793884277e+00,6.559202671051025391e-01
1.945161581039428711e+00,-1.013690978288650513e-02
1.322666883468627930e+00,2.450153589248657227e+00
1.109511137008666992e+00,2.579247236251831055e+00
1.843014359474182129e+00,9.834010601043701172e-01
9.616448879241943359e-01,9.689882993698120117e-01
1.331860184669494629e+00,2.244351863861083984e+00
2.850024700164794922e-01,1.664438366889953613e+00
1.229207873344421387e+00,3.762140512466430664e+00
9.611544609069824219e-01,1.588653326034545898e+00
3.689322471618652344e-01,3.707273244857788086e+00
1.789920926094055176e+00,1.083191037178039551e+00
2.075051546096801758e+00,7.322350978851318359e+00
1.254130125045776367e+00,2.215320825576782227e+00
1.209163546562194824e+00,5.538361072540283203e+00
1.268302202224731445e+00,-1.111681014299392700e-02
1.043679237365722656e+00,1.650638341903686523e+00
2.315461158752441406e+00,5.250298500061035156e+00
1.362387180328369141e+00,8.926001787185668945e-01
2.377414464950561523e+00,7.741725444793701172e+00
2.410418748855590820e+00,6.485924243927001953e+00
1.463273525238037109e+00,4.566903591156005859e+00
2.484456062316894531e+00,3.576062679290771484e+00
1.736500620841979980e+00,3.991651773452758789e+00
1.609832644462585449e+00,1.080225706100463867e+00
1.403448700904846191e+00,1.368125438690185547e+00
1.234256625175476074e+00,5.146830677986145020e-01
1.835754275321960449e+00,5.095803260803222656e+00
1.483368873596191406e+00,3.819007635116577148e+00
9.159761071205139160e-01,4.169729709625244141e+00
2.505247354507446289e+00,6.850500106811523438e-01
1.505025267601013184e+00,2.125636816024780273e+00
2.055280685424804688e+00,2.603680372238159180e+00
1.400947690010070801e+00,3.516958951950073242e+00
1.534985542297363281e+00,6.554411888122558594e+00
1.881472826004028320e+00,5.347211360931396484e+00
1.815275907516479492e+00,3.028255224227905273e+00
1.694213390350341797e+00,6.773298740386962891e+00
1.003131031990051270e+00,7.057782173156738281e+00
2.447569847106933594e+00,4.241804599761962891e+00
1.210003256797790527e+00,3.476611375808715820e+00
6.393037438392639160e-01,3.974818468093872070e+00
2.046907424926757812e+00,3.344664275646209717e-01
1.220505475997924805e+00,1.231675863265991211e+00
1.382245182991027832e+00,3.329095125198364258e+00
1.041398763656616211e+00,2.591788053512573242e+00
1.418568015098571777e+00,5.476670265197753906e+00
-9.374676346778869629e-01,1.374204635620117188e+00
8.975241780281066895e-01,3.898648023605346680e+00
1.646007418632507324e+00,4.941733360290527344e+00
2.468682289123535156e+00,5.911663770675659180e-01
1.479209899902343750e+00,5.894357204437255859e+00
2.178634881973266602e+00,7.777416706085205078e-01
2.053041458129882812e+00,3.827922046184539795e-01
1.886368870735168457e+00,3.114723861217498779e-01
1.984649181365966797e+00,1.972678303718566895e+00
2.146336317062377930e+00,3.159256696701049805e+00
1.748522043228149414e+00,1.223875880241394043e+00
2.940257191658020020e-01,2.639267921447753906e+00
8.627423048019409180e-01,4.384239673614501953e+00
1.015606045722961426e+00,8.713730573654174805e-01
2.912701368331909180e+00,5.246112346649169922e+00
1.694155454635620117e+00,1.991445422172546387e+00
6.687166690826416016e-01,1.640906810760498047e+00
1.083904027938842773e+00,9.294701814651489258e-01
1.302637219429016113e+00,3.584496974945068359e+00
1.940272688865661621e+00,9.026021957397460938e-01
1.443432927131652832e+00,3.053394079208374023e+00
2.522537112236022949e-01,6.530323505401611328e+00
-2.472248822450637817e-01,1.896899640560150146e-01
1.556010365486145020e+00,1.215616226196289062e+00
-2.084404379129409790e-01,1.201035261154174805e+00
5.929723381996154785e-01,4.286024570465087891e+00
-5.103830099105834961e-01,-3.837124258279800415e-02
1.472745418548583984e+00,1.014362812042236328e+00
2.265470027923583984e+00,6.325645446777343750e-01
1.888895750045776367e+00,1.804590702056884766e+00
2.042626380920410156e+00,2.640436410903930664e+00
1.993093013763427734e+00,2.741562366485595703e+00
1.892236113548278809e+00,5.292326450347900391e+00
-2.733162641525268555e-01,1.613750934600830078e+00
1.417426466941833496e+00,5.284275054931640625e+00
1.570749998092651367e+00,-3.202629685401916504e-01
-3.292766213417053223e-01,1.430243730545043945e+00
1.732070207595825195e+00,4.601808071136474609e+00
1.885878682136535645e+00,-6.464488059282302856e-02
9.494763016700744629e-01,2.745106935501098633e+00
-4.526215791702270508e-01,1.463143348693847656e+00
2.061829090118408203e+00,3.623319387435913086e+00
1.416851043701171875e+00,3.958131313323974609e+00
1.027480244636535645e+00,1.918973326683044434e+00
1.148834943771362305e+00,4.704644203186035156e+00
5.858296751976013184e-01,3.848015546798706055e+00
1.309043049812316895e+00,2.203044652938842773e+00
1.530485153198242188e+00,3.464473485946655273e+00
1.417673826217651367e+00,4.358046054840087891e+00
9.237404465675354004e-01,1.151467800140380859e+00
2.051386833190917969e+00,5.397324085235595703e+00
2.463876485824584961e+00,2.243831157684326172e+00
1.299025535583496094e+00,1.594813942909240723e+00
1.500070542097091675e-01,3.188998699188232422e+00
1.131375312805175781e+00,8.087701797485351562e+00
1.690792679786682129e+00,1.763934373855590820e+00
1.592058539390563965e+00,5.093760013580322266e+00
-4.657592177391052246e-01,1.898185133934020996e+00
1.071072220802307129e+00,7.584683597087860107e-03
-2.616891264915466309e-01,2.874586343765258789e+00
1.830823302268981934e+00,5.102744102478027344e-01
1.052813172340393066e+00,1.608969688415527344e+00
1.759019613265991211e+00,1.480490565299987793e-01
1.130117893218994141e+00,4.531551837921142578e+00
6.925706565380096436e-02,2.017386674880981445e+00
1.687708497047424316e+00,2.307781457901000977e+00
1.737963557243347168e+00,2.386080503463745117e+00
1.933430910110473633e+00,1.775186508893966675e-02
1.401228189468383789e+00,4.065671265125274658e-01
2.033227443695068359e+00,4.332308292388916016e+00
1.137101292610168457e+00,8.549842834472656250e-01
-1.653539687395095825e-01,2.336213588714599609e+00
1.798994898796081543e+00,4.622565746307373047e+00
1.901817202568054199e+00,4.331506729125976562e+00
1.554632306098937988e+00,3.511418581008911133e+00
1.351527333259582520e+00,4.521287918090820312e+00
1.526883840560913086e+00,1.745337367057800293e+00
1.743083596229553223e+00,1.354776501655578613e+00
2.171679258346557617e+00,1.862503290176391602e+00
1.345453500747680664e+00,4.450711727142333984e+00
1.131126046180725098e+00,8.080238103866577148e-01
1.154633402824401855e+00,4.915475368499755859e+00
1.876496315002441406e+00,4.127134323120117188e+00
1.655496597290039062e+00,1.674424171447753906e+00
2.222893476486206055e+00,-1.145965531468391418e-01
1.155044078826904297e+00,3.185011625289916992e+00
1.351801276206970215e+00,3.095782756805419922e+00
1.897877216339111328e+00,1.467958807945251465e+00
1.952473521232604980e+00,2.525846481323242188e+00
2.069546461105346680e+00,2.165838718414306641e+00
1.128143787384033203e+00,1.032666969299316406e+01
2.005052804946899414e+00,1.576398372650146484e+00
1.791386127471923828e+00,5.854524970054626465e-01
1.534850478172302246e+00,3.191105604171752930e+00
2.224223136901855469e+00,4.907855033874511719e+00
2.615954875946044922e+00,6.150991916656494141e+00
6.115934252738952637e-01,3.686109781265258789e+00
-5.534597039222717285e-01,3.391469955444335938e+00
1.484220147132873535e+00,4.258613109588623047e+00
4.461207985877990723e-01,1.304352879524230957e+00
1.439835548400878906e+00,6.873719692230224609e-01
1.701260566711425781e+00,8.699103593826293945e-01
1.032578825950622559e+00,6.478830575942993164e-01
1.289988875389099121e+00,3.203768730163574219e+00
1.957471251487731934e+00,2.113740921020507812e+00
1.586022257804870605e+00,1.685469508171081543e+00
1.189068436622619629e+00,8.632177114486694336e-01
2.251813173294067383e+00,4.946906864643096924e-01
1.212193846702575684e+00,3.666894674301147461e+00
8.201707601547241211e-01,3.935434818267822266e+00
2.053660869598388672e+00,6.324247121810913086e-01
4.498400092124938965e-01,9.849843978881835938e-01
7.424134612083435059e-01,1.749887347221374512e+00
-1.607012897729873657e-01,1.593336582183837891e+00
2.066424131393432617e+00,1.469736337661743164e+00
5.707166194915771484e-01,2.112711668014526367e+00
2.522007226943969727e+00,2.387082338333129883e+00
-7.240077257156372070e-01,1.913567781448364258e+00
1.265496134757995605e+00,2.203526258468627930e+00
8.585966229438781738e-01,4.213559150695800781e+00
9.357305169105529785e-01,4.728111743927001953e+00
2.537055492401123047e+00,8.419973254203796387e-01
2.000807762145996094e+00,5.252937674522399902e-01
1.937225699424743652e+00,3.968564271926879883e-01
9.931267499923706055e-01,4.532444477081298828e+00
9.639368951320648193e-02,4.280158519744873047e+00
1.781919002532958984e+00,2.880372762680053711e+00
1.888671159744262695e+00,4.933873176574707031e+00
1.717145085334777832e+00,-7.505369931459426880e-02
1.474733352661132812e+00,1.720983624458312988e+00
1.070993304252624512e+00,4.123121261596679688e+00
1.311209440231323242e+00,2.421344280242919922e+00
4.781948328018188477e-01,4.397751808166503906e+00
2.151157617568969727e+00,4.097600460052490234e+00
1.894518256187438965e+00,2.007463216781616211e+00
9.801910519599914551e-01,4.835530817508697510e-01
1.744294524192810059e+00,8.675006628036499023e-01
1.359019398689270020e+00,1.814945936203002930e+00
1.726091980934143066e+00,3.327530622482299805e+00
2.313882559537887573e-01,7.341183185577392578e+00
1.174975037574768066e+00,4.750601291656494141e+00
1.614730119705200195e+00,4.040999412536621094e+00
-3.580673933029174805e-01,2.426535129547119141e+00
1.888710618019104004e+00,8.514835357666015625e+00
2.008052587509155273e+00,2.113012075424194336e+00
9.228324294090270996e-01,2.057442665100097656e+00
5.749666094779968262e-01,2.156348466873168945e+00
2.318433374166488647e-01,2.417207956314086914e+00
5.884733796119689941e-01,3.116954565048217773e+00
2.897255420684814453e-01,4.090749263763427734e+00
1.763343214988708496e+00,2.205501556396484375e+00
-8.090878129005432129e-01,7.787207603454589844e+00
1.028971314430236816e+00,4.403779983520507812e+00
5.987891554832458496e-01,1.212403535842895508e+00
1.280372977256774902e+00,2.272626876831054688e+00
1.692355871200561523e+00,2.783874273300170898e+00
2.302120923995971680e+00,5.675346851348876953e+00
1.667571067810058594e+00,1.610596060752868652e+00
1.173729300498962402e+00,7.305281162261962891e+00
2.858778238296508789e+00,1.451643228530883789e+00
1.544929504394531250e+00,1.142211914062500000e+00
2.428690195083618164e+00,6.295010089874267578e+00
4.177582859992980957e-01,1.940044879913330078e+00
1.019132375717163086e+00,6.271835565567016602e-01
2.971315622329711914e+00,6.411670207977294922e+00
6.410359740257263184e-01,4.678411483764648438e+00
2.258699178695678711e+00,1.668134450912475586e+00
-7.663508057594299316e-01,1.141050696372985840e+00
1.664352893829345703e+00,9.514000415802001953e-01
2.101928710937500000e+00,3.703265428543090820e+00
1.227430582046508789e+00,1.995181083679199219e+00
1.693565726280212402e+00,2.671339750289916992e+00
6.918039917945861816e-01,1.602478027343750000e+00
1.219672083854675293e+00,1.138469502329826355e-01
1.328009128570556641e+00,6.995665073394775391e+00
2.379904747009277344e+00,4.408864974975585938e+00
8.827165961265563965e-01,1.123163342475891113e+00
5.014094114303588867e-01,2.086914062500000000e+00
9.395203590393066406e-01,1.781308531761169434e+00
7.701300978660583496e-01,3.395444869995117188e+00
1.240800142288208008e+00,1.509736895561218262e+00
1.281496882438659668e+00,3.796718358993530273e+00
6.389866471290588379e-01,3.299450635910034180e+00
1.196736216545104980e+00,1.574412107467651367e+00
2.644810080528259277e-01,1.988239049911499023e+00
2.252841711044311523e+00,3.230111837387084961e+00
1.416944146156311035e+00,1.086108803749084473e+00
1.068677783012390137e+00,2.201502561569213867e+00
2.112387120723724365e-02,2.876673936843872070e+00
1.494566082954406738e+00,1.568661808967590332e+00
2.028360843658447266e+00,5.461198329925537109e+00
1.772143006324768066e+00,8.257750868797302246e-01
1.081454157829284668e+00,7.132888436317443848e-01
1.929646849632263184e+00,6.021769046783447266e+00
9.738672375679016113e-01,1.728426098823547363e+00
1.370048403739929199e+00,8.990859985351562500e-01
8.472726345062255859e-01,3.054363489151000977e+00
-6.855584979057312012e-01,2.114515781402587891e+00
2.873339653015136719e-01,1.859788537025451660e+00
1.505147576332092285e+00,5.609284877777099609e+00
1.430274486541748047e+00,1.864458799362182617e+00
1.369247198104858398e+00,1.127248525619506836e+00
1.933102488517761230e+00,3.723836183547973633e+00
2.232794046401977539e+00,2.207500934600830078e+00
1.869530320167541504e+00,3.669731378555297852e+00
2.264908790588378906e+00,5.567669391632080078e+00
1.727460741996765137e+00,1.738598585128784180e+00
2.097649335861206055e+00,7.940396785736083984e+00
1.586856484413146973e+00,3.358954191207885742e+00
1.420370817184448242e+00,1.623924136161804199e+00
1.453591227531433105e+00,4.140036106109619141e+00
1.104054570198059082e+00,2.338341951370239258e+00
9.611615538597106934e-01,1.468613386154174805e+00
9.289456009864807129e-01,3.070179224014282227e-01
7.459390163421630859e-01,5.548039674758911133e-01
-1.626469641923904419e-01,4.620169997215270996e-01
1.650106787681579590e+00,2.118375599384307861e-01
6.458976864814758301e-01,5.204126358032226562e+00
1.352726697921752930e+00,1.289125919342041016e+00
1.967033147811889648e+00,2.803796291351318359e+00
2.031454563140869141e+00,4.839463710784912109e+00
8.491291403770446777e-01,7.468832015991210938e+00
1.041199088096618652e+00,8.586136698722839355e-01
1.318873047828674316e+00,2.282860517501831055e+00
1.123497009277343750e+00,6.909321784973144531e+00
1.301748752593994141e+00,1.872822642326354980e+00
6.853945255279541016e-01,2.714831113815307617e+00
1.661955475807189941e+00,5.082647323608398438e+00
1.222120046615600586e+00,1.212526202201843262e+00
-1.022521734237670898e+00,2.983038425445556641e-01
1.931405305862426758e+00,1.667675256729125977e+00
1.224255919456481934e+00,2.168204069137573242e+00
9.570118188858032227e-01,2.570940017700195312e+00
2.515881538391113281e+00,2.908162117004394531e+00
1.823307633399963379e+00,1.572775721549987793e+00
1.097758293151855469e+00,1.341192483901977539e+00
1.604342579841613770e+00,1.343312025070190430e+00
1.821495652198791504e+00,3.036834716796875000e+00
1.712781310081481934e+00,1.216845512390136719e+00
1.732686758041381836e+00,5.075039863586425781e+00
1.552899360656738281e+00,2.713549137115478516e+00
1.783784866333007812e+00,1.176023960113525391e+00
-6.759856343269348145e-01,4.251627326011657715e-01
1.904579877853393555e+00,3.526266813278198242e+00
1.919257402420043945e+00,1.923732519149780273e+00
1.547213912010192871e+00,5.910295963287353516e+00
2.418307065963745117e+00,3.044823408126831055e+00
2.057522535324096680e+00,4.665275514125823975e-01
2.182859182357788086e+00,2.600466012954711914e+00
1.286004185676574707e+00,1.681500673294067383e+00
1.119796395301818848e+00,3.599283933639526367e+00
1.457726478576660156e+00,2.067617416381835938e+00
-5.809543728828430176e-01,3.549327850341796875e+00
1.739023923873901367e+00,1.414024949073791504e+00
1.507813096046447754e+00,5.523223400115966797e+00
1.622573733329772949e+00,2.437569499015808105e-01
-4.270251095294952393e-02,3.326758623123168945e+00
1.227829098701477051e+00,4.802715778350830078e+00
1.055330872535705566e+00,7.552593946456909180e-01
2.079236984252929688e+00,1.704653263092041016e+00
1.630046248435974121e+00,1.515727639198303223e+00
1.469010114669799805e+00,4.510727405548095703e+00
1.697625875473022461e+00,2.028450489044189453e+00
1.934098124504089355e+00,6.169000625610351562e+00
7.943497598171234131e-02,2.997127294540405273e+00
1.612089157104492188e+00,5.778830051422119141e-01
1.646359086036682129e+00,4.112165451049804688e+00
6.597748398780822754e-01,2.598096132278442383e+00
6.100410223007202148e-01,9.643552780151367188e+00
1.046850323677062988e+00,2.405965566635131836e+00
1.992831587791442871e+00,4.956901073455810547e+00
1.803619265556335449e+00,4.719886302947998047e+00
1.357690572738647461e+00,3.094089269638061523e+00
1.165851116180419922e+00,5.254210829734802246e-01
1.141946911811828613e+00,7.889700412750244141e+00
-3.395272493362426758e-01,3.923886060714721680e+00
1.474073886871337891e+00,1.104508042335510254e+00
1.861681222915649414e+00,5.626299381256103516e+00
1.728794693946838379e+00,6.457690238952636719e+00
2.125276088714599609e+00,4.858971595764160156e+00
1.395252108573913574e+00,1.652717232704162598e+00
1.348651289939880371e+00,7.307285785675048828e+00
1.687421202659606934e+00,3.070009946823120117e+00
1.426799178123474121e+00,5.395750522613525391e+00
1.933356046676635742e+00,3.224207639694213867e+00
1.387591004371643066e+00,1.291066765785217285e+00
9.871654510498046875e-01,7.344778776168823242e-01
5.396310687065124512e-01,4.626039505004882812e+00
1.189377188682556152e+00,1.054280996322631836e+00
2.084344148635864258e+00,1.634457468986511230e+00
8.701006770133972168e-01,1.418936014175415039e+00
1.777656674385070801e+00,1.307505249977111816e+00
1.350051522254943848e+00,3.454204082489013672e+00
-9.303380548954010010e-02,3.728182792663574219e+00
1.432835340499877930e+00,9.179136753082275391e-01
2.048643350601196289e+00,6.642535209655761719e+00
1.949420690536499023e+00,4.453360080718994141e+00
1.216609477996826172e+00,3.068925619125366211e+00
2.459368467330932617e+00,6.793572902679443359e+00
1.507535099983215332e+00,1.021264672279357910e+00
1.226237058639526367e+00,2.668012857437133789e+00
1.555612444877624512e+00,9.611059188842773438e+00
1.362267583608627319e-01,1.894752502441406250e+00
1.567704081535339355e+00,2.844134330749511719e+00
1.927993893623352051e+00,1.202693223953247070e+00
1.165819287300109863e+00,-3.093243837356567383e-01
1.505011916160583496e+00,7.830099582672119141e+00
2.087748289108276367e+00,4.457922935485839844e+00
2.527212858200073242e+00,6.285954952239990234e+00
6.827611923217773438e-01,4.307612895965576172e+00
1.536662578582763672e+00,1.558014869689941406e+00
-6.748360991477966309e-01,1.259858012199401855e+00
1.206732630729675293e+00,8.082859039306640625e+00
1.465194463729858398e+00,3.507079362869262695e+00
1.804041504859924316e+00,-4.372553527355194092e-01
2.003463506698608398e+00,5.817449569702148438e+00
1.620474815368652344e+00,1.815833330154418945e+00
1.294956564903259277e+00,1.242582798004150391e+00
-2.592919468879699707e-01,7.255381345748901367e-01
1.319923281669616699e+00,4.651795864105224609e+00
2.337573528289794922e+00,4.697574615478515625e+00
1.226517319679260254e+00,3.553207635879516602e+00
1.732967495918273926e+00,2.422471761703491211e+00
5.482482910156250000e-01,2.329388618469238281e+00
2.005311727523803711e+00,2.715368032455444336e+00
1.750484108924865723e+00,3.676527261734008789e+00
1.459419965744018555e+00,3.567984580993652344e+00
1.287686586380004883e+00,2.891323328018188477e+00
1.486247301101684570e+00,2.834295511245727539e+00
1.142706394195556641e+00,5.618014931678771973e-01
9.194297790527343750e-01,4.018238544464111328e+00
1.247658014297485352e+00,3.901507139205932617e+00
3.108370900154113770e-01,2.486892461776733398e+00
1.612771153450012207e+00,1.931436777114868164e+00
-4.001829624176025391e-01,1.544158816337585449e+00
3.572109937667846680e-01,6.358133792877197266e+00
1.700508713722229004e+00,1.048696994781494141e+00
1.170672297477722168e+00,1.747577905654907227e+00
8.721967935562133789e-01,1.181203052401542664e-01
1.714941114187240601e-01,3.174217224121093750e+00
-7.864112257957458496e-01,6.211247444152832031e-01
7.772669196128845215e-01,2.018907785415649414e+00
2.341494083404541016e+00,2.933658838272094727e+00
1.657772541046142578e+00,5.987701892852783203e+00
1.680882215499877930e+00,2.799274682998657227e+00
1.007241368293762207e+00,2.212577581405639648e+00
-3.230126500129699707e-01,4.181933879852294922e+00
-6.022315621376037598e-01,6.177462339401245117e-01
-4.541272521018981934e-01,6.785650253295898438e-01
1.545366525650024414e+00,2.245586156845092773e+00
4.032611250877380371e-01,3.162517786026000977e+00
1.451499462127685547e+00,8.237696886062622070e-01
-5.015217065811157227e-01,1.859395623207092285e+00
1.556138157844543457e+00,1.591267704963684082e+00
2.428696870803833008e+00,2.171466827392578125e+00
3.424178063869476318e-02,2.176209449768066406e+00
7.573769688606262207e-01,4.465780258178710938e+00
1.478764891624450684e+00,5.113314151763916016e+00
1.477618217468261719e+00,4.472114145755767822e-01
1.202009439468383789e+00,7.595605850219726562e-01
-6.368874907493591309e-01,1.509580850601196289e+00
1.479949593544006348e+00,8.826469630002975464e-02
-5.548740029335021973e-01,3.989804506301879883e+00
1.702735304832458496e+00,2.821463346481323242e+00
1.334476709365844727e+00,3.983222693204879761e-02
6.735447049140930176e-01,2.677048444747924805e+00
1.696032762527465820e+00,1.757019758224487305e+00
-3.506181836128234863e-01,2.420692443847656250e+00
1.865558743476867676e+00,3.868853330612182617e+00
7.481865584850311279e-02,2.453286647796630859e+00
1.606869578361511230e+00,4.223843574523925781e+00
1.566048026084899902e+00,8.956511497497558594e+00
2.134253978729248047e+00,2.217244625091552734e+00
1.318180561065673828e+00,2.392230272293090820e+00
7.129642963409423828e-01,3.124779462814331055e+00
5.829710364341735840e-01,6.091318607330322266e+00
1.691116929054260254e+00,6.270438671112060547e+00
1.224658727645874023e+00,5.256191730499267578e+00
-7.467255592346191406e-01,2.291967391967773438e+00
2.039020061492919922e+00,3.279237270355224609e+00
1.960047483444213867e+00,2.221334218978881836e+00
1.385166764259338379e+00,1.225291609764099121e+00
2.530652284622192383e+00,5.965983867645263672e-01
-2.177173644304275513e-01,1.325847744941711426e+00
2.567800760269165039e+00,7.355012416839599609e+00
1.090235352516174316e+00,1.648483991622924805e+00
1.939814209938049316e+00,1.181292152404785156e+01
2.636954188346862793e-01,3.393846035003662109e+00
1.619283318519592285e+00,3.062864542007446289e+00
2.208853244781494141e+00,2.319383621215820312e+00
2.158562421798706055e+00,5.603606700897216797e-01
1.251782417297363281e+00,4.857946872711181641e+00
1.041973084211349487e-01,6.226536273956298828e+00
-3.825523853302001953e-01,2.907917737960815430e+00
1.280705690383911133e+00,4.357433319091796875e+00
-1.896507889032363892e-01,2.684157609939575195e+00
2.288162946701049805e+00,5.920482635498046875e+00
8.315095305442810059e-01,4.194064617156982422e+00
1.543384194374084473e+00,3.093738079071044922e+00
1.713183522224426270e+00,4.932297766208648682e-01
1.406981110572814941e+00,3.649720191955566406e+00
1.011914253234863281e+00,1.745103240013122559e+00
2.355095863342285156e+00,3.478024482727050781e+00
2.539452075958251953e+00,1.026792764663696289e+00
1.719910264015197754e+00,3.909538269042968750e+00
1.242698073387145996e+00,5.448199272155761719e+00
1.961357951164245605e+00,9.320361018180847168e-01
1.747299432754516602e+00,2.378449678421020508e+00
1.831225752830505371e+00,4.349163532257080078e+00
-4.242886602878570557e-02,1.833382606506347656e+00
2.119202613830566406e+00,3.391820192337036133e+00
2.193215370178222656e+00,2.653642416000366211e+00
1.708572268486022949e+00,4.150302410125732422e+00
8.331881165504455566e-01,5.456583023071289062e+00
8.672479987144470215e-01,1.940406262874603271e-01
9.005071520805358887e-01,3.120849847793579102e+00
1.581971883773803711e+00,3.390179872512817383e+00
3.967688083648681641e-01,2.853655338287353516e+00
1.046878218650817871e+00,7.187334537506103516e+00
1.703086256980895996e+00,5.542643070220947266e+00
2.928339838981628418e-01,1.069914102554321289e+00
1.957987427711486816e+00,6.579703807830810547e+00
1.872244119644165039e+00,3.124829053878784180e+00
1.258141398429870605e+00,9.812505245208740234e-01
8.349832892417907715e-01,3.475480318069458008e+00
-2.333725243806838989e-01,4.074773788452148438e+00
1.163029670715332031e+00,3.682811021804809570e+00
1.464291572570800781e+00,5.545083045959472656e+00
9.118092656135559082e-01,8.987752914428710938e+00
2.261423587799072266e+00,3.781970739364624023e-01
2.339996576309204102e+00,1.010945200920104980e+00
9.916778206825256348e-01,1.167413949966430664e+00
1.909205764532089233e-01,3.371959447860717773e+00
-9.268321096897125244e-02,3.521183133125305176e-01
1.550718545913696289e+00,1.204090476036071777e+00
7.340890765190124512e-01,1.760619163513183594e+00
1.185876250267028809e+00,6.492515802383422852e-01
8.836290836334228516e-01,7.267771720886230469e+00
1.509165883064270020e+00,6.450514316558837891e+00
1.396308183670043945e+00,1.706018686294555664e+00
2.846434354782104492e+00,1.610072135925292969e+00
1.650543928146362305e+00,4.187351226806640625e+00
1.243762373924255371e+00,2.225877285003662109e+00
-1.838848143815994263e-01,2.949590921401977539e+00
-5.832274258136749268e-02,9.340720772743225098e-01
1.666875958442687988e+00,4.400718212127685547e+00
1.966962456703186035e+00,2.138841152191162109e-01
8.503888845443725586e-01,5.475708842277526855e-01
2.834648847579956055e+00,4.088147640228271484e+00
1.801337599754333496e+00,1.473015785217285156e+00
2.265034914016723633e+00,6.906018257141113281e-01
8.970196843147277832e-01,4.919871330261230469e+00
2.747073411941528320e+00,4.089379787445068359e+00
-3.480266928672790527e-01,3.451009511947631836e+00
1.564810276031494141e+00,4.870184421539306641e+00
-6.846337914466857910e-01,2.103628873825073242e+00
1.622680783271789551e+00,1.853869676589965820e+00
2.051172018051147461e+00,1.916585922241210938e+00
1.998470544815063477e+00,2.200714826583862305e+00
2.258510589599609375e+00,6.226636409759521484e+00
1.372684240341186523e+00,8.934962749481201172e-01
1.903388142585754395e+00,3.800649881362915039e+00
1.070534825325012207e+00,1.702224969863891602e+00
2.090363264083862305e+00,5.969103336334228516e+00
1.473491072654724121e+00,3.001365900039672852e+00
1.673494577407836914e+00,1.076936244964599609e+00
4.141469597816467285e-01,2.499948978424072266e+00
1.321827769279479980e+00,8.239720463752746582e-01
7.007139921188354492e-01,4.765131473541259766e+00
1.460260391235351562e+00,1.379748821258544922e+00
3.094743967056274414e+00,1.608629703521728516e+00
1.840988516807556152e+00,6.496495246887207031e+00
5.107111930847167969e-01,1.573987483978271484e+00
1.530477404594421387e+00,1.328498840332031250e+00
-4.653714299201965332e-01,6.234732151031494141e+00
9.112722873687744141e-01,1.620465993881225586e+00
1.698930144309997559e+00,2.326654672622680664e+00
1.275514721870422363e+00,2.241436719894409180e+00
2.082574814558029175e-01,-5.465606600046157837e-02
1.084149599075317383e+00,2.377661466598510742e+00
1.862316250801086426e+00,6.185861110687255859e+00
8.588851094245910645e-01,3.472978115081787109e+00
8.004079461097717285e-01,2.586488962173461914e+00
1.409536480903625488e+00,1.965831756591796875e+00
1.566854953765869141e+00,7.483112335205078125e+00
3.364040374755859375e+00,6.723427295684814453e+00
1.479282259941101074e+00,4.809661507606506348e-01
1.074908733367919922e+00,3.462138891220092773e+00
2.438260555267333984e+00,2.740699291229248047e+00
1.699680209159851074e+00,4.710927963256835938e+00
1.809750080108642578e+00,2.187173128128051758e+00
9.230650663375854492e-01,2.631181955337524414e+00
-3.733256459236145020e-01,1.661462426185607910e+00
6.776524186134338379e-01,3.313831090927124023e+00
1.968252897262573242e+00,2.668500185012817383e+00
1.251506447792053223e+00,5.525928497314453125e+00
2.087970018386840820e+00,6.478205204010009766e+00
1.227796316146850586e+00,4.496172428131103516e+00
7.430653572082519531e-01,1.306019663810729980e+00
1.270066380500793457e+00,9.971458315849304199e-01
5.304400920867919922e-01,4.596050739288330078e+00
1.102539777755737305e+00,1.004315495491027832e+00
1.691012740135192871e+00,2.220579147338867188e+00
1.759155988693237305e+00,3.692622423171997070e+00
-1.600803285837173462e-01,3.015424251556396484e+00
1.342163324356079102e+00,1.415847539901733398e+00
7.081238627433776855e-01,4.692119956016540527e-01
1.987638831138610840e+00,6.374368667602539062e+00
-8.255373239517211914e-01,3.213438749313354492e+00
6.542184352874755859e-01,1.817202925682067871e+00
1.125116705894470215e+00,3.340129375457763672e+00
1.707164168357849121e+00,4.635705471038818359e+00
1.324074625968933105e+00,4.186058521270751953e+00
1.967098474502563477e+00,1.912263393402099609e+00
1.213417291641235352e+00,7.709777951240539551e-01
1.222533822059631348e+00,1.236461877822875977e+00
1.607878327369689941e+00,2.238912582397460938e+00
-8.957624435424804688e-01,1.629350662231445312e+00
1.171048521995544434e+00,2.218524456024169922e+00
1.794194221496582031e+00,4.524755477905273438e+00
1.197546243667602539e+00,1.814489603042602539e+00
2.061510086059570312e+00,4.785677433013916016e+00
1.678326368331909180e+00,2.758027791976928711e+00
1.826936721801757812e+00,4.543816447257995605e-01
1.280271053314208984e+00,6.636145591735839844e+00
1.136558413505554199e+00,3.973703622817993164e+00
2.241226434707641602e+00,1.818964362144470215e+00
7.068567872047424316e-01,3.827605247497558594e+00
6.601758003234863281e-01,2.919432222843170166e-01
8.381240367889404297e-01,3.242735147476196289e+00
6.984145045280456543e-01,2.966710805892944336e+00
1.693212866783142090e+00,4.992586612701416016e+00
9.824483990669250488e-01,1.298038721084594727e+00
9.654793143272399902e-01,5.408993244171142578e+00
-2.759896516799926758e-01,2.035909175872802734e+00
1.903033614158630371e+00,2.909533679485321045e-01
1.581962108612060547e+00,5.908584594726562500e-01
1.045083999633789062e+00,4.526238441467285156e+00
-5.313708186149597168e-01,2.148083448410034180e+00
-9.912355244159698486e-02,1.826057195663452148e+00
1.474329948425292969e+00,1.064396381378173828e+00
1.220784306526184082e+00,3.559138059616088867e+00
1.850825905799865723e+00,1.451000809669494629e+00
-4.917336106300354004e-01,4.341269969940185547e+00
-1.203684359788894653e-01,1.968907475471496582e+00
1.225356340408325195e+00,3.675975799560546875e+00
1.580182552337646484e+00,8.602437973022460938e-01
2.400921583175659180e+00,2.781516313552856445e+00
1.097446441650390625e+00,6.498515009880065918e-01
8.764116168022155762e-01,2.908850431442260742e+00
-5.988137125968933105e-01,1.392196774482727051e+00
1.700458288192749023e+00,1.665518760681152344e+00
2.065104007720947266e+00,4.659540653228759766e+00
1.241468310356140137e+00,5.123889446258544922e+00
-8.638007938861846924e-02,3.845266342163085938e+00
1.762099385261535645e+00,2.656960964202880859e+00
2.421189546585083008e+00,1.495664000511169434e+00
1.419873237609863281e+00,8.430663347244262695e-01
2.002613306045532227e+00,7.439662933349609375e+00
1.327438712120056152e+00,6.543287754058837891e+00
7.073467969894409180e-01,1.667737483978271484e+00
5.794489979743957520e-01,2.343466997146606445e+00
2.090767860412597656e+00,1.437388420104980469e+00
1.134898066520690918e+00,2.662185192108154297e+00
2.206993818283081055e+00,3.263789892196655273e+00
1.169379949569702148e+00,7.522482275962829590e-01
1.290803194046020508e+00,9.047834873199462891e-01
1.948442816734313965e+00,1.186567068099975586e+00
-4.280608892440795898e-01,4.168859958648681641e+00
1.836843013763427734e+00,3.120545148849487305e+00
9.033710360527038574e-01,1.908592343330383301e+00
1.609779000282287598e+00,4.677300930023193359e+00
2.549155235290527344e+00,1.105869770050048828e+00
1.091332197189331055e+00,5.691813945770263672e+00
1.577145099639892578e+00,2.889261484146118164e+00
1.749303698539733887e+00,-1.313753426074981689e-03
1.271445393562316895e+00,7.967689990997314453e+00
1.428140044212341309e+00,1.002184987068176270e+00
1.838129758834838867e+00,1.636218428611755371e+00
1.380856156349182129e+00,3.768102645874023438e+00
1.615931391716003418e+00,6.466322392225265503e-02
2.424403667449951172e+00,6.155522465705871582e-01
-3.105564415454864502e-02,2.346965074539184570e-01
2.261732339859008789e+00,6.096163988113403320e-01
1.616632103919982910e+00,7.313635349273681641e+00
1.656895041465759277e+00,1.223178267478942871e+00
1.497982978820800781e+00,1.623221039772033691e+00
2.454942464828491211e+00,4.846148967742919922e+00
1.020970463752746582e+00,1.327413916587829590e+00
1.337740063667297363e+00,1.147989273071289062e+01
1.668948888778686523e+00,5.549028873443603516e+00
2.210119009017944336e+00,2.662130117416381836e+00
1.368037104606628418e+00,1.190989255905151367e+00
8.386867642402648926e-01,3.144719362258911133e+00
8.610233664512634277e-01,4.787821769714355469e+00
1.728423237800598145e+00,6.258114814758300781e+00
2.086830377578735352e+00,1.728613495826721191e+00
1.685869574546813965e+00,3.255268335342407227e+00
1.628943443298339844e+00,2.027479887008666992e+00
3.482894301414489746e-01,3.730814933776855469e+00
5.734500288963317871e-01,4.698146820068359375e+00
2.213528871536254883e+00,6.322516918182373047e+00
1.929900050163269043e+00,1.469763755798339844e+00
1.665967345237731934e+00,8.080949783325195312e-01
1.632091522216796875e+00,1.544326543807983398e+00
-1.695827990770339966e-01,2.853773355484008789e+00
1.689245462417602539e+00,6.177529811859130859e+00
1.736434340476989746e+00,1.507296681404113770e+00
1.218704938888549805e+00,7.824258804321289062e-01
1.742572307586669922e+00,2.959626674652099609e+00
1.722101569175720215e+00,5.180957794189453125e+00
2.002146482467651367e+00,2.488444328308105469e+00
1.775259613990783691e+00,1.881011486053466797e+00
5.916881561279296875e-01,2.216535568237304688e+00
9.640337824821472168e-01,4.429595470428466797e+00
8.034496903419494629e-01,2.121320009231567383e+00
1.153472661972045898e+00,1.116033077239990234e+00
1.614283919334411621e+00,1.069628357887268066e+00
2.261124610900878906e+00,2.017949104309082031e+00
1.690154194831848145e+00,9.607937335968017578e-01
1.527421474456787109e+00,5.002272129058837891e+00
3.073914647102355957e-01,9.643837809562683105e-01
2.019563436508178711e+00,4.715138912200927734e+00
1.612276077270507812e+00,4.504168033599853516e+00
2.959007024765014648e-01,-3.413505852222442627e-03
-1.311105042695999146e-01,2.261987447738647461e+00
1.095397949218750000e+00,1.324936389923095703e+00
1.111546754837036133e+00,4.402232646942138672e+00
-1.265372782945632935e-01,1.290914416313171387e+00
1.146568417549133301e+00,4.223361015319824219e+00
1.211077928543090820e+00,3.027751922607421875e+00
-2.522474527359008789e-01,2.665192842483520508e+00
1.686756968498229980e+00,2.086654424667358398e+00
8.102191090583801270e-01,3.303735256195068359e+00
1.265350937843322754e+00,3.306583404541015625e+00
-4.323608279228210449e-01,9.115086197853088379e-01
1.937777638435363770e+00,3.124633312225341797e+00
2.247390508651733398e+00,5.318274974822998047e+00
1.812095284461975098e+00,4.939619541168212891e+00
-6.337198019027709961e-01,3.958663702011108398e+00
1.557673066854476929e-01,4.172001361846923828e+00
-4.819239974021911621e-01,4.764603972434997559e-01
1.206616997718811035e+00,8.550900220870971680e-01
4.015493392944335938e-01,1.506722450256347656e+00
9.280251264572143555e-01,3.487393140792846680e+00
1.610778093338012695e+00,5.082906484603881836e-01
-3.245987296104431152e-01,-5.819884687662124634e-02
-2.203409224748611450e-01,3.179511070251464844e+00
-1.081575360149145126e-02,3.549385786056518555e+00
9.200333356857299805e-01,8.064931631088256836e-01
1.470423102378845215e+00,4.795525550842285156e+00
1.266113281250000000e+00,3.352065801620483398e+00
1.362084507942199707e+00,6.420969009399414062e+00
-8.714573979377746582e-01,7.150782346725463867e-01
1.840800285339355469e+00,3.450591564178466797e+00
7.622759938240051270e-01,6.973025202751159668e-01
1.005985856056213379e+00,2.739780902862548828e+00
1.676236510276794434e+00,1.425742387771606445e+00
1.569659590721130371e+00,1.040354609489440918e+00
5.420312285423278809e-01,3.020577907562255859e+00
1.683294296264648438e+00,1.625881195068359375e+00
1.431582212448120117e+00,8.685250282287597656e+00
2.100565671920776367e+00,6.803153514862060547e+00
-7.937571406364440918e-01,1.402293920516967773e+00
1.706334352493286133e+00,6.044857501983642578e-01
1.256396651268005371e+00,2.601921081542968750e+00
6.384958624839782715e-01,2.290946722030639648e+00
1.277232289314270020e+00,5.136796474456787109e+00
1.428294301033020020e+00,5.766813755035400391e-01
7.311736345291137695e-01,4.807965755462646484e+00
1.672462105751037598e+00,2.935842990875244141e+00
8.845425844192504883e-01,1.393437087535858154e-01
7.176532745361328125e-01,3.371143102645874023e+00
1.182508468627929688e+00,7.690148949623107910e-01
1.892819046974182129e+00,1.562008261680603027e+00
9.542555212974548340e-01,2.526620149612426758e+00
1.702742695808410645e+00,6.975798130035400391e+00
1.426528543233871460e-01,2.400181055068969727e+00
-8.321695327758789062e-01,2.048766851425170898e+00
1.573929071426391602e+00,2.039958477020263672e+00
9.633187949657440186e-02,2.347680091857910156e+00
1.927953124046325684e+00,1.367217540740966797e+00
2.012519121170043945e+00,1.292835950851440430e+00
-2.569771409034729004e-01,6.629451513290405273e-01
1.605079650878906250e+00,4.145969450473785400e-01
1.035539984703063965e+00,8.595510721206665039e-01
1.837340235710144043e+00,1.109986066818237305e+00
1.958879590034484863e+00,1.904407620429992676e+00
1.047199964523315430e+00,2.848007440567016602e+00
6.371413469314575195e-01,2.611856222152709961e+00
1.569807410240173340e+00,3.899987936019897461e+00
1.132159829139709473e+00,1.259276270866394043e-01
1.743919372558593750e+00,4.609957218170166016e+00
1.182665944099426270e+00,2.059992551803588867e+00
1.536136150360107422e+00,2.382704496383666992e+00
-2.474556714296340942e-01,2.553712368011474609e+00
1.952262282371520996e+00,5.161215782165527344e+00
1.952416300773620605e+00,1.364537119865417480e+00
1.102352976799011230e+00,3.590931177139282227e+00
7.366667389869689941e-01,5.032161235809326172e+00
9.288119673728942871e-01,2.801213979721069336e+00
1.287147402763366699e+00,4.297118663787841797e+00
1.406413555145263672e+00,1.482982277870178223e+00
1.627264618873596191e+00,2.970839262008666992e+00
-3.145105838775634766e-01,3.605010986328125000e+00
3.830139338970184326e-02,2.092379093170166016e+00
1.432838559150695801e+00,1.146473288536071777e+00
1.915000796318054199e+00,6.602347373962402344e+00
1.909160733222961426e+00,2.389567613601684570e+00
8.187864422798156738e-01,1.349473595619201660e+00
1.104447484016418457e+00,3.487716913223266602e+00
-4.952877163887023926e-01,5.294314622879028320e-01
1.436027765274047852e+00,4.599232673645019531e+00
1.036548376083374023e+00,8.867112398147583008e-01
2.314072847366333008e+00,4.823116779327392578e+00
5.828863978385925293e-01,7.383320808410644531e+00
1.564700126647949219e+00,6.210904568433761597e-02
1.108947038650512695e+00,3.016498088836669922e+00
9.744162559509277344e-01,1.501484632492065430e+00
1.056639790534973145e+00,3.179063647985458374e-02
1.225266337394714355e+00,3.435080528259277344e+00
-2.915864586830139160e-01,-8.926317840814590454e-02
-4.778110980987548828e-01,2.392308413982391357e-01
-3.982346057891845703e-01,1.743322134017944336e+00
-3.603214621543884277e-01,8.478991389274597168e-01
-2.814440131187438965e-01,2.326191186904907227e+00
9.630339145660400391e-01,1.231619000434875488e+00
1.759372472763061523e+00,6.903160095214843750e+00
2.993434667587280273e+00,1.141155719757080078e+00
1.706848025321960449e+00,5.048644542694091797e+00
1.993740677833557129e+00,2.594362020492553711e+00
1.973105788230895996e+00,4.012879371643066406e+00
1.091649174690246582e+00,9.370952844619750977e-01
1.268542170524597168e+00,-9.499779939651489258e-01
1.706283450126647949e+00,5.008807659149169922e+00
1.604138851165771484e+00,1.497391700744628906e+00
1.558269381523132324e+00,2.062770605087280273e+00
1.178045868873596191e+00,1.748239517211914062e+00
1.363662004470825195e+00,5.360825061798095703e+00
1.411711812019348145e+00,4.629127025604248047e+00
1.137734293937683105e+00,3.525776624679565430e+00
2.003394365310668945e+00,1.578499555587768555e+00
9.790442585945129395e-01,7.183133602142333984e+00
1.112018346786499023e+00,4.886224746704101562e+00
7.923477292060852051e-01,2.511705636978149414e+00
-6.135113835334777832e-01,2.624638795852661133e+00
5.362885594367980957e-01,8.148387670516967773e-01
9.961189627647399902e-01,1.960140466690063477e+00
5.139508247375488281e-01,1.918114781379699707e+00
1.571682572364807129e+00,5.300860881805419922e+00
1.315467357635498047e+00,1.325726032257080078e+00
4.242687821388244629e-01,2.946789979934692383e+00
1.465694308280944824e+00,4.196539878845214844e+00
1.071936130523681641e+00,7.222004532814025879e-01
1.376640915870666504e+00,4.076395034790039062e+00
1.833542466163635254e+00,2.760908842086791992e+00
-1.882250607013702393e-02,3.250999927520751953e+00
1.461467981338500977e+00,6.980772018432617188e-01
1.960567712783813477e+00,9.031460285186767578e-01
1.606952071189880371e+00,2.876170158386230469e+00
2.859013676643371582e-01,2.537096500396728516e+00
1.531344413757324219e+00,1.125118255615234375e+00
1.295157551765441895e+00,1.466994404792785645e+00
3.678633570671081543e-01,2.265980958938598633e+00
2.440842628479003906e+00,5.099434852600097656e+00
1.030493617057800293e+00,4.017813682556152344e+00
1.441493749618530273e+00,6.728398799896240234e+00
2.477259159088134766e+00,3.130649328231811523e+00
1.575294137001037598e+00,5.408899784088134766e+00
1.013523697853088379e+00,4.398088932037353516e+00
1.960912346839904785e+00,1.698879718780517578e+00
2.240115880966186523e+00,5.054455757141113281e+00
1.365937352180480957e+00,1.076242089271545410e+00
1.982009768486022949e+00,8.259277343750000000e+00
-2.627691030502319336e-01,2.032032728195190430e+00
5.925756692886352539e-01,1.665285587310791016e+00
2.444226741790771484e+00,3.652714014053344727e+00
1.966051101684570312e+00,4.679214477539062500e+00
2.010352373123168945e+00,3.436785459518432617e+00
1.800317168235778809e+00,3.905451536178588867e+00
2.284880399703979492e+00,2.000155448913574219e-01
2.226069450378417969e+00,6.020684719085693359e+00
-1.458914428949356079e-01,2.542104005813598633e+00
1.319151043891906738e+00,7.206662178039550781e+00
1.097375035285949707e+00,3.537480592727661133e+00
2.093887805938720703e+00,-2.196658402681350708e-02
7.618339657783508301e-01,2.011502265930175781e+00
6.814886331558227539e-01,4.192039966583251953e+00
8.675993084907531738e-01,3.501445531845092773e+00
2.227477788925170898e+00,2.860045909881591797e+00
1.792744159698486328e+00,4.579679965972900391e+00
2.016605377197265625e+00,9.465985298156738281e-01
2.035697460174560547e+00,8.552767038345336914e-01
1.691600561141967773e+00,6.130654811859130859e+00
1.684812426567077637e+00,1.643534183502197266e+00
2.068059921264648438e+00,2.242192506790161133e+00
8.986524939537048340e-01,1.627832531929016113e+00
1.262179613113403320e+00,1.179591894149780273e+00
9.877611398696899414e-01,9.090674400329589844e+00
1.165330648422241211e+00,1.260004043579101562e+00
1.502088665962219238e+00,4.764500141143798828e+00
1.603010892868041992e+00,8.876992464065551758e-01
1.543215513229370117e+00,1.565909624099731445e+00
1.237443566322326660e+00,2.384738445281982422e+00
1.840863943099975586e+00,8.693233132362365723e-01
1.791105628013610840e+00,6.527865409851074219e+00
1.571513533592224121e+00,1.608989953994750977e+00
2.775227785110473633e+00,6.287228107452392578e+00
1.467791914939880371e+00,1.521064758300781250e+00
6.948340535163879395e-01,2.474982023239135742e+00
4.743487238883972168e-01,4.785755634307861328e+00
2.120006561279296875e+00,5.355557441711425781e+00
1.995743751525878906e+00,2.709353685379028320e+00
9.922667741775512695e-01,4.657598495483398438e+00
1.643800854682922363e+00,5.310302257537841797e+00
2.328179597854614258e+00,2.563432455062866211e+00
1.151466727256774902e+00,3.059133052825927734e+00
1.051067471504211426e+00,7.033002376556396484e+00
1.402369618415832520e+00,4.217114448547363281e+00
1.050366282463073730e+00,2.309223175048828125e+00
1.339413046836853027e+00,2.868355989456176758e+00
1.428024530410766602e+00,8.024278879165649414e-01
1.520823001861572266e+00,5.099735260009765625e+00
1.561173200607299805e+00,5.199343681335449219e+00
1.873968243598937988e+00,2.218995332717895508e+00
1.154881119728088379e+00,9.632610678672790527e-01
1.860375642776489258e+00,4.753898382186889648e-01
1.569602966308593750e+00,4.718909740447998047e+00
2.252798795700073242e+00,2.338181734085083008e-01
1.406922459602355957e+00,4.107385158538818359e+00
2.179615020751953125e+00,3.249293088912963867e+00
2.929922938346862793e-01,1.521907806396484375e+00
2.151669025421142578e+00,4.519615173339843750e+00
1.605160117149353027e+00,4.428376197814941406e+00
2.268896579742431641e+00,6.816042423248291016e+00
1.409972310066223145e+00,4.542084217071533203e+00
-4.449794292449951172e-01,4.486875057220458984e+00
7.030252218246459961e-01,1.982314825057983398e+00
4.439017772674560547e-01,1.324677467346191406e+00
1.075967788696289062e+00,4.185778141021728516e+00
1.548926711082458496e+00,4.826598644256591797e+00
1.418967485427856445e+00,2.305747270584106445e+00
2.917241573333740234e+00,7.363518476486206055e-01
1.347641348838806152e+00,5.972495555877685547e+00
8.017857670783996582e-01,3.297413587570190430e+00
2.749016523361206055e+00,2.653790473937988281e+00
1.870951533317565918e+00,2.862468719482421875e+00
-4.274476766586303711e-01,2.839587450027465820e+00
2.175206899642944336e+00,1.807918071746826172e+00
1.762001395225524902e+00,7.797390460968017578e+00
1.889691472053527832e+00,2.408612489700317383e+00
1.489586949348449707e+00,3.651280879974365234e+00
1.720244288444519043e+00,2.256808996200561523e+00
1.496637940406799316e+00,1.298954844474792480e+00
2.067087888717651367e+00,4.761267185211181641e+00
1.115828156471252441e+00,4.519316196441650391e+00
7.905848622322082520e-01,1.517671465873718262e+00
1.350618243217468262e+00,2.294415712356567383e+00
1.577256321907043457e+00,1.405994772911071777e+00
1.462406039237976074e+00,-1.945272088050842285e-04
1.893697977066040039e+00,2.323177099227905273e+00
7.938539981842041016e-01,6.027152538299560547e+00
2.324439525604248047e+00,3.133491754531860352e+00
8.642594218254089355e-01,3.177394866943359375e+00
1.010597825050354004e+00,5.259782314300537109e+00
1.217298269271850586e+00,3.242952346801757812e+00
6.299828290939331055e-01,4.681685924530029297e+00
2.250444650650024414e+00,1.492391824722290039e+00
1.156599521636962891e+00,5.088864326477050781e+00
1.610216259956359863e+00,1.546497941017150879e+00
9.115321636199951172e-01,3.342956304550170898e+00
1.836348414421081543e+00,5.467502117156982422e+00
1.349478721618652344e+00,4.702218532562255859e+00
1.091233611106872559e+00,2.816399335861206055e+00
2.184426069259643555e+00,3.066081762313842773e+00
4.232036471366882324e-01,4.339601993560791016e+00
1.654104948043823242e+00,1.648777484893798828e+00
1.582773089408874512e+00,5.620281219482421875e+00
2.736516952514648438e+00,8.552535057067871094e+00
7.704566419124603271e-02,2.380076885223388672e+00
1.314497947692871094e+00,2.471758365631103516e+00
-8.070679008960723877e-02,2.393536329269409180e+00
1.015802502632141113e+00,1.024382829666137695e+00
7.676323056221008301e-01,5.069560050964355469e+00
1.837989330291748047e+00,8.189754486083984375e-01
1.375525951385498047e+00,4.359508156776428223e-01
1.082323551177978516e+00,1.440510869026184082e+00
1.724861502647399902e+00,1.976220250129699707e+00
9.490830898284912109e-01,2.919328689575195312e+00
1.383393168449401855e+00,1.034904837608337402e+00
1.459724664688110352e+00,3.540451526641845703e+00
1.212202429771423340e+00,7.581649303436279297e+00
1.854122161865234375e+00,1.072799086570739746e+00
1.242752790451049805e+00,4.717379093170166016e+00
1.558962106704711914e+00,1.374533653259277344e+00
1.104219317436218262e+00,1.263741731643676758e+00
1.151594519615173340e+00,2.257894277572631836e+00
1.201321482658386230e+00,1.827402114868164062e-01
1.037685751914978027e+00,1.184681415557861328e+00
1.880012392997741699e+00,4.413391113281250000e+00
1.578887104988098145e+00,2.402173995971679688e+00
1.356122970581054688e+00,4.172115802764892578e+00
1.477168440818786621e+00,8.832480430603027344e+00
2.099330425262451172e+00,2.267541885375976562e+00
1.238667607307434082e+00,2.009427070617675781e+00
2.140522241592407227e+00,4.484659671783447266e+00
6.082306504249572754e-01,4.858204364776611328e+00
1.823706150054931641e+00,4.357583820819854736e-01
1.330164313316345215e+00,1.753810524940490723e+00
2.476036071777343750e+00,6.059144496917724609e+00
1.542757034301757812e+00,2.803930044174194336e+00
3.721164166927337646e-02,7.027152180671691895e-01
1.253160834312438965e+00,4.843456268310546875e+00
1.821458458900451660e+00,4.224024295806884766e+00
1.708709359169006348e+00,3.506137371063232422e+00
2.082201719284057617e+00,1.845700263977050781e+00
9.504453539848327637e-01,5.441285610198974609e+00
1.600510597229003906e+00,6.692685604095458984e+00
1.511369347572326660e+00,3.746846437454223633e+00
1.281982302665710449e+00,8.507554054260253906e+00
1.107749700546264648e+00,4.325611591339111328e+00
1.907140851020812988e+00,7.080122470855712891e+00
1.138416528701782227e+00,3.479652702808380127e-01
1.979161858558654785e+00,5.212119579315185547e+00
1.527381658554077148e+00,3.358122825622558594e+00
9.335574507713317871e-01,1.601984620094299316e+00
6.388452649116516113e-01,2.085877895355224609e+00
1.475769639015197754e+00,3.719111680984497070e+00
1.557318210601806641e+00,5.086539268493652344e+00
6.641378998756408691e-01,2.492693662643432617e+00
1.313196420669555664e+00,3.607232809066772461e+00
-4.607488512992858887e-01,3.484224081039428711e+00
1.439987778663635254e+00,1.773084759712219238e+00
1.195728063583374023e+00,-4.989849328994750977e-01
1.170734047889709473e+00,5.446904182434082031e+00
1.218022942543029785e+00,2.823745727539062500e+00
1.029828906059265137e+00,5.269431114196777344e+00
1.177454590797424316e+00,8.814885616302490234e-01
9.817287921905517578e-01,2.994637727737426758e+00
8.044734597206115723e-01,3.620640993118286133e+00
2.135020494461059570e+00,4.484046459197998047e+00
4.116773605346679688e-01,1.781916499137878418e+00
2.168784379959106445e+00,6.305275917053222656e+00
1.337108850479125977e+00,4.664664745330810547e+00
5.650249123573303223e-01,4.361961841583251953e+00
3.073684871196746826e-02,1.603166341781616211e+00
2.053870916366577148e+00,2.932430028915405273e+00
1.692924141883850098e+00,6.558650493621826172e+00
6.896771192550659180e-01,8.154724836349487305e-01
1.859554648399353027e+00,6.422665119171142578e-01
1.801706314086914062e+00,2.740731954574584961e+00
1.467178940773010254e+00,4.919331669807434082e-01
9.284984469413757324e-01,3.233611583709716797e+00
1.495519876480102539e+00,4.712737560272216797e+00
1.531945228576660156e+00,-6.714401245117187500e-01
1.830934166908264160e+00,3.652408361434936523e+00
1.708971738815307617e+00,4.359403550624847412e-01
3.831573128700256348e-01,3.024480819702148438e+00
1.941703677177429199e+00,6.277431488037109375e+00
7.604917287826538086e-01,4.974742412567138672e+00
3.847995996475219727e-01,4.108706474304199219e+00
1.745343804359436035e+00,9.213529825210571289e-01
1.255685329437255859e+00,7.512137889862060547e-01
1.048716425895690918e+00,3.412725210189819336e+00
-6.007098555564880371e-01,3.084555387496948242e+00
1.518193006515502930e+00,4.918002337217330933e-02
1.971661567687988281e+00,8.166595697402954102e-01
1.310138821601867676e+00,3.999999523162841797e+00
6.909846663475036621e-01,3.288183927536010742e+00
2.438028812408447266e+00,2.697870731353759766e+00
7.488735318183898926e-01,9.363365173339843750e+00
1.926723361015319824e+00,1.761549115180969238e+00
2.520617246627807617e+00,5.708517551422119141e+00
1.186898708343505859e+00,4.594939708709716797e+00
1.909878969192504883e+00,6.267771720886230469e+00
1.363543748855590820e+00,8.478814125061035156e+00
2.368494272232055664e+00,2.651001453399658203e+00
8.985410332679748535e-01,1.001669764518737793e+00
1.503764867782592773e+00,2.112613201141357422e+00
2.649098634719848633e+00,2.419987916946411133e+00
5.779203772544860840e-01,1.323122143745422363e+00
-2.473547607660293579e-01,1.938951492309570312e+00
9.387432932853698730e-01,5.027084827423095703e+00
-2.269717007875442505e-01,3.530193567276000977e+00
1.541042447090148926e+00,9.158262014389038086e-01
1.650535225868225098e+00,4.659595966339111328e+00
1.064223647117614746e+00,9.970296621322631836e-01
1.699258327484130859e+00,1.912677049636840820e+00
1.137000799179077148e+00,2.012420415878295898e+00
1.200339317321777344e+00,1.127561569213867188e+00
-4.739083647727966309e-01,1.570443511009216309e+00
1.432643890380859375e+00,3.734658718109130859e+00
2.156513929367065430e+00,2.657749414443969727e+00
7.513558864593505859e-01,2.108173608779907227e+00
1.010098576545715332e+00,2.135421514511108398e+00
8.093926310539245605e-01,4.603995800018310547e+00
6.341677308082580566e-01,4.391289710998535156e+00
1.976786136627197266e+00,3.270856440067291260e-01
1.456701278686523438e+00,3.089439630508422852e+00
1.229191899299621582e+00,5.150012493133544922e+00
1.747262835502624512e+00,4.816747188568115234e+00
7.094479203224182129e-01,1.543908596038818359e+00
1.270755887031555176e+00,6.557036876678466797e+00
2.489825963973999023e+00,4.755472660064697266e+00
1.779116511344909668e+00,1.945661306381225586e+00
8.208742737770080566e-01,4.241213321685791016e+00
1.903475165367126465e+00,6.521965503692626953e+00
9.227080941200256348e-01,1.677874088287353516e+00
2.063137292861938477e+00,2.712654113769531250e+00
-1.358838826417922974e-01,2.790307998657226562e+00
1.572836041450500488e+00,1.451709151268005371e+00
-4.935085177421569824e-01,2.002631664276123047e+00
2.291125297546386719e+00,2.969774603843688965e-01
1.310442328453063965e+00,4.047086238861083984e+00
2.013938903808593750e+00,1.060771942138671875e+00
1.885180830955505371e+00,2.394751787185668945e+00
1.356323003768920898e+00,5.135415077209472656e+00
2.211020231246948242e+00,5.118960857391357422e+00
-3.984953165054321289e-01,1.079065084457397461e+00
1.431069016456604004e+00,8.765419006347656250e+00
1.395443558692932129e+00,7.435054183006286621e-01
5.085580945014953613e-01,2.271628379821777344e+00
3.934256434440612793e-01,1.836924791336059570e+00
4.277800917625427246e-01,2.540853261947631836e+00
9.557012915611267090e-01,3.949894666671752930e+00
1.809596657752990723e+00,3.708365678787231445e+00
-9.283071756362915039e-01,1.121207833290100098e+00
8.298311233520507812e-01,1.812995433807373047e+00
8.005511164665222168e-01,4.275377750396728516e+00
2.136119127273559570e+00,3.707682371139526367e+00
1.810634493827819824e+00,1.047863006591796875e+00
1.473883509635925293e+00,4.522896289825439453e+00
1.288973212242126465e+00,7.436414241790771484e+00
1.643421649932861328e+00,5.083093047142028809e-01
1.561863064765930176e+00,3.547662973403930664e+00
1.753460407257080078e+00,5.150619029998779297e+00
1.477426052093505859e+00,1.710762739181518555e+00
1.455020427703857422e+00,2.024045467376708984e+00
8.487691283226013184e-01,3.107542037963867188e+00
1.269610047340393066e+00,8.503177762031555176e-01
9.373036026954650879e-01,3.593284845352172852e+00
2.028303861618041992e+00,3.875749111175537109e-01
1.053023457527160645e+00,2.432646989822387695e+00
2.161105871200561523e+00,4.096027851104736328e+00
1.902915358543395996e+00,4.062511444091796875e+00
8.759955763816833496e-01,1.730521798133850098e+00
-5.785940289497375488e-01,1.785721063613891602e+00
1.997845053672790527e+00,5.048180103302001953e+00
1.258813261985778809e+00,4.058264940977096558e-02
1.786408543586730957e+00,5.997321605682373047e-01
7.532703876495361328e-01,4.946350157260894775e-01
-7.143327593803405762e-01,1.447285056114196777e+00
1.621476054191589355e+00,-7.538909465074539185e-02
1.161768436431884766e+00,5.448033809661865234e-01
8.968628048896789551e-01,4.210357189178466797e+00
1.307987093925476074e+00,5.008241534233093262e-01
4.745040535926818848e-01,3.156079053878784180e+00
1.046849727630615234e+00,1.155081868171691895e+00
1.798053026199340820e+00,9.266146421432495117e-01
1.702062606811523438e+00,1.918432712554931641e+00
1.894592642784118652e+00,3.627534508705139160e-01
2.021848201751708984e+00,3.540879487991333008e+00
1.679666280746459961e+00,4.943919658660888672e+00
7.886292338371276855e-01,2.891376495361328125e+00
1.887740969657897949e+00,1.569987297058105469e+00
1.503099441528320312e+00,2.403777837753295898e+00
1.112792134284973145e+00,2.339031934738159180e+00
1.810455441474914551e+00,9.645977020263671875e-01
8.803094625473022461e-01,2.378152608871459961e+00
1.149767160415649414e+00,4.423807621002197266e+00
1.620890736579895020e+00,4.765469133853912354e-01
8.973088860511779785e-01,2.065092563629150391e+00
1.291921734809875488e+00,3.200938463211059570e+00
1.662135004997253418e+00,6.772573947906494141e+00
9.403336644172668457e-01,1.496091008186340332e+00
1.782388806343078613e+00,6.373050212860107422e-01
1.867318987846374512e+00,2.974779129028320312e+00
1.767454504966735840e+00,4.700871944427490234e+00
2.082080602645874023e+00,5.576826095581054688e+00
1.916547179222106934e+00,2.400604486465454102e+00
1.792746901512145996e+00,2.438036918640136719e+00
1.355991005897521973e+00,1.326918601989746094e+00
2.302226066589355469e+00,4.709298610687255859e+00
1.124842405319213867e+00,3.110219717025756836e+00
1.890086293220520020e+00,2.201663732528686523e+00
1.518760681152343750e+00,5.107832908630371094e+00
1.129655361175537109e+00,4.720724582672119141e+00
1.392555713653564453e+00,1.436031937599182129e+00
1.150776624679565430e+00,4.332461833953857422e+00
1.258720040321350098e+00,2.893267154693603516e+00
-7.197738289833068848e-01,3.034084081649780273e+00
1.434647917747497559e+00,3.068077325820922852e+00
4.086478352546691895e-01,4.255729198455810547e+00
1.513103127479553223e+00,4.442448139190673828e+00
1.606232047080993652e+00,7.686934471130371094e+00
-7.445668578147888184e-01,2.773133754730224609e+00
4.385613799095153809e-01,5.585401058197021484e-01
1.198591709136962891e+00,5.528264641761779785e-01
9.670894742012023926e-01,2.086386919021606445e+00
-6.824830770492553711e-01,5.369041442871093750e+00
1.461970686912536621e+00,2.032334804534912109e+00
5.486653447151184082e-01,3.905026197433471680e+00
1.729211449623107910e+00,1.789395928382873535e+00
2.195169687271118164e+00,5.146685600280761719e+00
2.135995626449584961e+00,9.074214696884155273e-01
8.594818711280822754e-01,4.492675304412841797e+00
1.487229585647583008e+00,4.024790763854980469e+00
1.996557354927062988e+00,4.559840679168701172e+00
3.517923355102539062e-01,4.895731449127197266e+00
4.595386683940887451e-01,8.144923210144042969e+00
2.193950653076171875e+00,8.372977972030639648e-01
1.232201218605041504e+00,4.446233272552490234e+00
1.734606266021728516e+00,7.556852817535400391e+00
1.360781788825988770e+00,9.090127944946289062e-01
2.021934986114501953e+00,7.182695388793945312e+00
1.855440735816955566e+00,3.255136251449584961e+00
1.545159697532653809e+00,1.264280319213867188e+00
1.515966415405273438e+00,3.248512983322143555e+00
1.659049868583679199e+00,5.130215167999267578e+00
1.780732274055480957e+00,2.620294809341430664e+00
2.479662179946899414e+00,5.224051475524902344e+00
1.277159810066223145e+00,2.046522617340087891e+00
5.521729588508605957e-01,7.398655414581298828e+00
1.004291534423828125e+00,1.988647341728210449e+00
-1.278689652681350708e-01,1.056348681449890137e+00
1.072708487510681152e+00,5.421455860137939453e+00
6.786389946937561035e-01,1.818874597549438477e+00
-3.323733210563659668e-01,2.896701097488403320e+00
2.106365412473678589e-01,4.063012123107910156e+00
1.564039468765258789e+00,3.056207418441772461e+00
9.515460729598999023e-01,4.266339302062988281e+00
1.790448069572448730e+00,4.899353027343750000e+00
2.243895292282104492e+00,3.047630310058593750e+00
1.171516537666320801e+00,6.356391310691833496e-01
9.061706662178039551e-01,3.306265592575073242e+00
2.370142221450805664e+00,1.458211421966552734e+00
1.502804636955261230e+00,1.357196331024169922e+00
9.174719452857971191e-01,-2.150909006595611572e-01
1.148276686668395996e+00,3.666430234909057617e+00
1.019713133573532104e-01,4.578401088714599609e+00
5.329695343971252441e-01,3.391947507858276367e+00
1.220297574996948242e+00,3.100998163223266602e+00
-5.495306253433227539e-01,1.398947477340698242e+00
4.929307103157043457e-01,3.132098436355590820e+00
8.467445373535156250e-01,7.281671762466430664e-01
1.479362964630126953e+00,3.824068784713745117e+00
2.328019380569458008e+00,3.093394279479980469e+00
1.523634910583496094e+00,5.398974895477294922e+00
7.397833466529846191e-01,1.765153884887695312e+00
1.268106937408447266e+00,3.573761224746704102e+00
-4.557014107704162598e-01,1.755890965461730957e+00
5.416572690010070801e-01,2.147904634475708008e+00
1.279662609100341797e+00,2.229145050048828125e+00
-4.668927192687988281e-01,7.191396355628967285e-01
1.380634307861328125e+00,9.807866811752319336e-01
1.661943674087524414e+00,3.410556316375732422e+00
5.908429026603698730e-01,1.498368740081787109e+00
1.686533093452453613e+00,7.329595088958740234e+00
1.507273316383361816e+00,7.879749774932861328e+00
-3.579941391944885254e-01,1.300939321517944336e+00
1.840114235877990723e+00,1.644570231437683105e+00
1.461154818534851074e+00,6.659681797027587891e+00
6.581060886383056641e-01,4.865564823150634766e+00
1.753096818923950195e+00,4.139701366424560547e+00
1.148309826850891113e+00,4.446774005889892578e+00
2.043936252593994141e+00,7.866123676300048828e+00
1.625905990600585938e+00,6.714813232421875000e+00
4.092199206352233887e-01,2.936522960662841797e+00
1.544718146324157715e+00,5.710350275039672852e-01
3.572415411472320557e-01,6.617412090301513672e+00
1.864273190498352051e+00,4.013266086578369141e+00
1.455090999603271484e+00,4.297081947326660156e+00
9.915863871574401855e-01,2.801880836486816406e-01
1.927905678749084473e+00,6.311094760894775391e+00
9.792546629905700684e-01,3.144759178161621094e+00
7.638990879058837891e-01,3.592684030532836914e+00
1.528548449277877808e-01,2.062236785888671875e+00
1.144427537918090820e+00,4.681437492370605469e+00
7.199351489543914795e-02,2.209700345993041992e+00
6.612587571144104004e-01,3.797165632247924805e+00
-1.354825645685195923e-01,3.047539949417114258e+00
2.082689046859741211e+00,8.098443984985351562e+00
-4.370334744453430176e-01,3.301781415939331055e+00
1.786285638809204102e+00,-1.275554597377777100e-01
1.546587705612182617e+00,4.951862812042236328e+00
1.747693777084350586e+00,6.377857685089111328e+00
2.017788887023925781e+00,2.005506277084350586e+00
1.680838704109191895e+00,5.009466648101806641e+00
2.298608303070068359e+00,5.285893082618713379e-01
-3.878155350685119629e-01,1.242427349090576172e+00
-6.002220511436462402e-01,1.877936124801635742e+00
-2.161304503679275513e-01,1.596550226211547852e+00
1.795721173286437988e+00,5.372017383575439453e+00
9.536506533622741699e-01,3.441069602966308594e+00
4.931400418281555176e-01,6.118988513946533203e+00
1.469622254371643066e+00,3.315065145492553711e+00
2.683575153350830078e-01,9.044692516326904297e-01
1.633236765861511230e+00,6.560204029083251953e+00
6.930900216102600098e-01,2.569291591644287109e+00
-5.056625008583068848e-01,-4.212943464517593384e-02
1.913474798202514648e+00,1.703011512756347656e+00
2.213585615158081055e+00,5.456842899322509766e+00
1.988267302513122559e+00,2.472419261932373047e+00
1.669563651084899902e+00,-8.062580972909927368e-02
2.132224291563034058e-01,2.571654319763183594e+00
1.506280899047851562e+00,4.931276738643646240e-01
1.893823981285095215e+00,7.937456130981445312e+00
1.824920773506164551e+00,3.351772546768188477e+00
9.968484044075012207e-01,1.443112611770629883e+00
1.561775207519531250e+00,5.035302639007568359e+00
1.766662955284118652e+00,5.453409671783447266e+00
6.624376177787780762e-01,1.065538048744201660e+00
1.184530377388000488e+00,6.732945442199707031e+00
1.632859110832214355e+00,1.123443603515625000e+00
1.203827738761901855e+00,2.421528816223144531e+00
1.413675785064697266e+00,3.667351961135864258e+00
1.359109163284301758e+00,4.866518020629882812e+00
1.009163379669189453e+00,3.075330555438995361e-01
1.254924893379211426e+00,1.299119114875793457e+00
1.674632310867309570e+00,1.512491822242736816e+00
1.899985671043395996e+00,6.322981834411621094e+00
4.938942790031433105e-01,1.719992876052856445e+00
1.621826529502868652e+00,3.188146591186523438e+00
1.044392347335815430e+00,4.355998039245605469e+00
9.611298441886901855e-01,5.954902172088623047e-01
-2.818707823753356934e-01,1.651848793029785156e+00
1.321681737899780273e+00,1.393695473670959473e+00
2.464358329772949219e+00,2.794688463211059570e+00
1.734132647514343262e+00,1.743143439292907715e+00
1.304865598678588867e+00,7.068101763725280762e-01
1.590846061706542969e+00,2.744577229022979736e-01
5.269966125488281250e-01,3.604889154434204102e+00
1.965732932090759277e+00,2.529672622680664062e+00
1.438844919204711914e+00,5.802783489227294922e+00
1.178979754447937012e+00,5.682618618011474609e+00
1.808905482292175293e+00,5.605523586273193359e-01
5.620573163032531738e-01,4.250028133392333984e+00
1.435681462287902832e+00,1.793540716171264648e+00
6.962572932243347168e-01,2.815936803817749023e+00
6.672197580337524414e-01,3.285734415054321289e+00
1.645668506622314453e+00,3.144821643829345703e+00
9.522154927253723145e-01,1.135613843798637390e-01
1.419587969779968262e+00,5.197749733924865723e-01
1.951550483703613281e+00,6.443087100982666016e+00
1.434378504753112793e+00,2.529226541519165039e+00
1.773403525352478027e+00,6.068745136260986328e+00
1.605893850326538086e+00,3.092748880386352539e+00
1.608248472213745117e+00,5.809028625488281250e+00
1.995628237724304199e+00,1.699177980422973633e+00
-1.798609048128128052e-01,2.694455623626708984e+00
2.643289089202880859e+00,6.803267002105712891e-01
1.681868672370910645e+00,2.524765729904174805e+00
2.025394439697265625e+00,4.437469959259033203e+00
1.220954060554504395e+00,8.911849260330200195e-01
2.000390291213989258e+00,1.855277895927429199e+00
7.124828100204467773e-01,3.916009902954101562e+00
1.678568482398986816e+00,3.445386648178100586e+00
3.108259916305541992e+00,6.021835327148437500e+00
6.664940714836120605e-01,5.443796634674072266e+00
1.107325434684753418e+00,1.188097834587097168e+00
1.020445585250854492e+00,3.267580270767211914e+00
1.653970241546630859e+00,6.750100135803222656e+00
-1.232107520103454590e+00,3.110093832015991211e+00
4.926046133041381836e-01,2.743406772613525391e+00
1.028577685356140137e+00,4.492817223072052002e-01
1.698432803153991699e+00,8.302207946777343750e+00
1.517604231834411621e+00,2.516975402832031250e+00
6.119801402091979980e-01,4.355678081512451172e+00
2.451605081558227539e+00,3.288601636886596680e+00
1.401023659855127335e-02,5.824940204620361328e-01
2.111704111099243164e+00,2.201315879821777344e+00
1.649857401847839355e+00,1.791002511978149414e+00
1.963069319725036621e+00,4.504752635955810547e+00
8.674778342247009277e-01,3.996536493301391602e+00
1.409655690193176270e+00,2.634564638137817383e+00
1.049980759620666504e+00,3.288872480392456055e+00
2.287842482328414917e-01,5.161625862121582031e+00
-3.665982484817504883e-01,1.580672502517700195e+00
1.717196583747863770e+00,1.386733055114746094e+00
-5.429832339286804199e-01,1.445626020431518555e+00
9.388553500175476074e-01,1.622853517532348633e+00
1.619072318077087402e+00,1.606104373931884766e+00
1.594643712043762207e+00,1.956465959548950195e+00
4.960892796516418457e-01,2.298780679702758789e+00
1.341148495674133301e+00,9.152137637138366699e-01
1.912037730216979980e+00,2.932920217514038086e+00
-3.536645770072937012e-01,1.659866333007812500e+00
2.016798019409179688e+00,6.367420673370361328e+00
1.410099148750305176e+00,2.235926389694213867e+00
1.422346472740173340e+00,5.993133783340454102e-01
1.467324256896972656e+00,1.032769441604614258e+00
2.209946632385253906e+00,1.196346804499626160e-01
1.270501732826232910e+00,2.773537397384643555e+00
2.091377258300781250e+00,1.983340382575988770e+00
1.481759428977966309e+00,4.640327930450439453e+00
1.169756054878234863e+00,1.761989116668701172e+00
1.179156899452209473e+00,4.306902408599853516e+00
-1.339437514543533325e-01,1.523368716239929199e+00
2.254648208618164062e+00,-2.566684037446975708e-02
-1.187147647142410278e-01,4.050976276397705078e+00
1.406845688819885254e+00,4.211418628692626953e+00
1.635697245597839355e+00,1.131553292274475098e+00
1.441489338874816895e+00,4.979317665100097656e+00
-1.547624617815017700e-01,3.724890470504760742e+00
1.590054750442504883e+00,2.490042209625244141e+00
9.720383286476135254e-01,6.811910629272460938e+00
7.355881929397583008e-01,2.098104715347290039e+00
3.118120431900024414e-01,2.717093467712402344e+00
-3.341188430786132812e-01,1.393609404563903809e+00
1.520995974540710449e+00,2.559277772903442383e+00
1.742650747299194336e+00,1.615725398063659668e+00
1.643854856491088867e+00,1.090018749237060547e+00
1.383622765541076660e+00,1.871433973312377930e+00
-7.792575359344482422e-01,1.605149149894714355e+00
1.532677173614501953e+00,1.491487622261047363e+00
2.024833202362060547e+00,5.411157131195068359e+00
9.454252719879150391e-01,2.776558160781860352e+00
1.928693890571594238e+00,4.231742382049560547e+00
-3.603255152702331543e-01,2.986792802810668945e+00
1.322802662849426270e+00,1.867908358573913574e+00
1.769639611244201660e+00,2.111629247665405273e+00
9.547738432884216309e-01,2.819507122039794922e+00
1.400728225708007812e+00,2.776560068130493164e+00
1.554021120071411133e+00,3.821256399154663086e+00
1.161274075508117676e+00,4.113238334655761719e+00
1.033007740974426270e+00,2.872003555297851562e+00
1.205655932426452637e+00,4.556424617767333984e+00
9.938903450965881348e-01,3.196899175643920898e+00
1.975012421607971191e+00,4.921329975128173828e+00
1.949400067329406738e+00,6.665448188781738281e+00
-7.815842032432556152e-01,2.654939174652099609e+00
1.713443398475646973e+00,2.149940252304077148e+00
2.840855121612548828e-01,1.157676339149475098e+00
2.312172412872314453e+00,3.571929454803466797e+00
1.702936887741088867e+00,6.868427753448486328e+00
1.260018706321716309e+00,2.729092836380004883e+00
1.103579163551330566e+00,2.691078424453735352e+00
8.527950644493103027e-01,2.108987331390380859e+00
2.110893011093139648e+00,3.619266450405120850e-01
5.713356137275695801e-01,3.345774412155151367e+00
-2.216704189777374268e-02,1.647729396820068359e+00
1.098039150238037109e+00,3.297608375549316406e+00
2.897622823715209961e+00,7.166638851165771484e+00
1.228342771530151367e+00,1.194887042045593262e+00
1.546739697456359863e+00,1.178909182548522949e+00
3.669363260269165039e-01,3.016725063323974609e+00
1.789673417806625366e-01,3.519830226898193359e+00
1.446877717971801758e+00,6.861752033233642578e+00
1.290348410606384277e+00,2.496463060379028320e+00
1.715915560722351074e+00,2.815847873687744141e+00
1.524582624435424805e+00,8.149486541748046875e+00
2.162238806486129761e-01,2.878314733505249023e+00
1.625880002975463867e+00,1.582713246345520020e+00
2.374282598495483398e+00,4.861681938171386719e+00
-6.006753444671630859e-01,4.114910602569580078e+00
5.413655042648315430e-01,-3.334844857454299927e-02
7.031958699226379395e-01,4.633178234100341797e+00
2.216698646545410156e+00,2.172200918197631836e+00
-8.877167105674743652e-01,1.959396123886108398e+00
8.537008166313171387e-01,5.007013797760009766e+00
2.074293851852416992e+00,1.009579181671142578e+00
1.066717147827148438e+00,3.471976757049560547e+00
1.796636343002319336e+00,1.929707646369934082e+00
1.694877743721008301e+00,1.741563081741333008e+00
-6.824485659599304199e-01,2.686900377273559570e+00
1.417347788810729980e+00,1.923114061355590820e+00
2.119690656661987305e+00,1.079903483390808105e+00
1.707666516304016113e+00,8.658940196037292480e-01
-3.947011828422546387e-01,3.092227697372436523e+00
2.169877767562866211e+00,7.135581970214843750e-01
1.209628343582153320e+00,1.960123062133789062e+00
1.514600276947021484e+00,2.650903761386871338e-01
1.366247296333312988e+00,1.606805443763732910e+00
1.533164858818054199e+00,4.290690898895263672e+00
7.135078310966491699e-01,2.257924318313598633e+00
-1.952341943979263306e-01,1.522871613502502441e+00
1.761211514472961426e+00,7.200957298278808594e+00
2.320319652557373047e+00,9.667127132415771484e-01
1.794647455215454102e+00,2.440784931182861328e+00
1.497103214263916016e+00,2.066363811492919922e+00
1.550946354866027832e+00,1.394759416580200195e+00
1.408193707466125488e+00,4.002145767211914062e+00
1.129971027374267578e+00,2.772595733404159546e-02
2.222261905670166016e+00,3.656849145889282227e+00
7.559565901756286621e-01,2.601441860198974609e+00
1.081510424613952637e+00,4.880853176116943359e+00
1.640176653861999512e+00,2.129157543182373047e+00
-9.411694407463073730e-01,1.898909330368041992e+00
1.519778609275817871e+00,3.776978731155395508e+00
1.740958809852600098e+00,1.991213202476501465e+00
2.066128969192504883e+00,3.164691925048828125e+00
-5.524106323719024658e-02,3.520500183105468750e+00
9.157338142395019531e-01,2.793146133422851562e+00
1.557206392288208008e+00,6.871530055999755859e+00
2.348684549331665039e+00,6.369415283203125000e+00
1.470271825790405273e+00,3.046968698501586914e+00
1.227569699287414551e+00,1.880045652389526367e+00
8.168951272964477539e-01,1.039881944656372070e+00
4.184952974319458008e-01,4.734912395477294922e+00
-2.838625311851501465e-01,2.603033781051635742e+00
8.500330150127410889e-02,3.137405633926391602e+00
1.626665949821472168e+00,2.450063228607177734e+00
-8.232958912849426270e-01,4.424042224884033203e+00
1.434334278106689453e+00,6.315455913543701172e+00
1.384471654891967773e+00,4.904723167419433594e+00
1.672901391983032227e+00,3.700591325759887695e+00
1.440950274467468262e+00,1.662963509559631348e+00
1.651949524879455566e+00,5.847930431365966797e+00
1.536187291145324707e+00,5.136283397674560547e+00
1.413526654243469238e+00,3.642052888870239258e+00
1.636926174163818359e+00,8.305975198745727539e-01
1.255552887916564941e+00,2.080749273300170898e+00
1.215156316757202148e+00,5.007949471473693848e-01
1.678371667861938477e+00,6.781643867492675781e+00
1.814007043838500977e+00,-2.916969656944274902e-01
1.300070166587829590e+00,3.884459257125854492e+00
2.147113800048828125e+00,1.390568912029266357e-03
6.969897747039794922e-01,4.173557758331298828e+00
-6.563653945922851562e-01,1.615907430648803711e+00
2.068867921829223633e+00,2.884887695312500000e+00
1.845313429832458496e+00,2.893088817596435547e+00
-9.049887061119079590e-01,2.191251516342163086e-01
1.822102189064025879e+00,3.635973691940307617e+00
2.565211534500122070e+00,1.629500865936279297e+00
1.201598286628723145e+00,1.421328067779541016e+00
-8.056160807609558105e-01,3.542714715003967285e-01
2.153733491897583008e+00,5.801713466644287109e-01
1.288836479187011719e+00,5.370585441589355469e+00
1.561512827873229980e+00,3.747373580932617188e+00
5.557270050048828125e-01,7.692295074462890625e+00
2.114787340164184570e+00,4.849192142486572266e+00
1.475548982620239258e+00,1.671894550323486328e+00
2.040336608886718750e+00,4.590845108032226562e+00
2.146136999130249023e+00,7.310069561004638672e+00
1.989543318748474121e+00,1.594487786293029785e+00
2.193926334381103516e+00,1.470777273178100586e+00
1.852176904678344727e+00,6.928142547607421875e+00
5.685457587242126465e-01,2.423690080642700195e+00
1.875821471214294434e+00,5.754444599151611328e-01
-1.605328470468521118e-01,3.005850553512573242e+00
-2.754546999931335449e-01,2.257243633270263672e+00
1.506643652915954590e+00,4.449170589447021484e+00
1.045391917228698730e+00,1.486542820930480957e-01
2.018871307373046875e+00,2.029911994934082031e+00
1.849580764770507812e+00,3.872542142868041992e+00
1.069764733314514160e+00,2.013061285018920898e+00
8.695036172866821289e-01,1.204553365707397461e+00
2.226422280073165894e-01,3.679306983947753906e+00
1.875118970870971680e+00,4.066736400127410889e-01
-4.394135475158691406e-01,2.647353887557983398e+00
1.912498116493225098e+00,2.993401765823364258e+00
2.204789400100708008e+00,1.364842534065246582e+00
1.748584747314453125e+00,6.159326553344726562e+00
2.559267997741699219e+00,4.926030635833740234e+00
2.134624719619750977e+00,5.353699207305908203e+00
1.643492341041564941e+00,4.721250534057617188e+00
4.268521070480346680e-01,2.870256900787353516e-01
-6.084126234054565430e-01,3.421941995620727539e+00
1.590972542762756348e+00,5.630345821380615234e+00
9.613354802131652832e-01,1.291535794734954834e-01
1.042694330215454102e+00,2.810523509979248047e-01
2.275745630264282227e+00,1.393422031402587891e+01
2.271722555160522461e+00,8.471231460571289062e+00
1.485678911209106445e+00,1.656806170940399170e-01
2.453571319580078125e+00,5.410860538482666016e+00
1.218849301338195801e+00,1.764657258987426758e+00
-5.710304379463195801e-01,1.887507438659667969e-01
1.678409099578857422e+00,5.300008296966552734e+00
2.508600473403930664e+00,1.301633596420288086e+00
1.579572677612304688e+00,4.635570526123046875e+00
2.486115932464599609e+00,1.514579653739929199e-01
1.222964525222778320e+00,3.687086820602416992e+00
5.064643025398254395e-01,3.132107019424438477e+00
1.700783371925354004e+00,4.405246734619140625e+00
2.905817747116088867e+00,2.903704881668090820e+00
6.618051230907440186e-02,3.366219997406005859e+00
-2.357553988695144653e-01,3.733470916748046875e+00
3.203287720680236816e-01,2.898717164993286133e+00
8.542829751968383789e-01,9.590861201286315918e-01
1.005982041358947754e+00,3.465221166610717773e+00
1.381802320480346680e+00,4.113030433654785156e+00
1.107432007789611816e+00,2.085799217224121094e+00
3.473294377326965332e-01,-2.072361111640930176e-01
8.890071511268615723e-01,2.904665231704711914e+00
2.111226320266723633e+00,7.286829948425292969e+00
7.720610499382019043e-01,2.801890611648559570e+00
1.198211073875427246e+00,9.956980347633361816e-01
1.860519289970397949e+00,1.339133501052856445e+00
6.291287541389465332e-01,1.527988314628601074e-01
-1.001150846481323242e+00,8.313874602317810059e-01
2.120152950286865234e+00,5.215296149253845215e-01
1.407984495162963867e+00,6.672821044921875000e+00
-8.623756468296051025e-02,3.233339786529541016e+00
3.606673479080200195e-01,3.425493478775024414e+00
2.003521203994750977e+00,1.397472143173217773e+00
-7.558603584766387939e-02,1.719430685043334961e+00
1.987981200218200684e+00,4.406973361968994141e+00
1.787006497383117676e+00,4.917150735855102539e-01
1.413146495819091797e+00,5.054645061492919922e+00
1.702114790678024292e-01,2.540410757064819336e+00
2.379515409469604492e+00,7.962145805358886719e+00
1.746182799339294434e+00,1.078043580055236816e+00
1.439698219299316406e+00,1.390191078186035156e+00
1.325945377349853516e+00,1.171567797660827637e+00
-1.560619622468948364e-01,5.603839755058288574e-01
8.369451165199279785e-01,2.928020954132080078e+00
2.108997583389282227e+00,1.079059481620788574e+00
1.767387032508850098e+00,1.776010274887084961e+00
1.621693491935729980e+00,1.312865734100341797e+00
3.017603158950805664e-01,2.968866586685180664e+00
1.358363270759582520e+00,2.654380321502685547e+00
1.723604083061218262e+00,1.539486169815063477e+00
1.295634984970092773e+00,1.321213841438293457e+00
7.106322646141052246e-01,1.194289445877075195e+00
1.846688389778137207e+00,3.529269218444824219e+00
1.670895695686340332e+00,8.668934822082519531e+00
6.443796157836914062e-01,1.706932067871093750e+00
-6.015128493309020996e-01,1.308511972427368164e+00
2.536251068115234375e+00,7.846492290496826172e+00
2.625906705856323242e+00,3.497045755386352539e+00
1.710049152374267578e+00,2.422226667404174805e+00
-4.304918646812438965e-01,2.185999155044555664e+00
1.319376468658447266e+00,4.247964382171630859e+00
8.344995379447937012e-01,2.886248350143432617e+00
2.251969099044799805e+00,1.202396392822265625e+00
4.939354062080383301e-01,3.853356838226318359e+00
4.296374320983886719e-01,1.818171739578247070e+00
7.584868073463439941e-01,3.580693006515502930e+00
2.160261154174804688e+00,2.815408229827880859e+00
3.953872919082641602e-01,2.749858140945434570e+00
5.906449258327484131e-02,2.350986003875732422e+00
-1.457986384630203247e-01,2.875352621078491211e+00
2.236449003219604492e+00,2.507167816162109375e+00
9.204016327857971191e-01,2.914113283157348633e+00
9.850449562072753906e-01,2.545656919479370117e+00
1.510610699653625488e+00,1.560814261436462402e+00
1.658496975898742676e+00,1.788718938827514648e+00
7.159603834152221680e-01,2.178311586380004883e+00
2.007099866867065430e+00,2.244363069534301758e+00
1.097456336021423340e+00,3.092576265335083008e+00
1.987151384353637695e+00,2.537474632263183594e+00
8.753622770309448242e-01,3.363709449768066406e-01
1.438239574432373047e+00,6.584212779998779297e-01
7.477483153343200684e-01,4.430396556854248047e+00
-1.185438185930252075e-01,3.980461359024047852e+00
1.561341881752014160e+00,2.685233354568481445e+00
1.421200394630432129e+00,1.354432821273803711e+00
1.400041341781616211e+00,1.683785319328308105e+00
1.516505241394042969e+00,1.671897172927856445e-01
2.156817197799682617e+00,2.274329900741577148e+00
1.424452424049377441e+00,1.324721872806549072e-01
1.582496047019958496e+00,3.315399408340454102e+00
1.391981005668640137e+00,1.574453353881835938e+00
1.316401124000549316e+00,2.638004541397094727e+00
2.484159320592880249e-01,3.606430768966674805e+00
2.137913465499877930e+00,4.479318141937255859e+00
1.915773272514343262e+00,9.878668785095214844e-01
1.402087926864624023e+00,7.030357837677001953e+00
9.179467558860778809e-01,1.727646589279174805e+00
1.170184373855590820e+00,-8.013591915369033813e-02
7.413086891174316406e-01,8.269384384155273438e+00
1.974721670150756836e+00,3.292399644851684570e+00
6.844409108161926270e-01,3.823617219924926758e+00
1.439745903015136719e+00,6.969702839851379395e-01
9.099845886230468750e-01,1.275952458381652832e+00
9.974665641784667969e-01,2.642311573028564453e+00
2.402986526489257812e+00,6.047140955924987793e-01
-8.008696138858795166e-02,1.666937232017517090e+00
-3.194261193275451660e-01,3.743992328643798828e+00
3.511134982109069824e-01,4.326036453247070312e+00
2.006526231765747070e+00,2.815814018249511719e+00
-2.031088620424270630e-01,2.760369062423706055e+00
2.673521280288696289e+00,3.514369487762451172e+00
2.121630668640136719e+00,8.855614066123962402e-01
1.794516324996948242e+00,4.727480888366699219e+00
2.349903583526611328e+00,2.787339448928833008e+00
1.560459971427917480e+00,3.318565607070922852e+00
-2.405280023813247681e-01,1.426802515983581543e+00
1.175678372383117676e+00,5.299148559570312500e+00
1.114930152893066406e+00,2.013839006423950195e+00
6.666346788406372070e-01,1.231850385665893555e+00
-7.314549088478088379e-01,2.015164136886596680e+00
-1.465660184621810913e-01,1.010506820678710938e+01
-2.070476114749908447e-02,9.017106294631958008e-01
8.209400773048400879e-01,3.749890327453613281e+00
1.599048733711242676e+00,5.641968250274658203e+00
2.063926458358764648e+00,2.342277765274047852e+00
2.285614967346191406e+00,1.940107703208923340e+00
-3.280211687088012695e-01,4.228552341461181641e+00
7.252339720726013184e-01,3.067860841751098633e+00
1.580145001411437988e+00,4.402152538299560547e+00
1.826970815658569336e+00,6.932455539703369141e+00
8.863934874534606934e-01,3.944903612136840820e+00
2.351769924163818359e+00,2.392397522926330566e-01
7.464045286178588867e-01,2.834843635559082031e+00
5.674998164176940918e-01,2.714203119277954102e+00
1.344972729682922363e+00,6.772159576416015625e+00
2.063030481338500977e+00,3.123663187026977539e+00
1.581736922264099121e+00,5.139329433441162109e+00
2.117766141891479492e+00,1.681196570396423340e+00
1.739710688591003418e+00,4.017447471618652344e+00
1.506159067153930664e+00,3.165998220443725586e+00
1.940054774284362793e+00,7.186360955238342285e-01
2.218051433563232422e+00,1.036882758140563965e+00
5.553916692733764648e-01,3.105462551116943359e+00
9.545609951019287109e-01,4.179050445556640625e+00
1.751168608665466309e+00,5.514917850494384766e+00
1.832643866539001465e+00,2.885649919509887695e+00
1.004316926002502441e+00,3.480047464370727539e+00
2.102217435836791992e+00,2.429386138916015625e+00
2.190387487411499023e+00,2.396360158920288086e+00
1.798103094100952148e+00,5.510823726654052734e+00
1.927042841911315918e+00,5.449009418487548828e+00
1.809148073196411133e+00,3.753547906875610352e+00
9.756141304969787598e-01,2.518203973770141602e+00
1.026583909988403320e+00,2.202873468399047852e+00
5.579268336296081543e-01,2.408104658126831055e+00
2.710073590278625488e-01,7.975242733955383301e-01
4.898009896278381348e-01,1.670893549919128418e+00
1.713051915168762207e+00,7.197755336761474609e+00
1.317672133445739746e+00,3.576061964035034180e+00
1.225320696830749512e+00,3.752155542373657227e+00
1.656403541564941406e+00,2.050897598266601562e+00
-2.496767193078994751e-01,2.638706922531127930e+00
1.850412487983703613e+00,6.773726940155029297e+00
1.085710048675537109e+00,3.922228574752807617e+00
2.024345874786376953e+00,6.978951454162597656e+00
-8.223237097263336182e-02,4.517735004425048828e+00
1.716923356056213379e+00,1.426016807556152344e+00
2.868889272212982178e-02,3.915289878845214844e+00
3.184859156608581543e-01,3.768737316131591797e+00
1.730934143066406250e+00,6.949105739593505859e+00
6.037451624870300293e-01,3.151312589645385742e+00
2.500981807708740234e+00,2.893619298934936523e+00
2.203802108764648438e+00,2.740985155105590820e-01
2.709889173507690430e+00,2.187857866287231445e+00
4.010899662971496582e-01,5.563777923583984375e+00
2.223266363143920898e+00,1.006243944168090820e+00
-7.376207709312438965e-01,1.741968870162963867e+00
1.478637814521789551e+00,2.152559041976928711e+00
1.516857981681823730e+00,1.905685544013977051e+00
-3.781566023826599121e-01,3.371576786041259766e+00
2.007774353027343750e+00,4.703963756561279297e+00
1.499238461256027222e-01,5.482366085052490234e+00
1.949966311454772949e+00,1.687994599342346191e+00
1.856033563613891602e+00,2.369556903839111328e+00
1.478115916252136230e+00,1.680641531944274902e+00
1.988084673881530762e+00,1.044409847259521484e+01
9.092093110084533691e-01,3.068421125411987305e+00
-3.549072146415710449e-01,1.883112907409667969e+00
1.706486582756042480e+00,1.207826614379882812e+00
1.487718462944030762e+00,5.329012125730514526e-02
1.812025904655456543e+00,2.878498792648315430e+00
1.534183263778686523e+00,6.935021877288818359e+00
1.159139752388000488e+00,1.578570246696472168e+00
6.459131836891174316e-01,8.038640022277832031e-01
1.708951354026794434e+00,3.565102338790893555e+00
2.080176830291748047e+00,1.979934692382812500e+00
2.144581317901611328e+00,1.931828379631042480e+00
7.378995418548583984e-01,3.909835338592529297e+00
5.517236888408660889e-02,1.463975906372070312e+00
1.933112859725952148e+00,6.416181564331054688e+00
2.179887771606445312e+00,4.853047847747802734e+00
1.364873766899108887e+00,3.723177909851074219e+00
8.994362950325012207e-01,4.988376617431640625e+00
-2.337596565485000610e-01,3.475759029388427734e+00
1.112085342407226562e+00,4.881996154785156250e+00
2.153066158294677734e+00,2.355823993682861328e+00
1.130165219306945801e+00,2.883287906646728516e+00
1.513124465942382812e+00,2.069098472595214844e+00
-6.229376792907714844e-01,2.312513351440429688e+00
6.397076845169067383e-01,7.815870046615600586e-01
1.674529433250427246e+00,-1.009147837758064270e-01
4.426622390747070312e-01,2.777826070785522461e+00
1.075137615203857422e+00,6.032035350799560547e-01
1.025307059288024902e+00,8.404353857040405273e-01
2.394365310668945312e+00,6.971704363822937012e-01
1.529362320899963379e+00,5.048948287963867188e+00
7.831847071647644043e-01,2.060166597366333008e+00
1.120583653450012207e+00,4.158776760101318359e+00
1.096950054168701172e+00,3.884836673736572266e+00
1.311606645584106445e+00,4.161319732666015625e+00
2.098537921905517578e+00,2.936430931091308594e+00
1.594130754470825195e+00,2.401831150054931641e-01
5.634375214576721191e-01,3.014611482620239258e+00
2.045642614364624023e+00,2.159662008285522461e+00
1.241018533706665039e+00,1.570637464523315430e+00
1.099412202835083008e+00,2.980122089385986328e+00
1.185735702514648438e+00,2.326363801956176758e+00
1.600985646247863770e+00,1.206228256225585938e+00
-6.687436699867248535e-01,2.395342111587524414e+00
1.366299748420715332e+00,1.136513352394104004e+00
-7.028771638870239258e-01,2.327872753143310547e+00
1.408520102500915527e+00,3.250344753265380859e+00
1.393482565879821777e+00,2.222526073455810547e+00
4.993100762367248535e-01,2.321598291397094727e+00
1.237813830375671387e+00,5.871716022491455078e+00
1.289872884750366211e+00,2.911542654037475586e+00
2.584641456604003906e+00,1.051879119873046875e+01
2.032424688339233398e+00,7.138289809226989746e-01
-5.516531467437744141e-01,2.713174581527709961e+00
6.200410127639770508e-01,2.074693441390991211e+00
1.818098068237304688e+00,2.121317625045776367e+00
1.140315294265747070e+00,1.951868891716003418e+00
5.293800234794616699e-01,1.102041959762573242e+00
1.406388044357299805e+00,5.486885547637939453e+00
1.264959335327148438e+00,1.737705945968627930e+00
2.222422838211059570e+00,2.903809309005737305e+00
1.631462931632995605e+00,1.990977764129638672e+00
1.638155341148376465e+00,4.087633132934570312e+00
7.395474612712860107e-02,6.374172210693359375e+00
1.617967844009399414e+00,4.865728855133056641e+00
2.199074983596801758e+00,2.677218675613403320e+00
2.074412822723388672e+00,6.737984657287597656e+00
1.564557671546936035e+00,4.586895465850830078e+00
1.926624178886413574e+00,2.781594514846801758e+00
8.422189950942993164e-01,2.442245244979858398e+00
-5.518013834953308105e-01,3.284641504287719727e+00
1.231234312057495117e+00,1.322949886322021484e+00
1.707679033279418945e+00,1.025537371635437012e+00
-1.275433450937271118e-01,1.633920907974243164e+00
1.359342455863952637e+00,2.051884412765502930e+00
-7.616173624992370605e-01,3.136231422424316406e+00
1.816614866256713867e+00,2.927706480026245117e+00
9.700481295585632324e-01,5.238585472106933594e-01
-7.072229981422424316e-01,2.885824918746948242e+00
1.426426887512207031e+00,4.415938854217529297e+00
1.852502703666687012e+00,7.086073875427246094e+00
1.738754391670227051e+00,3.285951614379882812e+00
1.939309239387512207e+00,4.632282733917236328e+00
6.756215691566467285e-01,4.864487648010253906e+00
1.039263963699340820e+00,3.742146968841552734e+00
1.155644655227661133e+00,1.574427008628845215e+00
9.965659976005554199e-01,2.422002315521240234e+00
1.126869082450866699e+00,2.340569496154785156e+00
1.199795007705688477e+00,3.093413710594177246e-01
2.192547321319580078e+00,1.245079159736633301e+00
2.126748561859130859e+00,3.640643596649169922e+00
1.444564342498779297e+00,1.145649909973144531e+00
2.032928228378295898e+00,6.724472045898437500e-01
1.735665440559387207e+00,7.308102607727050781e+00
-1.990434080362319946e-01,2.621669530868530273e+00
1.915908575057983398e+00,2.845517635345458984e+00
1.051379323005676270e+00,4.146105766296386719e+00
1.026589989662170410e+00,6.948773860931396484e+00
1.946327567100524902e+00,1.012369871139526367e+00
1.932612776756286621e+00,4.246592044830322266e+00
1.554563879966735840e+00,7.173015475273132324e-01
1.905136704444885254e+00,4.131723880767822266e+00
-6.116448640823364258e-01,1.495617747306823730e+00
2.501246929168701172e+00,2.503348112106323242e+00
2.312172651290893555e+00,2.246576547622680664e+00
8.900906443595886230e-01,1.088472604751586914e+00
1.669887542724609375e+00,1.110052704811096191e+00
1.379979729652404785e+00,4.650987625122070312e+00
-4.035425186157226562e-01,1.361695647239685059e+00
-1.028169598430395126e-02,4.641310691833496094e+00
1.764954090118408203e+00,3.876400709152221680e+00
-1.021849989891052246e+00,1.448602199554443359e+00
1.776366949081420898e+00,1.111678838729858398e+00
1.648849248886108398e+00,3.025058031082153320e+00
1.758486390113830566e+00,6.744632720947265625e+00
-7.311375737190246582e-01,6.366653442382812500e-01
1.340241789817810059e+00,5.172965526580810547e+00
-7.636865973472595215e-01,2.127502679824829102e+00
1.484973669052124023e+00,4.677753746509552002e-01
2.027645111083984375e+00,3.129555463790893555e+00
1.196033477783203125e+00,2.344864606857299805e+00
2.005153656005859375e+00,2.586138010025024414e+00
1.463214755058288574e+00,5.212360382080078125e+00
1.429305553436279297e+00,9.335549920797348022e-02
-2.139152586460113525e-02,7.030096530914306641e+00
8.302296996116638184e-01,4.797007560729980469e+00
6.317446827888488770e-01,5.302534580230712891e+00
-3.850992321968078613e-01,2.797451734542846680e+00
1.935200572013854980e+00,2.152545690536499023e+00
1.091416954994201660e+00,3.424975395202636719e+00
1.100921511650085449e+00,1.208702683448791504e+00
7.279475331306457520e-01,1.091934442520141602e+00
1.690743088722229004e+00,-6.549604237079620361e-03
6.848143935203552246e-01,2.119012773036956787e-01
1.832471489906311035e+00,3.478946924209594727e+00
-8.233125507831573486e-02,3.867839336395263672e+00
9.556711912155151367e-01,3.379461526870727539e+00
1.473063230514526367e+00,1.659001350402832031e+00
2.077592611312866211e+00,7.770505428314208984e+00
1.476646065711975098e+00,1.616377830505371094e+00
9.917175173759460449e-01,3.249334096908569336e+00
1.458839058876037598e+00,2.422684907913208008e+00
-8.156215548515319824e-01,2.179133176803588867e+00
-6.174799799919128418e-01,2.060134172439575195e+00
1.198270678520202637e+00,3.891736745834350586e+00
1.648430109024047852e+00,4.098147749900817871e-01
2.141555309295654297e+00,6.487916469573974609e+00
1.002978324890136719e+00,1.886410236358642578e+00
1.348942279815673828e+00,1.012546181678771973e+00
1.061150789260864258e+00,2.617332220077514648e+00
1.535547614097595215e+00,3.132653951644897461e+00
1.378170251846313477e+00,9.828250408172607422e-01
1.637946367263793945e+00,6.992061138153076172e-01
-4.727351069450378418e-01,3.637669324874877930e+00
-3.161502480506896973e-01,2.429862022399902344e+00
1.960587501525878906e+00,7.323513984680175781e+00
1.738201737403869629e+00,9.062677621841430664e-01
3.930358886718750000e-01,3.061646699905395508e+00
1.088042378425598145e+00,2.637542486190795898e+00
1.448674559593200684e+00,2.713251352310180664e+00
2.453471660614013672e+00,6.005705356597900391e+00
2.011235713958740234e+00,5.199046134948730469e+00
1.589629292488098145e+00,2.984982490539550781e+00
2.267707109451293945e+00,6.291926860809326172e+00
2.199577540159225464e-01,2.531676769256591797e+00
1.663452863693237305e+00,9.822434186935424805e-01
7.413548827171325684e-01,2.783632516860961914e+00
1.424677491188049316e+00,5.407251119613647461e-01
1.642037987709045410e+00,1.116679430007934570e+00
7.234477400779724121e-01,7.472175359725952148e-01
1.588317394256591797e+00,3.307095289230346680e+00
1.235802769660949707e+00,4.473708629608154297e+00
5.905181765556335449e-01,1.929355144500732422e+00
2.141786336898803711e+00,1.874002099037170410e+00
1.720190763473510742e+00,1.571678519248962402e+00
1.839270830154418945e+00,2.302468538284301758e+00
1.178842186927795410e+00,4.900005817413330078e+00
1.729688763618469238e+00,5.506346225738525391e+00
2.250135183334350586e+00,1.737761497497558594e+00
2.032573938369750977e+00,7.178136348724365234e+00
2.302270174026489258e+00,2.748144865036010742e+00
2.631088018417358398e+00,8.083233833312988281e-01
1.803988575935363770e+00,5.172848224639892578e+00
1.013140559196472168e+00,4.363322257995605469e+00
2.261869668960571289e+00,8.344637155532836914e-01
2.524491071701049805e+00,7.191997528076171875e+00
5.466988682746887207e-01,4.432609975337982178e-01
1.962049365043640137e+00,7.571599006652832031e+00
2.602878332138061523e+00,4.714226245880126953e+00
-5.147622227668762207e-01,2.430887460708618164e+00
1.035818696022033691e+00,4.088901996612548828e+00
1.904893517494201660e+00,4.877091407775878906e+00
1.474888682365417480e+00,3.013695955276489258e+00
1.465276360511779785e+00,4.210402011871337891e+00
1.691778182983398438e+00,4.443701267242431641e+00
1.952913522720336914e+00,3.263570070266723633e+00
1.487099051475524902e+00,5.328136920928955078e+00
-6.316097378730773926e-01,2.823803663253784180e+00
1.612550497055053711e+00,3.092468500137329102e+00
7.971166968345642090e-01,4.282245635986328125e+00
1.168506622314453125e+00,4.339688301086425781e+00
1.114668130874633789e+00,1.899723052978515625e+00
1.680037617683410645e+00,3.750992774963378906e+00
2.159701347351074219e+00,2.290945768356323242e+00
-3.713162541389465332e-01,3.059880256652832031e+00
9.081478714942932129e-01,1.059919953346252441e+00
1.923227190971374512e+00,1.978717803955078125e+00
2.411314249038696289e+00,3.762576580047607422e+00
2.131889104843139648e+00,2.861761093139648438e+00
1.497103929519653320e+00,4.080813884735107422e+00
-2.459480911493301392e-01,9.462528228759765625e-01
3.042657852172851562e+00,6.435317516326904297e+00
-1.646257936954498291e-02,9.499937891960144043e-01
1.224490761756896973e+00,5.087292194366455078e+00
1.104487061500549316e+00,1.205988645553588867e+00
-3.859856724739074707e-01,9.972124695777893066e-01
-1.177728921175003052e-01,3.191704034805297852e+00
1.309737205505371094e+00,4.147211074829101562e+00
1.836336135864257812e+00,3.160157918930053711e+00
6.295714974403381348e-01,4.300830364227294922e+00
1.457844853401184082e+00,1.214138627052307129e+00
1.452934861183166504e+00,8.092266082763671875e+00
2.237667322158813477e+00,7.007546424865722656e-01
3.457549810409545898e-01,1.456676959991455078e+00
1.084519028663635254e+00,4.501669406890869141e+00
1.178323149681091309e+00,7.561358928680419922e+00
-5.393767952919006348e-01,5.766572475433349609e+00
6.210537552833557129e-01,4.850347042083740234e+00
1.894024610519409180e+00,1.813822746276855469e+00
1.763757944107055664e+00,5.356858372688293457e-01
7.422960400581359863e-01,3.133314847946166992e+00
1.282031059265136719e+00,2.691834449768066406e+00
1.661141991615295410e+00,5.270081758499145508e-01
1.680425882339477539e+00,2.106480836868286133e+00
1.342615485191345215e+00,8.617637634277343750e+00
4.459793567657470703e-01,4.364058494567871094e+00
4.338763356208801270e-01,1.796470761299133301e+00
1.510654091835021973e+00,5.431935787200927734e+00
1.898883342742919922e+00,1.473444819450378418e+00
1.515635848045349121e+00,7.089996933937072754e-01
6.848940253257751465e-01,5.089513301849365234e+00
5.359737873077392578e-01,9.636290073394775391e-01
1.447377920150756836e+00,1.766758322715759277e+00
1.446361303329467773e+00,1.631122708320617676e+00
1.109936714172363281e+00,8.047821521759033203e-01
-3.787095844745635986e-02,1.925836086273193359e+00
1.951754808425903320e+00,1.503394842147827148e+00
1.383994579315185547e+00,2.325556516647338867e+00
1.680002927780151367e+00,4.870384216308593750e+00
1.934536099433898926e+00,2.548434019088745117e+00
1.665882349014282227e+00,3.331311225891113281e+00
1.340660452842712402e+00,2.517178535461425781e+00
1.003162741661071777e+00,7.866469621658325195e-01
1.790128588676452637e+00,5.357501506805419922e+00
1.368654847145080566e+00,7.689144611358642578e-01
1.716777324676513672e+00,1.785663008689880371e+00
-4.862566292285919189e-02,3.169311285018920898e-01
2.411586046218872070e+00,4.164924621582031250e+00
2.911810874938964844e-01,3.057628870010375977e+00
8.196944594383239746e-01,1.993028163909912109e+00
5.957226157188415527e-01,3.479280710220336914e+00
1.215240240097045898e+00,1.264085650444030762e+00
7.313890457153320312e-01,5.923234224319458008e-01
4.275324344635009766e-01,2.754822969436645508e+00
2.196104049682617188e+00,1.351135969161987305e+00
1.424020528793334961e+00,5.557208061218261719e-01
2.136549711227416992e+00,2.857506752014160156e+00
1.826570510864257812e+00,4.928011894226074219e+00
1.945362210273742676e+00,2.919666528701782227e+00
1.786646485328674316e+00,5.015844821929931641e+00
1.615807533264160156e+00,3.648241281509399414e+00
6.471102833747863770e-01,5.153455257415771484e+00
1.626442193984985352e+00,2.028947830200195312e+00
1.954895377159118652e+00,5.814453125000000000e+00
1.078538656234741211e+00,1.867297291755676270e+00
1.514649033546447754e+00,6.788132667541503906e+00
2.043307542800903320e+00,5.775000452995300293e-01
1.811811566352844238e+00,3.155866384506225586e+00
1.216296553611755371e+00,6.919974327087402344e+00
-2.421523481607437134e-01,2.973498106002807617e+00
1.515059113502502441e+00,5.158684849739074707e-01
1.063434481620788574e+00,4.920204162597656250e+00
1.575752377510070801e+00,5.448741912841796875e-01
2.330860853195190430e+00,4.696461677551269531e+00
1.928619027137756348e+00,4.471546173095703125e+00
2.823818922042846680e+00,1.796855807304382324e+00
2.366580247879028320e+00,1.464497804641723633e+00
2.487589567899703979e-01,1.662949085235595703e+00
1.984636664390563965e+00,6.434063911437988281e-01
9.140666723251342773e-01,1.913571596145629883e+00
1.406722903251647949e+00,1.177493572235107422e+00
1.570468664169311523e+00,4.006246089935302734e+00
1.376934289932250977e+00,5.576699733734130859e+00
2.376605987548828125e+00,2.440163373947143555e+00
1.513425827026367188e+00,2.515481472015380859e+00
1.866389870643615723e+00,4.841600894927978516e+00
9.616458415985107422e-01,4.562054157257080078e+00
2.030742168426513672e+00,2.806294679641723633e+00
-5.052520893514156342e-03,4.250198841094970703e+00
9.926056265830993652e-01,2.113268971443176270e-01
1.125835776329040527e+00,3.503481149673461914e+00
1.888820052146911621e+00,5.235049724578857422e+00
1.325423717498779297e+00,2.465811371803283691e-01
3.387878537178039551e-01,2.672295331954956055e+00
1.924913525581359863e+00,1.536217927932739258e+00
6.772271394729614258e-01,2.180625677108764648e+00
1.330647826194763184e+00,4.634628891944885254e-01
1.082171440124511719e+00,1.224524497985839844e+00
9.249511361122131348e-01,4.845306873321533203e+00
1.459890365600585938e+00,4.512554645538330078e+00
-1.317478623241186142e-02,2.257883787155151367e+00
1.335192322731018066e+00,2.505039453506469727e+00
1.821172714233398438e+00,5.425615310668945312e+00
2.225090026855468750e+00,6.956847310066223145e-01
8.473668098449707031e-01,1.798859357833862305e+00
9.348258376121520996e-01,2.571839332580566406e+00
1.026166558265686035e+00,5.094461917877197266e+00
1.195071339607238770e+00,6.016814708709716797e+00
1.745314478874206543e+00,6.299720764160156250e+00
1.564827561378479004e+00,1.673225641250610352e+00
1.857620835304260254e+00,4.187640190124511719e+00
1.766953825950622559e+00,5.711351394653320312e+00
1.017924070358276367e+00,1.854123175144195557e-01
8.549587130546569824e-01,1.244911432266235352e+00
2.364914178848266602e+00,2.731205701828002930e+00
1.231985688209533691e+00,6.454884052276611328e+00
1.164942026138305664e+00,9.044075012207031250e-01
-6.818421483039855957e-01,3.005010843276977539e+00
1.759906172752380371e+00,1.005789399147033691e+00
4.149844646453857422e-01,3.855820596218109131e-01
1.854195117950439453e+00,1.288844108581542969e+00
1.368620276451110840e+00,7.399643659591674805e-01
1.898698806762695312e+00,3.801616668701171875e+00
1.793052077293395996e+00,2.209576368331909180e+00
1.021747469902038574e+00,1.036269307136535645e+00
1.591544985771179199e+00,3.158829510211944580e-01
1.814874649047851562e+00,2.076610565185546875e+00
6.854302883148193359e-01,3.118720948696136475e-01
2.538841485977172852e+00,6.975976467132568359e+00
1.158717989921569824e+00,3.782325744628906250e+00
-5.019294023513793945e-01,1.631403326988220215e+00
1.906271815299987793e+00,1.077344655990600586e+00
2.121225357055664062e+00,2.498736619949340820e+00
1.856694102287292480e+00,1.690360069274902344e+00
2.200537443161010742e+00,1.857739210128784180e+00
1.659204483032226562e+00,7.417664527893066406e-01
2.608614683151245117e+00,5.208702564239501953e+00
1.735208392143249512e+00,5.816730499267578125e+00
1.503853917121887207e+00,9.597333669662475586e-01
1.624717473983764648e+00,7.074745655059814453e+00
1.165986299514770508e+00,3.582823514938354492e+00
1.609561800956726074e+00,1.616564393043518066e-01
1.154929041862487793e+00,3.999257326126098633e+00
7.430636286735534668e-01,4.344211578369140625e+00
2.630795717239379883e+00,1.007266402244567871e+00
8.913022279739379883e-01,1.015202641487121582e+00
8.461861014366149902e-01,3.377661466598510742e+00
2.370714426040649414e+00,3.137510299682617188e+00
1.296512246131896973e+00,3.510226011276245117e+00
-5.398910045623779297e-01,2.623500585556030273e+00
-2.061731964349746704e-01,2.585383176803588867e+00
1.865970849990844727e+00,4.775206089019775391e+00
1.827779412269592285e+00,3.510582208633422852e+00
1.736412763595581055e+00,1.506917715072631836e+00
1.686001300811767578e+00,2.383773803710937500e+00
2.139858007431030273e+00,2.645160198211669922e+00
2.884224653244018555e+00,3.291022062301635742e+00
1.944100975990295410e+00,2.358646631240844727e+00
2.204524755477905273e+00,7.403337359428405762e-01
1.840149879455566406e+00,2.100344181060791016e+00
1.298464894294738770e+00,8.759820461273193359e-01
4.970160126686096191e-01,2.408654928207397461e+00
1.434046864509582520e+00,2.458457231521606445e+00
5.716062784194946289e-01,1.545461654663085938e+00
1.461799144744873047e+00,8.370685577392578125e-01
2.452274411916732788e-01,1.484613656997680664e+00
2.031102895736694336e+00,2.304756879806518555e+00
-6.411280035972595215e-01,1.927254199981689453e+00
3.632166981697082520e-01,3.644877433776855469e+00
2.276531934738159180e+00,1.783097505569458008e+00
1.139482975006103516e+00,5.780533313751220703e+00
7.545860409736633301e-01,1.678467035293579102e+00
2.067826986312866211e+00,1.903790593147277832e+00
1.595618963241577148e+00,5.733875751495361328e+00
1.326162219047546387e+00,1.231712818145751953e+00
1.670816421508789062e+00,1.500039577484130859e+00
1.699709773063659668e+00,5.507525920867919922e+00
2.454380840063095093e-01,4.202620983123779297e+00
1.652562022209167480e+00,7.546795368194580078e+00
5.263203978538513184e-01,3.519586801528930664e+00
3.892762660980224609e-01,4.033880710601806641e+00
-2.474661171436309814e-02,4.453694343566894531e+00
1.731570959091186523e+00,1.938035488128662109e-01
1.479219079017639160e+00,2.972361087799072266e+00
2.445484399795532227e+00,6.872879981994628906e+00
2.169336557388305664e+00,7.163147449493408203e+00
-6.763805747032165527e-01,1.977007150650024414e+00
1.788175821304321289e+00,4.255013465881347656e+00
1.348128199577331543e+00,4.028317928314208984e+00
1.804980397224426270e+00,3.932395696640014648e+00
1.437255501747131348e+00,2.934494733810424805e+00
1.869986176490783691e+00,5.191572666168212891e+00
1.629950284957885742e+00,2.202859163284301758e+00
2.130738735198974609e+00,2.429153442382812500e+00
1.856146693229675293e+00,1.161585092544555664e+00
1.047258172184228897e-02,2.732455968856811523e+00
1.264623761177062988e+00,1.216330766677856445e+00
1.336359858512878418e+00,2.068259418010711670e-01
1.269360661506652832e+00,1.610292673110961914e+00
1.350912809371948242e+00,3.857450485229492188e+00
2.304153919219970703e+00,8.330155611038208008e-01
1.781174421310424805e+00,4.379168987274169922e+00
1.420340776443481445e+00,3.190184354782104492e+00
1.425787806510925293e+00,4.307382553815841675e-02
1.136999845504760742e+00,3.746487855911254883e+00
1.972871661186218262e+00,8.004044532775878906e+00
-5.286113619804382324e-01,3.178671598434448242e+00
4.665826261043548584e-02,2.497469186782836914e+00
1.145138859748840332e+00,1.230704545974731445e+00
1.045486927032470703e+00,4.914448261260986328e+00
1.841589450836181641e+00,7.777783274650573730e-01
1.038753509521484375e+00,3.590052425861358643e-01
-6.607688665390014648e-01,1.682065248489379883e+00
1.194118261337280273e+00,1.370202422142028809e+00
6.596930623054504395e-01,3.722336143255233765e-02
-3.939142823219299316e-01,9.475013017654418945e-01
4.480754137039184570e-01,1.855152845382690430e+00
2.620250225067138672e+00,1.284776210784912109e+00
6.897711753845214844e-01,2.098697423934936523e+00
1.990926116704940796e-01,2.299917221069335938e+00
6.250700354576110840e-01,3.996083021163940430e+00
-6.987529397010803223e-01,3.924937844276428223e-01
2.331214189529418945e+00,2.010215997695922852e+00
7.495507001876831055e-01,3.411867618560791016e+00
2.751219272613525391e-01,3.010111808776855469e+00
1.496941089630126953e+00,1.109168052673339844e+00
1.813866257667541504e+00,5.031787395477294922e+00
8.371600508689880371e-01,2.892708301544189453e+00
2.145629376173019409e-01,3.226382493972778320e+00
1.783367753028869629e+00,5.341530799865722656e+00
1.322167277336120605e+00,5.833533287048339844e+00
1.150724291801452637e+00,2.831529140472412109e+00
-5.807003974914550781e-01,3.068322420120239258e+00
2.343879699707031250e+00,1.029928803443908691e+00
1.244938850402832031e+00,2.668306589126586914e+00
2.548996448516845703e+00,3.898112297058105469e+00
1.656104683876037598e+00,6.888554096221923828e+00
-3.774303793907165527e-01,2.823013544082641602e+00
1.395806431770324707e+00,1.363344073295593262e+00
5.382518172264099121e-01,2.261700630187988281e+00
6.727921366691589355e-01,3.860296964645385742e+00
1.565844178199768066e+00,8.051908493041992188e+00
1.793254464864730835e-01,3.404035091400146484e+00
1.273176193237304688e+00,1.130016446113586426e+00
1.366531729698181152e+00,5.428869724273681641e+00
1.373604297637939453e+00,4.583471775054931641e+00
1.057195425033569336e+00,8.212907314300537109e-01
1.257690191268920898e+00,4.886944293975830078e+00
5.724999904632568359e-01,4.577427387237548828e+00
7.397954165935516357e-02,2.599749803543090820e+00
1.563566684722900391e+00,1.037822842597961426e+00
2.000442266464233398e+00,4.382177591323852539e-01
1.048557877540588379e+00,2.698388338088989258e+00
9.940734505653381348e-01,2.747740507125854492e+00
1.646478056907653809e+00,2.101206064224243164e+00
1.187187552452087402e+00,1.905775427818298340e+00
-7.276284098625183105e-01,1.481150388717651367e+00
1.238465189933776855e+00,4.342874050140380859e+00
7.252880930900573730e-01,2.410244703292846680e+00
1.512979269027709961e+00,2.001151323318481445e+00
1.631799936294555664e+00,1.063382148742675781e+00
9.582239389419555664e-01,2.361685276031494141e+00
1.557613015174865723e+00,6.744326114654541016e+00
1.418431520462036133e+00,5.079031467437744141e+00
2.288681983947753906e+00,1.479666471481323242e+00
1.101251482963562012e+00,7.528667449951171875e-01
7.257608175277709961e-01,1.516641259193420410e+00
1.302155494689941406e+00,6.092947721481323242e-01
2.027929306030273438e+00,2.954754114151000977e+00
1.606304764747619629e+00,2.820894002914428711e+00
1.718601107597351074e+00,9.087326049804687500e+00
1.748980402946472168e+00,7.136447429656982422e-01
2.050191640853881836e+00,2.181549787521362305e+00
1.717209935188293457e+00,4.882860660552978516e+00
1.895065426826477051e+00,5.686481952667236328e+00
1.359488964080810547e+00,2.288278818130493164e+00
1.910871148109436035e+00,3.974804162979125977e+00
-1.308449655771255493e-01,2.811917304992675781e+00
2.143135309219360352e+00,1.553946018218994141e+00
1.797890305519104004e+00,1.935848712921142578e+00
1.918871641159057617e+00,2.706951618194580078e+00
1.643369793891906738e+00,6.440211296081542969e+00
1.616150617599487305e+00,7.907053470611572266e+00
2.284728527069091797e+00,1.677483916282653809e+00
-1.969205290079116821e-01,2.002803802490234375e+00
1.700011372566223145e+00,2.273509263992309570e+00
1.459519028663635254e+00,9.424376487731933594e+00
1.876514792442321777e+00,4.311939716339111328e+00
2.115863084793090820e+00,5.119666576385498047e+00
1.776003718376159668e+00,1.633467197418212891e+00
1.694094061851501465e+00,1.965568959712982178e-01
1.310897946357727051e+00,2.315366506576538086e+00
1.378480315208435059e+00,7.166851520538330078e+00
1.918547153472900391e+00,8.285087585449218750e+00
2.267871856689453125e+00,1.176364803314208984e+01
9.463834166526794434e-01,2.112726688385009766e+00
2.519032716751098633e+00,3.744358777999877930e+00
1.485322833061218262e+00,1.367182731628417969e+00
5.665103197097778320e-01,1.618563413619995117e+00
1.386139631271362305e+00,6.723814606666564941e-01
1.923175454139709473e+00,2.480778932571411133e+00
2.222356557846069336e+00,6.946514129638671875e+00
1.376547455787658691e+00,1.415562629699707031e+00
1.968049645423889160e+00,2.842817783355712891e+00
4.605745673179626465e-01,3.760668039321899414e+00
2.091109752655029297e+00,2.301861763000488281e+00
1.650218725204467773e+00,2.262256860733032227e+00
1.920151233673095703e+00,1.690354704856872559e+00
8.776684999465942383e-01,2.092616796493530273e+00
1.688957929611206055e+00,6.861661911010742188e+00
1.282451868057250977e+00,7.052882671356201172e+00
1.845244884490966797e+00,2.966289520263671875e-01
1.465132832527160645e+00,3.888925790786743164e+00
2.556198596954345703e+00,5.619122982025146484e+00
1.857073903083801270e+00,1.537610769271850586e+00
1.984482169151306152e+00,3.410744905471801758e+00
1.975893855094909668e+00,7.715508937835693359e+00
1.876725316047668457e+00,7.664988040924072266e+00
1.942332148551940918e+00,3.732439041137695312e+00
2.006397008895874023e+00,8.538162231445312500e+00
3.846110701560974121e-01,3.326809883117675781e+00
-1.318859606981277466e-01,3.118134737014770508e+00
1.300291061401367188e+00,4.234960556030273438e+00
1.835406422615051270e+00,4.447941303253173828e+00
7.872163653373718262e-01,3.067996263504028320e+00
1.655205965042114258e+00,5.099761009216308594e+00
5.643658339977264404e-02,2.360284805297851562e+00
2.321120977401733398e+00,3.366307497024536133e+00
2.052081823348999023e+00,4.214217185974121094e+00
-7.997193932533264160e-01,4.675138950347900391e+00
2.080289125442504883e+00,8.682128906250000000e+00
1.689136862754821777e+00,4.070793628692626953e+00
2.637966871261596680e+00,1.888107776641845703e+00
1.775219440460205078e+00,9.797451019287109375e+00
7.654272913932800293e-01,2.561836242675781250e+00
-6.340563297271728516e-01,3.885718584060668945e+00
2.087235212326049805e+00,3.028066158294677734e+00
8.245351314544677734e-01,1.216677427291870117e+00
1.137681126594543457e+00,1.050756096839904785e+00
2.083084344863891602e+00,1.774208545684814453e+00
1.190786719322204590e+00,4.315465450286865234e+00
2.258655875921249390e-01,2.407039880752563477e+00
1.878232002258300781e+00,1.889161765575408936e-03
1.289961457252502441e+00,2.056175947189331055e+00
1.124224066734313965e+00,6.576566696166992188e+00
9.108651280403137207e-01,5.568914413452148438e+00
1.795244216918945312e+00,1.973931074142456055e+00
3.226627111434936523e-01,2.808342695236206055e+00
1.916023135185241699e+00,5.893161296844482422e+00
2.027483701705932617e+00,3.567932367324829102e+00
1.348365306854248047e+00,1.013842105865478516e+00
-3.376097083091735840e-01,5.943349003791809082e-01
1.289666533470153809e+00,2.604523181915283203e+00
1.871886730194091797e+00,1.513064146041870117e+00
1.136761784553527832e+00,3.019583940505981445e+00
2.055338144302368164e+00,1.431131005287170410e+00
1.509041637182235718e-01,1.139071226119995117e+00
2.263976812362670898e+00,2.586155891418457031e+00
-9.054183363914489746e-01,2.212325096130371094e+00
1.492200970649719238e+00,2.661155462265014648e+00
2.358573198318481445e+00,5.687965154647827148e-01
1.567121148109436035e+00,3.311160802841186523e-01
2.336689680814743042e-01,2.100458383560180664e+00
1.907252550125122070e+00,1.586368441581726074e+00
9.705796241760253906e-01,3.039360761642456055e+00
1.980932354927062988e+00,2.101794004440307617e+00
9.603992104530334473e-01,1.778605222702026367e+00
-2.689425349235534668e-01,1.939945697784423828e+00
1.499985814094543457e+00,8.254152536392211914e-01
8.919776082038879395e-01,1.735896348953247070e+00
1.163430690765380859e+00,2.787984132766723633e+00
2.607770681381225586e+00,6.881133079528808594e+00
1.454036831855773926e+00,4.931737899780273438e+00
2.370334863662719727e+00,4.016887396574020386e-02
2.139384031295776367e+00,2.889962673187255859e+00
5.283782482147216797e-01,1.223735138773918152e-01
2.165987730026245117e+00,6.463134765625000000e+00
-6.354655027389526367e-01,8.576526641845703125e+00
8.509387969970703125e-01,4.400482177734375000e+00
2.217693090438842773e+00,9.968372583389282227e-01
1.711237311363220215e+00,1.753824114799499512e+00
1.505180954933166504e+00,2.143154382705688477e+00
2.020035982131958008e+00,5.458657264709472656e+00
1.279961466789245605e+00,3.959577083587646484e+00
1.606709241867065430e+00,6.898418903350830078e+00
1.392304420471191406e+00,2.374258756637573242e+00
-4.232826828956604004e-01,1.346773743629455566e+00
1.238200545310974121e+00,2.998302459716796875e+00
1.613062024116516113e+00,4.068813621997833252e-01
2.173998832702636719e+00,2.056681394577026367e+00
4.313481450080871582e-01,3.489021778106689453e+00
2.437668561935424805e+00,1.875927209854125977e+00
1.917127966880798340e+00,8.713175058364868164e-01
6.784963011741638184e-01,2.750020980834960938e+00
1.672115325927734375e+00,2.082948207855224609e+00
1.548338890075683594e+00,4.005575656890869141e+00
1.224422335624694824e+00,1.136982440948486328e+00
1.969962477684020996e+00,1.867239475250244141e+00
1.442326307296752930e+00,3.447375297546386719e+00
1.695549964904785156e+00,5.413518428802490234e+00
1.207641720771789551e+00,5.625213384628295898e-01
1.900600910186767578e+00,4.125415325164794922e+00
1.758165478706359863e+00,1.773535966873168945e+00
5.911502242088317871e-01,3.964319467544555664e+00
2.005051851272583008e+00,2.330641746520996094e-01
1.751881718635559082e+00,4.680361747741699219e+00
1.355137825012207031e+00,3.884602785110473633e+00
2.493439435958862305e+00,4.371695995330810547e+00
1.147909164428710938e+00,1.083857178688049316e+00
1.114104151725769043e+00,1.150252223014831543e+00
-3.647581338882446289e-01,9.374113082885742188e-01
1.647228837013244629e+00,4.358697414398193359e+00
2.117370843887329102e+00,2.548209428787231445e+00
2.099901437759399414e+00,2.048768401145935059e-01
1.558402299880981445e+00,1.463977098464965820e+00
1.163826227188110352e+00,1.559048533439636230e+00
-9.362027049064636230e-01,4.625584125518798828e+00
2.107236623764038086e+00,3.196964979171752930e+00
8.449507355690002441e-01,5.622333526611328125e+00
1.424032688140869141e+00,5.145158767700195312e+00
9.743387699127197266e-01,1.536627888679504395e+00
1.266803860664367676e+00,3.949924230575561523e+00
6.266243457794189453e-01,3.771625280380249023e+00
7.968931198120117188e-01,9.700381755828857422e-01
2.024147272109985352e+00,8.164595603942871094e+00
1.709410190582275391e+00,1.810128569602966309e+00
1.673449754714965820e+00,2.987212896347045898e+00
1.507689833641052246e+00,3.426727771759033203e+00
-4.577453434467315674e-02,3.770016670227050781e+00
-1.441195160150527954e-01,-1.254968643188476562e-01
1.397489905357360840e+00,6.129468083381652832e-01
1.898377060890197754e+00,1.313211560249328613e+00
1.518279314041137695e+00,1.582511663436889648e+00
1.202520966529846191e+00,5.441979885101318359e+00
1.396935462951660156e+00,3.302351236343383789e+00
1.220138907432556152e+00,1.176907300949096680e+00
1.777045726776123047e+00,-2.651549130678176880e-02
1.914132714271545410e+00,3.617998838424682617e+00
1.943681359291076660e+00,3.839849829673767090e-01
1.161298632621765137e+00,8.371534347534179688e-01
1.681961059570312500e+00,-3.490455448627471924e-03
1.726612806320190430e+00,3.111209154129028320e+00
1.605854034423828125e+00,7.295661449432373047e+00
-6.634381413459777832e-01,1.268695116043090820e+00
1.766038060188293457e+00,6.579994678497314453e+00
1.031761527061462402e+00,9.971257448196411133e-01
2.177675247192382812e+00,4.656718254089355469e+00
-6.022738814353942871e-01,1.741136312484741211e-01
1.880836844444274902e+00,1.679567575454711914e+00
1.218711018562316895e+00,4.338186740875244141e+00
1.644731044769287109e+00,1.027399659156799316e+00
2.623444795608520508e+00,3.012681245803833008e+00
2.187726736068725586e+00,4.627398014068603516e+00
2.141254186630249023e+00,3.802347898483276367e+00
1.609561562538146973e+00,4.862854480743408203e+00
8.614228963851928711e-01,2.846265077590942383e+00
2.094990968704223633e+00,5.234600305557250977e-01
2.459120512008666992e+00,4.408701896667480469e+00
1.603608131408691406e+00,8.093701601028442383e-01
5.927109122276306152e-01,1.193944334983825684e+00
8.447358012199401855e-01,3.179048299789428711e+00
1.158953309059143066e+00,2.124638319015502930e+00
9.359298944473266602e-01,2.878824472427368164e+00
1.364419579505920410e+00,1.159785985946655273e+00
2.113016366958618164e+00,5.225673317909240723e-01
1.357178807258605957e+00,4.793682575225830078e+00
1.011075854301452637e+00,1.718337893486022949e+00
1.268927931785583496e+00,4.316097736358642578e+00
1.610203623771667480e+00,5.033641815185546875e+00
4.138621687889099121e-01,1.937221527099609375e+00
1.228602170944213867e+00,4.260601520538330078e+00
1.047458410263061523e+00,3.019581794738769531e+00
2.236925840377807617e+00,7.857384681701660156e+00
1.206785291433334351e-01,5.098306179046630859e+00
1.182671904563903809e+00,3.766675233840942383e+00
1.296509742736816406e+00,1.661056756973266602e+00
1.121931910514831543e+00,5.413399338722229004e-01
1.833576917648315430e+00,3.045392751693725586e+00
1.179824113845825195e+00,2.353161573410034180e+00
1.886740684509277344e+00,5.177011489868164062e-01
1.449317097663879395e+00,1.299512505531311035e+00
1.540153264999389648e+00,2.109097003936767578e+00
1.631011366844177246e+00,3.650386333465576172e+00
7.707175612449645996e-01,1.877215623855590820e+00
1.423506855964660645e+00,1.041939258575439453e+00
1.067947268486022949e+00,1.799782514572143555e+00
1.924942970275878906e+00,2.392752170562744141e+00
1.744507312774658203e+00,6.916552782058715820e-01
1.649540543556213379e+00,3.946174383163452148e+00
1.488494873046875000e+00,2.787781953811645508e+00
2.643288612365722656e+00,3.341873884201049805e+00
8.387604951858520508e-01,7.785587310791015625e-01
4.444100260734558105e-01,7.429300993680953979e-02
3.836846947669982910e-01,2.077768087387084961e+00
1.956090807914733887e+00,1.544810891151428223e+00
1.392797231674194336e+00,9.309056997299194336e-01
7.138134837150573730e-01,1.603692889213562012e+00
1.513455748558044434e+00,4.542456626892089844e+00
2.558570146560668945e+00,3.253559350967407227e+00
-4.217683672904968262e-01,1.255177021026611328e+00
-2.018059045076370239e-01,8.227139115333557129e-01
2.382041215896606445e+00,4.922548770904541016e+00
4.971353709697723389e-02,9.536991715431213379e-01
1.911432623863220215e+00,6.305742263793945312e-01
1.795545578002929688e+00,5.352926731109619141e+00
8.123319149017333984e-01,2.728328943252563477e+00
1.198251843452453613e+00,6.482867717742919922e+00
1.232871890068054199e+00,1.242595672607421875e+00
1.627477884292602539e+00,5.769473552703857422e+00
1.330825328826904297e+00,2.064628601074218750e+00
9.790837168693542480e-01,4.307152748107910156e+00
1.299413919448852539e+00,4.796742439270019531e+00
1.121425986289978027e+00,2.063887357711791992e+00
1.828829169273376465e+00,2.340787887573242188e+00
2.330342769622802734e+00,1.841430664062500000e+00
1.405357480049133301e+00,1.020189285278320312e+00
1.137315869331359863e+00,4.689568996429443359e+00
1.375776529312133789e+00,2.224904298782348633e+00
1.730665564537048340e+00,4.364361166954040527e-01
1.058272242546081543e+00,2.839911699295043945e+00
1.953416943550109863e+00,1.138927459716796875e+00
-3.276212811470031738e-01,1.520765304565429688e+00
1.371464967727661133e+00,1.618730902671813965e+00
2.643730401992797852e+00,6.720490455627441406e+00
1.822825670242309570e+00,2.738283872604370117e+00
1.346565127372741699e+00,1.203202724456787109e+00
4.109327793121337891e-01,3.365016222000122070e+00
1.438077688217163086e+00,3.723722696304321289e-01
1.922661542892456055e+00,3.384594917297363281e+00
1.086432695388793945e+00,1.941134929656982422e-01
2.101223230361938477e+00,4.326762676239013672e+00
-4.957647323608398438e-01,-1.105144396424293518e-01
1.162392944097518921e-01,1.809198856353759766e+00
6.736474037170410156e-01,-4.379726052284240723e-01
2.174916028976440430e+00,4.805095195770263672e+00
-6.011998057365417480e-01,4.308111667633056641e+00
1.163862347602844238e+00,3.026190042495727539e+00
8.565974235534667969e-01,3.749753534793853760e-01
1.631224036216735840e+00,5.482877254486083984e+00
1.786777377128601074e+00,4.629482746124267578e+00
1.952700018882751465e+00,2.544090509414672852e+00
1.633365511894226074e+00,-5.351112037897109985e-02
1.214218616485595703e+00,1.513060092926025391e+00
2.066436529159545898e+00,3.862551689147949219e+00
-6.563748717308044434e-01,4.153960347175598145e-01
1.995915412902832031e+00,4.448012828826904297e+00
1.528561472892761230e+00,4.931846618652343750e+00
1.297909021377563477e+00,4.552019596099853516e+00
1.057505488395690918e+00,3.376089096069335938e+00
2.072160005569458008e+00,3.191714048385620117e+00
1.950235247611999512e+00,2.012313842773437500e+00
1.297839403152465820e+00,2.120057582855224609e+00
9.180511832237243652e-01,2.400080680847167969e+00
5.654152035713195801e-01,-2.387478053569793701e-01
1.426769137382507324e+00,3.077306032180786133e+00
1.983580470085144043e+00,2.882864236831665039e+00
1.359735965728759766e+00,3.559625387191772461e+00
8.549669384956359863e-01,3.685710430145263672e-01
1.711613893508911133e+00,2.044734716415405273e+00
1.318419814109802246e+00,4.581361413002014160e-01
9.453864693641662598e-01,2.808428049087524414e+00
1.773495078086853027e+00,5.111685752868652344e+00
1.773903846740722656e+00,1.098118066787719727e+00
1.172891139984130859e+00,4.189793586730957031e+00
8.920664191246032715e-01,8.176542520523071289e-01
1.927366375923156738e+00,5.385098457336425781e+00
5.570620298385620117e-01,1.433585405349731445e+00
1.293321609497070312e+00,1.326713562011718750e-01
1.533094763755798340e+00,2.601422786712646484e+00
1.198447585105895996e+00,1.992590427398681641e+00
1.485096693038940430e+00,4.660581111907958984e+00
1.903722882270812988e+00,8.813228607177734375e+00
1.812569737434387207e+00,1.199589729309082031e+01
2.637344598770141602e+00,5.689170956611633301e-01
2.670974254608154297e+00,1.352907657623291016e+00
2.104474782943725586e+00,5.157757282257080078e+00
1.784880161285400391e+00,5.007980823516845703e+00
9.536487460136413574e-01,4.225558757781982422e+00
-6.316705346107482910e-01,1.512977480888366699e+00
1.141800284385681152e+00,1.484524607658386230e-01
1.117611050605773926e+00,3.245185852050781250e+00
1.223084211349487305e+00,5.230671405792236328e+00
1.272676825523376465e+00,3.092132091522216797e+00
1.318031549453735352e+00,-1.275717020034790039e-01
1.645551204681396484e+00,6.726023674011230469e+00
1.939912199974060059e+00,2.819035530090332031e+00
2.549463748931884766e+00,6.746888160705566406e+00
1.096561074256896973e+00,5.123217105865478516e+00
8.429051041603088379e-01,1.494348764419555664e+00
1.611695766448974609e+00,1.521265625953674316e+00
2.320323944091796875e+00,4.100477695465087891e+00
1.619744300842285156e+00,7.983399629592895508e-01
1.244570732116699219e+00,1.004891157150268555e+00
1.346562623977661133e+00,1.921129465103149414e+00
1.626338601112365723e+00,2.037719964981079102e+00
2.248069763183593750e+00,1.442121744155883789e+00
-1.061249524354934692e-01,4.676155567169189453e+00
1.839342713356018066e+00,2.269922494888305664e+00
1.514616370201110840e+00,2.204897403717041016e+00
1.678444623947143555e+00,1.614300966262817383e+00
2.225699663162231445e+00,4.739977359771728516e+00
1.955685466527938843e-01,4.005845546722412109e+00
4.609097242355346680e-01,3.021002531051635742e+00
8.589211106300354004e-01,-1.351560950279235840e-01
1.890737771987915039e+00,1.020803928375244141e+00
-2.709510922431945801e-01,6.503890752792358398e-01
8.393282294273376465e-01,1.229284405708312988e+00
1.930643200874328613e+00,1.249853134155273438e+00
1.717453360557556152e+00,4.622512340545654297e+00
2.551243305206298828e+00,1.176675081253051758e+00
1.769807577133178711e+00,5.433220863342285156e+00
1.710537314414978027e+00,4.909277439117431641e+00
1.500953316688537598e+00,2.472876787185668945e+00
8.276361227035522461e-01,3.930575847625732422e+00
1.899234414100646973e+00,3.167100191116333008e+00
6.043133139610290527e-01,3.406926631927490234e+00
1.837465286254882812e+00,1.267266154289245605e+00
1.024426102638244629e+00,3.451195359230041504e-01
1.425650000572204590e+00,1.106294274330139160e+00
1.657077193260192871e+00,2.090787589550018311e-01
2.104541301727294922e+00,4.506894588470458984e+00
9.838263392448425293e-01,5.164537429809570312e+00
6.057079434394836426e-01,1.349717617034912109e+00
2.287253856658935547e+00,2.273826122283935547e+00
2.252802133560180664e+00,3.933260202407836914e+00
2.622216939926147461e+00,7.884200096130371094e+00
2.141097545623779297e+00,7.747644424438476562e+00
1.601137399673461914e+00,1.462810397148132324e+00
-8.197286128997802734e-01,4.606576442718505859e+00
8.135815262794494629e-01,1.835024356842041016e+00
2.028590917587280273e+00,-3.709692507982254028e-02
1.233200073242187500e+00,1.674958467483520508e+00
2.242360353469848633e+00,2.118028879165649414e+00
1.293370366096496582e+00,4.569378376007080078e+00
7.213664650917053223e-01,1.235578894615173340e+00
1.847216486930847168e+00,3.939662694931030273e+00
1.337327599525451660e+00,7.024369239807128906e+00
5.386919379234313965e-01,3.574620962142944336e+00
2.419008493423461914e+00,3.061136484146118164e+00
1.968928694725036621e+00,2.178090095520019531e+00
1.649896144866943359e+00,2.078229904174804688e+00
1.843098998069763184e+00,6.336215496063232422e+00
1.429669141769409180e+00,8.242332458496093750e+00
1.746209144592285156e+00,3.968397378921508789e+00
2.248047113418579102e+00,2.149888753890991211e+00
1.531139969825744629e+00,5.431038856506347656e+00
1.494414329528808594e+00,8.187212944030761719e+00
1.765481591224670410e+00,2.297667741775512695e+00
1.205690145492553711e+00,1.075382590293884277e+00
5.076672434806823730e-01,2.973834276199340820e-01
1.597514629364013672e+00,8.904577493667602539e-01
1.430580377578735352e+00,1.230612516403198242e+00
1.361607909202575684e+00,1.408721208572387695e+00
1.811316370964050293e+00,1.281248331069946289e+00
1.719030499458312988e+00,4.586565494537353516e+00
8.181285858154296875e-01,1.009058713912963867e+00
4.586369991302490234e-01,4.724420547485351562e+00
1.907884001731872559e+00,2.724687755107879639e-01
1.841996550559997559e+00,2.713523149490356445e+00
1.792476892471313477e+00,7.427806854248046875e-01
1.336310625076293945e+00,8.836250305175781250e-01
-1.477520018815994263e-01,1.785802841186523438e+00
1.751969903707504272e-01,3.981869697570800781e+00
1.722446203231811523e+00,6.761934757232666016e+00
1.375965476036071777e+00,9.840908646583557129e-01
2.200330257415771484e+00,2.138414144515991211e+00
1.215779542922973633e+00,1.881803631782531738e+00
9.943258166313171387e-01,1.397283196449279785e+00
-9.348596632480621338e-02,2.530513048171997070e+00
1.055635333061218262e+00,4.839397907257080078e+00
1.290558695793151855e+00,2.196326494216918945e+00
9.403064846992492676e-01,7.828804492950439453e+00
1.717648267745971680e+00,1.334922909736633301e+00
8.504606485366821289e-01,3.355326414108276367e+00
2.171055555343627930e+00,4.710637927055358887e-01
1.868198513984680176e+00,1.911664009094238281e+00
1.684928536415100098e+00,2.365151643753051758e+00
2.113410949707031250e+00,4.714544296264648438e+00
4.483527541160583496e-01,2.477123975753784180e+00
2.686716318130493164e+00,4.235882759094238281e-01
2.196925401687622070e+00,6.474592089653015137e-01
1.472521901130676270e+00,2.365996599197387695e+00
2.363866090774536133e+00,3.014921665191650391e+00
1.353984951972961426e+00,9.049143195152282715e-01
1.665670514106750488e+00,9.963924884796142578e-01
1.191975116729736328e+00,1.038615465164184570e+00
-5.092622339725494385e-02,1.305121302604675293e+00
8.226072192192077637e-01,1.397329330444335938e+00
2.276117086410522461e+00,6.596106290817260742e-01
1.169603109359741211e+00,1.208007097244262695e+00
1.157750368118286133e+00,4.391264438629150391e+00
1.676209807395935059e+00,3.121799945831298828e+00
-8.851666748523712158e-02,2.134037494659423828e+00
1.713228940963745117e+00,4.449547767639160156e+00
8.203110098838806152e-01,2.827309370040893555e+00
1.682008862495422363e+00,-8.058674633502960205e-03
2.409157514572143555e+00,6.407750844955444336e-01
-1.606724411249160767e-01,5.985497683286666870e-02
2.036692857742309570e+00,1.241958379745483398e+00
1.735895633697509766e+00,3.493282079696655273e+00
9.827337861061096191e-01,3.755302190780639648e+00
1.125225424766540527e+00,6.137455105781555176e-01
1.138696908950805664e+00,1.243663907051086426e+00
1.045544147491455078e+00,2.466809153556823730e-01
2.767032146453857422e+00,7.178975105285644531e+00
-3.409979939460754395e-01,2.036181211471557617e+00
-3.057002425193786621e-01,-3.331676870584487915e-02
1.855978131294250488e+00,5.908265590667724609e+00
3.183129429817199707e-01,1.469982981681823730e+00
1.555969595909118652e+00,2.367618560791015625e+00
1.146535038948059082e+00,4.543538570404052734e+00
2.067433595657348633e+00,3.779679536819458008e+00
2.148056030273437500e+00,1.477588891983032227e+00
1.182647824287414551e+00,3.713125467300415039e+00
1.256248831748962402e+00,2.963250637054443359e+00
9.695352911949157715e-01,2.531969308853149414e+00
-1.509115844964981079e-01,2.292299032211303711e+00
1.868663549423217773e+00,9.085089564323425293e-01
2.134812593460083008e+00,3.357148170471191406e+00
7.852126955986022949e-01,2.169863462448120117e+00
1.274685740470886230e+00,1.407369852066040039e+00
6.235252022743225098e-01,6.228046894073486328e+00
6.224846243858337402e-01,2.371366500854492188e+00
1.792392730712890625e+00,9.643318057060241699e-01
1.475083231925964355e+00,2.893024682998657227e+00
1.811526060104370117e+00,3.307292699813842773e+00
1.965476393699645996e+00,1.754925489425659180e+00
1.261952757835388184e+00,2.272058248519897461e+00
3.573906421661376953e-01,3.427937746047973633e+00
1.435975551605224609e+00,2.035747051239013672e+00
1.540848255157470703e+00,1.462248444557189941e+00
2.151811122894287109e+00,4.943400859832763672e+00
1.417554497718811035e+00,5.212759971618652344e+00
1.384983897209167480e+00,4.270555675029754639e-01
1.494415760040283203e+00,4.711679935455322266e+00
-6.595195531845092773e-01,2.433519363403320312e+00
1.902351260185241699e+00,5.223582744598388672e+00
4.733310639858245850e-02,2.511502981185913086e+00
1.030598044395446777e+00,2.847765207290649414e+00
1.756069540977478027e+00,1.889842867851257324e+00
4.159125685691833496e-01,2.878350019454956055e+00
2.079796552658081055e+00,2.217931032180786133e+00
1.151542544364929199e+00,1.900820851325988770e+00
9.153047204017639160e-01,2.375567197799682617e+00
2.117460966110229492e+00,2.814027309417724609e+00
1.689266800880432129e+00,4.844640195369720459e-01
1.141980648040771484e+00,3.142622947692871094e+00
9.748694300651550293e-01,2.662295103073120117e+00
2.900088429450988770e-01,2.137159109115600586e+00
2.447667568922042847e-01,2.068396568298339844e+00
1.929529309272766113e+00,3.806145906448364258e+00
1.658350586891174316e+00,1.863357186317443848e+00
1.238042831420898438e+00,3.620099306106567383e+00
5.599557757377624512e-01,2.681991815567016602e+00
1.797016710042953491e-01,1.904317498207092285e+00
-1.337835341691970825e-01,3.221717596054077148e+00
1.420638680458068848e+00,2.046808004379272461e+00
1.494868397712707520e+00,8.050261735916137695e-01
2.040550231933593750e+00,4.002473354339599609e+00
2.210495710372924805e+00,4.700364112854003906e+00
-4.755446910858154297e-01,5.976675510406494141e+00
2.697701692581176758e+00,4.638397693634033203e+00
1.315688729286193848e+00,4.789140701293945312e+00
1.001680612564086914e+00,-5.668586492538452148e-01
5.483080148696899414e-01,6.465817689895629883e-01
2.105989217758178711e+00,3.053027391433715820e+00
7.768520116806030273e-01,3.281612157821655273e+00
1.578793048858642578e+00,1.340173840522766113e+00
-9.728396534919738770e-01,4.538224220275878906e+00
1.513303756713867188e+00,5.716363430023193359e+00
-3.542048931121826172e-01,1.877698063850402832e+00
1.182803392410278320e+00,3.875724554061889648e+00
1.929428696632385254e+00,2.668312788009643555e+00
2.026506900787353516e+00,2.662844896316528320e+00
1.773546338081359863e+00,2.657775163650512695e+00
2.562630891799926758e+00,4.804732799530029297e+00
1.037694573402404785e+00,3.882863521575927734e-01
1.042489171028137207e+00,4.759637355804443359e+00
8.144274353981018066e-01,9.463787078857421875e-01
1.553041219711303711e+00,4.304022789001464844e+00
6.325774788856506348e-01,2.180320978164672852e+00
1.797484397888183594e+00,4.884574890136718750e+00
1.975000739097595215e+00,1.831696987152099609e+00
1.616992473602294922e+00,5.344618320465087891e+00
8.077959418296813965e-01,3.628359794616699219e+00
1.527447819709777832e+00,5.262933731079101562e+00
1.416232943534851074e+00,4.138289928436279297e+00
1.583250761032104492e+00,4.586444377899169922e+00
1.017791628837585449e+00,6.652964115142822266e+00
1.858948349952697754e+00,5.250570774078369141e+00
1.938189744949340820e+00,6.897710323333740234e+00
8.948084712028503418e-01,2.402891397476196289e+00
1.455922007560729980e+00,6.368060588836669922e+00
1.538672327995300293e+00,-6.869686394929885864e-02
1.334777355194091797e+00,5.020538806915283203e+00
1.786826372146606445e+00,6.337815284729003906e+00
2.053614854812622070e+00,3.727346897125244141e+00
-2.103377133607864380e-01,2.784333944320678711e+00
1.232722401618957520e+00,3.499706506729125977e+00
-3.068044781684875488e-01,2.518653869628906250e+00
1.376492738723754883e+00,3.364929914474487305e+00
2.776056528091430664e-01,2.555668115615844727e+00
1.797690272331237793e+00,8.318558931350708008e-01
1.855701804161071777e+00,4.856400966644287109e+00
1.107843279838562012e+00,1.782761216163635254e-01
1.351378083229064941e+00,2.422688961029052734e+00
1.570582985877990723e+00,1.207015514373779297e+00
-8.273217082023620605e-01,1.692626833915710449e+00
1.419943571090698242e+00,3.172655820846557617e+00
2.148839473724365234e+00,2.641649007797241211e+00
6.278243660926818848e-01,4.488564014434814453e+00
1.260094285011291504e+00,2.357615232467651367e+00
1.836983561515808105e+00,2.524134397506713867e+00
1.254524827003479004e+00,8.268266320228576660e-01
2.154197931289672852e+00,6.510239124298095703e+00
1.343606472015380859e+00,6.741227626800537109e+00
1.459479570388793945e+00,3.588687896728515625e+00
9.335335493087768555e-01,1.580130219459533691e+00
1.321345806121826172e+00,6.183094382286071777e-01
1.511096119880676270e+00,5.888704776763916016e+00
1.096545577049255371e+00,1.340433120727539062e+00
1.718210697174072266e+00,-9.554929286241531372e-02
1.121996283531188965e+00,3.789591550827026367e+00
2.011451005935668945e+00,7.829906940460205078e-01
9.346016645431518555e-01,3.800722360610961914e+00
-7.541236281394958496e-01,2.196592569351196289e+00
6.219230890274047852e-01,1.410049200057983398e+00
1.970418930053710938e+00,5.074279308319091797e+00
1.074066758155822754e+00,2.105768442153930664e+00
1.477730631828308105e+00,6.727301120758056641e+00
1.180356383323669434e+00,1.205463647842407227e+00
1.841575145721435547e+00,2.033202648162841797e+00
1.336252808570861816e+00,8.675276637077331543e-01
2.245059013366699219e+00,6.838584423065185547e+00
2.110074758529663086e+00,3.917716264724731445e+00
1.657003045082092285e+00,3.002623558044433594e+00
8.950889706611633301e-01,3.544360399246215820e+00
1.593951821327209473e+00,1.550357818603515625e+00
1.343032956123352051e+00,3.328329086303710938e+00
1.088526368141174316e+00,4.049022197723388672e+00
3.278986215591430664e-01,2.364001035690307617e+00
1.296084046363830566e+00,5.266965866088867188e+00
1.036720514297485352e+00,8.323810577392578125e+00
1.376155257225036621e+00,4.165165901184082031e+00
-4.342049956321716309e-01,1.511438846588134766e+00
1.662391424179077148e+00,5.462729930877685547e+00
3.892226219177246094e-01,6.841649055480957031e+00
1.606627702713012695e+00,3.409697771072387695e+00
-5.666802525520324707e-01,3.595164716243743896e-01
1.031489491462707520e+00,4.466892719268798828e+00
3.327590227127075195e-01,5.695095539093017578e+00
1.475206017494201660e+00,2.057601928710937500e+00
8.832774758338928223e-01,4.558226108551025391e+00
-9.251418709754943848e-01,4.314840435981750488e-01
2.402753353118896484e+00,4.595204830169677734e+00
1.850862264633178711e+00,5.680115222930908203e+00
2.119768857955932617e+00,6.364171028137207031e+00
2.400116682052612305e+00,4.265434265136718750e+00
1.766172051429748535e+00,3.891148805618286133e+00
1.176097393035888672e+00,3.912220478057861328e+00
-3.400172293186187744e-02,8.202316761016845703e-01
1.284688949584960938e+00,3.879140138626098633e+00
6.089711785316467285e-01,2.293292999267578125e+00
1.369490027427673340e+00,4.319697380065917969e+00
7.641716003417968750e-01,2.901231050491333008e+00
5.417235493659973145e-01,5.682589054107666016e+00
6.293030381202697754e-01,2.011191844940185547e+00
-5.163432359695434570e-01,3.324966430664062500e+00
1.373691201210021973e+00,4.738294124603271484e+00
1.340192437171936035e+00,1.554580092430114746e+00
2.184097290039062500e+00,1.385690689086914062e+00
2.052820444107055664e+00,2.750389814376831055e+00
1.460303187370300293e+00,1.420065879821777344e+00
1.803284287452697754e+00,3.086498975753784180e+00
2.213337182998657227e+00,3.080028533935546875e+00
7.825533747673034668e-01,4.115887165069580078e+00
1.257659196853637695e+00,-1.704733967781066895e-01
1.244560122489929199e+00,1.090939998626708984e+00
1.792524695396423340e+00,4.180247783660888672e+00
-5.303960442543029785e-01,2.545277118682861328e+00
4.423745274543762207e-01,2.322677612304687500e+00
1.536151766777038574e+00,-1.922679692506790161e-02
-1.509643997997045517e-02,3.717260599136352539e+00
8.225968480110168457e-01,5.003263950347900391e+00
1.553634881973266602e+00,4.668570041656494141e+00
2.550200700759887695e+00,1.930236577987670898e+00
1.879865288734436035e+00,2.346358299255371094e+00
8.876063823699951172e-01,2.538813829421997070e+00
2.108924150466918945e+00,3.676863610744476318e-01
1.985158771276473999e-01,3.879812479019165039e+00
1.442321300506591797e+00,7.242628931999206543e-01
2.050730228424072266e+00,1.766763448715209961e+00
1.851222515106201172e+00,4.465926647186279297e+00
9.238290190696716309e-01,3.302375555038452148e+00
1.339800477027893066e+00,1.680149674415588379e+00
1.536575436592102051e+00,1.124898791313171387e+00
1.362297415733337402e+00,2.000498056411743164e+00
1.003539681434631348e+00,7.084666490554809570e-01
-5.336766839027404785e-01,1.561887145042419434e+00
1.553299784660339355e+00,1.417807340621948242e+00
4.730891585350036621e-01,4.821736812591552734e+00
1.806062579154968262e+00,7.129980325698852539e-01
5.412137508392333984e-01,5.595036745071411133e-01
1.633844375610351562e+00,1.939770579338073730e+00
9.050535559654235840e-01,6.132358908653259277e-01
2.154101610183715820e+00,1.481078505516052246e+00
5.230501294136047363e-01,5.303621768951416016e+00
1.707170367240905762e+00,4.829368591308593750e-01
1.457688212394714355e+00,1.765460252761840820e+00
9.352213144302368164e-01,5.227750301361083984e+00
8.609543442726135254e-01,-5.765198469161987305e-01
1.319707274436950684e+00,8.591037750244140625e+00
1.250906825065612793e+00,5.168010592460632324e-01
1.738286614418029785e+00,1.875028133392333984e+00
-1.031140238046646118e-01,3.034670591354370117e+00
1.841000556945800781e+00,1.653129816055297852e+00
1.963335394859313965e+00,2.089745998382568359e+00
1.747771859169006348e+00,6.329283714294433594e+00
1.688419222831726074e+00,4.563664913177490234e+00
6.713145375251770020e-01,6.426337718963623047e+00
1.871728777885437012e+00,1.011151504516601562e+01
-5.180670619010925293e-01,4.215046405792236328e+00
1.198480963706970215e+00,1.312913894653320312e+00
-4.298708438873291016e-01,1.942366719245910645e+00
3.711528778076171875e-01,3.356326818466186523e+00
1.042037367820739746e+00,4.090464115142822266e-01
2.403617143630981445e+00,2.471122026443481445e+00
2.134025543928146362e-01,3.834538936614990234e+00
2.243421316146850586e+00,1.070007324218750000e+00
1.074548959732055664e+00,4.852887094020843506e-01
9.348069429397583008e-01,5.055284023284912109e+00
1.460799455642700195e+00,9.476704597473144531e-01
1.694151163101196289e+00,2.491875886917114258e-01
1.266860246658325195e+00,1.669030904769897461e+00
2.521943092346191406e+00,1.221890926361083984e+00
1.427796483039855957e+00,1.451893091201782227e+00
1.409156203269958496e+00,2.015247821807861328e+00
1.272871255874633789e+00,2.750123262405395508e+00
2.306413888931274414e+00,1.398309111595153809e+00
1.317047834396362305e+00,1.491091609001159668e+00
1.383949160575866699e+00,2.032576560974121094e+00
1.527863502502441406e+00,3.495373964309692383e+00
1.351634025573730469e+00,1.355434179306030273e+00
6.680800318717956543e-01,4.847230911254882812e+00
2.463456839323043823e-01,1.973118066787719727e+00
-4.020883440971374512e-01,2.307159423828125000e+00
2.083516120910644531e+00,1.537938594818115234e+00
2.088493108749389648e+00,5.663346499204635620e-02
1.782386302947998047e+00,2.455109596252441406e+00
1.678004741668701172e+00,1.496667861938476562e+00
8.452972769737243652e-01,3.713786840438842773e+00
2.313050508499145508e+00,2.133754491806030273e+00
1.796060800552368164e+00,2.008544683456420898e+00
-2.280262261629104614e-01,3.842294216156005859e-01
1.809058427810668945e+00,6.708215713500976562e+00
2.467037916183471680e+00,2.458708047866821289e+00
1.001500964164733887e+00,1.095436096191406250e+00
-8.113873004913330078e-01,1.939197063446044922e+00
2.511828184127807617e+00,3.786722183227539062e+00
2.222842693328857422e+00,7.506206512451171875e+00
2.584256410598754883e+00,3.798480749130249023e+00
2.219735383987426758e+00,5.053171634674072266e+00
1.579307913780212402e+00,2.100764989852905273e+00
1.575041413307189941e+00,1.377872526645660400e-01
1.733842730522155762e+00,2.335479259490966797e+00
1.320567607879638672e+00,4.564224720001220703e+00
1.487199187278747559e+00,1.918538212776184082e+00
6.052812933921813965e-01,2.002208471298217773e+00
1.792410254478454590e+00,5.654515743255615234e+00
2.982459962368011475e-02,4.504132270812988281e+00
1.860655665397644043e+00,1.516559600830078125e+00
2.017254352569580078e+00,1.074369311332702637e+00
1.568798542022705078e+00,3.944778203964233398e+00
1.812371253967285156e+00,4.137173175811767578e+00
1.204317808151245117e+00,1.466101527214050293e+00
8.671599030494689941e-01,2.615681648254394531e+00
2.694813489913940430e+00,2.792124986648559570e+00
1.980271458625793457e+00,5.458016395568847656e+00
1.791525006294250488e+00,1.111857175827026367e+00
1.154109358787536621e+00,2.517202377319335938e+00
1.523473620414733887e+00,3.884290218353271484e+00
2.137319564819335938e+00,2.956210374832153320e+00
2.231410980224609375e+00,5.686958789825439453e+00
6.398522853851318359e-01,2.623636007308959961e+00
-8.539683222770690918e-01,2.641754865646362305e+00
1.695169329643249512e+00,4.999907493591308594e+00
1.631877064704895020e+00,7.403471469879150391e-01
-3.423323631286621094e-01,2.509096384048461914e+00
1.828075170516967773e+00,3.487541913986206055e+00
2.108972787857055664e+00,4.823592662811279297e+00
2.774957418441772461e-01,3.166469573974609375e+00
1.290103316307067871e+00,2.177030086517333984e+00
1.691899895668029785e+00,2.025063037872314453e+00
2.207663536071777344e+00,1.326905131340026855e+00
4.835858047008514404e-01,9.680891036987304688e+00
2.374918699264526367e+00,1.481749176979064941e+00
1.252969622611999512e+00,4.168855190277099609e+00
-2.922861576080322266e-01,7.831712961196899414e-01
2.553365945816040039e+00,1.784711122512817383e+00
1.065915465354919434e+00,5.865959525108337402e-01
1.602820038795471191e+00,4.963485240936279297e+00
1.367440074682235718e-01,2.843208551406860352e+00
1.194559335708618164e+00,-1.846760213375091553e-01
1.980301499366760254e+00,2.592841863632202148e+00
1.342135906219482422e+00,5.198902130126953125e+00
1.757143616676330566e+00,4.822278022766113281e+00
1.251369237899780273e+00,5.216337203979492188e+00
2.060838699340820312e+00,5.426429271697998047e+00
2.126062631607055664e+00,1.884296536445617676e-01
2.086383819580078125e+00,2.086510658264160156e-01
1.801459312438964844e+00,2.362614393234252930e+00
-1.134777218103408813e-01,4.458915442228317261e-02
1.524964451789855957e+00,4.810016155242919922e+00
2.098111391067504883e+00,2.288153409957885742e+00
-3.730316758155822754e-01,1.609303951263427734e+00
1.123341798782348633e+00,4.668234288692474365e-01
2.450307369232177734e+00,1.089097976684570312e+00
-3.604084849357604980e-01,7.473500370979309082e-01
1.092791438102722168e+00,5.808874607086181641e+00
1.499421358108520508e+00,1.065033555030822754e+00
1.318745374679565430e+00,6.779839038848876953e+00
2.493785619735717773e+00,2.341185808181762695e+00
2.589545011520385742e+00,2.607195615768432617e+00
8.592100739479064941e-01,4.751243114471435547e+00
1.158495664596557617e+00,2.004108190536499023e+00
-4.017165303230285645e-01,2.653785228729248047e+00
1.234750390052795410e+00,1.993468880653381348e+00
-6.809789538383483887e-01,2.187901735305786133e+00
1.507322072982788086e+00,1.259885907173156738e+00
2.309179067611694336e+00,1.111588954925537109e+00
1.460555195808410645e+00,3.957761049270629883e+00
1.477851748466491699e+00,-1.097743883728981018e-01
2.045886039733886719e+00,2.293922901153564453e+00
1.706422090530395508e+00,4.380709171295166016e+00
1.785362362861633301e+00,2.820070505142211914e+00
1.083890557289123535e+00,9.678477048873901367e-01
8.711913228034973145e-01,7.651045918464660645e-01
1.237983345985412598e+00,2.306385517120361328e+00
2.936748027801513672e+00,5.944407939910888672e+00
2.030610322952270508e+00,1.556787371635437012e+00
2.119634866714477539e+00,1.674490690231323242e+00
9.800311326980590820e-01,1.269157528877258301e+00
1.156319499015808105e+00,2.606620788574218750e+00
-7.554666399955749512e-01,1.962020635604858398e+00
-9.878757596015930176e-01,1.949875056743621826e-01
1.172690272331237793e+00,1.398280262947082520e+00
1.601115345954895020e+00,1.177621245384216309e+00
2.195519208908081055e+00,6.784000396728515625e-01
-8.141635656356811523e-01,2.207349061965942383e+00
2.469424009323120117e+00,3.069571852684020996e-01
1.165170907974243164e+00,4.505486011505126953e+00
1.377212166786193848e+00,1.375499963760375977e+00
2.359782457351684570e+00,3.725135028362274170e-01
1.537627696990966797e+00,6.403031349182128906e+00
1.219533085823059082e+00,3.094573020935058594e+00
1.942320346832275391e+00,2.438015699386596680e+00
1.567460894584655762e+00,4.677024841308593750e+00
2.148992776870727539e+00,1.276573419570922852e+00
1.549779176712036133e+00,2.208131551742553711e+00
1.548135519027709961e+00,7.670185565948486328e+00
1.314712643623352051e+00,4.359799385070800781e+00
2.016513347625732422e+00,5.557312965393066406e-01
2.413500785827636719e+00,8.089659214019775391e-01
1.579435110092163086e+00,2.459284543991088867e+00
7.198750972747802734e-01,2.918074131011962891e+00
2.050554752349853516e+00,1.407112360000610352e+00
1.630333423614501953e+00,2.201189517974853516e+00
1.575183510780334473e+00,5.764075279235839844e+00
1.925366520881652832e+00,8.563131093978881836e-01
2.015305757522583008e+00,8.895655870437622070e-01
1.220342278480529785e+00,2.169997930526733398e+00
2.611295878887176514e-02,2.580247163772583008e+00
1.082574605941772461e+00,7.905430793762207031e-01
1.384028792381286621e+00,-2.976480126380920410e-01
2.133844137191772461e+00,2.529412269592285156e+00
1.373122692108154297e+00,1.259487271308898926e+00
1.299219846725463867e+00,9.728636741638183594e-01
5.679091215133666992e-01,1.646057248115539551e+00
-5.024667084217071533e-02,2.309449434280395508e+00
2.128720045089721680e+00,1.340404987335205078e+00
1.384184718132019043e+00,7.130269527435302734e+00
1.626017332077026367e+00,3.846307992935180664e+00
1.327872991561889648e+00,1.658610820770263672e+00
2.030975580215454102e+00,3.473260641098022461e+00
1.176054000854492188e+00,2.894464015960693359e+00
8.927486836910247803e-02,3.787029266357421875e+00
1.521667718887329102e+00,1.620761513710021973e+00
1.409070491790771484e+00,1.741689085960388184e+00
2.151785135269165039e+00,4.989715576171875000e+00
9.327755570411682129e-01,3.707065105438232422e+00
1.877651453018188477e+00,2.152847528457641602e+00
2.111225843429565430e+00,7.554398059844970703e+00
2.555402040481567383e+00,5.135120868682861328e+00
1.486263275146484375e+00,8.424375057220458984e-01
9.991188645362854004e-01,3.363277196884155273e+00
1.415033340454101562e+00,6.124669551849365234e+00
4.309110343456268311e-02,6.026012897491455078e+00
1.187720060348510742e+00,9.686557054519653320e-01
9.728069901466369629e-01,6.328742504119873047e-01
8.545317053794860840e-01,3.214007616043090820e+00
1.066547870635986328e+00,3.947028875350952148e+00
2.102796077728271484e+00,2.028076410293579102e+00
1.877403497695922852e+00,4.756762683391571045e-01
1.048647761344909668e+00,6.681495904922485352e-01
2.198238372802734375e+00,3.243149042129516602e+00
-8.419818282127380371e-01,5.002688407897949219e+00
1.818519473075866699e+00,2.164478540420532227e+00
1.777403831481933594e+00,5.732855796813964844e+00
1.378848791122436523e+00,4.650896549224853516e+00
1.129483938217163086e+00,4.149857521057128906e+00
1.863263726234436035e+00,1.470111966133117676e+00
1.365441441535949707e+00,2.761949300765991211e+00
7.719022631645202637e-01,1.895838022232055664e+00
1.733356118202209473e+00,6.347506523132324219e+00
2.372534751892089844e+00,5.288426876068115234e-01
3.288819789886474609e-01,1.990758657455444336e+00
1.981448769569396973e+00,1.590856552124023438e+00
1.650117278099060059e+00,1.700639009475708008e+00
1.282370448112487793e+00,1.206719994544982910e+00
1.087725996971130371e+00,1.466551661491394043e+00
1.093952536582946777e+00,2.954992771148681641e+00
1.244465589523315430e+00,3.244435071945190430e+00
1.978878855705261230e+00,2.390268802642822266e+00
1.623173475265502930e+00,1.018943786621093750e+00
1.665066123008728027e+00,4.410330295562744141e+00
8.783366680145263672e-01,4.167779684066772461e-01
1.225805282592773438e+00,7.367670536041259766e+00
2.333518266677856445e+00,1.248083114624023438e+00
1.059356093406677246e+00,2.299769401550292969e+00
2.439329475164413452e-01,1.479082584381103516e+00
1.431719779968261719e+00,7.704290390014648438e+00
1.478553056716918945e+00,4.283330440521240234e+00
1.792541742324829102e+00,3.047967195510864258e+00
1.252750515937805176e+00,5.364283084869384766e+00
2.097784757614135742e+00,1.361791610717773438e+00
1.537210941314697266e+00,3.919731855392456055e+00
1.848357796669006348e+00,4.104245185852050781e+00
9.980680346488952637e-01,2.066878676414489746e-01
-6.950334310531616211e-01,1.834479928016662598e+00
1.190578341484069824e+00,3.526383340358734131e-01
1.957082390785217285e+00,9.931749105453491211e-01
2.503479003906250000e+00,5.523056030273437500e+00
2.315472602844238281e+00,4.311359405517578125e+00
1.974326372146606445e+00,1.529990911483764648e+00
2.408515453338623047e+00,3.602666616439819336e+00
9.441663622856140137e-01,2.176499843597412109e+00
1.825663924217224121e+00,-1.775639355182647705e-01
1.158296704292297363e+00,1.181085824966430664e+00
1.253159403800964355e+00,3.660930633544921875e+00
1.945595502853393555e+00,2.012476205825805664e+00
2.691868543624877930e+00,5.710929870605468750e+00
-1.276804413646459579e-02,5.684787034988403320e-01
1.134146809577941895e+00,3.105692625045776367e+00
-9.576111435890197754e-01,7.179176807403564453e-01
1.864307761192321777e+00,5.999363422393798828e+00
7.188779711723327637e-01,8.670010566711425781e-01
1.625446438789367676e+00,1.832484364509582520e+00
1.837035655975341797e+00,3.438138067722320557e-01
-1.730470210313796997e-01,3.058114767074584961e+00
3.637872934341430664e-01,2.639331579208374023e+00
1.688696980476379395e+00,3.357384920120239258e+00
1.428073287010192871e+00,1.137736678123474121e+00
1.213334321975708008e+00,1.314182400703430176e+00
1.792505383491516113e+00,1.469494819641113281e+00
2.211961746215820312e+00,5.913208007812500000e+00
1.029817104339599609e+00,5.418144464492797852e-01
1.593683362007141113e+00,-8.533937484025955200e-02
1.453467845916748047e+00,8.594007492065429688e-01
1.256679773330688477e+00,9.292233467102050781e+00
1.334187984466552734e+00,8.079858779907226562e+00
1.441384673118591309e+00,1.651159048080444336e+00
8.589060902595520020e-01,4.862762987613677979e-01
7.897401452064514160e-01,5.804437398910522461e-01
1.276488184928894043e+00,3.953248262405395508e+00
1.800192236900329590e+00,2.165900468826293945e+00
1.463317513465881348e+00,6.880351066589355469e+00
2.387424230575561523e+00,1.513605833053588867e+00
2.463943004608154297e+00,4.539563655853271484e+00
1.856900811195373535e+00,5.510883808135986328e+00
2.616105675697326660e-01,1.514675617218017578e+00
1.248863577842712402e+00,1.214661598205566406e+00
8.435248732566833496e-01,3.867874383926391602e+00
8.187496066093444824e-01,2.244328856468200684e-01
1.618949770927429199e+00,3.708669662475585938e+00
1.702444791793823242e+00,5.081336945295333862e-02
1.662777304649353027e+00,1.481126666069030762e+00
5.752161741256713867e-01,2.818349123001098633e+00
1.412785410881042480e+00,3.794453740119934082e-01
2.018382549285888672e+00,2.033661365509033203e+00
1.215393781661987305e+00,3.715569257736206055e+00
2.003926992416381836e+00,-1.139391735196113586e-01
2.456943988800048828e+00,1.135481595993041992e+00
1.248466372489929199e+00,6.967215061187744141e+00
-3.423668742179870605e-01,4.749677658081054688e+00
1.430940032005310059e+00,1.894190311431884766e+00
2.045905113220214844e+00,7.310186386108398438e+00
2.302221775054931641e+00,1.375296115875244141e+00
-5.637178421020507812e-01,3.151247262954711914e+00
1.758362412452697754e+00,2.249462842941284180e+00
1.986803054809570312e+00,3.102724999189376831e-02
1.651731371879577637e+00,-2.478471398353576660e-01
8.386619687080383301e-01,1.478947877883911133e+00
1.593784928321838379e+00,5.013830661773681641e+00
-5.299390852451324463e-02,2.121474742889404297e+00
1.703529238700866699e+00,6.522397518157958984e+00
2.536805868148803711e+00,2.991701841354370117e+00
6.229346394538879395e-01,6.065261840820312500e+00
1.790147900581359863e+00,4.265223979949951172e+00
1.316761374473571777e+00,6.598386764526367188e+00
-5.983522534370422363e-01,2.869087159633636475e-01
1.436066389083862305e+00,1.629490256309509277e+00
1.168068170547485352e+00,1.487470388412475586e+00
1.505374908447265625e+00,2.121842145919799805e+00
4.861243963241577148e-01,2.384754180908203125e+00
1.222204089164733887e+00,1.302907943725585938e+00
2.067287445068359375e+00,4.122843742370605469e+00
1.872300505638122559e+00,6.663933396339416504e-01
9.880240559577941895e-01,1.879696726799011230e+00
1.913175702095031738e+00,1.877226948738098145e+00
1.567316651344299316e+00,-9.366551786661148071e-02
1.379950284957885742e+00,2.091347217559814453e+00
2.475307434797286987e-01,1.915687561035156250e+00
2.435570001602172852e+00,2.996289491653442383e+00
1.098248600959777832e+00,9.773095846176147461e-01
1.532410264015197754e+00,1.823786020278930664e+00
2.194083452224731445e+00,2.832760572433471680e+00
1.678704380989074707e+00,7.199382781982421875e-01
1.391427397727966309e+00,4.891508579254150391e+00
3.317902088165283203e-01,3.212077856063842773e+00
1.763633489608764648e+00,6.454065322875976562e+00
1.539607286453247070e+00,3.635752439498901367e+00
7.816581130027770996e-01,-3.946893811225891113e-01
2.536968231201171875e+00,7.139128446578979492e-01
-2.554164528846740723e-01,1.312240123748779297e+00
-5.065590739250183105e-01,2.832900047302246094e+00
3.507738113403320312e-01,4.484447956085205078e+00
9.691062569618225098e-01,3.803077220916748047e+00
1.277793169021606445e+00,1.221108555793762207e+00
2.214695215225219727e+00,2.373620271682739258e+00
2.013663291931152344e+00,2.281516313552856445e+00
1.738953471183776855e+00,1.809405207633972168e+00
-6.610138416290283203e-01,2.216283321380615234e+00
1.272942900657653809e+00,1.513990163803100586e+00
1.913503170013427734e+00,3.693056821823120117e+00
1.656423449516296387e+00,2.449306726455688477e+00
1.065015912055969238e+00,1.717698097229003906e+00
1.555410981178283691e+00,3.443930745124816895e-01
1.400424122810363770e+00,3.840831041336059570e+00
9.585749506950378418e-01,4.646582603454589844e+00
1.402323246002197266e+00,1.213557243347167969e+00
4.673527479171752930e-01,3.739018201828002930e+00
1.867692351341247559e+00,3.608180522918701172e+00
1.401197552680969238e+00,3.689857721328735352e+00
2.246459007263183594e+00,5.035967350006103516e+00
1.186974644660949707e+00,5.535803318023681641e+00
3.770343065261840820e-01,5.280796527862548828e+00
1.750048995018005371e+00,3.261878728866577148e+00
2.483175754547119141e+00,3.730809926986694336e+00
1.617172598838806152e+00,7.325972318649291992e-01
1.358242750167846680e+00,1.899499416351318359e+00
2.220712184906005859e+00,2.432194232940673828e+00
1.925408482551574707e+00,2.193951368331909180e+00
-7.256804108619689941e-01,2.671493291854858398e+00
1.827197909355163574e+00,3.621495246887207031e+00
2.532140970230102539e+00,9.842314124107360840e-01
1.101010918617248535e+00,1.540041089057922363e+00
-9.685912728309631348e-01,2.316813230514526367e+00
1.031640648841857910e+00,2.760516405105590820e+00
2.450027227401733398e+00,5.969225168228149414e-01
2.310439109802246094e+00,2.376369714736938477e+00
1.164731502532958984e+00,4.846824645996093750e+00
1.511386990547180176e+00,7.292603015899658203e+00
1.851030945777893066e+00,1.423178076744079590e+00
1.879683375358581543e+00,1.586176872253417969e+00
2.020959377288818359e+00,1.324069976806640625e+00
1.306472063064575195e+00,1.682379603385925293e+00
1.984275579452514648e+00,5.444368362426757812e+00
1.968061208724975586e+00,1.216548681259155273e+00
1.623291134834289551e+00,1.457503199577331543e+00
8.191974759101867676e-01,1.421432495117187500e+00
2.077531069517135620e-01,1.960055351257324219e+00
1.164229750633239746e+00,3.380046844482421875e+00
8.505644202232360840e-01,1.627024531364440918e+00
2.356498479843139648e+00,2.951208829879760742e+00
1.375949621200561523e+00,3.335639715194702148e+00
2.601365089416503906e+00,6.071823120117187500e+00
9.093518853187561035e-01,2.962601900100708008e+00
2.035610914230346680e+00,2.381412267684936523e+00
1.566751837730407715e+00,7.016935825347900391e+00
1.791294455528259277e+00,3.099466085433959961e+00
5.485032498836517334e-02,3.570252180099487305e+00
9.122695922851562500e-01,1.148155555129051208e-01
1.085555553436279297e+00,1.459396600723266602e+00
2.021187990903854370e-01,4.358358860015869141e+00
-7.658843398094177246e-01,3.047830820083618164e+00
7.391356825828552246e-01,2.996145009994506836e+00
5.833177268505096436e-02,2.844291448593139648e+00
1.177935600280761719e+00,1.514583468437194824e+00
1.647717237472534180e+00,-3.769011050462722778e-02
7.778344154357910156e-01,1.222943425178527832e+00
-3.323850631713867188e-01,2.135857105255126953e+00
6.860430836677551270e-01,1.533407926559448242e+00
2.346668720245361328e+00,2.160489559173583984e+00
2.162791967391967773e+00,7.323250293731689453e+00
9.532625675201416016e-01,3.118828296661376953e+00
3.250226378440856934e-01,1.338315606117248535e+00
1.740160107612609863e+00,4.021463871002197266e+00
1.814241290092468262e+00,7.341025352478027344e+00
1.146941304206848145e+00,1.112766385078430176e+00
2.242291212081909180e+00,4.053731441497802734e+00
2.166569232940673828e+00,1.842613220214843750e+00
-5.955774784088134766e-01,2.988534688949584961e+00
-2.450866997241973877e-02,3.564389944076538086e+00
1.506880402565002441e+00,1.045949101448059082e+00
1.643488049507141113e+00,2.812614440917968750e+00
1.421095252037048340e+00,2.336142778396606445e+00
1.875391244888305664e+00,3.463493824005126953e+00
-2.214632779359817505e-01,1.160229563713073730e+00
2.142032384872436523e+00,4.929186820983886719e+00
1.864369750022888184e+00,3.203238010406494141e+00
2.328588008880615234e+00,2.277641892433166504e-01
1.967268586158752441e+00,1.094657540321350098e+00
7.569701075553894043e-01,3.148663759231567383e+00
1.320706367492675781e+00,3.884594917297363281e+00
1.295551776885986328e+00,2.119640588760375977e+00
2.223679542541503906e+00,5.267975926399230957e-01
8.055047392845153809e-01,4.538063526153564453e+00
1.135170936584472656e+00,2.983248233795166016e+00
2.145163714885711670e-02,2.874058008193969727e+00
1.651813983917236328e+00,6.362189292907714844e+00
8.580484390258789062e-01,8.676268458366394043e-01
8.433557748794555664e-01,2.263884067535400391e+00
1.980236411094665527e+00,1.689905285835266113e+00
1.318248748779296875e+00,1.040614604949951172e+00
1.381591439247131348e+00,1.769429802894592285e+00
7.509809136390686035e-01,1.471003592014312744e-01
1.866762518882751465e+00,6.645824909210205078e+00
1.983880877494812012e+00,1.134786009788513184e+00
-4.894616007804870605e-01,-2.183136343955993652e-01
1.292501568794250488e+00,7.370635271072387695e-01
1.289839267730712891e+00,3.032440185546875000e+00
1.808353781700134277e+00,2.445604562759399414e+00
1.876856565475463867e+00,1.229001402854919434e+00
1.699502110481262207e+00,1.509480834007263184e+00
1.663660168647766113e+00,3.789810419082641602e+00
1.560710191726684570e+00,9.462752342224121094e-01
2.388537377119064331e-01,4.726021289825439453e+00
1.722682356834411621e+00,1.325181722640991211e-01
2.045655012130737305e+00,5.818164825439453125e+00
1.770490884780883789e+00,1.827313780784606934e+00
1.886611700057983398e+00,3.945306777954101562e+00
1.281959891319274902e+00,1.508377075195312500e+00
2.020113468170166016e+00,6.771244525909423828e+00
1.857819199562072754e+00,8.607394695281982422e-01
1.920334339141845703e+00,1.307884931564331055e+00
1.824335813522338867e+00,2.149532079696655273e+00
8.153777718544006348e-01,4.315557003021240234e+00
1.069038748741149902e+00,3.637299537658691406e+00
2.131510496139526367e+00,5.369943141937255859e+00
1.731306910514831543e+00,3.269252300262451172e+00
1.330785870552062988e+00,5.236394405364990234e+00
1.639440417289733887e+00,1.880539536476135254e+00
1.731586933135986328e+00,4.319223403930664062e+00
1.984758973121643066e+00,9.427260756492614746e-01
6.086462140083312988e-01,3.735315561294555664e+00
-8.741298317909240723e-01,1.606758236885070801e+00
-6.188859343528747559e-01,5.972715020179748535e-01
1.209218740463256836e+00,1.015341281890869141e+00
6.203146576881408691e-01,5.240882039070129395e-01
6.985856890678405762e-01,1.806896209716796875e+00
2.230725049972534180e+00,6.873054981231689453e+00
2.223055362701416016e+00,4.617766857147216797e+00
1.510026335716247559e+00,-4.874502420425415039e-01
1.208894491195678711e+00,6.475646495819091797e-01
8.570877909660339355e-01,-1.111610308289527893e-01
1.321115612983703613e+00,1.246678352355957031e+00
2.538762092590332031e-01,3.332251787185668945e+00
1.204210519790649414e+00,8.636028766632080078e-01
2.009892702102661133e+00,1.041226387023925781e+01
7.333920598030090332e-01,1.836469531059265137e+00
1.660981655120849609e+00,2.163534879684448242e+00
1.318729639053344727e+00,7.383534908294677734e-01
1.524420857429504395e+00,2.795468807220458984e+00
-6.731374859809875488e-01,1.747771620750427246e+00
1.977368712425231934e+00,6.373686313629150391e+00
-5.344207286834716797e-01,3.691424846649169922e+00
1.619076967239379883e+00,5.957267284393310547e+00
1.686981678009033203e+00,1.326974630355834961e+00
4.312940239906311035e-01,1.778120756149291992e+00
3.721567392349243164e-01,1.617401242256164551e-01
1.338117241859436035e+00,4.953324317932128906e+00
-5.565994381904602051e-01,1.204231739044189453e+00
1.445245027542114258e+00,5.575861454010009766e+00
4.905410408973693848e-01,3.085606575012207031e+00
1.568186640739440918e+00,1.307075738906860352e+00
1.407951116561889648e+00,2.792462825775146484e+00
2.078989744186401367e+00,2.919589728116989136e-02
1.579002261161804199e+00,3.771495580673217773e+00
2.003690481185913086e+00,1.673255443572998047e+00
2.321507692337036133e+00,6.391275405883789062e+00
1.103171944618225098e+00,1.682506799697875977e+00
-3.324025273323059082e-01,1.158051490783691406e+00
1.742897152900695801e+00,6.291350841522216797e+00
1.541106939315795898e+00,1.962402462959289551e-01
1.516735315322875977e+00,3.493558645248413086e+00
2.000226736068725586e+00,1.923780441284179688e+00
2.657923698425292969e-01,1.488798856735229492e+00
2.905173897743225098e-01,3.698996067047119141e+00
2.457649946212768555e+00,3.720239162445068359e+00
1.570262789726257324e+00,5.592358112335205078e+00
2.151219367980957031e+00,1.734868288040161133e+00
1.260669589042663574e+00,5.209064483642578125e+00
-5.196352601051330566e-01,3.806434392929077148e+00
2.133201837539672852e+00,2.283406257629394531e-01
1.285302996635437012e+00,6.363367080688476562e+00
2.051242828369140625e+00,5.540089130401611328e+00
1.273449063301086426e+00,4.413573265075683594e+00
2.657402038574218750e+00,5.212113857269287109e+00
1.532966732978820801e+00,2.377788305282592773e+00
1.559688687324523926e+00,1.684971690177917480e+00
1.797586679458618164e+00,2.572801589965820312e+00
1.376526117324829102e+00,2.866312503814697266e+00
1.903777956962585449e+00,5.101762413978576660e-01
2.042047023773193359e+00,1.596570253372192383e+00
-1.810782104730606079e-01,6.939722299575805664e-01
1.307904601097106934e+00,4.730203151702880859e+00
5.506343245506286621e-01,4.549021244049072266e+00
2.572981357574462891e+00,7.854471683502197266e+00
1.925602316856384277e+00,3.428472280502319336e+00
1.401646375656127930e+00,9.750487804412841797e-01
1.598574280738830566e+00,1.427742838859558105e+00
1.382806301116943359e+00,1.764600515365600586e+00
2.328235387802124023e+00,5.226980686187744141e+00
-9.047324061393737793e-01,4.759246826171875000e+00
6.328973174095153809e-01,3.343352317810058594e+00
1.516935586929321289e+00,7.302368640899658203e+00
-5.506755709648132324e-01,2.488032102584838867e+00
1.010963171720504761e-01,1.162199139595031738e+00
1.576082706451416016e+00,4.574816703796386719e+00
1.644058585166931152e+00,3.492022752761840820e+00
2.486857175827026367e+00,5.374804973602294922e+00
2.684490203857421875e+00,4.400097370147705078e+00
1.325983405113220215e+00,8.634974360466003418e-01
1.640384554862976074e+00,4.136595249176025391e+00
9.572272896766662598e-01,3.033090114593505859e+00
1.636683702468872070e+00,2.197613477706909180e+00
-1.319610625505447388e-01,1.890852332115173340e+00
2.626164674758911133e+00,2.558247089385986328e+00
2.283901929855346680e+00,1.116160392761230469e+00
2.079142093658447266e+00,1.720514416694641113e+00
1.368531227111816406e+00,8.494917869567871094e+00
1.589861512184143066e+00,1.740581989288330078e+00
-5.722504854202270508e-01,2.596802473068237305e+00
9.926130771636962891e-01,4.712741374969482422e+00
2.088602066040039062e+00,-6.218446046113967896e-02
1.944249749183654785e+00,2.823672294616699219e+00
9.573542475700378418e-01,2.916139364242553711e+00
2.131064176559448242e+00,2.381412506103515625e+00
1.669068694114685059e+00,3.288761377334594727e+00
1.513709902763366699e+00,3.037209749221801758e+00
1.634399175643920898e+00,7.649840831756591797e+00
1.553599715232849121e+00,1.104618310928344727e+00
8.764291405677795410e-01,4.201599597930908203e+00
1.230538010597229004e+00,5.562963008880615234e+00
1.882443904876708984e+00,5.211268901824951172e+00
1.299127578735351562e+00,3.398994207382202148e+00
1.364581227302551270e+00,4.893084526062011719e+00
1.513157963752746582e+00,4.435174465179443359e+00
1.492957353591918945e+00,3.323353528976440430e+00
-2.758895754814147949e-01,2.925009250640869141e+00
5.426958203315734863e-01,3.391807079315185547e+00
1.664806962013244629e+00,1.434362411499023438e+00
2.070748060941696167e-01,2.044397830963134766e+00
1.460048675537109375e+00,7.393862009048461914e-01
2.184274435043334961e+00,2.731870412826538086e+00
1.400678515434265137e+00,2.855837106704711914e+00
2.082580089569091797e+00,2.705679178237915039e+00
1.899987101554870605e+00,2.524510860443115234e+00
1.248171925544738770e+00,3.647880792617797852e+00
-3.661435842514038086e-01,6.588593125343322754e-01
1.893226027488708496e+00,1.808670759201049805e+00
1.941494822502136230e+00,6.501441478729248047e+00
1.547921538352966309e+00,1.974213600158691406e+00
1.470293164253234863e+00,4.581125378608703613e-01
1.943773150444030762e+00,4.831368923187255859e+00
1.091231703758239746e+00,1.243227124214172363e+00
5.967051982879638672e-01,3.580172300338745117e+00
1.322931766510009766e+00,9.069416522979736328e-01
1.741473078727722168e+00,2.070889949798583984e+00
2.343144178390502930e+00,8.550077080726623535e-01
1.310694575309753418e+00,3.558272838592529297e+00
-1.871319562196731567e-01,7.963516712188720703e-01
5.561116933822631836e-01,1.165528178215026855e+00
1.375051498413085938e+00,1.190579652786254883e+00
2.405665636062622070e+00,5.445269346237182617e-01
3.696058392524719238e-01,3.237831592559814453e+00
2.108827829360961914e+00,2.628132820129394531e+00
6.034236550331115723e-01,1.438478708267211914e+00
1.261079788208007812e+00,4.490089893341064453e+00
-3.327745795249938965e-01,2.759116411209106445e+00
8.070572018623352051e-01,2.127319335937500000e+00
1.764347910881042480e+00,2.080231666564941406e+00
1.043889403343200684e+00,6.909533500671386719e+00
1.810853838920593262e+00,4.222059726715087891e+00
7.293388247489929199e-01,5.024830698966979980e-01
-2.705131769180297852e-01,2.655221700668334961e+00
9.278230071067810059e-01,4.365715503692626953e+00
1.843761682510375977e+00,1.551630616188049316e+00
1.754475712776184082e+00,1.188204050064086914e+00
1.724081039428710938e+00,1.880051016807556152e+00
1.691182971000671387e+00,6.217083454132080078e+00
-5.107294917106628418e-01,3.464921474456787109e+00
2.215304136276245117e+00,1.757874488830566406e-01
1.347378253936767578e+00,7.290424108505249023e-01
1.163971304893493652e+00,1.040279626846313477e+00
-3.998815417289733887e-01,2.888108730316162109e+00
1.743931412696838379e+00,2.467277526855468750e+00
1.287075638771057129e+00,3.115770101547241211e+00
1.365977525711059570e+00,4.070786952972412109e+00
7.120864391326904297e-01,4.645202159881591797e+00
-4.810812473297119141e-01,1.379027962684631348e-01
6.653699278831481934e-01,4.433754444122314453e+00
1.970875024795532227e+00,4.782996654510498047e+00
1.615388512611389160e+00,2.061448335647583008e+00
7.599017024040222168e-01,4.482602119445800781e+00
1.048895478248596191e+00,2.708488225936889648e+00
-4.921654462814331055e-01,3.024198293685913086e+00
1.202929735183715820e+00,3.458724737167358398e+00
2.343916147947311401e-01,1.195967197418212891e+00
1.376676917076110840e+00,6.396440267562866211e-01
6.731496453285217285e-01,6.944250583648681641e+00
1.813820362091064453e+00,2.268108129501342773e+00
1.152082681655883789e+00,7.328311443328857422e+00
1.483373641967773438e+00,2.258464097976684570e+00
1.005385875701904297e+00,7.697878479957580566e-01
1.983701467514038086e+00,6.031850814819335938e+00
1.523444652557373047e+00,6.151198148727416992e-01
1.483061671257019043e+00,6.341134756803512573e-02
2.020212173461914062e+00,3.014568328857421875e+00
1.141823887825012207e+00,8.037536740303039551e-01
1.327176928520202637e+00,8.017901778221130371e-01
1.151269912719726562e+00,8.053817749023437500e+00
1.280664205551147461e+00,9.120582342147827148e-01
-2.764033675193786621e-01,6.898935794830322266e+00
6.631075143814086914e-01,2.035427093505859375e+00
-9.592673182487487793e-01,2.386437892913818359e+00
1.748472332954406738e+00,1.941939949989318848e+00
-4.538560509681701660e-01,-1.053554490208625793e-01
1.725053668022155762e+00,1.864097118377685547e+00
-2.897842228412628174e-02,2.550388097763061523e+00
4.959202408790588379e-01,3.557758569717407227e+00
1.633410334587097168e+00,2.421262025833129883e+00
1.270137786865234375e+00,4.156411170959472656e+00
1.491711735725402832e+00,1.721947908401489258e+00
2.346331357955932617e+00,4.008146286010742188e+00
9.936850070953369141e-01,1.067140221595764160e+00
1.357097506523132324e+00,1.960211753845214844e+00
1.331302762031555176e+00,1.027740836143493652e+00
2.081686496734619141e+00,3.065486192703247070e+00
1.226208448410034180e+00,2.026474952697753906e+00
1.665678977966308594e+00,2.284232139587402344e+00
-5.264397263526916504e-01,2.979911565780639648e+00
2.009319543838500977e+00,3.533025026321411133e+00
1.897870779037475586e+00,2.047940015792846680e+00
9.863069653511047363e-01,4.015755176544189453e+00
1.391600251197814941e+00,4.942439556121826172e+00
5.274558663368225098e-01,2.549265861511230469e+00
2.206906318664550781e+00,4.919595241546630859e+00
1.820469260215759277e+00,4.736446380615234375e+00
-8.998997211456298828e-01,3.205916643142700195e+00
-5.497027635574340820e-01,1.712949156761169434e+00
-1.066260933876037598e+00,5.367225408554077148e-01
1.988314032554626465e+00,7.162297725677490234e+00
7.209711074829101562e-01,2.112218618392944336e+00
1.781721711158752441e+00,1.634820938110351562e+00
-5.873627960681915283e-02,4.868905067443847656e+00
1.473951101303100586e+00,4.884422779083251953e+00
1.550762891769409180e+00,1.395162343978881836e+00
1.282672762870788574e+00,1.172470808029174805e+00
5.789926648139953613e-01,1.831344008445739746e+00
1.466478466987609863e+00,1.346159577369689941e+00
6.517469882965087891e-01,3.890298128128051758e+00
2.114335775375366211e+00,1.792522192001342773e+00
-8.639141321182250977e-01,3.340986490249633789e+00
2.171831369400024414e+00,3.918570578098297119e-01
3.083578944206237793e-01,6.553653240203857422e+00
1.863396883010864258e+00,3.493162155151367188e+00
2.711400389671325684e-01,4.214082241058349609e+00
9.969981312751770020e-01,5.215108394622802734e+00
1.996520042419433594e+00,1.036682605743408203e+00
2.262664079666137695e+00,4.402759075164794922e+00
2.381728410720825195e+00,2.968307495117187500e+00
1.816371917724609375e+00,6.234046936035156250e+00
2.007733285427093506e-02,1.528282999992370605e+00
1.096098899841308594e+00,2.470817804336547852e+00
1.712613701820373535e+00,8.848941326141357422e-01
1.937372326850891113e+00,-1.806383132934570312e-01
1.589953660964965820e+00,5.004444599151611328e+00
6.984941363334655762e-01,4.220893383026123047e+00
-1.821113973855972290e-01,6.615580320358276367e-01
1.438727140426635742e+00,3.796334505081176758e+00
1.828905463218688965e+00,6.496273040771484375e+00
3.913761973381042480e-01,3.202270746231079102e+00
8.536110818386077881e-02,4.621733665466308594e+00
2.057852745056152344e+00,5.424932003021240234e+00
7.661018371582031250e-01,1.339899063110351562e+00
-3.985193371772766113e-01,1.500513792037963867e+00
1.598942637443542480e+00,9.260808676481246948e-02
9.678928852081298828e-01,2.409115552902221680e+00
2.213909864425659180e+00,4.841425418853759766e+00
5.953686833381652832e-01,4.172992706298828125e+00
1.636682391166687012e+00,1.849286317825317383e+00
2.219257593154907227e+00,5.100906372070312500e+00
2.730043888092041016e+00,4.487678050994873047e+00
1.630208015441894531e+00,6.725543498992919922e+00
1.289850354194641113e+00,6.525403022766113281e+00
1.233432292938232422e+00,-1.007132604718208313e-01
1.226218461990356445e+00,5.730557441711425781e+00
1.168979763984680176e+00,7.320621013641357422e-01
3.833440542221069336e-01,2.017765998840332031e+00
-1.161990910768508911e-01,2.501048326492309570e+00
1.657605528831481934e+00,4.853030681610107422e+00
1.306571960449218750e+00,1.997187018394470215e+00
1.980511307716369629e+00,4.075886011123657227e-01
1.624110579490661621e+00,3.454981565475463867e+00
1.737729430198669434e+00,-1.229228153824806213e-01
2.310658454895019531e+00,3.201606988906860352e+00
1.963235586881637573e-01,1.723997354507446289e+00
2.317211151123046875e+00,1.959734678268432617e+00
1.380536794662475586e+00,1.213727951049804688e+00
9.835514426231384277e-01,3.388263463973999023e+00
1.130675792694091797e+00,3.246779203414916992e+00
2.192029237747192383e+00,5.694091796875000000e+00
-4.937144517898559570e-01,-3.760106116533279419e-02
1.588548064231872559e+00,2.096574783325195312e+00
1.829428553581237793e+00,1.180199623107910156e+00
9.183897376060485840e-01,2.235508918762207031e+00
1.659336805343627930e+00,5.286352038383483887e-01
1.087156653404235840e+00,4.236056804656982422e+00
1.636648774147033691e+00,4.696271419525146484e+00
1.313212513923645020e+00,1.277374625205993652e+00
1.706606388092041016e+00,2.217168569564819336e+00
-8.278246223926544189e-02,4.999518096446990967e-01
1.542710185050964355e+00,1.421341776847839355e+00
2.318058252334594727e+00,2.488876819610595703e+00
3.007183670997619629e-01,1.576277613639831543e+00
1.620510593056678772e-04,3.458115577697753906e+00
1.576601266860961914e+00,1.250942111015319824e+00
1.739129185676574707e+00,1.200486421585083008e+00
1.032920598983764648e+00,4.475779533386230469e+00
-5.332449078559875488e-01,1.016837477684020996e+00
2.001535177230834961e+00,3.215332269668579102e+00
-6.212298870086669922e-01,2.460253953933715820e+00
2.133357048034667969e+00,1.856896996498107910e+00
2.867753744125366211e+00,5.649607181549072266e+00
1.609684348106384277e+00,5.563028335571289062e+00
8.787919282913208008e-01,4.765618801116943359e+00
2.273743391036987305e+00,1.854739069938659668e+00
1.913776755332946777e+00,7.623818874359130859e+00
-3.511979579925537109e-01,4.105385392904281616e-02
1.423023343086242676e+00,4.236463069915771484e+00
4.167779088020324707e-01,4.320485591888427734e+00
1.598566293716430664e+00,5.071885585784912109e+00
-4.232665523886680603e-04,-1.035106852650642395e-01
1.426774501800537109e+00,4.811336994171142578e+00
-5.068810284137725830e-02,7.399713248014450073e-02
2.237480878829956055e+00,1.154676556587219238e+00
1.525047659873962402e+00,1.456897258758544922e+00
-1.574894934892654419e-01,3.150817155838012695e+00
7.904661297798156738e-01,4.604071140289306641e+00
2.335151284933090210e-01,1.064826965332031250e+00
1.845181465148925781e+00,2.865415334701538086e+00
2.603111505508422852e+00,6.298254966735839844e+00
-6.341017782688140869e-02,1.597314953804016113e+00
1.218410372734069824e+00,9.232735633850097656e-01
1.663681745529174805e+00,2.001796960830688477e+00
1.382896661758422852e+00,3.722685575485229492e+00
7.965425848960876465e-01,8.267413973808288574e-01
2.004131078720092773e+00,1.842877388000488281e+00
1.580568313598632812e+00,1.075263786315917969e+01
1.049976348876953125e+00,4.114318370819091797e+00
8.363162875175476074e-01,1.924723029136657715e+00
1.044155359268188477e+00,2.527179956436157227e+00
1.408880829811096191e+00,3.964721441268920898e+00
1.229228615760803223e+00,5.212631821632385254e-01
4.059020876884460449e-01,2.592369794845581055e+00
4.662062525749206543e-01,1.540250778198242188e+00
1.462224602699279785e+00,7.026023387908935547e+00
2.097392797470092773e+00,4.900752544403076172e+00
6.480498313903808594e-01,7.698470950126647949e-01
1.763858675956726074e+00,2.180439233779907227e+00
1.655054450035095215e+00,6.955527782440185547e+00
1.900550723075866699e+00,1.991729140281677246e-01
1.019736409187316895e+00,1.604611635208129883e+00
2.161730051040649414e+00,6.269983291625976562e+00
2.342589139938354492e+00,3.279060125350952148e+00
2.617845773696899414e+00,1.077978610992431641e+00
2.197090864181518555e+00,3.404207706451416016e+00
1.092711925506591797e+00,2.524207830429077148e-01
2.195767879486083984e+00,7.187214374542236328e+00
1.196524500846862793e+00,2.778565645217895508e+00
1.777075648307800293e+00,6.655776500701904297e+00
1.886731743812561035e+00,1.905057668685913086e+00
5.155382752418518066e-01,3.490989208221435547e+00
1.242256999015808105e+00,1.448098063468933105e+00
1.590512871742248535e+00,1.041495725512504578e-01
2.241523504257202148e+00,2.609152078628540039e+00
1.095144867897033691e+00,7.720819473266601562e+00
1.071987986564636230e+00,2.596037387847900391e-01
1.557068824768066406e+00,2.078685283660888672e+00
7.890314459800720215e-01,5.342760562896728516e+00
-5.279899239540100098e-01,3.818498611450195312e+00
1.206764936447143555e+00,1.193628311157226562e+00
1.605620622634887695e+00,1.972248196601867676e+00
5.793890357017517090e-01,3.293390512466430664e+00
1.033822149038314819e-01,7.834970951080322266e+00
7.042769789695739746e-01,2.299523591995239258e+00
1.047533035278320312e+00,2.775763034820556641e+00
5.558626353740692139e-02,1.386122822761535645e+00
1.759085893630981445e+00,2.146781921386718750e+00
1.455634117126464844e+00,2.685414552688598633e+00
6.808903217315673828e-01,1.663374543190002441e+00
1.713278651237487793e+00,5.327430248260498047e+00
1.240496158599853516e+00,1.539180278778076172e+00
1.531396865844726562e+00,2.008613348007202148e+00
-4.012351632118225098e-01,1.744286894798278809e+00
1.577175736427307129e+00,4.015650272369384766e+00
1.340214371681213379e+00,5.950544476509094238e-01
2.225429534912109375e+00,3.152080774307250977e+00
-1.018326878547668457e+00,1.870413899421691895e+00
7.252257466316223145e-01,2.339340448379516602e+00
7.714694142341613770e-01,3.428223848342895508e+00
1.781562685966491699e+00,4.676358222961425781e+00
1.993522524833679199e+00,1.770378351211547852e+00
-5.478881597518920898e-01,3.180549144744873047e-01
1.701431632041931152e+00,4.422550678253173828e+00
1.034607172012329102e+00,1.114937067031860352e+00
2.510388135910034180e+00,2.579163312911987305e+00
2.919610738754272461e+00,3.858251333236694336e+00
4.299149848520755768e-03,3.240354537963867188e+00
6.386214494705200195e-01,2.537914037704467773e+00
1.894386649131774902e+00,1.950918555259704590e+00
-9.417883753776550293e-01,1.502845883369445801e+00
7.728330492973327637e-01,9.318156838417053223e-01
2.820623159408569336e+00,5.050414562225341797e+00
-7.600197792053222656e-01,3.492304086685180664e+00
-4.293111562728881836e-01,8.066144585609436035e-01
-1.623215824365615845e-01,5.794396400451660156e-01
7.352024316787719727e-01,2.662703394889831543e-01
1.823348522186279297e+00,4.781919002532958984e+00
1.261913299560546875e+00,-1.757096946239471436e-01
-2.488700300455093384e-01,2.397873640060424805e+00
1.336667060852050781e+00,4.656476020812988281e+00
1.277531743049621582e+00,4.171272277832031250e+00
1.954696536064147949e+00,7.547322750091552734e+00
1.976544499397277832e+00,2.153226852416992188e+00
2.061535596847534180e+00,6.044481277465820312e+00
2.175843477249145508e+00,1.957070708274841309e+00
2.121336221694946289e+00,2.352577686309814453e+00
1.208681106567382812e+00,8.311397552490234375e+00
8.376928567886352539e-01,2.390034675598144531e+00
8.262042999267578125e-01,3.149811983108520508e+00
7.648146152496337891e-01,2.273785114288330078e+00
8.068251013755798340e-01,2.431465864181518555e+00
1.520866394042968750e+00,6.971468925476074219e+00
9.933045506477355957e-01,4.237448871135711670e-01
2.339133977890014648e+00,1.866672039031982422e+00
2.131135225296020508e+00,3.098282575607299805e+00
-2.357405573129653931e-01,3.627770185470581055e+00
5.261242389678955078e-01,2.135416030883789062e+00
1.508692979812622070e+00,1.506644248962402344e+00
2.615590333938598633e+00,5.957145214080810547e+00
2.117613554000854492e+00,2.838300943374633789e+00
1.977260231971740723e+00,5.319601535797119141e+00
2.242808580398559570e+00,7.459335327148437500e-01
1.835666775703430176e+00,1.993817806243896484e+00
1.136036992073059082e+00,3.326759099960327148e+00
1.377131462097167969e+00,1.190281391143798828e+00
1.826384305953979492e+00,1.460056304931640625e+00
2.240956783294677734e+00,3.250808477401733398e+00
2.254706144332885742e+00,2.108719348907470703e-01
1.282390236854553223e+00,4.028007507324218750e+00
1.962442755699157715e+00,3.070143938064575195e+00
2.020291566848754883e+00,1.683806419372558594e+00
1.437399625778198242e+00,9.052928686141967773e-01
1.858901023864746094e+00,1.507163524627685547e+00
1.315891265869140625e+00,3.044254064559936523e+00
5.443336963653564453e-01,2.824756383895874023e+00
1.329439640045166016e+00,7.786311626434326172e+00
1.486146926879882812e+00,4.463873863220214844e+00
1.782169222831726074e+00,2.333261728286743164e+00
1.887295126914978027e+00,7.049579143524169922e+00
1.978378653526306152e+00,6.695145606994628906e+00
1.134451985359191895e+00,5.402158260345458984e+00
2.170762538909912109e+00,2.283967494964599609e+00
9.533516764640808105e-01,2.655413866043090820e+00
1.013928651809692383e+00,3.131560087203979492e+00
1.616391062736511230e+00,5.866549015045166016e+00
1.241875767707824707e+00,3.649698019027709961e+00
2.009328365325927734e+00,1.427795410156250000e+00
2.884389162063598633e-01,3.194882631301879883e+00
8.336977958679199219e-01,3.638404846191406250e+00
1.417596817016601562e+00,8.351191133260726929e-02
1.067221045494079590e+00,2.139121532440185547e+00
1.853741049766540527e+00,1.462835907936096191e+00
5.805158019065856934e-01,9.500305056571960449e-01
1.980980992317199707e+00,1.777004241943359375e+00
-9.414891600608825684e-01,1.047135114669799805e+00
1.562023758888244629e+00,2.952695608139038086e+00
1.111373066902160645e+00,3.531405210494995117e+00
1.517332434654235840e+00,1.254526019096374512e+00
1.987781286239624023e+00,6.277742862701416016e+00
1.144466996192932129e+00,1.852201938629150391e+00
1.974694013595581055e+00,4.778593063354492188e+00
7.445591092109680176e-01,1.619953036308288574e+00
1.959780454635620117e+00,4.497621655464172363e-01
2.080319643020629883e+00,1.953149676322937012e+00
-5.392868816852569580e-02,2.501473665237426758e+00
2.000564098358154297e+00,5.826735019683837891e+00
1.356321215629577637e+00,3.687767744064331055e+00
9.492447972297668457e-01,2.845993757247924805e+00
2.178455352783203125e+00,7.131236553192138672e+00
-9.370071291923522949e-01,3.952326178550720215e-01
1.858434200286865234e+00,3.802577257156372070e-01
1.351500630378723145e+00,4.822884559631347656e+00
2.720161437988281250e+00,8.643242120742797852e-01
1.287786602973937988e+00,7.256274223327636719e+00
9.457846283912658691e-01,4.690157890319824219e+00
1.646788358688354492e+00,1.259000062942504883e+00
1.894779920578002930e+00,1.709974169731140137e+00
1.196466445922851562e+00,7.386407852172851562e-01
1.812152504920959473e+00,8.041325569152832031e+00
1.703434824943542480e+00,6.730633258819580078e+00
2.338475942611694336e+00,2.655765295028686523e+00
5.551009774208068848e-01,2.651679992675781250e+00
9.153640866279602051e-01,4.012000083923339844e+00
-1.797142773866653442e-01,2.213074922561645508e+00
6.549311280250549316e-01,2.363268136978149414e+00
2.754863023757934570e+00,5.012893199920654297e+00
1.089511752128601074e+00,4.366035461425781250e+00
-6.035735607147216797e-01,3.760492801666259766e+00
1.842933893203735352e+00,1.561230897903442383e+00
2.083330154418945312e+00,4.960107326507568359e+00
1.808992624282836914e+00,2.559025049209594727e+00
2.027030229568481445e+00,3.175954341888427734e+00
-2.330002933740615845e-01,8.730442523956298828e-01
1.457803606986999512e+00,1.899730205535888672e+00
1.826478123664855957e+00,1.190935969352722168e+00
1.628768086433410645e+00,3.734594106674194336e+00
2.092371940612792969e+00,3.418959379196166992e+00
8.539853692054748535e-01,3.238130807876586914e-01
2.469218969345092773e+00,4.736145019531250000e+00
-2.211838513612747192e-01,1.000979170203208923e-01
8.877150416374206543e-01,2.225473165512084961e+00
2.157956123352050781e+00,2.912671327590942383e+00
1.357187151908874512e+00,8.061246871948242188e-01
1.822896838188171387e+00,6.524360179901123047e+00
2.150633096694946289e+00,3.717133283615112305e+00
2.283930063247680664e+00,5.883702754974365234e+00
1.539644718170166016e+00,2.456207990646362305e+00
3.884373307228088379e-01,3.923982620239257812e+00
2.320937871932983398e+00,1.382825136184692383e+00
1.058706641197204590e+00,2.498928070068359375e+00
1.521676182746887207e+00,1.153958082199096680e+00
2.233063220977783203e+00,5.589997768402099609e+00
1.895703792572021484e+00,2.031125068664550781e+00
5.472708940505981445e-01,2.155246973037719727e+00
2.055195093154907227e+00,4.400810718536376953e+00
1.108930110931396484e+00,5.974950790405273438e+00
2.111988067626953125e+00,3.854943037033081055e+00
1.957824826240539551e+00,3.732590198516845703e+00
1.343556642532348633e+00,2.134209156036376953e+00
1.353117346763610840e+00,2.052208900451660156e+00
1.204948902130126953e+00,4.667675971984863281e+00
9.017316699028015137e-01,4.091792583465576172e+00
-7.889885306358337402e-01,3.094806432723999023e+00
1.544235348701477051e+00,1.786617040634155273e+00
1.330021500587463379e+00,6.759757995605468750e-01
1.276691198348999023e+00,1.896388530731201172e+00
2.425642251968383789e+00,2.529761195182800293e-01
4.215247035026550293e-01,1.947649836540222168e+00
8.267311453819274902e-01,-4.282277524471282959e-01
1.998845934867858887e+00,4.095774173736572266e+00
-5.205383896827697754e-01,1.751522064208984375e+00
1.609630227088928223e+00,7.326158523559570312e+00
1.778558611869812012e+00,4.500422477722167969e+00
1.530061721801757812e+00,5.198491215705871582e-01
8.937878608703613281e-01,3.392337083816528320e+00
6.034364700317382812e-01,1.399732232093811035e-01
-7.720350027084350586e-01,2.140379667282104492e+00
1.390087842941284180e+00,5.494283199310302734e+00
1.820028424263000488e+00,4.833109378814697266e+00
1.328994035720825195e+00,2.512368917465209961e+00
1.888440728187561035e+00,6.616947650909423828e+00
-7.359229922294616699e-01,1.816938161849975586e+00
-5.904989242553710938e-01,4.876050949096679688e+00
1.887466073036193848e+00,4.047657489776611328e+00
1.947735428810119629e+00,4.594077587127685547e+00
1.789720892906188965e+00,2.465217113494873047e+00
1.036534190177917480e+00,3.214165925979614258e+00
1.772224903106689453e+00,6.130249500274658203e+00
1.481557250022888184e+00,3.343446969985961914e+00
-1.404388695955276489e-01,2.744962930679321289e+00
2.166537523269653320e+00,3.215359926223754883e+00
2.443145513534545898e+00,4.045458316802978516e+00
1.690395355224609375e+00,8.751153945922851562e+00
1.594082474708557129e+00,1.441168069839477539e+00
9.027838110923767090e-01,3.318926811218261719e+00
1.148810982704162598e+00,2.526756286621093750e+00
1.706814885139465332e+00,6.069276332855224609e+00
1.167555302381515503e-01,2.245407342910766602e+00
1.667126297950744629e+00,1.857684850692749023e+00
2.309484720230102539e+00,3.386519908905029297e+00
1.233166575431823730e+00,6.914854049682617188e-01
7.600770592689514160e-01,2.926667690277099609e+00
-7.495428621768951416e-02,4.022343158721923828e+00
1.200438380241394043e+00,4.598927021026611328e+00
1.478027462959289551e+00,3.701572179794311523e+00
1.210003256797790527e+00,1.570464015007019043e+00
1.142282247543334961e+00,1.814171791076660156e+00
1.801824092864990234e+00,7.916381359100341797e+00
1.408614873886108398e+00,4.861258983612060547e+00
-5.796369910240173340e-01,-4.256737977266311646e-02
1.562636971473693848e+00,1.389748454093933105e+00
9.552485346794128418e-01,3.414315462112426758e+00
1.270640134811401367e+00,1.676685094833374023e+00
1.651489377021789551e+00,2.459853887557983398e+00
1.445765972137451172e+00,3.427290916442871094e+00
1.117173790931701660e+00,4.522996425628662109e+00
1.847557425498962402e+00,6.165362834930419922e+00
1.265884399414062500e+00,6.781702041625976562e+00
1.931397676467895508e+00,1.664679884910583496e+00
1.911076188087463379e+00,3.482832908630371094e-01
1.723828911781311035e+00,1.146381258964538574e+00
1.758873224258422852e+00,2.032882690429687500e+00
-5.545865893363952637e-01,3.527836561203002930e+00
1.034591555595397949e+00,2.761073350906372070e+00
1.728577017784118652e+00,1.601364374160766602e+00
3.470704890787601471e-03,4.424565792083740234e+00
9.968511760234832764e-02,2.337531089782714844e+00
-8.708361983299255371e-01,1.192809820175170898e+00
1.607407689094543457e+00,5.397324085235595703e+00
1.635459899902343750e+00,1.118563890457153320e+00
1.685498833656311035e+00,2.251262903213500977e+00
1.951717138290405273e+00,3.664733469486236572e-01
2.068804025650024414e+00,4.435434043407440186e-01
1.129914402961730957e+00,4.057248592376708984e+00
-1.856747418642044067e-01,2.796111345291137695e+00
6.532517671585083008e-01,2.009475469589233398e+00
6.182451248168945312e-01,1.439864397048950195e+00
1.778934359550476074e+00,1.782516956329345703e+00
1.470943689346313477e+00,3.793064832687377930e+00
1.882987469434738159e-01,9.603657722473144531e-01
2.025633811950683594e+00,2.205178976058959961e+00
1.534841537475585938e+00,2.051690578460693359e+00
2.267701864242553711e+00,2.623067617416381836e+00
1.798862218856811523e+00,4.451972007751464844e+00
3.527876138687133789e-01,2.757472276687622070e+00
9.289992451667785645e-01,2.747476339340209961e+00
1.197792738676071167e-01,3.041544198989868164e+00
2.129359483718872070e+00,4.316388130187988281e+00
1.664918899536132812e+00,9.038328528404235840e-01
1.532266736030578613e+00,1.095447063446044922e+01
2.157104492187500000e+00,5.098268389701843262e-01
1.917532444000244141e+00,3.580040633678436279e-01
-5.335940718650817871e-01,3.134511470794677734e+00
1.131593227386474609e+00,3.986640930175781250e+00
1.989692926406860352e+00,3.732731819152832031e+00
1.214981198310852051e+00,4.180905818939208984e+00
3.307569026947021484e-01,2.506371974945068359e+00
7.908549308776855469e-01,7.249983549118041992e-01
1.027540683746337891e+00,2.273060083389282227e+00
1.629974603652954102e+00,3.935231447219848633e+00
9.335896372795104980e-01,8.027673363685607910e-01
1.072016954421997070e+00,2.504842758178710938e+00
9.627627730369567871e-01,8.128244876861572266e-01
1.415140151977539062e+00,1.708033680915832520e+00
1.103913545608520508e+00,9.399156570434570312e-01
1.801444053649902344e+00,4.074894428253173828e+00
-4.220657944679260254e-01,3.543564558029174805e+00
2.116275072097778320e+00,2.326478719711303711e+00
1.167918562889099121e+00,9.136452078819274902e-01
1.326047182083129883e+00,5.330032825469970703e+00
1.487948298454284668e+00,9.144052505493164062e+00
2.338182210922241211e+00,5.224735260009765625e+00
3.273408114910125732e-02,3.864820718765258789e+00
1.553019881248474121e+00,2.927629232406616211e+00
2.551643610000610352e+00,5.050536632537841797e+00
1.740766286849975586e+00,6.044253349304199219e+00
1.810473680496215820e+00,3.879177570343017578e+00
1.575409173965454102e+00,5.088271617889404297e+00
1.124051928520202637e+00,5.881229877471923828e+00
2.128584146499633789e+00,5.439570426940917969e+00
1.687799453735351562e+00,6.720758676528930664e-01
1.814078211784362793e+00,6.127032756805419922e+00
2.550628900527954102e+00,2.894683122634887695e+00
2.245440959930419922e+00,3.016577482223510742e+00
-9.530269503593444824e-01,2.329116106033325195e+00
1.699004054069519043e+00,2.235935688018798828e+00
1.659520268440246582e+00,4.894214868545532227e-01
1.229393720626831055e+00,2.852858304977416992e+00
2.302592039108276367e+00,5.767068386077880859e+00
-1.198289632797241211e+00,2.028376817703247070e+00
9.228205084800720215e-01,2.132438182830810547e+00
1.561846494674682617e+00,1.544445872306823730e+00
2.478615999221801758e+00,4.121894836425781250e-01
9.048133492469787598e-01,6.735309123992919922e+00
1.662080764770507812e+00,2.827975511550903320e+00
2.166117191314697266e+00,8.163094520568847656e+00
2.204427242279052734e+00,4.987550258636474609e+00
1.465735673904418945e+00,6.957249164581298828e+00
2.355612993240356445e+00,2.546134471893310547e+00
2.078354835510253906e+00,2.896531343460083008e+00
5.888503789901733398e-01,8.434460163116455078e-01
9.997523427009582520e-01,1.156859397888183594e+00
6.551628708839416504e-01,3.757101774215698242e+00
-2.088226377964019775e-02,3.194370746612548828e+00
1.578062653541564941e+00,2.436925172805786133e+00
2.210759967565536499e-01,4.165302753448486328e+00
1.181419968605041504e+00,1.458901643753051758e+00
1.788650751113891602e+00,2.437248468399047852e+00
2.482892036437988281e+00,5.646076679229736328e+00
-2.907277643680572510e-02,4.534378528594970703e+00
1.635217308998107910e+00,3.267088890075683594e+00
1.399669408798217773e+00,1.135526895523071289e+00
3.958373665809631348e-01,2.429522514343261719e+00
7.247711420059204102e-01,1.563036084175109863e+00
1.245180010795593262e+00,4.288159370422363281e+00
-6.076726317405700684e-01,6.216862201690673828e-01
1.369158387184143066e+00,7.058282375335693359e+00
5.780736207962036133e-01,2.800947427749633789e+00
2.046999216079711914e+00,2.168341875076293945e+00
1.361174345016479492e+00,4.078320980072021484e+00
1.399039030075073242e+00,8.043101429939270020e-01
2.248583078384399414e+00,6.689235210418701172e+00
2.403277873992919922e+00,3.530103921890258789e+00
1.792682290077209473e+00,1.411688804626464844e+00
1.474787354469299316e+00,1.291539907455444336e+00
2.766039609909057617e+00,4.005967140197753906e+00
1.575761675834655762e+00,5.097583770751953125e+00
9.993996024131774902e-01,2.890665769577026367e+00
1.586935281753540039e+00,1.004649639129638672e+00
2.093859910964965820e+00,1.218316674232482910e+00
-2.960764765739440918e-01,7.325415611267089844e-01
1.732248187065124512e+00,4.853507041931152344e+00
-5.429456830024719238e-01,1.012380361557006836e+00
1.475234985351562500e+00,1.475624084472656250e+00
2.284971475601196289e+00,4.292123317718505859e+00
-5.087583661079406738e-01,8.030434697866439819e-02
1.413864731788635254e+00,4.648483276367187500e+00
1.234840273857116699e+00,1.758031845092773438e+00
9.962440133094787598e-01,4.475447654724121094e+00
1.388980865478515625e+00,5.499203681945800781e+00
2.062345027923583984e+00,2.852576971054077148e+00
2.980699777603149414e+00,4.099679470062255859e+00
1.521626472473144531e+00,6.852056026458740234e+00
1.548544764518737793e+00,5.328750133514404297e+00
3.122141957283020020e-01,2.464012861251831055e+00
1.180530548095703125e+00,4.466739177703857422e+00
1.851693749427795410e+00,2.757899999618530273e+00
1.820796489715576172e+00,6.503157615661621094e+00
1.714670300483703613e+00,2.413313865661621094e+00
1.044605374336242676e+00,4.679486751556396484e+00
6.658715605735778809e-01,1.568985462188720703e+00
2.096701383590698242e+00,6.372414112091064453e+00
3.517608642578125000e-01,2.130529642105102539e+00
1.199703097343444824e+00,1.673946738243103027e+00
1.665833592414855957e+00,1.860657930374145508e+00
-4.196625351905822754e-01,1.607381343841552734e+00
1.334022045135498047e+00,3.749228000640869141e+00
2.202990502119064331e-01,2.042339563369750977e+00
1.869807362556457520e+00,4.049938678741455078e+00
1.152738451957702637e+00,2.691956520080566406e+00
1.331588864326477051e+00,1.219576120376586914e+00
1.085320115089416504e+00,3.777519941329956055e+00
1.533008217811584473e+00,1.594653487205505371e+00
1.515382289886474609e+00,3.618138313293457031e+00
1.664001107215881348e+00,5.189251899719238281e+00
1.404357910156250000e+00,3.543972730636596680e+00
1.628863453865051270e+00,9.199920892715454102e-01
1.544222116470336914e+00,4.991512775421142578e+00
1.869509935379028320e+00,2.190300226211547852e-01
1.704355001449584961e+00,5.064015865325927734e+00
1.056697249412536621e+00,3.869876563549041748e-01
1.247186183929443359e+00,4.335943698883056641e+00
9.831188917160034180e-01,3.663807630538940430e+00
1.206798672676086426e+00,4.816413402557373047e+00
2.321402072906494141e+00,2.097997188568115234e+00
-3.974410891532897949e-01,2.241236925125122070e+00
2.578769922256469727e+00,5.375082015991210938e+00
1.304973602294921875e+00,4.045383930206298828e+00
1.080406785011291504e+00,5.465921163558959961e-01
1.741258740425109863e+00,4.362283229827880859e+00
-9.150068759918212891e-01,2.761545896530151367e+00
2.226594686508178711e+00,7.407233715057373047e-01
1.782915472984313965e+00,4.398455142974853516e+00
1.355425953865051270e+00,2.317802667617797852e+00
1.773372888565063477e+00,3.104572057723999023e+00
2.595762014389038086e+00,5.776838779449462891e+00
1.268009543418884277e+00,1.229053258895874023e+00
3.629687428474426270e-01,3.369533061981201172e+00
-5.044558048248291016e-01,1.097029209136962891e+00
2.180395364761352539e+00,3.483585119247436523e+00
2.536960363388061523e+00,6.438729166984558105e-01
1.201027750968933105e+00,4.812821865081787109e+00
1.534452676773071289e+00,4.267391204833984375e+00
1.721417307853698730e+00,3.421477556228637695e+00
7.536696791648864746e-01,8.406336784362792969e+00
1.459805369377136230e+00,1.476361036300659180e+00
7.304982841014862061e-02,1.901812791824340820e+00
1.987717628479003906e+00,2.687895059585571289e+00
-4.701006412506103516e-01,3.089062452316284180e+00
1.577844023704528809e+00,1.068835183978080750e-01
1.451977014541625977e+00,2.074666261672973633e+00
2.011898517608642578e+00,5.133606195449829102e-01
9.290849566459655762e-01,3.391749382019042969e+00
1.454099297523498535e+00,2.064770698547363281e+00
2.093886375427246094e+00,2.165654182434082031e+00
1.646465420722961426e+00,1.816405773162841797e+00
1.259064435958862305e+00,2.821542918682098389e-01
2.190400123596191406e+00,4.938209533691406250e+00
1.054781913757324219e+00,6.962308287620544434e-01
1.774636268615722656e+00,4.297337532043457031e+00
2.149256467819213867e+00,3.544074773788452148e+00
1.087435483932495117e+00,4.248765468597412109e+00
1.475259184837341309e+00,2.721316576004028320e+00
1.996144413948059082e+00,1.695543766021728516e+00
1.814394116401672363e+00,4.588662147521972656e+00
1.261293053627014160e+00,4.646208763122558594e+00
1.413836479187011719e+00,6.982412338256835938e-01
1.501088500022888184e+00,3.628231287002563477e+00
9.412094950675964355e-01,1.281980514526367188e+00
1.449079394340515137e+00,4.434588432312011719e+00
2.057602167129516602e+00,6.435372829437255859e+00
-9.722514450550079346e-02,1.896480321884155273e+00
1.543419718742370605e+00,1.394034504890441895e+00
1.761976838111877441e+00,5.310258865356445312e-01
1.627683281898498535e+00,5.466006278991699219e+00
1.387295365333557129e+00,4.292630672454833984e+00
4.808478355407714844e-01,3.047629833221435547e+00
1.036345124244689941e+00,9.955118179321289062e+00
2.354892969131469727e+00,4.083767890930175781e+00
1.148335099220275879e+00,7.898760318756103516e+00
1.859739899635314941e+00,3.303720235824584961e+00
-1.242235451936721802e-01,2.722998380661010742e+00
1.250227332115173340e+00,7.339616298675537109e+00
1.558720588684082031e+00,4.464522361755371094e+00
-3.876411318778991699e-01,1.032485887408256531e-01
2.495059728622436523e+00,5.438934803009033203e+00
2.006994724273681641e+00,1.365553140640258789e+00
-9.285489916801452637e-01,3.762770652770996094e+00
8.504484295845031738e-01,1.833308577537536621e+00
4.054777324199676514e-02,3.725142240524291992e+00
1.508208036422729492e+00,2.469540357589721680e+00
9.738368391990661621e-01,3.882389783859252930e+00
1.836751699447631836e+00,1.990346908569335938e+00
1.443377494812011719e+00,5.444508790969848633e-01
1.461821317672729492e+00,6.610846042633056641e+00
1.251302003860473633e+00,4.965966641902923584e-01
5.831684470176696777e-01,4.446676731109619141e+00
1.014178514480590820e+00,6.752796173095703125e-01
2.518561840057373047e+00,2.998895168304443359e+00
1.697211623191833496e+00,3.900990247726440430e+00
2.021870136260986328e+00,1.162681505084037781e-01
5.168494582176208496e-01,3.223830461502075195e+00
1.856902718544006348e+00,2.321776866912841797e+00
1.028763294219970703e+00,4.196833133697509766e+00
1.175229907035827637e+00,1.155375003814697266e+00
1.482534050941467285e+00,1.754648923873901367e+00
1.702319741249084473e+00,1.798705816268920898e+00
1.100596666336059570e+00,3.399010896682739258e+00
7.215915918350219727e-01,2.923334598541259766e+00
-2.901082038879394531e-01,6.120403409004211426e-01
2.100481748580932617e+00,1.605625271797180176e+00
1.364667296409606934e+00,3.954145193099975586e+00
1.785081505775451660e+00,2.283124923706054688e+00
-7.853994965553283691e-01,4.042127132415771484e+00
1.265463471412658691e+00,4.767142295837402344e+00
2.352513074874877930e+00,4.086046218872070312e+00
6.978319287300109863e-01,4.024555683135986328e+00
1.868199467658996582e+00,5.385028362274169922e+00
8.189600706100463867e-01,3.476050376892089844e+00
1.534815788269042969e+00,1.525711655616760254e+00
7.341156005859375000e-01,1.787033200263977051e+00
1.907796859741210938e+00,4.740396976470947266e+00
1.432789683341979980e+00,4.635319709777832031e+00
2.765160560607910156e+00,1.376796364784240723e+00
1.746718406677246094e+00,5.964884281158447266e+00
1.096946597099304199e+00,3.160450220108032227e+00
-7.882006466388702393e-02,2.108382701873779297e+00
2.339728832244873047e+00,4.208151817321777344e+00
-8.784077167510986328e-01,2.938596010208129883e+00
9.873511195182800293e-01,1.627797126770019531e+00
1.972111940383911133e+00,9.824116230010986328e-01
2.098645210266113281e+00,1.958573698997497559e+00
2.013904094696044922e+00,1.600778579711914062e+00
-3.054681420326232910e-01,2.430304050445556641e+00
1.565980434417724609e+00,2.604108572006225586e+00
1.738971590995788574e+00,2.048713922500610352e+00
1.284192651510238647e-01,2.503408670425415039e+00
-4.580357670783996582e-01,1.106862425804138184e+00
1.798637270927429199e+00,3.725823879241943359e+00
1.755285859107971191e+00,1.818069934844970703e+00
1.731317162513732910e+00,6.926147937774658203e+00
1.224671840667724609e+00,3.025630950927734375e+00
1.354772329330444336e+00,5.840170383453369141e+00
7.796323299407958984e-01,3.145557641983032227e+00
1.582317948341369629e+00,2.594012498855590820e+00
2.084398508071899414e+00,8.774130791425704956e-02
7.627037763595581055e-01,2.270180463790893555e+00
1.932599902153015137e+00,5.161300659179687500e+00
6.927553415298461914e-01,2.894934892654418945e+00
1.608856767416000366e-01,4.592188358306884766e+00
-4.092720150947570801e-01,1.341363430023193359e+00
1.134878516197204590e+00,1.342195272445678711e+00
2.034310579299926758e+00,5.043274402618408203e+00
1.787794470787048340e+00,1.668601036071777344e+00
-1.016367197036743164e+00,2.697835683822631836e+00
1.116587042808532715e+00,3.123693227767944336e+00
1.316441416740417480e+00,3.651995897293090820e+00
1.605038642883300781e+00,3.363189697265625000e+00
-5.026130080223083496e-01,1.786245703697204590e-01
8.724852204322814941e-01,2.533324956893920898e+00
-9.140590429306030273e-01,5.527082443237304688e+00
1.294564604759216309e+00,9.718777537345886230e-01
1.141994833946228027e+00,3.582229375839233398e+00
9.934793114662170410e-01,2.577583312988281250e+00
2.382967710494995117e+00,2.182798624038696289e+00
1.699795126914978027e+00,4.963916301727294922e+00
1.347006201744079590e+00,4.107589244842529297e+00
8.983115553855895996e-01,3.090579271316528320e+00
-1.079521924257278442e-01,8.386307954788208008e-01
5.776731669902801514e-02,2.154247999191284180e+00
1.243674039840698242e+00,2.207302570343017578e+00
1.036517739295959473e+00,7.782486438751220703e+00
2.089752912521362305e+00,2.822056293487548828e+00
3.409368395805358887e-01,2.825632810592651367e+00
6.468259096145629883e-01,2.269153594970703125e+00
1.615644216537475586e+00,2.963549613952636719e+00
1.097472548484802246e+00,5.545480728149414062e+00
1.908114314079284668e+00,4.721806049346923828e+00
1.412510395050048828e+00,1.608909964561462402e+00
1.588077545166015625e+00,8.906732797622680664e-01
1.486283183097839355e+00,2.032819747924804688e+00
1.285703659057617188e+00,1.666238307952880859e+00
1.868694067001342773e+00,4.602440357208251953e+00
9.874709248542785645e-01,1.338104963302612305e+00
1.587765812873840332e+00,6.498164534568786621e-01
1.212199807167053223e+00,-1.340877413749694824e-01
-1.950611621141433716e-01,3.633939504623413086e+00
8.125194907188415527e-01,1.505152940750122070e+00
2.963350713253021240e-02,3.865921020507812500e+00
1.756581783294677734e+00,4.841112613677978516e+00
1.026770710945129395e+00,2.898423969745635986e-01
1.296377778053283691e+00,1.372328758239746094e+00
1.550205588340759277e+00,1.170005321502685547e+00
1.746121764183044434e+00,3.075166463851928711e+00
1.058574199676513672e+00,2.952392101287841797e+00
2.133104324340820312e+00,1.338130474090576172e+00
1.259774446487426758e+00,4.873397350311279297e+00
8.733478188514709473e-01,2.878399848937988281e+00
2.133815050125122070e+00,2.392819404602050781e+00
1.617108285427093506e-02,1.713060736656188965e+00
1.759663671255111694e-01,3.154344797134399414e+00
9.168622493743896484e-01,1.732712030410766602e+00
2.684828042984008789e+00,3.906491518020629883e+00
1.612133264541625977e+00,2.930333137512207031e+00
-6.988811492919921875e-01,1.190836191177368164e+00
1.527798056602478027e+00,-3.898256123065948486e-01
3.986909985542297363e-01,2.571673154830932617e+00
1.163213491439819336e+00,3.590196371078491211e+00
2.364955425262451172e+00,3.499027967453002930e+00
2.232501745223999023e+00,2.937675237655639648e+00
1.409276723861694336e+00,1.135060548782348633e+00
1.710134148597717285e+00,2.437187910079956055e+00
1.918112158775329590e+00,2.010541677474975586e+00
2.130719870328903198e-01,4.447487354278564453e+00
-7.237149775028228760e-02,1.096769928932189941e+00
1.582117676734924316e+00,4.917103290557861328e+00
1.409088730812072754e+00,5.267646312713623047e+00
2.417515039443969727e+00,2.316037178039550781e+00
1.026172280311584473e+00,1.313416004180908203e+00
1.884233355522155762e+00,2.176736116409301758e+00
2.533051729202270508e+00,2.939045190811157227e+00
1.679729461669921875e+00,3.558703184127807617e+00
8.056563735008239746e-01,2.865571260452270508e+00
2.159663200378417969e+00,1.264652729034423828e+00
4.042080640792846680e-01,2.399668455123901367e+00
1.553137302398681641e+00,5.006253719329833984e+00
7.918727993965148926e-01,3.146208524703979492e+00
1.675131916999816895e+00,4.189024865627288818e-01
1.715136289596557617e+00,4.556065082550048828e+00
1.433836221694946289e+00,2.179219961166381836e+00
1.139167308807373047e+00,4.423555850982666016e+00
6.475859880447387695e-01,3.455930709838867188e+00
5.116729140281677246e-01,1.772182226181030273e+00
2.207120656967163086e+00,5.974432229995727539e-01
4.830145239830017090e-01,1.911386966705322266e+00
1.112335771322250366e-01,4.210090637207031250e+00
7.509184479713439941e-01,5.490779399871826172e+00
2.037469625473022461e+00,1.129022836685180664e+00
1.798902630805969238e+00,1.915706992149353027e-01
2.266289949417114258e+00,7.457334995269775391e+00
1.694425940513610840e+00,6.411813259124755859e+00
1.619153976440429688e+00,1.181536838412284851e-01
1.862719655036926270e+00,4.101913928985595703e+00
7.731651663780212402e-01,4.364072322845458984e+00
1.783975601196289062e+00,6.514463901519775391e+00
1.321910023689270020e+00,4.030060291290283203e+00
1.183892369270324707e+00,4.655720233917236328e+00
1.470165491104125977e+00,1.142224431037902832e+00
1.332694172859191895e+00,5.065773010253906250e+00
1.820547223091125488e+00,2.439355254173278809e-01
1.527704834938049316e+00,9.045358657836914062e+00
1.735799431800842285e+00,-4.977543354034423828e-01
1.669814944267272949e+00,4.198633879423141479e-02
1.749393463134765625e+00,6.328420162200927734e+00
1.592485547065734863e+00,2.077843189239501953e+00
2.537853717803955078e+00,7.567256093025207520e-01
-4.093891382217407227e-01,1.001966953277587891e+00
3.575295805931091309e-01,5.468840122222900391e+00
1.280807733535766602e+00,2.240951299667358398e+00
-2.803079485893249512e-01,3.469841718673706055e+00
1.270872592926025391e+00,1.519409775733947754e+00
1.852293133735656738e+00,1.335692644119262695e+00
1.991200804710388184e+00,4.271528720855712891e+00
1.335862994194030762e+00,4.949847221374511719e+00
1.216541051864624023e+00,4.998649358749389648e-01
1.394004672765731812e-01,1.304093599319458008e-01
2.020875066518783569e-01,4.357699871063232422e+00
1.590919971466064453e+00,3.325562775135040283e-01
-6.115959286689758301e-01,2.101268470287322998e-01
1.611693978309631348e+00,6.919791698455810547e+00
1.377433180809020996e+00,2.549103975296020508e+00
2.140330314636230469e+00,2.262736558914184570e+00
1.775303721427917480e+00,2.369033098220825195e+00
1.991459488868713379e+00,2.777804851531982422e+00
1.418096184730529785e+00,1.740743160247802734e+00
2.088345527648925781e+00,2.327764034271240234e+00
1.142879724502563477e+00,2.531667947769165039e+00
7.765764594078063965e-01,1.804576754570007324e+00
1.377744793891906738e+00,4.888147830963134766e+00
1.880080103874206543e+00,3.161494255065917969e+00
1.999111890792846680e+00,2.983664035797119141e+00
1.042168736457824707e+00,6.390349388122558594e+00
1.775190711021423340e+00,3.693897724151611328e+00
6.808710098266601562e-01,5.053789615631103516e+00
1.245271086692810059e+00,4.134129047393798828e+00
1.570903301239013672e+00,2.407263994216918945e+00
4.905054271221160889e-01,5.492892742156982422e+00
2.369225263595581055e+00,1.860581398010253906e+00
2.196906089782714844e+00,2.456549167633056641e+00
2.174319028854370117e+00,3.454176664352416992e+00
2.054216712713241577e-01,4.103655338287353516e+00
7.794455885887145996e-01,7.101094722747802734e-01
4.626379348337650299e-03,3.302423238754272461e+00
2.100364446640014648e+00,2.562077999114990234e+00
2.264589309692382812e+00,3.064358711242675781e+00
6.418244838714599609e-01,2.203193902969360352e+00
6.824616789817810059e-01,3.053497076034545898e+00
1.516648054122924805e+00,7.007881164550781250e+00
1.037975549697875977e+00,6.286491870880126953e+00
-6.662085652351379395e-01,2.872504234313964844e+00
1.918785691261291504e+00,2.223416328430175781e+00
1.118248939514160156e+00,3.835919141769409180e+00
1.371028065681457520e+00,1.147407054901123047e+00
1.388180732727050781e+00,1.285171270370483398e+00
1.518418431282043457e+00,1.496554136276245117e+00
2.319034576416015625e+00,7.664013504981994629e-01
1.350698590278625488e+00,3.672793805599212646e-01
9.112337231636047363e-01,2.768922567367553711e+00
1.524905323982238770e+00,2.633068799972534180e+00
1.921259045600891113e+00,5.503523349761962891e+00
1.605808258056640625e+00,4.598001003265380859e+00
1.695144653320312500e+00,2.407699346542358398e+00
1.486290931701660156e+00,2.095274448394775391e+00
-3.030363917350769043e-01,4.228418320417404175e-02
7.494190931320190430e-01,1.332992315292358398e+00
2.328253269195556641e+00,3.239689350128173828e+00
1.193198680877685547e+00,4.681266307830810547e+00
1.251173377037048340e+00,2.519290208816528320e+00
2.065059423446655273e+00,1.205500364303588867e+00
1.037396311759948730e+00,3.482307910919189453e+00
1.973562717437744141e+00,1.482631802558898926e+00
9.244009256362915039e-01,1.268175125122070312e+00
9.086131453514099121e-01,1.265606641769409180e+00
2.091705799102783203e+00,2.510809183120727539e+00
2.311284780502319336e+00,3.157655954360961914e+00
-2.846271395683288574e-01,2.978687047958374023e+00
1.047381281852722168e+00,1.542879939079284668e+00
2.816318988800048828e+00,6.726006507873535156e+00
1.939138531684875488e+00,3.437039136886596680e+00
2.145151615142822266e+00,3.595628023147583008e+00
-6.190717816352844238e-01,2.687863826751708984e+00
1.805008530616760254e+00,3.313087522983551025e-01
1.966408610343933105e+00,6.426465511322021484e+00
2.227676630020141602e+00,2.986544132232666016e+00
3.282961249351501465e-01,3.304407835006713867e+00
4.700478911399841309e-01,1.161591768264770508e+00
1.762022614479064941e+00,2.137829780578613281e+00
5.579443573951721191e-01,1.309934735298156738e+00
1.589166164398193359e+00,1.025863409042358398e+00
1.513807177543640137e+00,1.757507801055908203e+00
1.145616173744201660e+00,4.296320915222167969e+00
-7.230646014213562012e-01,1.415561795234680176e+00
1.415978670120239258e+00,1.921902537345886230e+00
2.196760416030883789e+00,6.165059208869934082e-01
5.930082798004150391e-01,5.365571022033691406e+00
2.044050455093383789e+00,2.339686870574951172e+00
-4.881950020790100098e-01,1.629791021347045898e+00
1.434385895729064941e+00,5.118456840515136719e+00
1.646949410438537598e+00,2.260768651962280273e+00
1.668545246124267578e+00,2.966023087501525879e-01
1.679882258176803589e-01,4.386717319488525391e+00
7.200514674186706543e-01,4.977759361267089844e+00
9.857608079910278320e-01,6.741933345794677734e+00
8.472279906272888184e-01,3.981339454650878906e+00
1.805515885353088379e+00,7.774070501327514648e-01
2.768917083740234375e-01,3.540095329284667969e+00
1.240387082099914551e+00,2.331965565681457520e-01
1.119892597198486328e+00,4.156779766082763672e+00
1.241512417793273926e+00,4.656942486763000488e-01
1.661255598068237305e+00,9.469167709350585938e+00
2.074180364608764648e+00,1.625325322151184082e+00
1.081667542457580566e+00,2.475475549697875977e+00
1.612416744232177734e+00,4.697150230407714844e+00
8.781650662422180176e-01,9.091815948486328125e-01
4.247275590896606445e-01,3.898936986923217773e+00
7.644453644752502441e-01,2.012385129928588867e+00
1.657434940338134766e+00,3.745789527893066406e-01
4.711047410964965820e-01,4.575137138366699219e+00
1.943497300148010254e+00,3.726927995681762695e+00
1.872731328010559082e+00,1.251858115196228027e+00
1.717306852340698242e+00,6.497549265623092651e-02
-9.842759966850280762e-01,5.534034252166748047e+00
2.416761368513107300e-01,2.478900909423828125e+00
1.733967423439025879e+00,5.357014179229736328e+00
1.274058461189270020e+00,1.258080124855041504e+00
1.851356983184814453e+00,1.396967649459838867e+00
4.195619821548461914e-01,3.548896074295043945e+00
1.476755380630493164e+00,6.733168363571166992e-01
-7.280762195587158203e-01,1.288245797157287598e+00
6.999438405036926270e-01,7.172544002532958984e+00
1.151495575904846191e+00,5.618689060211181641e-01
-2.408851683139801025e-02,-3.574676066637039185e-02
1.731352448463439941e+00,2.266610145568847656e+00
1.383936047554016113e+00,2.321890354156494141e+00
-1.248549371957778931e-01,-5.821243673563003540e-02
2.160493850708007812e+00,4.070632457733154297e+00
8.376068472862243652e-01,3.170999526977539062e+00
1.066499829292297363e+00,1.568544387817382812e+00
7.710426449775695801e-01,3.086935997009277344e+00
1.126002192497253418e+00,4.006239414215087891e+00
1.418981432914733887e+00,8.936573266983032227e-01
1.841433763504028320e+00,1.773804306983947754e+00
2.306541919708251953e+00,1.937730312347412109e+00
1.211418509483337402e+00,5.390614986419677734e+00
1.102525472640991211e+00,6.556859493255615234e+00
1.080274820327758789e+00,1.264218091964721680e+00
1.445465326309204102e+00,9.847654700279235840e-01
1.163535952568054199e+00,4.166858673095703125e+00
1.323144674301147461e+00,1.816355705261230469e+00
6.076962947845458984e-01,2.816095113754272461e+00
1.879037261009216309e+00,4.592663288116455078e+00
1.895463943481445312e+00,7.560280561447143555e-01
1.126086592674255371e+00,3.907463312149047852e+00
2.374175786972045898e+00,3.673753499984741211e+00
-4.523719549179077148e-01,2.734076738357543945e+00
1.781644701957702637e+00,6.434731006622314453e+00
1.321985363960266113e+00,2.311010122299194336e+00
1.690430998802185059e+00,2.114316701889038086e+00
8.953295350074768066e-01,6.654584407806396484e+00
-4.139264225959777832e-01,2.259127855300903320e+00
1.693827629089355469e+00,2.829071760177612305e+00
1.008842825889587402e+00,2.425944089889526367e+00
1.243681073188781738e+00,9.636681079864501953e-01
2.097773551940917969e+00,5.480264425277709961e-01
7.446709275245666504e-01,3.662339448928833008e+00
1.786075711250305176e+00,4.900149345397949219e+00
1.487370610237121582e+00,3.343970060348510742e+00
1.867398023605346680e+00,5.180926918983459473e-01
1.825765848159790039e+00,2.286819219589233398e+00
6.331609189510345459e-02,7.430265545845031738e-01
1.984367966651916504e+00,1.461686134338378906e+00
1.969355106353759766e+00,1.167079925537109375e+00
-7.516542077064514160e-01,3.827857971191406250e-01
1.795556664466857910e+00,1.973518967628479004e+00
5.711098313331604004e-01,5.125365734100341797e+00
1.838103771209716797e+00,3.069963216781616211e+00
1.642253637313842773e+00,1.334952354431152344e+00
1.650309562683105469e+00,3.142066240310668945e+00
3.310522437095642090e-01,2.827561140060424805e+00
8.611407876014709473e-01,6.835852146148681641e+00
2.429731369018554688e+00,1.682738065719604492e+00
-2.386874705553054810e-01,1.933842182159423828e+00
1.413583636283874512e+00,8.357496261596679688e+00
1.965670824050903320e+00,1.734905719757080078e+00
1.027890324592590332e+00,3.778307199478149414e+00
8.134208917617797852e-01,2.394516706466674805e+00
2.415022611618041992e+00,5.059716701507568359e+00
9.401981234550476074e-01,7.130658626556396484e+00
1.827045798301696777e+00,5.302522182464599609e+00
1.134248375892639160e+00,2.698189318180084229e-01
1.689920663833618164e+00,8.608717918395996094e-01
1.682525515556335449e+00,4.186302185058593750e+00
1.896240234375000000e+00,5.936649799346923828e+00
1.235000610351562500e+00,8.659505248069763184e-01
1.242812871932983398e+00,2.406603336334228516e+00
1.367794394493103027e+00,1.288016676902770996e+00
2.119178295135498047e+00,2.472223758697509766e+00
1.685658574104309082e+00,8.363021850585937500e+00
-1.329136639833450317e-01,4.666677713394165039e-01
9.490523934364318848e-01,5.663523077964782715e-01
3.208314776420593262e-01,3.009114503860473633e+00
1.370402932167053223e+00,4.019349575042724609e+00
2.748331069946289062e+00,1.088806152343750000e+00
2.143045425415039062e+00,2.705788373947143555e+00
8.175972700119018555e-01,3.344454526901245117e+00
1.357287883758544922e+00,7.004284858703613281e-01
1.183224439620971680e+00,5.668957829475402832e-01
2.959043383598327637e-01,3.298604726791381836e+00
2.306780815124511719e+00,5.267097949981689453e+00
8.443998694419860840e-01,4.466067254543304443e-01
2.540872573852539062e+00,1.973114371299743652e+00
1.891917943954467773e+00,6.036897897720336914e-01
1.422288060188293457e+00,7.148758411407470703e+00
1.169108867645263672e+00,2.275339603424072266e+00
1.409532546997070312e+00,1.500485062599182129e+00
1.399035573005676270e+00,1.030790328979492188e+00
1.001455068588256836e+00,3.404846042394638062e-02
1.614952564239501953e+00,3.750260829925537109e+00
1.754322886466979980e+00,4.994484424591064453e+00
1.709643840789794922e+00,1.175150156021118164e+00
2.216092348098754883e+00,3.483073949813842773e+00
1.141471505165100098e+00,1.427131533622741699e+00
1.714223861694335938e+00,6.914954662322998047e+00
2.013260602951049805e+00,2.170444965362548828e+00
2.426532030105590820e+00,4.781841039657592773e-01
2.393770933151245117e+00,1.463178396224975586e+00
1.588407993316650391e+00,6.358620643615722656e+00
1.612282037734985352e+00,4.852383136749267578e+00
-6.221464276313781738e-01,2.928728818893432617e+00
1.668908119201660156e+00,2.127733469009399414e+00
1.396263122558593750e+00,2.542411804199218750e+00
-5.342280864715576172e-01,1.153063401579856873e-01
1.760482072830200195e+00,4.793063640594482422e+00
1.804020762443542480e+00,3.212186098098754883e-01
8.726292252540588379e-01,6.865160465240478516e+00
1.457954049110412598e+00,5.765301227569580078e+00
1.682734012603759766e+00,2.057008981704711914e+00
1.513771176338195801e+00,4.260029792785644531e+00
1.873922348022460938e+00,2.241144418716430664e+00
-2.785589098930358887e-01,2.365244626998901367e+00
2.870155334472656250e+00,5.835614681243896484e+00
-1.529684811830520630e-01,1.397017478942871094e+00
1.690233230590820312e+00,2.245141267776489258e+00
2.310354232788085938e+00,4.095274925231933594e+00
7.083715796470642090e-01,3.061239957809448242e+00
1.733351588249206543e+00,1.927132129669189453e+00
1.212590694427490234e+00,3.854861021041870117e+00
1.258893132209777832e+00,3.683147430419921875e+00
1.707647085189819336e+00,2.991105794906616211e+00
2.086351156234741211e+00,5.012236118316650391e+00
1.899233102798461914e+00,6.292230606079101562e+00
1.768075466156005859e+00,2.250215768814086914e+00
1.676179647445678711e+00,4.506192684173583984e+00
1.370049118995666504e+00,5.984142303466796875e+00
1.160927861928939819e-01,3.431837797164916992e+00
1.944762229919433594e+00,2.047455549240112305e+00
2.018231153488159180e+00,2.401041984558105469e+00
1.685637116432189941e+00,7.480967998504638672e+00
2.579220056533813477e+00,1.937549829483032227e+00
9.932813048362731934e-01,4.937051296234130859e+00
1.468288064002990723e+00,6.886621117591857910e-01
1.694599986076354980e+00,4.159871101379394531e+00
1.799894452095031738e+00,2.538866281509399414e+00
1.331559062004089355e+00,1.273121356964111328e+00
1.726269841194152832e+00,5.597086906433105469e+00
1.251831650733947754e+00,7.010346889495849609e+00
1.583564519882202148e+00,2.475679874420166016e+00
2.824764251708984375e-01,2.725733518600463867e+00
-4.200739264488220215e-01,2.835731267929077148e+00
1.788281798362731934e+00,4.874578952789306641e+00
3.062366843223571777e-01,6.909668445587158203e+00
1.824252009391784668e+00,5.929456233978271484e+00
4.170815646648406982e-02,2.489732027053833008e+00
-5.784311294555664062e-01,4.297067642211914062e+00
1.006019115447998047e+00,4.528198719024658203e+00
8.858749270439147949e-01,4.152989864349365234e+00
1.704671144485473633e+00,1.075074553489685059e+00
1.451457500457763672e+00,-8.959950208663940430e-01
2.102091550827026367e+00,5.410263061523437500e+00
1.766095161437988281e+00,1.902200698852539062e+00
3.822425007820129395e-01,2.470561504364013672e+00
1.345076084136962891e+00,4.703241825103759766e+00
2.387047052383422852e+00,5.141082286834716797e+00
1.343110918998718262e+00,6.233661651611328125e+00
1.241099834442138672e+00,6.412197351455688477e-01
1.469063639640808105e+00,3.893342018127441406e+00
1.737539887428283691e+00,8.996697664260864258e-01
1.503358602523803711e+00,1.520049452781677246e+00
1.592133939266204834e-02,2.526031017303466797e+00
1.063198924064636230e+00,7.400892257690429688e+00
1.944156408309936523e+00,2.283719062805175781e+00
1.897296071052551270e+00,1.246675968170166016e+00
1.115829795598983765e-01,2.210946321487426758e+00
2.169563055038452148e+00,4.356471538543701172e+00
1.258213162422180176e+00,6.506901383399963379e-01
7.190914154052734375e-01,2.619468569755554199e-01
1.297498226165771484e+00,1.395106911659240723e+00
1.727075338363647461e+00,1.540072679519653320e+00
1.725212693214416504e+00,2.875677347183227539e-01
1.172207832336425781e+00,2.805146455764770508e+00
2.219446420669555664e+00,6.305327415466308594e+00
9.095348715782165527e-01,3.533548831939697266e+00
1.038594126701354980e+00,1.138120055198669434e+00
2.511718511581420898e+00,6.702356338500976562e-01
1.888111472129821777e+00,3.622681140899658203e+00
1.681642651557922363e+00,1.209457278251647949e+00
1.450747251510620117e+00,2.930569887161254883e+00
8.200082778930664062e-01,3.271089792251586914e+00
1.572651743888854980e+00,2.417521238327026367e+00
1.943122386932373047e+00,5.560688495635986328e+00
1.731992840766906738e+00,2.603073835372924805e+00
5.573591589927673340e-01,2.215409517288208008e+00
1.113549947738647461e+00,7.986501216888427734e+00
2.003619432449340820e+00,2.920091629028320312e+00
1.022429227828979492e+00,2.941142320632934570e+00
4.130361676216125488e-01,2.449293136596679688e+00
5.878878831863403320e-01,4.971865653991699219e+00
1.826660037040710449e+00,-5.815394222736358643e-03
1.259469032287597656e+00,6.565500497817993164e-01
4.599114060401916504e-01,2.515118837356567383e+00
1.345064997673034668e+00,2.830318689346313477e+00
1.606043338775634766e+00,1.488512635231018066e+00
9.852086901664733887e-01,4.885821819305419922e+00
-2.372588217258453369e-02,3.471037626266479492e+00
5.108528733253479004e-01,3.723273515701293945e+00
2.295593500137329102e+00,3.480999946594238281e+00
7.247374951839447021e-02,2.286103487014770508e+00
1.919782757759094238e+00,2.563336133956909180e+00
1.621483802795410156e+00,5.827721357345581055e-01
2.282905429601669312e-01,3.999006509780883789e+00
2.079009056091308594e+00,5.965776443481445312e-01
1.232412695884704590e+00,1.440415501594543457e+00
1.910176634788513184e+00,2.925649404525756836e+00
2.053998708724975586e+00,4.958338260650634766e+00
1.599869251251220703e+00,2.452575922012329102e+00
1.955118298530578613e+00,2.589467763900756836e+00
1.492388010025024414e+00,4.566407680511474609e+00
1.589948892593383789e+00,8.405563831329345703e-01
2.161963701248168945e+00,2.359645605087280273e+00
3.534582257270812988e-01,2.698073148727416992e+00
8.332158923149108887e-01,1.220247372984886169e-01
2.320785760879516602e+00,3.568907499313354492e+00
2.136438846588134766e+00,3.687552928924560547e+00
1.118204236030578613e+00,1.780351638793945312e+00
1.638887524604797363e+00,6.773865699768066406e+00
-4.379610419273376465e-01,-6.397379189729690552e-02
2.113575220108032227e+00,1.552598118782043457e+00
1.684603810310363770e+00,1.791953206062316895e+00
1.705213904380798340e+00,7.537142276763916016e+00
5.307847261428833008e-01,1.533748984336853027e+00
2.396630525588989258e+00,7.242473363876342773e-01
9.988567233085632324e-01,6.017935276031494141e+00
1.777977108955383301e+00,9.889241456985473633e-01
7.087730169296264648e-01,2.139269828796386719e+00
1.378703564405441284e-01,2.985018491744995117e+00
1.396731257438659668e+00,1.266316473484039307e-01
2.162440061569213867e+00,4.544307291507720947e-01
2.435833454132080078e+00,5.406334400177001953e+00
5.235116183757781982e-02,1.782335758209228516e+00
-2.693307995796203613e-01,2.113741636276245117e+00
1.928042292594909668e+00,4.021564006805419922e+00
1.995296597480773926e+00,4.659695148468017578e+00
2.693609476089477539e+00,1.032277703285217285e+00
2.109598875045776367e+00,4.187074661254882812e+00
2.411680698394775391e+00,1.735648870468139648e+00
1.241265535354614258e+00,6.061218738555908203e+00
2.933962583541870117e+00,3.163187742233276367e+00
2.134945392608642578e+00,1.693617463111877441e+00
7.147659659385681152e-01,1.158134102821350098e+00
1.424978971481323242e+00,9.728492498397827148e-01
2.658085584640502930e+00,3.826986551284790039e+00
1.225299715995788574e+00,8.191868662834167480e-01
1.351428270339965820e+00,-2.786210477352142334e-01
2.146062374114990234e+00,4.980797290802001953e+00
9.538217186927795410e-01,1.317162036895751953e+00
1.105767369270324707e+00,2.243958950042724609e+00
4.512632489204406738e-01,6.857623100280761719e+00
1.434622049331665039e+00,2.147574901580810547e+00
1.962994337081909180e+00,1.405042886734008789e+00
2.215557098388671875e+00,1.835549950599670410e+00
7.049923539161682129e-01,2.047048568725585938e+00
7.754353284835815430e-01,2.596738576889038086e+00
1.441532254219055176e+00,4.635631084442138672e+00
-9.943737089633941650e-02,1.000597953796386719e+00
1.841532438993453979e-01,3.408637046813964844e+00
1.773149013519287109e+00,1.963063001632690430e+00
1.762025594711303711e+00,-2.790127992630004883e-01
-4.989321231842041016e-01,2.621330022811889648e+00
1.546966195106506348e+00,1.622912645339965820e+00
1.237061977386474609e+00,2.082080602645874023e+00
1.262957930564880371e+00,5.360995769500732422e+00
6.218497753143310547e-01,4.146408557891845703e+00
1.430148482322692871e+00,5.926362037658691406e+00
1.259953379631042480e+00,6.321258068084716797e+00
2.211379289627075195e+00,1.244652032852172852e+00
1.366935014724731445e+00,3.582774996757507324e-01
1.626466393470764160e+00,1.701259315013885498e-01
4.470984637737274170e-01,6.046024799346923828e+00
8.346505165100097656e-01,3.858811616897583008e+00
2.214088678359985352e+00,2.555488348007202148e-01
1.297711372375488281e+00,2.373117685317993164e+00
2.347063779830932617e+00,5.643453598022460938e+00
1.580145955085754395e+00,1.905463814735412598e+00
2.253565788269042969e+00,2.958439588546752930e+00
2.122997045516967773e+00,3.675086975097656250e+00
1.345218896865844727e+00,2.179814577102661133e+00
2.327733755111694336e+00,1.170803233981132507e-01
1.849240899085998535e+00,1.856620311737060547e+00
9.620822072029113770e-01,3.234148025512695312e+00
1.282988190650939941e+00,1.403224349021911621e+00
1.051913022994995117e+00,1.125755548477172852e+00
-2.926898598670959473e-01,1.086891651153564453e+00
1.599612951278686523e+00,3.048157453536987305e+00
1.579495549201965332e+00,1.431918144226074219e+00
-3.938862085342407227e-01,6.199438571929931641e-01
2.788746118545532227e+00,2.873962879180908203e+00
2.184486389160156250e+00,7.548664808273315430e-01
5.843499675393104553e-04,6.991899013519287109e+00
1.476454854011535645e+00,8.880331516265869141e-01
3.588124513626098633e-01,1.926755785942077637e+00
8.398861289024353027e-01,5.580106377601623535e-01
1.097476243972778320e+00,5.365257263183593750e+00
1.525972604751586914e+00,4.888849735260009766e+00
1.570639014244079590e+00,-7.879994064569473267e-02
6.874604225158691406e-01,2.146182775497436523e+00
1.703812122344970703e+00,1.419362783432006836e+00
-2.597154378890991211e-01,5.663615703582763672e+00
1.634113788604736328e+00,2.300595283508300781e+00
1.446241974830627441e+00,2.004918098449707031e+00
1.650300025939941406e+00,4.787424504756927490e-01
2.037525892257690430e+00,1.226565003395080566e+00
7.237064242362976074e-01,9.193983674049377441e-01
1.810387134552001953e+00,1.586804151535034180e+00
1.664356231689453125e+00,2.875679135322570801e-01
1.736730337142944336e+00,3.593579769134521484e+00
1.612124919891357422e+00,5.927499532699584961e-01
5.906789898872375488e-01,2.218240499496459961e+00
1.555415272712707520e+00,-1.375358998775482178e-01
-2.900782227516174316e-01,3.131901979446411133e+00
2.130317211151123047e+00,2.079295873641967773e+00
6.536422371864318848e-01,6.564819216728210449e-01
-3.316954374313354492e-01,1.689864099025726318e-01
1.439875721931457520e+00,4.357375621795654297e+00
1.677892804145812988e+00,4.772912979125976562e+00
-1.073411345481872559e+00,6.115946769714355469e-01
1.166284203529357910e+00,3.407648801803588867e+00
5.299887061119079590e-01,1.114856824278831482e-01
1.745850563049316406e+00,2.087300539016723633e+00
2.644612312316894531e+00,5.808475971221923828e+00
1.855802416801452637e+00,1.849500298500061035e+00
-1.180227007716894150e-02,7.248218536376953125e+00
1.563537836074829102e+00,1.206931114196777344e+00
1.249663114547729492e+00,6.257114410400390625e-01
4.664883017539978027e-01,2.609833478927612305e+00
-2.837823629379272461e-01,3.388985395431518555e+00
1.706108331680297852e+00,5.082813262939453125e+00
1.423420310020446777e+00,5.305074214935302734e+00
1.559958577156066895e+00,8.825592041015625000e+00
-5.415941774845123291e-02,2.613459348678588867e+00
1.605700612068176270e+00,1.679098367691040039e+00
7.108529210090637207e-01,7.051974773406982422e+00
2.096871137619018555e+00,6.083134174346923828e+00
-1.119982957839965820e+00,1.266222715377807617e+00
1.636850833892822266e+00,2.211762428283691406e+00
2.030744552612304688e+00,1.145058870315551758e+00
1.232786893844604492e+00,1.140312910079956055e+00
1.638251423835754395e+00,2.696203470230102539e+00
1.831001162528991699e+00,1.760207295417785645e+00
2.516382455825805664e+00,2.491619825363159180e+00
4.337378740310668945e-01,5.191118717193603516e+00
-2.130206376314163208e-01,2.716223955154418945e+00
1.363605499267578125e+00,1.498786211013793945e+00
8.125619590282440186e-02,2.574589252471923828e+00
6.812418103218078613e-01,5.855878353118896484e+00
1.264968633651733398e+00,1.641806125640869141e+00
1.405135989189147949e+00,1.401605010032653809e+00
1.619942665100097656e+00,1.525748372077941895e+00
1.965160489082336426e+00,4.518384456634521484e+00
1.520284414291381836e+00,-6.820861101150512695e-01
9.945526123046875000e-01,3.078009366989135742e+00
1.918809056282043457e+00,7.583468914031982422e+00
1.674781799316406250e+00,4.371971607208251953e+00
7.114585041999816895e-01,1.678265929222106934e+00
1.086719989776611328e+00,4.155494689941406250e+00
9.316256046295166016e-01,6.986145973205566406e-01
1.240834474563598633e+00,2.565690279006958008e+00
1.577366948127746582e+00,1.574006080627441406e+00
1.212259531021118164e+00,3.297502279281616211e+00
1.140492200851440430e+00,2.252127647399902344e+00
1.060318350791931152e+00,1.328589677810668945e+00
1.066377282142639160e+00,5.797135829925537109e-01
1.078043431043624878e-01,3.847863435745239258e+00
2.110765933990478516e+00,1.962885618209838867e+00
1.891559481620788574e+00,2.294466018676757812e+00
2.173190832138061523e+00,7.269587993621826172e+00
1.677721858024597168e+00,5.005399584770202637e-01
2.079653978347778320e+00,6.054468154907226562e-01
1.395207047462463379e+00,-7.456241846084594727e-01
-1.099990367889404297e+00,4.824776172637939453e+00
1.851404428482055664e+00,2.066923618316650391e+00
1.553982377052307129e+00,3.454943895339965820e-01
1.961913704872131348e+00,1.601915836334228516e+00
1.707369565963745117e+00,9.005459547042846680e-01
1.575988054275512695e+00,2.383970737457275391e+00
5.938251614570617676e-01,4.653689861297607422e+00
6.297445297241210938e-01,2.484630107879638672e+00
1.523652195930480957e+00,1.072710514068603516e+00
1.090768694877624512e+00,3.379226446151733398e+00
1.442300796508789062e+00,2.589228868484497070e+00
1.119808077812194824e+00,1.595707893371582031e+00
6.192865371704101562e-01,2.122197389602661133e+00
1.684436082839965820e+00,1.128340005874633789e+00
-8.720423579216003418e-01,7.794779539108276367e-01
-7.647250890731811523e-01,1.725075483322143555e+00
2.182488918304443359e+00,3.212265014648437500e+00
-3.480413556098937988e-01,7.847342491149902344e-01
1.300932765007019043e+00,4.625903069972991943e-01
1.821582555770874023e+00,7.132080078125000000e+00
6.457589864730834961e-01,1.737620234489440918e-01
-4.080950617790222168e-01,3.821170091629028320e+00
1.784190297126770020e+00,1.928824067115783691e+00
9.816478490829467773e-01,5.491197705268859863e-01
2.406954526901245117e+00,1.542119860649108887e+00
2.092755317687988281e+00,5.610074043273925781e+00
-1.950575858354568481e-01,4.714010715484619141e+00
2.497937440872192383e+00,3.763752698898315430e+00
1.277049422264099121e+00,4.250862598419189453e+00
1.054542422294616699e+00,3.721819639205932617e+00
1.024223923683166504e+00,8.780156970024108887e-01
1.566467046737670898e+00,1.824794054031372070e+00
1.869331002235412598e+00,6.263641834259033203e+00
6.278611421585083008e-01,3.420953989028930664e+00
2.403814077377319336e+00,2.976233243942260742e+00
6.012981534004211426e-01,1.296424746513366699e+00
2.799203395843505859e-01,3.719924926757812500e+00
-1.909554749727249146e-01,2.049170017242431641e+00
2.214646816253662109e+00,3.609818696975708008e+00
2.123433113098144531e+00,2.616109609603881836e+00
2.261519193649291992e+00,7.882846593856811523e-01
1.715334534645080566e+00,1.186780333518981934e+00
1.732330441474914551e+00,1.724518775939941406e+00
-6.667340993881225586e-01,1.078043580055236816e+00
1.217577576637268066e+00,1.759760856628417969e+00
-5.380669236183166504e-01,6.492282152175903320e-01
1.242926120758056641e+00,9.825451374053955078e-01
1.585988163948059082e+00,1.995174407958984375e+00
2.049204111099243164e+00,1.196220636367797852e+00
1.474203467369079590e+00,1.786147832870483398e+00
1.725620865821838379e+00,5.220833778381347656e+00
1.016756176948547363e+00,1.461855888366699219e+01
1.884843468666076660e+00,3.352921247482299805e+00
1.436934590339660645e+00,5.259887218475341797e+00
5.854648947715759277e-01,2.783002614974975586e+00
1.500962376594543457e+00,5.686198234558105469e+00
8.199512362480163574e-01,2.854116439819335938e+00
7.673721909523010254e-01,1.792535424232482910e+00
1.197948217391967773e+00,4.999219417572021484e+00
1.845071434974670410e+00,3.515503168106079102e+00
7.637621164321899414e-01,4.297677993774414062e+00
7.493041455745697021e-02,1.635983586311340332e+00
1.523727774620056152e+00,8.649028539657592773e-01
1.075097918510437012e+00,3.216153144836425781e+00
2.049299240112304688e+00,3.150495767593383789e+00
1.675366401672363281e+00,2.217887163162231445e+00
1.551166772842407227e+00,2.155303716659545898e+00
1.708080887794494629e+00,3.154051899909973145e-01
1.396898865699768066e+00,9.356423467397689819e-02
1.409123539924621582e+00,2.913450002670288086e+00
-2.677355408668518066e-01,1.705999135971069336e+00
1.616303920745849609e+00,3.151647746562957764e-01
2.248864889144897461e+00,2.586667060852050781e+00
2.058860063552856445e+00,2.636661767959594727e+00
1.782789587974548340e+00,2.401656150817871094e+00
5.051866769790649414e-01,3.658256769180297852e+00
1.376069903373718262e+00,6.542103767395019531e+00
7.842302322387695312e-01,2.361893653869628906e+00
1.431572884321212769e-01,2.839664220809936523e+00
1.173726081848144531e+00,2.678977727890014648e+00
1.632006168365478516e+00,5.779663562774658203e+00
1.861961722373962402e+00,1.289334654808044434e+00
1.046128630638122559e+00,3.174248933792114258e+00
2.415882349014282227e+00,3.807292938232421875e+00
1.144188761711120605e+00,4.177381038665771484e+00
-9.013090729713439941e-01,2.578551769256591797e+00
1.437896609306335449e+00,7.728876590728759766e+00
9.502595663070678711e-01,1.823436975479125977e+00
1.419070720672607422e+00,2.217344760894775391e+00
1.952435851097106934e+00,7.459037005901336670e-03
1.608261942863464355e+00,2.916219472885131836e+00
1.582450270652770996e+00,1.903540253639221191e+00
1.310339331626892090e+00,4.588590621948242188e+00
1.944913148880004883e+00,2.556846857070922852e+00
1.993038773536682129e+00,6.947362422943115234e-01
7.490099072456359863e-01,1.901546239852905273e+00
1.978686451911926270e+00,5.877798557281494141e+00
1.513768553733825684e+00,5.562956333160400391e+00
2.188096761703491211e+00,3.993215084075927734e+00
2.538789749145507812e+00,2.618763685226440430e+00
2.052053451538085938e+00,6.106732845306396484e+00
-6.395431756973266602e-01,1.420667171478271484e+00
1.257797360420227051e+00,1.416222095489501953e+00
2.438782453536987305e+00,4.304992198944091797e+00
1.558582663536071777e+00,1.723323345184326172e+00
1.319787263870239258e+00,2.524582624435424805e+00
9.517510533332824707e-01,1.743725895881652832e+00
1.267160773277282715e+00,1.844644069671630859e+00
1.041623473167419434e+00,6.142364740371704102e-01
7.938863635063171387e-01,1.980874538421630859e+00
1.443014979362487793e+00,4.217037856578826904e-01
2.174284219741821289e+00,2.414397001266479492e-01
1.901787638664245605e+00,7.608982920646667480e-01
8.269315361976623535e-01,3.813997983932495117e+00
2.105981111526489258e+00,4.358273506164550781e+00
5.142246484756469727e-01,2.875054121017456055e+00
1.307468175888061523e+00,7.879403829574584961e-01
1.506190180778503418e+00,1.219313979148864746e+00
1.376703143119812012e+00,5.804237842559814453e+00
1.322135329246520996e+00,5.668127536773681641e+00
1.633976459503173828e+00,2.022875308990478516e+00
1.707957029342651367e+00,4.672227859497070312e+00
-9.155727922916412354e-02,2.365895271301269531e+00
1.360199213027954102e+00,3.564645051956176758e+00
1.710440874099731445e+00,9.486557960510253906e+00
1.135092377662658691e+00,3.182963848114013672e+00
1.640499591827392578e+00,1.510854721069335938e+00
2.028606176376342773e+00,3.088947534561157227e+00
2.766158580780029297e-01,1.735087156295776367e+00
2.608217954635620117e+00,1.968461990356445312e+00
1.621140122413635254e+00,6.905380249023437500e+00
9.482416510581970215e-01,6.868904829025268555e-01
-2.876356244087219238e-01,1.890588760375976562e+00
1.810171365737915039e+00,2.309582948684692383e+00
1.639575242996215820e+00,6.235825270414352417e-02
-6.468011736869812012e-01,2.810253381729125977e+00
1.597414612770080566e+00,9.792830944061279297e-01
1.222070902585983276e-01,5.170089721679687500e+00
1.704320311546325684e+00,5.818688869476318359e-01
1.457163453102111816e+00,2.610687255859375000e+00
1.810779929161071777e+00,1.970003128051757812e+00
1.087488770484924316e+00,2.383447647094726562e+00
9.403342008590698242e-01,4.474419116973876953e+00
2.136336565017700195e+00,1.682210087776184082e+00
-3.054388165473937988e-01,1.955353021621704102e+00
2.222603321075439453e+00,2.594984769821166992e+00
1.359076857566833496e+00,2.229300737380981445e+00
2.284413576126098633e+00,1.230793833732604980e+00
2.165279626846313477e+00,9.168343544006347656e-01
1.523364663124084473e+00,8.579895496368408203e-01
2.595696926116943359e+00,4.018693447113037109e+00
1.747548818588256836e+00,6.374518394470214844e+00
1.574649214744567871e+00,4.541921138763427734e+00
2.390485763549804688e+00,8.004298210144042969e+00
1.891398549079895020e+00,5.004608631134033203e+00
2.334877252578735352e+00,3.606016874313354492e+00
1.818565249443054199e+00,2.269205570220947266e+00
1.334191679954528809e+00,2.136583089828491211e+00
1.514422178268432617e+00,9.812260270118713379e-01
8.475027084350585938e-01,4.214490413665771484e+00
1.614649534225463867e+00,3.369236946105957031e+00
1.074732780456542969e+00,4.675448894500732422e+00
1.533175349235534668e+00,1.703098416328430176e+00
1.778989791870117188e+00,1.683210134506225586e+00
7.316692471504211426e-01,2.460025310516357422e+00
1.423747420310974121e+00,4.582209110260009766e+00
9.308177232742309570e-01,4.081205844879150391e+00
4.483147263526916504e-01,9.479792118072509766e-01
1.223076820373535156e+00,3.396159887313842773e+00
-4.930490851402282715e-01,1.413303494453430176e+00
2.532670259475708008e+00,4.207993149757385254e-01
6.772915124893188477e-01,2.450350046157836914e+00
1.818009972572326660e+00,5.393795013427734375e+00
1.513853669166564941e+00,9.048825502395629883e-01
1.986243128776550293e+00,1.586648106575012207e+00
1.572448492050170898e+00,3.595533132553100586e+00
1.418006896972656250e+00,1.715791583061218262e+00
1.849203705787658691e+00,3.993343591690063477e+00
-4.804294705390930176e-01,4.749582767486572266e+00
2.879096865653991699e-01,3.642513513565063477e+00
1.754937410354614258e+00,1.526952028274536133e+00
1.270323514938354492e+00,7.180926799774169922e-01
1.378963351249694824e+00,1.120362520217895508e+00
9.461498260498046875e-01,3.055537700653076172e+00
5.681583285331726074e-01,4.440720081329345703e+00
1.861467361450195312e+00,2.775191068649291992e-01
2.504449605941772461e+00,2.312056779861450195e+00
8.860287666320800781e-01,4.184798300266265869e-01
1.632400155067443848e+00,1.528145074844360352e+00
1.210151076316833496e+00,3.808373212814331055e+00
1.882016539573669434e+00,2.035608291625976562e+00
1.826320886611938477e+00,7.353823184967041016e-01
7.734612822532653809e-01,3.028385877609252930e+00
1.424389123916625977e+00,5.043385982513427734e+00
1.283606529235839844e+00,5.463640689849853516e+00
2.344553232192993164e+00,2.937692403793334961e+00
-9.460224509239196777e-01,3.154069423675537109e+00
1.444275259971618652e+00,5.127442836761474609e+00
-7.009516954421997070e-01,1.485162854194641113e+00
1.374885320663452148e+00,3.438978910446166992e+00
1.896518349647521973e+00,1.775088429450988770e+00
7.218188643455505371e-01,5.423448562622070312e+00
6.583114266395568848e-01,4.133228778839111328e+00
1.846581697463989258e+00,1.993340730667114258e+00
1.598328948020935059e+00,4.687325000762939453e+00
7.821847200393676758e-01,4.239701271057128906e+00
1.685684442520141602e+00,1.125189781188964844e+00
1.209818005561828613e+00,1.645577192306518555e+00
1.852979183197021484e+00,7.620732784271240234e-01
1.338037014007568359e+00,1.167492493987083435e-01
6.548604369163513184e-01,2.584212303161621094e+00
1.653060674667358398e+00,1.990750074386596680e+00
1.487368106842041016e+00,3.287751674652099609e+00
1.904199242591857910e+00,5.406894087791442871e-01
1.922137856483459473e+00,9.486192703247070312e+00
9.993971586227416992e-01,7.935027122497558594e+00
2.614314556121826172e+00,3.748554229736328125e+00
1.076726555824279785e+00,-3.770655393600463867e-01
5.417123436927795410e-01,4.397955894470214844e+00
1.072908163070678711e+00,2.590669393539428711e+00
9.683792591094970703e-01,4.576756477355957031e+00
6.247584819793701172e-01,1.650621533393859863e+00
1.654267430305480957e+00,4.601562976837158203e+00
8.799731135368347168e-01,1.980195045471191406e+00
1.991917490959167480e+00,1.219825744628906250e+00
1.383157730102539062e+00,2.423562526702880859e+00
9.698842167854309082e-01,3.502152204513549805e+00
8.115013241767883301e-01,4.404739856719970703e+00
1.856246113777160645e+00,5.851620197296142578e+00
2.166289329528808594e+00,6.926642894744873047e+00
1.408021092414855957e+00,2.625337839126586914e+00
1.576708436012268066e+00,6.527802467346191406e+00
1.532512307167053223e+00,4.107182025909423828e+00
5.317949652671813965e-01,1.092560052871704102e+00
7.213042378425598145e-01,6.694288730621337891e+00
-3.501188755035400391e-01,1.332298874855041504e+00
1.426251769065856934e+00,3.319919347763061523e+00
1.745810508728027344e+00,6.780910491943359375e+00
1.656721115112304688e+00,6.158376932144165039e-01
1.984641790390014648e+00,3.773800134658813477e+00
2.150825262069702148e+00,4.836297512054443359e+00
-6.008778214454650879e-01,9.795642495155334473e-01
1.536782383918762207e+00,3.277572095394134521e-01
5.987710952758789062e-01,-3.127104043960571289e-01
-2.340375334024429321e-01,-2.380411326885223389e-01
1.118058085441589355e+00,1.206198692321777344e+00
1.746118664741516113e+00,4.658657550811767578e+00
1.282673716545104980e+00,5.419529438018798828e+00
6.385372877120971680e-01,4.666082382202148438e+00
-2.325020581483840942e-01,1.636978983879089355e-01
2.469799518585205078e+00,5.844100475311279297e+00
1.002243876457214355e+00,4.082820892333984375e+00
1.676089882850646973e+00,1.039491415023803711e+00
1.267678260803222656e+00,4.421491146087646484e+00
1.673722267150878906e+00,1.306727528572082520e+00
1.384909272193908691e+00,4.132936477661132812e+00
2.149149417877197266e+00,6.207864284515380859e+00
1.019954323768615723e+00,1.278651118278503418e+00
1.816354691982269287e-02,2.422327756881713867e+00
1.505064249038696289e+00,2.535436153411865234e+00
1.667512297630310059e+00,3.960162401199340820e+00
1.479205489158630371e+00,6.927081108093261719e+00
1.221408009529113770e+00,9.816762208938598633e-01
2.211760282516479492e+00,4.406147003173828125e+00
1.436138629913330078e+00,1.630321025848388672e+00
3.878568112850189209e-02,1.335129618644714355e+00
1.594881176948547363e+00,4.101527214050292969e+00
1.687654614448547363e+00,1.169686555862426758e+00
2.246328830718994141e+00,2.013148784637451172e+00
1.397302031517028809e+00,1.654219508171081543e+00
1.271426558494567871e+00,1.100994825363159180e+00
1.145341277122497559e+00,3.316094160079956055e+00
3.725881576538085938e-01,1.038389325141906738e+00
1.671399116516113281e+00,7.215934246778488159e-02
1.493321180343627930e+00,6.300495147705078125e+00
1.958218574523925781e+00,2.488086938858032227e+00
3.555225729942321777e-01,1.972765445709228516e+00
1.716102242469787598e+00,7.634503841400146484e+00
2.141345739364624023e+00,1.673518061637878418e+00
5.241439677774906158e-03,1.198887348175048828e+00
7.635529041290283203e-01,7.439001798629760742e-01
6.110122203826904297e-01,4.099417209625244141e+00
2.528488159179687500e+00,4.387536525726318359e+00
1.966988563537597656e+00,3.271630048751831055e+00
2.634831905364990234e+00,4.421444416046142578e+00
2.151173591613769531e+00,3.881866931915283203e+00
1.715814471244812012e+00,1.119468212127685547e+00
-3.476416468620300293e-01,1.706515312194824219e+00
1.674550175666809082e+00,7.025890350341796875e+00
1.046259045600891113e+00,5.059891223907470703e+00
1.923295617103576660e+00,1.687322378158569336e+00
2.803420424461364746e-01,5.360133051872253418e-01
1.644834995269775391e+00,2.871114015579223633e+00
1.993970990180969238e+00,9.839453101158142090e-01
4.703079462051391602e-01,3.065154552459716797e+00
-4.136991500854492188e-01,2.018638253211975098e-01
1.436947584152221680e+00,4.068146228790283203e+00
1.409715771675109863e+00,5.009167194366455078e+00
1.702890157699584961e+00,6.052727699279785156e+00
2.521999597549438477e+00,2.172740221023559570e+00
1.221533060073852539e+00,3.571982622146606445e+00
1.604668378829956055e+00,2.753751993179321289e+00
3.003598451614379883e-01,2.871060609817504883e+00
1.646544575691223145e+00,3.451073884963989258e+00
1.583031058311462402e+00,1.445942878723144531e+00
1.587029337882995605e+00,1.053557872772216797e+00
1.033171892166137695e+00,3.089906275272369385e-01
1.587222933769226074e+00,3.233867883682250977e+00
1.212354183197021484e+00,5.642663478851318359e+00
1.646505475044250488e+00,2.740790128707885742e+00
2.419170856475830078e+00,1.194226026535034180e+00
6.410821080207824707e-01,4.379673957824707031e+00
8.998248577117919922e-01,2.666558027267456055e+00
1.858673095703125000e+00,2.001511812210083008e+00
2.065865516662597656e+00,5.801462650299072266e+00
1.334330439567565918e+00,7.003952503204345703e+00
1.416999816894531250e+00,1.289931893348693848e+00
1.818722367286682129e+00,6.512866973876953125e+00
1.624039530754089355e+00,7.145415306091308594e+00
2.572821140289306641e+00,4.419565677642822266e+00
3.927776813507080078e-01,2.979357242584228516e+00
7.164987325668334961e-01,4.603258967399597168e-01
1.506998300552368164e+00,-1.512496173381805420e-01
-3.382017016410827637e-01,1.323191881179809570e+00
1.844561934471130371e+00,5.810729026794433594e+00
1.213389992713928223e+00,1.176717042922973633e+00
1.162651181221008301e+00,4.162364006042480469e+00
9.606121480464935303e-02,3.932589054107666016e+00
8.649268746376037598e-01,1.744390964508056641e+00
1.639318585395812988e+00,2.020849704742431641e+00
-3.773347735404968262e-01,1.538781881332397461e+00
1.797569990158081055e+00,6.417748332023620605e-01
2.152294874191284180e+00,1.200799107551574707e+00
1.960099458694458008e+00,3.995607495307922363e-01
2.583154439926147461e+00,4.009855270385742188e+00
2.166662693023681641e+00,2.873905181884765625e+00
1.697681546211242676e+00,6.553906798362731934e-01
1.254526734352111816e+00,4.831779003143310547e+00
1.630151152610778809e+00,2.809786200523376465e-01
1.535309195518493652e+00,2.249392032623291016e+00
1.296597242355346680e+00,7.589325308799743652e-01
1.659354567527770996e+00,6.850872516632080078e+00
1.846675276756286621e+00,4.257749557495117188e+00
1.946412920951843262e+00,4.179661750793457031e+00
1.845726847648620605e+00,3.439340829849243164e+00
8.275920152664184570e-01,2.385043382644653320e+00
1.817640662193298340e+00,7.174713611602783203e+00
1.945288628339767456e-01,2.533505916595458984e+00
1.219833731651306152e+00,2.420203983783721924e-01
2.336988925933837891e+00,2.651001691818237305e+00
9.075323343276977539e-01,3.117218255996704102e+00
3.831927478313446045e-02,3.110221624374389648e+00
1.667357563972473145e+00,8.504049301147460938e+00
1.658365964889526367e+00,1.693348407745361328e+00
6.317263841629028320e-01,1.433435916900634766e+00
1.748805165290832520e+00,1.962188124656677246e+00
1.804809451103210449e+00,2.885501384735107422e-01
1.654749274253845215e+00,2.472691059112548828e+00
2.740331888198852539e+00,4.889848232269287109e+00
1.948432922363281250e+00,3.335313558578491211e+00
1.103561282157897949e+00,2.950173139572143555e+00
9.003040790557861328e-01,3.851146697998046875e-01
1.490534543991088867e+00,5.071140766143798828e+00
1.575750589370727539e+00,3.635205745697021484e+00
1.419624328613281250e+00,2.090826034545898438e+00
-1.305343061685562134e-01,1.510780334472656250e+00
2.150527477264404297e+00,2.102628707885742188e+00
-7.905460596084594727e-01,5.707636833190917969e+00
2.175738096237182617e+00,7.482020854949951172e+00
1.266244888305664062e+00,2.124446392059326172e+00
1.653907179832458496e+00,1.465631246566772461e+00
1.464110732078552246e+00,2.462183237075805664e+00
1.708911299705505371e+00,6.759696960449218750e+00
2.143153429031372070e+00,2.340461969375610352e+00
1.727164745330810547e+00,7.177792072296142578e+00
9.338833093643188477e-01,2.992406129837036133e+00
1.962668299674987793e+00,1.837583541870117188e+00
8.747239708900451660e-01,6.191115379333496094e+00
1.265812873840332031e+00,1.235096573829650879e+00
1.768212437629699707e+00,1.588350057601928711e+00
1.293140769004821777e+00,6.553034782409667969e-01
1.025290966033935547e+00,2.513970375061035156e+00
-7.808672189712524414e-01,1.084798097610473633e+00
-5.213440060615539551e-01,8.924753665924072266e-01
2.398428201675415039e+00,2.141011476516723633e+00
1.502731442451477051e+00,2.414896726608276367e+00
1.316790461540222168e+00,1.569339752197265625e+00
-6.631994843482971191e-01,1.011114716529846191e+00
1.337238907814025879e+00,6.738940715789794922e+00
1.752357125282287598e+00,8.066469192504882812e+00
1.213086128234863281e+00,1.860758662223815918e+00
2.342039108276367188e+00,3.789957284927368164e+00
1.519977807998657227e+00,5.001968383789062500e+00
2.253453493118286133e+00,6.555353403091430664e-01
2.196506023406982422e+00,1.006557345390319824e+00
1.757654309272766113e+00,5.743486881256103516e+00
6.247327663004398346e-03,5.415136218070983887e-01
2.137589454650878906e+00,7.015680074691772461e-01
2.438476085662841797e+00,5.344580411911010742e-01
9.440287351608276367e-01,6.120448708534240723e-01
1.273488283157348633e+00,3.398319005966186523e+00
1.662534594535827637e+00,3.602543830871582031e+00
1.482838988304138184e+00,1.237625598907470703e+00
2.833221673965454102e+00,2.571743249893188477e+00
1.677253842353820801e+00,5.639792919158935547e+00
4.606518149375915527e-01,3.358340501785278320e+00
2.890676259994506836e-01,2.545914411544799805e+00
1.015981554985046387e+00,1.033451676368713379e+00
1.601343631744384766e+00,2.017098665237426758e+00
9.132907986640930176e-01,3.039419174194335938e+00
2.355375140905380249e-01,4.201463222503662109e+00
1.575699925422668457e+00,4.055950939655303955e-01
2.544256448745727539e+00,1.064794898033142090e+00
2.376596212387084961e+00,4.497605800628662109e+00
1.949674725532531738e+00,3.711094379425048828e+00
2.128979921340942383e+00,2.233323812484741211e+00
2.418359994888305664e+00,3.255461931228637695e+00
4.262993335723876953e-01,2.738771438598632812e+00
1.426338911056518555e+00,5.011720180511474609e+00
1.467192053794860840e+00,6.099102973937988281e+00
5.347359180450439453e-01,1.886376619338989258e+00
1.320273518562316895e+00,4.090589523315429688e+00
1.771080732345581055e+00,4.978208988904953003e-02
2.028367996215820312e+00,6.606280803680419922e+00
-6.336454153060913086e-01,2.205740690231323242e+00
2.064672231674194336e+00,1.753634691238403320e+00
-5.139639973640441895e-01,2.419932842254638672e+00
1.823489785194396973e+00,2.789443969726562500e+00
-1.044170498847961426e+00,1.437513113021850586e+00
6.176697611808776855e-01,5.284008502960205078e+00
3.827879428863525391e-01,2.610959291458129883e+00
9.233276247978210449e-01,2.064406394958496094e+00
2.109088182449340820e+00,2.339868545532226562e-01
9.803836941719055176e-01,7.312575817108154297e+00
2.173698425292968750e+00,1.452018737792968750e+00
1.205097794532775879e+00,2.030513525009155273e+00
1.148991703987121582e+00,1.629765033721923828e+00
1.357429027557373047e+00,1.158882379531860352e+00
1.224236607551574707e+00,1.017198562622070312e+01
1.648809552192687988e+00,1.139287710189819336e+00
2.341710805892944336e+00,4.199002742767333984e+00
9.079570770263671875e-01,2.532541275024414062e+00
1.010004162788391113e+00,1.166774868965148926e+00
1.870141625404357910e+00,4.402446269989013672e+00
-7.592883706092834473e-01,2.556931018829345703e+00
1.689777493476867676e+00,3.408410787582397461e+00
1.406754255294799805e+00,1.438195586204528809e+00
9.993420243263244629e-01,1.380923032760620117e+00
1.515071511268615723e+00,2.645702123641967773e+00
1.764311909675598145e+00,4.211359977722167969e+00
1.012006402015686035e+00,1.105332374572753906e+00
7.473365962505340576e-02,3.827609777450561523e+00
2.591459751129150391e+00,2.910954475402832031e+00
8.573021888732910156e-01,4.508258104324340820e-01
1.833872318267822266e+00,1.979125738143920898e+00
1.269327282905578613e+00,2.794485569000244141e+00
1.535848021507263184e+00,3.268714427947998047e+00
1.228531718254089355e+00,6.141695976257324219e+00
2.558842658996582031e+00,5.233911037445068359e+00
1.879268527030944824e+00,1.997417211532592773e-01
1.092842936515808105e+00,2.237790822982788086e+00
9.980834126472473145e-01,4.528764247894287109e+00
1.658736944198608398e+00,1.019815683364868164e+00
1.393901944160461426e+00,1.030636787414550781e+00
1.855202674865722656e+00,1.460689783096313477e+00
2.515980958938598633e+00,2.915652751922607422e+00
1.456885933876037598e+00,3.710246324539184570e+00
1.562448263168334961e+00,5.408792972564697266e+00
1.762608051300048828e+00,2.950799942016601562e+00
1.080596089363098145e+00,2.078919410705566406e+00
9.499941468238830566e-01,1.236958384513854980e+00
9.258812665939331055e-01,2.274038314819335938e+00
2.627094507217407227e+00,2.299675941467285156e+00
1.442315936088562012e+00,1.328233480453491211e+00
7.171761393547058105e-01,2.929968118667602539e+00
1.975314497947692871e+00,3.872357130050659180e+00
1.917124837636947632e-01,1.001334667205810547e+00
9.097353219985961914e-01,4.688724994659423828e+00
1.612213492393493652e+00,3.871589660644531250e+00
7.569538354873657227e-01,3.842628240585327148e+00
1.579889297485351562e+00,5.310488224029541016e+00
1.440892577171325684e+00,2.895921468734741211e+00
8.997676968574523926e-01,7.276189327239990234e+00
1.278929505497217178e-02,3.314667701721191406e+00
8.287286162376403809e-01,3.190209150314331055e+00
-2.534266114234924316e-01,5.741215348243713379e-01
1.625252246856689453e+00,1.103554487228393555e+00
1.393375396728515625e+00,1.542808055877685547e+00
1.186681151390075684e+00,8.550043106079101562e-01
1.506027936935424805e+00,1.320922493934631348e+00
2.732007503509521484e-01,1.683733940124511719e+00
1.992030501365661621e+00,2.679667711257934570e+00
1.344036579132080078e+00,2.743978738784790039e+00
3.713545203208923340e-01,1.528151869773864746e+00
7.927464246749877930e-01,3.479713439941406250e+00
1.785314917564392090e+00,1.384083032608032227e-01
1.815874218940734863e+00,6.789037227630615234e+00
9.821869134902954102e-01,1.385552287101745605e-01
1.460607409477233887e+00,1.390741944313049316e+00
1.839083194732666016e+00,7.670173168182373047e+00
6.678894162178039551e-01,3.129628896713256836e-01
1.731743931770324707e+00,2.767500638961791992e+00
3.808874487876892090e-01,1.818192005157470703e+00
1.949397683143615723e+00,2.049599885940551758e+00
1.653224825859069824e+00,3.428333044052124023e+00
1.425216436386108398e+00,1.108608722686767578e+00
1.257747530937194824e+00,7.619607925415039062e+00
1.617237925529479980e+00,2.759649455547332764e-01
4.117807149887084961e-01,2.290705442428588867e+00
7.971566319465637207e-01,2.748931884765625000e+00
1.551349997520446777e+00,5.945512294769287109e+00
2.310750722885131836e+00,5.292742729187011719e+00
1.314877122640609741e-01,3.124788999557495117e+00
9.520137310028076172e-01,3.894737958908081055e+00
1.613938093185424805e+00,1.330550670623779297e+00
2.419345617294311523e+00,7.143459796905517578e+00
1.148777604103088379e+00,2.566792488098144531e+00
9.838539958000183105e-01,3.462440013885498047e+00
1.821408271789550781e+00,1.983893156051635742e+00
1.424400448799133301e+00,2.607374668121337891e+00
1.160456657409667969e+00,3.165985584259033203e+00
1.710669040679931641e+00,4.889159202575683594e+00
1.418750286102294922e+00,4.524866580963134766e+00
2.031148672103881836e+00,3.340245485305786133e+00
1.611852526664733887e+00,2.160751819610595703e+00
1.427922606468200684e+00,4.254784584045410156e+00
6.941549181938171387e-01,2.300962686538696289e+00
1.026534795761108398e+00,2.071962118148803711e+00
2.026575326919555664e+00,1.921338319778442383e+00
2.215822219848632812e+00,5.047401428222656250e+00
2.312431573867797852e+00,5.934580326080322266e+00
1.798202753067016602e+00,3.659521818161010742e+00
2.210283517837524414e+00,3.001369714736938477e+00
1.622231602668762207e+00,4.112731456756591797e+00
2.845953702926635742e+00,1.554307699203491211e+00
2.088571310043334961e+00,3.330092132091522217e-01
1.869384407997131348e+00,5.882750988006591797e+00
1.984167218208312988e+00,2.902930259704589844e+00
1.489840149879455566e+00,1.487841248512268066e+00
1.435923457145690918e+00,4.029922962188720703e+00
9.009262919425964355e-01,2.031694173812866211e+00
1.832221984863281250e+00,2.524029731750488281e+00
2.292313575744628906e+00,3.977240800857543945e+00
4.489808082580566406e-01,4.518122673034667969e+00
1.453339576721191406e+00,6.427227854728698730e-01
8.032756447792053223e-01,3.200361967086791992e+00
1.673626065254211426e+00,6.209470272064208984e+00
1.512345671653747559e+00,1.015451908111572266e+00
1.813812851905822754e+00,1.115086078643798828e+00
1.692756056785583496e+00,7.121949672698974609e+00
-7.227873802185058594e-01,4.783048152923583984e+00
2.198564767837524414e+00,2.211720943450927734e+00
1.349174618721008301e+00,6.751404762268066406e+00
1.509622097015380859e+00,1.125372886657714844e+00
1.330072999000549316e+00,2.643909692764282227e+00
-6.845024824142456055e-01,1.654050469398498535e+00
1.615591645240783691e+00,3.056781768798828125e+00
1.868510603904724121e+00,1.303198099136352539e+00
9.806206822395324707e-01,2.212006807327270508e+00
8.000435829162597656e-01,2.249380588531494141e+00
2.364862203598022461e+00,3.683714628219604492e+00
1.803024411201477051e+00,3.679514408111572266e+00
1.063531279563903809e+00,2.970356225967407227e+00
5.279799103736877441e-01,2.332647323608398438e+00
1.373928785324096680e+00,-9.234438091516494751e-02
1.311143636703491211e+00,1.008436918258666992e+00
3.659527897834777832e-01,2.204658746719360352e+00
1.107748508453369141e+00,4.289154529571533203e+00
-2.774621248245239258e-01,5.319873809814453125e+00
1.713863492012023926e+00,1.819960355758666992e+00
1.570692420005798340e+00,4.659037590026855469e+00
1.231534123420715332e+00,4.618300914764404297e+00
1.672410249710083008e+00,1.112384080886840820e+00
1.309571385383605957e+00,7.141444683074951172e+00
2.687509298324584961e+00,5.792158603668212891e+00
1.238509774208068848e+00,3.268545866012573242e+00
-5.813879370689392090e-01,3.942775011062622070e+00
2.021849870681762695e+00,1.803329825401306152e+00
1.248860239982604980e+00,1.109495401382446289e+00
1.865615010261535645e+00,6.385855197906494141e+00
1.811999559402465820e+00,1.006989240646362305e+00
1.255309462547302246e+00,3.687763512134552002e-01
-3.581222891807556152e-01,3.036473512649536133e+00
5.599218010902404785e-01,3.734490156173706055e+00
1.221054553985595703e+00,2.266880273818969727e+00
2.557010054588317871e-01,2.784820795059204102e+00
3.157664537429809570e+00,7.213018894195556641e+00
9.898685216903686523e-01,5.111390948295593262e-01
2.388154268264770508e+00,3.492775201797485352e+00
1.743886709213256836e+00,6.583025455474853516e+00
2.741573333740234375e+00,7.849347591400146484e+00
-2.428643852472305298e-01,4.874853610992431641e+00
1.387969374656677246e+00,3.958653688430786133e+00
-2.128991633653640747e-01,3.025120496749877930e+00
1.084151148796081543e+00,1.000729128718376160e-01
9.341366887092590332e-01,1.838105082511901855e+00
-5.706269145011901855e-01,2.195162534713745117e+00
1.856821417808532715e+00,6.543097019195556641e+00
1.384541392326354980e+00,5.732789993286132812e+00
-5.320500135421752930e-01,9.144615381956100464e-02
8.030206561088562012e-01,2.209555864334106445e+00
-3.523630499839782715e-01,2.933203220367431641e+00
-4.104585647583007812e-01,1.412139773368835449e+00
-2.784028053283691406e-01,2.890321493148803711e+00
1.340168595314025879e+00,6.146552562713623047e+00
1.519644379615783691e+00,4.187994956970214844e+00
1.162473559379577637e+00,3.672956705093383789e+00
1.778591990470886230e+00,1.889882087707519531e+00
1.979340195655822754e+00,1.643734216690063477e+00
2.368687868118286133e+00,2.161913633346557617e+00
2.167675733566284180e+00,1.452530384063720703e+00
-2.832980155944824219e-01,-2.859572321176528931e-02
1.161312341690063477e+00,6.974340438842773438e+00
2.522636651992797852e+00,2.845340967178344727e+00
1.486249089241027832e+00,1.240386962890625000e+00
1.710755109786987305e+00,2.037151336669921875e+00
3.148452937602996826e-02,1.162573695182800293e+00
2.003513097763061523e+00,6.962096691131591797e-01
1.096848368644714355e+00,1.510812759399414062e+00
-1.796273142099380493e-01,3.838052034378051758e+00
1.336419463157653809e+00,1.978701710700988770e+00
9.290094971656799316e-01,1.576135396957397461e+00
1.485271573066711426e+00,8.717866897583007812e+00
-4.464182257652282715e-01,1.254203438758850098e+00
7.417327165603637695e-01,2.169224977493286133e+00
8.314022421836853027e-01,5.040161609649658203e+00
2.040004014968872070e+00,3.542457342147827148e+00
1.094270110130310059e+00,9.929264783859252930e-01
1.732165098190307617e+00,6.354624748229980469e+00
-3.469412922859191895e-01,1.056345105171203613e+00
1.313746929168701172e+00,3.008090257644653320e+00
1.769591927528381348e+00,1.065747857093811035e+00
2.384405851364135742e+00,3.048508882522583008e+00
1.738202691078186035e+00,4.038013935089111328e+00
2.158326387405395508e+00,5.390685200691223145e-01
1.047510623931884766e+00,4.075930118560791016e+00
6.784291863441467285e-01,2.684670209884643555e+00
1.983049273490905762e+00,6.352555751800537109e+00
5.016623139381408691e-01,1.314657568931579590e+00
1.177755832672119141e+00,2.814370155334472656e+00
1.271617531776428223e+00,5.659031271934509277e-01
2.411819696426391602e+00,4.217150211334228516e+00
1.886539459228515625e+00,1.066530704498291016e+00
3.180634379386901855e-01,3.920729875564575195e+00
1.224375128746032715e+00,3.968566894531250000e+00
-2.622685432434082031e-01,9.412476420402526855e-01
1.227794408798217773e+00,1.482295870780944824e+00
9.672864675521850586e-01,3.105170726776123047e+00
3.985829949378967285e-01,3.949824333190917969e+00
1.268774151802062988e+00,9.634984731674194336e-01
1.895246148109436035e+00,4.976773738861083984e+00
2.405230045318603516e+00,3.026555776596069336e+00
8.021007180213928223e-01,-5.961254984140396118e-02
1.509842514991760254e+00,2.582546949386596680e+00
1.367367148399353027e+00,8.272233009338378906e-01
1.769591927528381348e+00,3.397336304187774658e-01
2.061706036329269409e-01,2.081132650375366211e+00
1.948984503746032715e+00,1.531305551528930664e+00
1.612552285194396973e+00,2.321617126464843750e+00
9.957363009452819824e-01,4.129351615905761719e+00
-6.179924309253692627e-02,1.549484848976135254e+00
1.540299773216247559e+00,-2.763650119304656982e-01
1.344900965690612793e+00,4.472632884979248047e+00
1.394446253776550293e+00,2.181275606155395508e+00
7.418819069862365723e-01,4.700244426727294922e+00
1.132175922393798828e+00,4.675633430480957031e+00
2.111984729766845703e+00,1.696373224258422852e+00
2.132806062698364258e+00,6.653176307678222656e+00
1.534608602523803711e+00,2.314067125320434570e+00
1.890156269073486328e+00,3.682759702205657959e-01
2.242794752120971680e+00,6.504014730453491211e-01
2.090403318405151367e+00,1.859064340591430664e+00
-5.723176002502441406e-01,4.107735157012939453e+00
-1.019367933273315430e+00,1.924686551094055176e+00
1.289715051651000977e+00,2.602645158767700195e+00
-5.866958759725093842e-03,8.894386887550354004e-01
1.731887102127075195e+00,4.883277416229248047e+00
1.147944331169128418e+00,4.757129669189453125e+00
1.520050883293151855e+00,3.139481306076049805e+00
2.196403503417968750e+00,6.339179515838623047e+00
1.857455611228942871e+00,1.729996562004089355e+00
1.610357403755187988e+00,4.678348064422607422e+00
1.396329283714294434e+00,3.957274436950683594e+00
1.652996063232421875e+00,4.726079463958740234e+00
1.126655817031860352e+00,4.539587497711181641e+00
1.480984330177307129e+00,6.037121266126632690e-02
1.541342377662658691e+00,1.758827209472656250e+00
1.473180413246154785e+00,5.470404148101806641e+00
-7.832353711128234863e-01,2.333000898361206055e+00
2.238506793975830078e+00,4.535871982574462891e+00
2.047363281250000000e+00,1.490610837936401367e+00
1.740376949310302734e+00,1.396740078926086426e-01
1.812311857938766479e-01,2.684767246246337891e+00
1.213276386260986328e+00,1.830535173416137695e+00
6.258208751678466797e-01,2.156093835830688477e+00
1.395678281784057617e+00,3.606321334838867188e+00
-8.333142101764678955e-02,2.072397947311401367e+00
1.169857621192932129e+00,1.529417037963867188e+00
1.072121739387512207e+00,1.320612132549285889e-01
1.418053150177001953e+00,3.695368528366088867e+00
1.729107260704040527e+00,4.136565685272216797e+00
1.576651215553283691e+00,1.671224594116210938e+00
7.930341362953186035e-01,2.685266733169555664e+00
1.525357723236083984e+00,1.569219112396240234e+00
1.270605802536010742e+00,3.054433166980743408e-01
1.485666036605834961e+00,2.979540079832077026e-02
4.216625690460205078e-01,2.935919761657714844e+00
2.202919960021972656e+00,3.584369182586669922e+00
1.646093130111694336e+00,1.137758612632751465e+00
1.151156067848205566e+00,8.228035926818847656e+00
9.512265324592590332e-01,1.134388208389282227e+00
1.376061916351318359e+00,1.849007725715637207e+00
2.051010370254516602e+00,2.506124258041381836e+00
1.139783114194869995e-01,1.657911419868469238e+00
9.286074638366699219e-01,8.608126640319824219e-01
2.460277795791625977e+00,2.838837146759033203e+00
1.801334619522094727e+00,1.425185799598693848e+00
1.068959236145019531e+00,4.545718669891357422e+00
1.271314263343811035e+00,4.526611804962158203e+00
1.622127890586853027e+00,1.389750838279724121e+00
1.827090620994567871e+00,4.146641194820404053e-01
2.085572481155395508e+00,6.076710224151611328e+00
1.987722277641296387e+00,2.276412248611450195e+00
6.660770773887634277e-01,2.495943069458007812e+00
1.863554239273071289e+00,5.238967895507812500e+00
1.726430773735046387e+00,4.616373538970947266e+00
-4.255801439285278320e-01,2.381833553314208984e+00
1.602656483650207520e+00,1.645809292793273926e+00
1.802982211112976074e+00,2.714067399501800537e-01
1.807970762252807617e+00,6.623701095581054688e+00
2.093814134597778320e+00,2.850771188735961914e+00
-6.144197583198547363e-01,1.337012648582458496e+00
1.609071373939514160e+00,8.363343238830566406e+00
1.294833272695541382e-01,3.748593091964721680e+00
2.007951974868774414e+00,3.625445842742919922e+00
