1.968870162963867188e+00,5.259967327117919922e+00
2.861349344253540039e+00,1.080911159515380859e+01
1.205088734626770020e+00,1.612571144104003906e+01
6.608654856681823730e-01,2.441341578960418701e-01
1.766847848892211914e+00,1.590458011627197266e+01
1.818617105484008789e+00,1.591243457794189453e+01
2.537692785263061523e+00,1.426551628112792969e+01
1.053422927856445312e+00,2.227394104003906250e+00
1.738147020339965820e+00,3.074186325073242188e+00
2.638432979583740234e+00,7.828335762023925781e+00
1.853135347366333008e+00,5.654177188873291016e+00
1.539693713188171387e+00,1.598388004302978516e+01
1.842752218246459961e+00,1.575723361968994141e+01
2.408107519149780273e+00,7.050177097320556641e+00
2.532202959060668945e+00,1.360983753204345703e+01
-1.411188691854476929e-01,-8.364596962928771973e-02
2.698346853256225586e+00,1.489663314819335938e+01
6.084985733032226562e-01,2.562894225120544434e-01
1.383095502853393555e+00,1.608673286437988281e+01
1.635151505470275879e+00,2.942523658275604248e-01
2.416821241378784180e+00,1.490549278259277344e+01
1.397129178047180176e+00,1.476819515228271484e+00
1.535754442214965820e+00,1.593397235870361328e+01
1.785179495811462402e+00,4.441559314727783203e+00
1.487336158752441406e+00,1.589670467376708984e+01
9.998461008071899414e-01,1.591533899307250977e+00
1.497506618499755859e+00,1.598984622955322266e+01
1.329018235206604004e+00,1.689246416091918945e+00
2.108906745910644531e+00,7.451786518096923828e+00
3.183470964431762695e-01,6.455035880208015442e-03
1.760050415992736816e+00,1.582728767395019531e+01
8.412169218063354492e-01,7.201211452484130859e-01
1.430501341819763184e+00,1.381111526489257812e+01
9.432250857353210449e-01,2.915954351425170898e+00
8.940878510475158691e-01,2.599070072174072266e+00
1.320410251617431641e+00,2.954149723052978516e+00
1.211465120315551758e+00,1.142150282859802246e+00
1.272753357887268066e+00,1.349244832992553711e+00
9.096571207046508789e-01,6.230732202529907227e-01
1.412510871887207031e+00,1.304881811141967773e+00
1.935278654098510742e+00,5.231246471405029297e+00
1.466193437576293945e+00,1.602509498596191406e+01
2.275515794754028320e+00,5.672007083892822266e+00
1.708599805831909180e+00,5.815884113311767578e+00
1.240389347076416016e+00,1.608578491210937500e+01
1.409287691116333008e+00,1.471674442291259766e+00
2.279252052307128906e+00,7.861288547515869141e+00
2.164507627487182617e+00,1.475043773651123047e+01
1.732162952423095703e+00,1.586252880096435547e+01
1.133451938629150391e+00,-5.664307475090026855e-01
2.374846220016479492e+00,1.548544406890869141e+01
2.669826030731201172e+00,1.487144088745117188e+01
1.189758062362670898e+00,8.695862293243408203e-01
1.282153964042663574e+00,6.065840721130371094e-01
2.072067260742187500e+00,1.577338600158691406e+01
2.423833608627319336e+00,1.518743038177490234e+01
1.543737769126892090e+00,6.372295379638671875e+00
2.831742048263549805e+00,1.335818576812744141e+01
1.318149566650390625e+00,1.606196022033691406e+01
1.637208223342895508e+00,1.594036960601806641e+01
1.653454303741455078e+00,1.595136928558349609e+01
2.217911243438720703e+00,1.550539207458496094e+01
2.613664865493774414e+00,9.460746765136718750e+00
2.466720819473266602e+00,1.532923221588134766e+01
1.671628713607788086e+00,5.281573295593261719e+00
2.625994443893432617e+00,1.396262264251708984e+01
6.377391219139099121e-01,4.275104999542236328e+00
1.905391693115234375e+00,1.419195842742919922e+01
1.909774661064147949e+00,3.741254329681396484e+00
1.401497483253479004e+00,1.507934927940368652e+00
1.436787486076354980e+00,6.347549438476562500e+00
1.456597208976745605e+00,1.604494285583496094e+01
2.124228715896606445e+00,1.448428916931152344e+01
1.208598971366882324e+00,8.808093070983886719e+00
2.677114725112915039e+00,1.476577281951904297e+01
2.085351705551147461e+00,1.276064395904541016e+01
2.024714946746826172e+00,8.279232978820800781e+00
1.803622007369995117e+00,1.509563684463500977e+00
1.275241494178771973e+00,9.450474739074707031e+00
2.067346096038818359e+00,1.159103393554687500e+01
2.037345647811889648e+00,1.578038406372070312e+01
1.610074520111083984e+00,1.600375366210937500e+01
1.298788547515869141e+00,1.286559343338012695e+00
9.536129832267761230e-01,3.308189809322357178e-01
1.677890181541442871e+00,1.597722721099853516e+01
1.740736365318298340e+00,7.402051925659179688e+00
1.610569000244140625e+00,3.478195667266845703e+00
1.410536885261535645e+00,7.449150085449218750e+00
6.573422551155090332e-01,2.993373572826385498e-01
1.825249910354614258e+00,1.580415439605712891e+01
1.037555575370788574e+00,4.334750175476074219e+00
1.784806966781616211e+00,8.117590904235839844e+00
2.015510559082031250e+00,1.459858608245849609e+01
1.891939997673034668e+00,9.060393333435058594e+00
1.718023419380187988e+00,2.883585929870605469e+00
1.951514005661010742e+00,9.150479316711425781e+00
1.750016927719116211e+00,2.810115575790405273e+00
2.118587732315063477e+00,1.565585994720458984e+01
1.545160293579101562e+00,1.262553691864013672e+00
2.442145347595214844e+00,1.539521694183349609e+01
8.737708330154418945e-01,9.193526506423950195e-01
2.009857416152954102e+00,1.567895793914794922e+01
1.822591781616210938e+00,1.576596164703369141e+01
1.116905212402343750e+00,2.304449319839477539e+00
2.617828369140625000e+00,1.349939632415771484e+01
1.390804529190063477e+00,6.867006421089172363e-01
1.134705066680908203e+00,1.170626044273376465e+00
1.115458130836486816e+00,1.381759345531463623e-01
1.606858611106872559e+00,2.020231008529663086e+00
1.861233353614807129e+00,8.191290855407714844e+00
1.409407854080200195e+00,4.523996353149414062e+00
1.389008641242980957e+00,1.607765960693359375e+01
9.082773923873901367e-01,2.919121742248535156e+00
9.638119339942932129e-01,3.539949417114257812e+00
2.896684706211090088e-01,1.077877879142761230e-01
2.312388181686401367e+00,9.922143936157226562e+00
1.459872603416442871e+00,6.846555233001708984e+00
1.771777033805847168e+00,6.878825664520263672e+00
1.305627822875976562e+00,5.619853973388671875e+00
7.943260073661804199e-01,1.949128627777099609e+00
6.453552246093750000e-01,7.899802923202514648e-01
2.453622579574584961e+00,1.400753402709960938e+01
1.120062828063964844e+00,5.504194736480712891e+00
1.808080673217773438e+00,1.195484256744384766e+01
1.715954065322875977e+00,9.947515487670898438e+00
7.284539341926574707e-01,3.610204458236694336e+00
2.377622842788696289e+00,1.088385295867919922e+01
2.068647146224975586e+00,1.087699031829833984e+01
1.728565692901611328e+00,1.593208312988281250e+01
2.759335756301879883e+00,1.195261955261230469e+01
1.870637655258178711e+00,1.393554592132568359e+01
1.239510655403137207e+00,1.609667015075683594e+01
1.763265132904052734e+00,1.575801563262939453e+01
1.995245814323425293e+00,8.869123458862304688e+00
1.119562506675720215e+00,6.175627708435058594e-01
1.428908824920654297e+00,4.323791027069091797e+00
1.603300452232360840e+00,1.884327650070190430e+00
8.418216705322265625e-01,4.865851998329162598e-01
1.844759464263916016e+00,8.143156051635742188e+00
1.626585721969604492e+00,1.588848400115966797e+01
2.531790018081665039e+00,1.409891700744628906e+01
1.856976389884948730e+00,6.308152198791503906e+00
1.009730815887451172e+00,4.609189987182617188e+00
2.105427980422973633e+00,1.331337070465087891e+01
2.625048637390136719e+00,7.833490848541259766e+00
1.762960433959960938e+00,4.101973056793212891e+00
1.802712678909301758e+00,4.227433681488037109e+00
2.578893423080444336e+00,1.499077701568603516e+01
1.744020104408264160e+00,1.271914863586425781e+01
2.187651634216308594e+00,1.247463893890380859e+01
1.916553258895874023e+00,1.550052833557128906e+01
2.716214418411254883e+00,1.420619392395019531e+01
1.886858224868774414e+00,1.591891193389892578e+01
1.407901406288146973e+00,7.787478446960449219e+00
1.725750327110290527e+00,4.390473365783691406e+00
4.716682434082031250e-01,1.672901213169097900e-01
1.213183164596557617e+00,8.375271558761596680e-01
2.065376520156860352e+00,6.006411075592041016e+00
1.068129777908325195e+00,6.836722493171691895e-01
1.978916049003601074e+00,1.579679203033447266e+01
1.325508594512939453e+00,1.505051136016845703e+00
7.540199160575866699e-01,2.569511532783508301e-01
7.670491933822631836e-01,6.492364406585693359e-01
8.349120020866394043e-01,3.308740854263305664e+00
2.020639181137084961e+00,1.493510913848876953e+01
1.359162807464599609e+00,-2.673353850841522217e-01
5.862202644348144531e-01,2.140660047531127930e+00
1.765220046043395996e+00,8.014783859252929688e+00
8.565079569816589355e-01,2.811682224273681641e+00
1.212178349494934082e+00,1.495351195335388184e+00
1.848611593246459961e+00,1.550403594970703125e+01
1.113311052322387695e+00,9.830510020256042480e-01
2.085779428482055664e+00,4.494056224822998047e+00
2.261174917221069336e+00,1.567844104766845703e+01
1.552476644515991211e+00,1.100391387939453125e+00
2.827630758285522461e+00,1.466234111785888672e+01
2.423814535140991211e+00,1.493436717987060547e+01
2.078083515167236328e+00,1.528585815429687500e+01
2.544655561447143555e+00,1.239589786529541016e+01
1.850512742996215820e+00,1.536524486541748047e+01
2.182588100433349609e+00,1.479176044464111328e+01
5.206155180931091309e-01,3.943529427051544189e-01
1.184799432754516602e+00,2.381631374359130859e+00
1.796644687652587891e+00,9.012827873229980469e-01
1.222933411598205566e+00,7.507122516632080078e+00
1.204970359802246094e+00,1.090110540390014648e-01
2.219528198242187500e+00,1.428816890716552734e+01
1.521781563758850098e+00,7.596771717071533203e+00
1.225221514701843262e+00,4.132959842681884766e+00
2.074530601501464844e+00,1.549144268035888672e+01
2.163779020309448242e+00,1.163284492492675781e+01
1.274850606918334961e+00,2.454281330108642578e+00
1.819922566413879395e+00,1.580329418182373047e+01
1.449930667877197266e+00,2.779056310653686523e+00
1.488695383071899414e+00,6.441557407379150391e-01
1.454244136810302734e+00,1.092462539672851562e+00
1.402372598648071289e+00,3.083387851715087891e+00
1.436420321464538574e+00,6.770893573760986328e+00
1.952839255332946777e+00,5.798076152801513672e+00
1.814650297164916992e+00,1.582294178009033203e+01
1.041564226150512695e+00,2.207551956176757812e+00
2.641724348068237305e+00,1.918194055557250977e+00
4.760676324367523193e-01,1.940997362136840820e+00
1.144122958183288574e+00,3.490646839141845703e+00
2.109578847885131836e+00,5.638786792755126953e+00
2.010386705398559570e+00,1.580319118499755859e+01
1.083231687545776367e+00,5.832126140594482422e-01
9.068050980567932129e-01,-1.732219159603118896e-01
1.174444675445556641e+00,2.305329799652099609e+00
2.171190261840820312e+00,5.619663715362548828e+00
1.788613557815551758e+00,2.771011114120483398e+00
1.493168950080871582e+00,1.440684795379638672e+00
9.765397310256958008e-01,8.227462768554687500e-01
1.870809912681579590e+00,9.544997215270996094e+00
1.376068115234375000e+00,7.566086292266845703e+00
1.946703791618347168e+00,1.102393627166748047e+01
2.089600801467895508e+00,1.405005455017089844e+01
8.288939595222473145e-01,3.170559704303741455e-01
2.047648668289184570e+00,8.723508834838867188e+00
1.739699125289916992e+00,1.585374832153320312e+01
9.329299926757812500e-01,1.063214397430419922e+01
1.559026360511779785e+00,1.596665143966674805e+00
2.343395948410034180e+00,7.996127128601074219e+00
1.639942407608032227e+00,5.866919040679931641e+00
1.491547584533691406e+00,4.676809310913085938e+00
1.590521574020385742e+00,9.651590347290039062e+00
7.637082040309906006e-02,-1.053081750869750977e-01
1.906299591064453125e+00,1.583879566192626953e+01
1.607783317565917969e+00,1.599307346343994141e+01
1.428583860397338867e+00,1.590097618103027344e+01
9.204446077346801758e-01,3.010120153427124023e+00
2.041363954544067383e+00,1.572040939331054688e+01
1.457985997200012207e+00,4.186969280242919922e+00
2.135285615921020508e+00,8.207642555236816406e+00
2.253524541854858398e+00,1.508291339874267578e+01
1.006646871566772461e+00,6.121131181716918945e-01
2.216194152832031250e+00,1.528946399688720703e+01
1.279635787010192871e+00,2.247907161712646484e+00
1.865734815597534180e+00,1.392872142791748047e+01
1.895513415336608887e+00,1.460837745666503906e+01
1.910291552543640137e+00,1.579212093353271484e+01
8.432821631431579590e-01,3.673923015594482422e+00
1.268133282661437988e+00,2.897006273269653320e+00
9.099419713020324707e-01,8.934006094932556152e-02
1.925359725952148438e+00,1.577760314941406250e+01
1.796582221984863281e+00,1.582750892639160156e+01
1.425127983093261719e+00,2.466166496276855469e+00
1.465979576110839844e+00,2.132212638854980469e+00
1.501957893371582031e+00,8.438408374786376953e-01
1.915698051452636719e+00,6.144690036773681641e+00
2.459525823593139648e+00,1.391292858123779297e+01
2.522318124771118164e+00,1.515928363800048828e+01
1.361029386520385742e+00,2.486743688583374023e+00
1.212298631668090820e+00,7.361755371093750000e+00
1.809823632240295410e+00,6.884460926055908203e+00
4.546816945075988770e-01,6.486239910125732422e+00
7.318658232688903809e-01,6.957048177719116211e-01
7.003635764122009277e-01,2.682157278060913086e+00
7.245346903800964355e-01,3.565530300140380859e+00
1.500447154045104980e+00,8.876811027526855469e+00
2.663624048233032227e+00,5.707588195800781250e+00
1.963695526123046875e+00,2.017028808593750000e+00
1.517827272415161133e+00,4.125503540039062500e+00
1.230367064476013184e+00,5.018425464630126953e+00
1.539849877357482910e+00,2.387627601623535156e+00
1.970516681671142578e+00,1.073741340637207031e+01
2.464259624481201172e+00,1.522770977020263672e+01
8.848678469657897949e-01,2.696904659271240234e+00
5.569335222244262695e-01,1.548047542572021484e+00
2.167093276977539062e+00,1.299392223358154297e+01
2.014070510864257812e+00,1.574452018737792969e+01
1.228446841239929199e+00,7.421170473098754883e-01
1.570112347602844238e+00,3.186527013778686523e+00
1.603573083877563477e+00,1.599798297882080078e+01
2.242899656295776367e+00,3.573946952819824219e+00
1.178703546524047852e+00,2.393739223480224609e+00
2.180323839187622070e+00,3.771125793457031250e+00
9.306805729866027832e-01,2.670120239257812500e+00
1.524241924285888672e+00,2.095578670501708984e+00
1.566157102584838867e+00,4.287198543548583984e+00
5.214366912841796875e-01,6.117078661918640137e-01
1.216592073440551758e+00,4.852347850799560547e+00
1.374610185623168945e+00,3.080456256866455078e+00
2.397597789764404297e+00,9.746884346008300781e+00
1.834441423416137695e+00,1.584770679473876953e+01
1.667855024337768555e+00,1.596775150299072266e+01
1.977799177169799805e+00,7.138052940368652344e+00
1.253917932510375977e+00,4.041172981262207031e+00
2.150734901428222656e+00,1.005319309234619141e+01
1.399922847747802734e+00,7.666543960571289062e+00
1.842910170555114746e+00,1.588704586029052734e+01
1.513580918312072754e+00,7.216146945953369141e+00
2.146874427795410156e+00,1.559374237060546875e+01
2.567111253738403320e+00,1.242188835144042969e+01
1.572356700897216797e+00,1.598947238922119141e+01
1.932711839675903320e+00,1.873406767845153809e+00
6.994262337684631348e-01,5.296721458435058594e-01
1.203953981399536133e+00,7.157456874847412109e-01
1.558821082115173340e+00,1.599267673492431641e+01
1.244016885757446289e+00,1.030631184577941895e+00
2.219156503677368164e+00,1.544798374176025391e+01
1.169242024421691895e+00,7.363397479057312012e-01
1.331406593322753906e+00,1.602142524719238281e+01
1.850741505622863770e+00,2.526500225067138672e+00
1.649603247642517090e+00,1.434776401519775391e+01
1.602358818054199219e+00,1.664267420768737793e+00
1.173802852630615234e+00,2.967937231063842773e+00
2.501984119415283203e+00,1.479232883453369141e+01
2.358026266098022461e+00,1.499833869934082031e+01
1.958849072456359863e+00,7.707522869110107422e+00
1.933031320571899414e+00,3.680541038513183594e+00
2.176571130752563477e+00,8.806020736694335938e+00
2.338781356811523438e+00,1.377667045593261719e+01
2.144897222518920898e+00,1.229638576507568359e+01
2.680029153823852539e+00,1.480990886688232422e+01
1.775347590446472168e+00,1.583194255828857422e+01
2.328152418136596680e+00,1.136066150665283203e+01
1.239378690719604492e+00,1.607351112365722656e+01
2.268748044967651367e+00,1.526079368591308594e+01
6.748215556144714355e-01,5.142944455146789551e-01
2.214220285415649414e+00,1.490659809112548828e+01
2.710268259048461914e+00,1.443163108825683594e+01
2.090605735778808594e+00,1.576107120513916016e+01
1.705699563026428223e+00,6.444018363952636719e+00
1.034926652908325195e+00,2.136995494365692139e-01
2.319575697183609009e-01,1.807273387908935547e+00
2.751139402389526367e+00,1.318929958343505859e+01
2.026001691818237305e+00,1.568787288665771484e+01
2.074105739593505859e+00,1.503658199310302734e+01
1.948919057846069336e+00,2.033078670501708984e+00
1.912214279174804688e+00,3.805738449096679688e+00
1.582286477088928223e+00,1.599375629425048828e+01
1.403871059417724609e+00,5.139190673828125000e+00
2.734183549880981445e+00,1.350391483306884766e+01
1.898465037345886230e+00,8.573158264160156250e+00
1.504254341125488281e+00,3.826211094856262207e-01
1.543941736221313477e+00,2.399099826812744141e+00
1.949684858322143555e+00,1.566535663604736328e+01
2.232950925827026367e+00,2.122375011444091797e+00
1.642694830894470215e+00,1.033873915672302246e+00
2.231940746307373047e+00,7.918204784393310547e+00
1.374709606170654297e+00,4.172843933105468750e+00
1.738160371780395508e+00,1.273941993713378906e+00
1.475913047790527344e+00,3.354641437530517578e+00
2.532637357711791992e+00,4.633964538574218750e+00
1.965374469757080078e+00,1.571103763580322266e+01
1.295350670814514160e+00,3.916238248348236084e-01
2.782455205917358398e+00,8.762617111206054688e+00
1.775079250335693359e+00,1.582063007354736328e+01
1.096444129943847656e+00,7.916099071502685547e+00
2.395376205444335938e+00,1.534700202941894531e+01
1.033998608589172363e+00,6.229662418365478516e+00
1.539178013801574707e+00,8.692452430725097656e+00
1.717227220535278320e+00,2.854615211486816406e+00
2.178285360336303711e+00,1.475895214080810547e+01
1.007131814956665039e+00,4.530456960201263428e-01
1.227736234664916992e+00,2.799638271331787109e+00
2.262613773345947266e+00,9.912557601928710938e+00
1.822488188743591309e+00,5.494932651519775391e+00
1.566298961639404297e+00,7.783258914947509766e+00
1.949247360229492188e+00,1.572495174407958984e+01
2.392673492431640625e+00,1.540802478790283203e+01
1.712176084518432617e+00,1.593967247009277344e+01
1.530421495437622070e+00,1.556317448616027832e+00
1.902685403823852539e+00,1.579235172271728516e+01
1.519940614700317383e+00,1.171986484527587891e+01
1.153946757316589355e+00,1.496939182281494141e+00
2.233850717544555664e+00,9.418751716613769531e+00
1.485821008682250977e+00,6.639666080474853516e+00
1.361583113670349121e+00,3.109595060348510742e+00
1.760010600090026855e+00,7.568809509277343750e+00
1.356475353240966797e+00,2.709255218505859375e+00
2.022541522979736328e+00,6.045481681823730469e+00
1.681765556335449219e+00,2.252420425415039062e+00
1.609893560409545898e+00,4.608031749725341797e+00
1.961327314376831055e+00,1.572864437103271484e+01
1.664489030838012695e+00,4.476544857025146484e+00
1.779612660408020020e+00,1.588355827331542969e+01
1.769641399383544922e+00,1.595965099334716797e+01
1.117430329322814941e+00,7.423620223999023438e+00
2.071473836898803711e+00,9.495953559875488281e+00
1.713319778442382812e+00,1.594777202606201172e+01
2.137439012527465820e+00,1.199307346343994141e+01
1.213822960853576660e+00,6.485608577728271484e+00
2.184038162231445312e+00,1.563608932495117188e+01
1.538570642471313477e+00,1.597549438476562500e+01
4.403410553932189941e-01,1.503515429794788361e-02
2.216320753097534180e+00,1.543271732330322266e+01
1.101303458213806152e+00,4.723019123077392578e+00
1.532845139503479004e+00,2.480418443679809570e+00
1.807255983352661133e+00,1.589886283874511719e+01
2.624717712402343750e+00,1.466907978057861328e+01
9.743286967277526855e-01,6.199469566345214844e-01
1.858997583389282227e+00,1.578937530517578125e+01
1.597034215927124023e+00,8.726226687431335449e-01
2.073470115661621094e+00,8.297821998596191406e+00
1.874031066894531250e+00,1.582239723205566406e+01
2.010152578353881836e+00,1.573726367950439453e+01
1.278574943542480469e+00,3.226032733917236328e+00
1.535070180892944336e+00,1.599037456512451172e+01
1.435310363769531250e+00,2.377273082733154297e+00
2.143523693084716797e+00,1.549785518646240234e+01
1.758509635925292969e+00,5.745572566986083984e+00
1.485955476760864258e+00,1.990035295486450195e+00
1.299122333526611328e+00,7.369701862335205078e-01
1.898776292800903320e+00,4.191742420196533203e+00
2.175993680953979492e+00,9.957262039184570312e+00
1.310770511627197266e+00,2.307740211486816406e+00
1.940039873123168945e+00,2.378381967544555664e+00
1.094435691833496094e+00,1.610534095764160156e+01
1.217974662780761719e+00,2.804550647735595703e+00
2.002354860305786133e+00,1.535053443908691406e+01
2.338131189346313477e+00,1.003512096405029297e+01
1.764395952224731445e+00,4.262221455574035645e-01
1.906450510025024414e+00,1.539877414703369141e+01
1.627799034118652344e+00,8.395510673522949219e+00
2.718428373336791992e+00,9.914660453796386719e+00
1.525804638862609863e+00,9.257008552551269531e+00
1.471902966499328613e+00,9.959534406661987305e-01
1.502295732498168945e+00,5.580569505691528320e-01
1.917065382003784180e+00,7.000370502471923828e+00
1.550488233566284180e+00,1.354487419128417969e+00
1.090067148208618164e+00,1.863100051879882812e+00
2.520899057388305664e+00,7.600087642669677734e+00
2.481702089309692383e+00,1.003850841522216797e+01
9.215502738952636719e-01,4.287897646427154541e-01
1.904982566833496094e+00,1.550850200653076172e+01
1.129531860351562500e+00,6.021760106086730957e-01
7.833561301231384277e-01,-1.977804116904735565e-02
2.025741815567016602e+00,7.131500244140625000e-01
1.875685572624206543e+00,1.585182476043701172e+01
2.437664270401000977e+00,1.506690597534179688e+01
1.329011559486389160e+00,2.518731355667114258e-01
1.454193592071533203e+00,1.737773656845092773e+00
2.034789085388183594e+00,1.572416687011718750e+01
2.358042001724243164e+00,8.942538261413574219e+00
1.428359270095825195e+00,3.206542491912841797e+00
2.548413991928100586e+00,1.504903697967529297e+01
1.663283348083496094e+00,1.488382053375244141e+01
1.535683631896972656e+00,5.768085956573486328e+00
2.931116342544555664e+00,9.556228637695312500e+00
7.023821473121643066e-01,4.477796852588653564e-01
1.290797352790832520e+00,9.137412309646606445e-01
1.334515452384948730e+00,3.962374687194824219e+00
1.508992671966552734e+00,2.417195796966552734e+00
1.383863210678100586e+00,4.118467807769775391e+00
1.835157275199890137e+00,8.246340751647949219e+00
2.015799760818481445e+00,1.549059581756591797e+01
1.107199668884277344e+00,1.881078958511352539e+00
2.199399709701538086e+00,3.892777204513549805e+00
9.828448891639709473e-01,3.793982028961181641e+00
1.718495130538940430e+00,1.585687160491943359e+01
1.558961272239685059e+00,8.323166847229003906e+00
2.278435468673706055e+00,1.563087368011474609e+01
1.254023075103759766e+00,6.918771266937255859e-01
1.632988095283508301e+00,1.086628675460815430e+00
1.590074896812438965e+00,4.764534950256347656e+00
1.519523978233337402e+00,9.469428062438964844e+00
1.809610962867736816e+00,1.232259464263916016e+01
9.717752337455749512e-01,1.159070014953613281e+00
1.401762485504150391e+00,1.609132575988769531e+01
1.761076331138610840e+00,9.990229606628417969e-01
1.739418387413024902e+00,9.723875999450683594e+00
1.353035211563110352e+00,1.339572906494140625e+00
1.514441490173339844e+00,5.220251560211181641e+00
1.676992297172546387e+00,8.061090469360351562e+00
1.552941083908081055e+00,5.976962566375732422e+00
1.413073778152465820e+00,1.600433731079101562e+01
6.847000122070312500e-01,7.620593905448913574e-02
1.851501941680908203e+00,1.523136901855468750e+01
1.727998495101928711e+00,1.576346683502197266e+01
1.759832143783569336e+00,3.250161409378051758e+00
1.839032411575317383e+00,1.579703426361083984e+01
2.225899696350097656e+00,9.975546836853027344e+00
1.656971812248229980e+00,1.592644596099853516e+01
1.150183916091918945e+00,8.153553009033203125e+00
1.535182595252990723e+00,3.772500038146972656e+00
2.116961479187011719e+00,1.553091812133789062e+01
1.914364337921142578e+00,1.027735805511474609e+01
1.845685482025146484e+00,7.471686840057373047e+00
2.416193008422851562e+00,1.466405773162841797e+01
1.413813114166259766e+00,7.815706729888916016e-01
1.510677576065063477e+00,1.604561042785644531e+01
1.814687490463256836e+00,1.579226875305175781e+01
5.048874020576477051e-01,3.622420430183410645e-01
1.935703158378601074e+00,7.010134220123291016e+00
1.370294451713562012e+00,7.661469578742980957e-01
1.555458426475524902e+00,1.590033245086669922e+01
9.344992041587829590e-01,1.395986378192901611e-01
1.388785243034362793e+00,3.490634918212890625e+00
1.749242305755615234e+00,7.351090431213378906e+00
1.581992268562316895e+00,1.598558139801025391e+01
1.044756174087524414e+00,4.589296281337738037e-01
1.857903242111206055e+00,6.124221086502075195e-01
1.333127021789550781e+00,8.101611137390136719e-01
1.909314155578613281e+00,1.589623737335205078e+01
2.058306455612182617e+00,9.553686141967773438e+00
9.009587168693542480e-01,6.088584661483764648e-01
2.149347782135009766e+00,1.092114639282226562e+01
2.461303472518920898e+00,1.459326171875000000e+01
1.834699630737304688e+00,1.583346080780029297e+01
1.363568782806396484e+00,4.237661838531494141e+00
2.656152486801147461e+00,1.509906864166259766e+01
1.321363687515258789e+00,2.312279224395751953e+00
7.330873608589172363e-01,5.003160834312438965e-01
2.046862602233886719e+00,1.565946769714355469e+01
1.611765146255493164e+00,1.585235309600830078e+01
1.375420093536376953e+00,2.723308205604553223e-01
3.004487752914428711e+00,1.313625812530517578e+01
1.734851598739624023e+00,1.535489082336425781e+01
1.297325730323791504e+00,8.532495498657226562e+00
1.567681670188903809e+00,6.877852916717529297e+00
2.626586198806762695e+00,1.034169101715087891e+01
1.274443626403808594e+00,5.768469333648681641e+00
1.896396875381469727e+00,1.571044540405273438e+01
5.693188309669494629e-01,1.388124942779541016e+00
1.439769744873046875e+00,6.793310165405273438e+00
1.922959089279174805e+00,6.217765331268310547e+00
1.691858768463134766e+00,1.588521575927734375e+01
1.409593105316162109e+00,4.230503082275390625e+00
2.398298025131225586e+00,1.534718990325927734e+01
8.181520104408264160e-01,1.648116111755371094e+00
1.694971799850463867e+00,1.587809467315673828e+01
7.729045748710632324e-01,2.298937320709228516e+00
2.546938180923461914e+00,1.336788272857666016e+01
2.033618688583374023e+00,1.467594146728515625e+01
2.257164001464843750e+00,1.551893711090087891e+01
1.448899507522583008e+00,2.475573539733886719e+00
1.736951351165771484e+00,1.581112384796142578e+01
1.631104707717895508e+00,6.699867725372314453e+00
2.283802747726440430e+00,1.519094085693359375e+01
1.350236654281616211e+00,2.894687891006469727e+00
2.912279844284057617e+00,1.312308597564697266e+01
1.460582375526428223e+00,6.749482154846191406e-01
2.067136049270629883e+00,1.554953193664550781e+01
1.705783605575561523e+00,1.401448607444763184e+00
1.045483827590942383e+00,1.849024772644042969e+00
1.836707592010498047e+00,5.773579120635986328e+00
1.734365224838256836e+00,1.590698814392089844e+01
1.462062478065490723e+00,1.599208545684814453e+01
2.017081499099731445e+00,4.710146427154541016e+00
1.794751167297363281e+00,1.590607166290283203e+01
1.669041872024536133e+00,4.152425289154052734e+00
1.807060241699218750e+00,1.147141742706298828e+01
1.509802818298339844e+00,4.109301567077636719e+00
2.179415702819824219e+00,1.575000858306884766e+01
9.703176617622375488e-01,1.775632619857788086e+00
2.658837080001831055e+00,1.440843868255615234e+01
2.313488721847534180e+00,1.514590358734130859e+01
1.696938991546630859e+00,1.517331027984619141e+01
1.546927452087402344e+00,8.279380202293395996e-01
2.270773649215698242e+00,4.800487041473388672e+00
2.102799892425537109e+00,1.558802127838134766e+01
1.964129686355590820e+00,-1.910251192748546600e-02
1.441152215003967285e+00,3.074991226196289062e+00
1.193996548652648926e+00,4.693342685699462891e+00
2.339169979095458984e+00,1.448469161987304688e+01
1.108194112777709961e+00,4.183305799961090088e-01
1.355944991111755371e+00,1.496506929397583008e+00
1.841178655624389648e+00,1.586753273010253906e+01
2.363182783126831055e+00,1.515378093719482422e+01
1.738742113113403320e+00,1.595395946502685547e+01
6.893768906593322754e-01,4.575282633304595947e-01
1.836656332015991211e+00,1.587499904632568359e+01
2.326869010925292969e+00,1.275361728668212891e+01
1.053641200065612793e+00,5.262337923049926758e-01
2.236511945724487305e+00,1.376050281524658203e+01
2.177684307098388672e+00,1.538374423980712891e+01
4.728469848632812500e-01,4.695811748504638672e+00
1.816818118095397949e+00,9.379967689514160156e+00
1.887093901634216309e+00,8.912535667419433594e+00
2.531332492828369141e+00,1.381200313568115234e+01
2.435673713684082031e+00,6.703135013580322266e+00
1.893889665603637695e+00,3.900622367858886719e+00
2.505357027053833008e+00,1.309330844879150391e+01
6.927907466888427734e-01,9.805606603622436523e-01
1.626087427139282227e+00,6.664618015289306641e+00
2.223932504653930664e+00,1.163998317718505859e+01
2.032936573028564453e+00,1.221656131744384766e+01
2.184771299362182617e+00,1.568420124053955078e+01
1.977550506591796875e+00,2.812612056732177734e+00
1.549468874931335449e+00,-1.208297908306121826e-01
1.805967926979064941e+00,1.343557119369506836e+00
-2.213426399976015091e-03,7.520388364791870117e-01
1.068787217140197754e+00,5.674757361412048340e-01
1.103304386138916016e+00,3.693491935729980469e+00
1.232524514198303223e+00,3.253430366516113281e+00
1.510271310806274414e+00,1.595732784271240234e+01
8.558754324913024902e-01,4.258719921112060547e+00
1.914270162582397461e+00,3.970117330551147461e+00
1.668580293655395508e+00,2.202748060226440430e+00
1.785858392715454102e+00,5.554368019104003906e+00
1.097723603248596191e+00,3.585287094116210938e+00
1.776712179183959961e+00,1.580287456512451172e+01
1.085543036460876465e+00,1.611108779907226562e+01
1.456650376319885254e+00,1.003318023681640625e+01
1.052904725074768066e+00,2.004108667373657227e+00
1.840198278427124023e+00,1.581829738616943359e+01
2.106284379959106445e+00,1.558004951477050781e+01
2.128403663635253906e+00,1.556271553039550781e+01
2.252486944198608398e+00,6.508699893951416016e+00
1.547435760498046875e+00,5.339699745178222656e+00
1.254474520683288574e+00,4.240680217742919922e+00
1.384010195732116699e+00,7.731735706329345703e-01
2.399430274963378906e+00,9.631970405578613281e+00
2.116395950317382812e+00,8.463316917419433594e+00
2.565051794052124023e+00,1.168902587890625000e+01
5.997775793075561523e-01,3.500980138778686523e+00
1.123139977455139160e+00,5.510948896408081055e-01
1.203755378723144531e+00,5.735461711883544922e+00
2.324800491333007812e+00,1.537164211273193359e+01
2.827606916427612305e+00,1.349160289764404297e+01
6.333696246147155762e-01,5.720372796058654785e-01
1.890928983688354492e+00,4.910984039306640625e+00
2.041507720947265625e+00,1.573802661895751953e+01
1.019577264785766602e+00,2.353543229401111603e-02
9.830741882324218750e-01,6.073847413063049316e-02
1.328359603881835938e+00,1.884695053100585938e+00
9.194160699844360352e-01,1.687169969081878662e-01
9.175779223442077637e-01,1.854914128780364990e-01
2.288886308670043945e+00,1.556090831756591797e+01
1.287887811660766602e+00,2.677412986755371094e+00
9.142257571220397949e-01,1.297851800918579102e+00
1.245564222335815430e+00,2.051627822220325470e-02
1.365821242332458496e+00,9.419305920600891113e-01
2.105767011642456055e+00,1.567508983612060547e+01
2.061804533004760742e+00,1.862955570220947266e+00
2.015909910202026367e+00,1.681287050247192383e+00
1.247111439704895020e+00,2.047485828399658203e+00
2.765732288360595703e+00,1.492503547668457031e+01
1.510517001152038574e+00,1.014594793319702148e+00
1.933919191360473633e+00,1.566562271118164062e+01
9.338223338127136230e-01,2.385379374027252197e-01
1.502295732498168945e+00,1.598178482055664062e+01
1.595690727233886719e+00,1.596361923217773438e+01
1.550178289413452148e+00,1.594688129425048828e+01
1.735011339187622070e+00,1.580852603912353516e+01
9.550611972808837891e-01,6.457219123840332031e-01
2.457339525222778320e+00,1.506648921966552734e+01
1.042310714721679688e+00,1.286717772483825684e+00
1.654232501983642578e+00,9.034317016601562500e+00
-3.658116608858108521e-02,-1.422756724059581757e-02
2.327153205871582031e+00,1.462863159179687500e+01
2.341209173202514648e+00,1.286250209808349609e+01
1.234248638153076172e+00,6.148887157440185547e+00
1.992300748825073242e+00,1.370097827911376953e+01
3.162449896335601807e-01,2.393415868282318115e-01
1.505601644515991211e+00,1.606008529663085938e+01
1.322536349296569824e+00,2.462683677673339844e+00
1.507864236831665039e+00,4.430331707000732422e+00
2.330637454986572266e+00,1.542608070373535156e+01
1.545911669731140137e+00,3.138985395431518555e+00
1.324093699455261230e+00,3.470519304275512695e+00
1.816777706146240234e+00,1.587373638153076172e+01
1.755667448043823242e+00,1.202559757232666016e+01
1.992135763168334961e+00,4.767765522003173828e+00
1.817570209503173828e+00,4.915390014648437500e+00
8.035218119621276855e-01,2.041720151901245117e+00
1.990034937858581543e+00,9.131701469421386719e+00
2.572300910949707031e+00,6.131398677825927734e+00
1.532841563224792480e+00,1.605049705505371094e+01
8.025985360145568848e-01,-1.538960263133049011e-03
2.739315509796142578e+00,1.337464809417724609e+01
1.295823097229003906e+00,1.806369543075561523e+00
1.821568012237548828e+00,7.204741835594177246e-01
1.882742643356323242e+00,3.225364208221435547e+00
1.895856142044067383e+00,1.165296077728271484e+00
1.662560701370239258e+00,5.581919670104980469e+00
2.242142915725708008e+00,1.561933040618896484e+01
1.212168693542480469e+00,7.987523555755615234e+00
2.038410186767578125e+00,6.953969478607177734e+00
1.492299795150756836e+00,3.104517221450805664e+00
1.889688849449157715e+00,7.659080505371093750e+00
1.424613714218139648e+00,4.368775844573974609e+00
2.565754652023315430e-01,4.299301207065582275e-01
1.538987159729003906e+00,1.598873805999755859e+01
1.558336496353149414e+00,3.209504127502441406e+00
1.532956838607788086e+00,5.107038974761962891e+00
1.260736227035522461e+00,4.504633903503417969e+00
1.493881583213806152e+00,3.276299476623535156e+00
1.892242789268493652e+00,1.575221729278564453e+01
1.679952621459960938e+00,1.594057559967041016e+01
1.889803767204284668e+00,1.446053695678710938e+01
1.257004499435424805e+00,1.518712341785430908e-01
1.636342287063598633e+00,3.828795671463012695e+00
9.750769734382629395e-01,1.427954316139221191e+00
1.862536668777465820e+00,1.587037277221679688e+01
1.689817309379577637e+00,1.580271530151367188e+01
2.028142452239990234e+00,1.103783130645751953e+01
2.244068861007690430e+00,1.132131767272949219e+01
2.295470952987670898e+00,1.534844493865966797e+01
2.407218694686889648e+00,1.181838321685791016e+01
1.905366301536560059e+00,2.504244327545166016e+00
2.547083139419555664e+00,1.251547050476074219e+01
1.096430420875549316e+00,1.906661272048950195e+00
1.997432708740234375e+00,1.576409626007080078e+01
1.873704195022583008e+00,1.568677425384521484e+01
1.689929962158203125e+00,8.722842216491699219e+00
1.193486094474792480e+00,5.969868302345275879e-01
1.907731175422668457e+00,8.955974578857421875e+00
9.870924353599548340e-01,1.511004805564880371e+00
1.521237611770629883e+00,1.905872821807861328e+00
1.886290788650512695e+00,1.581210613250732422e+01
2.497412919998168945e+00,1.526837158203125000e+01
1.882949709892272949e+00,5.350760936737060547e+00
9.603869915008544922e-01,7.686786651611328125e-01
1.874032855033874512e+00,8.421580314636230469e+00
1.337970376014709473e+00,2.035148382186889648e+00
2.279640674591064453e+00,3.912098884582519531e+00
8.424484729766845703e-01,2.304311513900756836e+00
1.346046209335327148e+00,3.959963023662567139e-01
1.960519313812255859e+00,8.552646636962890625e-01
1.985174417495727539e+00,5.013391971588134766e-01
1.753028154373168945e+00,1.146578502655029297e+01
2.262045860290527344e+00,1.554104709625244141e+01
1.786694169044494629e+00,1.600351524353027344e+01
1.097355604171752930e+00,4.050914943218231201e-01
1.258509397506713867e+00,9.378228187561035156e-01
1.859022021293640137e+00,1.587332916259765625e+01
2.256920576095581055e+00,1.549792003631591797e+01
7.463231682777404785e-01,3.300878703594207764e-01
1.313531756401062012e+00,7.225993871688842773e-01
1.297420263290405273e+00,9.864330291748046875e-01
2.160788774490356445e+00,9.555705070495605469e+00
2.207180500030517578e+00,1.559706687927246094e+01
2.157224416732788086e+00,1.558488082885742188e+01
1.520439386367797852e+00,8.004128456115722656e+00
2.045574426651000977e+00,1.541933059692382812e+01
1.910520076751708984e+00,4.018198013305664062e+00
1.740853071212768555e+00,1.589206790924072266e+01
1.838493108749389648e+00,1.478473949432373047e+01
1.284327387809753418e+00,1.022091865539550781e+00
8.031478524208068848e-01,2.597806155681610107e-01
2.304519176483154297e+00,1.488784885406494141e+01
2.553084611892700195e+00,1.506670570373535156e+01
2.312887907028198242e+00,1.542382526397705078e+01
8.037621378898620605e-01,1.870200484991073608e-01
1.347553133964538574e+00,1.613213539123535156e+01
1.317397236824035645e+00,2.326362371444702148e+00
1.552581548690795898e+00,1.597318553924560547e+01
7.510825991630554199e-01,1.667032599449157715e+00
2.430728197097778320e+00,1.444687557220458984e+01
2.892760038375854492e+00,5.473979473114013672e+00
1.697419881820678711e+00,5.395796298980712891e+00
2.142515659332275391e+00,6.104076862335205078e+00
1.550974369049072266e+00,1.587006378173828125e+01
1.921610951423645020e+00,1.575679969787597656e+01
1.082343459129333496e+00,4.767807722091674805e-01
3.116427183151245117e+00,6.678107738494873047e+00
2.493552684783935547e+00,1.227850532531738281e+01
1.552682161331176758e+00,3.184676170349121094e+00
2.573616743087768555e+00,1.307382392883300781e+01
8.667239546775817871e-01,2.631725072860717773e+00
1.920325756072998047e+00,4.229298114776611328e+00
1.110851168632507324e+00,4.959602653980255127e-01
1.610904455184936523e+00,3.695668220520019531e+00
1.831664681434631348e+00,1.131469535827636719e+01
1.431764721870422363e+00,4.264601469039916992e-01
1.739727258682250977e+00,1.584838581085205078e+01
1.800570726394653320e+00,1.575253200531005859e+01
7.696233391761779785e-01,7.838037610054016113e-02
2.812726259231567383e+00,1.243913745880126953e+01
2.421716451644897461e+00,1.416414356231689453e+01
1.679263830184936523e+00,1.588951110839843750e+01
2.158322811126708984e+00,5.811195373535156250e-01
1.654610872268676758e+00,1.595133495330810547e+01
9.441403746604919434e-01,-3.597760200500488281e-02
7.035499811172485352e-01,7.618281841278076172e-01
1.882938385009765625e+00,2.276951313018798828e+00
2.082206487655639648e+00,1.498756694793701172e+01
6.761716008186340332e-01,4.615933418273925781e+00
1.840428113937377930e+00,6.618925929069519043e-01
1.716543674468994141e+00,1.600403404235839844e+01
2.633818864822387695e+00,1.106189632415771484e+01
2.297985792160034180e+00,1.485769748687744141e+01
2.762531995773315430e+00,1.278912639617919922e+01
2.662018835544586182e-01,1.261564493179321289e-01
8.176227807998657227e-01,5.681822299957275391e-01
1.521121025085449219e+00,1.136514377593994141e+01
2.166220188140869141e+00,1.037201404571533203e+01
1.865000367164611816e+00,9.753650665283203125e+00
1.489568710327148438e+00,1.598781204223632812e+01
2.355079889297485352e+00,7.685836315155029297e+00
1.721664905548095703e+00,4.409134387969970703e+00
4.206397831439971924e-01,1.964923381805419922e+00
1.892050743103027344e+00,1.572303676605224609e+01
2.042392969131469727e+00,1.569556331634521484e+01
-1.797247827053070068e-01,6.201257705688476562e-01
2.196319341659545898e+00,2.916579961776733398e+00
1.479344725608825684e+00,2.474386215209960938e+00
7.419740557670593262e-01,1.180031299591064453e+01
2.688766241073608398e+00,1.486450290679931641e+01
1.358355045318603516e+00,1.200134634971618652e+00
1.571167230606079102e+00,1.485435009002685547e+00
2.276968240737915039e+00,7.593024730682373047e+00
1.917331695556640625e+00,1.577589702606201172e+01
2.183480024337768555e+00,8.452805519104003906e+00
3.333000898361206055e+00,1.223705101013183594e+01
2.034890890121459961e+00,1.576983547210693359e+01
2.196668386459350586e+00,1.545429420471191406e+01
1.528457403182983398e+00,1.590454578399658203e+01
2.057792186737060547e+00,1.561651611328125000e+01
2.223409891128540039e+00,8.420053482055664062e+00
1.892643213272094727e+00,1.573976421356201172e+01
1.721211314201354980e+00,6.733926296234130859e+00
1.504262685775756836e+00,1.601048851013183594e+01
2.767706632614135742e+00,1.490600872039794922e+01
1.286992788314819336e+00,4.881809234619140625e+00
2.030735731124877930e+00,1.255248832702636719e+01
1.903504252433776855e+00,3.164845705032348633e+00
1.264978170394897461e+00,4.325062274932861328e+00
2.810959100723266602e+00,1.511987209320068359e+01
1.845001935958862305e+00,1.577019405364990234e+01
2.427831888198852539e+00,1.383014965057373047e+01
2.027123689651489258e+00,1.032117557525634766e+01
1.850389242172241211e+00,2.478405714035034180e+00
3.179864645004272461e+00,1.140285587310791016e+01
1.721232533454895020e+00,1.600955963134765625e+01
2.453091382980346680e+00,1.518372917175292969e+01
1.670404434204101562e+00,1.601707267761230469e+01
1.994664669036865234e+00,8.769209861755371094e+00
1.063958764076232910e+00,8.093331456184387207e-01
2.444130182266235352e+00,7.394516468048095703e+00
1.615519046783447266e+00,3.472073078155517578e+00
8.552387952804565430e-01,3.890683352947235107e-01
1.519096255302429199e+00,5.809991359710693359e+00
2.170297622680664062e+00,6.852124691009521484e+00
1.866635560989379883e+00,3.159420251846313477e+00
1.649698615074157715e+00,1.593456745147705078e+01
2.169091463088989258e+00,3.523954868316650391e+00
6.522620320320129395e-01,3.304116129875183105e-01
2.114945173263549805e+00,7.465428352355957031e+00
1.448492765426635742e+00,1.604201126098632812e+01
2.480648040771484375e+00,1.521503353118896484e+01
1.386860251426696777e+00,9.815089702606201172e-01
2.267060995101928711e+00,1.522673702239990234e+01
1.065153956413269043e+00,3.696331381797790527e-01
9.086226820945739746e-01,3.424378395080566406e+00
1.520491003990173340e+00,1.346994161605834961e+00
1.972142577171325684e+00,4.572617053985595703e+00
1.651167988777160645e+00,1.787779569625854492e+00
1.095247030258178711e+00,6.765321493148803711e-01
1.390295743942260742e+00,1.500897026062011719e+01
1.475547552108764648e+00,3.125183105468750000e+00
2.235561132431030273e+00,7.561020851135253906e+00
1.728543162345886230e+00,3.270988464355468750e+00
8.783493638038635254e-01,8.961849212646484375e-01
1.701110959053039551e+00,4.511811256408691406e+00
2.067806720733642578e+00,1.564506721496582031e+01
1.136518716812133789e+00,1.844028353691101074e+00
1.498205184936523438e+00,1.140995502471923828e+01
2.031976222991943359e+00,9.934857368469238281e+00
1.488282680511474609e+00,1.593459320068359375e+01
2.055181026458740234e+00,1.569506645202636719e+01
1.545485973358154297e+00,8.973524570465087891e-01
4.060953557491302490e-01,3.680564403533935547e+00
2.221067428588867188e+00,1.554372119903564453e+01
7.494043707847595215e-01,3.773234486579895020e-01
1.865331411361694336e+00,1.576414775848388672e+01
1.808811783790588379e+00,1.297718906402587891e+01
1.550224900245666504e+00,1.142994022369384766e+01
1.357235908508300781e+00,2.828442811965942383e+00
1.077029466629028320e+00,2.902913570404052734e+00
2.419702053070068359e+00,1.518436717987060547e+01
1.496213674545288086e+00,4.694452285766601562e+00
1.870648860931396484e+00,1.582870197296142578e+01
2.232091903686523438e+00,9.542017936706542969e+00
2.175536394119262695e+00,1.524092483520507812e+01
1.942486405372619629e+00,1.568553638458251953e+01
1.958161115646362305e+00,2.729305744171142578e+00
1.676999807357788086e+00,2.361653327941894531e+00
2.156780958175659180e+00,1.566721057891845703e+01
2.170873165130615234e+00,1.561868095397949219e+01
2.130939245223999023e+00,1.269389438629150391e+01
1.710793256759643555e+00,1.032603359222412109e+01
1.930125713348388672e+00,8.373528480529785156e+00
2.075836658477783203e+00,1.576905250549316406e+01
1.773496389389038086e+00,1.591281890869140625e+01
7.162325978279113770e-01,3.325370848178863525e-01
1.572180867195129395e+00,1.600571250915527344e+01
2.011360406875610352e+00,1.354066944122314453e+01
1.780449867248535156e+00,6.185197353363037109e+00
1.153895378112792969e+00,1.572949647903442383e+00
1.509376287460327148e+00,2.061038970947265625e+00
2.248480170965194702e-02,-3.499454855918884277e-01
1.176529884338378906e+00,2.577729225158691406e+00
1.781240224838256836e+00,1.583911228179931641e+01
1.873452425003051758e+00,1.376861572265625000e+01
1.326930284500122070e+00,4.298878192901611328e+00
1.962488651275634766e+00,1.581907844543457031e+01
1.378998398780822754e+00,7.539343357086181641e+00
1.571957111358642578e+00,1.592417049407958984e+01
1.531139850616455078e+00,1.598001766204833984e+01
8.315379023551940918e-01,6.167740225791931152e-01
2.152296066284179688e+00,6.722067356109619141e+00
2.257170915603637695e+00,8.282580375671386719e+00
2.740893602371215820e+00,6.641525745391845703e+00
9.134625196456909180e-01,5.492001056671142578e+00
1.040434718132019043e+00,3.221912384033203125e+00
1.938018798828125000e+00,1.431651210784912109e+01
2.011704206466674805e+00,1.574075984954833984e+01
2.278637409210205078e+00,6.776410102844238281e+00
2.094853162765502930e+00,1.031946468353271484e+01
2.279216527938842773e+00,5.515310764312744141e+00
1.661180615425109863e+00,1.777442216873168945e+00
4.040960669517517090e-01,2.745689392089843750e+00
6.646553874015808105e-01,2.757088840007781982e-01
1.544856548309326172e+00,1.409327030181884766e+00
1.961992025375366211e+00,9.331261634826660156e+00
1.426716804504394531e+00,2.597111225128173828e+00
1.325639963150024414e+00,5.765198230743408203e+00
1.975407600402832031e+00,1.360440826416015625e+01
1.486525297164916992e+00,5.811927318572998047e+00
1.218954563140869141e+00,8.384076952934265137e-01
9.856380820274353027e-01,3.929998874664306641e-01
2.294830322265625000e+00,8.527015686035156250e+00
1.646287322044372559e+00,1.057824516296386719e+01
1.302511215209960938e+00,3.220488786697387695e+00
9.601375460624694824e-01,4.291626811027526855e-01
2.319319248199462891e+00,1.533314609527587891e+01
2.492995500564575195e+00,1.493510818481445312e+01
2.444218635559082031e+00,1.515190982818603516e+01
2.299977540969848633e+00,1.536341476440429688e+01
1.984687209129333496e+00,1.569525623321533203e+01
1.121618747711181641e+00,6.356738805770874023e-01
1.021148681640625000e+00,1.203536391258239746e+00
1.441719889640808105e+00,3.023641586303710938e+00
2.006528854370117188e+00,1.056013298034667969e+01
1.351057291030883789e+00,5.259487628936767578e-01
1.750963211059570312e+00,3.970638513565063477e+00
2.007062435150146484e+00,5.466008186340332031e+00
1.284149646759033203e+00,1.260174274444580078e+00
1.483572006225585938e+00,7.500789642333984375e+00
1.501689434051513672e+00,8.754446029663085938e+00
1.313904523849487305e+00,3.625254631042480469e+00
1.712813973426818848e+00,1.589282321929931641e+01
1.046861886978149414e+00,4.075062572956085205e-01
1.900916814804077148e+00,1.587211894989013672e+01
1.796991109848022461e+00,5.725687146186828613e-01
5.631532669067382812e-01,1.413347721099853516e-01
2.580350637435913086e+00,1.480224514007568359e+01
1.719542264938354492e+00,1.589138889312744141e+01
1.316105604171752930e+00,1.068287491798400879e+00
2.195425510406494141e+00,1.111272716522216797e+01
1.554824948310852051e+00,4.769069671630859375e+00
1.367378592491149902e+00,9.334169387817382812e+00
2.670851707458496094e+00,1.219320487976074219e+01
1.339305281639099121e+00,5.535963773727416992e-01
1.809548377990722656e+00,1.580854129791259766e+01
2.062704324722290039e+00,1.563409900665283203e+01
1.934442520141601562e+00,1.086334896087646484e+01
1.942238807678222656e+00,1.579390239715576172e+01
1.191944599151611328e+00,1.618442153930664062e+01
2.049196958541870117e+00,1.566853427886962891e+01
1.979491233825683594e+00,1.570900535583496094e+01
1.072619318962097168e+00,6.066418290138244629e-01
1.994148969650268555e+00,7.631063938140869141e+00
1.626709222793579102e+00,1.584412002563476562e+01
2.452060222625732422e+00,7.473548412322998047e+00
1.455274701118469238e+00,1.602827262878417969e+01
2.150790452957153320e+00,1.573010158538818359e+01
2.105853557586669922e+00,1.984954953193664551e+00
2.578341960906982422e+00,6.790767669677734375e+00
1.554813504219055176e+00,1.600957107543945312e+01
1.961744070053100586e+00,7.833497524261474609e+00
1.653026580810546875e+00,1.124755501747131348e+00
8.772528767585754395e-01,7.657181024551391602e-01
1.313844799995422363e+00,3.169778347015380859e+00
1.409864902496337891e+00,1.600515365600585938e+01
1.565916061401367188e+00,2.968832969665527344e+00
1.424380302429199219e+00,4.411705493927001953e+00
1.103617072105407715e+00,3.405088901519775391e+00
2.001509904861450195e+00,1.545696163177490234e+01
1.949025154113769531e+00,1.571826553344726562e+01
1.539667963981628418e+00,7.914536476135253906e+00
1.411028027534484863e+00,9.034406661987304688e+00
1.914760708808898926e+00,1.015611743927001953e+01
2.350666999816894531e+00,1.510048389434814453e+01
1.865115880966186523e+00,8.464179039001464844e+00
1.787077903747558594e+00,1.593071269989013672e+01
1.968416333198547363e+00,4.156497955322265625e+00
2.547402143478393555e+00,1.418454933166503906e+01
1.563825607299804688e+00,1.596794414520263672e+01
2.043745279312133789e+00,1.566034221649169922e+01
1.695532798767089844e+00,6.826015949249267578e+00
1.633511543273925781e+00,1.597429561614990234e+01
1.766039967536926270e+00,1.585240459442138672e+01
1.165200948715209961e+00,9.904241561889648438e-01
3.069190502166748047e+00,5.500916957855224609e+00
2.134830474853515625e+00,6.800929069519042969e+00
1.986708164215087891e+00,2.252212047576904297e+00
-1.768356263637542725e-01,-5.824612975120544434e-01
1.321307063102722168e+00,1.460860252380371094e+00
1.556009054183959961e+00,4.646674156188964844e+00
1.656014204025268555e+00,1.435793638229370117e+00
1.445104122161865234e+00,5.278273820877075195e-01
1.847732901573181152e+00,5.784509658813476562e+00
2.025422811508178711e+00,8.205980300903320312e+00
1.876977920532226562e+00,1.007590389251708984e+01
2.373496532440185547e+00,1.506829738616943359e+01
1.603628873825073242e+00,1.730032086372375488e+00
2.275135993957519531e+00,2.392708301544189453e+00
2.161031007766723633e+00,1.524202728271484375e+01
1.582530498504638672e+00,1.590642261505126953e+01
2.346611499786376953e+00,1.494662094116210938e+01
1.683982014656066895e+00,6.629017353057861328e+00
1.701201796531677246e+00,2.189586162567138672e+00
1.736457705497741699e+00,1.840079307556152344e+00
1.667206525802612305e+00,8.033561706542968750e-01
1.595347166061401367e+00,8.795390129089355469e+00
1.689410209655761719e+00,1.066281414031982422e+01
2.510603427886962891e+00,7.787050247192382812e+00
1.578101754188537598e+00,1.024243354797363281e+00
2.108254671096801758e+00,9.557604789733886719e+00
1.668951749801635742e+00,3.198658466339111328e+00
9.754836559295654297e-01,2.646775245666503906e+00
2.108645677566528320e+00,8.993428230285644531e+00
1.897009849548339844e+00,1.405073356628417969e+01
2.558735132217407227e+00,2.769447326660156250e+00
1.391449213027954102e+00,1.595011329650878906e+01
5.525032877922058105e-01,1.941841542720794678e-01
1.479360222816467285e+00,8.235031127929687500e+00
1.937277674674987793e+00,7.186692953109741211e-02
9.307903647422790527e-01,1.010786414146423340e+00
2.712818861007690430e+00,5.714075565338134766e+00
1.774171829223632812e+00,1.698854446411132812e+00
1.645874977111816406e+00,2.276487112045288086e+00
1.522373557090759277e+00,2.261560916900634766e+00
1.846171379089355469e+00,7.762989521026611328e+00
2.240583419799804688e+00,1.543701839447021484e+01
1.663997888565063477e+00,1.591967678070068359e+01
2.054979801177978516e+00,1.568545055389404297e+01
1.503070473670959473e+00,1.599220943450927734e+01
2.492522478103637695e+00,1.131574916839599609e+01
8.946285843849182129e-01,1.662844717502593994e-01
1.871876955032348633e+00,1.587109661102294922e+01
1.544370651245117188e+00,5.084751605987548828e+00
2.594964504241943359e-01,1.222703814506530762e+00
2.848557233810424805e+00,1.139314174652099609e+01
1.590963125228881836e+00,3.881853103637695312e+00
1.059812307357788086e+00,2.293612003326416016e+00
1.049357414245605469e+00,3.912622928619384766e+00
2.316893100738525391e+00,1.414028263092041016e+01
6.695824265480041504e-01,2.194608926773071289e+00
1.389157056808471680e+00,2.412658691406250000e+00
1.629812240600585938e+00,1.596291828155517578e+01
1.684747457504272461e+00,1.594287109375000000e+01
1.486914157867431641e+00,1.991253376007080078e+00
2.015068292617797852e+00,1.121541786193847656e+01
2.107821941375732422e+00,9.652970314025878906e+00
7.852422595024108887e-01,3.890528976917266846e-01
3.012305021286010742e+00,4.925012111663818359e+00
1.046100139617919922e+00,4.949473738670349121e-01
2.147082090377807617e+00,1.559815406799316406e+01
1.797798395156860352e+00,1.596128940582275391e+01
1.313514947891235352e+00,1.137402057647705078e+00
1.956397414207458496e+00,5.166346549987792969e+00
1.859899044036865234e+00,6.684711933135986328e+00
1.244893789291381836e+00,2.170653104782104492e+00
2.167057514190673828e+00,1.479655933380126953e+01
2.143230438232421875e+00,1.484094238281250000e+01
9.405122399330139160e-01,5.440992116928100586e-01
1.092097282409667969e+00,-6.181776523590087891e-02
1.817349672317504883e+00,1.584482383728027344e+01
1.611399292945861816e+00,1.591448497772216797e+01
1.616966724395751953e+00,8.819316864013671875e+00
2.249156713485717773e+00,7.317627429962158203e+00
1.127533316612243652e+00,1.322435855865478516e+00
1.421351075172424316e+00,5.183527469635009766e+00
2.492777705192565918e-01,-1.783684790134429932e-01
1.923422217369079590e+00,6.402145862579345703e+00
1.918305605649948120e-01,2.598592825233936310e-02
1.122166872024536133e+00,5.094484806060791016e+00
9.513348340988159180e-01,2.936624288558959961e-01
1.051021099090576172e+00,2.589962482452392578e+00
1.409316301345825195e+00,1.600222015380859375e+01
2.043060779571533203e+00,3.508067607879638672e+00
2.112992286682128906e+00,1.560570621490478516e+01
2.186737298965454102e+00,1.174115276336669922e+01
1.739257693290710449e+00,1.250150775909423828e+01
2.530742406845092773e+00,3.391582250595092773e+00
7.609798312187194824e-01,8.548231124877929688e-01
2.080767154693603516e+00,1.551698589324951172e+01
1.264824390411376953e+00,1.532593631744384766e+01
1.688480615615844727e+00,1.592473602294921875e+01
1.834095954895019531e+00,8.920772552490234375e+00
1.453983068466186523e+00,1.603340911865234375e+01
2.368284463882446289e+00,1.103818416595458984e+01
1.533860921859741211e+00,1.602754211425781250e+01
1.591410040855407715e+00,1.079653263092041016e+00
1.415606737136840820e+00,1.603556251525878906e+01
1.726708292961120605e+00,9.187558174133300781e+00
6.122467517852783203e-01,-6.002223491668701172e-02
1.608223795890808105e+00,7.092311382293701172e+00
9.410681128501892090e-01,1.136402845382690430e+00
2.060361385345458984e+00,1.579002285003662109e+01
9.647682309150695801e-01,5.147051334381103516e+00
1.799935221672058105e+00,6.576671600341796875e+00
2.062924623489379883e+00,2.634274482727050781e+00
1.999490857124328613e+00,2.347042083740234375e+00
2.225466966629028320e+00,1.429281997680664062e+01
1.668987989425659180e+00,4.986571311950683594e+00
1.841169834136962891e+00,1.587291240692138672e+01
1.154572010040283203e+00,6.694005727767944336e-01
1.724552154541015625e+00,5.631803274154663086e-01
1.530767560005187988e+00,9.818654060363769531e+00
1.144009590148925781e+00,1.781388282775878906e+00
1.974377512931823730e+00,4.013770103454589844e+00
1.952542543411254883e+00,9.088249206542968750e+00
2.377795219421386719e+00,1.550779247283935547e+01
2.378676652908325195e+00,1.006602096557617188e+01
2.657370567321777344e+00,1.341008853912353516e+01
1.821209907531738281e+00,1.581437969207763672e+01
2.335449695587158203e+00,1.559965610504150391e+01
1.917179226875305176e+00,4.572033405303955078e+00
9.539367556571960449e-01,1.941310405731201172e+00
9.240642189979553223e-01,2.324707508087158203e+00
1.522428393363952637e+00,1.600979804992675781e+01
2.723125219345092773e+00,1.258758831024169922e+01
1.244663476943969727e+00,4.625125825405120850e-01
1.601177692413330078e+00,4.489268779754638672e+00
1.522634506225585938e+00,7.676769256591796875e+00
1.917933821678161621e+00,8.458827018737792969e+00
1.964791297912597656e+00,1.572046375274658203e+01
1.397338986396789551e+00,1.610031127929687500e+01
2.054880619049072266e+00,5.561276912689208984e+00
1.646773099899291992e+00,5.305362701416015625e+00
1.408640265464782715e+00,2.299179077148437500e+00
2.480387449264526367e+00,1.480331897735595703e+01
1.650897026062011719e+00,1.593893527984619141e+01
1.710276365280151367e+00,8.948451995849609375e+00
1.644050598144531250e+00,1.594281196594238281e+01
2.655139446258544922e+00,1.227112865447998047e+01
6.199671626091003418e-01,2.364917755126953125e+00
1.500065803527832031e+00,4.544251918792724609e+00
1.786056756973266602e+00,7.176246166229248047e+00
2.143774747848510742e+00,1.135137081146240234e+01
1.892370462417602539e+00,9.235641479492187500e+00
1.381319403648376465e+00,1.606550407409667969e+01
2.275561809539794922e+00,8.718234062194824219e+00
2.140546560287475586e+00,1.568117618560791016e+01
2.051797628402709961e+00,1.562629985809326172e+01
1.872433781623840332e+00,9.368536949157714844e+00
2.252136945724487305e+00,1.421737194061279297e+01
1.741651058197021484e+00,6.937294483184814453e+00
2.084492444992065430e+00,7.735969066619873047e+00
2.360388040542602539e+00,1.030695629119873047e+01
7.494463324546813965e-01,3.844585120677947998e-01
1.759785056114196777e+00,1.592009830474853516e+01
2.218413829803466797e+00,5.933073997497558594e+00
8.751700520515441895e-01,2.821370363235473633e+00
1.797777414321899414e+00,6.549363613128662109e+00
1.577125549316406250e+00,1.470842242240905762e+00
1.651902318000793457e+00,1.393603801727294922e+01
1.648471355438232422e+00,1.598752880096435547e+01
1.885805875062942505e-01,-4.345131218433380127e-01
2.391163349151611328e+00,1.523169231414794922e+01
1.370105385780334473e+00,1.608983612060546875e+01
2.023973703384399414e+00,1.191673374176025391e+01
1.589234948158264160e+00,1.595746612548828125e+01
1.366162538528442383e+00,1.479783153533935547e+01
1.495408892631530762e+00,7.771876811981201172e+00
1.858634710311889648e+00,1.578161716461181641e+01
1.958289742469787598e+00,7.113121986389160156e+00
1.000144720077514648e+00,7.897212505340576172e-01
1.789399862289428711e+00,1.586488437652587891e+01
1.599832534790039062e+00,8.577699661254882812e-01
2.531213998794555664e+00,6.673426151275634766e+00
1.438027858734130859e+00,9.017687797546386719e+00
2.066088914871215820e+00,1.555175399780273438e+01
2.478296518325805664e+00,1.446942996978759766e+01
2.669997215270996094e+00,1.450844860076904297e+01
8.145917057991027832e-01,3.798837959766387939e-01
1.380410671234130859e+00,5.553922176361083984e+00
1.772205352783203125e+00,4.837438583374023438e+00
2.487816095352172852e+00,1.330663204193115234e+01
1.629241943359375000e+00,1.595918083190917969e+01
1.950379371643066406e+00,8.428686141967773438e+00
1.986800909042358398e+00,1.564742565155029297e+01
1.771085739135742188e+00,1.590557479858398438e+01
1.800603628158569336e+00,1.050668239593505859e+00
1.645312190055847168e+00,1.295998477935791016e+01
1.580322623252868652e+00,1.503306293487548828e+01
2.657673120498657227e+00,1.441157627105712891e+01
1.680636167526245117e+00,1.584788894653320312e+01
1.772571802139282227e+00,1.585998821258544922e+01
1.283774614334106445e+00,5.221056342124938965e-01
1.706854104995727539e+00,1.585900402069091797e+01
7.256882190704345703e-01,2.831728160381317139e-01
2.356768369674682617e+00,1.541067695617675781e+01
5.512976050376892090e-01,4.046520590782165527e-02
2.009323358535766602e+00,1.089672756195068359e+01
1.804040789604187012e+00,6.716079235076904297e+00
1.840708494186401367e+00,1.584976196289062500e+01
1.224897623062133789e+00,1.067928075790405273e+00
1.622837066650390625e+00,1.591293334960937500e+01
2.209505319595336914e+00,9.314466476440429688e+00
2.469731092453002930e+00,1.307382488250732422e+01
1.481621623039245605e+00,2.150994300842285156e+00
2.374820947647094727e+00,7.590075969696044922e+00
1.612956166267395020e+00,8.776280403137207031e+00
1.515851020812988281e+00,6.000148773193359375e+00
2.671621084213256836e+00,1.458523082733154297e+01
2.117445468902587891e+00,1.560044670104980469e+01
1.574900984764099121e+00,3.412578105926513672e+00
4.770739078521728516e-01,2.083475291728973389e-01
2.275387048721313477e+00,1.544410514831542969e+01
2.082363128662109375e+00,1.071541690826416016e+01
2.197491884231567383e+00,1.546788883209228516e+01
2.309198141098022461e+00,4.413467884063720703e+00
2.102342367172241211e+00,1.575931262969970703e+01
1.778206706047058105e+00,4.161982059478759766e+00
9.954639673233032227e-01,1.668364644050598145e+00
1.364428639411926270e+00,4.516730785369873047e+00
1.653920173645019531e+00,1.589253520965576172e+01
1.667227983474731445e+00,1.596149635314941406e+01
-1.386114507913589478e-01,6.722128391265869141e-01
1.070668101310729980e+00,6.068285703659057617e-01
1.589475989341735840e+00,4.267555713653564453e+00
2.742746829986572266e+00,1.088433361053466797e+01
1.843601346015930176e+00,1.707488536834716797e+00
9.279689192771911621e-01,4.671988487243652344e-01
1.635179162025451660e+00,1.582751655578613281e+01
1.169397234916687012e+00,4.601761817932128906e+00
9.791353344917297363e-01,2.528586089611053467e-01
1.739431738853454590e+00,8.866051673889160156e+00
1.003329396247863770e+00,2.356339216232299805e+00
1.805576801300048828e+00,4.273121833801269531e+00
1.204747796058654785e+00,1.769114732742309570e+00
2.318317890167236328e+00,1.459933185577392578e+01
2.307698011398315430e+00,1.524362850189208984e+01
8.484725356101989746e-01,2.465543270111083984e+00
1.474741816520690918e+00,1.600352287292480469e+01
1.540460228919982910e+00,3.407566070556640625e+00
2.296511650085449219e+00,1.551849079132080078e+01
1.877945423126220703e+00,8.372272491455078125e+00
2.301739454269409180e+00,7.572627544403076172e+00
1.590588331222534180e+00,1.595076179504394531e+01
2.266373395919799805e+00,1.119246387481689453e+01
1.576735019683837891e+00,6.598449230194091797e+00
1.526246786117553711e+00,3.089803695678710938e+00
1.811992883682250977e+00,1.584599018096923828e+01
2.002205133438110352e+00,1.581521129608154297e+01
1.760619044303894043e+00,-7.144179940223693848e-02
2.491780757904052734e+00,1.381595039367675781e+01
1.877264738082885742e+00,2.409458875656127930e+00
1.555762887001037598e+00,6.218723773956298828e+00
1.368812799453735352e+00,1.601537513732910156e+01
1.493567228317260742e+00,6.537630558013916016e+00
6.996366381645202637e-01,8.365067839622497559e-01
2.699815988540649414e+00,1.220100879669189453e+01
1.638035535812377930e+00,3.328906297683715820e+00
1.376570463180541992e+00,4.279497623443603516e+00
1.705833911895751953e+00,2.983465909957885742e+00
1.003266334533691406e+00,4.409141063690185547e+00
9.584307670593261719e-01,7.222836017608642578e-01
2.131935358047485352e+00,1.566921901702880859e+01
8.978573083877563477e-01,3.929849624633789062e+00
2.146013021469116211e+00,1.558045291900634766e+01
1.143172264099121094e+00,2.498713493347167969e+00
1.539286732673645020e+00,7.658639430999755859e+00
1.573478698730468750e+00,2.406954765319824219e+00
7.709869146347045898e-01,7.938369512557983398e-01
1.857605457305908203e+00,1.405861282348632812e+01
1.470765471458435059e+00,1.597903919219970703e+01
2.208011865615844727e+00,1.411821651458740234e+01
1.880110025405883789e+00,1.582965850830078125e+01
1.567278385162353516e+00,5.439081668853759766e+00
7.076470851898193359e-01,3.598111152648925781e+00
7.207913398742675781e-01,-5.642834305763244629e-02
1.895711779594421387e+00,1.093571376800537109e+01
1.673336386680603027e+00,1.035175228118896484e+01
7.789072394371032715e-01,3.943568944931030273e+00
2.080142736434936523e+00,7.683254718780517578e+00
1.198652982711791992e+00,7.922456264495849609e-01
1.089697718620300293e+00,2.583662271499633789e-01
2.093600749969482422e+00,1.461347770690917969e+01
1.407946109771728516e+00,5.920383930206298828e-01
1.188221931457519531e+00,8.818805813789367676e-01
1.969455718994140625e+00,1.582080268859863281e+01
2.286495208740234375e+00,1.316032123565673828e+01
1.457108020782470703e+00,5.731763362884521484e+00
1.856535077095031738e+00,1.586144828796386719e+01
1.488085746765136719e+00,2.043640375137329102e+00
1.934341907501220703e+00,4.916085243225097656e+00
1.609233617782592773e+00,9.923209190368652344e+00
1.465384244918823242e+00,3.253254890441894531e+00
8.475940227508544922e-01,1.244521737098693848e+00
2.539130687713623047e+00,8.464065551757812500e+00
1.455323338508605957e+00,1.606796455383300781e+01
1.472678065299987793e+00,1.754112839698791504e+00
8.557676672935485840e-01,3.521656692028045654e-01
2.146577358245849609e+00,1.407012271881103516e+01
2.219960212707519531e+00,1.552721500396728516e+01
7.793475985527038574e-01,6.488332748413085938e-01
1.604231953620910645e+00,9.535061836242675781e+00
2.113076448440551758e+00,1.567533016204833984e+01
1.823286771774291992e+00,1.548084449768066406e+01
1.840735554695129395e+00,1.590757846832275391e+01
2.375854492187500000e+00,1.524731731414794922e+01
7.658286690711975098e-01,4.962749183177947998e-01
1.524991512298583984e+00,1.601960182189941406e+01
1.244481086730957031e+00,7.105753898620605469e+00
1.420621871948242188e+00,3.616600036621093750e+00
2.015998601913452148e+00,3.355253696441650391e+00
2.024376153945922852e+00,1.581445598602294922e+01
1.576079607009887695e+00,5.686221718788146973e-01
1.227254152297973633e+00,4.247124195098876953e+00
2.072086095809936523e+00,1.573288059234619141e+01
1.616051435470581055e+00,5.643598556518554688e+00
2.010074138641357422e+00,5.489719867706298828e+00
1.259181737899780273e+00,4.342145442962646484e+00
2.304567337036132812e+00,1.450237751007080078e+01
2.221021175384521484e+00,5.542759418487548828e+00
2.205946445465087891e+00,1.553924083709716797e+01
2.043961763381958008e+00,1.228915309906005859e+01
1.270488977432250977e+00,3.066906213760375977e+00
1.826754093170166016e+00,1.590123176574707031e+01
1.717126846313476562e+00,1.598160171508789062e+01
2.007598876953125000e+00,1.569139766693115234e+01
2.234029531478881836e+00,1.562756252288818359e+01
1.782323241233825684e+00,1.218365573883056641e+01
1.997578620910644531e+00,1.575018405914306641e+01
1.803746223449707031e+00,1.589004993438720703e+01
1.703668713569641113e+00,8.875811576843261719e+00
2.324404239654541016e+00,1.556877326965332031e+01
2.148118495941162109e+00,1.558803367614746094e+01
1.429966092109680176e+00,1.578885436058044434e+00
1.606347560882568359e+00,3.885107517242431641e+00
1.687233686447143555e+00,1.005905508995056152e+00
2.735034704208374023e+00,6.929016113281250000e+00
1.229830265045166016e+00,1.017046689987182617e+00
1.445176839828491211e+00,2.559018433094024658e-01
7.416062355041503906e-01,2.968206405639648438e+00
2.659928321838378906e+00,1.203258895874023438e+01
1.357043981552124023e+00,3.704426527023315430e+00
9.285977482795715332e-01,3.178585529327392578e+00
2.203675031661987305e+00,1.368761253356933594e+01
1.813122034072875977e+00,1.580960941314697266e+01
2.781996726989746094e+00,1.092969417572021484e+01
6.640692949295043945e-01,4.580083191394805908e-01
1.010712385177612305e+00,5.100082755088806152e-01
1.701880455017089844e+00,2.875441789627075195e+00
1.893650531768798828e+00,1.586939811706542969e+01
2.043576002120971680e+00,6.551362991333007812e+00
1.622879743576049805e+00,1.589638710021972656e+01
1.364100813865661621e+00,3.696547746658325195e+00
1.802455782890319824e+00,1.585769176483154297e+01
1.867652058601379395e+00,1.007901668548583984e+01
1.896670103073120117e+00,1.589682865142822266e+01
1.796609401702880859e+00,6.195658683776855469e+00
1.778996348381042480e+00,1.846503973007202148e+00
2.157491683959960938e+00,1.561858654022216797e+01
2.031577348709106445e+00,1.566170310974121094e+01
1.856796741485595703e+00,3.548490047454833984e+00
1.337684631347656250e+00,2.854251146316528320e+00
2.124891042709350586e+00,5.348825931549072266e+00
1.482265472412109375e+00,1.596376514434814453e+01
2.330982923507690430e+00,1.327219772338867188e+01
1.876829385757446289e+00,8.146627426147460938e+00
2.052815437316894531e+00,1.166241645812988281e+01
2.055552959442138672e+00,3.693957805633544922e+00
5.906046032905578613e-01,1.829395055770874023e+00
1.745886802673339844e+00,5.440695285797119141e+00
1.718116760253906250e+00,1.589524745941162109e+01
3.417932689189910889e-01,7.763917446136474609e-01
1.326214790344238281e+00,1.604254913330078125e+01
2.100399971008300781e+00,6.382503986358642578e+00
1.913010358810424805e+00,1.583518791198730469e+01
1.696586847305297852e+00,1.493442773818969727e+00
1.373220682144165039e+00,1.705633878707885742e+00
1.715695977210998535e+00,6.928411960601806641e+00
1.902555227279663086e+00,1.472218275070190430e+00
1.642924785614013672e+00,9.394883155822753906e+00
1.809049606323242188e+00,1.583859539031982422e+01
1.125910401344299316e+00,1.050037264823913574e+00
1.850867033004760742e+00,1.581685256958007812e+01
1.682934284210205078e+00,5.964224338531494141e+00
1.380713701248168945e+00,5.469535350799560547e+00
1.065781116485595703e+00,3.713804781436920166e-01
1.869749546051025391e+00,1.572434425354003906e+01
1.743961572647094727e+00,1.585392951965332031e+01
1.024079918861389160e+00,1.617802381515502930e+00
1.060295701026916504e+00,7.694778442382812500e-01
1.369045972824096680e+00,3.235103607177734375e+00
1.291810274124145508e+00,1.791863143444061279e-01
2.485249996185302734e+00,1.534515380859375000e+01
1.667538285255432129e+00,5.338830471038818359e+00
1.761495590209960938e+00,3.709103584289550781e+00
2.649824857711791992e+00,1.159007740020751953e+01
1.563614845275878906e+00,9.695828437805175781e+00
1.944879531860351562e+00,1.578186702728271484e+01
1.729813456535339355e+00,2.438572645187377930e+00
1.731222748756408691e+00,7.829888343811035156e+00
1.432142257690429688e+00,4.368610680103302002e-01
1.012879848480224609e+00,4.545822143554687500e-01
1.884994029998779297e+00,2.073099613189697266e+00
9.846498370170593262e-01,-4.895713627338409424e-01
1.446200013160705566e+00,3.575907707214355469e+00
2.487980127334594727e+00,5.525873661041259766e+00
1.817222476005554199e+00,1.587427520751953125e+01
1.526112794876098633e+00,1.593108844757080078e+01
1.184725522994995117e+00,1.382108449935913086e+00
7.965048551559448242e-01,4.897198379039764404e-01
2.542606115341186523e+00,1.128093624114990234e+01
2.603916883468627930e+00,4.703631401062011719e+00
1.222340345382690430e+00,4.657981872558593750e+00
1.810987234115600586e+00,1.587076187133789062e+01
2.562252998352050781e+00,1.153071498870849609e+01
1.671489477157592773e+00,2.123579263687133789e+00
1.802142739295959473e+00,4.874496757984161377e-01
1.604078769683837891e+00,1.605507278442382812e+01
1.662937045097351074e+00,9.142458915710449219e+00
2.250489950180053711e+00,6.896227836608886719e+00
2.110971689224243164e+00,1.507110118865966797e+01
1.670197248458862305e+00,1.595886707305908203e+01
1.763415694236755371e+00,7.713963031768798828e+00
2.636796712875366211e+00,9.768195152282714844e+00
2.368620157241821289e+00,1.521238231658935547e+01
2.723474502563476562e+00,1.327498722076416016e+01
2.358714342117309570e+00,6.301824092864990234e+00
1.944972038269042969e+00,1.569430446624755859e+01
6.676794886589050293e-01,2.514353580772876740e-02
1.605472445487976074e+00,7.992153644561767578e+00
1.914293527603149414e+00,1.584674263000488281e+01
1.396278262138366699e+00,1.103796863555908203e+01
2.346084117889404297e+00,1.438625431060791016e+01
1.866386413574218750e+00,1.581643772125244141e+01
1.699236035346984863e+00,2.085249900817871094e+00
2.311662912368774414e+00,4.485687732696533203e+00
9.743630886077880859e-01,8.156261444091796875e-01
2.180566549301147461e+00,1.568109130859375000e+01
2.449931383132934570e+00,6.586751461029052734e+00
1.560866832733154297e+00,1.599117851257324219e+01
1.782199859619140625e+00,1.587436580657958984e+01
1.984428763389587402e+00,4.491648197174072266e+00
1.305946111679077148e+00,3.951804339885711670e-01
2.844670057296752930e+00,1.147484874725341797e+01
2.147560119628906250e+00,8.001963615417480469e+00
1.215758085250854492e+00,2.848986387252807617e+00
1.577120542526245117e+00,1.597161769866943359e+01
1.906389474868774414e+00,2.721749305725097656e+00
1.791891455650329590e+00,9.136858940124511719e+00
1.836176872253417969e+00,1.562503147125244141e+01
1.237587690353393555e+00,4.687281131744384766e+00
2.417801618576049805e+00,1.276299190521240234e+01
1.965665817260742188e+00,1.573162174224853516e+01
1.926742076873779297e+00,5.232244968414306641e+00
3.181583642959594727e+00,1.288962650299072266e+01
1.840147733688354492e+00,1.573968696594238281e+01
1.850170373916625977e+00,1.581517314910888672e+01
2.049902439117431641e+00,1.576440334320068359e+01
2.437817096710205078e+00,1.412431812286376953e+01
1.188460469245910645e+00,4.979289472103118896e-01
1.828239917755126953e+00,1.564125919342041016e+01
2.738783121109008789e+00,1.030130863189697266e+01
2.221610307693481445e+00,1.433283329010009766e+01
1.908317089080810547e+00,1.585841941833496094e+01
7.605131268501281738e-01,3.211432993412017822e-01
2.013101339340209961e+00,1.580578327178955078e+01
1.345633268356323242e+00,1.703806161880493164e+00
1.461504220962524414e+00,1.600973129272460938e+01
1.852035522460937500e+00,1.544167423248291016e+01
2.132284879684448242e+00,2.195159196853637695e+00
2.121898174285888672e+00,6.822295188903808594e+00
1.614693999290466309e+00,1.596426582336425781e+01
1.858533859252929688e+00,1.570835685729980469e+01
1.515993714332580566e+00,9.772376060485839844e+00
1.152058005332946777e+00,2.691265344619750977e+00
1.501793026924133301e+00,1.606401824951171875e+01
1.809031248092651367e+00,4.025956153869628906e+00
1.510849475860595703e+00,1.596162509918212891e+01
1.747627019882202148e+00,3.125799655914306641e+00
1.465275168418884277e+00,6.752663135528564453e+00
1.856152057647705078e+00,8.696020126342773438e+00
1.263794422149658203e+00,2.603899478912353516e+00
1.324275016784667969e+00,5.535201549530029297e+00
1.155667424201965332e+00,1.759336948394775391e+00
1.734656453132629395e+00,1.592686748504638672e+01
7.954592704772949219e-01,7.955951690673828125e-01
2.346373200416564941e-01,-1.769623458385467529e-01
2.849503993988037109e+00,1.289947223663330078e+01
2.124673843383789062e+00,5.449841499328613281e+00
1.311364889144897461e+00,6.762652873992919922e+00
1.963515400886535645e+00,2.941933393478393555e+00
1.145889282226562500e+00,8.512212038040161133e-01
1.763289093971252441e+00,1.589532279968261719e+01
2.065168142318725586e+00,1.466902160644531250e+01
1.348842978477478027e+00,1.603186988830566406e+01
1.292376756668090820e+00,1.242868781089782715e+00
2.102948427200317383e+00,1.197800993919372559e+00
1.977736234664916992e+00,4.088476657867431641e+00
2.325548887252807617e+00,1.556329250335693359e+01
1.512220144271850586e+00,1.361522912979125977e+00
1.567623734474182129e+00,2.900714397430419922e+00
1.638840913772583008e+00,1.592492389678955078e+01
1.533713698387145996e+00,1.603914451599121094e+01
1.009534716606140137e+00,1.109391093254089355e+00
2.600218772888183594e+00,9.132037162780761719e+00
1.296344280242919922e+00,1.608941841125488281e+01
1.367612957954406738e+00,2.952674627304077148e+00
1.099151611328125000e+00,6.030357480049133301e-01
1.996038913726806641e+00,2.168724298477172852e+00
1.266796350479125977e+00,6.065399646759033203e-01
1.365333080291748047e+00,6.196387290954589844e+00
1.941275596618652344e+00,5.529629230499267578e+00
2.137102365493774414e+00,1.567429637908935547e+01
1.489950895309448242e+00,7.471357345581054688e+00
2.472391843795776367e+00,1.510677337646484375e+01
1.024557590484619141e+00,1.559624552726745605e+00
2.985148906707763672e+00,1.126660251617431641e+01
1.633695840835571289e+00,1.602315521240234375e+01
2.197415351867675781e+00,1.407686328887939453e+01
1.434727191925048828e+00,8.175637125968933105e-01
1.522891163825988770e+00,7.044082164764404297e+00
1.808383584022521973e+00,8.934096336364746094e+00
9.218524694442749023e-01,5.638009309768676758e-01
2.090735197067260742e+00,1.560728168487548828e+01
1.309414505958557129e+00,3.078855991363525391e+00
1.661871194839477539e+00,1.594618320465087891e+01
1.180475831031799316e+00,4.135682582855224609e+00
1.208247423171997070e+00,6.019142627716064453e+00
1.576794862747192383e+00,2.395379066467285156e+00
1.598396539688110352e+00,6.727618694305419922e+00
1.702379941940307617e+00,1.588734340667724609e+01
2.489446878433227539e+00,8.400031089782714844e+00
1.553696870803833008e+00,1.599563503265380859e+01
1.026794791221618652e+00,3.493398904800415039e+00
1.925233125686645508e+00,1.573501968383789062e+01
2.051945924758911133e+00,1.577972126007080078e+01
1.268050909042358398e+00,3.944787979125976562e+00
2.127612352371215820e+00,5.742691516876220703e+00
2.022125959396362305e+00,3.740908145904541016e+00
2.291792631149291992e+00,8.082638740539550781e+00
8.560869097709655762e-01,8.640228509902954102e-01
1.590225577354431152e+00,1.607980918884277344e+01
1.325510025024414062e+00,-1.385490596294403076e-01
2.311737775802612305e+00,5.513625621795654297e+00
5.835232138633728027e-01,7.595465183258056641e-01
1.982550382614135742e+00,1.569162464141845703e+01
2.397633075714111328e+00,1.049693965911865234e+01
1.588645219802856445e+00,1.603986167907714844e+01
1.585238814353942871e+00,8.394380569458007812e+00
1.329383611679077148e+00,1.604135131835937500e+01
1.523114204406738281e+00,4.816867828369140625e+00
1.047653198242187500e+00,5.274074077606201172e-01
1.849757432937622070e+00,3.181815624237060547e+00
1.780113220214843750e+00,8.519665718078613281e+00
2.214639902114868164e+00,1.561033248901367188e+01
1.584583282470703125e+00,1.542834186553955078e+01
5.161290764808654785e-01,2.518388926982879639e-01
1.820696830749511719e+00,1.438519382476806641e+01
2.252833604812622070e+00,9.597882270812988281e+00
1.265638351440429688e+00,-6.305110454559326172e-01
1.969754099845886230e+00,1.584512615203857422e+01
9.187602996826171875e-01,9.733642339706420898e-01
1.327439427375793457e+00,8.047471046447753906e+00
2.003417491912841797e+00,1.572330570220947266e+01
1.826738953590393066e+00,4.109472751617431641e+00
2.151839017868041992e+00,1.366226577758789062e+01
1.775294303894042969e+00,6.784764528274536133e-01
2.405560970306396484e+00,5.933299541473388672e+00
1.562483549118041992e+00,3.746599197387695312e+00
8.860640525817871094e-01,2.525572478771209717e-01
1.012636542320251465e+00,2.862902402877807617e+00
1.523256301879882812e+00,1.831171989440917969e+00
1.070320844650268555e+00,7.606271505355834961e-01
1.693014860153198242e+00,1.591875934600830078e+01
2.093086004257202148e+00,1.565698432922363281e+01
1.540382146835327148e+00,8.753261566162109375e+00
1.729801416397094727e+00,6.960288524627685547e+00
2.055655241012573242e+00,1.250172328948974609e+01
1.755686044692993164e+00,4.958971500396728516e+00
1.563753724098205566e+00,5.203175067901611328e+00
2.117900609970092773e+00,1.560954570770263672e+01
2.156152963638305664e+00,1.234797763824462891e+01
2.013299942016601562e+00,1.055240917205810547e+01
1.853005647659301758e+00,1.589903068542480469e+01
9.246278405189514160e-01,6.842496395111083984e+00
1.983198046684265137e+00,1.070272922515869141e+01
2.333945274353027344e+00,1.536870861053466797e+01
1.667341828346252441e+00,1.589278888702392578e+01
1.296656608581542969e+00,1.658209323883056641e+00
1.771882772445678711e+00,1.582310009002685547e+01
1.369124174118041992e+00,2.672053575515747070e+00
1.190797448158264160e+00,4.204659461975097656e-01
1.601276874542236328e+00,8.780271530151367188e+00
1.512432217597961426e+00,1.591357994079589844e+01
1.486014723777770996e+00,8.491215705871582031e+00
1.630626201629638672e+00,2.604630291461944580e-01
2.537077426910400391e+00,1.295498752593994141e+01
1.208479642868041992e+00,1.973267793655395508e-01
1.688655376434326172e+00,4.690616607666015625e+00
1.528282880783081055e+00,3.010176897048950195e+00
1.731739521026611328e+00,1.478016495704650879e+00
1.877853631973266602e+00,5.774744510650634766e+00
1.997625470161437988e+00,1.339490890502929688e+01
1.125360727310180664e+00,4.604243636131286621e-01
1.537569880485534668e+00,1.063391590118408203e+01
1.885139346122741699e+00,3.806094646453857422e+00
1.911030054092407227e+00,1.279286575317382812e+01
5.991864800453186035e-01,7.197115421295166016e-01
8.751508593559265137e-01,1.113847494125366211e-01
2.113394021987915039e+00,1.547018718719482422e+01
1.655322670936584473e+00,1.394964694976806641e+00
1.514455199241638184e+00,3.530000448226928711e+00
2.084660291671752930e+00,9.491579055786132812e+00
1.813836574554443359e+00,9.916972160339355469e+00
2.048477888107299805e+00,1.516849327087402344e+01
1.919377088546752930e+00,5.245193004608154297e+00
3.089758157730102539e+00,1.392349052429199219e+01
2.235895395278930664e+00,8.734894752502441406e+00
1.116448283195495605e+00,6.648626804351806641e+00
1.840241670608520508e+00,1.570456981658935547e+01
2.756373643875122070e+00,1.072155761718750000e+01
2.454247713088989258e+00,5.399183273315429688e+00
1.342290043830871582e+00,-4.045013785362243652e-01
5.661736726760864258e-01,2.134234905242919922e-01
1.452144265174865723e+00,1.600206375122070312e+01
1.884268045425415039e+00,6.816686153411865234e+00
1.504433155059814453e+00,1.610369110107421875e+01
1.730228781700134277e+00,1.540829277038574219e+01
2.079821109771728516e+00,1.579030704498291016e+01
1.258527278900146484e+00,3.330207347869873047e+00
1.785571932792663574e+00,6.478119492530822754e-01
1.296851634979248047e+00,1.849233269691467285e+00
1.613613128662109375e+00,1.594631290435791016e+01
1.457496881484985352e+00,4.085051059722900391e+00
1.403963923454284668e+00,1.603273963928222656e+01
2.472309827804565430e+00,1.384330558776855469e+01
2.218433856964111328e+00,7.136093616485595703e+00
1.751144528388977051e+00,5.888369679450988770e-01
2.150832653045654297e+00,7.064457416534423828e+00
3.087116718292236328e+00,1.254778480529785156e+01
1.390599966049194336e+00,5.715309619903564453e+00
2.133718967437744141e+00,6.783118724822998047e+00
7.967115640640258789e-01,6.258909702301025391e-01
2.984666824340820312e+00,1.411797237396240234e+01
2.405173540115356445e+00,1.305541133880615234e+01
2.769873619079589844e+00,1.409892559051513672e+01
2.158201456069946289e+00,5.597007274627685547e+00
2.067083358764648438e+00,1.556641864776611328e+01
1.799870610237121582e+00,1.558580875396728516e+01
2.456728458404541016e+00,1.228847408294677734e+01
1.497985839843750000e+00,1.762126684188842773e+00
1.746677160263061523e+00,1.585278892517089844e+01
2.317995309829711914e+00,2.826215744018554688e+00
1.341502189636230469e+00,2.875729322433471680e+00
1.189162492752075195e+00,6.450123310089111328e+00
1.884216785430908203e+00,1.589687347412109375e+01
8.478201031684875488e-01,9.033880829811096191e-01
2.772890329360961914e+00,9.435114860534667969e+00
2.102713584899902344e+00,1.541592407226562500e+01
2.105806112289428711e+00,1.568505573272705078e+01
2.508648872375488281e+00,1.544418144226074219e+01
2.519333600997924805e+00,9.873137474060058594e+00
9.525494575500488281e-01,2.145422697067260742e+00
1.612508773803710938e+00,2.559920072555541992e+00
1.457799434661865234e+00,2.138466238975524902e-01
2.096823930740356445e+00,1.367735576629638672e+01
1.481707334518432617e+00,2.635867118835449219e+00
1.798891782760620117e+00,1.599235057830810547e+01
1.212263107299804688e+00,9.865218400955200195e-01
1.928215026855468750e+00,1.574858379364013672e+01
2.300473451614379883e+00,6.350026607513427734e+00
2.092301368713378906e+00,1.572166728973388672e+01
1.130103826522827148e+00,1.611996459960937500e+01
2.044101476669311523e+00,1.565952777862548828e+01
1.777162909507751465e+00,3.620140075683593750e+00
2.196754932403564453e+00,1.550039196014404297e+01
1.314276814460754395e+00,5.504547119140625000e+00
1.587171673774719238e+00,1.591947078704833984e+01
2.053096532821655273e+00,1.558188724517822266e+01
1.058904170989990234e+00,4.736622333526611328e+00
2.280423402786254883e+00,7.026377201080322266e+00
1.842374444007873535e+00,1.568554973602294922e+01
1.901209473609924316e+00,1.385401344299316406e+01
1.589508175849914551e+00,1.587644481658935547e+01
2.448304176330566406e+00,8.446725845336914062e+00
1.963676333427429199e+00,1.579775905609130859e+01
1.917529940605163574e+00,1.964451789855957031e+00
1.277180075645446777e+00,3.046774148941040039e+00
2.166150808334350586e+00,1.573196125030517578e+01
1.989917635917663574e+00,1.564981555938720703e+01
1.521328687667846680e+00,2.162654399871826172e+00
1.332180023193359375e+00,1.609600639343261719e+01
1.300088167190551758e+00,1.604818725585937500e+01
1.608365178108215332e+00,1.601442527770996094e+01
5.417317152023315430e-01,1.458465456962585449e-01
1.549041032791137695e+00,3.029558360576629639e-01
2.229973316192626953e+00,1.317284870147705078e+01
9.287493228912353516e-01,4.026751518249511719e+00
1.931067228317260742e+00,1.584163951873779297e+01
1.819285511970520020e+00,1.572111606597900391e+01
2.589940309524536133e+00,1.484232330322265625e+01
1.197306871414184570e+00,3.910625457763671875e+00
9.803383350372314453e-01,5.996735766530036926e-03
8.132441043853759766e-01,1.174041032791137695e-01
1.276566624641418457e+00,4.167486131191253662e-01
2.112027406692504883e+00,1.550744628906250000e+01
7.932897210121154785e-01,2.356779336929321289e+00
1.833016395568847656e+00,4.800453662872314453e+00
2.305072307586669922e+00,1.493580150604248047e+01
2.469138860702514648e+00,1.162532711029052734e+01
1.712429761886596680e+00,2.878268003463745117e+00
5.694037079811096191e-01,2.613965749740600586e+00
2.161945104598999023e+00,3.521324157714843750e+00
1.805808544158935547e+00,6.675609111785888672e+00
1.602159500122070312e+00,1.597946929931640625e+01
1.604556798934936523e+00,7.028468132019042969e+00
7.743243575096130371e-01,-4.391875267028808594e-01
1.793028116226196289e+00,3.266476631164550781e+00
2.512952566146850586e+00,1.006689739227294922e+01
7.622550129890441895e-01,3.531418442726135254e-01
1.928817272186279297e+00,1.573541831970214844e+01
1.350996494293212891e+00,1.306962966918945312e+00
1.736793756484985352e+00,8.490195274353027344e+00
1.947658896446228027e+00,1.579248619079589844e+01
1.159925937652587891e+00,1.628457307815551758e+00
1.885013461112976074e+00,1.284466457366943359e+01
1.930740118026733398e+00,1.048866271972656250e+00
1.820890307426452637e+00,7.940585136413574219e+00
1.334451317787170410e+00,5.020502567291259766e+00
1.155719399452209473e+00,7.906844615936279297e-01
2.490843057632446289e+00,4.480212688446044922e+00
1.756121635437011719e+00,6.805660724639892578e+00
2.340198278427124023e+00,1.538486766815185547e+01
2.319584846496582031e+00,1.536192417144775391e+01
1.314685583114624023e+00,4.279791355133056641e+00
1.610649585723876953e+00,6.129218101501464844e+00
2.000435113906860352e+00,2.333627939224243164e+00
1.810898780822753906e+00,6.498063087463378906e+00
1.796063542366027832e+00,1.587700462341308594e+01
2.782727956771850586e+00,8.862438201904296875e+00
2.393776178359985352e+00,1.552053928375244141e+01
1.597061634063720703e+00,5.835753440856933594e+00
1.999381542205810547e+00,1.549049854278564453e+01
2.136230707168579102e+00,1.561868286132812500e+01
1.312764406204223633e+00,2.882037162780761719e+00
2.405706882476806641e+00,7.875841617584228516e+00
1.235363960266113281e+00,4.574372470378875732e-01
1.955699205398559570e+00,2.308812618255615234e+00
1.949842095375061035e+00,1.576195144653320312e+01
1.347798824310302734e+00,9.849968552589416504e-02
1.396878242492675781e+00,5.982505083084106445e-01
1.194113731384277344e+00,7.801743745803833008e-01
1.703200817108154297e+00,4.575807094573974609e+00
1.709019541740417480e+00,1.582222175598144531e+01
1.952780961990356445e+00,7.365271091461181641e+00
1.675662755966186523e+00,1.591637420654296875e+01
1.059578180313110352e+00,4.967820644378662109e+00
1.218643069267272949e+00,2.281783103942871094e+00
1.553393363952636719e+00,6.175674915313720703e+00
1.578220129013061523e+00,1.589829730987548828e+01
1.854662179946899414e+00,7.588885307312011719e+00
1.422757148742675781e+00,2.173091650009155273e+00
1.384766578674316406e+00,1.833969354629516602e-01
1.119917273521423340e+00,8.583449363708496094e+00
1.446281909942626953e+00,1.874031066894531250e+00
7.078241109848022461e-01,1.806531697511672974e-01
2.202937126159667969e+00,9.217631340026855469e+00
9.682725071907043457e-01,2.525906562805175781e+00
1.869608163833618164e+00,1.579232501983642578e+01
1.911116838455200195e+00,7.871093750000000000e+00
1.010625600814819336e+00,7.145342230796813965e-01
1.475294113159179688e+00,1.604441642761230469e+01
1.931589603424072266e+00,1.233276605606079102e+00
2.438400745391845703e+00,1.510534000396728516e+01
1.508494615554809570e+00,7.476985454559326172e+00
2.382899045944213867e+00,1.315330505371093750e+01
5.209248065948486328e-01,-7.190382480621337891e-02
2.429419279098510742e+00,1.517295265197753906e+01
1.118798255920410156e+00,9.046005606651306152e-01
1.152648568153381348e+00,3.118834733963012695e+00
1.823254585266113281e+00,5.565320491790771484e+00
2.132245540618896484e+00,1.249686813354492188e+01
1.005563855171203613e+00,1.651953101158142090e+00
4.354188740253448486e-01,2.618460655212402344e-01
1.271702289581298828e+00,2.785263538360595703e+00
1.708995580673217773e+00,1.589784622192382812e+01
2.845005273818969727e+00,1.449965858459472656e+01
1.746649503707885742e+00,7.684383869171142578e+00
1.932614803314208984e+00,1.569030094146728516e+01
1.268731594085693359e+00,1.957306146621704102e+00
1.407923340797424316e+00,1.601784324645996094e+01
1.908933877944946289e+00,1.124977588653564453e+01
2.397855758666992188e+00,9.137454032897949219e+00
2.113015413284301758e+00,9.501263618469238281e+00
9.182397127151489258e-01,7.584133148193359375e-01
1.415158987045288086e+00,1.638196945190429688e+00
2.305029630661010742e+00,1.531112957000732422e+01
1.940855860710144043e+00,1.578125476837158203e+01
2.303531646728515625e+00,1.542553234100341797e+01
2.056847810745239258e+00,1.144259738922119141e+01
2.663089036941528320e+00,1.471589756011962891e+01
5.375949144363403320e-01,8.314339637756347656e+00
1.627780079841613770e+00,1.268579244613647461e+00
2.583570241928100586e+00,1.511402893066406250e+01
1.682070732116699219e+00,2.502794742584228516e+00
2.447915792465209961e+00,1.448695373535156250e+01
8.941233754158020020e-01,3.801267147064208984e+00
1.613566160202026367e+00,6.820039749145507812e+00
1.866052389144897461e+00,1.549202632904052734e+01
7.368414402008056641e-01,-5.944597125053405762e-01
1.701529979705810547e+00,3.470744132995605469e+00
2.150813341140747070e+00,1.565528774261474609e+01
1.730334162712097168e+00,7.617969036102294922e+00
1.417807817459106445e+00,4.495968818664550781e+00
1.652278900146484375e+00,1.037822246551513672e+01
2.775450229644775391e+00,6.630455017089843750e+00
4.867282211780548096e-01,2.902114987373352051e-01
2.228511095046997070e+00,5.284080982208251953e+00
2.620140790939331055e+00,1.312490749359130859e+01
1.569648742675781250e+00,1.597286128997802734e+01
2.357385635375976562e+00,1.273375034332275391e+01
1.748372793197631836e+00,9.550594329833984375e+00
1.549768447875976562e+00,9.434954643249511719e+00
1.542630910873413086e+00,1.588467884063720703e+01
1.820201396942138672e+00,4.109627246856689453e+00
1.732321381568908691e+00,1.581592273712158203e+01
1.080748319625854492e+00,-3.577152490615844727e-01
2.671984910964965820e+00,1.380616855621337891e+01
2.826908349990844727e+00,1.099766445159912109e+01
2.009697437286376953e+00,1.566473293304443359e+01
1.583743810653686523e+00,8.483635902404785156e+00
2.352708339691162109e+00,1.278982830047607422e+01
1.236899852752685547e+00,1.264654994010925293e+00
1.685541152954101562e+00,1.590121078491210938e+01
1.867997050285339355e+00,1.754180669784545898e+00
1.124800205230712891e+00,2.579899430274963379e-01
2.034582853317260742e+00,1.584124088287353516e+01
1.509626269340515137e+00,3.521449327468872070e+00
1.899493455886840820e+00,1.578353500366210938e+01
1.955012559890747070e+00,1.392361068725585938e+01
7.668524384498596191e-01,5.498720407485961914e-01
1.210549116134643555e+00,3.927037239074707031e+00
1.885244846343994141e+00,7.569653987884521484e+00
2.150577783584594727e+00,1.558160305023193359e+01
2.014550924301147461e+00,6.841462612152099609e+00
1.698548555374145508e+00,1.595144844055175781e+01
1.952524185180664062e+00,1.563792037963867188e+01
1.925915956497192383e+00,4.298371791839599609e+00
1.909028530120849609e+00,2.335309743881225586e+00
1.962547540664672852e+00,1.580149745941162109e+01
1.356669068336486816e+00,3.980173826217651367e+00
1.543950915336608887e+00,7.820512771606445312e+00
9.975182414054870605e-01,2.857420206069946289e+00
2.452020645141601562e+00,7.131951808929443359e+00
2.670378684997558594e+00,1.350763225555419922e+01
1.456464767456054688e+00,3.854534626007080078e+00
2.425107717514038086e+00,1.541542816162109375e+01
2.691531419754028320e+00,1.274408817291259766e+01
1.706768989562988281e+00,3.864646911621093750e+00
1.697878241539001465e+00,2.849716663360595703e+00
2.227214813232421875e+00,1.543546772003173828e+01
1.236355543136596680e+00,-4.285563528537750244e-01
2.249206781387329102e+00,5.294021129608154297e+00
2.068447113037109375e+00,8.571639060974121094e+00
1.359007507562637329e-01,5.867493152618408203e-02
1.324300765991210938e+00,1.607598304748535156e+01
1.520424604415893555e+00,1.614664077758789062e+01
1.353208541870117188e+00,1.428632378578186035e+00
2.543483018875122070e+00,1.034473800659179688e+01
1.387342929840087891e+00,7.718245506286621094e+00
1.571758508682250977e+00,5.473446369171142578e+00
3.205415964126586914e+00,1.080868053436279297e+01
7.816523909568786621e-01,1.025375425815582275e-01
1.214697241783142090e+00,5.919851303100585938e+00
1.485524892807006836e+00,1.598468875885009766e+01
1.980162382125854492e+00,5.730979442596435547e+00
1.922191619873046875e+00,1.576592350006103516e+01
1.697456836700439453e+00,4.565422058105468750e+00
4.682193696498870850e-01,1.749381422996520996e-01
1.447166204452514648e+00,3.004038810729980469e+00
1.713295221328735352e+00,1.595604801177978516e+01
2.912408113479614258e+00,7.898333549499511719e+00
1.768959045410156250e+00,1.583920288085937500e+01
2.161342144012451172e+00,1.545983600616455078e+01
1.693605661392211914e+00,1.604087257385253906e+01
2.865298986434936523e+00,1.256298065185546875e+01
1.642731904983520508e+00,4.261833190917968750e+00
1.764403820037841797e+00,1.593326282501220703e+01
7.511581182479858398e-01,3.408357203006744385e-01
1.993446350097656250e+00,1.570713424682617188e+01
6.420345902442932129e-01,2.462421417236328125e+00
1.095962643623352051e+00,2.259601593017578125e+00
1.780404806137084961e+00,1.594405531883239746e+00
1.613186597824096680e+00,1.488761067390441895e+00
1.585537910461425781e+00,1.596109867095947266e+01
9.847487807273864746e-01,2.838800191879272461e+00
1.169171333312988281e+00,7.781382083892822266e+00
2.353936910629272461e+00,1.342319393157958984e+01
2.073991298675537109e+00,1.557798480987548828e+01
1.873824119567871094e+00,8.041584968566894531e+00
6.129018664360046387e-01,4.303123354911804199e-01
1.784341096878051758e+00,1.364375400543212891e+01
1.061481714248657227e+00,4.631486415863037109e+00
1.962401628494262695e+00,1.567172336578369141e+01
1.960702419281005859e+00,9.167835235595703125e+00
3.133662939071655273e-01,-1.674959957599639893e-01
4.728453755378723145e-01,7.816940546035766602e-02
9.943627715110778809e-01,1.299225807189941406e+00
2.011294364929199219e+00,9.416093826293945312e+00
2.387083768844604492e+00,7.627904891967773438e+00
2.200013875961303711e+00,1.555739498138427734e+01
2.125966310501098633e+00,1.577702713012695312e+01
1.949941158294677734e+00,5.813141345977783203e+00
2.508438348770141602e+00,1.360059356689453125e+01
1.351477384567260742e+00,4.462918341159820557e-01
1.038647174835205078e+00,1.613475990295410156e+01
7.504737973213195801e-01,2.425863027572631836e+00
1.955335140228271484e+00,6.704296112060546875e+00
2.300902605056762695e+00,1.507942008972167969e+01
2.137420654296875000e+00,1.556941127777099609e+01
1.857008695602416992e+00,1.317188644409179688e+01
8.136971592903137207e-01,3.707409858703613281e+00
4.306020140647888184e-01,-5.027323961257934570e-02
7.442161440849304199e-01,-4.319623112678527832e-02
2.235222339630126953e+00,9.998320579528808594e+00
1.959241628646850586e+00,5.508260250091552734e+00
2.000461578369140625e+00,1.555876255035400391e+01
1.596352458000183105e+00,1.599635219573974609e+01
1.199131131172180176e+00,1.715323090553283691e+00
3.626070261001586914e+00,1.112933063507080078e+01
1.907451391220092773e+00,5.320866584777832031e+00
1.790185093879699707e+00,1.588754367828369141e+01
1.428991794586181641e+00,1.597678470611572266e+01
1.643795728683471680e+00,6.106353998184204102e-01
1.847558736801147461e+00,1.577065277099609375e+01
8.473244905471801758e-01,2.223243862390518188e-01
2.214688062667846680e+00,9.686301231384277344e+00
1.556654334068298340e+00,7.757616519927978516e+00
1.547044873237609863e+00,1.595032596588134766e+01
7.833639979362487793e-01,9.077402949333190918e-02
1.976343840360641479e-01,3.584390282630920410e-01
2.443114995956420898e+00,5.993399143218994141e+00
1.833832025527954102e+00,4.967486858367919922e+00
1.978701591491699219e+00,6.168623447418212891e+00
1.688680648803710938e+00,1.593290710449218750e+01
2.095726251602172852e+00,1.031874752044677734e+01
2.118107318878173828e+00,6.166550636291503906e+00
2.261433362960815430e+00,4.535433769226074219e+00
1.388323187828063965e+00,1.225530743598937988e+00
2.068668365478515625e+00,1.563643836975097656e+01
3.215323686599731445e+00,9.372553825378417969e+00
2.217835903167724609e+00,9.846791267395019531e+00
2.381318807601928711e+00,3.920969724655151367e+00
1.188598632812500000e+00,1.602884101867675781e+01
2.524620294570922852e+00,1.511921501159667969e+01
1.701620340347290039e+00,1.591644573211669922e+01
1.609179377555847168e+00,8.025646209716796875e-01
2.122338771820068359e+00,1.562870502471923828e+01
1.689855337142944336e+00,1.594895935058593750e+01
1.449919700622558594e+00,1.602469253540039062e+01
2.356657505035400391e+00,1.548277091979980469e+01
1.700980901718139648e+00,1.592418479919433594e+01
1.651152849197387695e+00,1.598518562316894531e+01
9.673962593078613281e-01,9.882930517196655273e-01
1.905109167098999023e+00,4.854980468750000000e+00
2.759384632110595703e+00,6.640899658203125000e+00
1.955078601837158203e+00,1.688146591186523438e+00
1.578937292098999023e+00,1.597998332977294922e+01
2.009831666946411133e+00,2.998942375183105469e+00
2.467720270156860352e+00,4.369039058685302734e+00
1.202184677124023438e+00,-2.102210521697998047e-01
1.978098869323730469e+00,1.572748541831970215e+00
2.247128009796142578e+00,1.494208812713623047e+01
1.655391216278076172e+00,2.412398099899291992e+00
1.398016810417175293e+00,7.132009863853454590e-01
1.781920909881591797e+00,1.134800815582275391e+01
1.596430540084838867e+00,1.593635654449462891e+01
2.210164785385131836e+00,1.247522830963134766e+01
1.663294553756713867e+00,1.329706001281738281e+01
2.288093566894531250e+00,1.526791286468505859e+01
2.588573694229125977e+00,1.281355381011962891e+01
1.417152881622314453e+00,2.174948453903198242e+00
1.107725024223327637e+00,4.764821529388427734e+00
2.075971841812133789e+00,1.560168361663818359e+01
1.485939502716064453e+00,8.503579497337341309e-01
1.141423583030700684e+00,6.630219936370849609e+00
2.433200597763061523e+00,1.404672718048095703e+01
1.429261684417724609e+00,1.242442131042480469e+00
3.319448709487915039e+00,7.761536598205566406e+00
1.420562744140625000e+00,-4.288187623023986816e-02
1.599360585212707520e+00,7.268573284149169922e+00
1.784436702728271484e+00,1.583303356170654297e+01
1.862054586410522461e+00,8.676549911499023438e+00
1.902922272682189941e+00,6.988245010375976562e+00
1.268948316574096680e+00,1.580802917480468750e+01
1.413815021514892578e+00,3.604718685150146484e+00
2.176104784011840820e+00,8.930462837219238281e+00
6.984560489654541016e-01,2.094960212707519531e+00
7.397395968437194824e-01,-1.757307052612304688e-01
1.793580174446105957e+00,1.580552196502685547e+01
2.056012868881225586e+00,1.567605590820312500e+01
2.511134624481201172e+00,1.331887054443359375e+01
1.808286070823669434e+00,4.868857860565185547e+00
2.512390136718750000e+00,1.184213066101074219e+01
2.363360643386840820e+00,6.871305465698242188e+00
8.036739230155944824e-01,3.047541856765747070e+00
2.212790012359619141e+00,1.565324878692626953e+01
1.182443380355834961e+00,2.267292976379394531e+00
2.096220970153808594e+00,7.307168483734130859e+00
1.724199533462524414e+00,1.585842227935791016e+01
1.241474866867065430e+00,8.432523012161254883e-01
1.168210148811340332e+00,9.447269439697265625e-01
1.999028325080871582e+00,1.299479198455810547e+01
2.031588792800903320e+00,1.066805934906005859e+01
1.457231044769287109e+00,1.984855175018310547e+00
1.425685644149780273e+00,5.374601840972900391e+00
1.873188018798828125e+00,6.649428367614746094e+00
2.176701784133911133e+00,1.340541744232177734e+01
2.664587020874023438e+00,1.179501152038574219e+01
2.646039962768554688e+00,1.156412506103515625e+01
1.944489955902099609e+00,5.352016448974609375e+00
2.405138254165649414e+00,7.068256855010986328e+00
1.427203416824340820e+00,8.157392501831054688e+00
1.654280424118041992e+00,1.585686874389648438e+01
1.261241197586059570e+00,2.649227857589721680e+00
9.098033308982849121e-01,2.777298390865325928e-01
1.261853694915771484e+00,3.127813577651977539e+00
1.107989788055419922e+00,3.558633089065551758e+00
6.580182909965515137e-01,1.828783035278320312e+00
1.529199242591857910e+00,8.544118881225585938e+00
1.846023917198181152e+00,1.239291286468505859e+01
1.973944157361984253e-02,-2.735105752944946289e-01
2.330600976943969727e+00,1.514822387695312500e+01
2.020513772964477539e+00,1.076982116699218750e+01
2.357610940933227539e+00,6.368381977081298828e+00
1.062576532363891602e+00,1.582874298095703125e+00
1.876766443252563477e+00,1.573856353759765625e+01
2.045869588851928711e+00,1.557903194427490234e+01
1.747838258743286133e+00,1.577848434448242188e+01
1.210448503494262695e+00,5.298472881317138672e+00
1.096509456634521484e+00,2.827183723449707031e+00
1.759611368179321289e+00,5.601168155670166016e+00
1.719421863555908203e+00,1.576847934722900391e+01
1.363202095031738281e+00,1.877971172332763672e+00
5.115017890930175781e-01,9.668642878532409668e-01
2.272417783737182617e+00,1.540922355651855469e+01
1.499666213989257812e+00,8.759814500808715820e-01
1.129773378372192383e+00,6.559141278266906738e-01
1.213113069534301758e+00,2.153200864791870117e+00
2.077908754348754883e+00,2.159995079040527344e+00
1.370469093322753906e+00,2.873459339141845703e+00
1.904304504394531250e+00,1.585226249694824219e+01
2.104580640792846680e+00,1.503012180328369141e+01
1.175827503204345703e+00,1.612632942199707031e+01
2.379548072814941406e+00,1.504991245269775391e+01
1.835693955421447754e+00,4.692953586578369141e+00
1.636095285415649414e+00,7.212913513183593750e+00
1.554957509040832520e+00,5.919901371002197266e+00
2.137301683425903320e+00,3.199815273284912109e+00
1.669341564178466797e+00,4.095101833343505859e+00
2.118455171585083008e+00,5.271830558776855469e+00
2.487182378768920898e+00,1.098349475860595703e+01
2.357576847076416016e+00,9.945971488952636719e+00
2.365191936492919922e+00,9.552796363830566406e+00
1.836782455444335938e+00,1.574652385711669922e+01
8.086785674095153809e-01,3.228222429752349854e-01
1.839601039886474609e+00,5.406292438507080078e+00
2.379284620285034180e+00,1.541957092285156250e+01
1.532344102859497070e+00,6.690131187438964844e+00
1.562807083129882812e+00,1.598563861846923828e+01
2.243523120880126953e+00,9.600703239440917969e+00
1.341771364212036133e+00,4.726085186004638672e+00
2.109254598617553711e+00,1.535784626007080078e+01
1.935825347900390625e+00,1.583677768707275391e+01
1.770571827888488770e+00,1.154192447662353516e+00
1.053391218185424805e+00,3.080562114715576172e+00
2.013550519943237305e+00,1.334534358978271484e+01
1.712901830673217773e+00,2.654663801193237305e+00
1.401296138763427734e+00,1.208700895309448242e+00
1.841912150382995605e+00,1.581722736358642578e+01
2.179838418960571289e+00,3.535517692565917969e+00
1.724493503570556641e+00,4.323175430297851562e+00
1.852811336517333984e+00,1.860262393951416016e+00
2.256324291229248047e+00,3.868776798248291016e+00
1.140495061874389648e+00,8.119388580322265625e+00
1.662719249725341797e+00,2.106694698333740234e+00
1.274660110473632812e+00,2.050871133804321289e+00
1.101765990257263184e+00,3.575781285762786865e-01
1.402815580368041992e+00,3.638310432434082031e+00
1.703315258026123047e+00,1.996212363243103027e+00
2.581282615661621094e+00,1.494007968902587891e+01
1.419788241386413574e+00,6.881617069244384766e+00
2.720305681228637695e+00,8.218349218368530273e-01
2.135437726974487305e+00,8.442067146301269531e+00
1.318334817886352539e+00,2.505544185638427734e+00
2.159664392471313477e+00,1.550131702423095703e+01
1.558795690536499023e+00,4.043247699737548828e+00
1.774925708770751953e+00,1.583348083496093750e+01
1.949187994003295898e+00,1.580475139617919922e+01
1.650726437568664551e+00,7.650143504142761230e-01
1.983831048011779785e+00,1.576020431518554688e+01
1.500809788703918457e+00,2.822556972503662109e+00
2.448913097381591797e+00,1.423961162567138672e+01
2.186445713043212891e+00,1.468752193450927734e+01
2.449729681015014648e+00,1.316103744506835938e+01
2.315277814865112305e+00,1.514820766448974609e+01
1.676265239715576172e+00,-7.801687717437744141e-02
1.876672744750976562e+00,1.579517650604248047e+01
9.959544539451599121e-01,1.313203811645507812e+00
2.457334280014038086e+00,6.212045192718505859e+00
1.477823495864868164e+00,1.580173778533935547e+01
2.280496120452880859e+00,1.448851776123046875e+01
1.946210145950317383e+00,1.578771686553955078e+01
9.875333309173583984e-01,4.027464389801025391e+00
2.561536073684692383e+00,1.049496936798095703e+01
8.771528601646423340e-01,3.378240346908569336e+00
1.736966133117675781e+00,1.594530582427978516e+01
1.138828277587890625e+00,5.902864933013916016e-01
1.785274028778076172e+00,1.589918994903564453e+01
1.188883066177368164e+00,1.610918426513671875e+01
1.394970774650573730e+00,1.098716020584106445e+00
1.591294765472412109e+00,4.408465862274169922e+00
2.018088579177856445e+00,1.606636643409729004e+00
2.401337862014770508e+00,1.225168418884277344e+01
1.989217042922973633e+00,1.560989856719970703e+01
1.547335982322692871e+00,1.597695446014404297e+01
1.885360717773437500e+00,8.465657234191894531e+00
2.555598497390747070e+00,1.348229885101318359e+01
1.338858246803283691e+00,2.499170303344726562e+00
2.175315856933593750e+00,1.568715000152587891e+01
1.193107366561889648e+00,4.846467971801757812e+00
1.266824364662170410e+00,5.049698829650878906e+00
1.309800624847412109e+00,2.014150619506835938e+00
2.176731109619140625e+00,1.555870342254638672e+01
1.687323927879333496e+00,1.595376396179199219e+01
1.699916601181030273e+00,1.549755382537841797e+01
1.070947766304016113e+00,1.560435295104980469e+00
2.599519252777099609e+00,1.488522052764892578e+01
1.564042329788208008e+00,2.900404453277587891e+00
1.630685687065124512e+00,1.594843387603759766e+01
9.395475387573242188e-01,5.283971309661865234e+00
1.331235647201538086e+00,7.626149654388427734e-01
1.723937869071960449e+00,6.525506496429443359e+00
2.624757528305053711e+00,1.405990314483642578e+01
1.231405735015869141e+00,5.471447706222534180e-01
1.905137181282043457e+00,1.591338253021240234e+01
9.876235723495483398e-01,6.564905643463134766e-01
1.291037321090698242e+00,2.158940315246582031e+00
1.447812557220458984e+00,1.594346714019775391e+01
1.339608907699584961e+00,4.245073318481445312e+00
1.220116853713989258e+00,1.311896562576293945e+00
1.404542207717895508e+00,3.681998252868652344e+00
1.703568220138549805e+00,4.856977939605712891e+00
1.062468051910400391e+00,5.957171320915222168e-01
1.204664826393127441e+00,1.334995150566101074e+00
1.521070241928100586e+00,1.598700046539306641e+01
2.212248563766479492e+00,1.553048038482666016e+01
2.224027395248413086e+00,1.548936557769775391e+01
1.454797744750976562e+00,1.495504498481750488e+00
1.863778829574584961e+00,1.576701736450195312e+01
1.941526770591735840e+00,1.576393222808837891e+01
1.727548360824584961e+00,1.583855533599853516e+01
1.551855683326721191e+00,5.233923435211181641e+00
1.242374420166015625e+00,3.072011709213256836e+00
1.741504669189453125e+00,1.587337398529052734e+01
1.244179964065551758e+00,1.599708080291748047e+01
9.112874865531921387e-01,3.057183325290679932e-01
1.975749254226684570e+00,8.604224205017089844e+00
2.404870986938476562e+00,1.543639564514160156e+01
1.296829581260681152e+00,4.557883441448211670e-01
1.763517141342163086e+00,7.051572322845458984e+00
1.744451880455017090e+00,1.590419578552246094e+01
1.442467689514160156e+00,8.304005265235900879e-01
1.799553394317626953e+00,7.006410121917724609e+00
1.581390857696533203e+00,1.594814777374267578e+01
2.213114976882934570e+00,1.550034236907958984e+01
2.279976367950439453e+00,9.508862495422363281e+00
2.235935926437377930e+00,1.269870853424072266e+01
1.854568719863891602e+00,6.689945697784423828e+00
1.175233602523803711e+00,2.896822452545166016e+00
2.171428918838500977e+00,1.025739288330078125e+01
1.422972202301025391e+00,5.283683300018310547e+00
1.692926883697509766e+00,2.512393236160278320e+00
1.608041882514953613e+00,2.110317707061767578e+00
1.125316739082336426e+00,5.581552028656005859e+00
6.239262223243713379e-01,4.886306285858154297e+00
2.789948225021362305e+00,1.135278511047363281e+01
1.345305442810058594e+00,6.548232555389404297e+00
2.037802696228027344e+00,1.571059322357177734e+01
1.289221525192260742e+00,5.989503383636474609e+00
2.566435575485229492e+00,7.515408992767333984e+00
1.688658356666564941e+00,1.065389347076416016e+01
8.296701908111572266e-01,1.145251631736755371e+00
1.620746374130249023e+00,4.257638931274414062e+00
1.409642457962036133e+00,1.609080123901367188e+01
1.934727549552917480e+00,4.881438732147216797e+00
1.415204524993896484e+00,9.763438224792480469e+00
1.269659757614135742e+00,1.897332906723022461e+00
9.437858462333679199e-01,5.877845287322998047e+00
1.768566370010375977e+00,5.301677227020263672e+00
1.976747274398803711e+00,6.955698966979980469e+00
2.474216222763061523e+00,1.483722877502441406e+01
2.208958864212036133e+00,1.550929737091064453e+01
2.451809406280517578e+00,1.419311428070068359e+01
2.313909769058227539e+00,1.536295127868652344e+01
1.622425198554992676e+00,1.600351715087890625e+01
1.829190731048583984e+00,1.581715106964111328e+01
2.222191333770751953e+00,1.198058128356933594e+01
1.561540842056274414e+00,2.181107044219970703e+00
1.465784788131713867e+00,1.598528575897216797e+01
1.523988604545593262e+00,3.747460365295410156e+00
9.685498476028442383e-01,1.809514164924621582e+00
1.678978800773620605e+00,2.211738109588623047e+00
2.736156225204467773e+00,1.349642658233642578e+01
2.056017160415649414e+00,1.305672454833984375e+01
1.707181215286254883e+00,4.571654319763183594e+00
1.644436597824096680e+00,1.594406700134277344e+01
1.769577741622924805e+00,1.583586597442626953e+01
1.683445453643798828e+00,1.591175174713134766e+01
1.964082241058349609e+00,1.170518779754638672e+01
1.421721458435058594e+00,2.798618555068969727e+00
9.548432230949401855e-01,5.442152619361877441e-01
4.171975851058959961e-01,2.699539184570312500e+00
1.966760158538818359e+00,2.165183067321777344e+00
1.484589338302612305e+00,5.098463535308837891e+00
2.249456644058227539e+00,1.561794853210449219e+01
1.744098186492919922e+00,1.595571899414062500e+01
1.651941776275634766e+00,1.119235897064208984e+01
1.922731518745422363e+00,8.705866813659667969e+00
1.870288729667663574e+00,2.481846809387207031e+00
2.675424814224243164e+00,1.256946563720703125e+01
1.059172630310058594e+00,3.685462713241577148e+00
2.135146379470825195e+00,1.576923465728759766e+01
2.630668878555297852e+00,1.264507389068603516e+01
2.088803768157958984e+00,1.558216571807861328e+01
8.694331049919128418e-01,-1.597915738821029663e-01
1.406280755996704102e+00,8.414162635803222656e+00
1.934903860092163086e+00,8.008958816528320312e+00
1.054323554039001465e+00,4.847111225128173828e+00
2.217996120452880859e+00,1.314934444427490234e+01
4.168461263179779053e-01,9.564396142959594727e-01
-1.755267828702926636e-01,2.243393182754516602e+00
2.486366033554077148e+00,1.333671474456787109e+01
1.800423145294189453e+00,1.581001091003417969e+01
1.852575182914733887e+00,6.710938453674316406e+00
1.149216651916503906e+00,1.401885032653808594e+01
2.819492816925048828e-01,2.498354762792587280e-01
1.327438354492187500e+00,1.286574959754943848e+00
8.292388916015625000e-01,4.353959858417510986e-01
9.320194125175476074e-01,3.179387152194976807e-01
1.733957529067993164e+00,1.562453866004943848e+00
2.268404722213745117e+00,1.482074642181396484e+01
1.757099390029907227e+00,4.241343021392822266e+00
1.510962843894958496e+00,7.944381237030029297e-01
2.812935113906860352e+00,1.195559024810791016e+01
1.880383133888244629e+00,7.651299953460693359e+00
2.575117111206054688e+00,1.529062557220458984e+01
4.356159865856170654e-01,2.827526330947875977e+00
1.489211559295654297e+00,1.588833904266357422e+01
1.966425657272338867e+00,1.578260135650634766e+01
6.855283975601196289e-01,2.838028907775878906e+00
1.327403903007507324e+00,6.877332925796508789e-01
1.300827264785766602e+00,3.796166181564331055e+00
1.797745943069458008e+00,3.640657663345336914e+00
1.711596727371215820e+00,4.789461612701416016e+00
2.047478914260864258e+00,1.567535495758056641e+01
1.895573616027832031e+00,1.094443607330322266e+01
2.364928007125854492e+00,1.345762825012207031e+01
1.975514650344848633e+00,1.523125171661376953e+01
4.781828224658966064e-01,2.300554752349853516e+00
2.088873624801635742e+00,1.562393283843994141e+01
1.636299133300781250e+00,1.587498569488525391e+01
1.922709703445434570e+00,1.580925273895263672e+01
1.229887962341308594e+00,4.520066261291503906e+00
4.239072799682617188e-01,-8.259431123733520508e-01
2.319867610931396484e+00,1.226666212081909180e+00
1.704572081565856934e+00,3.781548261642456055e+00
2.402838706970214844e+00,8.504486083984375000e+00
1.745822191238403320e+00,1.584785938262939453e+01
1.498571157455444336e+00,9.086554527282714844e+00
1.867408990859985352e+00,9.648480415344238281e+00
1.439532518386840820e+00,2.793813467025756836e+00
1.428581118583679199e+00,2.719731807708740234e+00
1.459918498992919922e+00,1.629980325698852539e+00
1.495809078216552734e+00,1.602223777770996094e+01
1.624890565872192383e+00,1.596422767639160156e+01
1.337536334991455078e+00,8.442367315292358398e-01
1.326283097267150879e+00,1.560629963874816895e+00
1.213827133178710938e+00,6.035647869110107422e+00
8.986002802848815918e-01,4.206887781620025635e-01
1.159862756729125977e+00,1.028399109840393066e+00
1.436120510101318359e+00,8.707307815551757812e+00
1.736975312232971191e+00,1.591886997222900391e+01
1.892816066741943359e+00,1.574536895751953125e+01
1.564486980438232422e+00,6.971216678619384766e+00
1.808106899261474609e+00,1.901297211647033691e+00
2.501682996749877930e+00,1.317480659484863281e+01
2.312739133834838867e+00,1.516588306427001953e+01
1.025222063064575195e+00,3.824358940124511719e+00
1.855064153671264648e+00,1.575245857238769531e+01
1.389727592468261719e+00,4.166102886199951172e+00
2.010624170303344727e+00,5.355191230773925781e+00
2.236060380935668945e+00,1.556684780120849609e+01
2.463698148727416992e+00,1.321099472045898438e+01
1.607494711875915527e+00,1.590296363830566406e+01
1.730082631111145020e+00,8.688524246215820312e+00
1.469468593597412109e+00,7.102524757385253906e+00
2.199831008911132812e+00,1.082642459869384766e+01
2.757578611373901367e+00,1.393899250030517578e+01
1.785582900047302246e+00,8.308577537536621094e+00
2.192959547042846680e+00,1.535284328460693359e+01
2.060752868652343750e+00,1.563403129577636719e+01
1.962144613265991211e+00,7.495606422424316406e+00
1.654958963394165039e+00,2.508570194244384766e+00
1.322710633277893066e+00,3.199591636657714844e+00
1.688426136970520020e+00,7.419086456298828125e+00
1.424816727638244629e+00,5.192163944244384766e+00
1.467539548873901367e+00,6.659132957458496094e+00
5.406698584556579590e-01,2.944380231201648712e-02
2.410609245300292969e+00,1.499723148345947266e+01
1.495023965835571289e+00,7.567338347434997559e-01
1.316843271255493164e+00,7.552173614501953125e+00
2.015742540359497070e+00,1.578503036499023438e+01
1.869847059249877930e+00,1.583158493041992188e+01
6.563263535499572754e-01,4.853529036045074463e-01
2.662184476852416992e+00,7.461719036102294922e+00
1.376892328262329102e+00,4.551798343658447266e+00
1.846377849578857422e+00,1.572164440155029297e+01
2.127509355545043945e+00,1.560591793060302734e+01
2.008013248443603516e+00,1.567754268646240234e+01
1.091285228729248047e+00,2.820318460464477539e+00
2.257341861724853516e+00,1.513661098480224609e+01
1.810399532318115234e+00,5.936895847320556641e+00
1.356467962265014648e+00,4.544129848480224609e+00
1.876054525375366211e+00,4.839716434478759766e+00
9.009563922882080078e-01,1.146757304668426514e-01
1.452943801879882812e+00,1.596692085266113281e+01
7.040242552757263184e-01,-1.264961361885070801e-01
1.829688906669616699e+00,1.587337303161621094e+01
1.481381893157958984e+00,3.164514064788818359e+00
2.048818588256835938e+00,1.333575725555419922e+01
1.751726150512695312e+00,7.145455837249755859e+00
7.512412667274475098e-01,3.062024593353271484e+00
2.096525430679321289e+00,8.997328758239746094e+00
1.562730908393859863e+00,8.073033332824707031e+00
2.518042087554931641e+00,1.030902194976806641e+01
1.339712262153625488e+00,7.655168175697326660e-01
1.051210403442382812e+00,7.176929712295532227e-01
1.805188059806823730e+00,1.592672634124755859e+01
1.769722700119018555e+00,4.959538936614990234e+00
7.493175864219665527e-01,2.091995924711227417e-01
2.074942827224731445e+00,1.396702671051025391e+01
2.299754381179809570e+00,1.561967754364013672e+01
2.165068149566650391e+00,1.567492389678955078e+01
1.569725871086120605e+00,5.756200313568115234e+00
1.429705381393432617e+00,2.969578027725219727e+00
1.754062414169311523e+00,8.873528480529785156e+00
1.463280916213989258e+00,5.759290695190429688e+00
2.561702728271484375e+00,1.044277858734130859e+01
1.393077492713928223e+00,1.599421691894531250e+01
1.269766211509704590e+00,3.538228273391723633e-01
1.371332406997680664e+00,3.902067661285400391e+00
2.590943098068237305e+00,1.467525482177734375e+01
4.357672631740570068e-01,2.827555894851684570e+00
1.521042346954345703e+00,1.051384925842285156e+00
2.892712354660034180e+00,7.291581153869628906e+00
1.807208418846130371e+00,4.637369155883789062e+00
1.343221902847290039e+00,7.195672988891601562e-01
1.048971176147460938e+00,3.974334716796875000e+00
1.436650276184082031e+00,1.607433128356933594e+01
2.238194227218627930e+00,1.246345043182373047e+01
1.264522314071655273e+00,1.075873732566833496e+00
1.190726280212402344e+00,6.372574567794799805e-01
1.841426253318786621e+00,4.648528575897216797e+00
1.304189920425415039e+00,9.323124885559082031e+00
2.148303985595703125e+00,5.867215156555175781e+00
1.535532951354980469e+00,8.280341148376464844e+00
1.514894723892211914e+00,1.599335861206054688e+01
1.583736896514892578e+00,6.665849685668945312e-02
1.447938680648803711e+00,4.721447467803955078e+00
1.026242971420288086e+00,4.169077575206756592e-01
4.307758510112762451e-01,7.625935077667236328e-01
2.419986963272094727e+00,9.964436531066894531e+00
1.476537704467773438e+00,3.191987991333007812e+00
1.942223787307739258e+00,5.659661769866943359e+00
1.357127547264099121e+00,7.375293731689453125e+00
2.151763677597045898e+00,1.545569896697998047e+01
1.702352523803710938e+00,6.718037605285644531e+00
2.138359546661376953e+00,8.582782745361328125e+00
2.029878377914428711e+00,1.120918846130371094e+01
2.165048599243164062e+00,9.768370628356933594e+00
1.222892165184020996e+00,6.349426746368408203e+00
1.055866360664367676e+00,3.515550851821899414e+00
1.648455381393432617e+00,1.598835468292236328e+01
2.288645505905151367e+00,7.289741516113281250e+00
2.132624864578247070e+00,1.116065883636474609e+01
1.878127098083496094e+00,1.582535457611083984e+01
1.642824530601501465e+00,1.595872020721435547e+01
1.752924203872680664e+00,7.854903221130371094e+00
1.658915996551513672e+00,4.879206657409667969e+00
1.505294442176818848e+00,6.787185192108154297e+00
2.045963525772094727e+00,4.889085292816162109e+00
2.012974023818969727e+00,9.443172454833984375e+00
4.845696091651916504e-01,8.625926449894905090e-03
1.404774665832519531e+00,8.566248893737792969e+00
2.771213769912719727e+00,1.340442562103271484e+01
1.613047361373901367e+00,1.478560066223144531e+01
3.588546216487884521e-01,1.162699818611145020e+00
2.088044881820678711e+00,9.295073509216308594e+00
1.783874988555908203e+00,1.596544170379638672e+01
1.335521101951599121e+00,4.659786224365234375e+00
1.348808407783508301e+00,5.833819866180419922e+00
1.467080831527709961e+00,1.940317451953887939e-01
2.394064664840698242e+00,1.156031131744384766e+01
1.270353555679321289e+00,5.734132289886474609e+00
1.509403467178344727e+00,1.035279178619384766e+01
1.724661707878112793e+00,6.990220069885253906e+00
1.997521042823791504e+00,2.657100200653076172e+00
1.146558046340942383e+00,7.141467571258544922e+00
1.076906204223632812e+00,4.180632114410400391e+00
1.863835334777832031e+00,1.589570045471191406e+01
1.857079267501831055e+00,6.121477603912353516e+00
1.818860292434692383e+00,2.527344226837158203e+00
2.052639245986938477e+00,1.567133617401123047e+01
1.670703649520874023e+00,1.270803070068359375e+01
1.543058633804321289e+00,8.166819810867309570e-01
5.881969928741455078e-01,3.455745875835418701e-01
1.744381189346313477e+00,8.861533164978027344e+00
7.368875741958618164e-01,2.624819278717041016e-01
1.768738627433776855e+00,1.574180889129638672e+01
1.612171292304992676e+00,8.298636436462402344e+00
1.593195319175720215e+00,9.923103332519531250e+00
1.533921599388122559e+00,1.605226135253906250e+01
1.792652368545532227e+00,1.593813800811767578e+01
2.069655418395996094e+00,1.006640911102294922e+01
2.132412910461425781e+00,1.560085391998291016e+01
1.340000033378601074e+00,9.252113103866577148e-01
2.698443174362182617e+00,1.413122844696044922e+01
2.443483591079711914e+00,7.002179622650146484e+00
1.700162172317504883e+00,3.492915630340576172e+00
1.411108374595642090e+00,1.603130912780761719e+01
2.043571233749389648e+00,1.483687782287597656e+01
2.460492372512817383e+00,1.481208229064941406e+01
2.448621988296508789e+00,9.626345634460449219e+00
1.556879997253417969e+00,1.585391330718994141e+01
2.094434022903442383e+00,1.002488517761230469e+01
2.039281129837036133e+00,1.560975742340087891e+01
1.771175146102905273e+00,7.167538642883300781e+00
5.217351317405700684e-01,2.382211685180664062e-01
1.056588172912597656e+00,-1.196655929088592529e-01
1.897511124610900879e+00,1.349757003784179688e+01
1.191048979759216309e+00,3.880593776702880859e+00
1.115641474723815918e+00,6.866004467010498047e+00
1.217743992805480957e+00,1.613566207885742188e+01
1.311705112457275391e+00,3.996752023696899414e+00
2.178882837295532227e+00,4.779730319976806641e+00
1.912905335426330566e+00,9.811549186706542969e+00
1.879235267639160156e+00,1.591316795349121094e+01
1.527138233184814453e+00,7.181010723114013672e+00
1.546988725662231445e+00,5.380742549896240234e+00
8.330143094062805176e-01,4.818291187286376953e+00
1.888992547988891602e+00,1.584283447265625000e+01
1.558843970298767090e+00,1.305966973304748535e+00
1.351840257644653320e+00,1.608882713317871094e+01
2.755052328109741211e+00,1.444652652740478516e+01
1.638327956199645996e+00,3.641272544860839844e+00
6.736764311790466309e-01,1.525917291641235352e+00
1.567225217819213867e+00,2.083712816238403320e+00
1.445159673690795898e+00,1.911306381225585938e+00
1.534077525138854980e+00,1.020906734466552734e+01
2.150835514068603516e+00,1.444890499114990234e+01
1.434308052062988281e+00,2.130318403244018555e+00
1.774575948715209961e+00,1.564860820770263672e+01
1.759640455245971680e+00,4.261805057525634766e+00
1.651850938796997070e+00,7.405357837677001953e+00
3.271817862987518311e-01,-5.503416061401367188e-02
1.365384817123413086e+00,1.549767732620239258e+00
1.344539165496826172e+00,3.869417190551757812e+00
1.152743935585021973e+00,4.746305942535400391e+00
2.083156824111938477e+00,7.604578495025634766e+00
2.114048719406127930e+00,6.317151069641113281e+00
1.423138618469238281e+00,1.309468865394592285e+00
1.890665650367736816e+00,8.521227836608886719e+00
1.502887487411499023e+00,6.024089336395263672e+00
1.292187929153442383e+00,1.610275840759277344e+01
1.684215784072875977e+00,4.128781795501708984e+00
1.210920095443725586e+00,4.227865040302276611e-01
1.392678141593933105e+00,6.297938227653503418e-01
2.179959774017333984e+00,1.549617576599121094e+01
2.756810665130615234e+00,7.352748394012451172e+00
1.942446827888488770e+00,1.314345645904541016e+01
1.842533826828002930e+00,7.633873462677001953e+00
1.920819759368896484e+00,8.706962466239929199e-01
1.961889743804931641e+00,1.572866535186767578e+01
7.917189002037048340e-01,3.659185469150543213e-01
2.361345052719116211e+00,1.546613311767578125e+01
1.754786491394042969e+00,6.891098499298095703e+00
2.178730726242065430e+00,1.452681636810302734e+01
1.169740080833435059e+00,1.932680606842041016e+00
2.114950418472290039e+00,5.355734825134277344e+00
2.440436363220214844e+00,1.460999011993408203e+01
2.013364553451538086e+00,1.513910007476806641e+01
1.825805783271789551e+00,1.584714031219482422e+01
1.565349578857421875e+00,6.218345165252685547e-01
4.934634268283843994e-01,1.027821898460388184e-01
1.535765886306762695e+00,8.445485115051269531e+00
2.369535207748413086e+00,7.415948390960693359e+00
1.577216148376464844e+00,1.606613540649414062e+01
1.257107377052307129e+00,2.510453701019287109e+00
2.456417322158813477e+00,1.256281757354736328e+01
8.717310428619384766e-01,1.869801878929138184e-01
2.220978975296020508e+00,1.558453369140625000e+01
2.255068540573120117e+00,8.928322792053222656e+00
1.730301618576049805e+00,1.436563134193420410e+00
2.356851339340209961e+00,1.287575912475585938e+01
1.904970526695251465e+00,8.824643135070800781e+00
1.364546775817871094e+00,1.598252582550048828e+01
2.745527029037475586e+00,1.491776943206787109e+01
1.366675376892089844e+00,6.468982219696044922e+00
1.792027711868286133e+00,1.587955474853515625e+01
9.451569914817810059e-01,1.371988296508789062e+00
5.527510046958923340e-01,4.247768521308898926e-01
1.554942727088928223e+00,1.595284938812255859e+01
1.773788452148437500e+00,7.077402591705322266e+00
1.822520971298217773e+00,1.591720962524414062e+01
9.948140978813171387e-01,1.624413490295410156e+01
9.388831853866577148e-01,5.963299870491027832e-01
1.915277957916259766e+00,7.884548664093017578e+00
1.822674036026000977e+00,7.749804019927978516e+00
1.991861820220947266e+00,6.650080204010009766e+00
2.034418821334838867e+00,6.686076164245605469e+00
8.319333791732788086e-01,3.840750753879547119e-01
2.105308771133422852e+00,1.567886829376220703e+01
2.175008058547973633e+00,1.511556434631347656e+01
1.816403627395629883e+00,1.160429286956787109e+01
2.064987897872924805e+00,1.568310070037841797e+01
2.001774549484252930e+00,1.566619491577148438e+01
1.864830732345581055e+00,1.590248298645019531e+01
1.134326219558715820e+00,1.357769012451171875e+00
1.631064176559448242e+00,2.187198877334594727e+00
1.978854894638061523e+00,1.572195148468017578e+01
2.006084680557250977e+00,9.610187530517578125e+00
1.190804243087768555e+00,9.437541365623474121e-01
1.745046019554138184e+00,6.826273441314697266e+00
2.445432424545288086e+00,7.513273715972900391e+00
8.241438865661621094e-01,1.505956888198852539e+00
1.713896036148071289e+00,1.539213418960571289e+00
1.229295969009399414e+00,6.465166807174682617e-01
1.927642941474914551e+00,1.571968364715576172e+01
7.549908161163330078e-01,2.467348337173461914e+00
1.550156116485595703e+00,1.596681499481201172e+01
1.697897672653198242e+00,1.598489856719970703e+01
1.448848128318786621e+00,1.604068946838378906e+01
1.444944977760314941e+00,1.258553981781005859e+00
1.583718180656433105e+00,1.589201259613037109e+01
1.022195100784301758e+00,1.188699913024902344e+01
1.675172448158264160e+00,1.403889560699462891e+01
1.858013391494750977e+00,4.929801464080810547e+00
2.245852947235107422e+00,1.540601539611816406e+01
8.823934793472290039e-01,4.981347620487213135e-01
1.196828603744506836e+00,6.123661398887634277e-01
1.463350534439086914e+00,1.604893112182617188e+01
2.243485927581787109e+00,1.363265895843505859e+01
2.719810724258422852e+00,8.820397377014160156e+00
2.548230409622192383e+00,1.312964439392089844e+01
1.310731053352355957e+00,3.651104450225830078e+00
1.114715576171875000e+00,1.326679348945617676e+00
2.620010614395141602e+00,1.249507808685302734e+01
2.242000579833984375e+00,7.873344898223876953e+00
8.917079567909240723e-01,3.689258813858032227e+00
1.456595182418823242e+00,3.325666785240173340e-01
-2.151327729225158691e-01,2.524135410785675049e-01
1.748770236968994141e+00,9.981154203414916992e-01
1.307125806808471680e+00,1.443751811981201172e+00
1.134668946266174316e+00,4.136559009552001953e+00
2.302067041397094727e+00,1.149353504180908203e+01
2.839715480804443359e+00,1.256718254089355469e+01
2.239732027053833008e+00,1.536241912841796875e+01
2.264456033706665039e+00,1.288773059844970703e+01
2.401426792144775391e+00,1.542376422882080078e+01
1.972038030624389648e+00,2.390027523040771484e+00
9.852235913276672363e-01,5.179284572601318359e+00
1.343417882919311523e+00,8.220131874084472656e+00
1.702792406082153320e+00,3.734681129455566406e+00
1.819063901901245117e+00,6.042593955993652344e+00
1.038344860076904297e+00,6.394916772842407227e-01
1.435716986656188965e+00,1.601043701171875000e+01
1.921207785606384277e+00,6.669609546661376953e+00
1.397405147552490234e+00,6.973080158233642578e+00
1.404140710830688477e+00,1.600790977478027344e+01
2.683464288711547852e+00,1.416352367401123047e+01
1.823195934295654297e+00,1.571140193939208984e+01
4.342264831066131592e-01,4.136904716491699219e+00
2.226770401000976562e+00,8.486514091491699219e+00
1.862251520156860352e+00,1.474959850311279297e+01
1.408743619918823242e+00,1.018824672698974609e+01
1.541589498519897461e+00,9.955489635467529297e-01
1.946363329887390137e+00,1.574042034149169922e+01
2.241849660873413086e+00,1.560703468322753906e+01
2.246039628982543945e+00,1.407359218597412109e+01
1.259238362312316895e+00,2.390257358551025391e+00
1.232137203216552734e+00,7.179227471351623535e-01
2.301665782928466797e+00,1.547428894042968750e+01
1.501890897750854492e+00,1.607530593872070312e+01
1.770148396492004395e+00,9.604603767395019531e+00
1.772630691528320312e+00,1.162673664093017578e+01
2.367169380187988281e+00,1.383943843841552734e+01
1.137792229652404785e+00,6.584383845329284668e-01
1.695245385169982910e+00,1.063715839385986328e+01
1.791954755783081055e+00,1.581892490386962891e+01
1.612230062484741211e+00,5.857077121734619141e+00
2.112689733505249023e+00,1.530009174346923828e+01
1.737659215927124023e+00,1.586037921905517578e+01
3.159842252731323242e+00,8.527503013610839844e+00
1.302552819252014160e+00,1.240021705627441406e+00
7.051737904548645020e-01,1.611786079406738281e+01
1.849206686019897461e+00,4.550307750701904297e+00
2.055223703384399414e+00,1.457261085510253906e+01
1.637563228607177734e+00,1.564288616180419922e+01
1.773714542388916016e+00,1.002706241607666016e+01
1.739827036857604980e+00,1.589432048797607422e+01
2.833726167678833008e+00,1.388535022735595703e+01
6.373582482337951660e-01,3.671843707561492920e-01
2.678889036178588867e+00,1.101260471343994141e+01
1.471795320510864258e+00,1.607222938537597656e+01
1.464600682258605957e+00,6.662336826324462891e+00
1.452587485313415527e+00,7.747690677642822266e+00
1.955368638038635254e+00,5.010054111480712891e+00
2.230447530746459961e+00,1.555006694793701172e+01
1.016375422477722168e+00,8.546946525573730469e+00
1.924019098281860352e+00,1.571831226348876953e+01
9.170992374420166016e-01,1.555687713623046875e+01
2.378868818283081055e+00,1.488963222503662109e+01
1.203297972679138184e+00,5.872669816017150879e-01
2.499274730682373047e+00,1.280356693267822266e+01
1.364733219146728516e+00,6.001508235931396484e-01
2.430288553237915039e+00,1.538678455352783203e+01
1.288902997970581055e+00,1.183563113212585449e+00
1.220163822174072266e+00,1.608911132812500000e+01
1.987483263015747070e+00,1.265690898895263672e+01
1.987727165222167969e+00,1.546394252777099609e+01
1.049538493156433105e+00,3.179343342781066895e-01
1.885150671005249023e+00,1.581948471069335938e+01
2.331844091415405273e+00,6.562910079956054688e+00
2.199282646179199219e+00,1.229698467254638672e+01
2.223159551620483398e+00,1.113518047332763672e+01
1.847363352775573730e+00,1.575159931182861328e+01
2.428586244583129883e+00,1.298731517791748047e+01
1.317051887512207031e+00,1.112175464630126953e+00
1.583277702331542969e+00,1.145145511627197266e+01
1.763123869895935059e+00,8.819983482360839844e+00
1.499051332473754883e+00,2.886538982391357422e+00
1.424923896789550781e+00,3.157530784606933594e+00
1.404681921005249023e+00,7.500329017639160156e+00
1.609421849250793457e+00,2.557448387145996094e+00
1.308875083923339844e+00,8.279953002929687500e-01
1.097221732139587402e+00,2.561104536056518555e+00
2.066796302795410156e+00,1.326593494415283203e+01
9.089519381523132324e-01,6.915658712387084961e-01
1.796793222427368164e+00,9.628760337829589844e+00
1.861584424972534180e+00,1.582684898376464844e+01
1.753548860549926758e+00,7.678125500679016113e-01
2.019467353820800781e+00,9.052620887756347656e+00
1.510235667228698730e+00,3.659934282302856445e+00
2.937603235244750977e+00,1.430646896362304688e+01
2.270747900009155273e+00,1.167721080780029297e+01
1.790082931518554688e+00,1.588154029846191406e+01
9.612662792205810547e-01,9.398523330688476562e+00
1.734610915184020996e+00,5.342156887054443359e-01
1.825496315956115723e+00,1.027275180816650391e+01
1.270080804824829102e+00,4.276853501796722412e-01
1.539032697677612305e+00,1.587719202041625977e+00
1.909242510795593262e+00,1.577137088775634766e+01
8.474481105804443359e-01,6.793229579925537109e-01
2.234582185745239258e+00,6.665641307830810547e+00
1.305435419082641602e+00,3.989101350307464600e-01
1.616372823715209961e+00,1.595536136627197266e+01
2.014174699783325195e+00,1.579772090911865234e+01
1.630902051925659180e+00,3.642473459243774414e+00
2.886762142181396484e+00,1.449261951446533203e+01
1.927815079689025879e+00,9.019814491271972656e+00
1.736580729484558105e+00,1.589639759063720703e+01
1.904152512550354004e+00,5.910070419311523438e+00
1.906314134597778320e+00,1.477742671966552734e+01
2.031200408935546875e+00,1.523370742797851562e+01
1.730898737907409668e+00,6.644359111785888672e+00
1.718907475471496582e+00,1.426031017303466797e+01
2.588176488876342773e+00,6.030929088592529297e+00
1.531824350357055664e+00,9.208172798156738281e+00
1.986840009689331055e+00,7.555565834045410156e+00
2.184971094131469727e+00,1.236187648773193359e+01
1.121670246124267578e+00,5.521451234817504883e-01
2.646452784538269043e-01,4.350176334381103516e+00
1.551207780838012695e+00,1.598524665832519531e+01
2.286159038543701172e+00,5.835830211639404297e+00
2.120378971099853516e+00,1.309448051452636719e+01
1.853077769279479980e+00,4.198894500732421875e+00
2.000732183456420898e+00,8.882044792175292969e+00
9.094571471214294434e-01,4.679705202579498291e-01
9.737528562545776367e-01,2.152725934982299805e+00
1.126669764518737793e+00,5.706893801689147949e-01
1.846944689750671387e+00,6.948060989379882812e+00
6.567649841308593750e-01,1.542605459690093994e-01
2.559445619583129883e+00,1.242475128173828125e+01
1.509088754653930664e+00,1.607464218139648438e+01
1.445963382720947266e+00,2.771380901336669922e+00
5.556547045707702637e-01,4.637231230735778809e-01
1.085449814796447754e+00,9.544747352600097656e+00
3.586014509201049805e+00,1.288159179687500000e+01
1.378239750862121582e+00,5.109427571296691895e-01
1.685510158538818359e+00,8.271746635437011719e+00
1.128360509872436523e+00,2.384899139404296875e+00
1.198032379150390625e+00,3.911272287368774414e-01
1.565333843231201172e+00,4.219287872314453125e+00
1.023859620094299316e+00,3.693915128707885742e+00
8.013057112693786621e-01,4.262189388275146484e+00
1.406769871711730957e+00,1.118023872375488281e+00
1.702227592468261719e+00,1.590430736541748047e+01
3.048226118087768555e+00,1.379061985015869141e+01
1.350714445114135742e+00,1.602903175354003906e+01
1.921566963195800781e+00,5.309201717376708984e+00
1.338491916656494141e+00,6.546778678894042969e-01
1.408867239952087402e+00,2.073412418365478516e+00
2.603648900985717773e+00,1.153229236602783203e+01
1.892776846885681152e+00,9.328016281127929688e+00
2.373909950256347656e+00,1.039069652557373047e+01
8.835240006446838379e-01,2.287319898605346680e+00
1.569645762443542480e+00,1.597311496734619141e+01
2.080460548400878906e+00,1.485117816925048828e+01
1.293662071228027344e+00,5.362213611602783203e+00
1.216774225234985352e+00,1.447522163391113281e+00
2.483905553817749023e+00,1.109909248352050781e+01
1.644896984100341797e+00,1.594431114196777344e+01
2.007921457290649414e+00,1.562117958068847656e+01
1.636022686958312988e+00,6.098467350006103516e+00
1.113380432128906250e+00,9.369339942932128906e-01
1.957897305488586426e+00,1.059520435333251953e+01
6.158645749092102051e-01,2.490162700414657593e-01
1.680131673812866211e+00,4.850027561187744141e+00
1.069205760955810547e+00,6.050352454185485840e-01
1.397538900375366211e+00,5.964487075805664062e+00
1.683880329132080078e+00,2.394413471221923828e+00
2.520581245422363281e+00,1.527421569824218750e+01
1.977944374084472656e+00,1.582826614379882812e+01
1.885151505470275879e+00,8.837647438049316406e+00
1.879074454307556152e+00,1.531189441680908203e+01
1.368348121643066406e+00,7.417601585388183594e+00
2.570701599121093750e+00,1.050354480743408203e+01
1.200107574462890625e+00,5.997306108474731445e-01
1.163835048675537109e+00,1.995394110679626465e+00
2.856005430221557617e-01,3.046510219573974609e+00
1.632683157920837402e+00,7.857071876525878906e+00
2.234023332595825195e+00,1.566502952575683594e+01
2.006873846054077148e+00,5.029767990112304688e+00
1.756820559501647949e+00,1.590009975433349609e+01
3.717124223709106445e+00,6.734806537628173828e+00
1.926476120948791504e+00,1.583202552795410156e+01
1.990568161010742188e+00,1.574796772003173828e+01
1.426646471023559570e+00,1.935337543487548828e+00
1.522037744522094727e+00,8.410548210144042969e+00
1.666227102279663086e+00,3.555621385574340820e+00
1.399016141891479492e+00,3.161799430847167969e+00
7.214075922966003418e-01,2.151370048522949219e-01
1.027881503105163574e+00,6.585742235183715820e-01
1.797272205352783203e+00,1.569902896881103516e+01
1.626389026641845703e+00,8.089970588684082031e+00
1.802601695060729980e+00,1.592400741577148438e+01
2.068753719329833984e+00,1.019154262542724609e+01
1.360233902931213379e+00,1.607595634460449219e+01
1.180235385894775391e+00,1.264948368072509766e+00
6.565322279930114746e-01,3.406949996948242188e+00
2.137958288192749023e+00,1.297368526458740234e+00
1.139299869537353516e+00,1.429302096366882324e+00
1.593241095542907715e+00,1.596969604492187500e+01
1.860815167427062988e+00,9.588583946228027344e+00
1.247400999069213867e+00,7.662364244461059570e-01
1.658966422080993652e+00,1.591897296905517578e+01
1.934614181518554688e+00,1.442589569091796875e+01
2.601828813552856445e+00,1.348918819427490234e+01
2.068776369094848633e+00,1.574543571472167969e+01
1.627716541290283203e+00,7.613045215606689453e+00
1.253404766321182251e-01,3.906950473785400391e+00
1.805845260620117188e+00,1.587135982513427734e+01
2.332237243652343750e+00,1.075987720489501953e+01
1.876716017723083496e+00,1.232521820068359375e+01
2.108350515365600586e+00,7.669365882873535156e+00
2.512926340103149414e+00,1.433368015289306641e+01
2.348437070846557617e+00,6.319994449615478516e+00
8.348025083541870117e-01,5.364800095558166504e-01
1.760847091674804688e+00,3.276516437530517578e+00
2.455689191818237305e+00,1.333343696594238281e+01
1.822027802467346191e+00,1.439215755462646484e+01
1.980152845382690430e+00,9.763569831848144531e+00
1.385031461715698242e+00,2.447715759277343750e+00
2.165465116500854492e+00,8.036977767944335938e+00
1.947826623916625977e+00,1.570257759094238281e+01
1.723779201507568359e+00,1.058997249603271484e+01
5.128744840621948242e-01,9.661202430725097656e-01
1.981225371360778809e+00,3.995837926864624023e+00
1.764638423919677734e+00,1.234393024444580078e+01
2.067840814590454102e+00,3.573049306869506836e+00
1.430487871170043945e+00,2.479028463363647461e+00
2.427232027053833008e+00,1.538323307037353516e+01
8.843783140182495117e-01,-2.083815038204193115e-01
1.911017060279846191e+00,3.829563617706298828e+00
1.030503153800964355e+00,5.050057172775268555e-01
1.410685896873474121e+00,2.976922273635864258e+00
2.301568269729614258e+00,1.511384391784667969e+01
1.150316238403320312e+00,4.028414189815521240e-01
1.346259355545043945e+00,1.607509422302246094e+01
1.816593527793884277e+00,3.937294721603393555e+00
1.549374580383300781e+00,7.119723796844482422e+00
7.766155600547790527e-01,1.154928505420684814e-01
1.355463027954101562e+00,7.467113733291625977e-01
1.686903476715087891e+00,9.292456626892089844e+00
1.941242456436157227e+00,2.706319808959960938e+00
1.304127216339111328e+00,1.601312828063964844e+01
1.607913970947265625e+00,1.591302204132080078e+01
2.109678983688354492e+00,1.187839698791503906e+01
1.549648046493530273e+00,1.603552436828613281e+01
1.368501901626586914e+00,1.811010241508483887e+00
4.224422276020050049e-01,2.931345462799072266e+00
1.382558584213256836e+00,9.073117256164550781e+00
4.366825819015502930e-01,-8.196139335632324219e-01
1.309933543205261230e+00,5.641404986381530762e-01
1.930406093597412109e+00,1.576106643676757812e+01
1.334847450256347656e+00,1.268299770355224609e+01
2.171813249588012695e+00,8.343600273132324219e+00
1.462342619895935059e+00,1.658767223358154297e+00
1.616205215454101562e+00,6.822145938873291016e+00
2.026053667068481445e+00,4.499822139739990234e+00
1.492693662643432617e+00,6.128661632537841797e+00
5.597978234291076660e-01,2.837801277637481689e-01
2.406648397445678711e+00,1.146953487396240234e+01
1.768286705017089844e+00,1.588304233551025391e+01
2.049059629440307617e+00,1.579299449920654297e+01
1.596664190292358398e+00,1.127289652824401855e+00
1.670963764190673828e+00,1.589920520782470703e+01
1.932824611663818359e+00,2.139452457427978516e+00
2.024883031845092773e+00,1.574089336395263672e+01
1.707864284515380859e+00,1.593464374542236328e+01
9.954136610031127930e-01,5.670550465583801270e-01
2.497203588485717773e+00,7.531417846679687500e+00
1.550514221191406250e+00,1.598766517639160156e+01
1.871409773826599121e+00,1.305522441864013672e+01
1.479376435279846191e+00,1.281972408294677734e+01
1.629801750183105469e+00,2.570848226547241211e+00
1.541366696357727051e+00,1.724436044692993164e+00
2.313510656356811523e+00,6.566370487213134766e+00
1.670364737510681152e+00,1.599620246887207031e+01
1.376481533050537109e+00,3.566267728805541992e+00
9.079199433326721191e-01,-2.375796139240264893e-01
9.042860865592956543e-01,7.440871000289916992e-01
1.589975595474243164e+00,1.151687240600585938e+01
1.854840993881225586e+00,1.576106929779052734e+01
2.439398765563964844e+00,1.109031772613525391e+01
1.815639853477478027e+00,7.205130100250244141e+00
2.920622587203979492e+00,1.235731792449951172e+01
1.140349864959716797e+00,1.375396132469177246e+00
1.763350367546081543e+00,1.670938730239868164e+00
2.275662183761596680e+00,4.275657176971435547e+00
2.503097057342529297e+00,1.187408733367919922e+01
1.234106540679931641e+00,1.073526620864868164e+00
1.165809988975524902e+00,7.659968376159667969e+00
1.935202717781066895e+00,2.229086399078369141e+00
1.992960214614868164e+00,1.555912590026855469e+01
1.728446960449218750e+00,2.004446268081665039e+00
1.713925123214721680e+00,1.071200609207153320e+00
1.716224193572998047e+00,1.587910175323486328e+01
2.172104597091674805e+00,5.184403419494628906e+00
1.996686577796936035e+00,1.525555515289306641e+01
1.733644843101501465e+00,5.522832393646240234e+00
1.319653034210205078e+00,1.297926425933837891e+00
1.120992422103881836e+00,1.550661921501159668e+00
1.194628953933715820e+00,3.665974140167236328e+00
2.339459180831909180e+00,1.553799915313720703e+01
2.856727838516235352e+00,1.392382526397705078e+01
2.000525712966918945e+00,1.583672618865966797e+01
1.515305757522583008e+00,1.233024501800537109e+01
2.683667421340942383e+00,9.980567932128906250e+00
1.526104211807250977e+00,2.520271837711334229e-01
1.465104341506958008e+00,1.598150539398193359e+01
9.631801247596740723e-01,9.161152839660644531e-01
9.599476456642150879e-01,5.084702968597412109e-01
1.931279659271240234e+00,1.316406154632568359e+01
1.717202425003051758e+00,1.592258644104003906e+01
1.682681798934936523e+00,6.824621677398681641e+00
2.058609962463378906e+00,1.569106864929199219e+01
1.843165278434753418e+00,7.242057323455810547e+00
1.744559526443481445e+00,1.591717052459716797e+01
9.645980000495910645e-01,1.001964092254638672e+00
1.843620300292968750e+00,1.089623260498046875e+01
2.313254117965698242e+00,1.124853992462158203e+01
1.531279087066650391e+00,5.009677886962890625e+00
1.674975633621215820e+00,1.582427978515625000e+01
2.488091945648193359e+00,1.539707851409912109e+01
1.789143085479736328e+00,1.581749248504638672e+01
2.205366611480712891e+00,1.556432247161865234e+01
1.993796110153198242e+00,1.555842876434326172e+01
1.016880273818969727e+00,4.071291983127593994e-01
1.229408502578735352e+00,6.106355190277099609e-01
1.808841466903686523e+00,1.591060352325439453e+01
1.625154733657836914e+00,1.593137264251708984e+01
1.047007441520690918e+00,1.840092837810516357e-01
7.232623696327209473e-01,3.487996757030487061e-01
2.351185798645019531e+00,1.521200656890869141e+01
2.723535299301147461e+00,9.157333374023437500e+00
1.401500225067138672e+00,1.054254436492919922e+01
2.363301515579223633e+00,9.854093551635742188e+00
2.305226564407348633e+00,8.179522514343261719e+00
1.071710586547851562e+00,3.543740808963775635e-01
2.840299844741821289e+00,1.418321132659912109e+01
1.718313217163085938e+00,1.589081096649169922e+01
1.888683438301086426e+00,1.532310485839843750e+01
6.937737464904785156e-01,2.929331302642822266e+00
1.443858265876770020e+00,7.251156330108642578e+00
1.787496566772460938e+00,1.583881950378417969e+01
1.593742370605468750e+00,1.593978977203369141e+01
1.264489531517028809e+00,4.541420936584472656e+00
1.983288645744323730e+00,1.572578334808349609e+01
2.285999059677124023e+00,1.564785671234130859e+01
2.136131286621093750e+00,9.528657913208007812e+00
2.411558628082275391e+00,1.541440868377685547e+01
1.993093371391296387e+00,4.761804103851318359e+00
2.312164545059204102e+00,7.095146656036376953e+00
1.291632175445556641e+00,1.152026414871215820e+00
2.401172161102294922e+00,1.476193237304687500e+01
1.862794160842895508e+00,1.586163043975830078e+01
1.855515837669372559e+00,1.589967250823974609e+01
2.209763765335083008e+00,7.916491031646728516e+00
1.734528779983520508e+00,1.591716575622558594e+01
1.098395586013793945e+00,2.167206525802612305e+00
1.716274142265319824e+00,2.004496097564697266e+00
4.326414763927459717e-01,2.111373841762542725e-01
2.189609527587890625e+00,8.735194206237792969e+00
2.380057573318481445e+00,1.005541992187500000e+01
1.573257923126220703e+00,1.594975090026855469e+01
2.022736787796020508e+00,1.035254573822021484e+01
2.485605478286743164e+00,1.455089664459228516e+01
1.168057322502136230e+00,4.654254436492919922e+00
4.125105589628219604e-02,6.632646322250366211e-01
9.744186997413635254e-01,4.245631992816925049e-01
1.292868018150329590e+00,1.445593833923339844e-01
1.093398451805114746e+00,1.610047912597656250e+01
1.876954197883605957e+00,1.567221164703369141e+01
1.827506542205810547e+00,7.940928459167480469e+00
1.645974636077880859e+00,5.720721244812011719e+00
1.450302243232727051e+00,1.600175476074218750e+01
1.661335706710815430e+00,6.833885669708251953e+00
1.720247387886047363e+00,5.936272144317626953e-01
1.344167113304138184e+00,1.603968811035156250e+01
2.299931049346923828e+00,1.444731044769287109e+01
1.548215389251708984e+00,3.029909372329711914e+00
2.132871389389038086e+00,7.219012737274169922e+00
1.555322647094726562e+00,1.603537559509277344e+01
2.527496099472045898e+00,1.355999088287353516e+01
1.699205875396728516e+00,5.657449245452880859e+00
1.889512419700622559e+00,1.583932876586914062e+01
1.491857051849365234e+00,1.595832729339599609e+01
2.625009298324584961e+00,8.806832313537597656e+00
2.218933820724487305e+00,7.085979938507080078e+00
1.400815010070800781e+00,8.669862151145935059e-01
2.675294399261474609e+00,1.330274295806884766e+01
1.396528244018554688e+00,1.603097152709960938e+01
2.431452989578247070e+00,8.013131141662597656e+00
2.272639989852905273e+00,6.989581584930419922e+00
1.302881836891174316e+00,1.377433180809020996e+00
1.410329103469848633e+00,1.609855461120605469e+01
2.017628908157348633e+00,1.577739810943603516e+01
1.276372551918029785e+00,3.261931896209716797e+00
1.476369857788085938e+00,7.842920780181884766e+00
1.108239650726318359e+00,1.199295639991760254e+00
2.103738307952880859e+00,1.569854736328125000e+01
2.486505985260009766e+00,1.514120101928710938e+01
1.550714969635009766e+00,1.233837842941284180e+00
1.513272523880004883e+00,4.545433521270751953e+00
1.125811338424682617e+00,8.845717906951904297e-01
1.224924564361572266e+00,2.483046054840087891e+00
1.297223329544067383e+00,8.668534278869628906e+00
9.932416081428527832e-01,5.700122117996215820e-01
1.779205441474914551e+00,6.325650215148925781e-01
1.980918645858764648e+00,4.368121147155761719e+00
1.813165903091430664e+00,9.101643562316894531e+00
3.608606159687042236e-01,6.933838129043579102e-02
1.572584867477416992e+00,1.602554130554199219e+01
1.624538421630859375e+00,5.018638134002685547e+00
1.595114469528198242e+00,4.876177310943603516e+00
1.731280922889709473e+00,5.358063220977783203e+00
7.316362261772155762e-01,2.631161928176879883e+00
1.342818379402160645e+00,1.610277366638183594e+01
2.080048799514770508e+00,5.644210338592529297e+00
1.150240421295166016e+00,7.340974807739257812e-01
2.686471223831176758e+00,1.247646617889404297e+01
1.332700371742248535e+00,1.334208488464355469e+00
1.822525143623352051e+00,4.404951572418212891e+00
1.220099210739135742e+00,1.115112304687500000e+00
1.881995081901550293e+00,7.699015617370605469e+00
1.072052955627441406e+00,2.303619384765625000e-01
1.455914735794067383e+00,4.281582355499267578e+00
1.262134671211242676e+00,5.746631145477294922e+00
2.503331184387207031e+00,1.132190895080566406e+01
1.811630487442016602e+00,4.282118320465087891e+00
1.985909461975097656e+00,1.568138027191162109e+01
2.139275312423706055e+00,1.565653228759765625e+01
2.100470304489135742e+00,1.564332866668701172e+01
1.491158604621887207e+00,2.520266056060791016e+00
2.542720079421997070e+00,2.741001605987548828e+00
9.761399626731872559e-01,8.327281475067138672e-02
2.032860994338989258e+00,1.173561763763427734e+01
1.242852210998535156e+00,2.553980112075805664e+00
1.573283910751342773e+00,1.600422477722167969e+01
2.311525106430053711e+00,7.008648872375488281e+00
8.470646142959594727e-01,3.896417915821075439e-01
1.172931909561157227e+00,5.458990931510925293e-01
2.699401617050170898e+00,1.490348339080810547e+01
2.223622798919677734e+00,1.539115524291992188e+01
1.359844923019409180e+00,3.425557613372802734e+00
2.339696645736694336e+00,5.876439571380615234e+00
1.908307075500488281e+00,1.568565082550048828e+01
2.014033079147338867e+00,6.306365489959716797e+00
2.519823551177978516e+00,1.416330909729003906e+01
1.239567995071411133e+00,1.610472106933593750e+01
1.912842512130737305e+00,9.497218132019042969e+00
2.085972547531127930e+00,1.464327144622802734e+01
9.782187342643737793e-01,1.895630359649658203e+00
1.412797927856445312e+00,4.823011398315429688e+00
1.107922792434692383e+00,7.502160072326660156e+00
2.445406198501586914e+00,1.528090000152587891e+01
2.621279954910278320e+00,1.013779163360595703e+01
1.898655772209167480e+00,1.581872081756591797e+01
1.303471803665161133e+00,1.233002662658691406e+00
1.639891982078552246e+00,1.589826107025146484e+01
2.503026485443115234e+00,1.494948005676269531e+01
1.606607556343078613e+00,9.356490135192871094e+00
9.687990546226501465e-01,3.797329425811767578e+00
1.759046316146850586e+00,9.849076271057128906e+00
1.293225526809692383e+00,2.904720604419708252e-01
1.084044694900512695e+00,3.246196269989013672e+00
1.852930545806884766e+00,1.573139858245849609e+01
2.103179454803466797e+00,1.435278606414794922e+01
1.272810578346252441e+00,1.022749185562133789e+00
1.882472038269042969e+00,1.582744884490966797e+01
1.170140266418457031e+00,1.913347601890563965e+00
2.218048810958862305e+00,1.375498485565185547e+01
2.003779888153076172e+00,1.046987438201904297e+01
1.705906629562377930e+00,7.816957950592041016e+00
1.390289187431335449e+00,7.476704597473144531e+00
1.154914855957031250e+00,2.692140102386474609e+00
2.465284109115600586e+00,1.495418834686279297e+01
1.707327365875244141e+00,1.577248287200927734e+01
1.608917474746704102e+00,3.532209396362304688e+00
5.210263729095458984e-01,3.103862762451171875e+00
1.666273832321166992e+00,1.588491535186767578e+01
1.101507306098937988e+00,2.493986606597900391e+00
1.856747388839721680e+00,1.581970024108886719e+01
1.557923078536987305e+00,2.796085596084594727e+00
2.004061937332153320e+00,1.572577571868896484e+01
1.809902429580688477e+00,3.560701370239257812e+00
1.508383989334106445e+00,1.488578128814697266e+01
1.821443796157836914e+00,1.559823513031005859e+01
1.903234004974365234e+00,1.585356426239013672e+01
3.059030055999755859e+00,6.789339542388916016e+00
1.337677001953125000e+00,7.314681529998779297e+00
2.270512819290161133e+00,1.415192890167236328e+01
2.004338502883911133e+00,1.549270915985107422e+01
8.905526995658874512e-01,2.271095514297485352e+00
2.164076089859008789e+00,1.561244201660156250e+01
1.489017248153686523e+00,5.925197601318359375e+00
1.454348087310791016e+00,5.275619506835937500e+00
1.632064104080200195e+00,1.583688926696777344e+01
1.497644901275634766e+00,7.158672809600830078e+00
1.496246218681335449e+00,1.703719258308410645e+00
2.423535346984863281e+00,1.481657695770263672e+01
1.960679292678833008e+00,4.033593177795410156e+00
1.817530512809753418e+00,1.396657586097717285e+00
2.975687265396118164e+00,1.313111495971679688e+01
1.311683654785156250e+00,1.083122730255126953e+00
2.169104099273681641e+00,1.210161685943603516e+01
1.679885029792785645e+00,2.659765958786010742e+00
1.923281311988830566e+00,1.357861137390136719e+01
1.305786371231079102e+00,4.502483844757080078e+00
1.993684768676757812e+00,6.581007242202758789e-01
2.696480035781860352e+00,1.424701976776123047e+01
7.542300820350646973e-01,2.239917516708374023e-01
8.966875076293945312e-01,3.716951370239257812e+00
2.080728769302368164e+00,1.564470767974853516e+01
1.888807296752929688e+00,1.471624851226806641e+00
1.080710768699645996e+00,7.197211980819702148e-01
1.407653689384460449e+00,2.664374589920043945e+00
1.266673445701599121e+00,2.125105619430541992e+00
2.149811983108520508e+00,4.476574420928955078e+00
1.037065982818603516e+00,9.517723917961120605e-01
1.276873469352722168e+00,4.649569988250732422e+00
2.261225461959838867e+00,1.487687206268310547e+01
1.392738580703735352e+00,1.668190717697143555e+00
1.840713500976562500e+00,1.586448097229003906e+01
1.377994179725646973e+00,1.771604061126708984e+00
2.683773994445800781e+00,1.439427757263183594e+01
2.131208658218383789e+00,3.296963214874267578e+00
2.331338167190551758e+00,9.595904350280761719e+00
1.855054378509521484e+00,8.373064994812011719e+00
2.503852844238281250e+00,1.501547527313232422e+01
8.328607678413391113e-01,1.040913224220275879e+00
1.315506219863891602e+00,9.471044540405273438e+00
1.087997913360595703e+00,4.697399616241455078e+00
6.393303275108337402e-01,2.330212831497192383e+00
1.432285070419311523e+00,1.605192756652832031e+01
2.776168346405029297e+00,1.120367908477783203e+01
1.967609882354736328e+00,1.572861957550048828e+01
2.444826602935791016e+00,1.035539722442626953e+01
1.777951002120971680e+00,1.592608070373535156e+01
2.326019525527954102e+00,1.533896923065185547e+01
2.390992403030395508e+00,6.520776748657226562e+00
1.985685825347900391e+00,1.573896884918212891e+01
2.475578784942626953e+00,7.334325790405273438e+00
2.310647726058959961e+00,1.555899906158447266e+01
4.825378656387329102e-01,6.569952487945556641e+00
1.596121549606323242e+00,8.400377273559570312e+00
2.201582908630371094e+00,1.419105434417724609e+01
1.832775473594665527e+00,1.520147991180419922e+01
1.780082464218139648e+00,1.583705902099609375e+01
1.051435112953186035e+00,1.995012760162353516e+00
2.505917310714721680e+00,1.203782939910888672e+01
8.878591656684875488e-01,-1.737867593765258789e-01
1.015498995780944824e+00,3.866497039794921875e+00
1.184472084045410156e+00,-3.350177109241485596e-01
2.495880365371704102e+00,1.531002235412597656e+01
1.965989708900451660e+00,1.586926651000976562e+01
1.853253602981567383e+00,1.584363269805908203e+01
1.266864299774169922e+00,4.008028030395507812e+00
1.297155261039733887e+00,4.027912616729736328e+00
3.249194324016571045e-01,-3.427037298679351807e-01
1.353336811065673828e+00,8.480665683746337891e-01
1.474190235137939453e+00,1.603584098815917969e+01
2.256949186325073242e+00,1.144214534759521484e+01
1.485705018043518066e+00,7.457020282745361328e-01
1.488117456436157227e+00,4.097661972045898438e+00
1.480674982070922852e+00,9.969653487205505371e-01
1.417813897132873535e+00,1.094585132598876953e+01
1.233195424079895020e+00,5.412937164306640625e+00
2.257177352905273438e+00,1.252900028228759766e+01
1.258293747901916504e+00,6.430608630180358887e-01
2.308786392211914062e+00,1.561365985870361328e+01
1.644551753997802734e+00,1.597561931610107422e+01
1.648762941360473633e+00,1.596008872985839844e+01
2.052522420883178711e+00,8.272331953048706055e-01
1.621407508850097656e+00,1.595311164855957031e+01
2.580352783203125000e+00,1.333001613616943359e+01
1.193821430206298828e+00,1.205309867858886719e+00
1.022899627685546875e+00,7.980927824974060059e-01
1.485596537590026855e+00,1.618454694747924805e+00
1.842269659042358398e+00,1.588096332550048828e+01
2.238412141799926758e+00,1.523748111724853516e+01
1.759315490722656250e+00,1.158012628555297852e+00
1.760971426963806152e+00,1.590905475616455078e+01
2.286540985107421875e+00,1.553666400909423828e+01
1.244263648986816406e+00,3.602300643920898438e+00
1.263470172882080078e+00,1.610056304931640625e+01
1.122139453887939453e+00,2.934437990188598633e+00
2.287795066833496094e+00,1.091671848297119141e+01
1.438221454620361328e+00,1.596767139434814453e+01
2.261086463928222656e+00,1.546188259124755859e+01
2.325251579284667969e+00,1.407273483276367188e+01
1.898890972137451172e+00,8.386731147766113281e+00
1.378272294998168945e+00,1.600522041320800781e+01
1.920547842979431152e+00,1.260134887695312500e+01
1.801843881607055664e+00,1.442195129394531250e+01
1.939799189567565918e+00,1.223641109466552734e+01
1.697321176528930664e+00,3.199285984039306641e+00
2.052232027053833008e+00,1.569054317474365234e+01
1.273218154907226562e+00,9.836879730224609375e+00
2.103232622146606445e+00,2.844436645507812500e+00
1.661529302597045898e+00,6.147981166839599609e+00
2.291503190994262695e+00,1.085435104370117188e+01
1.145889759063720703e+00,1.616206169128417969e+01
2.580438375473022461e+00,3.979012966156005859e+00
1.098493695259094238e+00,4.829015731811523438e+00
2.084373712539672852e+00,8.435580253601074219e+00
1.411917924880981445e+00,6.958617210388183594e+00
8.426184058189392090e-01,8.652023315429687500e+00
2.736016511917114258e+00,9.456528663635253906e+00
1.569869041442871094e+00,3.556505143642425537e-01
1.634398698806762695e+00,1.595424461364746094e+01
2.177211761474609375e+00,1.443055629730224609e+01
1.596540689468383789e+00,1.599950695037841797e+01
1.850714802742004395e+00,1.583751583099365234e+01
1.543565511703491211e+00,1.598937416076660156e+01
1.914536595344543457e+00,1.574453830718994141e+01
1.900052547454833984e+00,1.432037162780761719e+01
2.365605592727661133e+00,6.526828289031982422e+00
3.161111176013946533e-01,2.084519863128662109e+00
1.344176054000854492e+00,8.654907941818237305e-01
9.873357415199279785e-01,6.956241130828857422e-01
2.105118989944458008e+00,9.869919776916503906e+00
1.710485935211181641e+00,1.594297695159912109e+01
1.783820271492004395e+00,6.046642780303955078e+00
2.778816461563110352e+00,7.047528743743896484e+00
1.142522811889648438e+00,4.764003276824951172e+00
1.399016380310058594e+00,2.546263694763183594e+00
5.582060217857360840e-01,3.136884689331054688e+00
1.460905551910400391e+00,6.411921501159667969e+00
1.436609387397766113e+00,5.422648191452026367e-01
2.152955293655395508e+00,3.365278005599975586e+00
2.124019861221313477e+00,5.103891849517822266e+00
2.065090179443359375e+00,1.492150974273681641e+01
8.001508116722106934e-01,4.026032984256744385e-01
1.394196271896362305e+00,1.278052568435668945e+00
1.706793546676635742e+00,5.380800724029541016e+00
1.166002750396728516e+00,2.124273777008056641e+00
1.851313114166259766e+00,1.584843540191650391e+01
1.686320304870605469e+00,1.593912601470947266e+01
1.652995109558105469e+00,1.598484897613525391e+01
1.210643053054809570e+00,4.373247623443603516e+00
9.075641632080078125e-01,4.192150592803955078e+00
1.783833146095275879e+00,7.631624698638916016e+00
5.388634800910949707e-01,8.221682310104370117e-01
1.705148935317993164e+00,8.819352149963378906e+00
1.616428256034851074e+00,2.093912601470947266e+00
9.300693869590759277e-01,4.734956026077270508e-01
1.988890647888183594e+00,1.575788116455078125e+01
2.103643178939819336e+00,1.337210559844970703e+01
1.098131179809570312e+00,7.179508209228515625e-01
2.133196353912353516e+00,1.574378108978271484e+01
2.382329940795898438e+00,6.497042179107666016e+00
9.695618748664855957e-01,3.597838401794433594e+00
2.206701993942260742e+00,1.551695537567138672e+01
1.769115209579467773e+00,1.591829204559326172e+01
1.736227750778198242e+00,1.592813587188720703e+01
1.730374693870544434e+00,3.782765865325927734e+00
1.371618866920471191e+00,3.796295225620269775e-01
1.627987384796142578e+00,2.060446023941040039e+00
1.733131289482116699e+00,1.589070987701416016e+01
1.667689561843872070e+00,1.466074347496032715e+00
1.961770653724670410e+00,3.470023632049560547e+00
1.417757749557495117e+00,1.600114440917968750e+01
2.180768251419067383e+00,7.672965049743652344e+00
2.401319026947021484e+00,1.488331794738769531e+01
1.269986391067504883e+00,1.699126064777374268e-01
1.414967536926269531e+00,5.057361602783203125e+00
8.894346356391906738e-01,2.018278837203979492e+00
1.769902586936950684e+00,1.591416168212890625e+01
2.235351800918579102e+00,6.221294879913330078e+00
2.056116819381713867e+00,1.565054798126220703e+01
1.409734964370727539e+00,7.524917125701904297e+00
1.588331937789916992e+00,4.821734428405761719e+00
2.087503671646118164e+00,1.551823616027832031e+01
1.158785104751586914e+00,7.168968200683593750e+00
9.121014475822448730e-01,7.672945261001586914e-01
2.001191616058349609e+00,1.225334739685058594e+01
1.704974770545959473e+00,1.587324905395507812e+01
2.309527158737182617e+00,1.320003700256347656e+01
2.008865118026733398e+00,1.574532794952392578e+01
1.643257975578308105e+00,1.589529228210449219e+01
8.300536274909973145e-01,5.081101417541503906e+00
1.090565443038940430e+00,1.446027398109436035e+00
2.137316703796386719e+00,1.550370788574218750e+01
1.333903312683105469e+00,2.151320457458496094e+00
2.357712507247924805e+00,1.073532962799072266e+01
2.009554624557495117e+00,3.081339359283447266e+00
1.482236623764038086e+00,1.604212188720703125e+01
2.002285480499267578e+00,1.571942615509033203e+01
1.201721072196960449e+00,7.957351803779602051e-01
1.858303546905517578e+00,1.576354408264160156e+01
1.793170809745788574e+00,8.856204032897949219e+00
1.553715229034423828e+00,1.583087825775146484e+01
1.307540416717529297e+00,7.031723260879516602e-01
2.323361158370971680e+00,1.514678478240966797e+01
1.837858438491821289e+00,1.576355743408203125e+01
1.273761391639709473e+00,1.613723182678222656e+01
1.738019704818725586e+00,1.581631946563720703e+01
2.163152933120727539e+00,1.420156669616699219e+01
1.599189639091491699e+00,1.590051364898681641e+01
2.027194738388061523e+00,1.580894756317138672e+01
1.889017105102539062e+00,1.174309062957763672e+01
1.038768291473388672e+00,4.693348109722137451e-01
2.735409736633300781e+00,1.418933391571044922e+01
5.998376011848449707e-01,2.018217742443084717e-01
1.455803036689758301e+00,6.292087554931640625e+00
5.212606787681579590e-01,7.873874902725219727e-01
1.643643379211425781e+00,5.577407836914062500e+00
2.127804040908813477e+00,5.713496685028076172e+00
2.389266014099121094e+00,1.416156768798828125e+01
1.920738458633422852e+00,1.575064182281494141e+01
1.303264617919921875e+00,1.605119514465332031e+01
1.246871948242187500e+00,2.657253980636596680e+00
1.829458236694335938e+00,8.764698982238769531e+00
1.023511886596679688e+00,9.124045372009277344e-01
2.271042585372924805e+00,1.489956760406494141e+01
2.152242898941040039e+00,1.552768325805664062e+01
1.415315508842468262e+00,1.604033088684082031e+01
1.091167926788330078e+00,-1.158722937107086182e-01
1.674233675003051758e+00,6.739202022552490234e+00
1.927096843719482422e+00,1.866222381591796875e+00
1.938672184944152832e+00,1.086845207214355469e+01
1.402016878128051758e+00,2.710364341735839844e+00
1.768038868904113770e+00,1.522046089172363281e+01
7.160064578056335449e-01,6.908535480499267578e+00
1.161526679992675781e+00,1.540009498596191406e+00
2.140500783920288086e+00,1.379834079742431641e+01
2.125309228897094727e+00,1.455299377441406250e+01
8.550351262092590332e-01,3.021082162857055664e+00
2.143750429153442383e+00,8.481633186340332031e+00
1.766364336013793945e+00,1.584112834930419922e+01
1.004711866378784180e+00,3.234705924987792969e+00
1.267933607101440430e+00,1.607744789123535156e+01
9.141063690185546875e-01,6.151381731033325195e-01
1.663300037384033203e+00,1.586282920837402344e+01
1.205043911933898926e+00,2.499402046203613281e+00
2.180994033813476562e+00,1.511579799652099609e+01
1.474122285842895508e+00,8.934412002563476562e-01
5.941309928894042969e-01,3.291330933570861816e-01
2.767346620559692383e+00,1.399084854125976562e+01
1.826697707176208496e+00,1.567966842651367188e+01
1.483791947364807129e+00,1.596740818023681641e+01
1.842088460922241211e+00,1.530117321014404297e+01
1.970145940780639648e+00,2.660787582397460938e+00
1.330341696739196777e+00,1.668826103210449219e+00
9.059879183769226074e-01,2.122045040130615234e+00
1.565887212753295898e+00,6.844091415405273438e+00
1.767225027084350586e+00,1.589022350311279297e+01
2.006778717041015625e+00,1.061403369903564453e+01
4.434361457824707031e-01,-1.809133887290954590e-01
5.357378721237182617e-01,-1.901232302188873291e-01
2.155952692031860352e+00,1.537897014617919922e+01
2.587774991989135742e+00,5.887149810791015625e+00
1.034302711486816406e+00,9.613315463066101074e-01
2.732827901840209961e+00,1.059302043914794922e+01
1.787802219390869141e+00,1.583960247039794922e+01
1.762336969375610352e+00,1.582209873199462891e+01
1.371376752853393555e+00,8.785293579101562500e+00
2.563925504684448242e+00,1.391405391693115234e+01
1.302918791770935059e+00,6.923381805419921875e+00
1.851608276367187500e+00,1.129306793212890625e+00
2.358564853668212891e+00,8.316315650939941406e+00
8.866371512413024902e-01,6.891123056411743164e-01
1.715988636016845703e+00,8.626968383789062500e+00
2.197590827941894531e+00,1.568275070190429688e+01
1.195241689682006836e+00,1.518088817596435547e+01
1.705281496047973633e+00,1.548691272735595703e+01
2.428461074829101562e+00,1.342265415191650391e+01
1.979473352432250977e+00,1.579089832305908203e+01
2.131317853927612305e+00,1.260029506683349609e+01
1.647748947143554688e+00,4.581408500671386719e+00
1.554711818695068359e+00,6.397083282470703125e+00
2.153834819793701172e+00,7.655407428741455078e+00
1.344667315483093262e+00,7.672883272171020508e-01
9.715287685394287109e-01,6.748296022415161133e-01
8.009904026985168457e-01,1.913404911756515503e-01
1.509422421455383301e+00,1.603906822204589844e+01
1.129326820373535156e+00,2.649625301361083984e+00
1.433542370796203613e+00,1.605175590515136719e+01
1.594858407974243164e+00,1.596155738830566406e+01
1.827076673507690430e+00,9.186120033264160156e+00
3.375781059265136719e+00,1.117478179931640625e+01
1.109527945518493652e+00,7.944431900978088379e-01
1.170544385910034180e+00,3.535022020339965820e+00
1.512449622154235840e+00,1.602155113220214844e+01
1.785963535308837891e+00,1.580334758758544922e+01
2.179527997970581055e+00,6.870308399200439453e+00
1.941035509109497070e+00,1.295253658294677734e+01
2.357209205627441406e+00,1.040118026733398438e+01
2.306577444076538086e+00,1.087521266937255859e+01
1.323476552963256836e+00,9.365891814231872559e-01
2.156010150909423828e+00,6.324590206146240234e+00
1.534306526184082031e+00,3.126844882965087891e+00
7.430097460746765137e-01,2.547374010086059570e+00
3.223422288894653320e+00,1.287319946289062500e+01
9.079474210739135742e-01,3.299148976802825928e-01
1.661124706268310547e+00,3.174625396728515625e+00
1.830662608146667480e+00,7.877482891082763672e+00
1.318026661872863770e+00,5.615583062171936035e-01
9.589534997940063477e-01,1.857598066329956055e+00
1.846059560775756836e+00,1.211169433593750000e+01
2.424487024545669556e-01,7.058691024780273438e+00
1.895134449005126953e+00,6.116485595703125000e-01
2.083260536193847656e+00,1.565660572052001953e+01
7.529450654983520508e-01,4.094114303588867188e+00
6.432736515998840332e-01,1.736721694469451904e-01
1.988688349723815918e+00,1.366151523590087891e+01
1.391855239868164062e+00,-3.434490263462066650e-01
1.603952288627624512e+00,1.592220592498779297e+01
6.912056803703308105e-01,2.748150825500488281e-01
1.872720479965209961e+00,1.577271747589111328e+01
1.498475551605224609e+00,2.786403656005859375e+00
7.116678357124328613e-01,-1.143422536551952362e-02
8.421682715415954590e-01,1.888214230537414551e+00
1.647208333015441895e+00,2.428029537200927734e+00
1.602708339691162109e+00,1.595802021026611328e+01
1.484501838684082031e+00,1.607635688781738281e+01
1.857544779777526855e+00,2.107712268829345703e+00
1.515244722366333008e+00,1.592938137054443359e+01
1.909828662872314453e+00,3.751042127609252930e+00
1.235879778861999512e+00,2.705467700958251953e+00
5.942996144294738770e-01,1.624666899442672729e-01
1.352599143981933594e+00,1.067340016365051270e+00
2.150281906127929688e+00,1.557614421844482422e+01
6.199960112571716309e-01,3.981469631195068359e+00
1.216615796089172363e+00,6.178668498992919922e+00
1.106088399887084961e+00,3.209235966205596924e-01
1.917952656745910645e+00,1.582570648193359375e+01
1.868081569671630859e+00,5.323004245758056641e+00
1.896804809570312500e+00,4.305316925048828125e+00
2.158814907073974609e+00,6.249285697937011719e+00
2.711539983749389648e+00,1.347021675109863281e+01
1.404760003089904785e+00,4.370429039001464844e+00
1.341564059257507324e+00,6.955291271209716797e+00
1.143493294715881348e+00,3.468545973300933838e-01
1.158755779266357422e+00,1.361067295074462891e+00
1.277257919311523438e+00,9.085542559623718262e-01
2.670582056045532227e+00,1.304040622711181641e+01
1.111137866973876953e+00,2.068139910697937012e-01
2.627048730850219727e+00,2.387368440628051758e+00
1.219363093376159668e+00,8.900473594665527344e+00
1.756111264228820801e+00,1.583972358703613281e+01
1.749907493591308594e+00,2.769607782363891602e+00
1.634744644165039062e+00,2.949584722518920898e+00
1.527448654174804688e+00,1.601849555969238281e+01
2.230495214462280273e+00,1.015766239166259766e+01
1.474200487136840820e+00,1.598535251617431641e+01
2.057374238967895508e+00,8.755513429641723633e-01
1.618877887725830078e+00,1.771852612495422363e+00
2.285441637039184570e+00,1.320818042755126953e+01
1.318323731422424316e+00,1.614210891723632812e+01
1.421805858612060547e+00,2.186433792114257812e+00
2.367115497589111328e+00,5.210719585418701172e+00
1.841860771179199219e+00,1.580979251861572266e+01
1.820525884628295898e+00,1.586648273468017578e+01
1.074965715408325195e+00,2.015236616134643555e+00
2.107388257980346680e+00,6.278050899505615234e+00
5.985521674156188965e-01,7.198299169540405273e-01
7.694993615150451660e-01,5.960094928741455078e-01
2.685914754867553711e+00,1.239020824432373047e+01
1.563528537750244141e+00,1.595709705352783203e+01
1.157544255256652832e+00,1.373432874679565430e+00
2.462725162506103516e+00,1.286889457702636719e+01
1.952218413352966309e+00,1.280673027038574219e+01
2.269253492355346680e+00,8.869191169738769531e+00
7.648485302925109863e-01,5.643812417984008789e-01
1.216215848922729492e+00,9.956656694412231445e-01
1.640031337738037109e+00,1.994102716445922852e+00
1.185044407844543457e+00,9.940747618675231934e-01
2.757175207138061523e+00,8.400856971740722656e+00
1.560596466064453125e+00,1.037775707244873047e+01
1.884300351142883301e+00,1.580638217926025391e+01
2.231349468231201172e+00,9.781159400939941406e+00
2.494590044021606445e+00,5.823448657989501953e+00
1.860029101371765137e+00,9.043152809143066406e+00
1.554240584373474121e+00,1.489877939224243164e+00
1.727840900421142578e+00,1.262427568435668945e+00
1.396890640258789062e+00,2.427914381027221680e+00
1.819311857223510742e+00,1.588749694824218750e+01
1.572669029235839844e+00,1.592627429962158203e+01
1.801676034927368164e+00,1.590307140350341797e+01
1.994941711425781250e+00,1.570009422302246094e+01
2.163835525512695312e+00,6.296805381774902344e+00
1.804216623306274414e+00,1.268574237823486328e+00
2.115032434463500977e+00,1.554079341888427734e+01
1.889059066772460938e+00,1.588757419586181641e+01
1.147591471672058105e+00,2.362111330032348633e+00
1.621371984481811523e+00,4.164266109466552734e+00
1.340665340423583984e+00,1.424260377883911133e+00
2.605744600296020508e+00,1.508616828918457031e+01
1.715225458145141602e+00,1.593296527862548828e+01
1.789373755455017090e+00,1.593479442596435547e+01
2.628221988677978516e+00,1.415514373779296875e+01
2.177201509475708008e+00,1.560617160797119141e+01
1.564778804779052734e+00,1.949149131774902344e+00
1.846318483352661133e+00,1.590246677398681641e+01
1.139383673667907715e+00,1.356935501098632812e+00
2.475997924804687500e+00,1.498664951324462891e+01
1.364319562911987305e+00,9.401076316833496094e+00
1.051686525344848633e+00,1.126029729843139648e+00
1.742126226425170898e+00,1.081195712089538574e+00
1.725561141967773438e+00,1.575304889678955078e+01
2.709719896316528320e+00,9.535698890686035156e+00
2.402057886123657227e+00,1.342500209808349609e+01
9.444266557693481445e-01,2.964759767055511475e-01
3.142639160156250000e+00,8.883458137512207031e+00
1.430116891860961914e+00,6.861935853958129883e-01
2.378364562988281250e+00,1.346858882904052734e+01
1.531985998153686523e+00,1.605099296569824219e+01
1.227751731872558594e+00,1.609902191162109375e+01
1.768558263778686523e+00,1.594645690917968750e+01
1.931947946548461914e+00,1.568838977813720703e+01
1.149831533432006836e+00,6.082160472869873047e-01
1.916482210159301758e+00,1.579247856140136719e+01
6.056784987449645996e-01,9.040595963597297668e-03
2.031989812850952148e+00,1.561109733581542969e+01
1.963705301284790039e+00,1.562967205047607422e+01
1.564414978027343750e+00,1.600434494018554688e+01
2.723539352416992188e+00,1.463166332244873047e+01
2.835038185119628906e+00,1.093452453613281250e+01
2.124027967453002930e+00,1.480826473236083984e+01
1.666987895965576172e+00,1.786685466766357422e+00
1.793240666389465332e+00,7.754074573516845703e+00
1.922638893127441406e+00,1.577270030975341797e+01
2.092921018600463867e+00,7.010389328002929688e+00
2.011220693588256836e+00,1.554490756988525391e+01
1.913503408432006836e+00,1.573331356048583984e+01
1.893457293510437012e+00,1.572615432739257812e+01
1.966412782669067383e+00,1.557476329803466797e+01
1.945885896682739258e+00,2.687533140182495117e+00
1.692688465118408203e+00,8.038083314895629883e-01
2.205089330673217773e+00,1.015982723236083984e+01
1.809764862060546875e+00,2.481542110443115234e+00
1.862664461135864258e+00,2.866395711898803711e+00
2.037614583969116211e+00,1.560381412506103516e+01
1.499924659729003906e+00,4.544617176055908203e+00
2.784504652023315430e+00,1.360296821594238281e+01
1.599764585494995117e+00,1.596495342254638672e+01
1.299735426902770996e+00,9.176506996154785156e+00
2.359059095382690430e+00,1.089871120452880859e+01
1.836488485336303711e+00,2.992544651031494141e+00
2.290024280548095703e+00,1.547292613983154297e+01
7.799350619316101074e-01,1.306015491485595703e+00
1.828225135803222656e+00,1.570647907257080078e+01
2.460520982742309570e+00,6.336413860321044922e+00
2.568276166915893555e+00,8.140624046325683594e+00
1.403869390487670898e+00,5.763122081756591797e+00
1.423438549041748047e+00,1.899645209312438965e+00
2.497522115707397461e+00,1.465675354003906250e+01
1.780490636825561523e+00,9.181955337524414062e+00
1.774327754974365234e+00,1.581620883941650391e+01
2.295914411544799805e+00,1.555039978027343750e+01
1.407634019851684570e+00,9.655815362930297852e-01
2.181759357452392578e+00,1.544622039794921875e+01
2.339486360549926758e+00,7.298974514007568359e+00
8.860552906990051270e-01,1.305734157562255859e+00
2.133837699890136719e+00,4.942481517791748047e+00
1.417345762252807617e+00,4.457152783870697021e-01
1.411474943161010742e+00,2.059240579605102539e+00
2.233075618743896484e+00,1.561557102203369141e+01
2.168300867080688477e+00,1.067794799804687500e+01
1.624274253845214844e+00,1.599939441680908203e+01
1.379032015800476074e+00,7.992132306098937988e-01
1.738883733749389648e+00,4.614447593688964844e+00
6.072429418563842773e-01,6.608669161796569824e-01
1.254652976989746094e+00,1.933828234672546387e+00
1.675958156585693359e+00,4.836715757846832275e-01
1.477896332740783691e+00,7.340363979339599609e+00
1.279084205627441406e+00,1.607940483093261719e+01
1.293463945388793945e+00,1.613273620605468750e+01
2.168540000915527344e+00,5.289968013763427734e+00
1.597841262817382812e+00,6.144999027252197266e+00
1.005201339721679688e+00,2.619450330734252930e+00
1.926672101020812988e+00,1.487306404113769531e+01
2.340518236160278320e+00,1.552452373504638672e+01
1.362904429435729980e+00,1.454037547111511230e+00
1.622155189514160156e+00,5.024878978729248047e-01
2.232859849929809570e+00,1.563037586212158203e+01
1.797268509864807129e+00,1.587860488891601562e+01
1.410225629806518555e+00,1.606604957580566406e+01
6.790072917938232422e-01,3.171783685684204102e-01
2.284219980239868164e+00,1.554940319061279297e+01
1.473219394683837891e+00,2.285269737243652344e+00
1.183797955513000488e+00,1.040200710296630859e+01
5.809567570686340332e-01,1.295279860496520996e+00
1.752470970153808594e+00,8.794629096984863281e+00
1.101155757904052734e+00,3.220212221145629883e+00
1.639637947082519531e+00,1.594903373718261719e+01
1.428778648376464844e+00,1.569635391235351562e+00
1.260116577148437500e+00,1.600814819335937500e+01
8.986271023750305176e-01,5.595502853393554688e-01
2.208978891372680664e+00,1.308092784881591797e+01
1.005119800567626953e+00,8.111199140548706055e-01
1.489369153976440430e+00,9.693606495857238770e-01
9.136845469474792480e-01,2.569618463516235352e+00
1.340162634849548340e+00,1.207879662513732910e+00
2.339092969894409180e+00,1.021712970733642578e+01
2.248948335647583008e+00,6.970662593841552734e+00
1.550962448120117188e+00,3.647732734680175781e+00
1.374890089035034180e+00,1.611561012268066406e+01
2.360456228256225586e+00,1.025952625274658203e+01
3.127034902572631836e+00,8.999726295471191406e+00
1.795159935951232910e+00,1.585084056854248047e+01
1.582845091819763184e+00,3.967019319534301758e+00
1.656873941421508789e+00,3.288407325744628906e+00
1.666773796081542969e+00,3.710825145244598389e-01
1.657732725143432617e+00,1.598808956146240234e+01
8.765315413475036621e-01,9.621142148971557617e-01
1.441859126091003418e+00,8.634295463562011719e+00
2.312630653381347656e+00,1.371938037872314453e+01
1.926928997039794922e+00,2.902843952178955078e+00
1.985659956932067871e+00,1.554636096954345703e+01
1.704358100891113281e+00,5.574738025665283203e+00
7.783125638961791992e-01,-1.943972557783126831e-01
1.543407678604125977e+00,4.065988063812255859e+00
1.486841917037963867e+00,1.606512641906738281e+01
1.617005825042724609e+00,1.255130648612976074e+00
2.309034109115600586e+00,1.532862377166748047e+01
1.391148447990417480e+00,1.604846000671386719e+01
4.800622761249542236e-01,2.703412532806396484e+00
2.571236848831176758e+00,9.403673171997070312e+00
8.390254378318786621e-01,9.337038040161132812e+00
1.728656053543090820e+00,4.472751140594482422e+00
2.812697887420654297e+00,8.877695083618164062e+00
2.125168800354003906e+00,8.711003303527832031e+00
2.673362016677856445e+00,1.492240428924560547e+01
2.275501012802124023e+00,1.498689079284667969e+01
1.794532656669616699e+00,1.584171652793884277e+00
2.127171754837036133e+00,1.572217273712158203e+01
2.649343252182006836e+00,1.250246524810791016e+01
2.221496343612670898e+00,1.485599994659423828e+01
2.377924680709838867e+00,1.532168865203857422e+01
2.428289651870727539e+00,5.625749111175537109e+00
1.180807352066040039e+00,1.321933507919311523e+00
2.101869344711303711e+00,7.101864337921142578e+00
2.115368127822875977e+00,1.541027736663818359e+01
1.895032525062561035e+00,8.080405235290527344e+00
1.348168134689331055e+00,8.999100685119628906e+00
1.096065282821655273e+00,8.670464754104614258e-01
1.705866694450378418e+00,5.170354366302490234e+00
2.052446842193603516e+00,1.580906009674072266e+01
1.197601795196533203e+00,2.729587554931640625e+00
1.872371792793273926e+00,5.017070293426513672e+00
1.626214861869812012e+00,8.200365066528320312e+00
2.439023494720458984e+00,1.155857944488525391e+01
1.778252840042114258e+00,1.586025619506835938e+01
2.604649782180786133e+00,4.976839542388916016e+00
1.443772792816162109e+00,3.499987840652465820e+00
1.455060482025146484e+00,4.325130939483642578e+00
1.358255624771118164e+00,5.675137042999267578e-01
1.338841915130615234e+00,4.305915832519531250e-01
1.343953847885131836e+00,1.675532579421997070e+00
2.263189077377319336e+00,1.561477947235107422e+01
1.666611075401306152e+00,1.048509979248046875e+01
7.408034205436706543e-01,8.111189603805541992e-01
2.286535263061523438e+00,1.542587757110595703e+01
1.553669452667236328e+00,3.213992714881896973e-02
2.234169960021972656e+00,4.654740810394287109e+00
1.361214876174926758e+00,2.820421695709228516e+00
1.521070361137390137e+00,1.328929185867309570e+00
3.143582105636596680e+00,1.084439754486083984e+01
2.352509260177612305e+00,1.305597782135009766e+01
1.405493021011352539e+00,1.208985447883605957e+00
1.059612274169921875e+00,3.811826944351196289e+00
2.036693096160888672e+00,1.565872955322265625e+01
1.813950300216674805e+00,2.718585014343261719e+00
1.853858828544616699e+00,4.782365322113037109e+00
1.427621960639953613e+00,3.265154838562011719e+00
1.907745599746704102e+00,1.582451725006103516e+01
1.242647290229797363e+00,1.185124397277832031e+00
1.355911254882812500e+00,2.858160734176635742e+00
1.489755153656005859e+00,5.741845607757568359e+00
2.168522834777832031e+00,3.574924468994140625e+00
2.300207376480102539e+00,1.556208896636962891e+01
1.015617728233337402e+00,3.179023563861846924e-01
1.893960118293762207e+00,1.169096851348876953e+01
1.077290415763854980e+00,3.529846370220184326e-01
2.580376386642456055e+00,1.491581630706787109e+01
1.998982429504394531e+00,1.090496158599853516e+01
2.316126585006713867e+00,1.546074390411376953e+01
2.092313051223754883e+00,7.563972949981689453e+00
2.079087257385253906e+00,1.574510669708251953e+01
1.221040487289428711e+00,1.395261287689208984e+00
1.205985188484191895e+00,2.903991460800170898e+00
1.733348727226257324e+00,1.115689086914062500e+01
1.811224341392517090e+00,1.572183609008789062e+01
8.821454644203186035e-01,2.245997905731201172e+00
1.334607601165771484e+00,5.843266010284423828e+00
1.572267264127731323e-01,-5.981482267379760742e-01
2.240978956222534180e+00,5.846086978912353516e+00
2.217068433761596680e+00,1.053339576721191406e+01
6.308076381683349609e-01,4.160032570362091064e-01
1.595976591110229492e+00,1.598003196716308594e+01
2.535404920578002930e+00,1.485340595245361328e+01
1.596326112747192383e+00,1.585953044891357422e+01
1.287666082382202148e+00,3.882115781307220459e-01
6.125200390815734863e-01,2.757664918899536133e-01
1.626545190811157227e+00,2.355952262878417969e+00
1.875661134719848633e+00,1.578976917266845703e+01
2.161606073379516602e+00,2.505269765853881836e+00
1.659498691558837891e+00,1.122908830642700195e+00
1.791830182075500488e+00,4.015907287597656250e+00
3.004025697708129883e+00,1.336584949493408203e+01
1.719173550605773926e+00,6.668928146362304688e+00
1.569075345993041992e+00,7.923995494842529297e+00
1.169825673103332520e+00,7.253360152244567871e-01
2.040498733520507812e+00,1.332191658020019531e+01
1.031447768211364746e+00,1.690426945686340332e+00
1.729861497879028320e+00,1.591169261932373047e+01
1.685182809829711914e+00,3.453121662139892578e+00
2.169216632843017578e+00,7.240190505981445312e+00
2.207421541213989258e+00,1.415026473999023438e+01
1.804767608642578125e+00,1.594522762298583984e+01
2.207048654556274414e+00,9.279746055603027344e+00
1.710702538490295410e+00,1.590638256072998047e+01
1.278622627258300781e+00,4.998924255371093750e+00
1.377360701560974121e+00,2.441325664520263672e+00
1.469749450683593750e+00,1.599746990203857422e+01
2.563980102539062500e+00,1.494495868682861328e+01
1.136275529861450195e+00,1.707948207855224609e+00
2.005456447601318359e+00,9.547629356384277344e+00
2.672509431838989258e+00,1.318236255645751953e+01
7.734971642494201660e-01,4.842291176319122314e-01
2.823628187179565430e+00,9.489624977111816406e+00
1.762525916099548340e+00,1.591982173919677734e+01
2.139694929122924805e+00,6.338354587554931641e+00
1.057960867881774902e+00,6.074481010437011719e-01
2.047428607940673828e+00,6.828317165374755859e+00
1.577944278717041016e+00,1.306961250305175781e+01
1.779500246047973633e+00,1.589472484588623047e+01
1.982324361801147461e+00,1.571140766143798828e+01
1.627408742904663086e+00,1.591131591796875000e+01
2.026085853576660156e+00,1.558168220520019531e+01
1.765385389328002930e+00,4.018995761871337891e+00
2.480254888534545898e+00,1.147731685638427734e+01
1.546093940734863281e+00,1.417408084869384766e+01
1.614462137222290039e+00,1.586957263946533203e+01
1.534748077392578125e+00,2.413177490234375000e+00
1.700264930725097656e+00,4.095623016357421875e+00
2.673336267471313477e+00,1.325259876251220703e+01
1.379172325134277344e+00,3.352352142333984375e+00
1.551992654800415039e+00,6.720475673675537109e+00
1.482439517974853516e+00,2.297168254852294922e+00
2.714947938919067383e+00,7.388791084289550781e+00
2.220828056335449219e+00,1.546382045745849609e+01
1.637379169464111328e+00,7.384544372558593750e+00
1.610221743583679199e+00,1.393646335601806641e+01
2.789158105850219727e+00,1.477042865753173828e+01
2.052267074584960938e+00,1.131346797943115234e+01
1.873908758163452148e+00,1.535511779785156250e+01
1.695879697799682617e+00,3.895496845245361328e+00
2.050448894500732422e+00,3.283042907714843750e+00
1.246967434883117676e+00,3.325332880020141602e+00
2.067258358001708984e+00,5.777776241302490234e+00
1.306608676910400391e+00,1.734623551368713379e+00
2.016092538833618164e+00,1.581615543365478516e+01
2.283623695373535156e+00,7.922049999237060547e+00
3.136160612106323242e+00,1.264874172210693359e+01
1.874613404273986816e+00,9.393370628356933594e+00
1.947515368461608887e+00,1.554427146911621094e+01
2.039628982543945312e+00,9.077937126159667969e+00
2.824825048446655273e+00,1.303070068359375000e+01
1.416458606719970703e+00,1.597399330139160156e+01
1.407081604003906250e+00,7.283139228820800781e-01
1.922878980636596680e+00,1.574701595306396484e+01
8.432850241661071777e-01,1.350871026515960693e-01
1.359561085700988770e+00,6.886000633239746094e+00
1.863305926322937012e+00,1.581269359588623047e+01
2.276120424270629883e+00,1.558408641815185547e+01
1.485901355743408203e+00,1.272165107727050781e+01
1.714011192321777344e+00,1.587011432647705078e+01
1.221229314804077148e+00,5.868297576904296875e+00
2.237898349761962891e+00,7.812131404876708984e+00
1.452855110168457031e+00,7.423781871795654297e+00
2.062208890914916992e+00,1.269665431976318359e+01
2.363729476928710938e+00,1.151941585540771484e+01
1.232956767082214355e+00,4.866108894348144531e+00
2.039092302322387695e+00,8.027900695800781250e+00
1.888753414154052734e+00,1.238818073272705078e+01
1.165762424468994141e+00,2.143455982208251953e+00
1.818721771240234375e+00,5.568939685821533203e+00
8.150311708450317383e-01,7.438132286071777344e+00
2.211365699768066406e+00,1.536427783966064453e+01
2.085291624069213867e+00,1.578067493438720703e+01
1.655252337455749512e+00,1.105580806732177734e+01
1.677954435348510742e+00,6.220345973968505859e+00
8.416955471038818359e-01,7.209565043449401855e-01
2.163281440734863281e+00,1.557942676544189453e+01
1.749012351036071777e+00,7.962718009948730469e+00
1.117244005203247070e+00,4.867931842803955078e+00
3.829052746295928955e-01,1.049410402774810791e-01
2.129857778549194336e+00,1.564253139495849609e+01
1.551282882690429688e+00,7.002195358276367188e+00
2.184107065200805664e+00,4.714331150054931641e+00
2.232124567031860352e+00,1.481146907806396484e+01
1.767344594001770020e+00,1.583263492584228516e+01
1.929985523223876953e+00,1.581459522247314453e+01
1.466020107269287109e+00,7.484632492065429688e+00
2.198591232299804688e+00,1.549466991424560547e+01
1.513101100921630859e+00,1.093187928199768066e+00
1.979621887207031250e+00,1.549757957458496094e+01
1.880727529525756836e+00,2.325988054275512695e+00
1.154169797897338867e+00,3.928237199783325195e+00
1.973869085311889648e+00,1.575806713104248047e+01
1.883682489395141602e+00,5.394395351409912109e+00
1.649518013000488281e+00,1.242813110351562500e+00
1.343084812164306641e+00,7.556984424591064453e+00
7.209233045578002930e-01,3.229749679565429688e+00
1.351146221160888672e+00,3.121781826019287109e+00
1.451944828033447266e+00,8.280683517456054688e+00
1.462412118911743164e+00,1.597910785675048828e+01
9.265015125274658203e-01,1.385398864746093750e+00
1.796978712081909180e+00,1.597235107421875000e+01
2.351060628890991211e+00,1.550931739807128906e+01
1.928382158279418945e+00,1.581310367584228516e+01
2.205462694168090820e+00,1.143102264404296875e+01
2.235719203948974609e+00,1.503676795959472656e+01
2.263677358627319336e+00,1.535918712615966797e+01
1.892625808715820312e+00,6.765703678131103516e+00
1.786361217498779297e+00,7.500090122222900391e+00
8.616052269935607910e-01,5.996190309524536133e-01
9.908030629158020020e-01,4.927628040313720703e+00
2.110563993453979492e+00,7.204742908477783203e+00
2.347015142440795898e+00,4.714498996734619141e+00
1.437294006347656250e+00,5.257861137390136719e+00
8.140782117843627930e-01,8.005521774291992188e+00
8.997116684913635254e-01,2.786650180816650391e+00
1.356305360794067383e+00,2.450554609298706055e+00
2.278010845184326172e+00,1.569690132141113281e+01
3.879910707473754883e-01,4.008501768112182617e-02
1.815907716751098633e+00,2.161707639694213867e+00
9.358970522880554199e-01,5.941408872604370117e-01
2.330061912536621094e+00,1.512319660186767578e+01
1.404492378234863281e+00,4.903980731964111328e+00
2.174141168594360352e+00,1.553720092773437500e+01
1.743829607963562012e+00,7.274343967437744141e+00
2.185865163803100586e+00,2.397706985473632812e+00
1.885131120681762695e+00,2.329300880432128906e+00
1.252219438552856445e+00,8.611590385437011719e+00
1.836391210556030273e+00,7.638780117034912109e+00
1.118180394172668457e+00,6.413967609405517578e-01
1.994171619415283203e+00,6.933440685272216797e+00
2.262048959732055664e+00,1.535736370086669922e+01
2.731282234191894531e+00,1.453381443023681641e+01
1.412007808685302734e+00,3.732027709484100342e-01
4.894434511661529541e-01,1.354387700557708740e-01
1.376316547393798828e+00,2.238284349441528320e+00
1.453229427337646484e+00,2.568554878234863281e+00
1.974356889724731445e+00,6.660756587982177734e+00
1.739537477493286133e+00,1.593561410903930664e+00
1.577770233154296875e+00,1.257520794868469238e+00
1.858229875564575195e+00,1.580320262908935547e+01
1.703607797622680664e+00,5.773717403411865234e+00
2.069116592407226562e+00,1.566570091247558594e+01
2.352621316909790039e+00,1.544115543365478516e+01
2.151174306869506836e+00,1.065719604492187500e+01
2.102434635162353516e+00,8.123872756958007812e+00
1.882315278053283691e+00,1.464402866363525391e+01
9.057213068008422852e-01,4.760409891605377197e-01
1.506379127502441406e+00,2.882966041564941406e+00
2.554925918579101562e+00,1.430892562866210938e+01
2.002196550369262695e+00,9.365287780761718750e+00
1.565228700637817383e+00,1.073462247848510742e+00
2.178485393524169922e+00,1.550015640258789062e+01
2.067621707916259766e+00,4.750975131988525391e+00
8.093469738960266113e-01,4.864160120487213135e-01
9.411303997039794922e-01,1.107455444335937500e+01
1.377382516860961914e+00,4.886115550994873047e+00
1.803747415542602539e+00,7.765280723571777344e+00
1.542931675910949707e+00,7.373040199279785156e+00
1.251515388488769531e+00,7.409878373146057129e-01
1.738613367080688477e+00,6.273824214935302734e+00
1.629518866539001465e+00,1.591553020477294922e+01
1.446894645690917969e+00,1.605328178405761719e+01
1.770902276039123535e+00,1.566003513336181641e+01
1.669241666793823242e+00,8.391531944274902344e+00
1.442593216896057129e+00,1.603380012512207031e+01
1.375193834304809570e+00,5.446386814117431641e+00
1.434242486953735352e+00,1.603531074523925781e+01
1.906786441802978516e+00,1.582396507263183594e+01
1.725940465927124023e+00,9.796738624572753906e+00
2.076878786087036133e+00,1.554280090332031250e+01
1.409001708030700684e+00,1.609716224670410156e+01
9.743036031723022461e-01,4.058530330657958984e-01
2.173242807388305664e+00,2.924115896224975586e+00
2.003223419189453125e+00,1.563207340240478516e+01
1.819763302803039551e+00,6.389606952667236328e+00
1.312243938446044922e+00,1.811450600624084473e+00
1.570187330245971680e+00,1.597047138214111328e+01
1.904680252075195312e+00,1.572226428985595703e+01
2.122730970382690430e+00,1.232658386230468750e+01
1.781986713409423828e+00,1.405605220794677734e+01
5.875580906867980957e-01,5.672061920166015625e+00
2.345240116119384766e+00,1.490176582336425781e+01
2.331297159194946289e+00,7.109708786010742188e+00
1.859895706176757812e+00,1.578011608123779297e+01
2.174823999404907227e+00,1.573352050781250000e+01
2.017973184585571289e+00,1.579868984222412109e+01
1.786257147789001465e+00,5.792623043060302734e+00
3.057211637496948242e+00,1.312514781951904297e+01
8.237438797950744629e-01,1.127643108367919922e+00
2.277734279632568359e+00,1.339883613586425781e+01
1.708950042724609375e+00,1.599647998809814453e+01
9.396088719367980957e-01,1.113647818565368652e+00
1.781275033950805664e+00,1.587418079376220703e+01
1.267169713973999023e+00,4.322409331798553467e-01
1.414017200469970703e+00,8.364934921264648438e-01
1.961954355239868164e+00,1.496103382110595703e+01
1.604675531387329102e+00,1.587866687774658203e+01
1.944773197174072266e+00,1.583993530273437500e+01
2.360039472579956055e+00,9.458991050720214844e+00
1.547240018844604492e+00,1.592095851898193359e+01
1.510216712951660156e+00,1.600677871704101562e+01
1.607901811599731445e+00,1.599146747589111328e+01
1.866805553436279297e+00,1.586199378967285156e+01
1.703932046890258789e+00,1.591118907928466797e+01
1.788005232810974121e+00,1.151533126831054688e+01
2.431769132614135742e+00,1.533667087554931641e+01
4.152438044548034668e-01,4.930442571640014648e-02
1.319813966751098633e+00,1.453581809997558594e+00
2.388691425323486328e+00,1.486258602142333984e+01
2.032503128051757812e+00,1.569891834259033203e+01
1.675261259078979492e+00,1.594758224487304688e+01
2.313993453979492188e+00,1.007046699523925781e+01
1.078805446624755859e+00,6.753212809562683105e-01
1.188696503639221191e+00,5.610637187957763672e+00
2.027363300323486328e+00,7.780733585357666016e+00
2.295473098754882812e+00,6.373646259307861328e+00
1.240815401077270508e+00,1.798266768455505371e-01
1.058123111724853516e+00,8.156136274337768555e-01
1.704356074333190918e+00,1.599272251129150391e+01
1.651865601539611816e+00,4.342135906219482422e+00
1.806223392486572266e+00,3.563679695129394531e+00
2.098845720291137695e+00,1.562952899932861328e+01
2.492996454238891602e+00,1.502254676818847656e+01
2.156412601470947266e+00,9.480511665344238281e+00
4.689331948757171631e-01,1.606829166412353516e+00
1.453244328498840332e+00,4.304090976715087891e+00
1.688583612442016602e+00,1.589560985565185547e+01
1.302474737167358398e+00,1.947704553604125977e+00
2.029335737228393555e+00,1.139815998077392578e+01
2.760802507400512695e+00,5.673142433166503906e+00
1.347997426986694336e+00,1.025661706924438477e+00
1.713998556137084961e+00,1.584883022308349609e+01
2.140374898910522461e+00,1.543751239776611328e+01
2.709006547927856445e+00,1.405090427398681641e+01
2.395693063735961914e+00,1.549089527130126953e+01
2.899339914321899414e+00,1.228288555145263672e+01
1.866660475730895996e+00,1.085492968559265137e+00
2.112940788269042969e+00,7.320177078247070312e+00
1.856321573257446289e+00,1.459206962585449219e+01
1.614594459533691406e+00,1.599270629882812500e+01
7.742341160774230957e-01,3.755235373973846436e-01
1.585829734802246094e+00,-2.108320295810699463e-01
1.670738220214843750e+00,4.785076618194580078e+00
9.646711349487304688e-01,6.644196510314941406e-01
2.168414592742919922e+00,1.568439579010009766e+01
1.330537319183349609e+00,7.827471256256103516e+00
1.542301177978515625e+00,3.174363136291503906e+00
2.094175815582275391e+00,1.564316844940185547e+01
9.181900620460510254e-01,2.916132450103759766e+00
1.010027885437011719e+00,1.404320240020751953e+00
2.164878368377685547e+00,1.570139217376708984e+01
2.060210704803466797e+00,1.560030841827392578e+01
2.319246530532836914e+00,7.901460170745849609e+00
1.566946744918823242e+00,4.899591445922851562e+00
1.481505036354064941e+00,2.425468862056732178e-01
1.178173184394836426e+00,1.286041855812072754e+00
1.819492578506469727e+00,1.251655864715576172e+01
1.820064783096313477e+00,1.186236572265625000e+01
1.433783531188964844e+00,1.606674575805664062e+01
1.491628885269165039e+00,1.610480880737304688e+01
1.729565858840942383e+00,2.528761148452758789e+00
1.443646192550659180e+00,9.700249433517456055e-01
1.391039133071899414e+00,1.611608886718750000e+01
1.815826773643493652e+00,3.548223972320556641e+00
2.556688070297241211e+00,1.309470295906066895e+00
2.300669431686401367e+00,1.399410724639892578e+01
2.009692907333374023e+00,1.577426719665527344e+01
1.937410593032836914e+00,8.710820198059082031e+00
1.552010297775268555e+00,4.454996585845947266e+00
2.200231075286865234e+00,1.364712524414062500e+01
2.206477165222167969e+00,1.467041110992431641e+01
2.020135402679443359e+00,5.647912025451660156e+00
1.296494960784912109e+00,3.662863731384277344e+00
9.962795376777648926e-01,2.853424310684204102e+00
4.761377871036529541e-01,2.557619571685791016e+00
1.541688442230224609e+00,1.596657657623291016e+01
1.199331283569335938e+00,3.960790634155273438e+00
1.283735513687133789e+00,5.742232799530029297e+00
1.799263238906860352e+00,6.657836914062500000e+00
2.352852582931518555e+00,4.158155918121337891e+00
2.005500793457031250e+00,1.567942905426025391e+01
2.075749635696411133e+00,8.209807395935058594e+00
2.278807640075683594e+00,1.526250553131103516e+01
1.486037015914916992e+00,3.559238195419311523e+00
1.110754132270812988e+00,7.477037906646728516e-01
1.206874370574951172e+00,7.255913019180297852e-01
1.927919387817382812e+00,1.578814506530761719e+01
1.377391815185546875e+00,5.760618209838867188e+00
1.283068299293518066e+00,5.552266836166381836e-01
1.121606945991516113e+00,1.001323223114013672e+01
1.465684890747070312e+00,1.595735454559326172e+01
1.876021742820739746e+00,5.267744541168212891e+00
1.991229295730590820e+00,1.573619079589843750e+01
1.437880992889404297e+00,1.601408576965332031e+01
2.142603158950805664e+00,8.725176811218261719e+00
9.883426427841186523e-01,4.641752541065216064e-01
9.519938826560974121e-01,6.786819696426391602e-01
2.260175466537475586e+00,1.552223491668701172e+01
1.933807373046875000e+00,1.415466785430908203e+01
2.292977094650268555e+00,1.555309963226318359e+01
1.671643018722534180e+00,5.138625144958496094e+00
1.726626753807067871e+00,1.590757656097412109e+01
2.430241346359252930e+00,1.376346111297607422e+01
2.404312849044799805e+00,9.897872924804687500e+00
1.503157138824462891e+00,1.389142417907714844e+01
1.501346826553344727e+00,6.529349327087402344e+00
1.711841344833374023e+00,1.598305416107177734e+01
-3.132932353764772415e-03,7.261383533477783203e-01
2.069627523422241211e+00,1.567138099670410156e+01
2.265610933303833008e+00,6.466727733612060547e+00
2.555718421936035156e+00,1.484563827514648438e+01
2.087958574295043945e+00,1.397994136810302734e+01
1.945520639419555664e+00,1.578230190277099609e+01
1.081170797348022461e+00,1.027732253074645996e+00
1.708929300308227539e+00,6.567093849182128906e+00
2.212903738021850586e+00,1.123291301727294922e+01
1.459300994873046875e+00,1.951297044754028320e+00
2.045081853866577148e+00,1.566288280487060547e+01
2.676433563232421875e+00,1.102488708496093750e+01
2.574893951416015625e+00,3.840558052062988281e+00
1.765582084655761719e+00,8.020236015319824219e+00
1.808667421340942383e+00,1.586846065521240234e+01
1.587372303009033203e+00,7.234116554260253906e+00
1.995024442672729492e+00,1.431041049957275391e+01
1.987812995910644531e+00,1.179692745208740234e+01
2.156406164169311523e+00,6.109062671661376953e+00
1.337832570075988770e+00,1.024581074714660645e+00
1.336924076080322266e+00,1.347880482673645020e+00
1.715148210525512695e+00,1.595269584655761719e+01
2.238200426101684570e+00,9.917938232421875000e+00
2.215175151824951172e+00,1.561177253723144531e+01
1.703639626502990723e+00,1.596405696868896484e+01
1.579950094223022461e+00,1.600484657287597656e+01
2.163197517395019531e+00,7.687537670135498047e+00
9.748249650001525879e-01,8.464652299880981445e-01
1.606472611427307129e+00,4.599581241607666016e+00
1.478838920593261719e+00,7.136468410491943359e+00
9.943783879280090332e-01,4.844861984252929688e+00
3.377388715744018555e+00,1.003685474395751953e+01
1.368461966514587402e+00,6.632889270782470703e+00
2.083815336227416992e+00,9.281882286071777344e+00
2.138781309127807617e+00,1.569178009033203125e+01
1.584933042526245117e+00,1.599391937255859375e+01
2.029806852340698242e+00,1.080566596984863281e+01
1.480094194412231445e+00,4.408805847167968750e+00
2.105942010879516602e+00,1.241959476470947266e+01
1.559662699699401855e+00,1.599179553985595703e+01
7.996180653572082520e-01,2.684909343719482422e+00
2.084047079086303711e+00,9.062935829162597656e+00
2.151891469955444336e+00,1.567601680755615234e+01
2.060540914535522461e+00,1.568828964233398438e+01
2.125896930694580078e+00,1.096054935455322266e+01
9.581829309463500977e-01,5.015065073966979980e-01
2.348108053207397461e+00,1.053333950042724609e+01
1.125786066055297852e+00,1.613053703308105469e+01
2.215613365173339844e+00,7.517032623291015625e+00
1.039168000221252441e+00,4.190236628055572510e-01
6.245374083518981934e-01,-6.391859054565429688e-02
2.742051124572753906e+00,9.022246360778808594e+00
1.343840599060058594e+00,2.627782344818115234e+00
2.600001573562622070e+00,1.003726482391357422e+01
2.832441568374633789e+00,1.469737148284912109e+01
1.576180934906005859e+00,1.595761966705322266e+01
1.010007858276367188e+00,1.500161528587341309e+00
1.919461488723754883e+00,1.583842086791992188e+01
1.390121102333068848e+00,9.931594133377075195e-01
1.578418493270874023e+00,1.474061727523803711e+00
1.859517693519592285e+00,9.017405509948730469e+00
1.528205394744873047e+00,1.599522495269775391e+01
1.859110593795776367e+00,6.633077144622802734e+00
1.589910507202148438e+00,1.590185260772705078e+01
1.187662124633789062e+00,1.982545256614685059e+00
6.696978807449340820e-01,1.109508752822875977e+00
1.226593732833862305e+00,8.929644823074340820e-01
2.210142612457275391e+00,1.470060062408447266e+01
1.253725409507751465e+00,2.554598331451416016e+00
1.478749394416809082e+00,8.800978660583496094e+00
1.432323694229125977e+00,5.261649608612060547e+00
2.180392265319824219e+00,1.541033744812011719e+01
2.481976747512817383e+00,1.524712944030761719e+01
1.665577650070190430e+00,8.022828102111816406e+00
1.247540116310119629e+00,1.085780382156372070e+00
1.995173692703247070e+00,8.544323921203613281e+00
2.293814420700073242e+00,1.108232784271240234e+01
2.565228223800659180e+00,6.173159122467041016e+00
1.457329154014587402e+00,1.606800651550292969e+01
1.363196849822998047e+00,7.753558158874511719e+00
1.917215824127197266e+00,5.978437900543212891e+00
8.197700977325439453e-01,8.464601039886474609e-01
1.940443992614746094e+00,1.586093425750732422e+01
1.915338993072509766e+00,3.261446714401245117e+00
2.360298633575439453e+00,1.431012821197509766e+01
4.452511370182037354e-01,1.713639199733734131e-01
1.235980510711669922e+00,3.410420715808868408e-01
1.641933798789978027e+00,7.652176856994628906e+00
1.098293542861938477e+00,1.092885136604309082e+00
1.932420253753662109e+00,1.563403606414794922e+01
1.402184724807739258e+00,1.598418331146240234e+01
1.172241449356079102e+00,2.797111034393310547e+00
1.948993444442749023e+00,1.570892047882080078e+01
5.587353557348251343e-02,6.023474335670471191e-01
1.191163182258605957e+00,2.279877424240112305e+00
1.068989515304565430e+00,4.384677112102508545e-01
2.450829982757568359e+00,1.371156406402587891e+01
1.804396986961364746e+00,1.241289258003234863e+00
1.241047620773315430e+00,9.553749561309814453e-01
1.386124730110168457e+00,2.902279376983642578e+00
1.435741901397705078e+00,1.603476905822753906e+01
1.733354210853576660e+00,8.725572586059570312e+00
1.776082038879394531e+00,1.575690364837646484e+01
2.789037704467773438e+00,1.424783611297607422e+01
1.497746467590332031e+00,7.323943376541137695e-01
1.159718751907348633e+00,7.332787513732910156e-01
1.059147119522094727e+00,3.329797685146331787e-01
2.038877725601196289e+00,8.571468591690063477e-01
1.792138099670410156e+00,1.580164337158203125e+01
1.794182538986206055e+00,5.143619537353515625e+00
1.814109325408935547e+00,2.896861553192138672e+00
1.262996912002563477e+00,2.560901641845703125e+00
2.372726202011108398e+00,1.530068683624267578e+01
1.559938073158264160e+00,1.565089797973632812e+01
2.345236539840698242e+00,1.234669494628906250e+01
2.513817071914672852e+00,1.460781955718994141e+01
2.188308477401733398e+00,8.613769531250000000e+00
1.639876842498779297e+00,1.596075916290283203e+01
1.734955787658691406e+00,1.593452072143554688e+01
1.994624137878417969e+00,1.579522252082824707e+00
1.494859576225280762e+00,2.947799861431121826e-01
2.192238330841064453e+00,6.286084651947021484e+00
2.239006757736206055e+00,1.554585552215576172e+01
2.447494029998779297e+00,1.261337947845458984e+01
2.294206857681274414e+00,1.291059303283691406e+01
2.110464334487915039e+00,1.568678569793701172e+01
1.950779199600219727e+00,8.453904151916503906e+00
1.846270084381103516e+00,1.552975559234619141e+01
1.826332092285156250e+00,1.988570690155029297e+00
1.581567049026489258e+00,1.600150489807128906e+01
2.581052064895629883e+00,1.505777835845947266e+01
1.492860436439514160e+00,2.326473951339721680e+00
1.771193504333496094e+00,4.990824222564697266e+00
1.599922895431518555e+00,1.595567989349365234e+01
2.105235815048217773e+00,8.856238365173339844e+00
2.012154102325439453e+00,1.404695415496826172e+01
2.090054273605346680e+00,1.142286491394042969e+01
1.892042398452758789e+00,1.579328060150146484e+01
1.628853082656860352e+00,6.080389976501464844e+00
1.481715083122253418e+00,7.413079738616943359e+00
1.959841966629028320e+00,1.150359058380126953e+01
2.373070716857910156e+00,1.538481426239013672e+01
2.065049409866333008e+00,1.463415718078613281e+01
2.255143642425537109e+00,1.494200420379638672e+01
1.648445248603820801e+00,1.470171093940734863e+00
2.521702051162719727e+00,1.158526134490966797e+01
9.126182198524475098e-01,3.647316455841064453e+00
1.489297389984130859e+00,1.594647312164306641e+01
1.858888030052185059e+00,1.585734653472900391e+01
1.934923887252807617e+00,1.580643081665039062e+01
7.246615886688232422e-01,2.565244197845458984e+00
1.274819612503051758e+00,9.215929508209228516e-01
1.437806844711303711e+00,1.391695737838745117e+00
1.867694139480590820e+00,1.555130100250244141e+01
1.518763542175292969e+00,4.059668064117431641e+00
1.713738560676574707e+00,8.731450080871582031e+00
1.413120865821838379e+00,1.818744778633117676e+00
1.987802267074584961e+00,3.801464557647705078e+00
2.046632051467895508e+00,1.541388797760009766e+01
1.175941467285156250e+00,1.330079674720764160e+00
2.261437654495239258e+00,1.038543796539306641e+01
2.071882009506225586e+00,1.190747499465942383e+00
7.987737059593200684e-01,2.404376715421676636e-01
1.988157272338867188e+00,1.539171409606933594e+01
1.812730431556701660e+00,3.289146423339843750e+00
1.877705574035644531e+00,5.286666393280029297e+00
1.874490022659301758e+00,1.572395420074462891e+01
1.427674174308776855e+00,1.988984346389770508e-01
1.568277120590209961e+00,1.593673229217529297e+01
1.630917310714721680e+00,1.310710048675537109e+01
2.877840280532836914e+00,1.379642200469970703e+01
2.167979955673217773e+00,1.498848533630371094e+01
2.570656061172485352e+00,5.297751903533935547e+00
1.179355740547180176e+00,1.257725238800048828e+00
1.756974935531616211e+00,1.584965705871582031e+01
2.158606290817260742e+00,1.566527080535888672e+01
1.813870787620544434e+00,1.364938831329345703e+01
2.911047697067260742e+00,9.838324546813964844e+00
1.621913194656372070e+00,5.146134853363037109e+00
1.776592731475830078e+00,1.205331420898437500e+01
2.000504970550537109e+00,2.126354932785034180e+00
1.823617815971374512e+00,1.059096527099609375e+01
1.243980288505554199e+00,3.816155910491943359e+00
1.736360073089599609e+00,8.117783069610595703e-01
2.465063810348510742e+00,1.183846759796142578e+01
1.999974727630615234e+00,1.571939182281494141e+01
2.620968580245971680e+00,1.420105266571044922e+01
1.660422563552856445e+00,5.763843536376953125e+00
2.304697036743164062e+00,9.445651054382324219e+00
1.680981397628784180e+00,4.828347206115722656e+00
1.596489429473876953e+00,2.782651185989379883e+00
1.610346078872680664e+00,4.053022861480712891e+00
1.700144052505493164e+00,2.296330451965332031e+00
1.621163368225097656e+00,6.784555912017822266e+00
1.006756544113159180e+00,6.960901021957397461e-01
1.998686313629150391e+00,8.087857246398925781e+00
2.123113155364990234e+00,2.255615711212158203e+00
2.527885198593139648e+00,1.408136653900146484e+01
2.081446886062622070e+00,1.570705986022949219e+01
1.985429048538208008e+00,1.128407573699951172e+01
1.831524252891540527e+00,1.014538097381591797e+01
2.345326185226440430e+00,1.554876518249511719e+01
1.910923242568969727e+00,7.323276996612548828e+00
2.443050861358642578e+00,1.543460559844970703e+01
1.954247951507568359e+00,6.082377910614013672e+00
1.903419852256774902e+00,1.581218242645263672e+01
1.814706325531005859e+00,1.582810211181640625e+01
1.103557825088500977e+00,8.957055807113647461e-01
1.567766904830932617e+00,1.596992015838623047e+01
1.540951013565063477e+00,5.353369235992431641e+00
1.590360999107360840e+00,1.166410350799560547e+01
1.851020097732543945e+00,1.584914207458496094e+01
1.779785156250000000e+00,6.258157253265380859e+00
1.488728046417236328e+00,1.604246520996093750e+01
1.950175523757934570e+00,8.068964958190917969e+00
2.206651687622070312e+00,9.082591056823730469e+00
1.128825187683105469e+00,5.163069248199462891e+00
4.319485127925872803e-01,1.523850262165069580e-01
1.207703471183776855e+00,1.885701656341552734e+00
1.785114049911499023e+00,4.182805061340332031e+00
2.358734130859375000e+00,1.516051292419433594e+01
1.747919321060180664e+00,4.320328712463378906e+00
1.754609346389770508e+00,1.300622844696044922e+01
1.725993871688842773e+00,3.136816024780273438e+00
9.395239949226379395e-01,7.555836439132690430e-01
1.716976642608642578e+00,6.370844841003417969e-01
1.372634649276733398e+00,3.253535747528076172e+00
1.383737325668334961e+00,2.567954063415527344e+00
1.613749265670776367e+00,9.591767311096191406e+00
1.818668246269226074e+00,1.595680618286132812e+01
2.326127290725708008e+00,9.694046974182128906e+00
2.095117330551147461e+00,1.420766162872314453e+01
1.026815652847290039e+00,7.287510633468627930e-01
1.602307558059692383e+00,1.594297122955322266e+01
1.991739511489868164e+00,1.565276432037353516e+01
1.501854777336120605e+00,3.358972668647766113e-01
1.366067767143249512e+00,1.603030204772949219e+01
2.328852415084838867e+00,1.223825645446777344e+01
1.068564653396606445e+00,1.693344235420227051e+00
5.142266154289245605e-01,1.600364036858081818e-02
1.965064525604248047e+00,8.318089485168457031e+00
1.357508152723312378e-01,-3.921076655387878418e-02
1.923970222473144531e+00,1.581002998352050781e+01
2.206010580062866211e+00,1.556785297393798828e+01
1.405818223953247070e+00,3.808600604534149170e-01
2.023349046707153320e+00,1.578691387176513672e+01
1.755153656005859375e+00,5.587263107299804688e+00
1.349947929382324219e+00,1.291488051414489746e+00
2.354463338851928711e+00,9.410804748535156250e+00
1.847330451011657715e+00,3.578634738922119141e+00
1.278016328811645508e+00,9.691693782806396484e-01
1.778743982315063477e+00,1.584613895416259766e+01
1.512099742889404297e+00,4.006425857543945312e+00
1.330437302589416504e+00,6.630575656890869141e+00
2.764799833297729492e+00,8.352350234985351562e+00
1.756633877754211426e+00,1.592911434173583984e+01
1.615416884422302246e+00,3.425001144409179688e+00
2.939796686172485352e+00,7.431147098541259766e+00
8.075559735298156738e-01,5.684161186218261719e+00
9.432047009468078613e-01,6.971384286880493164e-01
1.106793880462646484e+00,3.455070555210113525e-01
1.401887297630310059e+00,7.920870780944824219e-01
2.055262804031372070e+00,1.027115535736083984e+01
1.635205030441284180e+00,3.462430477142333984e+00
1.114608407020568848e+00,1.192795395851135254e+00
2.207696914672851562e+00,1.509898185729980469e+01
2.140525817871093750e+00,1.385530757904052734e+01
1.746982932090759277e+00,9.168740272521972656e+00
2.299685001373291016e+00,6.307476520538330078e+00
1.614643931388854980e+00,3.291919231414794922e+00
2.399327278137207031e+00,1.528781986236572266e+01
2.245483160018920898e+00,1.016537570953369141e+01
5.178512334823608398e-01,-2.055870890617370605e-01
1.938476443290710449e+00,1.575469875335693359e+01
1.611837863922119141e+00,1.535416507720947266e+01
2.444032669067382812e+00,1.519079303741455078e+01
1.788480162620544434e+00,1.547654533386230469e+01
2.719712972640991211e+00,1.081632328033447266e+01
1.492423892021179199e+00,1.185041785240173340e+00
6.254370808601379395e-01,-2.419682443141937256e-01
1.700455307960510254e+00,1.597265148162841797e+01
2.553344070911407471e-01,1.383907049894332886e-01
1.750839233398437500e+00,1.576664829254150391e+01
2.363891839981079102e+00,7.524629116058349609e+00
1.798993825912475586e+00,4.138509750366210938e+00
2.039155721664428711e+00,1.564466953277587891e+01
1.910614013671875000e+00,1.572838020324707031e+01
1.927607893943786621e+00,1.589410686492919922e+01
1.099138379096984863e+00,1.683958530426025391e+00
1.110487341880798340e+00,3.279316425323486328e+00
1.570552825927734375e+00,4.787275314331054688e+00
1.925849199295043945e+00,1.275289630889892578e+01
2.810784339904785156e+00,6.788788318634033203e+00
1.396808266639709473e+00,1.596265316009521484e+01
2.074964046478271484e+00,1.333735752105712891e+01
1.816451549530029297e+00,9.893099784851074219e+00
1.780332565307617188e+00,1.586140155792236328e+01
1.106786131858825684e+00,1.639908194541931152e+00
9.588851332664489746e-01,3.913885056972503662e-01
1.971703052520751953e+00,1.370828270912170410e+00
1.536146998405456543e+00,6.371787548065185547e+00
4.506959915161132812e-01,2.227389574050903320e+00
8.455352187156677246e-01,5.707317352294921875e+00
1.769739389419555664e+00,1.558549404144287109e+01
1.614112496376037598e+00,3.765900611877441406e+00
1.683908700942993164e+00,1.593063068389892578e+01
2.056185483932495117e+00,1.575085067749023438e+01
5.804191827774047852e-01,-1.725105568766593933e-03
2.826839447021484375e+00,1.100711727142333984e+01
2.239622116088867188e+00,1.546437263488769531e+01
1.611874341964721680e+00,7.937571525573730469e+00
1.320928454399108887e+00,7.597540378570556641e+00
2.105411767959594727e+00,1.350714874267578125e+01
2.332064151763916016e+00,1.026157665252685547e+01
2.137342214584350586e+00,1.014503288269042969e+01
2.340799570083618164e+00,1.214940357208251953e+01
1.630837321281433105e+00,1.391103029251098633e+00
1.957569718360900879e+00,1.576417350769042969e+01
1.905148267745971680e+00,2.034832000732421875e+00
2.363655090332031250e+00,1.408825206756591797e+01
9.904804825782775879e-01,4.383932054042816162e-01
1.611777186393737793e+00,1.594324970245361328e+01
2.168556213378906250e+00,1.541862392425537109e+01
1.831888437271118164e+00,1.582079696655273438e+01
2.167582035064697266e+00,9.400018692016601562e+00
1.991318941116333008e+00,9.585170745849609375e+00
1.598874568939208984e+00,1.599524402618408203e+01
1.944955110549926758e+00,1.544703006744384766e+01
2.271141529083251953e+00,1.050719070434570312e+01
1.888387680053710938e+00,1.572303771972656250e+01
1.421335935592651367e+00,7.539033293724060059e-01
1.533416390419006348e+00,5.897745132446289062e+00
9.453415274620056152e-01,4.364344120025634766e+00
1.752274513244628906e+00,9.340235710144042969e+00
9.599216580390930176e-01,2.242881357669830322e-01
1.317275404930114746e+00,7.226839542388916016e+00
1.792009115219116211e+00,1.584899425506591797e+01
2.492243528366088867e+00,6.086920738220214844e+00
1.561592936515808105e+00,1.410388708114624023e+00
2.324252843856811523e+00,1.425695538520812988e+00
1.853582859039306641e+00,1.576881599426269531e+01
1.371334075927734375e+00,1.003543496131896973e+00
2.198684215545654297e+00,3.287592887878417969e+00
2.650483846664428711e+00,2.549683570861816406e+00
2.271013498306274414e+00,7.102834224700927734e+00
2.142376184463500977e+00,2.188535928726196289e+00
1.434639334678649902e+00,1.098794102668762207e+00
2.106974363327026367e+00,1.568070411682128906e+01
1.607344031333923340e+00,9.101706504821777344e+00
1.685453891754150391e+00,1.594894504547119141e+01
2.674708127975463867e+00,1.385488224029541016e+01
8.315473794937133789e-01,2.871097624301910400e-01
1.451192140579223633e+00,6.933295726776123047e-02
2.080885171890258789e+00,1.523302459716796875e+01
2.071931362152099609e+00,1.573948383331298828e+01
2.321510553359985352e+00,7.301445484161376953e+00
1.637436866760253906e+00,5.776361227035522461e-01
1.297791481018066406e+00,6.169879436492919922e+00
2.040799617767333984e+00,1.573640727996826172e+01
1.675282478332519531e+00,6.305245876312255859e+00
1.459738969802856445e+00,1.602339553833007812e+01
2.653178691864013672e+00,1.453258514404296875e+01
1.415129423141479492e+00,3.628659725189208984e+00
2.137958526611328125e+00,5.913444042205810547e+00
1.735465288162231445e+00,1.202244281768798828e+01
2.310499429702758789e+00,1.242797946929931641e+01
1.738418817520141602e+00,1.602060079574584961e+00
1.990317821502685547e+00,1.552460575103759766e+01
2.061951875686645508e+00,1.571736621856689453e+01
1.901019930839538574e+00,1.179311037063598633e+00
2.906366586685180664e+00,8.585316658020019531e+00
2.005633592605590820e+00,1.012259387969970703e+01
1.345750808715820312e+00,1.766170501708984375e+00
1.755301237106323242e+00,2.134011983871459961e+00
1.820996046066284180e+00,1.144915103912353516e+00
1.426960945129394531e+00,1.037633180618286133e+00
2.068819761276245117e+00,1.566205406188964844e+01
2.259141445159912109e+00,1.548477268218994141e+01
2.505462884902954102e+00,4.848831176757812500e+00
3.718558549880981445e-01,3.866426646709442139e-01
1.215675592422485352e+00,1.004385352134704590e+00
1.517906785011291504e+00,1.094358158111572266e+01
1.295340299606323242e+00,6.856818199157714844e-01
1.172506570816040039e+00,4.147356033325195312e+00
1.225262284278869629e-01,-4.204830527305603027e-02
9.755741953849792480e-01,3.326208293437957764e-01
1.346818685531616211e+00,1.210880517959594727e+00
1.943729639053344727e+00,3.354218244552612305e+00
2.182749986648559570e+00,1.504099369049072266e+01
1.678236246109008789e+00,3.619630336761474609e+00
1.247916936874389648e+00,7.921500205993652344e-01
2.017042636871337891e+00,1.541552352905273438e+01
1.386078715324401855e+00,7.338843822479248047e+00
1.083562731742858887e+00,3.692445278167724609e+00
1.043336153030395508e+00,9.712359428405761719e+00
2.511744737625122070e+00,1.489141082763671875e+01
1.117171764373779297e+00,2.328911542892456055e+00
1.715934514999389648e+00,7.930040836334228516e+00
2.056297063827514648e+00,7.774932861328125000e+00
1.905690431594848633e+00,1.041503620147705078e+01
3.074023425579071045e-01,1.057408213615417480e+00
1.424038887023925781e+00,1.607099533081054688e+01
1.409491539001464844e+00,1.603034782409667969e+01
1.747634410858154297e+00,1.404850864410400391e+01
1.089513182640075684e+00,3.827142715454101562e+00
2.266062021255493164e+00,1.430022621154785156e+01
2.182669162750244141e+00,6.223717212677001953e+00
1.250996112823486328e+00,1.644309759140014648e+00
1.769960641860961914e+00,6.031241893768310547e+00
1.744601011276245117e+00,1.586199665069580078e+01
7.811737656593322754e-01,3.329370021820068359e-01
1.044517159461975098e+00,1.326701641082763672e+00
1.087831974029541016e+00,4.865265369415283203e+00
1.962601900100708008e+00,1.448775005340576172e+01
1.128452301025390625e+00,8.040389060974121094e+00
1.795067548751831055e+00,1.591882991790771484e+01
1.150482177734375000e+00,6.814305782318115234e+00
2.042654752731323242e+00,2.156910896301269531e+00
1.172024250030517578e+00,2.433697462081909180e+00
1.326363325119018555e+00,1.609820747375488281e+01
6.572797894477844238e-01,2.221264392137527466e-01
1.994323372840881348e+00,1.580207157135009766e+01
1.366991519927978516e+00,1.467124581336975098e+00
2.450217723846435547e+00,7.418186664581298828e+00
1.292446374893188477e+00,1.495414376258850098e-01
6.569634079933166504e-01,4.335080683231353760e-01
4.342809617519378662e-01,4.617381989955902100e-01
1.657676935195922852e+00,1.595425319671630859e+01
1.970465064048767090e+00,1.567345523834228516e+01
2.993824720382690430e+00,1.371942043304443359e+01
1.659737706184387207e+00,1.296694660186767578e+01
2.738180875778198242e+00,1.324672222137451172e+01
1.556249856948852539e+00,1.598578548431396484e+01
7.430735826492309570e-01,1.366380929946899414e+00
1.691631436347961426e+00,6.260580420494079590e-01
1.833209872245788574e+00,1.579360675811767578e+01
1.596872329711914062e+00,2.153983592987060547e+00
2.137179136276245117e+00,1.525624465942382812e+01
1.955626726150512695e+00,1.586674976348876953e+01
1.265629887580871582e+00,1.152550029754638672e+01
2.420281171798706055e+00,1.545900630950927734e+01
1.531709432601928711e+00,1.177194833755493164e+00
2.067076683044433594e+00,4.527120113372802734e+00
1.509938597679138184e+00,1.599309253692626953e+01
1.389497041702270508e+00,4.735960006713867188e+00
1.817737102508544922e+00,7.973513603210449219e+00
2.013075590133666992e+00,9.879170417785644531e+00
1.749843597412109375e+00,1.074948215484619141e+01
2.058217287063598633e+00,1.577664756774902344e+01
2.202200651168823242e+00,1.113262271881103516e+01
1.679975271224975586e+00,1.595367908477783203e+01
8.932187557220458984e-01,2.565403699874877930e+00
1.041571617126464844e+00,2.567647457122802734e+00
2.465550422668457031e+00,1.523616313934326172e+01
2.476683378219604492e+00,9.717957496643066406e+00
8.883691430091857910e-01,1.878912210464477539e+00
2.152943849563598633e+00,1.519227600097656250e+01
9.002727270126342773e-01,1.740018725395202637e+00
2.173605680465698242e+00,1.394961071014404297e+01
6.538813710212707520e-01,3.827212333679199219e+00
2.216811656951904297e+00,1.522248172760009766e+01
1.263042569160461426e+00,3.664937734603881836e+00
1.553610324859619141e+00,-5.169582366943359375e-02
1.367664575576782227e+00,4.420241415500640869e-01
2.457985877990722656e+00,1.385342502593994141e+01
1.071752905845642090e+00,1.615152549743652344e+01
2.199635744094848633e+00,8.140633583068847656e+00
2.592536211013793945e+00,1.275788784027099609e+01
2.207986593246459961e+00,1.511367702484130859e+01
1.400282979011535645e+00,5.529477119445800781e+00
1.283877372741699219e+00,3.065249681472778320e+00
2.436115264892578125e+00,8.133908271789550781e+00
2.099348306655883789e+00,4.082684040069580078e+00
2.396764516830444336e+00,1.282465934753417969e+01
1.319759845733642578e+00,7.069954872131347656e-01
1.837687253952026367e+00,3.631214141845703125e+00
1.274323701858520508e+00,1.012239098548889160e+00
1.853750228881835938e+00,1.590546607971191406e+01
1.500075697898864746e+00,1.602657890319824219e+01
2.478965044021606445e+00,1.456464385986328125e+01
1.880556344985961914e+00,1.579492282867431641e+01
2.411823749542236328e+00,1.062306213378906250e+01
2.150041818618774414e+00,9.421634674072265625e+00
1.941014885902404785e+00,1.577490329742431641e+01
2.222385883331298828e+00,1.000761508941650391e+01
1.555515170097351074e+00,4.617292881011962891e+00
1.206255912780761719e+00,1.050907015800476074e+00
7.732242941856384277e-01,2.973476350307464600e-01
1.864817619323730469e+00,1.534905242919921875e+01
1.932215809822082520e+00,1.179306793212890625e+01
1.906314611434936523e+00,6.342718601226806641e+00
2.163677930831909180e+00,1.001105213165283203e+01
1.917059540748596191e+00,3.124466180801391602e+00
2.106321096420288086e+00,2.645080089569091797e+00
2.278358459472656250e+00,1.501958942413330078e+01
1.492824077606201172e+00,3.298734903335571289e+00
1.485879421234130859e+00,1.599873638153076172e+01
1.565191388130187988e+00,1.023822784423828125e+01
1.632554531097412109e+00,1.058889675140380859e+01
1.391783952713012695e+00,1.011560726165771484e+01
1.007064104080200195e+00,8.622143268585205078e-01
1.631552934646606445e+00,7.557307720184326172e+00
2.068659067153930664e+00,5.438603878021240234e+00
1.553983926773071289e+00,1.597448158264160156e+01
1.606688499450683594e+00,1.597944164276123047e+01
1.482196927070617676e+00,8.221038818359375000e+00
2.158984184265136719e+00,7.223840236663818359e+00
1.441460132598876953e+00,1.593537712097167969e+01
1.751493573188781738e+00,1.007473850250244141e+01
1.763949394226074219e+00,1.586488533020019531e+01
1.249688863754272461e+00,3.116318225860595703e+00
6.172100454568862915e-02,2.992382943630218506e-01
2.483093738555908203e+00,1.524837970733642578e+01
2.116879224777221680e+00,1.564336395263671875e+01
2.459927320480346680e+00,8.095548629760742188e+00
1.301709055900573730e+00,3.569609224796295166e-01
2.003476858139038086e+00,1.573575687408447266e+01
1.578819155693054199e+00,5.440248012542724609e+00
2.139550924301147461e+00,1.376595973968505859e+01
1.730974435806274414e+00,1.586210918426513672e+01
7.296323180198669434e-01,3.940910398960113525e-01
1.929494142532348633e+00,1.580923748016357422e+01
1.903608322143554688e+00,2.971950054168701172e+00
1.697792530059814453e+00,2.939794540405273438e+00
1.222083091735839844e+00,1.594874262809753418e+00
1.658033847808837891e+00,8.380333900451660156e+00
1.763759613037109375e+00,1.517971992492675781e+00
1.770673394203186035e+00,1.588784408569335938e+01
1.834575295448303223e+00,1.151937961578369141e+01
1.180289268493652344e+00,5.482953786849975586e-01
2.315524816513061523e+00,1.294914722442626953e+01
1.315690040588378906e+00,6.470838069915771484e+00
1.751218557357788086e+00,1.590586853027343750e+01
1.251542568206787109e+00,6.040604114532470703e+00
2.083429813385009766e+00,1.568751621246337891e+01
1.854065656661987305e+00,8.298470973968505859e-01
9.305104017257690430e-01,1.327241897583007812e+00
1.754654407501220703e+00,1.588372325897216797e+01
1.290813207626342773e+00,8.190802574157714844e+00
8.895438909530639648e-01,2.291804738342761993e-02
1.644775748252868652e+00,1.798355460166931152e+00
2.290701866149902344e+00,7.112304210662841797e+00
1.380182504653930664e+00,8.325867652893066406e+00
2.175176858901977539e+00,9.702641487121582031e+00
1.748981714248657227e+00,1.286903142929077148e+00
9.718578457832336426e-01,5.534344196319580078e+00
1.580947875976562500e+00,5.357794284820556641e+00
1.466245889663696289e+00,7.115303039550781250e+00
1.559434652328491211e+00,7.239836454391479492e-01
1.228066563606262207e+00,9.622285842895507812e+00
1.790521383285522461e+00,3.843360424041748047e+00
2.394436120986938477e+00,9.124751091003417969e+00
1.435905218124389648e+00,1.190438628196716309e+00
1.632005810737609863e+00,1.368665933609008789e+00
1.197252273559570312e+00,2.767083168029785156e+00
2.133229494094848633e+00,1.554592227935791016e+01
1.476135253906250000e+00,4.151918411254882812e+00
9.379518032073974609e-01,1.069298744201660156e+00
2.573858499526977539e+00,9.054938316345214844e+00
1.554590106010437012e+00,7.835684299468994141e+00
1.824249744415283203e+00,1.587191104888916016e+01
1.847066879272460938e+00,1.575006771087646484e+01
9.067744612693786621e-01,3.906550168991088867e+00
2.130545616149902344e+00,8.416268825531005859e-01
1.827078580856323242e+00,1.545596504211425781e+01
1.007171988487243652e+00,1.124332904815673828e+00
1.480114221572875977e+00,6.165547370910644531e-01
2.249277114868164062e+00,1.338840103149414062e+01
2.141469478607177734e+00,1.441155242919921875e+01
1.478926897048950195e+00,1.304628014564514160e+00
1.009977102279663086e+00,5.808204412460327148e-01
2.029059171676635742e+00,1.077429294586181641e+01
9.586112499237060547e-01,1.276576519012451172e+00
1.465588569641113281e+00,1.597416591644287109e+01
1.732115268707275391e+00,8.580586433410644531e+00
1.519516944885253906e+00,1.604276466369628906e+01
1.426944255828857422e+00,1.788425445556640625e+00
2.233638048171997070e+00,1.556991386413574219e+01
1.881882309913635254e+00,8.299220085144042969e+00
1.749974489212036133e+00,1.595809078216552734e+01
9.407593607902526855e-01,2.493899911642074585e-01
1.361596107482910156e+00,4.803742885589599609e+00
2.344415664672851562e+00,1.551148414611816406e+01
1.305722713470458984e+00,1.234244942665100098e+00
2.079906463623046875e+00,1.572194957733154297e+01
2.293328523635864258e+00,1.554261016845703125e+01
1.770324349403381348e+00,9.306251525878906250e+00
2.686695337295532227e+00,8.513770103454589844e+00
2.450911045074462891e+00,1.449450016021728516e+01
2.029574632644653320e+00,7.183907032012939453e+00
1.743738770484924316e+00,6.847604274749755859e+00
1.271698474884033203e+00,-2.339742481708526611e-01
2.381407976150512695e+00,1.515070343017578125e+01
2.031756639480590820e+00,1.572254180908203125e+01
2.005103588104248047e+00,1.535601615905761719e+01
2.113376617431640625e+00,1.244639277458190918e+00
1.581575155258178711e+00,2.297583580017089844e+00
2.223089218139648438e+00,8.870117187500000000e+00
1.991328239440917969e+00,1.579753589630126953e+01
1.704177856445312500e+00,1.595311832427978516e+01
1.969797968864440918e+00,1.578186130523681641e+01
1.958679676055908203e+00,1.575476741790771484e+01
1.737888455390930176e+00,1.591534233093261719e+01
1.529812812805175781e+00,1.598817443847656250e+01
2.987874984741210938e+00,1.304374313354492188e+01
1.994721651077270508e+00,1.232431507110595703e+01
1.501136779785156250e+00,5.167044639587402344e+00
1.740424871444702148e+00,5.535435676574707031e-01
2.125865936279296875e+00,1.027357101440429688e+01
2.244749546051025391e+00,1.399922657012939453e+01
1.616776347160339355e+00,7.730980873107910156e+00
1.973288655281066895e+00,1.567626953125000000e+01
-2.259971946477890015e-02,-1.504589021205902100e-01
1.638854503631591797e+00,5.562179088592529297e+00
2.028014421463012695e+00,1.567019939422607422e+01
2.003221511840820312e+00,8.970112800598144531e-01
1.820895195007324219e+00,1.592359733581542969e+01
1.705268144607543945e+00,1.482666969299316406e+00
1.434939146041870117e+00,1.104194164276123047e+00
1.367667078971862793e+00,6.539449095726013184e-01
1.788438796997070312e+00,3.280679464340209961e+00
2.585068225860595703e+00,9.224689483642578125e+00
1.749941349029541016e+00,3.656418800354003906e+00
1.187529563903808594e+00,6.157873630523681641e+00
1.604550600051879883e+00,1.594402503967285156e+01
1.172769546508789062e+00,1.802050828933715820e+00
3.210238933563232422e+00,8.500126838684082031e+00
1.918293952941894531e+00,5.893190383911132812e+00
1.365367889404296875e+00,2.083309173583984375e+00
1.621467113494873047e+00,6.367658138275146484e+00
1.917842388153076172e+00,8.019940376281738281e+00
1.256768941879272461e+00,7.869499921798706055e-01
1.984385251998901367e+00,5.973969936370849609e+00
1.443110823631286621e+00,1.604357719421386719e+01
6.396318078041076660e-01,-1.179762184619903564e-01
1.218125820159912109e+00,1.763545989990234375e+00
7.595996260643005371e-01,4.493787884712219238e-01
1.724604249000549316e+00,1.499071693420410156e+01
3.621641397476196289e-01,2.149814553558826447e-02
1.568537950515747070e+00,3.557180643081665039e+00
1.789737582206726074e+00,1.197967886924743652e+00
2.563593387603759766e+00,1.234243106842041016e+01
2.671867609024047852e+00,1.415715312957763672e+01
2.463291406631469727e+00,1.499455165863037109e+01
2.521699190139770508e+00,1.455971240997314453e+01
8.750044107437133789e-01,1.948480606079101562e+00
1.690906047821044922e+00,1.597386074066162109e+01
1.348536252975463867e+00,6.518122553825378418e-02
6.638354659080505371e-01,1.193997859954833984e-01
2.110621929168701172e+00,1.559223365783691406e+01
1.405168533325195312e+00,2.773137390613555908e-01
2.018699645996093750e+00,1.041373157501220703e+01
6.546906828880310059e-01,3.675217926502227783e-01
2.525201082229614258e+00,1.035039710998535156e+01
2.062637329101562500e+00,1.551615905761718750e+01
1.745329737663269043e+00,7.722364425659179688e+00
1.740242719650268555e+00,1.590032100677490234e+01
1.829802989959716797e+00,1.552613353729248047e+01
2.048087358474731445e+00,1.557603836059570312e+01
2.064570665359497070e+00,1.019717311859130859e+01
1.783545374870300293e+00,1.586498928070068359e+01
1.153174877166748047e+00,3.531885623931884766e+00
2.144231319427490234e+00,1.560783481597900391e+01
2.275818586349487305e+00,3.057488679885864258e+00
1.663833022117614746e+00,2.107497215270996094e+00
1.729941606521606445e+00,1.215980243682861328e+01
1.494631767272949219e+00,1.602651786804199219e+01
1.739935636520385742e+00,4.084003448486328125e+00
2.356565713882446289e+00,1.229111385345458984e+01
6.081954836845397949e-01,3.333723545074462891e-01
8.367088437080383301e-01,1.835517585277557373e-01
1.318839788436889648e+00,8.808782577514648438e+00
1.147548913955688477e+00,6.270820498466491699e-01
1.090435862541198730e+00,3.786473989486694336e+00
1.286874771118164062e+00,7.056944370269775391e-01
1.899796843528747559e+00,1.542924976348876953e+01
1.020151019096374512e+00,6.493580341339111328e-01
2.023327589035034180e+00,1.566178226470947266e+01
2.291918754577636719e+00,1.042068004608154297e+01
1.286455392837524414e+00,2.193150818347930908e-01
1.270577192306518555e+00,3.938164710998535156e-01
2.033112764358520508e+00,1.568807125091552734e+01
1.156101465225219727e+00,1.608203768730163574e+00
1.164804697036743164e+00,4.165847301483154297e+00
1.870784521102905273e+00,1.576794815063476562e+01
2.523759365081787109e+00,9.769559860229492188e+00
1.796805739402770996e+00,1.578688144683837891e+01
2.178781986236572266e+00,1.397532558441162109e+01
1.823558330535888672e+00,4.581077575683593750e+00
1.979316473007202148e+00,6.831112861633300781e+00
2.004337549209594727e+00,3.572978973388671875e+00
2.099617958068847656e+00,1.543200397491455078e+01
1.138573288917541504e+00,7.334905862808227539e-01
1.662001967430114746e+00,1.597744846343994141e+01
2.405556440353393555e+00,1.147617435455322266e+01
2.055298566818237305e+00,5.346313953399658203e+00
1.759578704833984375e+00,3.905278444290161133e-02
1.611477613449096680e+00,5.863790988922119141e+00
1.865855932235717773e+00,7.841595649719238281e+00
2.301999330520629883e+00,7.321330547332763672e+00
2.250242471694946289e+00,4.910452842712402344e+00
2.000805139541625977e+00,3.936757326126098633e+00
1.434439182281494141e+00,1.612279701232910156e+01
1.678831219673156738e+00,1.852892041206359863e+00
1.285266160964965820e+00,1.263495922088623047e+00
2.020893096923828125e+00,1.535671997070312500e+01
2.097862720489501953e+00,1.572784328460693359e+01
2.837958097457885742e+00,1.468630886077880859e+01
1.585440039634704590e+00,1.600354957580566406e+01
6.505777239799499512e-01,1.371835470199584961e+00
2.233262300491333008e+00,1.452700328826904297e+01
1.171961069107055664e+00,5.550697445869445801e-01
1.756953358650207520e+00,6.103587627410888672e+00
1.337878108024597168e+00,9.425826072692871094e-01
1.092434406280517578e+00,9.846065640449523926e-01
1.652320504188537598e+00,1.591778945922851562e+01
2.243733406066894531e+00,6.602663993835449219e+00
1.719661951065063477e+00,4.939330101013183594e+00
1.746718406677246094e+00,6.358964443206787109e+00
1.866031408309936523e+00,8.878241181373596191e-01
2.103543758392333984e+00,1.472953224182128906e+01
1.704183459281921387e+00,1.560992145538330078e+01
1.408825397491455078e+00,1.205940604209899902e+00
1.129881143569946289e+00,8.773187398910522461e-01
1.412240147590637207e+00,3.922285079956054688e+00
7.887641787528991699e-01,7.104711532592773438e-01
1.752748012542724609e+00,3.145039081573486328e+00
1.769018650054931641e+00,1.131699085235595703e+01
2.195284128189086914e+00,2.978013992309570312e+00
5.922143459320068359e-01,4.773161411285400391e-01
1.733059167861938477e+00,5.245224475860595703e+00
1.869558095932006836e+00,1.214620876312255859e+01
1.738347053527832031e+00,8.793270111083984375e+00
1.964657306671142578e+00,1.167361140251159668e+00
2.243572235107421875e+00,7.720137119293212891e+00
1.909110188484191895e+00,3.069334268569946289e+00
1.720724821090698242e+00,1.580121135711669922e+01
1.434164404869079590e+00,1.604033470153808594e+01
2.053146123886108398e+00,6.253292083740234375e+00
1.746206760406494141e+00,1.590638065338134766e+01
1.240138649940490723e+00,1.963776648044586182e-01
1.539075613021850586e+00,4.497592926025390625e+00
1.511883258819580078e+00,1.599863624572753906e+01
2.128540515899658203e+00,1.218756484985351562e+01
1.381171226501464844e+00,1.600550460815429688e+01
2.386682271957397461e+00,1.529297637939453125e+01
2.331815242767333984e+00,8.494762420654296875e+00
9.008800983428955078e-01,6.218600273132324219e-01
2.201125621795654297e+00,7.706169605255126953e+00
1.571864247322082520e+00,5.322368144989013672e+00
2.045078516006469727e+00,5.001004695892333984e+00
1.433891773223876953e+00,1.609992408752441406e+01
1.706353545188903809e+00,1.576944255828857422e+01
2.147145748138427734e+00,1.549817180633544922e+01
8.300209641456604004e-01,1.779073715209960938e+00
1.780055880546569824e+00,1.582296466827392578e+01
2.296719312667846680e+00,7.253736495971679688e+00
1.317330479621887207e+00,2.911525726318359375e+00
1.406049251556396484e+00,7.353300094604492188e+00
1.811003446578979492e+00,1.150549221038818359e+01
1.357274770736694336e+00,5.980827808380126953e+00
1.498639583587646484e+00,1.594621562957763672e+01
2.115697145462036133e+00,6.943514347076416016e+00
9.835975170135498047e-01,1.621021652221679688e+01
1.583397865295410156e+00,1.588239383697509766e+01
1.006616115570068359e+00,4.957852363586425781e-01
2.021472930908203125e+00,9.997393608093261719e+00
2.388744592666625977e+00,1.262967967987060547e+01
2.504259824752807617e+00,1.523527622222900391e+01
1.801170587539672852e+00,2.388733148574829102e+00
1.554357528686523438e+00,1.599207687377929688e+01
2.409069776535034180e+00,1.801074743270874023e+00
2.134713411331176758e+00,8.228865623474121094e+00
2.432722806930541992e+00,1.550121402740478516e+01
1.193722248077392578e+00,3.213666915893554688e+00
1.074885129928588867e+00,9.241413474082946777e-01
2.642046689987182617e+00,1.507483005523681641e+01
1.764914035797119141e+00,8.103556632995605469e+00
2.430771589279174805e+00,5.028550624847412109e+00
5.188506245613098145e-01,8.707353472709655762e-01
1.502428770065307617e+00,2.361325502395629883e+00
2.508525609970092773e+00,1.500280380249023438e+01
2.005048036575317383e+00,1.049409961700439453e+01
1.932024002075195312e+00,7.080085277557373047e+00
1.269466042518615723e+00,1.942262411117553711e+00
8.843510150909423828e-01,2.818907201290130615e-01
1.538928508758544922e+00,1.597810077667236328e+01
2.900070905685424805e+00,1.195916080474853516e+01
9.763740301132202148e-01,1.493631005287170410e+00
1.036096215248107910e+00,1.878401041030883789e+00
1.209134101867675781e+00,2.038411140441894531e+00
1.837810277938842773e+00,1.359553337097167969e+01
1.707531213760375977e+00,6.500538349151611328e+00
1.985385298728942871e+00,1.567422771453857422e+01
1.686559796333312988e+00,6.865841865539550781e+00
1.411369681358337402e+00,1.067720055580139160e+00
9.024217724800109863e-01,1.284406423568725586e+00
2.800674676895141602e+00,1.324079418182373047e+01
2.197363376617431641e+00,1.514777660369873047e+01
1.603614807128906250e+00,6.742444515228271484e+00
1.516440391540527344e+00,1.040200138092041016e+01
1.613233804702758789e+00,2.800977706909179688e+00
2.078500747680664062e+00,1.574806404113769531e+01
1.610417246818542480e+00,2.461816072463989258e+00
9.680539965629577637e-01,8.313213586807250977e-01
2.354191064834594727e+00,1.522040653228759766e+01
1.300714969635009766e+00,1.455656886100769043e+00
1.161475062370300293e+00,1.237517833709716797e+00
1.553970694541931152e+00,9.234265327453613281e+00
5.167169570922851562e-01,1.179112434387207031e+00
8.110494017601013184e-01,2.687442302703857422e+00
1.849384546279907227e+00,1.572146511077880859e+01
1.402686119079589844e+00,3.859373092651367188e+00
1.789821863174438477e+00,6.348700046539306641e+00
2.097178936004638672e+00,1.567990779876708984e+01
2.757848978042602539e+00,9.302423477172851562e+00
2.487416744232177734e+00,1.462838459014892578e+01
2.455844640731811523e+00,1.524093055725097656e+01
1.728585481643676758e+00,2.297603607177734375e+00
2.001364469528198242e+00,1.568529987335205078e+01
2.346095085144042969e+00,1.383502483367919922e+01
2.151955842971801758e+00,1.492371273040771484e+01
2.087629795074462891e+00,1.564914608001708984e+01
1.761540889739990234e+00,7.080910682678222656e+00
1.147869586944580078e+00,2.444940090179443359e+00
9.573278427124023438e-01,2.796677052974700928e-01
9.290455579757690430e-01,4.685298502445220947e-01
8.939988017082214355e-01,3.944123685359954834e-01
1.103669047355651855e+00,7.236207723617553711e-01
1.301415681838989258e+00,1.611110115051269531e+01
1.527192831039428711e+00,5.134904384613037109e+00
2.220223903656005859e+00,5.641289710998535156e+00
2.484569311141967773e+00,1.495447444915771484e+01
1.580935955047607422e+00,1.601934814453125000e+01
9.572698473930358887e-01,1.641422271728515625e+00
2.029404163360595703e+00,1.016275882720947266e+01
1.624017477035522461e+00,1.589236640930175781e+01
1.490570545196533203e+00,4.913655281066894531e+00
1.666571140289306641e+00,1.593032646179199219e+01
2.053857803344726562e+00,1.569544315338134766e+01
1.145256280899047852e+00,2.380586385726928711e+00
-1.343808770179748535e-01,-2.248283922672271729e-01
1.947622299194335938e+00,3.057230472564697266e+00
1.414766788482666016e+00,4.245009899139404297e+00
1.656543731689453125e+00,8.625748634338378906e+00
3.120681762695312500e+00,1.141269683837890625e+01
1.754554986953735352e+00,2.482697963714599609e+00
1.179329037666320801e+00,2.184294939041137695e+00
1.328380107879638672e+00,2.067424774169921875e+00
2.245133399963378906e+00,8.242623329162597656e+00
1.721814155578613281e+00,3.459026813507080078e+00
1.995275735855102539e+00,1.569623947143554688e+01
1.783891797065734863e+00,5.409339904785156250e+00
2.205425977706909180e+00,6.688721179962158203e+00
2.916404008865356445e-01,9.464547038078308105e-02
2.110495328903198242e+00,8.634131431579589844e+00
2.587414979934692383e+00,9.902309417724609375e+00
2.023767709732055664e+00,1.580598926544189453e+01
2.189460277557373047e+00,3.702581405639648438e+00
1.491265773773193359e+00,8.266938924789428711e-01
2.716495275497436523e+00,1.367395591735839844e+01
1.321823358535766602e+00,5.028536796569824219e+00
1.837981104850769043e+00,1.567244720458984375e+01
1.561572551727294922e+00,5.179926395416259766e+00
1.111543059349060059e+00,1.229934215545654297e+01
2.118953943252563477e+00,7.128544807434082031e+00
1.816735982894897461e+00,1.580256938934326172e+01
8.716665506362915039e-01,2.891472876071929932e-01
1.269091844558715820e+00,1.598645305633544922e+01
1.787290573120117188e+00,1.591093444824218750e+01
1.392145872116088867e+00,4.765084266662597656e+00
1.991961479187011719e+00,3.081035852432250977e+00
1.743190646171569824e+00,3.288508892059326172e+00
2.143986701965332031e+00,1.353523921966552734e+01
1.803859949111938477e+00,1.793365836143493652e+00
2.150580644607543945e+00,1.565064907073974609e+01
1.327064037322998047e+00,6.155583858489990234e+00
1.367815494537353516e+00,1.317339897155761719e+00
2.323672771453857422e+00,1.363908863067626953e+01
1.624291419982910156e+00,8.824919700622558594e+00
1.224671244621276855e+00,1.608092308044433594e+01
1.625785231590270996e+00,3.520244836807250977e+00
2.539839744567871094e+00,1.460174465179443359e+01
2.340532779693603516e+00,7.358132839202880859e+00
2.183623552322387695e+00,1.379261112213134766e+01
1.216023206710815430e+00,1.400466680526733398e+00
1.525813698768615723e+00,1.600158309936523438e+01
1.247622966766357422e+00,9.424054145812988281e+00
2.037651538848876953e+00,8.174250602722167969e+00
2.104388952255249023e+00,1.571101665496826172e+01
2.043363571166992188e+00,1.576557922363281250e+01
2.033219099044799805e+00,1.573392581939697266e+01
1.662340641021728516e+00,6.769135951995849609e+00
1.749978065490722656e+00,1.587979030609130859e+01
2.030303716659545898e+00,6.778942584991455078e+00
1.730554103851318359e+00,1.594151210784912109e+01
2.463020563125610352e+00,1.463900089263916016e+01
1.451568365097045898e+00,5.771145820617675781e-01
1.344098091125488281e+00,3.893330693244934082e-02
1.429739713668823242e+00,1.602094268798828125e+01
1.208258628845214844e+00,2.957347154617309570e+00
2.238024473190307617e+00,4.338928699493408203e+00
9.526343345642089844e-01,2.221133708953857422e+00
2.096871614456176758e+00,5.236835956573486328e+00
2.010892629623413086e+00,1.568677997589111328e+01
1.383482813835144043e+00,1.476730060577392578e+01
1.470484256744384766e+00,5.597781538963317871e-01
2.154294490814208984e+00,1.558655452728271484e+01
2.296026229858398438e+00,8.020298957824707031e+00
1.481913208961486816e+00,3.125809192657470703e+00
2.273130893707275391e+00,1.555427742004394531e+01
1.443770647048950195e+00,1.858358860015869141e+00
1.736560821533203125e+00,7.416166782379150391e+00
1.741720318794250488e+00,1.584514045715332031e+01
9.762047529220581055e-01,7.662407755851745605e-01
2.012594223022460938e+00,1.566255092620849609e+01
1.967120885848999023e+00,4.404235839843750000e+00
1.034478664398193359e+00,7.671278715133666992e-02
1.676110982894897461e+00,1.588197612762451172e+01
2.049317121505737305e+00,1.565578365325927734e+01
2.741440057754516602e+00,1.511989974975585938e+01
1.659562587738037109e+00,1.087792110443115234e+01
1.947222948074340820e+00,5.946589946746826172e+00
6.731269955635070801e-01,4.688034951686859131e-01
1.458589076995849609e+00,1.597237396240234375e+01
2.287148475646972656e+00,1.311916255950927734e+01
1.457216739654541016e+00,-2.453455924987792969e-01
1.927712440490722656e+00,1.575332164764404297e+01
2.087945222854614258e+00,9.338979721069335938e+00
2.136307239532470703e+00,1.214559268951416016e+01
5.110483169555664062e-01,3.458187282085418701e-01
1.958081245422363281e+00,1.127199172973632812e+01
2.689103364944458008e+00,1.482380580902099609e+01
2.193222522735595703e+00,1.462943363189697266e+01
2.416858673095703125e+00,1.404211902618408203e+01
1.207039356231689453e+00,3.753304481506347656e+00
2.432707071304321289e+00,9.266974449157714844e+00
2.333623409271240234e+00,1.277566432952880859e+01
1.901192784309387207e+00,7.900652408599853516e+00
1.686583042144775391e+00,6.084056854248046875e+00
1.826133251190185547e+00,7.612016677856445312e+00
1.020506381988525391e+00,3.957177698612213135e-01
1.610219478607177734e+00,1.593759918212890625e+01
2.090476512908935547e+00,1.240093421936035156e+01
1.767444133758544922e+00,1.312007522583007812e+01
1.694510579109191895e+00,3.507720947265625000e+00
8.110550642013549805e-01,5.504841804504394531e-01
1.405780315399169922e+00,1.607047653198242188e+01
1.606687545776367188e+00,1.010196566581726074e+00
1.180027008056640625e+00,3.796759605407714844e+00
7.294429540634155273e-01,4.895482957363128662e-01
1.502016544342041016e+00,1.592536735534667969e+01
5.247988104820251465e-01,3.491013646125793457e-01
1.786913394927978516e+00,1.065351581573486328e+01
2.299588203430175781e+00,5.208023548126220703e+00
2.015141963958740234e+00,1.569265556335449219e+01
1.899488210678100586e+00,6.902009963989257812e+00
1.511878252029418945e+00,3.978512525558471680e+00
1.235564708709716797e+00,1.602877998352050781e+01
4.836640954017639160e-01,2.847408950328826904e-01
6.858181953430175781e-01,2.451280355453491211e-01
2.038407087326049805e+00,6.147988796234130859e+00
1.335440397262573242e+00,6.365544319152832031e+00
1.457567572593688965e+00,3.274423599243164062e+00
5.435978770256042480e-01,5.594872832298278809e-01
1.400268554687500000e+00,2.798519611358642578e+00
2.391383886337280273e+00,3.845901489257812500e+00
9.883628487586975098e-01,1.455751180648803711e+00
1.632842779159545898e+00,1.587183952331542969e+01
1.841831445693969727e+00,1.587715435028076172e+01
1.131233215332031250e+00,8.362019062042236328e-01
1.313754796981811523e+00,2.900181531906127930e+00
6.246906518936157227e-01,1.220728993415832520e+00
1.133699417114257812e+00,-8.462946861982345581e-04
9.479990005493164062e-01,5.120583057403564453e+00
1.991515874862670898e+00,6.372675418853759766e+00
1.181922674179077148e+00,1.363131105899810791e-01
1.402178168296813965e+00,7.263229846954345703e+00
1.766333103179931641e+00,4.477868080139160156e+00
7.474502921104431152e-01,6.742876172065734863e-01
2.208901166915893555e+00,1.551106643676757812e+01
1.137752413749694824e+00,4.625233173370361328e+00
2.006473302841186523e+00,6.587349891662597656e+00
1.694039344787597656e+00,1.585086822509765625e+01
2.408675193786621094e+00,7.883487224578857422e+00
1.426654577255249023e+00,4.261569023132324219e+00
1.655364751815795898e+00,5.687871456146240234e+00
1.320929527282714844e+00,1.609172821044921875e+01
1.953285694122314453e+00,1.581012248992919922e+01
1.668478131294250488e+00,1.597063732147216797e+01
6.447975039482116699e-01,3.349144935607910156e+00
2.332834959030151367e+00,8.242724418640136719e+00
2.376781940460205078e+00,1.528893566131591797e+01
1.998407602310180664e+00,6.154047489166259766e+00
2.117662191390991211e+00,7.922653555870056152e-01
8.307041525840759277e-01,1.877787590026855469e+00
2.043115615844726562e+00,1.577480125427246094e+01
1.499583840370178223e+00,4.667335987091064453e+00
1.806688547134399414e+00,1.586661434173583984e+01
1.274806380271911621e+00,7.155989170074462891e+00
1.979934811592102051e+00,1.584070968627929688e+01
1.812922716140747070e+00,2.826149940490722656e+00
1.678331136703491211e+00,1.777597308158874512e+00
1.712059020996093750e+00,1.596628475189208984e+01
1.412851333618164062e+00,1.602246284484863281e+01
7.802199125289916992e-01,2.500996828079223633e+00
1.982066154479980469e+00,1.577781963348388672e+01
9.870955944061279297e-01,3.924332857131958008e+00
2.202368259429931641e+00,1.553736972808837891e+01
1.701411128044128418e+00,1.402143096923828125e+01
2.272150039672851562e+00,1.272424221038818359e+01
1.261113405227661133e+00,6.598355174064636230e-01
2.108368635177612305e+00,1.161346721649169922e+01
1.807474613189697266e+00,5.612826347351074219e+00
3.005475282669067383e+00,1.180273342132568359e+01
2.924299478530883789e+00,1.427324199676513672e+01
2.039334058761596680e+00,1.570172214508056641e+01
1.636634469032287598e+00,1.589255619049072266e+01
1.552447199821472168e+00,1.344625473022460938e+00
2.210315465927124023e+00,1.546020984649658203e+01
2.498030900955200195e+00,1.475683116912841797e+01
1.087706685066223145e+00,1.543425798416137695e+00
2.162335634231567383e+00,1.557640361785888672e+01
2.173486709594726562e+00,5.079143524169921875e+00
2.183682203292846680e+00,1.536926555633544922e+01
1.594566583633422852e+00,9.841166496276855469e+00
8.181824684143066406e-01,3.209268748760223389e-01
1.530729293823242188e+00,1.594663429260253906e+01
2.222823381423950195e+00,1.524762916564941406e+01
9.845245480537414551e-01,4.314546108245849609e+00
1.547553658485412598e+00,1.602137756347656250e+01
2.163465499877929688e+00,1.564099979400634766e+01
1.064619898796081543e+00,4.046633839607238770e-01
2.108517646789550781e+00,1.567652988433837891e+01
2.499267101287841797e+00,1.456586742401123047e+01
1.335228204727172852e+00,2.003502368927001953e+00
1.585529685020446777e+00,1.596876621246337891e+01
1.371003150939941406e+00,8.746652603149414062e+00
1.630868911743164062e+00,1.585311889648437500e+01
1.785887002944946289e+00,1.590653705596923828e+01
1.360275745391845703e+00,1.610147666931152344e+01
1.740147352218627930e+00,8.138405084609985352e-01
2.043238401412963867e+00,2.625989437103271484e+00
1.099751949310302734e+00,1.955046176910400391e+00
1.492153882980346680e+00,8.337555885314941406e+00
8.555845618247985840e-01,1.601664125919342041e-01
1.546543955802917480e+00,2.487232923507690430e+00
1.817327499389648438e+00,1.451187324523925781e+01
1.336134433746337891e+00,4.179269075393676758e-01
1.345085740089416504e+00,1.607349014282226562e+01
1.663934946060180664e+00,1.597284984588623047e+01
1.266126036643981934e+00,2.896717071533203125e+00
2.346721410751342773e+00,2.077764749526977539e+00
2.173074007034301758e+00,1.161881828308105469e+01
1.892295002937316895e+00,8.780079841613769531e+00
1.029098629951477051e+00,4.368274211883544922e+00
7.493863701820373535e-01,3.948426246643066406e-01
1.968024015426635742e+00,1.579128265380859375e+01
1.495995044708251953e+00,6.686385869979858398e-01
7.722347974777221680e-01,4.281364381313323975e-01
2.970155477523803711e+00,1.451911449432373047e+01
2.293887853622436523e+00,7.175209522247314453e+00
1.884296655654907227e+00,1.893652915954589844e+00
1.626338005065917969e+00,1.582050991058349609e+01
3.236752510070800781e+00,1.341142559051513672e+01
9.725525975227355957e-01,4.881409168243408203e+00
2.008638143539428711e+00,1.576407146453857422e+01
5.465241074562072754e-01,1.712852239608764648e+00
1.958977818489074707e+00,6.670163631439208984e+00
2.233505487442016602e+00,5.336041927337646484e+00
2.649562358856201172e+00,1.381990909576416016e+01
2.124809741973876953e+00,1.571829700469970703e+01
1.331436038017272949e+00,9.934836626052856445e-01
2.365339279174804688e+00,1.503011131286621094e+01
1.236988186836242676e+00,9.333983659744262695e-01
2.108736515045166016e+00,1.560206317901611328e+01
1.613846182823181152e+00,4.228127002716064453e+00
1.444555640220642090e+00,1.176676392555236816e+00
1.352518558502197266e+00,4.817781448364257812e+00
1.161391496658325195e+00,1.250206470489501953e+00
1.619649648666381836e+00,1.026476955413818359e+01
1.782118558883666992e+00,4.947653293609619141e+00
2.918631315231323242e+00,3.387094020843505859e+00
2.290880680084228516e+00,1.544798660278320312e+01
8.606619834899902344e-01,1.660577893257141113e+00
1.531540632247924805e+00,3.223963737487792969e+00
1.232105493545532227e+00,1.598820781707763672e+01
1.217375516891479492e+00,1.443893909454345703e+00
1.852423906326293945e+00,6.095180034637451172e+00
1.528277754783630371e+00,5.162028789520263672e+00
4.825094044208526611e-01,-6.592300534248352051e-01
1.334205746650695801e+00,3.736611843109130859e+00
2.091241359710693359e+00,1.571929168701171875e+01
1.738588571548461914e+00,1.585109424591064453e+01
1.477383613586425781e+00,5.872268199920654297e+00
1.783614754676818848e+00,7.240378379821777344e+00
1.750678181648254395e+00,1.593197154998779297e+01
2.830124378204345703e+00,1.489092350006103516e+01
8.865109682083129883e-01,7.354589700698852539e-01
1.642689347267150879e+00,6.415794372558593750e+00
2.161988496780395508e+00,3.216241121292114258e+00
2.205823659896850586e+00,8.894612312316894531e+00
2.361827135086059570e+00,9.572770118713378906e+00
1.320385336875915527e+00,4.794365406036376953e+00
8.229115009307861328e-01,1.319663763046264648e+00
1.345869541168212891e+00,6.506307125091552734e+00
1.722958803176879883e+00,4.166628360748291016e+00
1.951712965965270996e+00,1.552560806274414062e+01
2.465952157974243164e+00,1.530425548553466797e+01
1.906097054481506348e+00,9.339648246765136719e+00
1.222113847732543945e+00,5.173096656799316406e-01
1.400196790695190430e+00,1.762948989868164062e+00
1.600265264511108398e+00,1.058054733276367188e+01
1.125710606575012207e+00,1.388982534408569336e+00
1.740171432495117188e+00,4.509338855743408203e+00
2.014748096466064453e+00,1.575615596771240234e+01
1.428045749664306641e+00,8.476248741149902344e+00
1.371475696563720703e+00,3.867429733276367188e+00
7.808207869529724121e-01,5.728411078453063965e-01
1.798676013946533203e+00,1.582704925537109375e+01
5.165932774543762207e-01,2.335328578948974609e+00
1.391880750656127930e+00,6.941479682922363281e+00
1.822382450103759766e+00,9.608173370361328125e+00
2.167996168136596680e+00,1.547700881958007812e+01
1.977791309356689453e+00,1.028676319122314453e+01
2.376374959945678711e+00,8.349251747131347656e+00
1.261479377746582031e+00,3.996049165725708008e-01
1.358582377433776855e+00,3.594342947006225586e+00
2.327152729034423828e+00,1.494271183013916016e+01
4.071797728538513184e-01,1.272400975227355957e+00
1.527055501937866211e+00,6.282583236694335938e+00
2.542903661727905273e+00,1.326683330535888672e+01
1.334808588027954102e+00,2.083833694458007812e+00
2.673470020294189453e+00,1.415560626983642578e+01
2.092172384262084961e+00,6.447529315948486328e+00
2.119055271148681641e+00,5.643839359283447266e+00
1.563315153121948242e+00,1.595011615753173828e+01
1.940687537193298340e+00,1.106938457489013672e+01
2.618542194366455078e+00,6.287205219268798828e+00
1.803556799888610840e+00,1.287933826446533203e+01
1.077399134635925293e+00,1.791951656341552734e-01
1.777368545532226562e+00,1.560831069946289062e+01
1.900405645370483398e+00,1.045205211639404297e+01
2.406532764434814453e+00,1.447146320343017578e+01
1.261124134063720703e+00,8.190637826919555664e-01
1.473354816436767578e+00,1.597840213775634766e+01
9.376514554023742676e-01,5.031197667121887207e-01
1.460645794868469238e+00,3.967270553112030029e-01
1.259734153747558594e+00,6.999244689941406250e-01
1.733628273010253906e+00,1.579534149169921875e+01
7.700634002685546875e-01,1.158076286315917969e+00
9.023390412330627441e-01,7.326607704162597656e-01
1.465557932853698730e+00,3.727529287338256836e+00
1.983393788337707520e+00,1.569068050384521484e+01
1.885642051696777344e+00,4.389188289642333984e+00
1.252722024917602539e+00,1.604356193542480469e+01
1.455386400222778320e+00,9.011959075927734375e+00
1.714921712875366211e+00,1.586458301544189453e+01
1.312219858169555664e+00,2.419400453567504883e+00
2.878751754760742188e+00,1.194565010070800781e+01
1.077324151992797852e+00,1.864333391189575195e+00
1.390175104141235352e+00,7.691466331481933594e+00
4.082748293876647949e-01,2.074732333421707153e-01
2.172442436218261719e+00,6.411594867706298828e+00
2.528719425201416016e+00,1.154330062866210938e+01
1.774370312690734863e+00,1.595369052886962891e+01
1.572860360145568848e+00,9.916609764099121094e+00
2.131131410598754883e+00,6.363917827606201172e+00
2.085108041763305664e+00,1.953225016593933105e+00
1.183521389961242676e+00,1.385165929794311523e+00
1.848377823829650879e+00,1.587608051300048828e+01
1.664753317832946777e+00,1.588417148590087891e+01
1.196808338165283203e+00,2.472454309463500977e+00
1.690267562866210938e+00,1.578012275695800781e+01
2.562653779983520508e+00,7.770711421966552734e+00
1.638795375823974609e+00,5.670228958129882812e+00
2.373266458511352539e+00,1.533210086822509766e+01
1.164147853851318359e+00,9.100376367568969727e-01
1.166453242301940918e+00,1.236417770385742188e+00
2.168013334274291992e+00,4.940275669097900391e+00
1.280600070953369141e+00,1.080645847320556641e+01
2.581779956817626953e+00,1.318853282928466797e+01
1.329532861709594727e+00,4.193616390228271484e+00
2.035036325454711914e+00,1.568325042724609375e+01
2.122907876968383789e+00,1.721023321151733398e+00
1.602422714233398438e+00,1.596860504150390625e+01
2.054822683334350586e+00,8.695265769958496094e+00
1.436240196228027344e+00,4.716784060001373291e-01
1.594636797904968262e+00,1.600443458557128906e+01
1.243778705596923828e+00,2.352952957153320312e+00
1.971755027770996094e+00,6.019866943359375000e+00
2.166815519332885742e+00,1.500595760345458984e+01
9.843310117721557617e-01,3.593331873416900635e-01
1.907694578170776367e+00,1.533643603324890137e+00
7.996340394020080566e-01,1.507835984230041504e-01
1.764721870422363281e+00,1.272887825965881348e+00
1.935419082641601562e+00,1.578417968750000000e+01
2.316398620605468750e+00,1.030620956420898438e+01
2.095421791076660156e+00,6.805416107177734375e+00
2.675227642059326172e+00,1.492964076995849609e+01
1.079847693443298340e+00,2.768742084503173828e+00
1.496792554855346680e+00,1.599567699432373047e+01
2.223255157470703125e+00,1.535697078704833984e+01
2.527451753616333008e+00,8.533190727233886719e+00
1.700106263160705566e+00,8.585701584815979004e-01
1.875542879104614258e+00,1.279026508331298828e+01
1.561852931976318359e+00,1.595983505249023438e+01
2.221225738525390625e+00,1.540077304840087891e+01
2.092625617980957031e+00,4.346409320831298828e+00
2.299659013748168945e+00,1.498712253570556641e+01
2.064386606216430664e+00,8.705108642578125000e+00
1.398485779762268066e+00,8.313436508178710938e+00
1.534296274185180664e+00,1.095791149139404297e+01
2.292203664779663086e+00,1.560800457000732422e+01
1.872225999832153320e+00,3.471084117889404297e+00
1.528427362442016602e+00,1.251661181449890137e+00
1.961244344711303711e+00,6.520463466644287109e+00
1.222083568572998047e+00,7.651291370391845703e+00
1.803597927093505859e+00,1.582347011566162109e+01
1.616429686546325684e+00,3.347833633422851562e+00
1.720136046409606934e+00,6.520884037017822266e+00
2.176336050033569336e+00,9.834418296813964844e+00
1.996011853218078613e+00,1.562200546264648438e+01
2.060469150543212891e+00,4.772007942199707031e+00
2.338929891586303711e+00,1.527498149871826172e+01
1.202885866165161133e+00,1.743153572082519531e+00
1.598074913024902344e+00,8.272154808044433594e+00
1.578034639358520508e+00,8.228699684143066406e+00
1.220256805419921875e+00,2.467741966247558594e+00
2.350827455520629883e+00,1.074955272674560547e+01
1.866341590881347656e+00,2.426203727722167969e+00
1.499760746955871582e+00,1.407414197921752930e+00
1.927358865737915039e+00,1.581716632843017578e+01
5.844544768333435059e-01,3.478129208087921143e-01
2.489608764648437500e+00,1.221908760070800781e+01
2.085549831390380859e+00,1.565949821472167969e+01
5.771706700325012207e-01,-3.153082132339477539e-01
7.526148557662963867e-01,1.908025503158569336e+00
1.397932052612304688e+00,5.485509634017944336e-01
1.621353864669799805e+00,1.589070034027099609e+01
7.895310521125793457e-01,2.497855573892593384e-01
1.567780733108520508e+00,1.593415164947509766e+01
1.798640012741088867e+00,9.303136825561523438e+00
1.095449090003967285e+00,4.618701934814453125e+00
2.038130760192871094e+00,4.744905471801757812e+00
1.657944917678833008e+00,1.027719211578369141e+01
2.109786510467529297e+00,1.437957477569580078e+01
7.058077454566955566e-01,2.057226151227951050e-01
2.287713289260864258e+00,1.553795337677001953e+01
2.626651048660278320e+00,1.486983203887939453e+01
2.124373435974121094e+00,1.572489643096923828e+01
8.955538272857666016e-01,1.059834861755371094e+01
1.338184952735900879e+00,1.610534477233886719e+01
6.795970797538757324e-01,2.168757021427154541e-01
1.182819008827209473e+00,1.918649435043334961e+00
9.287447333335876465e-01,4.186021387577056885e-01
1.498443841934204102e+00,6.118474483489990234e+00
1.322621107101440430e+00,5.412365794181823730e-01
2.298208922147750854e-01,-2.003563344478607178e-01
1.457337379455566406e+00,9.098426818847656250e+00
1.425815582275390625e+00,1.584729862213134766e+01
1.516466259956359863e+00,6.357907772064208984e+00
2.052339553833007812e+00,1.553367328643798828e+01
1.731303215026855469e+00,7.136948585510253906e+00
1.586511135101318359e+00,1.602828979492187500e+01
2.788842022418975830e-01,1.461738795042037964e-01
1.916842341423034668e+00,1.575795841217041016e+01
9.910759925842285156e-01,1.915439128875732422e+00
1.468049049377441406e+00,4.044934272766113281e+00
1.691795229911804199e+00,3.522559642791748047e+00
2.379432439804077148e+00,1.270433616638183594e+01
1.590790152549743652e+00,7.690506458282470703e+00
1.881986975669860840e+00,5.486471176147460938e+00
1.576503515243530273e+00,1.602709770202636719e+01
1.947804331779479980e+00,1.581888771057128906e+01
3.401848971843719482e-01,1.415781974792480469e-01
1.445211172103881836e+00,9.639875888824462891e-01
1.899140596389770508e+00,1.579148292541503906e+01
1.191177606582641602e+00,2.501621246337890625e+00
2.076524972915649414e+00,1.553096485137939453e+01
1.170537471771240234e+00,1.117114782333374023e+00
1.380193233489990234e+00,1.604766654968261719e+01
1.998486280441284180e+00,7.272011280059814453e+00
8.218544721603393555e-01,2.554500997066497803e-01
1.499201416969299316e+00,8.042010307312011719e+00
1.017280340194702148e+00,1.528865694999694824e+00
1.943162202835083008e+00,3.804451227188110352e+00
1.593360662460327148e+00,6.301149845123291016e+00
1.887023806571960449e+00,1.575930881500244141e+01
1.375177264213562012e+00,5.121759414672851562e+00
9.143143147230148315e-02,1.240588665008544922e+00
2.188068151473999023e+00,1.002126407623291016e+01
1.063327789306640625e+00,4.652479648590087891e+00
2.337637424468994141e+00,6.321228504180908203e+00
1.998741030693054199e+00,2.864346981048583984e+00
7.397432923316955566e-01,2.540660500526428223e-01
1.327088594436645508e+00,6.081866621971130371e-01
1.193654179573059082e+00,4.054721832275390625e+00
1.771891832351684570e+00,2.068074464797973633e+00
1.680303573608398438e+00,2.626965522766113281e+00
2.017650127410888672e+00,1.378765773773193359e+01
1.153708696365356445e+00,2.886943578720092773e+00
1.951242208480834961e+00,1.570456218719482422e+01
7.331360578536987305e-01,4.233877956867218018e-01
1.963888049125671387e+00,1.569867229461669922e+01
1.641189455986022949e+00,6.674228668212890625e+00
1.734007954597473145e+00,5.221738815307617188e+00
1.181866049766540527e+00,5.475705623626708984e+00
2.387256622314453125e+00,1.523117160797119141e+01
1.751205801963806152e+00,2.119393348693847656e+00
1.984816551208496094e+00,1.499329471588134766e+01
1.553173422813415527e+00,1.594161319732666016e+01
2.005431890487670898e+00,1.386658191680908203e+01
2.163322687149047852e+00,1.461351966857910156e+01
1.636553406715393066e+00,6.638696193695068359e+00
2.388003110885620117e+00,1.357174015045166016e+01
1.005484342575073242e+00,9.937545776367187500e+00
1.624509096145629883e+00,1.132334423065185547e+01
1.598481178283691406e+00,2.447534561157226562e+00
1.946587324142456055e+00,1.578597259521484375e+01
1.823692679405212402e+00,3.511253833770751953e+00
8.156591057777404785e-01,2.123780727386474609e+00
1.678280115127563477e+00,7.602634429931640625e+00
6.928884983062744141e-01,3.288975954055786133e-01
1.620692968368530273e+00,1.595822525024414062e+01
8.185688853263854980e-01,9.446352124214172363e-01
2.942471742630004883e+00,1.217866039276123047e+01
1.052680730819702148e+00,1.613599395751953125e+01
1.305345773696899414e+00,6.690381169319152832e-01
1.939388036727905273e+00,1.172850513458251953e+01
1.172497272491455078e+00,4.333435535430908203e+00
9.998555779457092285e-01,3.542082011699676514e-01
2.265133142471313477e+00,1.493847560882568359e+01
1.796266883611679077e-01,-9.045967459678649902e-01
3.810812532901763916e-01,1.801247298717498779e-01
1.137316823005676270e+00,5.220640659332275391e+00
6.235920786857604980e-01,2.795777916908264160e-01
9.956052899360656738e-01,3.734713077545166016e+00
1.162139892578125000e+00,8.431104421615600586e-01
2.214632272720336914e+00,1.542521476745605469e+01
2.602066040039062500e+00,2.016867399215698242e+00
2.004467010498046875e+00,1.569300556182861328e+01
2.570451021194458008e+00,1.488273143768310547e+01
2.344213485717773438e+00,1.526764965057373047e+01
1.259755611419677734e+00,8.114268779754638672e-01
1.474471211433410645e+00,-1.087135791778564453e+00
2.372887849807739258e+00,1.080883121490478516e+01
1.651902556419372559e+00,4.893656253814697266e+00
1.709074735641479492e+00,5.515327930450439453e+00
1.342382073402404785e+00,2.197452306747436523e+00
1.793105006217956543e+00,1.590167236328125000e+01
2.261811256408691406e+00,1.480030345916748047e+01
1.431506514549255371e+00,4.648197650909423828e+00
1.470579862594604492e+00,1.759755253791809082e+00
1.683945417404174805e+00,1.584392642974853516e+01
1.982576251029968262e+00,1.336642932891845703e+01
1.240537643432617188e+00,3.511153221130371094e+00
1.000443577766418457e+00,5.830268859863281250e+00
5.130595564842224121e-01,2.927313148975372314e-01
1.462048530578613281e+00,1.561705708503723145e+00
1.200444340705871582e+00,6.226384043693542480e-01
2.309730529785156250e+00,1.197418880462646484e+01
1.927370786666870117e+00,8.961847305297851562e+00
1.552367210388183594e+00,1.595507621765136719e+01
1.927855849266052246e+00,1.005609989166259766e+01
1.044234275817871094e+00,5.689889788627624512e-01
2.121669054031372070e+00,1.464094257354736328e+01
2.467421293258666992e+00,1.315518665313720703e+01
1.684889078140258789e+00,1.452392482757568359e+01
1.541477799415588379e+00,3.620616674423217773e+00
1.972824454307556152e+00,2.840236902236938477e+00
1.932924985885620117e+00,1.577958583831787109e+01
9.420276880264282227e-01,3.106329441070556641e+00
1.472134947776794434e+00,1.909627914428710938e+00
1.492488384246826172e+00,3.329973697662353516e+00
1.319776296615600586e+00,4.023259639739990234e+00
2.478424310684204102e+00,1.530999469757080078e+01
1.786946058273315430e+00,5.445383071899414062e+00
1.784835457801818848e+00,1.594700050354003906e+01
3.062308073043823242e+00,9.664750099182128906e+00
2.311600923538208008e+00,1.161234092712402344e+01
1.515558004379272461e+00,1.595919227600097656e+01
2.588660955429077148e+00,9.600984573364257812e+00
2.150779485702514648e+00,5.043908119201660156e+00
1.875692486763000488e+00,5.716295719146728516e+00
1.949948549270629883e+00,1.568975925445556641e+01
8.601493835449218750e-01,8.051148653030395508e-01
1.175050377845764160e+00,5.733812451362609863e-01
2.881172895431518555e+00,1.405621814727783203e+01
2.336372137069702148e+00,1.085330581665039062e+01
1.951901674270629883e+00,1.576591205596923828e+01
2.374946594238281250e+00,1.110641479492187500e+01
1.971807003021240234e+00,1.790174603462219238e+00
2.207283735275268555e+00,1.557203292846679688e+01
1.158893108367919922e+00,6.766363143920898438e+00
1.747623920440673828e+00,1.586578273773193359e+01
1.675121426582336426e+00,6.381575107574462891e+00
1.775049567222595215e+00,3.617000281810760498e-01
1.163073539733886719e+00,2.844916582107543945e+00
1.668813228607177734e+00,1.245546150207519531e+01
1.819571971893310547e+00,1.175862598419189453e+01
2.412918806076049805e+00,7.353374004364013672e+00
2.366297960281372070e+00,1.074192523956298828e+01
1.530075788497924805e+00,1.307953357696533203e+00
1.659926176071166992e+00,1.141331672668457031e+00
2.330901384353637695e+00,1.523285388946533203e+01
1.615283250808715820e+00,2.913796186447143555e+00
2.244614362716674805e+00,5.260118007659912109e+00
1.831918954849243164e+00,1.577520084381103516e+01
1.343153476715087891e+00,4.126848220825195312e+00
1.664722919464111328e+00,1.593422222137451172e+01
1.571100711822509766e+00,1.415989279747009277e+00
2.227004289627075195e+00,1.450058937072753906e+01
1.248636960983276367e+00,1.049154520034790039e+00
1.283150196075439453e+00,2.482930421829223633e+00
1.800774455070495605e+00,8.551474571228027344e+00
1.622334241867065430e+00,2.442484378814697266e+00
1.898307323455810547e+00,1.568011379241943359e+01
1.353534936904907227e+00,2.523430824279785156e+00
2.889729261398315430e+00,1.455404090881347656e+01
1.440963387489318848e+00,3.313055992126464844e+00
1.741858243942260742e+00,1.333391857147216797e+01
1.712783455848693848e+00,1.561127662658691406e+01
2.394739627838134766e+00,1.536201190948486328e+01
2.272279024124145508e+00,8.024272918701171875e+00
2.060155630111694336e+00,1.502987957000732422e+01
1.981058835983276367e+00,1.040566158294677734e+01
1.970867753028869629e+00,3.027318477630615234e+00
2.037118673324584961e+00,1.240065288543701172e+01
1.498088717460632324e+00,1.602242660522460938e+01
2.112673997879028320e+00,1.248017024993896484e+01
1.638636469841003418e+00,7.794187545776367188e+00
1.774826884269714355e+00,6.264480113983154297e+00
1.166539907455444336e+00,8.656738996505737305e-01
2.323287010192871094e+00,1.158331584930419922e+01
2.116541147232055664e+00,1.549277400970458984e+01
1.668717622756958008e+00,3.503459453582763672e+00
1.271885395050048828e+00,2.100920438766479492e+00
1.569303035736083984e+00,2.554569244384765625e+00
1.970342040061950684e+00,1.574792861938476562e+01
1.743554592132568359e+00,1.932909786701202393e-01
1.849153161048889160e+00,1.583681774139404297e+01
2.441051244735717773e+00,9.997879981994628906e+00
1.135218620300292969e+00,8.418872356414794922e-01
2.529143333435058594e+00,1.514704132080078125e+01
2.223872900009155273e+00,1.149203014373779297e+01
2.435444831848144531e+00,1.536225700378417969e+01
2.206865310668945312e+00,1.401620578765869141e+01
1.290943861007690430e+00,1.609001350402832031e+01
1.231904983520507812e+00,5.863047599792480469e+00
1.133964419364929199e+00,6.188048124313354492e-01
1.695392489433288574e+00,1.584324264526367188e+01
2.121670484542846680e+00,1.564266586303710938e+01
2.032486677169799805e+00,9.778277397155761719e+00
2.513742208480834961e+00,1.234913468360900879e+00
1.592828273773193359e+00,1.602014350891113281e+01
1.589935421943664551e+00,8.873036384582519531e+00
3.405379533767700195e+00,1.170309925079345703e+01
2.331128835678100586e+00,1.525604724884033203e+01
9.212859272956848145e-01,4.600146770477294922e+00
2.726246595382690430e+00,9.743884086608886719e+00
1.866508603096008301e+00,1.596380138397216797e+01
2.234567403793334961e+00,6.449044227600097656e+00
1.924983024597167969e+00,5.576195240020751953e+00
1.766060829162597656e+00,3.119619607925415039e+00
2.006631612777709961e+00,9.392734527587890625e+00
2.321035623550415039e+00,1.542331790924072266e+01
1.874495863914489746e+00,1.132824230194091797e+01
1.117001652717590332e+00,5.587303042411804199e-01
1.582520246505737305e+00,4.481455802917480469e+00
2.316784143447875977e+00,1.002931594848632812e+01
1.149969935417175293e+00,8.907693624496459961e-02
2.327675104141235352e+00,6.777394294738769531e+00
1.639374852180480957e+00,1.590818881988525391e+01
2.870927810668945312e+00,1.289799213409423828e+01
1.618147134780883789e+00,5.867137908935546875e+00
1.559411168098449707e+00,1.589696788787841797e+01
1.736321449279785156e+00,6.938133716583251953e+00
1.644990205764770508e+00,1.600782394409179688e+01
2.262135505676269531e+00,4.733870983123779297e+00
1.811095595359802246e+00,1.582278728485107422e+01
1.834454774856567383e+00,4.419773578643798828e+00
1.723183631896972656e+00,1.167806911468505859e+01
2.366744279861450195e+00,1.518921184539794922e+01
1.821061849594116211e+00,1.572308063507080078e+01
1.440789580345153809e+00,4.437583446502685547e+00
2.063092947006225586e+00,1.567399692535400391e+01
1.384732246398925781e+00,1.605129623413085938e+01
1.815839290618896484e+00,4.382517337799072266e+00
1.987663507461547852e+00,1.582741165161132812e+01
2.348699331283569336e+00,1.548150634765625000e+01
1.701749086380004883e+00,1.242104339599609375e+01
1.959221959114074707e+00,1.022630596160888672e+01
1.073408126831054688e+00,2.646443367004394531e+00
1.204529881477355957e+00,2.393405914306640625e+00
1.379845142364501953e+00,1.598910427093505859e+01
1.622118473052978516e+00,1.710773706436157227e+00
1.292433857917785645e+00,1.350981891155242920e-01
1.149883985519409180e+00,2.675846338272094727e+00
1.810985326766967773e+00,4.972047328948974609e+00
1.755697727203369141e+00,9.874102592468261719e+00
1.346862554550170898e+00,1.528357267379760742e+00
1.851505994796752930e+00,7.267338752746582031e+00
1.577173113822937012e+00,1.595094394683837891e+01
1.936156630516052246e+00,2.728021621704101562e+00
1.731828212738037109e+00,1.585328006744384766e+01
1.687433719635009766e+00,3.737177133560180664e+00
1.230245351791381836e+00,2.021477699279785156e+00
1.740185260772705078e+00,8.372199058532714844e+00
9.738836884498596191e-01,4.485833644866943359e-01
1.131413698196411133e+00,1.735539436340332031e+00
1.957377910614013672e+00,1.571643733978271484e+01
2.176306486129760742e+00,6.417361736297607422e+00
1.978089570999145508e+00,1.560005378723144531e+01
1.613395333290100098e+00,1.598067951202392578e+01
2.372134923934936523e+00,6.576493740081787109e+00
1.561656594276428223e+00,5.971004962921142578e+00
2.275543212890625000e+00,1.549794578552246094e+01
1.516543269157409668e+00,1.601973533630371094e+01
1.404031276702880859e+00,1.110492587089538574e+00
1.415791392326354980e+00,3.262837171554565430e+00
2.814054250717163086e+00,1.457826995849609375e+01
1.762265205383300781e+00,4.754900932312011719e+00
1.082679033279418945e+00,4.494970738887786865e-01
1.949386954307556152e+00,1.556906032562255859e+01
2.192165136337280273e+00,7.459422588348388672e+00
2.082847833633422852e+00,8.893469810485839844e+00
1.655896425247192383e+00,2.193187475204467773e+00
1.558262467384338379e+00,1.605294990539550781e+01
1.802609086036682129e+00,1.590068244934082031e+01
1.965663313865661621e+00,8.949522972106933594e+00
1.509123086929321289e+00,1.607602500915527344e+01
1.869479894638061523e+00,1.405675411224365234e+01
1.952080011367797852e+00,1.579677677154541016e+01
1.402778983116149902e+00,1.306608915328979492e-01
2.081699371337890625e+00,1.562890720367431641e+01
2.019544601440429688e+00,9.403823852539062500e+00
1.316977977752685547e+00,2.813405752182006836e+00
1.954648494720458984e+00,1.388445949554443359e+01
2.323897600173950195e+00,1.435851192474365234e+01
2.130343198776245117e+00,1.548066616058349609e+01
1.618751764297485352e+00,7.040910720825195312e+00
1.747946023941040039e+00,6.337000370025634766e+00
1.234831094741821289e+00,1.613271522521972656e+01
1.938883185386657715e+00,7.810678482055664062e+00
8.403894305229187012e-01,-2.371746301651000977e-01
1.554658770561218262e+00,1.588729763031005859e+01
1.628531098365783691e+00,3.204234600067138672e+00
1.717413187026977539e+00,1.581539440155029297e+01
2.034171819686889648e+00,1.138918209075927734e+01
2.027372598648071289e+00,1.499246120452880859e+01
1.788000941276550293e+00,1.545852661132812500e+01
2.582591295242309570e+00,1.138252258300781250e+01
9.724283814430236816e-01,4.442027568817138672e+00
2.258070230484008789e+00,1.558113765716552734e+01
1.845764160156250000e+00,1.576277637481689453e+01
1.527857780456542969e+00,1.597054672241210938e+01
1.306184291839599609e+00,7.085775852203369141e+00
2.245281457901000977e+00,8.008790016174316406e+00
1.977462053298950195e+00,1.570556068420410156e+01
7.200998663902282715e-01,1.401943922042846680e+00
1.441320896148681641e+00,8.062058687210083008e-01
2.328494548797607422e+00,1.061681079864501953e+01
1.142249226570129395e+00,1.166625976562500000e+00
1.694811344146728516e+00,9.756150245666503906e+00
1.811430454254150391e+00,1.583252525329589844e+01
1.198531746864318848e+00,-3.289755284786224365e-01
2.298354148864746094e+00,1.500573253631591797e+01
1.307594776153564453e+00,8.057736158370971680e-01
1.136618137359619141e+00,5.176561832427978516e+00
2.057020664215087891e+00,1.577630519866943359e+01
1.791036844253540039e+00,1.424213409423828125e+01
1.400374650955200195e+00,9.481535911560058594e+00
1.587553739547729492e+00,2.736159324645996094e+00
1.738434791564941406e+00,4.048546791076660156e+00
1.846657395362854004e+00,9.379626274108886719e+00
7.332515120506286621e-01,5.512755870819091797e+00
1.166443943977355957e+00,5.056506991386413574e-01
1.653152227401733398e+00,2.300694465637207031e+00
1.787032842636108398e+00,1.588583946228027344e+01
1.441138386726379395e+00,7.790479183197021484e+00
2.544690132141113281e+00,5.375938892364501953e+00
1.291908740997314453e+00,1.611678123474121094e+01
2.078473329544067383e+00,4.882202148437500000e+00
2.548318147659301758e+00,1.519836235046386719e+01
1.773586988449096680e+00,1.569007587432861328e+01
2.081166744232177734e+00,1.580674362182617188e+01
1.517785787582397461e+00,1.602963256835937500e+01
2.642069816589355469e+00,6.559104442596435547e+00
1.025658130645751953e+00,3.722348809242248535e-01
2.118275642395019531e+00,1.531756305694580078e+01
2.490078687667846680e+00,3.710206985473632812e+00
8.229063153266906738e-01,3.791009485721588135e-01
8.928102850914001465e-01,3.616359710693359375e+00
1.621484637260437012e+00,1.595538425445556641e+01
1.166155457496643066e+00,5.373545169830322266e+00
2.219265699386596680e+00,1.052530956268310547e+01
1.812920570373535156e+00,1.590388011932373047e+01
1.139795660972595215e+00,5.710326433181762695e-01
2.197575092315673828e+00,8.493607521057128906e+00
2.057234287261962891e+00,1.367738914489746094e+01
1.182875156402587891e+00,2.708262681961059570e+00
7.574524283409118652e-01,1.313725590705871582e+00
2.113682031631469727e+00,1.527392101287841797e+01
2.475297212600708008e+00,7.472262382507324219e+00
1.372347593307495117e+00,6.862172603607177734e+00
2.052409410476684570e+00,1.159735298156738281e+01
1.639603137969970703e+00,1.587568187713623047e+01
1.731992244720458984e+00,1.590834331512451172e+01
1.327337265014648438e+00,4.227264523506164551e-01
2.010263204574584961e+00,5.312067031860351562e+00
1.833782434463500977e+00,1.591359806060791016e+01
2.014929771423339844e+00,1.572807693481445312e+01
1.399878740310668945e+00,1.761142373085021973e+00
1.837277173995971680e+00,1.589435768127441406e+01
2.958478450775146484e+00,1.316659259796142578e+01
1.761131763458251953e+00,4.288911342620849609e+00
1.792895555496215820e+00,1.570166587829589844e+01
2.033336162567138672e+00,1.572207641601562500e+01
1.802608251571655273e+00,1.056023693084716797e+01
2.319535017013549805e+00,7.709436893463134766e+00
1.244269132614135742e+00,8.603386878967285156e+00
1.414794325828552246e+00,2.072327852249145508e+00
8.180304765701293945e-01,9.695311784744262695e-01
1.949108362197875977e+00,6.889272928237915039e-01
2.022616863250732422e+00,1.271847248077392578e+01
1.880008935928344727e+00,2.653738021850585938e+00
1.441346406936645508e+00,2.154456615447998047e+00
1.899833559989929199e+00,1.573849201202392578e+01
2.308763980865478516e+00,1.547918701171875000e+01
7.524439692497253418e-01,2.819653749465942383e-01
1.502954959869384766e+00,1.600749206542968750e+01
1.358242034912109375e+00,1.561739087104797363e+00
1.185897588729858398e+00,4.252476215362548828e+00
1.429315090179443359e+00,6.482189655303955078e+00
1.267677903175354004e+00,5.568515300750732422e+00
1.357923984527587891e+00,8.331818580627441406e+00
1.998668432235717773e+00,1.567634201049804688e+01
-8.550841361284255981e-02,8.226065635681152344e-01
1.133024573326110840e+00,1.481824278831481934e+00
1.780530333518981934e+00,9.859339714050292969e+00
2.670885324478149414e+00,1.363768863677978516e+01
1.547052383422851562e+00,1.421803236007690430e+00
2.011254787445068359e+00,1.558216762542724609e+01
1.592182874679565430e+00,1.597321224212646484e+01
1.111359596252441406e+00,7.629079818725585938e-01
2.086697340011596680e+00,1.556902217864990234e+01
2.084899187088012695e+00,1.570449733734130859e+01
1.713676929473876953e+00,6.393952369689941406e+00
1.843873023986816406e+00,8.440033912658691406e+00
1.683777451515197754e+00,1.591432666778564453e+01
1.318162918090820312e+00,3.165034055709838867e+00
2.046984910964965820e+00,1.103241443634033203e+01
1.553969740867614746e+00,6.497603654861450195e-01
2.038864850997924805e+00,1.180223178863525391e+01
2.482920646667480469e+00,1.528454113006591797e+01
1.958059906959533691e+00,1.580204868316650391e+01
1.295070886611938477e+00,3.408579826354980469e+00
5.843927264213562012e-01,4.992939531803131104e-01
2.075420379638671875e+00,1.569879150390625000e+01
7.207612395286560059e-01,2.657553553581237793e-01
1.242980599403381348e+00,9.335027337074279785e-01
7.969085574150085449e-01,1.007795572280883789e+00
2.275886237621307373e-01,9.121018648147583008e-02
1.414577245712280273e+00,3.040295541286468506e-01
1.050100803375244141e+00,7.366567850112915039e-01
1.743930935859680176e+00,1.543398571014404297e+01
1.187377452850341797e+00,1.032272219657897949e+00
1.944476723670959473e+00,1.395208644866943359e+01
1.136910080909729004e+00,3.372561454772949219e+00
1.456383943557739258e+00,2.270404338836669922e+00
2.163428068161010742e+00,1.547304725646972656e+01
1.597959399223327637e+00,3.263370037078857422e+00
2.644052743911743164e+00,1.401284980773925781e+01
2.291025161743164062e+00,1.520540523529052734e+01
1.749041557312011719e+00,1.168218994140625000e+01
2.260305643081665039e+00,8.496087074279785156e+00
2.173986673355102539e+00,1.529143619537353516e+01
1.650152325630187988e+00,6.313429355621337891e+00
1.623582005500793457e+00,1.947242856025695801e+00
1.566700100898742676e+00,7.330339908599853516e+00
1.592652797698974609e+00,8.095695495605468750e+00
1.312488317489624023e+00,8.737778663635253906e-01
1.885474085807800293e+00,1.232137012481689453e+01
1.733790159225463867e+00,1.590649700164794922e+01
2.128349304199218750e+00,1.560951423645019531e+01
1.179431557655334473e+00,1.064145803451538086e+00
1.726508855819702148e+00,2.226308584213256836e+00
2.355194807052612305e+00,9.198410034179687500e+00
2.435056924819946289e+00,1.433047389984130859e+01
1.947713136672973633e+00,1.583897590637207031e+01
2.054902076721191406e+00,5.062297821044921875e+00
2.151830911636352539e+00,4.688325405120849609e+00
1.401893854141235352e+00,3.318024158477783203e+00
2.808783292770385742e+00,1.380208110809326172e+01
1.705446481704711914e+00,5.090266704559326172e+00
2.155156373977661133e+00,7.612461090087890625e+00
2.124258518218994141e+00,1.540374469757080078e+01
1.833858132362365723e+00,1.169741153717041016e+01
1.849799394607543945e+00,7.260871410369873047e+00
1.670457124710083008e+00,1.590270423889160156e+01
1.391577720642089844e+00,5.170923233032226562e+00
7.444419264793395996e-01,4.737811088562011719e+00
1.927887916564941406e+00,1.572408485412597656e+01
1.419470906257629395e+00,7.383583068847656250e+00
1.930392742156982422e+00,1.572747421264648438e+01
1.751376867294311523e+00,1.592460727691650391e+01
4.621971845626831055e-01,2.242462396621704102e+00
8.349806070327758789e-01,2.131015248596668243e-02
1.131626248359680176e+00,1.207684397697448730e+00
1.990703821182250977e+00,1.379686737060546875e+01
1.398482084274291992e+00,1.606071662902832031e+01
1.590208172798156738e+00,3.617326259613037109e+00
1.870781898498535156e+00,1.541929435729980469e+01
1.653858900070190430e+00,3.247375488281250000e+00
2.107254266738891602e+00,1.571158504486083984e+01
1.897924184799194336e+00,1.563724040985107422e+00
1.773363590240478516e+00,1.417873001098632812e+01
2.377963781356811523e+00,1.174990177154541016e+01
2.085885763168334961e+00,1.568447780609130859e+01
1.466680526733398438e+00,9.754759788513183594e+00
1.385465145111083984e+00,1.606721305847167969e+01
1.563785672187805176e+00,8.117554187774658203e-01
1.715439319610595703e+00,1.588366222381591797e+01
1.886533021926879883e+00,1.587099170684814453e+01
1.245929479598999023e+00,1.149201035499572754e+00
2.085260391235351562e+00,1.563897418975830078e+01
2.064965724945068359e+00,9.675135612487792969e+00
1.446724653244018555e+00,2.347345590591430664e+00
2.076574325561523438e+00,1.574825572967529297e+01
1.929399490356445312e+00,1.584262561798095703e+01
1.998611450195312500e+00,1.569935703277587891e+01
2.794244050979614258e+00,1.464523887634277344e+01
1.447111010551452637e+00,9.736043214797973633e-01
1.284997105598449707e+00,1.606633758544921875e+01
1.584189176559448242e+00,6.759017467498779297e+00
9.361976981163024902e-01,7.432250976562500000e-01
1.480067014694213867e+00,1.600122261047363281e+01
1.113996028900146484e+00,1.363091588020324707e+00
8.644474148750305176e-01,2.343895673751831055e+00
1.496290206909179688e+00,1.600154495239257812e+01
1.935330629348754883e+00,8.355097770690917969e+00
1.654803037643432617e+00,1.591493701934814453e+01
2.072047472000122070e+00,1.573434638977050781e+01
2.519429922103881836e+00,6.768468856811523438e+00
1.165400981903076172e+00,4.561298191547393799e-01
2.072345733642578125e+00,1.352347850799560547e+01
1.976575851440429688e+00,2.197957277297973633e+00
1.741616010665893555e+00,6.109246253967285156e+00
1.094723343849182129e+00,-2.422539293766021729e-01
1.751645803451538086e+00,1.585391902923583984e+01
1.447146296501159668e+00,1.604984855651855469e+01
1.607218980789184570e+00,8.320273399353027344e+00
2.010313987731933594e+00,1.116540050506591797e+01
6.696354746818542480e-01,4.413699805736541748e-01
1.098352074623107910e+00,4.536030292510986328e+00
1.221500396728515625e+00,5.960117578506469727e-01
2.148168563842773438e+00,1.418496990203857422e+01
2.772384643554687500e+00,8.705099105834960938e+00
2.204155445098876953e+00,1.032897472381591797e+01
1.349564313888549805e+00,6.199340343475341797e+00
2.033299684524536133e+00,7.350336551666259766e+00
6.617978811264038086e-01,7.007821798324584961e-01
1.336373686790466309e+00,9.706892371177673340e-01
1.557823896408081055e+00,1.478240966796875000e+00
4.622226655483245850e-01,2.152326889336109161e-02
1.252621889114379883e+00,2.114188671112060547e+00
2.361315965652465820e+00,1.282440471649169922e+01
7.242142558097839355e-01,8.290992379188537598e-01
1.922940254211425781e+00,1.580481815338134766e+01
1.624969005584716797e+00,1.601805877685546875e+01
9.419606328010559082e-01,9.991743564605712891e-01
1.855650186538696289e+00,1.952718257904052734e+00
1.762048959732055664e+00,1.596829509735107422e+01
1.356840848922729492e+00,7.360625267028808594e+00
2.294595479965209961e+00,9.628464698791503906e+00
1.788007616996765137e+00,1.594210910797119141e+01
1.981111764907836914e+00,1.574172401428222656e+01
1.710988759994506836e+00,1.594419384002685547e+01
1.398585557937622070e+00,7.440518379211425781e+00
9.338119626045227051e-01,8.017443418502807617e-01
1.494077563285827637e+00,1.593144321441650391e+01
2.298698902130126953e+00,9.882788658142089844e+00
1.993259191513061523e+00,1.572618103027343750e+01
9.086927771568298340e-01,4.109337031841278076e-01
2.319195508956909180e+00,1.547081661224365234e+01
1.867911219596862793e+00,1.149925041198730469e+01
1.846748113632202148e+00,1.583388996124267578e+01
9.993756413459777832e-01,3.434586524963378906e+00
1.729407429695129395e+00,1.583450222015380859e+01
1.039915561676025391e+00,5.312876701354980469e-01
1.872663259506225586e+00,1.495591640472412109e+01
1.286056637763977051e+00,6.208958625793457031e+00
2.061528921127319336e+00,1.569398880004882812e+01
1.035117864608764648e+00,8.606706619262695312e+00
1.399446725845336914e+00,3.075167238712310791e-01
1.827270865440368652e+00,1.587938308715820312e+01
1.954781770706176758e+00,1.574170684814453125e+01
1.970494747161865234e+00,3.183349370956420898e+00
2.365355730056762695e+00,1.333543682098388672e+01
1.614457368850708008e+00,6.910977959632873535e-01
7.964592576026916504e-01,9.036990404129028320e-01
5.403673648834228516e-01,6.160055398941040039e-01
6.943562030792236328e-01,5.269708633422851562e-01
2.530612230300903320e+00,1.356389904022216797e+01
1.843301653861999512e+00,1.570149517059326172e+01
1.424846649169921875e+00,1.602602767944335938e+01
1.909475207328796387e+00,1.571318531036376953e+01
9.813588857650756836e-01,1.426215469837188721e-01
1.761024236679077148e+00,1.587918567657470703e+01
1.406325817108154297e+00,4.411334514617919922e+00
2.217993885278701782e-01,-5.255537033081054688e-01
2.255150079727172852e+00,6.126988887786865234e+00
2.630186080932617188e+00,1.509317493438720703e+01
2.424053192138671875e+00,9.537011146545410156e+00
1.264257907867431641e+00,8.585503697395324707e-02
1.301069378852844238e+00,7.134262561798095703e+00
1.366582274436950684e+00,1.858273148536682129e+00
1.878250598907470703e+00,1.582257461547851562e+01
2.061478853225708008e+00,5.415631771087646484e+00
1.234719991683959961e+00,3.389214038848876953e+00
1.852311491966247559e+00,1.584125041961669922e+01
2.045024156570434570e+00,1.579369640350341797e+01
6.447349190711975098e-01,2.147208929061889648e+00
1.522036790847778320e+00,1.603007698059082031e+01
2.275298357009887695e+00,1.024288845062255859e+01
1.681299448013305664e+00,7.259669303894042969e+00
2.185914278030395508e+00,1.423459720611572266e+01
1.855354547500610352e+00,1.573591041564941406e+01
1.322092175483703613e+00,2.772850096225738525e-01
1.579064011573791504e+00,5.543210506439208984e+00
1.466973543167114258e+00,3.002655506134033203e+00
1.951613903045654297e+00,1.581599807739257812e+01
1.262330055236816406e+00,3.881431579589843750e+00
2.039875984191894531e+00,7.307483673095703125e+00
1.850004196166992188e+00,1.246946239471435547e+01
9.410802721977233887e-01,7.240786552429199219e-01
5.637784600257873535e-01,4.641705989837646484e+00
2.059037446975708008e+00,1.014550113677978516e+01
2.406084060668945312e+00,3.902066230773925781e+00
2.423646688461303711e+00,1.066781616210937500e+01
1.206685185432434082e+00,1.488547563552856445e+00
7.955473065376281738e-01,2.534195482730865479e-01
1.791020631790161133e+00,1.588995647430419922e+01
2.002825736999511719e+00,2.859915971755981445e+00
1.920206665992736816e+00,1.577691268920898438e+01
1.654428839683532715e+00,1.600675392150878906e+01
1.354497432708740234e+00,1.059707880020141602e+00
1.607411384582519531e+00,1.576423072814941406e+01
1.890808820724487305e+00,7.783083438873291016e+00
1.135810732841491699e+00,4.114589691162109375e+00
1.490949392318725586e+00,8.427847862243652344e+00
1.985629320144653320e+00,8.720354080200195312e+00
9.349315166473388672e-01,4.299829900264739990e-01
1.268080949783325195e+00,1.119898796081542969e+00
2.199274539947509766e+00,1.560486316680908203e+01
1.867830514907836914e+00,8.190739631652832031e+00
2.237794399261474609e+00,1.532425403594970703e+01
2.049086332321166992e+00,1.002249526977539062e+01
2.000534057617187500e+00,1.577392673492431641e+01
1.606153488159179688e+00,2.014007329940795898e+00
1.093630075454711914e+00,6.803523540496826172e+00
2.246901750564575195e+00,1.234526872634887695e+00
2.209944009780883789e+00,9.363152503967285156e+00
2.667110681533813477e+00,1.403312492370605469e+01
1.453404188156127930e+00,2.688832283020019531e+00
1.957201004028320312e+00,3.041051387786865234e+00
1.679960250854492188e+00,1.552096080780029297e+01
1.967139244079589844e+00,7.750721454620361328e+00
2.558676958084106445e+00,1.524756908416748047e+01
1.492491841316223145e+00,1.605460739135742188e+01
2.094568729400634766e+00,1.438615131378173828e+01
1.568869352340698242e+00,6.906177997589111328e+00
2.181611537933349609e+00,1.547044372558593750e+01
-3.565256893634796143e-01,4.545528888702392578e-01
1.776945590972900391e+00,1.458501720428466797e+01
1.027221322059631348e+00,2.229827493429183960e-01
1.777395725250244141e+00,1.591548538208007812e+01
2.213177680969238281e+00,1.317230319976806641e+01
1.389482498168945312e+00,1.597693347930908203e+01
2.429826498031616211e+00,4.415844440460205078e+00
5.991044640541076660e-01,9.015932679176330566e-02
2.347110748291015625e+00,6.394264698028564453e+00
2.389334201812744141e+00,1.344518375396728516e+01
2.401501655578613281e+00,1.520924663543701172e+01
1.435780525207519531e+00,5.589426040649414062e+00
1.883150339126586914e+00,6.975777149200439453e+00
1.822671890258789062e+00,1.051333141326904297e+01
1.386758804321289062e+00,1.603461456298828125e+01
8.835738301277160645e-01,2.760187387466430664e+00
1.547341346740722656e+00,2.332408428192138672e+00
6.452101469039916992e-01,4.161596894264221191e-01
1.440476179122924805e+00,7.036147594451904297e+00
1.649831891059875488e+00,2.622873306274414062e+00
2.337218761444091797e+00,1.294251346588134766e+01
1.698679924011230469e+00,1.042858028411865234e+01
1.384880185127258301e+00,2.590673446655273438e+00
2.470224380493164062e+00,1.092522525787353516e+01
7.800077795982360840e-01,4.394391179084777832e-01
2.088346719741821289e+00,1.576498508453369141e+01
2.004123210906982422e+00,6.304440975189208984e+00
1.202650785446166992e+00,8.826820850372314453e-01
8.027871251106262207e-01,8.964643478393554688e-01
1.873473525047302246e+00,6.581129431724548340e-01
1.946156024932861328e+00,1.577929306030273438e+01
1.949295043945312500e+00,4.209034919738769531e+00
2.376556158065795898e+00,1.453071880340576172e+01
2.042132377624511719e+00,1.180726909637451172e+01
1.988967180252075195e+00,1.536526966094970703e+01
1.007408499717712402e+00,5.922179222106933594e-01
1.786505699157714844e+00,3.393392860889434814e-01
1.205638647079467773e+00,6.988750457763671875e+00
2.054426193237304688e+00,1.332743358612060547e+01
1.513004541397094727e+00,2.393525123596191406e+00
2.060815334320068359e+00,1.420854473114013672e+01
1.387272834777832031e+00,1.590562152862548828e+01
1.860762596130371094e+00,7.003343105316162109e+00
1.566719293594360352e+00,1.593091487884521484e+01
1.784254431724548340e+00,9.901538848876953125e+00
1.608625531196594238e+00,1.168854236602783203e+01
9.344481825828552246e-01,1.159022331237792969e+00
1.904904603958129883e+00,7.416956424713134766e+00
1.493452548980712891e+00,1.874799251556396484e+00
1.979445099830627441e+00,5.082882881164550781e+00
1.326431751251220703e+00,4.530673503875732422e+00
3.636151850223541260e-01,6.392424106597900391e-01
1.296037912368774414e+00,2.749971389770507812e+00
2.151561021804809570e+00,1.567006015777587891e+01
1.659424424171447754e+00,6.050893783569335938e+00
1.996699690818786621e+00,1.578014850616455078e+01
1.053846359252929688e+00,8.675219535827636719e+00
1.527279734611511230e+00,1.330374240875244141e+00
2.088946104049682617e+00,6.046089649200439453e+00
1.592715024948120117e+00,1.592341709136962891e+01
1.636936306953430176e+00,4.623276233673095703e+00
1.790531396865844727e+00,1.579407119750976562e+01
1.790050029754638672e+00,1.584741687774658203e+01
1.602919101715087891e+00,1.597715473175048828e+01
2.085751533508300781e+00,1.452899932861328125e+01
1.411087512969970703e+00,5.339538574218750000e+00
2.392975091934204102e+00,1.534569168090820312e+01
2.018482208251953125e+00,1.579709911346435547e+01
5.391690135002136230e-01,2.623737812042236328e+00
2.115339517593383789e+00,6.070011138916015625e+00
7.817184329032897949e-01,5.423326492309570312e-01
2.577562332153320312e+00,9.229516029357910156e+00
1.832058191299438477e+00,1.599208736419677734e+01
1.791538596153259277e+00,7.407947063446044922e+00
1.427474379539489746e+00,2.670247793197631836e+00
1.364159345626831055e+00,1.597571849822998047e+00
1.739003896713256836e+00,6.738278865814208984e-01
1.670268297195434570e+00,1.026278400421142578e+01
1.005049824714660645e+00,1.684227347373962402e+00
1.794940948486328125e+00,9.565084457397460938e+00
2.798946857452392578e+00,1.478855037689208984e+01
1.381461858749389648e+00,3.551457881927490234e+00
1.444816589355468750e+00,1.460847139358520508e+00
1.238802552223205566e+00,3.375451087951660156e+00
1.501431584358215332e+00,1.603444290161132812e+01
1.848087787628173828e+00,1.586224079132080078e+01
1.681324243545532227e+00,5.652479648590087891e+00
2.364363670349121094e+00,1.348519420623779297e+01
1.704743027687072754e+00,1.594715404510498047e+01
1.327647328376770020e+00,4.696761131286621094e+00
1.550462245941162109e+00,2.452498197555541992e+00
2.319216012954711914e+00,5.706918716430664062e+00
1.227918505668640137e+00,1.616703605651855469e+01
7.845622897148132324e-01,-2.151716351509094238e-01
1.618467092514038086e+00,1.599612331390380859e+01
2.773468732833862305e+00,8.913153648376464844e+00
4.804623126983642578e-02,1.195628046989440918e+00
1.685874462127685547e+00,1.521903705596923828e+01
1.822127580642700195e+00,1.376342892646789551e+00
1.943186402320861816e+00,1.531093788146972656e+01
2.052044391632080078e+00,5.528930187225341797e+00
1.859642505645751953e+00,4.957674026489257812e+00
1.156699299812316895e+00,1.526628017425537109e+01
1.757967710494995117e+00,4.921765804290771484e+00
1.690343499183654785e+00,1.305171251296997070e+00
2.255436420440673828e+00,9.211215019226074219e+00
1.055849790573120117e+00,7.641721248626708984e+00
1.497443079948425293e+00,1.275930285453796387e+00
1.465469360351562500e+00,1.190576791763305664e+00
1.289581894874572754e+00,9.205184578895568848e-01
1.496130943298339844e+00,3.826664447784423828e+00
1.998414516448974609e+00,1.576033210754394531e+01
1.414307951927185059e+00,5.976133823394775391e+00
8.461117148399353027e-01,1.418912529945373535e+00
1.894549012184143066e+00,1.585969257354736328e+01
2.104348897933959961e+00,3.466746091842651367e+00
2.170794725418090820e+00,6.602646350860595703e+00
1.693325042724609375e+00,4.813533306121826172e+00
1.561926007270812988e+00,1.847600102424621582e+00
2.175306081771850586e+00,1.370722866058349609e+01
8.137142062187194824e-01,1.608718037605285645e-01
2.803842067718505859e+00,1.186851406097412109e+01
1.108876109123229980e+00,4.079998016357421875e+00
1.793661952018737793e+00,1.567806339263916016e+01
2.081709623336791992e+00,6.742901325225830078e+00
-7.107832282781600952e-02,2.626939415931701660e-01
2.105482816696166992e+00,1.010379695892333984e+01
2.372581005096435547e+00,9.379499435424804688e+00
2.188532829284667969e+00,7.207253456115722656e+00
1.613981008529663086e+00,1.333703327178955078e+01
1.390939235687255859e+00,4.254186153411865234e+00
1.849591493606567383e+00,1.576989459991455078e+01
2.637982845306396484e+00,1.496716213226318359e+01
2.110064744949340820e+00,9.793473243713378906e+00
1.537968754768371582e+00,5.680368423461914062e+00
7.967727780342102051e-01,1.507954239845275879e+00
1.545919179916381836e+00,1.599619865417480469e+01
1.265367984771728516e+00,1.214907550811767578e+01
1.749548435211181641e+00,1.406688785552978516e+01
2.239632368087768555e+00,1.051697731018066406e+01
1.020120859146118164e+00,1.491468238830566406e+01
1.547814249992370605e+00,1.599372673034667969e+01
2.011678457260131836e+00,1.552599811553955078e+01
1.994300842285156250e+00,1.044609642028808594e+01
1.969419956207275391e+00,9.495760917663574219e+00
1.880045175552368164e+00,1.575869464874267578e+01
2.147448062896728516e+00,1.553029060363769531e+01
1.958505153656005859e+00,6.918193340301513672e+00
1.852875471115112305e+00,4.157052516937255859e+00
1.531676411628723145e+00,4.949095249176025391e+00
9.865669608116149902e-01,4.941498637199401855e-01
1.946511507034301758e+00,1.572464847564697266e+01
1.391368746757507324e+00,-1.234640479087829590e-01
2.116618871688842773e+00,1.510976123809814453e+01
1.544569969177246094e+00,5.206258967518806458e-03
1.514549970626831055e+00,1.597842884063720703e+01
5.896607041358947754e-01,1.868704080581665039e+00
1.853667736053466797e+00,4.354291439056396484e+00
1.918954968452453613e+00,1.583352565765380859e+01
8.939616382122039795e-03,-1.348485350608825684e-01
1.996458530426025391e+00,1.574625110626220703e+01
2.068000793457031250e+00,1.960269212722778320e+00
1.096882462501525879e+00,1.784172415733337402e+00
-1.610603183507919312e-02,-2.066395282745361328e-01
1.741700172424316406e+00,9.862551689147949219e-01
2.087843894958496094e+00,1.327433490753173828e+01
1.947634100914001465e+00,1.572485351562500000e+01
1.081972122192382812e+00,1.613454055786132812e+01
2.143327951431274414e+00,1.561892700195312500e+01
1.624842166900634766e+00,5.353384494781494141e+00
2.567870378494262695e+00,1.249524021148681641e+01
2.184182643890380859e+00,1.574285221099853516e+01
1.725603342056274414e+00,2.848186016082763672e+00
2.514417886734008789e+00,6.423019886016845703e+00
2.107477188110351562e+00,1.571502780914306641e+01
1.144134283065795898e+00,6.212722778320312500e+00
1.391056776046752930e+00,8.260351419448852539e-01
1.099163770675659180e+00,3.821642637252807617e+00
8.486894965171813965e-01,1.199946880340576172e+00
2.242763519287109375e+00,1.507143974304199219e+01
8.914524316787719727e-01,3.261637389659881592e-01
2.287640810012817383e+00,1.544184780120849609e+01
2.029619693756103516e+00,1.567568302154541016e+01
1.241914272308349609e+00,4.784205913543701172e+00
1.000793576240539551e+00,2.379544019699096680e+00
1.462251901626586914e+00,1.601166915893554688e+01
1.553206443786621094e+00,5.331509113311767578e-01
6.077494025230407715e-01,3.420390844345092773e+00
2.521691083908081055e+00,1.472017574310302734e+01
2.608531236648559570e+00,1.499398708343505859e+01
2.318143606185913086e+00,1.531643486022949219e+01
3.055590152740478516e+00,1.366624355316162109e+01
2.402352094650268555e+00,1.527875804901123047e+01
1.861029148101806641e+00,1.582917881011962891e+01
3.683238029479980469e-01,2.047843039035797119e-01
9.322264194488525391e-01,6.004290103912353516e+00
2.143534660339355469e+00,1.544002342224121094e+01
9.001893997192382812e-01,4.556820094585418701e-01
8.765693902969360352e-01,1.655146777629852295e-01
1.771696925163269043e+00,1.580863285064697266e+01
1.950645804405212402e+00,1.577726840972900391e+01
9.931322932243347168e-01,4.295666515827178955e-01
2.166243076324462891e+00,1.560778427124023438e+01
1.877823948860168457e+00,9.871404647827148438e+00
3.975829780101776123e-01,1.268577575683593750e-01
1.973670601844787598e+00,1.564129924774169922e+01
1.962195158004760742e+00,1.602645993232727051e+00
1.813807487487792969e+00,1.586513614654541016e+01
2.084511041641235352e+00,6.200255155563354492e-01
2.129217863082885742e+00,1.556915855407714844e+01
9.543406367301940918e-01,3.522629737854003906e+00
2.380196571350097656e+00,1.338400936126708984e+01
3.341667652130126953e+00,1.351611042022705078e+01
1.678543567657470703e+00,1.415069293975830078e+01
1.088593482971191406e+00,8.038798332214355469e+00
1.217711567878723145e+00,6.015801429748535156e+00
9.312461018562316895e-01,1.171867847442626953e+00
1.548265457153320312e+00,1.597638320922851562e+01
2.150204181671142578e+00,1.488233852386474609e+01
1.725833892822265625e+00,8.603402137756347656e+00
7.108305096626281738e-01,-4.246663451194763184e-01
1.564825534820556641e+00,1.593338203430175781e+01
1.992400407791137695e+00,1.580284881591796875e+01
1.105773448944091797e+00,2.920435905456542969e+00
1.205875635147094727e+00,3.577043056488037109e+00
2.286754369735717773e+00,8.464013099670410156e+00
6.745575666427612305e-01,6.362459063529968262e-02
-1.323991119861602783e-01,2.227128744125366211e-01
1.787530779838562012e+00,7.998403310775756836e-01
1.649800062179565430e+00,1.595808219909667969e+01
1.260185956954956055e+00,4.822785854339599609e+00
1.582234859466552734e+00,1.580013179779052734e+01
1.473366975784301758e+00,1.959538698196411133e+00
8.930571675300598145e-01,2.256435155868530273e-01
2.257334470748901367e+00,1.542393970489501953e+01
1.476579189300537109e+00,5.999496579170227051e-01
2.166475534439086914e+00,1.528697776794433594e+01
1.273406505584716797e+00,4.791310310363769531e+00
2.087076902389526367e+00,1.568080997467041016e+01
1.665239810943603516e+00,3.413662433624267578e+00
1.989757299423217773e+00,8.960576057434082031e+00
1.327476024627685547e+00,1.714280366897583008e+00
3.807666599750518799e-01,1.887014694511890411e-02
1.998940587043762207e+00,1.488384437561035156e+01
1.536435842514038086e+00,1.592049241065979004e+00
2.143305540084838867e+00,1.562683391571044922e+01
1.458724021911621094e+00,1.763497829437255859e+00
1.467858076095581055e+00,1.602455902099609375e+01
2.051571130752563477e+00,1.045326900482177734e+01
2.026441335678100586e+00,5.139673233032226562e+00
2.046539068222045898e+00,1.033683872222900391e+01
9.908952116966247559e-01,4.690668582916259766e+00
2.284770250320434570e+00,1.523176479339599609e+01
1.811168909072875977e+00,1.588275241851806641e+01
9.066216349601745605e-01,2.970413208007812500e+00
5.207800269126892090e-01,4.109482765197753906e-01
1.896185398101806641e+00,1.586447429656982422e+01
2.315247774124145508e+00,3.189725399017333984e+00
1.991935253143310547e+00,6.781323909759521484e+00
1.313894629478454590e+00,9.371836662292480469e+00
1.797275781631469727e+00,1.588657474517822266e+01
1.374513149261474609e+00,4.940503120422363281e+00
2.110159158706665039e+00,3.398768424987792969e+00
1.556872487068176270e+00,9.817123413085937500e+00
9.721966385841369629e-01,6.709632873535156250e-01
1.892524480819702148e+00,1.135886287689208984e+01
2.460645914077758789e+00,9.160607337951660156e+00
1.121831536293029785e+00,3.313517808914184570e+00
1.168393850326538086e+00,1.321465015411376953e+00
1.504604697227478027e+00,1.518603801727294922e+01
2.265688896179199219e+00,1.549430847167968750e+01
1.889096498489379883e+00,1.020328521728515625e+01
1.350940942764282227e+00,4.944013118743896484e+00
1.836318731307983398e+00,3.073051214218139648e+00
2.311136484146118164e+00,1.197448444366455078e+01
1.353886961936950684e+00,6.245564460754394531e+00
2.628104448318481445e+00,1.057850742340087891e+01
1.760887145996093750e+00,1.582767581939697266e+01
2.422237873077392578e+00,8.608145713806152344e+00
1.207251071929931641e+00,-4.357880353927612305e-02
1.894343614578247070e+00,5.715207099914550781e+00
1.469422817230224609e+00,1.594642639160156250e+01
1.329064488410949707e+00,1.607888412475585938e+01
1.981926679611206055e+00,1.567791938781738281e+01
1.461648821830749512e+00,2.731244325637817383e+00
1.170595526695251465e+00,2.859024286270141602e+00
1.507924556732177734e+00,9.447629451751708984e-01
1.661617755889892578e+00,1.940103411674499512e+00
1.190410494804382324e+00,2.534338533878326416e-01
2.021605730056762695e+00,8.679439544677734375e+00
1.707955718040466309e+00,5.972297191619873047e+00
1.491851925849914551e+00,3.149127960205078125e+00
1.505214333534240723e+00,1.591535282135009766e+01
2.166188478469848633e+00,1.562633228302001953e+01
1.710870146751403809e+00,1.586719393730163574e+00
1.602790594100952148e+00,1.597512149810791016e+01
1.531147956848144531e+00,6.572922229766845703e+00
9.089446663856506348e-01,2.328057140111923218e-01
1.591478586196899414e+00,1.603713989257812500e+01
2.170115709304809570e+00,1.553543567657470703e+01
1.636687159538269043e+00,9.298012733459472656e+00
1.187316417694091797e+00,7.563977241516113281e-01
1.115075826644897461e+00,1.735526442527770996e+00
1.326234102249145508e+00,3.183852672576904297e+00
1.984401226043701172e+00,1.106468558311462402e+00
8.722659945487976074e-01,2.220410585403442383e+00
1.229549646377563477e+00,7.510265350341796875e+00
1.378709077835083008e+00,1.604987144470214844e+01
2.533479452133178711e+00,8.487871170043945312e+00
1.472309112548828125e+00,1.590698337554931641e+01
3.189895391464233398e+00,1.356964683532714844e+01
1.422235250473022461e+00,1.123232007026672363e+00
2.097110986709594727e+00,1.558998012542724609e+01
2.785868883132934570e+00,8.415362358093261719e+00
1.933557748794555664e+00,6.019752025604248047e+00
8.115829825401306152e-01,8.681635260581970215e-01
1.572630405426025391e+00,1.603073883056640625e+01
1.908320903778076172e+00,1.072571372985839844e+01
7.688552141189575195e-01,4.482861459255218506e-01
4.420109093189239502e-01,1.316259980201721191e+00
1.417643785476684570e+00,1.598285865783691406e+01
1.021307826042175293e+00,6.040610074996948242e-01
1.724018096923828125e+00,1.564475822448730469e+01
1.762277364730834961e+00,1.587026691436767578e+01
2.542156696319580078e+00,9.961101531982421875e+00
2.132255792617797852e+00,3.751678943634033203e+00
1.357752323150634766e+00,1.420124053955078125e+01
1.213599205017089844e+00,4.459831714630126953e+00
1.796482086181640625e+00,1.583248710632324219e+01
1.862223386764526367e+00,1.573613929748535156e+01
1.665105342864990234e+00,1.587086772918701172e+01
1.742383480072021484e+00,5.104728341102600098e-01
1.727737188339233398e+00,1.213396167755126953e+01
1.416317462921142578e+00,8.655841827392578125e+00
1.709264516830444336e+00,1.589355945587158203e+01
2.604797363281250000e+00,1.417280769348144531e+01
2.014009714126586914e+00,1.570920467376708984e+01
2.156010627746582031e+00,3.488134860992431641e+00
2.156390428543090820e+00,1.550382328033447266e+01
1.941635251045227051e+00,5.456018924713134766e+00
1.577574491500854492e+00,1.183604955673217773e+00
2.232813119888305664e+00,3.854745864868164062e+00
1.571459531784057617e+00,1.046572589874267578e+01
1.610531330108642578e+00,8.351891517639160156e+00
2.025854349136352539e+00,1.567912006378173828e+01
2.231276512145996094e+00,8.542952537536621094e+00
1.632775783538818359e+00,6.975325584411621094e+00
2.547780990600585938e+00,1.058585643768310547e+01
2.009248495101928711e+00,4.344375610351562500e+00
2.267057895660400391e+00,1.546386241912841797e+01
1.947868585586547852e+00,1.577310752868652344e+01
2.040159940719604492e+00,1.567460441589355469e+01
1.371781945228576660e+00,5.126588344573974609e+00
1.347941398620605469e+00,3.325110912322998047e+00
1.123057484626770020e+00,1.373543620109558105e+00
1.079263448715209961e+00,5.197402834892272949e-01
1.088803768157958984e+00,3.008416414260864258e+00
1.821017742156982422e+00,1.587853527069091797e+01
2.115084409713745117e+00,1.353671360015869141e+01
1.752017736434936523e+00,7.561950683593750000e+00
1.576967954635620117e+00,4.389630317687988281e+00
7.542341351509094238e-01,1.141773581504821777e+00
1.710487365722656250e+00,1.584190368652343750e+01
1.762569546699523926e+00,8.960216522216796875e+00
2.050493717193603516e+00,1.575761890411376953e+01
1.350748777389526367e+00,1.603639602661132812e+01
2.063551902770996094e+00,7.006562709808349609e+00
1.515544414520263672e+00,1.593105792999267578e+01
1.608301877975463867e+00,1.605166816711425781e+01
1.928776979446411133e+00,1.587626934051513672e+01
1.555410146713256836e+00,6.729352474212646484e+00
2.709767341613769531e+00,1.489048671722412109e+01
1.694940328598022461e+00,7.922179102897644043e-01
2.430533170700073242e+00,2.517829179763793945e+00
1.258053064346313477e+00,1.612803077697753906e+01
1.885291457176208496e+00,1.461461782455444336e+00
6.077474951744079590e-01,7.055822014808654785e-01
1.640129923820495605e+00,2.961209297180175781e+00
1.911794662475585938e+00,8.813649177551269531e+00
1.326551198959350586e+00,1.605823135375976562e+01
2.466203689575195312e+00,1.510128974914550781e+01
1.409550905227661133e+00,1.597462940216064453e+01
1.578173160552978516e+00,2.305745601654052734e+00
2.406723260879516602e+00,9.699125289916992188e+00
1.603857040405273438e+00,1.997819900512695312e+00
1.843065261840820312e+00,1.582796192169189453e+01
1.604064702987670898e+00,6.855836868286132812e+00
6.855574250221252441e-01,3.613918423652648926e-01
1.580987215042114258e+00,1.851071357727050781e+00
1.004575133323669434e+00,4.063318371772766113e-01
2.161523103713989258e+00,1.081874179840087891e+01
1.715746164321899414e+00,1.590940666198730469e+01
1.550580859184265137e+00,2.663499593734741211e+00
8.348281979560852051e-01,6.131860017776489258e-01
2.451097011566162109e+00,1.429909420013427734e+01
2.592234849929809570e+00,1.020659542083740234e+01
1.935587882995605469e+00,3.096356630325317383e+00
1.763274192810058594e+00,1.574532985687255859e+01
9.308194518089294434e-01,7.161424160003662109e-01
1.925542116165161133e+00,1.580418205261230469e+01
2.144358396530151367e+00,1.572276210784912109e+01
1.964531779289245605e+00,9.223987579345703125e+00
1.833309888839721680e+00,1.515490627288818359e+01
1.204591274261474609e+00,6.041733264923095703e+00
1.918012857437133789e+00,1.311773872375488281e+01
2.226632356643676758e+00,1.553349590301513672e+01
2.011508703231811523e+00,1.154551887512207031e+01
1.531904339790344238e+00,3.392323970794677734e+00
8.012245297431945801e-01,3.354826211929321289e+00
8.226084113121032715e-01,1.217798590660095215e+00
9.628432989120483398e-01,1.318990290164947510e-01
1.680099606513977051e+00,9.045496940612792969e+00
9.532617926597595215e-01,1.163012504577636719e+00
9.431741833686828613e-01,1.245399713516235352e+00
1.997791886329650879e+00,1.377840995788574219e+00
1.894684553146362305e+00,1.581778621673583984e+01
1.100639343261718750e+00,1.034303784370422363e+00
1.788880586624145508e+00,9.939887046813964844e+00
1.782313823699951172e+00,6.394414424896240234e+00
1.729043722152709961e+00,7.073558330535888672e+00
2.616995573043823242e+00,1.478171920776367188e+01
1.136530637741088867e+00,6.538437604904174805e-01
1.486655473709106445e+00,6.616250514984130859e+00
2.631388902664184570e+00,1.179415607452392578e+01
1.956363677978515625e+00,1.023924922943115234e+01
1.683983683586120605e+00,1.591002655029296875e+01
1.611538648605346680e+00,4.141240119934082031e+00
2.395841598510742188e+00,1.212126445770263672e+01
5.304174423217773438e-01,7.643536329269409180e-01
1.785972356796264648e+00,7.292683124542236328e+00
4.648071229457855225e-01,1.592405676841735840e+00
2.044477224349975586e+00,1.551653194427490234e+01
2.258035421371459961e+00,1.328948879241943359e+01
1.287754535675048828e+00,6.607400417327880859e+00
1.532571673393249512e+00,1.605694580078125000e+01
2.032903671264648438e+00,1.512644577026367188e+01
2.302339792251586914e+00,1.550895404815673828e+01
1.557373285293579102e+00,1.028140544891357422e+00
6.323348879814147949e-01,2.058251619338989258e+00
1.109715461730957031e+00,3.602187633514404297e+00
2.150303125381469727e+00,6.262172222137451172e+00
1.216653585433959961e+00,3.440420866012573242e+00
8.278879523277282715e-01,3.324801206588745117e+00
1.808221578598022461e+00,1.592788696289062500e+01
1.398920416831970215e+00,1.622186899185180664e+00
2.339331150054931641e+00,1.537025928497314453e+01
1.742189645767211914e+00,5.065547943115234375e+00
2.400257825851440430e+00,1.465453147888183594e+01
1.435431003570556641e+00,1.601368141174316406e+01
1.979785919189453125e+00,1.581594562530517578e+01
2.291492223739624023e+00,7.391318798065185547e+00
2.117113828659057617e+00,1.564163398742675781e+01
1.820780754089355469e+00,1.593803310394287109e+01
2.227981090545654297e+00,9.233178138732910156e+00
1.740344524383544922e+00,8.364693641662597656e+00
1.297402143478393555e+00,1.596959590911865234e+01
1.123903393745422363e+00,2.630041360855102539e+00
1.436178803443908691e+00,1.685372829437255859e+00
8.271887898445129395e-01,5.523829460144042969e-01
2.073803663253784180e+00,1.117102718353271484e+01
8.670484423637390137e-01,5.736509799957275391e+00
2.022349119186401367e+00,1.574271583557128906e+01
1.020115613937377930e+00,3.950868844985961914e-01
9.207851290702819824e-01,6.052497386932373047e+00
2.040131568908691406e+00,1.566873359680175781e+01
1.699959754943847656e+00,1.593452358245849609e+01
1.926979899406433105e+00,1.577355861663818359e+01
2.608793258666992188e+00,1.268934154510498047e+01
1.509661674499511719e+00,1.602715873718261719e+01
2.011564731597900391e+00,1.469576072692871094e+01
1.695351362228393555e+00,6.124986171722412109e+00
1.790637135505676270e+00,9.553305625915527344e+00
1.907816171646118164e+00,1.002007865905761719e+01
8.640769124031066895e-01,5.149518847465515137e-01
2.132803678512573242e+00,3.729930877685546875e+00
1.867463111877441406e+00,4.879159450531005859e+00
1.800267577171325684e+00,4.448934078216552734e+00
1.699468374252319336e+00,1.009027600288391113e+00
1.713801622390747070e+00,1.594437503814697266e+01
8.570656180381774902e-01,1.753929376602172852e+00
2.204015016555786133e+00,7.598772048950195312e+00
1.709632992744445801e+00,1.580704784393310547e+01
1.446954250335693359e+00,1.597918796539306641e+01
1.645740866661071777e+00,1.675037264823913574e+00
2.074275016784667969e+00,1.575003910064697266e+01
1.863860368728637695e+00,5.403410434722900391e+00
2.211096763610839844e+00,1.559810066223144531e+01
7.019187808036804199e-01,5.609940290451049805e-01
2.122495174407958984e+00,2.898737668991088867e+00
2.294519662857055664e+00,5.146177768707275391e+00
1.394522309303283691e+00,9.179514646530151367e-01
1.298163890838623047e+00,1.667231559753417969e+00
1.650125741958618164e+00,1.600635910034179688e+01
6.917265057563781738e-01,4.724912047386169434e-01
1.649900078773498535e+00,1.520258426666259766e+01
2.186157226562500000e+00,1.552667140960693359e+01
-2.220461219549179077e-01,-5.244601368904113770e-01
1.666766405105590820e+00,1.824734926223754883e+00
2.009815931320190430e+00,7.416240692138671875e+00
2.138121843338012695e+00,1.557995223999023438e+01
3.210127651691436768e-01,3.016375601291656494e-01
2.206712245941162109e+00,1.310847377777099609e+01
5.968811511993408203e-01,1.518608093261718750e+00
1.264319896697998047e+00,8.291710615158081055e-01
2.288707017898559570e+00,6.252066135406494141e+00
1.478133440017700195e+00,2.895050525665283203e+00
2.500235795974731445e+00,1.477823162078857422e+01
2.196434736251831055e+00,1.440308952331542969e+01
1.910111427307128906e+00,6.718196392059326172e+00
1.294841289520263672e+00,1.613244438171386719e+01
1.803460955619812012e+00,1.562577342987060547e+01
1.748332262039184570e+00,1.491400909423828125e+01
1.223950982093811035e+00,6.123465538024902344e+00
1.989240407943725586e+00,1.580787467956542969e+01
1.555550694465637207e+00,6.934531688690185547e+00
1.290949225425720215e+00,5.034420490264892578e-01
1.130707979202270508e+00,2.692529678344726562e+00
1.417091369628906250e+00,5.655497312545776367e-01
1.341441392898559570e+00,-5.155113339424133301e-02
2.115266084671020508e+00,8.755519866943359375e+00
1.449966788291931152e+00,8.821187019348144531e+00
1.664877414703369141e+00,9.552106857299804688e+00
1.822966098785400391e+00,4.636268615722656250e+00
2.059228181838989258e+00,1.574921131134033203e+01
1.972062587738037109e+00,1.577990055084228516e+01
1.543801546096801758e+00,1.597006797790527344e+01
1.678458929061889648e+00,3.982226848602294922e+00
4.914779365062713623e-01,2.001430988311767578e+00
8.333848118782043457e-01,3.717536211013793945e+00
1.748251914978027344e+00,7.519177913665771484e+00
1.125907421112060547e+00,1.119181513786315918e+00
2.097849607467651367e+00,1.568300533294677734e+01
1.483371853828430176e+00,5.065238475799560547e+00
1.415873527526855469e+00,8.950676918029785156e-01
1.640158176422119141e+00,1.593531036376953125e+01
1.931428670883178711e+00,8.619120597839355469e+00
1.296538352966308594e+00,6.732991933822631836e-01
1.081304669380187988e+00,1.057161211967468262e+00
1.219620466232299805e+00,9.310558319091796875e+00
1.525333166122436523e+00,1.500832271575927734e+01
2.168534040451049805e+00,1.563724231719970703e+01
1.530251741409301758e+00,1.763329982757568359e+00
1.218976974487304688e+00,4.498500347137451172e+00
1.765584707260131836e+00,1.042804431915283203e+01
2.315427303314208984e+00,1.513062763214111328e+01
2.399601459503173828e+00,1.545659732818603516e+01
2.543775320053100586e+00,1.471890449523925781e+01
2.100190639495849609e+00,1.556104755401611328e+01
2.621827125549316406e+00,1.501106739044189453e+01
1.027925252914428711e+00,1.641571521759033203e+00
1.423920512199401855e+00,1.544147014617919922e+00
1.318340063095092773e+00,2.526722431182861328e+00
1.356873989105224609e+00,4.853191971778869629e-01
2.048580408096313477e+00,8.112070083618164062e+00
1.069920420646667480e+00,2.823297977447509766e-01
1.864752411842346191e+00,8.044886589050292969e+00
2.043291091918945312e+00,1.494527816772460938e+01
1.024713158607482910e+00,2.142872095108032227e+00
2.445700407028198242e+00,8.365067481994628906e+00
1.466278791427612305e+00,2.716247320175170898e+00
2.019197940826416016e+00,2.881388187408447266e+00
1.688799619674682617e+00,1.593330001831054688e+01
1.845847845077514648e+00,1.581771755218505859e+01
2.497042179107666016e+00,7.525099277496337891e+00
2.052250146865844727e+00,1.575051975250244141e+01
2.956126451492309570e+00,1.184701061248779297e+01
2.221684694290161133e+00,1.917511701583862305e+00
2.063428640365600586e+00,1.567181491851806641e+01
1.647879123687744141e+00,8.280710220336914062e+00
1.729586601257324219e+00,1.509701490402221680e+00
2.185357332229614258e+00,1.567002487182617188e+01
5.914402604103088379e-01,7.874605059623718262e-01
1.975742340087890625e+00,1.567914390563964844e+01
2.845326900482177734e+00,1.443224525451660156e+01
1.437792778015136719e+00,1.596890640258789062e+01
1.865140914916992188e+00,1.543076133728027344e+01
1.962987661361694336e+00,1.573817253112792969e+01
2.308192014694213867e+00,1.370276355743408203e+01
2.125562429428100586e+00,1.116960811614990234e+01
2.155998945236206055e+00,1.552037334442138672e+01
2.533777952194213867e+00,1.174103260040283203e+01
1.894165277481079102e+00,1.574024772644042969e+01
8.656968474388122559e-01,6.400181293487548828e+00
1.643232345581054688e+00,5.042691707611083984e+00
1.821646332740783691e+00,1.470293617248535156e+01
1.728440403938293457e+00,8.773518562316894531e+00
1.630155324935913086e+00,6.133689403533935547e+00
2.007594585418701172e+00,1.568339061737060547e+01
2.395899534225463867e+00,8.537154197692871094e+00
6.698980331420898438e-01,1.921104192733764648e+00
1.026602029800415039e+00,1.409054636955261230e+00
2.150317907333374023e+00,6.084395885467529297e+00
2.835603237152099609e+00,1.335310077667236328e+01
2.711999893188476562e+00,1.202969837188720703e+01
2.036406755447387695e+00,8.045800209045410156e+00
4.820773601531982422e-01,4.450214803218841553e-01
2.649134874343872070e+00,1.531925296783447266e+01
5.950050950050354004e-01,2.731272280216217041e-01
1.729230999946594238e+00,1.588303470611572266e+01
1.497822284698486328e+00,9.579541683197021484e-01
5.811959505081176758e-01,2.787520587444305420e-01
1.397845387458801270e+00,9.899422645568847656e+00
1.774020195007324219e+00,1.597579956054687500e+01
2.307310819625854492e+00,7.578287601470947266e+00
1.045528769493103027e+00,8.361885070800781250e+00
1.529472589492797852e+00,9.250171184539794922e-01
1.795759439468383789e+00,1.587408161163330078e+01
1.685044288635253906e+00,1.473943471908569336e+00
1.186299324035644531e+00,1.044980406761169434e+00
1.539747476577758789e+00,1.599317169189453125e+01
1.689489841461181641e+00,1.592163753509521484e+01
1.458325386047363281e+00,1.603334426879882812e+01
1.411535263061523438e+00,1.596079158782958984e+01
2.018560171127319336e+00,4.644327163696289062e+00
1.495464086532592773e+00,5.812096595764160156e-01
1.953797459602355957e+00,1.341557693481445312e+01
1.683372735977172852e+00,4.920557022094726562e+00
1.205914139747619629e+00,1.232918500900268555e+00
2.021755933761596680e+00,7.711499691009521484e+00
1.511893272399902344e+00,1.598191452026367188e+01
1.448260545730590820e+00,1.602365493774414062e+01
1.151981830596923828e+00,7.445579767227172852e-01
1.682282209396362305e+00,1.595358467102050781e+01
1.733078956604003906e+00,1.643186450004577637e+00
1.301584959030151367e+00,8.585968017578125000e-01
1.723257303237915039e+00,1.322838115692138672e+01
8.375052809715270996e-01,4.661041200160980225e-01
1.484194755554199219e+00,1.343832254409790039e+00
2.233808994293212891e+00,1.315914821624755859e+01
1.969381570816040039e+00,1.550063514709472656e+01
1.026783466339111328e+00,3.221916675567626953e+00
1.621358990669250488e+00,1.898226022720336914e+00
1.738520622253417969e+00,5.954379558563232422e+00
1.821938157081604004e+00,1.583539104461669922e+01
1.886377334594726562e+00,4.350335597991943359e+00
2.021667003631591797e+00,1.568776130676269531e+01
1.968444705009460449e+00,1.019758892059326172e+01
1.026379823684692383e+00,1.781764626502990723e+00
1.892075061798095703e+00,1.589776515960693359e+01
1.165006875991821289e+00,8.597097992897033691e-01
1.831245660781860352e+00,5.243729114532470703e+00
9.344067573547363281e-01,2.420684397220611572e-01
2.568572759628295898e+00,6.202096939086914062e+00
1.655114173889160156e+00,1.579972934722900391e+01
1.274556159973144531e+00,1.786377906799316406e+00
1.667351245880126953e+00,1.179098892211914062e+01
1.662638664245605469e+00,6.847212314605712891e+00
6.597709059715270996e-01,1.050190448760986328e+00
1.411519765853881836e+00,4.055249691009521484e+00
2.271384477615356445e+00,4.033236980438232422e+00
1.559236288070678711e+00,3.773776531219482422e+00
2.562799692153930664e+00,1.498313140869140625e+01
2.253955841064453125e+00,1.554704189300537109e+01
2.190041780471801758e+00,9.767559051513671875e+00
2.450696229934692383e+00,1.411748504638671875e+01
2.069922685623168945e+00,8.225370407104492188e+00
1.479823231697082520e+00,1.597030448913574219e+01
1.985341072082519531e+00,8.210943222045898438e+00
1.993032097816467285e+00,1.577822399139404297e+01
1.475012063980102539e+00,6.558631420135498047e+00
1.944356918334960938e+00,1.575007534027099609e+01
1.498050451278686523e+00,8.955562710762023926e-01
2.276762008666992188e+00,8.569643020629882812e+00
1.706857204437255859e+00,1.588988208770751953e+01
1.157264232635498047e+00,9.671988487243652344e+00
1.327447175979614258e+00,2.110212087631225586e+00
1.788562893867492676e+00,1.564473915100097656e+01
1.792933225631713867e+00,4.691689968109130859e+00
2.702759027481079102e+00,1.453670120239257812e+01
2.327891111373901367e+00,1.522188949584960938e+01
2.429939508438110352e+00,2.298992156982421875e+00
2.746242761611938477e+00,8.358233451843261719e+00
7.153609991073608398e-01,2.053240537643432617e+00
1.444441795349121094e+00,1.180068492889404297e+00
1.948780417442321777e+00,1.527773952484130859e+01
1.264282345771789551e+00,1.844239473342895508e+00
2.329077243804931641e+00,1.238748168945312500e+01
1.704187393188476562e+00,1.592021274566650391e+01
2.409957885742187500e+00,5.899904251098632812e+00
1.727796316146850586e+00,4.469704151153564453e+00
2.112416744232177734e+00,1.566287899017333984e+01
1.885540723800659180e+00,1.414800262451171875e+01
2.465799808502197266e+00,1.072739124298095703e+01
1.408537387847900391e+00,1.601749610900878906e+01
8.192290663719177246e-01,3.177827298641204834e-01
1.810394167900085449e+00,7.170549869537353516e+00
2.008238554000854492e+00,1.580036067962646484e+01
9.944931864738464355e-01,4.527658820152282715e-01
1.682180404663085938e+00,1.590215873718261719e+01
1.943372964859008789e+00,3.207479000091552734e+00
1.074140906333923340e+00,1.616790413856506348e+00
1.166975378990173340e+00,7.848063707351684570e-01
1.813647985458374023e+00,4.671965122222900391e+00
1.843946695327758789e+00,1.438028240203857422e+01
2.128197431564331055e+00,1.142763805389404297e+01
9.780094027519226074e-01,3.328953742980957031e+00
2.022409439086914062e+00,9.776966094970703125e+00
2.363110303878784180e+00,1.515241241455078125e+01
1.925447940826416016e+00,2.887987613677978516e+00
1.076870441436767578e+00,1.625481605529785156e+00
1.391257762908935547e+00,4.183753013610839844e+00
1.638693809509277344e+00,1.585071945190429688e+01
1.605994224548339844e+00,1.600329589843750000e+01
1.963352560997009277e+00,1.576316833496093750e+01
1.514077425003051758e+00,1.753383636474609375e+00
2.166923999786376953e+00,1.561609458923339844e+01
1.858669281005859375e+00,1.574646377563476562e+01
8.698378801345825195e-01,4.685904383659362793e-01
1.045284509658813477e+00,1.174512386322021484e+00
2.781826734542846680e+00,9.818024635314941406e+00
1.558102369308471680e+00,1.594583988189697266e+01
1.141326189041137695e+00,9.067759513854980469e-01
9.760379195213317871e-01,8.933691978454589844e+00
1.712651371955871582e+00,3.094043254852294922e+00
9.215973019599914551e-01,1.420351564884185791e-01
1.656166791915893555e+00,1.777347803115844727e+00
1.358273029327392578e+00,3.620378375053405762e-01
2.230112314224243164e+00,1.558985614776611328e+01
2.065574884414672852e+00,5.245310306549072266e+00
9.258757829666137695e-01,1.901362419128417969e+00
1.539913892745971680e+00,3.549340069293975830e-01
2.422145128250122070e+00,1.174297428131103516e+01
2.284046649932861328e+00,1.443815422058105469e+01
2.680818557739257812e+00,1.468042850494384766e+01
1.962549686431884766e+00,1.395002841949462891e+01
9.877420067787170410e-01,8.224449157714843750e+00
2.239505529403686523e+00,5.123294353485107422e+00
2.677193641662597656e+00,1.205480861663818359e+01
2.254954099655151367e+00,8.201869010925292969e+00
2.576238632202148438e+00,6.397462844848632812e+00
2.098953485488891602e+00,6.653738498687744141e+00
2.228132486343383789e+00,1.564057731628417969e+01
2.238627195358276367e+00,1.531471252441406250e+01
2.386919498443603516e+00,1.463136863708496094e+01
1.668557643890380859e+00,1.598100566864013672e+01
1.668483138084411621e+00,4.514795780181884766e+00
1.265194416046142578e+00,4.414386451244354248e-01
2.123663425445556641e+00,1.481215095520019531e+01
1.592190980911254883e+00,9.806620597839355469e+00
2.476150989532470703e+00,3.260142326354980469e+00
1.394004106521606445e+00,6.130109786987304688e+00
2.043120861053466797e+00,1.506843280792236328e+01
2.145338535308837891e+00,1.550064659118652344e+01
1.918821334838867188e+00,1.186961269378662109e+01
8.762751221656799316e-01,3.530212402343750000e+00
9.613997340202331543e-01,3.396689653396606445e+00
2.476768016815185547e+00,1.280287456512451172e+01
2.275281906127929688e+00,1.038327026367187500e+01
1.405871391296386719e+00,2.062521219253540039e+00
1.886136889457702637e+00,6.880756378173828125e+00
2.288414239883422852e+00,6.172028064727783203e+00
3.043295621871948242e+00,4.384396076202392578e+00
2.157854795455932617e+00,5.225089550018310547e+00
1.866425752639770508e+00,1.459979295730590820e+00
2.049604177474975586e+00,7.530632972717285156e+00
9.614025950431823730e-01,1.209166646003723145e+00
1.443921804428100586e+00,6.957600593566894531e+00
2.084251403808593750e+00,1.131437587738037109e+01
1.153058052062988281e+00,4.353891015052795410e-01
1.308014392852783203e+00,8.522853851318359375e-01
6.265970468521118164e-01,1.204246997833251953e+00
2.663060426712036133e+00,1.274077033996582031e+01
6.671674847602844238e-01,9.828878641128540039e-01
1.558167695999145508e+00,1.087328243255615234e+01
2.030110597610473633e+00,2.190556287765502930e+00
1.615428566932678223e+00,1.593031311035156250e+01
1.151324033737182617e+00,3.852629661560058594e+00
2.281588792800903320e+00,4.282741546630859375e+00
2.269374132156372070e+00,9.760468482971191406e+00
1.189260482788085938e+00,2.617281675338745117e+00
2.521222114562988281e+00,1.468987655639648438e+01
1.832244157791137695e+00,1.586563205718994141e+01
1.492318868637084961e+00,1.519868946075439453e+01
1.863039255142211914e+00,1.573474025726318359e+01
1.622608423233032227e+00,7.669505596160888672e+00
1.523912906646728516e+00,1.562201023101806641e+01
1.673326373100280762e+00,1.452069759368896484e+01
1.319223046302795410e+00,1.126896858215332031e+00
1.735225439071655273e+00,3.411565065383911133e+00
2.577416658401489258e+00,1.518513965606689453e+01
2.163826704025268555e+00,1.564021873474121094e+01
1.189006090164184570e+00,8.305256843566894531e+00
2.423228025436401367e+00,1.482056045532226562e+01
1.822677850723266602e+00,1.582165336608886719e+01
1.977304458618164062e+00,1.564961433410644531e+01
1.881858229637145996e+00,8.084483146667480469e+00
2.317346572875976562e+00,1.538688850402832031e+01
2.133533954620361328e+00,1.559890651702880859e+01
1.766110777854919434e+00,3.088429212570190430e+00
1.565096855163574219e+00,1.618581414222717285e+00
1.100376009941101074e+00,7.375027179718017578e+00
1.433853864669799805e+00,2.309779644012451172e+00
1.034481763839721680e+00,6.073964834213256836e-01
1.374778509140014648e+00,1.619969248771667480e+00
2.257660388946533203e+00,1.388156986236572266e+01
1.840538263320922852e+00,1.680318951606750488e+00
2.467366456985473633e+00,1.425568199157714844e+01
2.289000749588012695e+00,1.288624858856201172e+01
1.070865035057067871e+00,9.957084059715270996e-02
1.884600996971130371e+00,1.559173774719238281e+01
1.964080810546875000e+00,1.574260330200195312e+01
9.544259905815124512e-01,5.259828567504882812e+00
1.629320502281188965e+00,1.073578166961669922e+01
1.265686392784118652e+00,2.293685197830200195e+00
1.624222874641418457e+00,1.596874332427978516e+01
1.506263017654418945e+00,1.869212150573730469e+00
1.032869815826416016e+00,5.933660864830017090e-01
5.414692163467407227e-01,1.241888523101806641e+00
1.549220323562622070e+00,4.670814514160156250e+00
6.233184933662414551e-01,2.234934121370315552e-01
1.539428949356079102e+00,8.723939895629882812e+00
1.022888422012329102e+00,1.075334787368774414e+00
2.395089864730834961e+00,2.836688995361328125e+00
1.054927706718444824e+00,2.203022003173828125e+00
1.334631323814392090e+00,5.712808132171630859e+00
1.756507635116577148e+00,1.573644065856933594e+01
1.242094486951828003e-01,-1.265270709991455078e-01
2.474245309829711914e+00,5.839029788970947266e+00
1.516381263732910156e+00,1.014041614532470703e+01
1.043928980827331543e+00,3.704331159591674805e+00
1.337874650955200195e+00,2.309292554855346680e+00
2.553187608718872070e+00,1.458146953582763672e+01
1.164426922798156738e+00,3.879514217376708984e+00
1.466424226760864258e+00,7.745943546295166016e+00
2.393111467361450195e+00,1.467620944976806641e+01
2.001852035522460938e+00,1.555801677703857422e+01
1.848380565643310547e+00,9.397189140319824219e+00
4.909603297710418701e-01,2.235387563705444336e+00
1.826087713241577148e+00,1.714463949203491211e+00
1.614927768707275391e+00,4.274024963378906250e+00
2.674721002578735352e+00,5.678523063659667969e+00
1.825388669967651367e+00,1.593280887603759766e+01
1.003614187240600586e+00,6.664039134979248047e+00
1.235482931137084961e+00,2.979030132293701172e+00
1.321289062500000000e+00,2.350009918212890625e+00
1.828817844390869141e+00,1.543957519531250000e+01
1.664358139038085938e+00,1.596817398071289062e+01
1.221695780754089355e+00,9.274972915649414062e+00
1.768513798713684082e+00,6.796118259429931641e+00
1.616087317466735840e+00,1.595421695709228516e+01
2.146211385726928711e+00,1.516780948638916016e+01
1.088052272796630859e+00,1.702767491340637207e+00
1.850925445556640625e+00,1.588453865051269531e+01
1.603373765945434570e+00,1.332495117187500000e+01
1.052893042564392090e+00,2.043096303939819336e+00
1.687090158462524414e+00,9.307495355606079102e-01
1.500655412673950195e+00,9.806233644485473633e-01
1.421550512313842773e+00,7.356544494628906250e+00
1.907147526741027832e+00,1.359303760528564453e+01
2.107633829116821289e+00,8.590836524963378906e+00
2.071361780166625977e+00,1.560501384735107422e+01
4.373438060283660889e-01,3.264953196048736572e-01
1.983413457870483398e+00,1.572203922271728516e+01
1.048173427581787109e+00,4.872632980346679688e+00
1.981072664260864258e+00,5.595512866973876953e+00
1.452941417694091797e+00,1.628556489944458008e+00
1.834838271141052246e+00,1.293598842620849609e+01
1.666318893432617188e+00,1.597510147094726562e+01
2.068944931030273438e+00,1.507874202728271484e+01
2.676232814788818359e+00,6.320104122161865234e+00
1.045285940170288086e+00,8.783140182495117188e-01
9.849917888641357422e-01,9.496574997901916504e-01
1.137696504592895508e+00,9.446723461151123047e-01
2.581964254379272461e+00,1.156868743896484375e+01
2.051757574081420898e+00,9.547744750976562500e+00
1.829127669334411621e+00,1.584214401245117188e+01
1.391024827957153320e+00,9.942787289619445801e-01
2.155559778213500977e+00,5.676336765289306641e+00
2.174194812774658203e+00,8.495585441589355469e+00
2.493326425552368164e+00,1.486256694793701172e+01
1.941816449165344238e+00,1.042848014831542969e+01
1.879313945770263672e+00,6.210086345672607422e+00
1.605355501174926758e+00,1.024185466766357422e+01
1.984380006790161133e+00,2.966382026672363281e+00
2.138396978378295898e+00,8.237011909484863281e+00
2.362165927886962891e+00,9.683344841003417969e+00
1.888983011245727539e+00,1.582639503479003906e+01
1.806672096252441406e+00,1.587061882019042969e+01
1.884195685386657715e+00,2.594816207885742188e+00
9.178488850593566895e-01,1.082101464271545410e+00
1.880807876586914062e+00,1.588648700714111328e+01
1.638437747955322266e+00,1.595514106750488281e+01
2.025157928466796875e+00,1.581439590454101562e+01
2.343176603317260742e+00,1.531730842590332031e+01
1.783511877059936523e+00,4.627499580383300781e+00
1.203222036361694336e+00,3.526994884014129639e-01
2.092057943344116211e+00,1.111637210845947266e+01
1.724227666854858398e+00,1.601400566101074219e+01
1.825573205947875977e+00,1.591020488739013672e+01
2.041826248168945312e+00,1.580239963531494141e+01
1.183055877685546875e+00,2.883066654205322266e+00
2.703925848007202148e+00,1.510401535034179688e+01
1.905886411666870117e+00,6.329348087310791016e+00
1.055872082710266113e+00,6.498850584030151367e-01
1.397150278091430664e+00,2.548789024353027344e+00
2.460386514663696289e+00,1.159731960296630859e+01
1.947847604751586914e+00,1.583186721801757812e+01
1.610258698463439941e+00,4.455132007598876953e+00
1.825927615165710449e+00,1.586045360565185547e+01
1.560532569885253906e+00,7.584858417510986328e+00
2.198230743408203125e+00,1.559953689575195312e+01
2.410443067550659180e+00,1.445299816131591797e+01
2.204527139663696289e+00,5.418684005737304688e+00
1.594055771827697754e+00,9.610610961914062500e+00
2.130445957183837891e+00,1.548713588714599609e+01
1.572524309158325195e+00,1.596107864379882812e+01
1.291795730590820312e+00,5.388901829719543457e-01
1.853752970695495605e+00,8.831509590148925781e+00
2.306401014328002930e+00,1.546530055999755859e+01
1.958567142486572266e+00,4.577355861663818359e+00
2.355940103530883789e+00,7.635090351104736328e+00
1.695405244827270508e+00,1.596304225921630859e+01
1.778447151184082031e+00,1.588325214385986328e+01
2.200379133224487305e+00,8.205451965332031250e+00
1.835194349288940430e+00,1.589672756195068359e+01
1.856408119201660156e+00,1.372998142242431641e+01
9.666585922241210938e-01,2.619032859802246094e+00
1.750049948692321777e+00,1.591034603118896484e+01
2.532493829727172852e+00,1.399808502197265625e+01
1.447245121002197266e+00,5.891438961029052734e+00
2.020989179611206055e+00,1.568518543243408203e+01
8.524142503738403320e-01,3.494888305664062500e+00
2.784534215927124023e+00,1.150573062896728516e+01
2.285515785217285156e+00,1.559827518463134766e+01
9.927101731300354004e-01,1.239035224914550781e+01
1.952216863632202148e+00,1.582945728302001953e+01
2.101577043533325195e+00,1.565590286254882812e+01
2.918511629104614258e+00,1.470332050323486328e+01
1.719320893287658691e+00,1.597307872772216797e+01
1.237588405609130859e+00,3.532234668731689453e+00
9.308213591575622559e-01,6.626304149627685547e+00
2.663238286972045898e+00,1.292337131500244141e+01
1.121420621871948242e+00,4.196612834930419922e+00
1.559494733810424805e+00,4.945401668548583984e+00
1.941059827804565430e+00,3.561553478240966797e+00
2.039831161499023438e+00,1.163162803649902344e+01
1.155485153198242188e+00,7.064540386199951172e+00
1.496798634529113770e+00,6.348137259483337402e-01
1.572867870330810547e+00,3.109262704849243164e+00
1.538749098777770996e+00,1.604210281372070312e+01
1.567440748214721680e+00,1.588736915588378906e+01
2.542615890502929688e+00,1.283909034729003906e+01
1.560092926025390625e+00,1.142488574981689453e+01
1.989927172660827637e+00,1.576653957366943359e+01
2.077038526535034180e+00,8.195529937744140625e+00
1.369139552116394043e+00,7.188760042190551758e-01
6.619256734848022461e-01,3.536522090435028076e-01
1.648836851119995117e+00,5.879017353057861328e+00
1.768650174140930176e+00,3.963433265686035156e+00
1.633287668228149414e+00,6.089804172515869141e+00
1.967494130134582520e+00,2.906574726104736328e+00
9.636695981025695801e-01,3.305807411670684814e-01
2.544969081878662109e+00,8.818617820739746094e+00
2.738705277442932129e-01,1.918897151947021484e+00
1.867963314056396484e+00,5.482599735260009766e+00
1.750000000000000000e+00,6.030514836311340332e-01
1.383642911911010742e+00,7.366307973861694336e-01
1.000866651535034180e+00,1.207073807716369629e+00
2.145194292068481445e+00,1.561788558959960938e+01
1.937540888786315918e+00,1.523628330230712891e+01
1.506312370300292969e+00,2.087044715881347656e+00
1.509003043174743652e+00,6.002464771270751953e+00
6.748127341270446777e-01,1.098993062973022461e+00
1.484147071838378906e+00,2.611773967742919922e+00
1.122467041015625000e+00,1.165654182434082031e+00
1.678445219993591309e+00,4.488484382629394531e+00
2.588187456130981445e+00,1.536088085174560547e+01
2.058353424072265625e+00,8.931317329406738281e+00
1.894482970237731934e+00,1.755613386631011963e-01
2.665373563766479492e+00,1.453330135345458984e+01
7.140522599220275879e-01,7.556539773941040039e-02
2.249991655349731445e+00,1.553833961486816406e+01
1.272442936897277832e+00,1.605837821960449219e+01
1.829392194747924805e+00,1.483777332305908203e+01
2.770135641098022461e+00,1.439235973358154297e+01
2.171345233917236328e+00,8.209660530090332031e+00
1.534192085266113281e+00,4.346329689025878906e+00
2.489799499511718750e+00,1.514033222198486328e+01
2.083395242691040039e+00,1.176282596588134766e+01
1.807277917861938477e+00,1.593843746185302734e+01
1.579782247543334961e+00,3.772486686706542969e+00
1.415468811988830566e+00,7.408531665802001953e+00
2.186148166656494141e+00,1.168995857238769531e+01
1.139933586120605469e+00,6.544269323348999023e-01
2.354249238967895508e+00,5.130099773406982422e+00
1.901813745498657227e+00,1.211439037322998047e+01
2.160999774932861328e+00,3.295170307159423828e+00
1.403480172157287598e+00,1.307505130767822266e+00
1.315605163574218750e+00,6.942935943603515625e+00
1.777904629707336426e+00,4.448304653167724609e+00
2.161390066146850586e+00,8.789667129516601562e+00
1.539355516433715820e+00,5.111509799957275391e+00
2.050070524215698242e+00,4.489614963531494141e+00
1.932920455932617188e+00,1.560986900329589844e+01
1.920741796493530273e+00,1.580549144744873047e+01
1.066698908805847168e+00,7.228484153747558594e-01
2.406012773513793945e+00,1.520372676849365234e+01
2.226340055465698242e+00,9.548932075500488281e+00
1.677927732467651367e+00,1.554108428955078125e+01
1.612915992736816406e+00,5.190731883049011230e-01
2.015120744705200195e+00,1.565827846527099609e+01
2.110665559768676758e+00,1.186253070831298828e+01
2.953527212142944336e+00,1.079543018341064453e+01
1.126694679260253906e+00,2.510313987731933594e+00
1.529684782028198242e+00,4.820461273193359375e+00
7.536199688911437988e-01,7.265946865081787109e-01
1.884331464767456055e+00,1.574295425415039062e+01
2.641849756240844727e+00,1.437937927246093750e+01
1.687032580375671387e+00,8.379410505294799805e-01
1.426774501800537109e+00,1.408545374870300293e+00
1.221239566802978516e+00,4.055041790008544922e+00
1.072774648666381836e+00,1.615975570678710938e+01
2.210432767868041992e+00,1.567023658752441406e+01
1.682751178741455078e+00,1.590228748321533203e+01
1.988116741180419922e+00,1.575587558746337891e+01
1.428028345108032227e+00,5.290436744689941406e+00
1.867884635925292969e+00,8.445232391357421875e+00
1.709714889526367188e+00,1.592470645904541016e+01
1.046252250671386719e+00,4.176374971866607666e-01
1.976434230804443359e+00,1.583513355255126953e+01
2.189959526062011719e+00,7.666254997253417969e+00
2.345870018005371094e+00,1.419633102416992188e+01
2.245880365371704102e+00,1.260201930999755859e+01
1.536054372787475586e+00,1.368990421295166016e+01
5.194644927978515625e-01,-3.959037661552429199e-01
1.032883286476135254e+00,1.171200275421142578e+00
1.571252942085266113e+00,1.511767625808715820e+00
1.856772780418395996e+00,5.786399841308593750e+00
1.674320936203002930e+00,1.587669086456298828e+01
2.057527065277099609e+00,1.209379005432128906e+01
9.325245022773742676e-01,2.247489690780639648e+00
1.159973144531250000e+00,3.531003296375274658e-01
2.235938072204589844e+00,1.545409488677978516e+01
1.501023769378662109e+00,1.356441020965576172e+00
1.088086366653442383e+00,2.966898381710052490e-01
1.203364849090576172e+00,5.711632370948791504e-01
1.812111377716064453e+00,6.289111614227294922e+00
1.705855965614318848e+00,1.590486049652099609e+01
9.590615034103393555e-01,4.637945175170898438e+00
1.963781714439392090e+00,1.578725528717041016e+01
1.385749816894531250e+00,5.900017023086547852e-01
2.080774545669555664e+00,1.568575572967529297e+01
2.489777654409408569e-01,6.095141172409057617e-02
1.624458789825439453e+00,3.606663465499877930e+00
1.731772184371948242e+00,1.589649677276611328e+01
1.468055844306945801e+00,9.628341197967529297e-01
2.954854726791381836e+00,7.653010845184326172e+00
2.200097560882568359e+00,1.557680702209472656e+01
2.794010639190673828e+00,1.281256675720214844e+01
2.047335624694824219e+00,1.570224380493164062e+01
1.325811028480529785e+00,4.946730136871337891e+00
1.639370918273925781e+00,9.343386292457580566e-01
2.802316904067993164e+00,1.453742980957031250e+01
1.444819211959838867e+00,5.950788855552673340e-01
9.598644971847534180e-01,6.044300794601440430e-01
1.826169252395629883e+00,1.158868885040283203e+01
1.903641939163208008e+00,9.154647827148437500e+00
1.935431957244873047e+00,1.264099121093750000e+01
1.392287731170654297e+00,2.732790946960449219e+00
1.663623571395874023e+00,1.230902194976806641e+00
1.766427278518676758e+00,1.588245773315429688e+01
1.328167796134948730e+00,4.790731906890869141e+00
1.922003865242004395e+00,1.589309501647949219e+01
2.235720872879028320e+00,1.506023979187011719e+01
1.124983310699462891e+00,2.548923015594482422e+00
1.726696014404296875e+00,1.589280223846435547e+01
1.762911081314086914e+00,6.461393356323242188e+00
2.059787988662719727e+00,1.573758029937744141e+01
1.523528456687927246e+00,1.608242797851562500e+01
1.889970779418945312e+00,1.582824993133544922e+01
1.809037685394287109e+00,4.778277397155761719e+00
1.312248945236206055e+00,3.787127733230590820e+00
2.380587339401245117e+00,1.267944908142089844e+01
1.859322786331176758e+00,1.001369667053222656e+01
1.469201803207397461e+00,9.372708797454833984e-01
1.940530538558959961e+00,6.633211612701416016e+00
1.605674028396606445e+00,3.369668722152709961e+00
2.181497812271118164e+00,1.053253936767578125e+01
9.748247265815734863e-01,3.460255146026611328e+00
1.545694351196289062e+00,4.539450645446777344e+00
1.190252780914306641e+00,4.137630939483642578e+00
2.273254156112670898e+00,7.116411685943603516e+00
1.702188968658447266e+00,7.428781986236572266e-01
2.199812412261962891e+00,1.516134929656982422e+01
1.889564633369445801e+00,6.413178443908691406e+00
3.053304910659790039e+00,1.186842536926269531e+01
9.227272868156433105e-01,1.519561171531677246e+00
5.804031491279602051e-01,-4.945902153849601746e-03
1.299189805984497070e+00,1.751597166061401367e+00
1.831116914749145508e+00,3.630971431732177734e+00
1.139434814453125000e+00,1.737131118774414062e+00
1.415021896362304688e+00,5.138038635253906250e+00
2.110748529434204102e+00,1.550111579895019531e+01
3.195730447769165039e+00,1.170198917388916016e+01
8.135566115379333496e-01,5.618207454681396484e-01
1.003928542137145996e+00,5.166862010955810547e-01
2.555609464645385742e+00,7.447481632232666016e+00
9.082646965980529785e-01,1.953224539756774902e-01
1.522623300552368164e+00,1.078224062919616699e+00
2.232836246490478516e+00,1.546091270446777344e+01
1.830684304237365723e+00,1.572524261474609375e+01
1.549292564392089844e+00,1.606022262573242188e+01
1.623422265052795410e+00,5.591267108917236328e+00
2.033445119857788086e+00,1.578674697875976562e+01
1.867000579833984375e+00,7.315825939178466797e+00
1.870801925659179688e+00,9.816501617431640625e+00
1.763978242874145508e+00,1.594084453582763672e+01
1.306831479072570801e+00,1.275275468826293945e+00
2.388273477554321289e+00,9.918426513671875000e+00
2.938192605972290039e+00,8.611316680908203125e+00
1.140145897865295410e+00,1.327716946601867676e+00
1.615806221961975098e+00,1.597609996795654297e+01
2.128809213638305664e+00,1.252440357208251953e+01
1.077736377716064453e+00,6.656230688095092773e-01
1.787882089614868164e+00,9.090119361877441406e+00
1.776064157485961914e+00,1.974316477775573730e+00
8.410309553146362305e-01,5.074877142906188965e-01
1.896090745925903320e+00,7.870310783386230469e+00
2.189139604568481445e+00,1.555496025085449219e+01
1.750980257987976074e+00,4.925177097320556641e+00
1.440977334976196289e+00,1.418062806129455566e+00
1.988245487213134766e+00,1.270440006256103516e+01
1.176061391830444336e+00,5.779893398284912109e-01
2.284005403518676758e+00,1.547820377349853516e+01
9.188771843910217285e-01,2.527787387371063232e-01
2.508664131164550781e+00,1.493168544769287109e+01
2.460979670286178589e-01,-8.005499839782714844e-01
9.832630157470703125e-01,5.214506387710571289e-01
8.283255696296691895e-01,-9.886613488197326660e-02
2.210282087326049805e+00,1.558593082427978516e+01
5.739172101020812988e-01,4.044374942779541016e+00
1.788511276245117188e+00,1.008660793304443359e+01
8.495309948921203613e-01,1.236054420471191406e+00
1.923715114593505859e+00,1.574014282226562500e+01
2.553542375564575195e+00,1.315927219390869141e+01
2.285228729248046875e+00,5.912031650543212891e+00
8.789547085762023926e-01,-6.527006626129150391e-02
1.680620551109313965e+00,6.498425960540771484e+00
2.306633234024047852e+00,9.080924034118652344e+00
2.865635156631469727e-01,3.840094804763793945e-02
2.501796960830688477e+00,1.113978672027587891e+01
1.897021532058715820e+00,1.592987632751464844e+01
1.827809095382690430e+00,1.592256355285644531e+01
1.499109268188476562e+00,1.592417812347412109e+01
2.652414083480834961e+00,1.443170642852783203e+01
2.273027420043945312e+00,6.724712848663330078e+00
1.487098693847656250e+00,4.116320133209228516e+00
2.069437742233276367e+00,1.386391162872314453e+01
3.568105101585388184e-01,-3.062937557697296143e-01
1.882256388664245605e+00,9.715314865112304688e+00
2.537879467010498047e+00,1.428188896179199219e+01
1.944159388542175293e+00,8.798436164855957031e+00
9.849691987037658691e-01,1.406705856323242188e+00
1.987005710601806641e+00,9.107759475708007812e+00
1.034108638763427734e+00,1.144454479217529297e+00
1.303176879882812500e+00,3.180771589279174805e+00
2.490934610366821289e+00,1.241239070892333984e+01
1.244919776916503906e+00,1.297479867935180664e+00
1.881279468536376953e+00,1.587146377563476562e+01
9.759595990180969238e-01,9.995963573455810547e-01
2.476547002792358398e+00,1.276767635345458984e+01
1.215520143508911133e+00,2.999377727508544922e+00
1.167646288871765137e+00,3.982065320014953613e-01
2.260812044143676758e+00,1.447768878936767578e+01
1.311885595321655273e+00,2.693617343902587891e+00
1.600219964981079102e+00,1.592913627624511719e+01
1.878146171569824219e+00,1.577592182159423828e+01
1.616131782531738281e+00,1.597738933563232422e+01
2.151686429977416992e+00,1.090530633926391602e+00
2.182936429977416992e+00,1.666428804397583008e+00
2.287426710128784180e+00,1.556565761566162109e+01
2.043275833129882812e+00,1.574638271331787109e+01
1.963969469070434570e+00,1.402707195281982422e+01
6.471770405769348145e-01,2.211790829896926880e-01
8.911976814270019531e-01,3.809922039508819580e-01
1.924222826957702637e+00,1.257874679565429688e+01
2.089603185653686523e+00,1.452411937713623047e+01
1.767405390739440918e+00,8.611456871032714844e+00
1.122560739517211914e+00,2.001254558563232422e-01
1.829693555831909180e+00,1.586435890197753906e+01
1.869523048400878906e+00,5.308703422546386719e+00
2.063266515731811523e+00,1.553144168853759766e+01
1.809576630592346191e+00,1.392917251586914062e+01
1.323692679405212402e+00,4.698757231235504150e-01
1.435285091400146484e+00,2.532945871353149414e+00
2.666130065917968750e+00,9.948002815246582031e+00
1.302811026573181152e+00,1.133216977119445801e+00
1.126704454421997070e+00,1.860273241996765137e+00
1.587208032608032227e+00,3.150538682937622070e+00
2.066842317581176758e+00,1.007038974761962891e+01
1.872175931930541992e+00,2.073538303375244141e+00
1.436011433601379395e+00,1.607224082946777344e+01
1.722730159759521484e+00,4.156918048858642578e+00
2.014186382293701172e+00,9.015547752380371094e+00
1.851186871528625488e+00,4.104705333709716797e+00
2.735300540924072266e+00,1.338406276702880859e+01
1.409614562988281250e+00,1.603302383422851562e+01
1.246251821517944336e+00,7.551337718963623047e+00
6.927617192268371582e-01,1.451738476753234863e-01
1.267781138420104980e+00,5.045362114906311035e-01
3.144293427467346191e-01,1.308133304119110107e-01
1.091677904129028320e+00,5.624737739562988281e-01
2.121473073959350586e+00,4.728978157043457031e+00
2.305162668228149414e+00,1.529100131988525391e+01
2.047890663146972656e+00,2.043977260589599609e+00
2.000909566879272461e+00,1.576769447326660156e+01
1.925063133239746094e+00,1.589269065856933594e+01
1.631345033645629883e+00,4.505863189697265625e+00
1.665384888648986816e+00,1.585813045501708984e+01
2.285623311996459961e+00,9.505784034729003906e+00
1.684572219848632812e+00,6.495548725128173828e+00
2.097430229187011719e+00,4.840971946716308594e+00
1.034151673316955566e+00,8.024767637252807617e-01
1.253039479255676270e+00,2.135830163955688477e+00
1.790448069572448730e+00,3.400215506553649902e-02
2.658077716827392578e+00,1.300693798065185547e+01
1.406418561935424805e+00,1.611939239501953125e+01
8.723170757293701172e-01,5.199083685874938965e-01
2.521443843841552734e+00,7.080701828002929688e+00
2.268817424774169922e+00,1.556759262084960938e+01
2.138518571853637695e+00,1.571444416046142578e+01
1.940562963485717773e+00,1.576706218719482422e+01
2.041654825210571289e+00,1.574019908905029297e+01
8.597699999809265137e-01,6.420962810516357422e+00
1.417026638984680176e+00,1.811825156211853027e+00
1.740696191787719727e+00,2.428501248359680176e-01
1.395054101943969727e+00,4.986901283264160156e+00
2.035969972610473633e+00,3.996945381164550781e+00
1.909609317779541016e+00,1.585789394378662109e+01
9.357008934020996094e-01,1.797585487365722656e+00
2.265051603317260742e+00,8.514659881591796875e+00
1.816666126251220703e+00,1.582282447814941406e+01
1.739752888679504395e+00,1.577284526824951172e+01
2.010013818740844727e+00,2.868391990661621094e+00
2.469290018081665039e+00,1.071892166137695312e+01
2.106471776962280273e+00,1.558497714996337891e+01
1.968230605125427246e+00,1.571372222900390625e+01
1.574953198432922363e+00,1.596061992645263672e+01
1.854154586791992188e+00,7.354557991027832031e+00
2.790017843246459961e+00,1.282001399993896484e+01
1.884471893310546875e+00,1.587737560272216797e+01
1.668880462646484375e+00,1.597376728057861328e+01
1.894232273101806641e+00,6.877402782440185547e+00
1.371669054031372070e+00,3.087524890899658203e+00
4.702308177947998047e-01,3.816990852355957031e-01
1.295217514038085938e+00,1.395024776458740234e+00
2.035329580307006836e+00,1.569153213500976562e+01
1.794778704643249512e+00,6.709225177764892578e+00
1.811066627502441406e+00,3.125075340270996094e+00
1.925459384918212891e+00,1.570757770538330078e+01
8.083458542823791504e-01,2.572634458541870117e+00
1.418534517288208008e+00,1.601185607910156250e+01
1.256652951240539551e+00,5.833152532577514648e-01
2.239140272140502930e+00,9.309324264526367188e+00
1.539956331253051758e+00,1.410519957542419434e+00
1.279219627380371094e+00,1.515076279640197754e+00
9.600674510002136230e-01,5.577630400657653809e-01
1.464607238769531250e+00,6.924752712249755859e+00
1.884109616279602051e+00,1.574321556091308594e+01
1.432060956954956055e+00,2.658361673355102539e+00
2.476169109344482422e+00,7.342248439788818359e+00
1.243145704269409180e+00,2.896667957305908203e+00
1.421614170074462891e+00,5.434253215789794922e+00
1.174059152603149414e+00,5.750204563140869141e+00
2.090073585510253906e+00,1.374312305450439453e+01
1.909174680709838867e+00,9.992948532104492188e+00
1.636027574539184570e+00,1.592725944519042969e+01
1.644910693168640137e+00,1.307663917541503906e+00
1.863594770431518555e+00,1.405171489715576172e+01
1.511253237724304199e+00,9.572664499282836914e-01
2.191031217575073242e+00,4.926307678222656250e+00
2.102616548538208008e+00,9.935782432556152344e+00
2.370792150497436523e+00,1.530752468109130859e+01
1.480010986328125000e+00,7.337083339691162109e+00
2.232208490371704102e+00,6.581044197082519531e-01
1.740022301673889160e+00,1.865588188171386719e+00
2.133563041687011719e+00,1.229806423187255859e+01
2.718723535537719727e+00,7.548073291778564453e+00
1.310383319854736328e+00,7.713890075683593750e-01
2.462810754776000977e+00,1.217010974884033203e+01
1.381381988525390625e+00,3.363898992538452148e+00
6.757296919822692871e-01,3.454310894012451172e-01
1.204902291297912598e+00,1.468238711357116699e+00
1.666381597518920898e+00,1.446865797042846680e+00
1.754785418510437012e+00,7.997157573699951172e+00
2.016168832778930664e+00,1.381820106506347656e+01
2.050328016281127930e+00,7.691366672515869141e+00
9.608827829360961914e-01,2.611363887786865234e+00
1.967031240463256836e+00,7.207404613494873047e+00
1.867699265480041504e+00,1.584964942932128906e+01
1.089490652084350586e+00,4.462940394878387451e-01
2.097200155258178711e+00,1.320938587188720703e+00
7.538300156593322754e-01,2.364286184310913086e-01
1.580151081085205078e+00,1.489490985870361328e+00
2.441405534744262695e+00,1.450820350646972656e+01
1.729817867279052734e+00,1.093586540222167969e+01
1.109540462493896484e+00,2.018418073654174805e+00
1.387884140014648438e+00,2.901812076568603516e+00
1.360715150833129883e+00,3.332236707210540771e-01
2.603056907653808594e+00,1.521866512298583984e+01
9.781140685081481934e-01,1.027333855628967285e+00
3.354957997798919678e-01,-5.327377319335937500e-01
1.840482950210571289e+00,1.589753055572509766e+01
8.901680111885070801e-01,7.747771739959716797e-01
1.993878364562988281e+00,9.115559577941894531e+00
1.859779119491577148e+00,9.127853393554687500e+00
2.076587438583374023e+00,1.562473583221435547e+01
1.895233631134033203e+00,2.527818202972412109e+00
2.074248075485229492e+00,1.241872215270996094e+01
1.793717503547668457e+00,9.577604293823242188e+00
1.403215050697326660e+00,4.560502052307128906e+00
9.351719021797180176e-01,1.967588424682617188e+00
1.572644829750061035e+00,1.670289397239685059e+00
2.411356925964355469e+00,1.535127258300781250e+01
1.139285326004028320e+00,3.068293571472167969e+00
1.451259613037109375e+00,4.261359214782714844e+00
1.356028556823730469e+00,1.604028129577636719e+01
1.107795119285583496e+00,3.239139556884765625e+00
1.652130842208862305e+00,1.411184310913085938e+00
2.203889608383178711e+00,1.327322959899902344e+01
2.460840940475463867e+00,1.396685695648193359e+01
2.077089548110961914e+00,3.494163990020751953e+00
1.745728731155395508e+00,7.676963329315185547e+00
1.517039537429809570e+00,1.601004600524902344e+01
1.874628782272338867e+00,7.108158588409423828e+00
2.071662187576293945e+00,7.944440364837646484e+00
2.650825977325439453e+00,1.203212451934814453e+01
2.129285335540771484e+00,1.427534198760986328e+01
1.138475418090820312e+00,5.722841620445251465e-01
2.308180332183837891e+00,1.452090072631835938e+01
5.994827151298522949e-01,2.799960613250732422e+00
2.051719427108764648e+00,8.690794944763183594e+00
8.917471766471862793e-01,3.978267192840576172e+00
1.686331629753112793e+00,8.035438537597656250e+00
1.756736755371093750e+00,3.934188365936279297e+00
1.538616061210632324e+00,1.590412807464599609e+01
2.098676443099975586e+00,1.607231140136718750e+00
1.491625070571899414e+00,2.989286899566650391e+00
1.526156663894653320e+00,1.603164863586425781e+01
2.380831956863403320e+00,6.642610549926757812e+00
1.539870500564575195e+00,4.463360011577606201e-01
1.725109577178955078e+00,8.258151054382324219e+00
1.387925863265991211e+00,3.188647270202636719e+00
1.156666994094848633e+00,2.170643091201782227e+00
8.644036650657653809e-01,3.446013927459716797e+00
2.045401811599731445e+00,1.554460906982421875e+01
1.672715663909912109e+00,4.535313129425048828e+00
1.797348141670227051e+00,1.579218769073486328e+01
1.209746122360229492e+00,7.515037536621093750e+00
9.586640000343322754e-01,2.085953712463378906e+00
7.100986838340759277e-01,3.129333019256591797e+00
2.077500820159912109e+00,1.557463645935058594e+01
1.350090980529785156e+00,1.128286242485046387e+00
2.286877393722534180e+00,1.546792507171630859e+01
2.649527072906494141e+00,9.215570449829101562e+00
1.227049231529235840e+00,1.610965728759765625e+01
3.185802698135375977e+00,1.387800502777099609e+01
2.080709695816040039e+00,1.499861717224121094e+01
1.230475902557373047e+00,-2.179520577192306519e-01
6.147989034652709961e-01,4.234437048435211182e-01
2.447641134262084961e+00,1.524353885650634766e+01
1.982269048690795898e+00,1.504530620574951172e+01
1.686816692352294922e+00,1.477526426315307617e+00
6.903644204139709473e-01,9.363610267639160156e+00
1.805804729461669922e+00,1.581722354888916016e+01
8.820585608482360840e-01,1.343730211257934570e+00
2.037640810012817383e+00,1.237158489227294922e+01
2.529072523117065430e+00,1.291160488128662109e+01
1.572273612022399902e+00,2.635481595993041992e+00
1.995718359947204590e+00,7.708109855651855469e+00
2.783272266387939453e+00,1.485653209686279297e+01
1.082478880882263184e+00,2.753808498382568359e+00
2.013813257217407227e+00,1.491100978851318359e+01
9.012752771377563477e-01,2.527781963348388672e+00
2.283544540405273438e+00,1.429350757598876953e+01
1.474521398544311523e+00,7.215115070343017578e+00
1.914426326751708984e+00,1.570590496063232422e+01
2.460519075393676758e+00,9.183382987976074219e+00
2.283974409103393555e+00,1.051192569732666016e+01
1.530675411224365234e+00,5.953900814056396484e+00
1.824020385742187500e+00,1.579738426208496094e+01
1.725886464118957520e+00,1.583350086212158203e+01
1.867379665374755859e+00,1.582679367065429688e+01
1.521364927291870117e+00,1.602131843566894531e+01
2.369131803512573242e+00,1.521460342407226562e+01
1.929635524749755859e+00,1.577435302734375000e+01
1.381206035614013672e+00,1.948802709579467773e+00
1.729416012763977051e+00,1.589728164672851562e+01
1.240649819374084473e+00,2.862799353897571564e-02
1.830507040023803711e+00,1.592248725891113281e+01
2.156403779983520508e+00,1.560422897338867188e+01
2.472399711608886719e+00,1.498224830627441406e+01
9.754943251609802246e-01,3.567648410797119141e+00
2.082160711288452148e+00,1.366795253753662109e+01
8.792693018913269043e-01,1.697661161422729492e+00
2.007331609725952148e+00,1.566630744934082031e+01
1.329772114753723145e+00,8.745446205139160156e+00
1.509371638298034668e+00,1.157529234886169434e+00
2.088743686676025391e+00,1.570492362976074219e+01
9.688716530799865723e-01,5.043377876281738281e-01
2.035050868988037109e+00,1.531958675384521484e+01
1.482013702392578125e+00,3.016035079956054688e+00
1.902530342340469360e-02,5.776965022087097168e-01
1.897885084152221680e+00,1.578530979156494141e+01
2.163839578628540039e+00,4.044533729553222656e+00
1.700235724449157715e+00,1.078157043457031250e+01
1.447782874107360840e+00,3.754661321640014648e+00
2.334833621978759766e+00,1.018329143524169922e+01
1.375494599342346191e+00,9.223345518112182617e-01
2.041245698928833008e+00,1.571417331695556641e+01
1.725768566131591797e+00,1.592818069458007812e+01
1.887587785720825195e+00,1.578977680206298828e+01
1.898141980171203613e+00,1.307652568817138672e+01
1.287319421768188477e+00,1.491784691810607910e+00
1.909229040145874023e+00,1.587225914001464844e+01
1.471855878829956055e+00,5.843120574951171875e+00
1.294885873794555664e+00,1.288610696792602539e-01
1.915855646133422852e+00,1.084782791137695312e+01
1.394788503646850586e+00,9.953701496124267578e-01
2.089809656143188477e+00,1.536470794677734375e+01
4.117862284183502197e-01,1.229167938232421875e+00
1.105544805526733398e+00,3.216094017028808594e+00
2.190446615219116211e+00,1.551582431793212891e+01
1.477433681488037109e+00,1.429623365402221680e+00
1.763112306594848633e+00,1.597275447845458984e+01
1.907793402671813965e+00,1.014666080474853516e+01
1.958511829376220703e+00,5.582620143890380859e+00
1.066306829452514648e+00,1.417754650115966797e+00
2.038995027542114258e+00,1.576654434204101562e+01
2.604778051376342773e+00,1.151795864105224609e+01
2.082636117935180664e+00,1.566727638244628906e+01
1.819255471229553223e+00,1.582750988006591797e+01
1.742352247238159180e+00,4.311344623565673828e+00
1.973466634750366211e+00,1.546048831939697266e+01
1.817047595977783203e+00,1.569788265228271484e+01
1.245711326599121094e+00,8.395676612854003906e+00
1.698894500732421875e+00,1.587059688568115234e+01
1.408786296844482422e+00,1.599050807952880859e+01
2.050609350204467773e+00,1.534174060821533203e+01
7.122222781181335449e-01,4.756576120853424072e-01
1.794283032417297363e+00,1.583734416961669922e+01
1.580966830253601074e+00,1.604066467285156250e+01
2.174762725830078125e+00,1.107032489776611328e+01
3.338779509067535400e-01,-4.401719570159912109e-02
1.732991456985473633e+00,1.588679599761962891e+01
1.668912649154663086e+00,1.565658855438232422e+01
2.155887126922607422e+00,1.317632484436035156e+01
1.819882154464721680e+00,1.588330936431884766e+01
-3.357901424169540405e-02,-1.930045783519744873e-01
2.306415557861328125e+00,1.545269870758056641e+01
2.345638275146484375e+00,1.511250877380371094e+01
2.223103523254394531e+00,1.554033470153808594e+01
3.002877712249755859e+00,1.311512660980224609e+01
2.012570858001708984e+00,7.616258144378662109e+00
1.656162977218627930e+00,6.833370208740234375e+00
7.672795653343200684e-01,1.480598002672195435e-04
1.825606226921081543e+00,1.582318496704101562e+01
1.306103348731994629e+00,3.708496093750000000e+00
1.791230440139770508e+00,1.588944339752197266e+01
1.693739175796508789e+00,1.008600902557373047e+01
1.418729424476623535e+00,1.606234550476074219e+01
9.228184819221496582e-01,1.562787771224975586e+00
1.141479492187500000e+00,9.677308082580566406e+00
1.743259429931640625e+00,1.576812934875488281e+01
1.608118295669555664e+00,5.346614360809326172e+00
1.821271181106567383e+00,1.981132030487060547e+00
2.606365680694580078e+00,1.196181106567382812e+01
1.756519794464111328e+00,5.733227252960205078e+00
2.290758848190307617e+00,7.735229015350341797e+00
2.328404903411865234e+00,6.718846797943115234e+00
1.796375393867492676e+00,1.140245056152343750e+01
9.910792708396911621e-01,-6.159806251525878906e-02
1.271930217742919922e+00,3.206057548522949219e+00
2.210722208023071289e+00,1.056326484680175781e+01
8.306423425674438477e-01,4.290786683559417725e-01
1.209673404693603516e+00,1.912931442260742188e+00
1.269973993301391602e+00,5.149647593498229980e-01
1.236431121826171875e+00,7.842903614044189453e+00
1.664087533950805664e+00,1.587423610687255859e+01
1.918040513992309570e+00,1.584182643890380859e+01
2.246783018112182617e+00,2.925831317901611328e+00
2.197356462478637695e+00,1.537884426116943359e+01
1.223647356033325195e+00,2.519213199615478516e+00
1.672925829887390137e+00,9.534458518028259277e-01
1.374696850776672363e+00,9.214068412780761719e+00
9.899591803550720215e-01,8.816621303558349609e-01
2.771165609359741211e+00,1.320426559448242188e+01
2.194231271743774414e+00,7.822236537933349609e+00
1.905249595642089844e+00,1.574134731292724609e+01
1.835818767547607422e+00,5.917534351348876953e+00
1.270127773284912109e+00,1.965076208114624023e+00
1.504822015762329102e+00,5.022090911865234375e+00
8.316506147384643555e-01,6.756364107131958008e-01
6.916770935058593750e-01,4.564757645130157471e-01
1.622225999832153320e+00,3.287200450897216797e+00
1.802251815795898438e+00,1.552157688140869141e+01
1.345260381698608398e+00,1.044674992561340332e+00
3.849571645259857178e-01,1.541295349597930908e-01
1.759127974510192871e+00,6.064091205596923828e+00
9.204474091529846191e-01,1.153272151947021484e+00
1.683419466018676758e+00,1.597343564033508301e+00
1.547873616218566895e+00,1.593954849243164062e+01
1.512582182884216309e+00,1.759868383407592773e+00
1.765777826309204102e+00,4.434643268585205078e+00
1.511699914932250977e+00,1.603351402282714844e+01
8.392169475555419922e-01,-1.710563302040100098e-01
1.569638967514038086e+00,1.599574184417724609e+01
1.102022409439086914e+00,7.547141313552856445e-01
2.054838180541992188e+00,5.546946048736572266e+00
1.106715679168701172e+00,5.850345134735107422e+00
2.329864025115966797e+00,1.527055358886718750e+01
2.066336631774902344e+00,4.727006912231445312e+00
1.896713733673095703e+00,1.578691196441650391e+01
2.330107212066650391e+00,1.242058277130126953e+01
1.405104756355285645e+00,1.605176734924316406e+01
1.824027061462402344e+00,1.587672424316406250e+01
1.256888747215270996e+00,1.438018417358398438e+01
1.541894435882568359e+00,4.304393291473388672e+00
6.422842741012573242e-01,1.151479959487915039e+00
1.240653276443481445e+00,4.258390903472900391e+00
1.058582782745361328e+00,1.128823399543762207e+00
2.264519929885864258e+00,4.092116832733154297e+00
1.621398210525512695e+00,1.060980129241943359e+01
1.793340444564819336e+00,2.021861314773559570e+00
8.538506627082824707e-01,5.017305016517639160e-01
1.501263856887817383e+00,1.594484996795654297e+01
1.569035172462463379e+00,7.676874399185180664e-01
1.535794258117675781e+00,5.514833331108093262e-01
1.695038080215454102e+00,6.233591556549072266e+00
1.828697085380554199e+00,1.314788460731506348e+00
1.696845054626464844e+00,6.113245487213134766e+00
1.796827554702758789e+00,3.554225444793701172e+00
2.044886827468872070e+00,1.523260211944580078e+01
2.443429470062255859e+00,6.726819038391113281e+00
1.332797408103942871e+00,2.610624790191650391e+00
1.628889441490173340e+00,6.955192089080810547e+00
1.949349999427795410e+00,1.568604755401611328e+01
1.371319770812988281e+00,3.059086799621582031e+00
1.450138807296752930e+00,1.605304908752441406e+01
1.039342164993286133e+00,2.672136068344116211e+00
1.292232513427734375e+00,7.973827838897705078e+00
2.342977285385131836e+00,4.281095027923583984e+00
1.779045343399047852e+00,6.976147890090942383e-01
2.359397888183593750e+00,1.487534236907958984e+01
1.981141328811645508e+00,5.274976253509521484e+00
1.750247836112976074e+00,6.673175334930419922e+00
2.261522531509399414e+00,1.546268939971923828e+01
1.923615217208862305e+00,5.425103187561035156e+00
6.538096070289611816e-01,2.795667350292205811e-01
2.020980596542358398e+00,1.577121067047119141e+01
3.078803062438964844e+00,1.110111141204833984e+01
1.109236717224121094e+00,1.896090507507324219e+00
6.328151375055313110e-02,-1.764401607215404510e-02
2.333625316619873047e+00,3.805704832077026367e+00
1.952345848083496094e+00,1.574782180786132812e+01
2.371431589126586914e+00,1.538096618652343750e+01
2.684475183486938477e+00,1.470496845245361328e+01
1.713491559028625488e+00,4.631359100341796875e+00
1.340744495391845703e+00,-6.423223018646240234e-02
2.377960443496704102e+00,1.283129405975341797e+01
1.677886843681335449e+00,1.586956882476806641e+01
2.204898118972778320e+00,1.210021686553955078e+01
1.463863372802734375e+00,3.102703094482421875e+00
2.062513828277587891e+00,1.571477794647216797e+01
1.387740015983581543e+00,1.603814125061035156e+01
1.938867807388305664e+00,2.370836019515991211e+00
2.219111204147338867e+00,5.608790874481201172e+00
2.002031087875366211e+00,1.569992637634277344e+01
2.123626470565795898e+00,9.072943687438964844e+00
1.373967409133911133e+00,1.635221123695373535e+00
1.250424861907958984e+00,4.077163219451904297e+00
3.184638261795043945e+00,1.195097637176513672e+01
2.044642686843872070e+00,1.573325157165527344e+01
2.085001707077026367e+00,4.402702808380126953e+00
1.374587059020996094e+00,2.873353004455566406e+00
1.912853717803955078e+00,1.570797443389892578e+01
2.424391031265258789e+00,7.169534206390380859e+00
2.230435609817504883e+00,1.549166870117187500e+01
9.564724564552307129e-01,3.421225070953369141e+00
1.975940614938735962e-01,1.635453820228576660e+00
2.414369344711303711e+00,1.366592788696289062e+01
1.513478755950927734e+00,2.543836116790771484e+00
9.636240601539611816e-01,1.649789571762084961e+00
2.391861677169799805e+00,1.074146366119384766e+01
2.575070142745971680e+00,1.464455699920654297e+01
1.559000253677368164e+00,8.348093032836914062e+00
1.579008579254150391e+00,6.188464641571044922e+00
1.721494317054748535e+00,2.588497638702392578e+00
1.947440981864929199e+00,2.101942539215087891e+00
1.306647777557373047e+00,1.608757781982421875e+01
2.766294479370117188e+00,6.854941844940185547e+00
2.106139898300170898e+00,1.295051479339599609e+01
7.233209013938903809e-01,5.597448348999023438e-01
2.166918992996215820e+00,2.866033077239990234e+00
9.906367659568786621e-01,3.171908855438232422e-02
2.278502702713012695e+00,1.175425052642822266e+01
1.472501754760742188e+00,6.487453937530517578e+00
9.139127135276794434e-01,7.000857591629028320e-02
2.675896406173706055e+00,1.328534793853759766e+01
1.647703170776367188e+00,1.587773799896240234e+01
2.254546403884887695e+00,9.391419410705566406e+00
1.896296501159667969e+00,1.588102054595947266e+01
2.533225536346435547e+00,1.501214027404785156e+01
1.625088930130004883e+00,5.317361950874328613e-01
1.383126497268676758e+00,2.164397239685058594e-01
2.095352411270141602e+00,6.105021953582763672e+00
8.551059961318969727e-01,1.741305179893970490e-02
1.994862794876098633e+00,1.567448997497558594e+01
2.384022951126098633e+00,7.898735523223876953e+00
6.855587363243103027e-01,1.363109827041625977e+00
1.076169490814208984e+00,8.884193897247314453e-01
2.000889301300048828e+00,1.709676980972290039e+00
7.823805212974548340e-01,3.686333596706390381e-01
1.601773858070373535e+00,1.597724246978759766e+01
1.267951965332031250e+00,2.295583009719848633e+00
1.657650709152221680e+00,1.597436809539794922e+01
2.763075113296508789e+00,5.142241001129150391e+00
2.529159545898437500e+00,4.781524181365966797e+00
1.731409549713134766e+00,1.566683959960937500e+01
1.469608545303344727e+00,6.739717483520507812e+00
7.097957134246826172e-01,1.252151966094970703e+00
1.430092096328735352e+00,3.299571990966796875e+00
4.848282337188720703e-01,1.294806241989135742e+00
1.501224398612976074e+00,3.070859432220458984e+00
1.876163721084594727e+00,1.838246822357177734e+00
2.145544528961181641e+00,1.534966945648193359e+01
1.241565704345703125e+00,1.130158603191375732e-01
2.537300825119018555e+00,7.774082660675048828e+00
2.111124992370605469e+00,1.558384704589843750e+01
2.223371267318725586e+00,8.963224411010742188e+00
1.079092144966125488e+00,1.340357303619384766e+00
1.459177017211914062e+00,6.930212974548339844e-01
1.710078120231628418e+00,5.748386859893798828e+00
2.901759862899780273e+00,1.492865085601806641e+01
2.210352659225463867e+00,4.768765926361083984e+00
2.608803272247314453e+00,1.008923244476318359e+01
1.263612627983093262e+00,1.935633420944213867e+00
1.696356534957885742e+00,7.114714145660400391e+00
5.633963942527770996e-01,5.136344432830810547e-01
-1.735756099224090576e-01,-7.870513200759887695e-02
1.284239292144775391e+00,3.368890762329101562e+00
1.815987586975097656e+00,4.994594573974609375e+00
1.636422634124755859e+00,1.307976603507995605e+00
7.235904335975646973e-01,6.942244052886962891e+00
1.985161304473876953e+00,3.225117623805999756e-01
1.921205759048461914e+00,1.322383689880371094e+01
1.129236817359924316e+00,2.608658790588378906e+00
1.873578071594238281e+00,7.978781461715698242e-01
1.961126327514648438e+00,1.564873600006103516e+01
1.652195692062377930e+00,1.576986408233642578e+01
2.637408971786499023e+00,1.207172870635986328e+01
1.904240369796752930e+00,1.570116615295410156e+01
2.020536422729492188e+00,2.709999561309814453e+00
1.847817540168762207e+00,3.027054786682128906e+00
2.028052568435668945e+00,1.577435970306396484e+01
1.953628182411193848e+00,1.557526016235351562e+01
1.689608693122863770e+00,3.081873893737792969e+00
1.913135528564453125e+00,1.091936469078063965e+00
2.123865365982055664e+00,1.045684719085693359e+01
1.784691810607910156e+00,7.926252365112304688e+00
1.765397548675537109e+00,3.396149158477783203e+00
2.258386373519897461e+00,1.501156711578369141e+01
1.976450443267822266e+00,1.570636081695556641e+01
2.324343681335449219e+00,7.387429237365722656e+00
1.569572448730468750e+00,1.781578540802001953e+00
1.401377320289611816e+00,2.280146121978759766e+00
1.441158056259155273e+00,6.135105609893798828e+00
1.016851544380187988e+00,5.764964818954467773e-01
1.112393856048583984e+00,3.524288535118103027e-02
2.686729669570922852e+00,1.467531299591064453e+01
1.780806303024291992e+00,7.725866317749023438e+00
1.082973718643188477e+00,1.672704458236694336e+00
7.622528672218322754e-01,1.389197349548339844e+00
1.030270934104919434e+00,1.268854618072509766e+00
1.672841310501098633e+00,2.072473049163818359e+00
1.704689979553222656e+00,1.588816833496093750e+01
2.432646512985229492e+00,1.395782089233398438e+01
1.550708532333374023e+00,4.900307178497314453e+00
2.447909355163574219e+00,1.506127834320068359e+01
1.558232545852661133e+00,5.019397258758544922e+00
1.560310602188110352e+00,1.074981212615966797e+01
1.488836288452148438e+00,2.069245815277099609e+00
1.829360961914062500e+00,7.190784931182861328e+00
2.582362890243530273e+00,1.493008995056152344e+01
1.717517614364624023e+00,9.866194725036621094e+00
1.766773700714111328e+00,4.245578289031982422e+00
2.099998712539672852e+00,1.570648574829101562e+01
2.955194711685180664e+00,1.349702548980712891e+01
1.967212915420532227e+00,7.434086322784423828e+00
1.641766309738159180e+00,5.424214839935302734e+00
1.883679389953613281e+00,1.577941608428955078e+01
1.523020625114440918e+00,1.600508689880371094e+01
1.169127106666564941e+00,2.200231075286865234e+00
9.718719124794006348e-01,1.065526723861694336e+00
1.484349608421325684e+00,8.195305824279785156e+00
1.812689542770385742e+00,1.052299308776855469e+01
2.304495096206665039e+00,4.916894912719726562e+00
1.633909940719604492e+00,1.819858908653259277e+00
1.361133217811584473e+00,4.722608029842376709e-01
2.786701917648315430e+00,1.327131748199462891e+01
8.870957493782043457e-01,1.021860694885253906e+01
1.791404962539672852e+00,4.566794395446777344e+00
2.214171886444091797e+00,1.540489292144775391e+01
2.216940641403198242e+00,1.505595207214355469e+01
1.702666401863098145e+00,9.181850433349609375e+00
1.479003548622131348e+00,2.456569671630859375e+00
1.912056326866149902e+00,8.679748535156250000e+00
1.172759532928466797e+00,2.484185934066772461e+00
1.939817070960998535e+00,1.573074150085449219e+01
1.766397237777709961e+00,1.769617319107055664e+00
1.464013099670410156e+00,5.671886920928955078e+00
1.604773640632629395e+00,2.310192108154296875e+00
2.121550798416137695e+00,7.495047092437744141e+00
1.973077893257141113e+00,1.024475097656250000e+01
1.457811832427978516e+00,3.872992515563964844e+00
1.638473987579345703e+00,8.066177368164062500e+00
1.865468502044677734e+00,1.018025207519531250e+01
2.457171678543090820e+00,1.490030956268310547e+01
1.389368295669555664e+00,2.108488321304321289e+00
1.689029574394226074e+00,1.595837306976318359e+01
1.465179443359375000e+00,8.865288734436035156e+00
1.738327980041503906e+00,1.592824745178222656e+01
2.083964109420776367e+00,3.711607933044433594e+00
1.378174781799316406e+00,3.813105583190917969e+00
1.042399764060974121e+00,5.754317045211791992e-01
1.615151166915893555e+00,1.600663566589355469e+01
2.009283304214477539e+00,1.571639442443847656e+01
2.428256750106811523e+00,1.238047695159912109e+01
1.963679313659667969e+00,1.540645313262939453e+01
1.685322999954223633e+00,2.066415309906005859e+00
1.801797032356262207e+00,1.592814731597900391e+01
2.312036514282226562e+00,1.519061565399169922e+01
9.328352808952331543e-01,6.581020355224609375e-02
5.995718240737915039e-01,5.981760621070861816e-01
9.753965735435485840e-01,4.529120028018951416e-01
2.138947963714599609e+00,5.442390441894531250e+00
2.152683734893798828e+00,1.550310039520263672e+01
2.356925010681152344e+00,1.549212837219238281e+01
1.761500597000122070e+00,1.954744100570678711e+00
2.657307624816894531e+00,1.482789802551269531e+01
1.320762991905212402e+00,4.034019947052001953e+00
1.243429422378540039e+00,1.750239729881286621e-01
1.310667753219604492e+00,2.911494016647338867e+00
2.007752895355224609e+00,1.539797687530517578e+01
2.268558263778686523e+00,1.546624851226806641e+01
2.878228664398193359e+00,1.473269748687744141e+01
8.902426958084106445e-01,3.407344520092010498e-01
2.136020898818969727e+00,1.331087017059326172e+01
1.030515879392623901e-02,2.211837172508239746e-01
2.087632894515991211e+00,1.582053375244140625e+01
6.685773730278015137e-01,1.174494981765747070e+00
1.588514804840087891e+00,2.828082799911499023e+00
1.494264125823974609e+00,9.178217649459838867e-01
1.559414148330688477e+00,1.222109317779541016e+01
9.558069705963134766e-01,2.842448234558105469e+00
2.148189783096313477e+00,1.551766681671142578e+01
1.486171483993530273e+00,3.712498903274536133e+00
1.662079811096191406e+00,5.157118797302246094e+00
1.625130414962768555e+00,2.633643150329589844e+00
2.116429090499877930e+00,1.556144905090332031e+01
1.244621157646179199e+00,6.342386603355407715e-01
1.155600905418395996e+00,2.361406981945037842e-01
1.293911933898925781e+00,2.401652812957763672e+00
1.775139570236206055e+00,1.588839340209960938e+01
1.875136137008666992e+00,1.581330585479736328e+01
2.293022871017456055e+00,1.103696441650390625e+01
8.846511840820312500e-01,4.400797784328460693e-01
1.082563996315002441e+00,3.395359516143798828e+00
1.714428186416625977e+00,1.594702625274658203e+01
2.018202543258666992e+00,6.616549491882324219e+00
1.769408464431762695e+00,1.585803508758544922e+01
1.834104061126708984e+00,1.715217113494873047e+00
2.516108751296997070e+00,6.065750598907470703e+00
2.070594549179077148e+00,1.567343521118164062e+01
1.226418495178222656e+00,1.977680206298828125e+00
1.541228294372558594e+00,5.336166858673095703e+00
1.614530444145202637e+00,1.587534999847412109e+01
9.860996603965759277e-01,3.713256418704986572e-01
1.845945119857788086e+00,1.581808948516845703e+01
1.488012552261352539e+00,5.444461107254028320e-01
1.520591259002685547e+00,3.914874792098999023e+00
1.383483529090881348e+00,6.257295608520507812e+00
1.330951929092407227e+00,7.632679939270019531e-01
2.718442916870117188e+00,1.387868022918701172e+01
2.086054086685180664e+00,1.128477859497070312e+01
1.588844537734985352e+00,2.726314663887023926e-01
1.908669948577880859e+00,1.008737564086914062e+00
1.686959028244018555e+00,1.598741245269775391e+01
1.340531468391418457e+00,1.609756660461425781e+01
2.038556098937988281e+00,9.882829666137695312e+00
2.030962467193603516e+00,1.585674953460693359e+01
2.419438838958740234e+00,4.312526702880859375e+00
1.094280600547790527e+00,7.690842628479003906e+00
2.361049175262451172e+00,1.044899272918701172e+01
1.574272394180297852e+00,3.598896563053131104e-01
1.369514226913452148e+00,3.006564974784851074e-01
9.369813799858093262e-01,4.035509586334228516e+00
2.118543148040771484e+00,1.552827262878417969e+01
9.011957049369812012e-01,3.111377000808715820e+00
2.098439693450927734e+00,1.552177238464355469e+01
2.982980966567993164e+00,1.357069873809814453e+01
1.661903381347656250e+00,1.595901870727539062e+01
1.991954207420349121e+00,1.582767200469970703e+01
1.764797925949096680e+00,1.593204593658447266e+01
7.233352214097976685e-02,1.200831122696399689e-02
2.209004163742065430e+00,1.215497303009033203e+01
1.321657180786132812e+00,2.489514350891113281e+00
1.499894380569458008e+00,4.468508720397949219e+00
1.130295991897583008e+00,2.840907812118530273e+00
2.083719015121459961e+00,1.500486564636230469e+01
2.221448659896850586e+00,1.554252910614013672e+01
1.847622990608215332e+00,3.476746559143066406e+00
1.563511848449707031e+00,6.681482791900634766e+00
1.824343562126159668e+00,2.381912231445312500e+00
1.314625024795532227e+00,7.404812574386596680e-01
1.863297700881958008e+00,6.661730289459228516e+00
1.026894688606262207e+00,1.667600750923156738e+00
2.314006090164184570e+00,4.206671237945556641e+00
1.214933276176452637e+00,2.768860816955566406e+00
1.700899839401245117e+00,5.108375549316406250e+00
2.763515710830688477e+00,1.220224666595458984e+01
1.225582599639892578e+00,1.051249027252197266e+00
1.609096884727478027e+00,1.591862487792968750e+01
1.689342498779296875e+00,1.005346679687500000e+01
2.023042678833007812e+00,1.569672870635986328e+01
1.866864204406738281e+00,5.278570652008056641e+00
6.645658612251281738e-01,-1.567824482917785645e-01
2.232689380645751953e+00,2.073267459869384766e+00
8.452054262161254883e-01,5.265386104583740234e-01
7.359622716903686523e-01,2.486224174499511719e+00
1.573919653892517090e+00,8.690157890319824219e+00
1.829905271530151367e+00,1.572142314910888672e+01
1.242211818695068359e+00,2.887992620468139648e+00
2.873206853866577148e+00,1.313720226287841797e+01
2.535022020339965820e+00,1.485715293884277344e+01
1.819530725479125977e+00,4.427183628082275391e+00
1.017629027366638184e+00,6.399099349975585938e+00
1.953812837600708008e+00,1.578431797027587891e+01
1.855395317077636719e+00,5.466788768768310547e+00
1.958683609962463379e+00,5.936161518096923828e+00
1.311094045639038086e+00,2.376290798187255859e+00
1.192895174026489258e+00,8.940307497978210449e-01
2.047513246536254883e+00,1.570328903198242188e+01
1.580543160438537598e+00,1.595104503631591797e+01
1.680153608322143555e+00,4.445662975311279297e+00
1.592072963714599609e+00,1.595875263214111328e+01
1.998975634574890137e+00,5.853911876678466797e+00
1.923095107078552246e+00,1.569044303894042969e+01
2.728229999542236328e+00,1.457570934295654297e+01
1.647515535354614258e+00,1.596596050262451172e+01
1.622355103492736816e+00,1.582685756683349609e+01
2.203980684280395508e+00,8.155530929565429688e+00
3.026575088500976562e+00,1.348667335510253906e+01
1.381880521774291992e+00,1.255066514015197754e+00
2.005296468734741211e+00,1.047191047668457031e+01
2.676245927810668945e+00,9.279574394226074219e+00
1.952836275100708008e+00,4.191473960876464844e+00
3.373869955539703369e-01,1.358607769012451172e+00
2.039002180099487305e+00,8.526876449584960938e+00
2.259150266647338867e+00,2.971619606018066406e+00
1.391870737075805664e+00,9.819244146347045898e-01
3.577645123004913330e-01,5.585793972015380859e+00
1.809016466140747070e+00,6.014069080352783203e+00
2.770985841751098633e+00,6.001553535461425781e+00
2.058412313461303711e+00,3.211452007293701172e+00
1.783179283142089844e+00,1.594113159179687500e+01
1.849062681198120117e+00,1.585347080230712891e+01
2.180344820022583008e+00,1.560478973388671875e+01
1.929223775863647461e+00,4.070372104644775391e+00
1.374707818031311035e+00,1.012526750564575195e+00
1.966471791267395020e+00,9.956290245056152344e+00
2.329364538192749023e+00,1.521645641326904297e+01
1.862171411514282227e+00,1.662153840065002441e+00
1.511133909225463867e+00,4.285141468048095703e+00
9.830686450004577637e-01,6.899322271347045898e-01
1.503072500228881836e+00,5.376565933227539062e+00
1.749882459640502930e+00,9.015154838562011719e+00
1.202495574951171875e+00,3.552265882492065430e+00
2.646738052368164062e+00,1.507898616790771484e+01
1.672508239746093750e+00,1.591214752197265625e+01
2.350447654724121094e+00,1.554675197601318359e+01
1.837507367134094238e+00,8.849730491638183594e+00
1.714254379272460938e+00,3.379609823226928711e+00
1.763613700866699219e+00,1.598530673980712891e+01
2.403385877609252930e+00,1.244105243682861328e+01
1.375553846359252930e+00,1.598338317871093750e+01
8.025379776954650879e-01,1.416789591312408447e-01
1.151941776275634766e+00,2.587283372879028320e+00
1.460252761840820312e+00,1.227412414550781250e+01
5.827656388282775879e-01,1.828415870666503906e+00
1.652259111404418945e+00,1.594712257385253906e+01
1.630777359008789062e+00,1.095631313323974609e+01
2.098993539810180664e+00,1.389929199218750000e+01
1.299929141998291016e+00,3.960848450660705566e-01
1.541073083877563477e+00,9.030695915222167969e+00
7.158721685409545898e-01,6.418712139129638672e-01
9.172726273536682129e-01,4.904403984546661377e-01
2.031534910202026367e+00,2.626981019973754883e+00
2.188804149627685547e+00,1.566280555725097656e+01
1.929465889930725098e+00,1.311211585998535156e+01
9.504347443580627441e-01,4.834445476531982422e+00
2.234950304031372070e+00,1.193968296051025391e+01
2.140202760696411133e+00,1.568104457855224609e+01
1.301792860031127930e+00,2.747075080871582031e+00
2.425925254821777344e+00,7.406770229339599609e+00
2.060049057006835938e+00,3.043756484985351562e+00
6.723846197128295898e-01,3.153594493865966797e+00
1.377513051033020020e+00,1.584904289245605469e+01
1.715967416763305664e+00,4.059142589569091797e+00
1.978691458702087402e+00,6.916000366210937500e+00
2.211515426635742188e+00,1.454423236846923828e+01
2.167504787445068359e+00,8.314576148986816406e+00
7.791981101036071777e-01,4.364171922206878662e-01
2.705377578735351562e+00,1.205776119232177734e+01
2.046899557113647461e+00,3.540437221527099609e+00
1.715069293975830078e+00,5.476380586624145508e-01
1.773493170738220215e+00,3.862550497055053711e+00
1.415175199508666992e+00,7.147721767425537109e+00
1.950858831405639648e+00,1.555864620208740234e+01
2.236552715301513672e+00,1.441278266906738281e+01
1.740163326263427734e+00,1.128659605979919434e+00
1.604409933090209961e+00,6.759762763977050781e+00
1.420860052108764648e+00,4.211192607879638672e+00
1.223237276077270508e+00,8.513258934020996094e+00
1.878430485725402832e+00,1.578770732879638672e+01
1.074591517448425293e+00,1.142919301986694336e+00
2.099429368972778320e+00,1.356384181976318359e+01
1.786735296249389648e+00,2.920634984970092773e+00
1.809022903442382812e+00,7.033788204193115234e+00
1.891153097152709961e+00,1.575832462310791016e+01
6.136561036109924316e-01,3.037399947643280029e-01
2.316702604293823242e+00,1.543642520904541016e+01
1.663306713104248047e+00,1.433250427246093750e+00
2.700792849063873291e-01,-2.120935022830963135e-01
1.267633557319641113e+00,1.384509325027465820e+00
2.061109781265258789e+00,1.542421913146972656e+01
2.426961421966552734e+00,1.467292118072509766e+01
1.470582962036132812e+00,1.872896194458007812e+00
1.690616726875305176e+00,3.479221820831298828e+00
2.075754642486572266e+00,1.067618465423583984e+01
1.457703709602355957e+00,1.894940614700317383e+00
1.556758642196655273e+00,1.331062221527099609e+01
1.363824725151062012e+00,9.095211029052734375e-01
2.562210321426391602e+00,1.433565616607666016e+01
2.243074893951416016e+00,9.547672271728515625e+00
2.328010320663452148e+00,1.500650978088378906e+01
1.335674047470092773e+00,3.520574331283569336e+00
1.998451471328735352e+00,1.578846168518066406e+01
1.589366436004638672e+00,1.451948404312133789e+00
1.922811985015869141e+00,3.442869663238525391e+00
1.810177683830261230e+00,1.830515623092651367e+00
1.649221897125244141e+00,1.594026851654052734e+01
1.853964924812316895e+00,1.157751560211181641e+01
2.384292840957641602e+00,1.524559783935546875e+01
2.073364257812500000e+00,8.815143585205078125e+00
1.679439306259155273e+00,1.586467933654785156e+01
2.419634103775024414e+00,1.425040531158447266e+01
2.151479005813598633e+00,1.559496402740478516e+01
1.923989892005920410e+00,2.987952470779418945e+00
1.659906983375549316e+00,6.394939899444580078e+00
-8.658958226442337036e-02,5.934506654739379883e-01
4.893249869346618652e-01,8.765967562794685364e-03
9.541545510292053223e-01,1.592739582061767578e+00
7.886743545532226562e-01,3.162666857242584229e-01
1.107267618179321289e+00,1.398516416549682617e+00
2.345575571060180664e+00,1.531395244598388672e+01
2.301900386810302734e+00,1.553589153289794922e+01
1.244713544845581055e+00,-5.567637085914611816e-02
1.101946115493774414e+00,1.176957488059997559e+00
6.732299923896789551e-01,2.640284895896911621e-01
1.233129262924194336e+00,3.708553791046142578e+00
1.474987745285034180e+00,8.242768287658691406e+00
1.193262696266174316e+00,7.828807830810546875e-01
1.983222365379333496e+00,1.581009960174560547e+01
1.010099172592163086e+00,1.509661078453063965e+00
1.449601531028747559e+00,3.933000326156616211e+00
1.149718046188354492e+00,1.411574602127075195e+00
1.708629369735717773e+00,4.879281520843505859e+00
4.806379079818725586e-01,1.935255050659179688e+00
2.065350294113159180e+00,1.573024082183837891e+01
1.204018831253051758e+00,8.544558525085449219e+00
1.987514019012451172e+00,1.582837963104248047e+01
1.278639793395996094e+00,1.734608292579650879e+00
1.315742135047912598e+00,1.035250186920166016e+01
6.596789360046386719e-01,2.114197798073291779e-02
1.674637675285339355e+00,1.591973400115966797e+01
1.045215129852294922e+00,9.275540351867675781e+00
1.742305159568786621e+00,1.585836887359619141e+01
1.239020943641662598e+00,2.695553064346313477e+00
1.568987131118774414e+00,2.404339790344238281e+00
2.127817869186401367e+00,1.151027870178222656e+01
1.708785891532897949e+00,6.005892157554626465e-02
2.130742549896240234e+00,1.077381134033203125e+01
2.334191083908081055e+00,6.882777214050292969e+00
2.300074338912963867e+00,1.555043697357177734e+01
1.428925037384033203e+00,1.008605241775512695e+00
8.291714787483215332e-01,3.161178231239318848e-01
2.409932851791381836e+00,1.465044212341308594e+01
1.230874657630920410e+00,4.116216599941253662e-01
1.937862396240234375e+00,7.909164905548095703e+00
1.799992084503173828e+00,2.625030279159545898e+00
8.052198290824890137e-01,5.512388944625854492e-01
1.576559066772460938e+00,1.317366886138916016e+01
2.781664609909057617e+00,1.479454994201660156e+01
2.075752973556518555e+00,1.560411167144775391e+01
2.560660839080810547e+00,8.450017929077148438e+00
1.960715770721435547e+00,1.552258968353271484e+01
1.049922704696655273e+00,1.614473915100097656e+01
1.784387111663818359e+00,9.392273426055908203e-01
1.583183526992797852e+00,1.595161914825439453e+01
1.991538286209106445e+00,1.572966480255126953e+01
2.043941974639892578e+00,1.534205722808837891e+01
3.212713956832885742e+00,1.170257091522216797e+01
1.965584278106689453e+00,7.591228485107421875e+00
1.641061186790466309e+00,3.477830648422241211e+00
2.348196506500244141e+00,1.524793720245361328e+01
1.806988477706909180e+00,6.292551994323730469e+00
1.629628777503967285e+00,6.403174996376037598e-01
1.667526483535766602e+00,2.347809076309204102e+00
7.053316235542297363e-01,2.868942916393280029e-01
1.755576133728027344e+00,1.585713291168212891e+01
1.884734988212585449e+00,1.326484775543212891e+01
2.316651582717895508e+00,1.555875492095947266e+01
2.220221757888793945e+00,9.881111145019531250e+00
1.108433485031127930e+00,1.925646185874938965e+00
2.104030370712280273e+00,7.732458591461181641e+00
2.156911849975585938e+00,1.123073196411132812e+01
2.682031869888305664e+00,1.501447677612304688e+01
7.025898098945617676e-01,8.485312461853027344e+00
1.769158482551574707e+00,1.295156574249267578e+01
1.703167915344238281e+00,1.593480205535888672e+01
7.893553376197814941e-01,2.279462337493896484e+00
1.198266029357910156e+00,7.406535148620605469e-01
2.120116949081420898e+00,1.513844585418701172e+01
2.018318414688110352e+00,7.402071475982666016e+00
2.332316160202026367e+00,1.548984050750732422e+01
3.126266717910766602e+00,9.621094703674316406e+00
1.093721151351928711e+00,9.712773561477661133e-01
2.117840051651000977e+00,9.896430015563964844e+00
1.834461808204650879e+00,1.069077587127685547e+01
1.931500911712646484e+00,1.582824611663818359e+01
9.589261412620544434e-01,4.456557929515838623e-01
2.683180570602416992e+00,4.089457988739013672e+00
1.808769106864929199e+00,1.862904429435729980e+00
2.561939001083374023e+00,1.103067684173583984e+01
1.495240330696105957e+00,1.602110862731933594e+01
1.856502413749694824e+00,6.299877166748046875e+00
1.055871009826660156e+00,6.298646926879882812e+00
1.774229526519775391e+00,9.895874977111816406e+00
1.598317861557006836e+00,4.510064721107482910e-01
2.135300636291503906e+00,1.551672172546386719e+01
1.371093750000000000e+00,3.207137107849121094e+00
2.465274572372436523e+00,6.304833889007568359e+00
2.119746446609497070e+00,6.698410034179687500e+00
1.896679639816284180e+00,6.786509990692138672e+00
1.747631788253784180e+00,1.596468448638916016e+01
1.410597801208496094e+00,1.645010828971862793e+00
1.534535169601440430e+00,1.595922183990478516e+01
1.610551118850708008e+00,1.601912117004394531e+01
2.262148141860961914e+00,1.553450107574462891e+01
1.895915269851684570e+00,7.118409156799316406e+00
1.910982608795166016e+00,8.491690635681152344e+00
2.060240268707275391e+00,8.533651351928710938e+00
2.201021671295166016e+00,7.884316921234130859e+00
8.011329770088195801e-01,4.056917667388916016e+00
1.357884645462036133e+00,5.081410884857177734e+00
1.606839299201965332e+00,2.007986783981323242e+00
1.450381278991699219e+00,1.249656009674072266e+01
2.000323772430419922e+00,7.187074184417724609e+00
2.422764539718627930e+00,8.127274513244628906e+00
1.687804222106933594e+00,4.060363292694091797e+00
2.547534704208374023e+00,1.490014648437500000e+01
2.572991847991943359e+00,1.302020549774169922e+01
1.978185415267944336e+00,1.009123897552490234e+01
6.660627722740173340e-01,3.090312778949737549e-01
2.091635465621948242e+00,4.668757915496826172e+00
1.929807662963867188e+00,1.585527610778808594e+01
2.170871019363403320e+00,1.066070079803466797e+01
1.283375978469848633e+00,8.545262813568115234e-01
2.270956993103027344e+00,1.551903629302978516e+01
1.620018482208251953e+00,6.118588924407958984e+00
1.389532804489135742e+00,6.278635501861572266e+00
1.315768480300903320e+00,2.650875568389892578e+00
2.052978277206420898e+00,4.620875835418701172e+00
1.634321928024291992e+00,8.590846061706542969e-01
1.901919126510620117e+00,8.623660087585449219e+00
8.921989202499389648e-01,3.839178085327148438e-01
7.629590630531311035e-01,9.237848520278930664e-01
1.224856376647949219e+00,1.442643404006958008e+00
1.881363630294799805e+00,8.216326236724853516e-01
1.117320537567138672e+00,4.906824588775634766e+00
2.043646574020385742e+00,4.313385486602783203e+00
1.316436290740966797e+00,6.863178014755249023e-01
1.776580691337585449e+00,1.593835544586181641e+01
8.845018744468688965e-01,8.979960680007934570e-01
1.082141995429992676e+00,1.547660470008850098e+00
2.093494176864624023e+00,7.920682430267333984e+00
1.469838380813598633e+00,1.601554107666015625e+01
2.189668178558349609e+00,1.560359477996826172e+01
9.604032039642333984e-01,7.137389183044433594e-01
1.530751347541809082e+00,1.471544647216796875e+01
1.698337316513061523e+00,1.588591289520263672e+01
1.449225425720214844e+00,1.741594791412353516e+00
1.398656368255615234e+00,1.984540224075317383e+00
1.608968019485473633e+00,3.654173374176025391e+00
1.866858839988708496e+00,1.579198741912841797e+01
9.003195762634277344e-01,4.385633945465087891e+00
1.662233829498291016e+00,5.024322271347045898e-01
1.124505400657653809e+00,1.077756166458129883e+00
1.305945992469787598e+00,1.378262758255004883e+00
7.669319510459899902e-01,5.468808650970458984e+00
2.273766040802001953e+00,1.044320201873779297e+01
2.019914865493774414e+00,1.001099491119384766e+01
1.839032530784606934e+00,8.344429969787597656e+00
1.565761327743530273e+00,1.580176067352294922e+01
6.401382684707641602e-01,2.069914788007736206e-01
1.769976139068603516e+00,1.369123458862304688e+01
2.150315046310424805e+00,8.427020072937011719e+00
2.063486814498901367e+00,9.669503211975097656e+00
1.556447744369506836e+00,1.597936820983886719e+01
1.937876462936401367e+00,1.245892047882080078e+01
1.270408749580383301e+00,1.002264308929443359e+01
1.717636942863464355e+00,8.386481285095214844e+00
1.112512111663818359e+00,5.018467903137207031e-01
1.324296116828918457e+00,1.159199357032775879e+00
1.401437282562255859e+00,1.598794460296630859e+01
1.531239986419677734e+00,3.416420459747314453e+00
1.513533592224121094e+00,1.603341102600097656e+01
1.912599444389343262e+00,7.480156898498535156e+00
1.150385737419128418e+00,1.837042808532714844e+00
2.587025880813598633e+00,1.441109943389892578e+01
1.287123441696166992e+00,9.114766120910644531e-01
1.927849888801574707e+00,7.888246059417724609e+00
2.547373533248901367e+00,1.460558128356933594e+01
1.107165217399597168e+00,1.914781093597412109e+00
1.860601186752319336e+00,7.723190784454345703e+00
1.494640350341796875e+00,1.603961372375488281e+01
1.048130869865417480e+00,1.559461116790771484e+00
1.169468760490417480e+00,1.616808891296386719e+01
1.558346271514892578e+00,9.024994850158691406e+00
4.374002814292907715e-01,7.454524636268615723e-01
2.444207668304443359e+00,1.443200302124023438e+01
2.896918952465057373e-01,-4.029123485088348389e-01
1.522176027297973633e+00,3.194521903991699219e+00
1.103863716125488281e+00,4.746004104614257812e+00
1.283300518989562988e+00,8.173297882080078125e+00
2.172589063644409180e+00,9.106171607971191406e+00
1.899288177490234375e+00,1.577985858917236328e+01
1.686941862106323242e+00,4.798251628875732422e+00
2.804511785507202148e+00,1.448149967193603516e+01
1.175486207008361816e+00,2.643190860748291016e+00
1.641344070434570312e+00,6.302661895751953125e+00
2.336680173873901367e+00,1.247477436065673828e+01
2.537449836730957031e+00,1.483422374725341797e+01
1.595696687698364258e+00,5.765954971313476562e+00
1.928049802780151367e+00,8.086256980895996094e+00
8.354467749595642090e-01,1.202105164527893066e+00
2.601710557937622070e+00,1.386407947540283203e+01
2.373604297637939453e+00,1.059171009063720703e+01
1.745979547500610352e+00,1.000128459930419922e+01
1.958334088325500488e+00,1.575422477722167969e+01
1.245886564254760742e+00,4.851472377777099609e+00
2.666443824768066406e+00,1.451386547088623047e+01
2.196905612945556641e+00,1.553654670715332031e+01
1.050297021865844727e+00,1.613215446472167969e+01
5.907273888587951660e-01,1.849259883165359497e-01
-1.479047387838363647e-01,-3.744533956050872803e-01
1.970476150512695312e+00,1.574215316772460938e+01
1.456349849700927734e+00,3.477509737014770508e+00
2.524950027465820312e+00,1.206107616424560547e+01
1.409044265747070312e+00,1.596201515197753906e+01
1.668770790100097656e+00,1.591153240203857422e+01
1.613124608993530273e+00,2.699533939361572266e+00
1.722798347473144531e+00,6.807116985321044922e+00
1.519064664840698242e+00,9.811844825744628906e+00
1.883096337318420410e+00,3.475142002105712891e+00
1.540907859802246094e+00,1.596767425537109375e+01
2.113555908203125000e+00,4.697853088378906250e+00
1.065928459167480469e+00,1.288949489593505859e+01
1.739622354507446289e+00,9.147125482559204102e-01
1.141034245491027832e+00,1.615791320800781250e+01
2.623708009719848633e+00,1.350982379913330078e+01
1.743597984313964844e+00,1.109825420379638672e+01
1.528209686279296875e+00,1.599571514129638672e+01
1.451417446136474609e+00,1.135918498039245605e+00
2.603161096572875977e+00,9.785464286804199219e+00
2.936877965927124023e+00,1.088943576812744141e+01
2.075213432312011719e+00,1.573556232452392578e+01
1.095187783241271973e+00,1.452497720718383789e+00
1.798283100128173828e+00,8.765635490417480469e+00
2.003229618072509766e+00,4.489801406860351562e+00
1.511446952819824219e+00,-2.868500165641307831e-02
1.839637637138366699e+00,1.589539337158203125e+01
1.846920251846313477e+00,1.228619098663330078e+01
6.488677859306335449e-01,1.733346879482269287e-01
2.196930408477783203e+00,1.535542964935302734e+01
2.026422739028930664e+00,1.568000602722167969e+01
1.485513448715209961e+00,8.332983970642089844e+00
1.104452133178710938e+00,1.610230827331542969e+01
2.514954328536987305e+00,1.112240695953369141e+01
1.397312164306640625e+00,6.145817279815673828e+00
6.332398653030395508e-01,1.177211403846740723e-01
1.493754863739013672e+00,4.051019847393035889e-01
1.372002601623535156e+00,2.876197338104248047e+00
2.144844293594360352e+00,1.560507392883300781e+01
1.647180557250976562e+00,1.586102676391601562e+01
1.687475442886352539e+00,4.575411319732666016e+00
2.474484920501708984e+00,1.515785694122314453e+01
3.030593633651733398e+00,1.404291248321533203e+01
1.821671485900878906e+00,1.589164924621582031e+01
1.555676102638244629e+00,1.603310585021972656e+01
1.239425897598266602e+00,1.299030542373657227e+00
1.589364409446716309e+00,1.595821762084960938e+01
1.135944128036499023e+00,2.373598098754882812e+00
1.023249626159667969e+00,4.566269397735595703e+00
1.135506510734558105e+00,3.776087522506713867e+00
2.343048810958862305e+00,1.433584785461425781e+01
1.721981644630432129e+00,6.817363262176513672e+00
1.527276039123535156e+00,1.296541929244995117e+00
2.275806188583374023e+00,1.521407222747802734e+01
1.436578750610351562e+00,3.135543465614318848e-01
2.374633789062500000e+00,1.553167724609375000e+01
1.050778508186340332e+00,1.717239499092102051e+00
2.805519580841064453e+00,6.923064708709716797e+00
1.729648709297180176e+00,5.021873950958251953e+00
1.658635377883911133e+00,8.340568542480468750e+00
1.693838596343994141e+00,7.100543022155761719e+00
2.114058732986450195e+00,1.572212123870849609e+01
5.376061797142028809e-01,-1.998018622398376465e-01
1.702313423156738281e+00,2.547974109649658203e+00
2.233405590057373047e+00,6.819009780883789062e+00
1.773511171340942383e+00,6.476841926574707031e+00
2.087931871414184570e+00,7.463607788085937500e+00
1.628239989280700684e+00,1.596013927459716797e+01
1.990761399269104004e+00,1.574086952209472656e+01
1.198518991470336914e+00,2.160899877548217773e+00
2.127497434616088867e+00,8.332579612731933594e+00
1.103134155273437500e+00,1.626302897930145264e-01
2.039295434951782227e+00,8.240668296813964844e+00
2.585334539413452148e+00,7.182722091674804688e+00
1.011562824249267578e+00,6.679871678352355957e-01
1.345420837402343750e+00,6.467490673065185547e+00
2.369224548339843750e+00,1.367378711700439453e+01
1.595604181289672852e+00,3.330174446105957031e+00
1.655795931816101074e+00,1.593180751800537109e+01
6.015696525573730469e-01,2.172948420047760010e-01
2.382324457168579102e+00,1.522059249877929688e+01
1.180399060249328613e+00,7.331428050994873047e+00
1.993936657905578613e+00,2.143600463867187500e+00
2.518036127090454102e+00,1.536870479583740234e+01
1.908231854438781738e+00,1.575910282135009766e+01
1.559009194374084473e+00,1.597129726409912109e+01
2.028288125991821289e+00,2.514217853546142578e+00
1.996871113777160645e+00,1.568833923339843750e+01
1.598694771528244019e-01,-1.902827434241771698e-02
2.053507804870605469e+00,1.529457950592041016e+01
2.037044525146484375e+00,1.216129302978515625e+01
1.972997903823852539e+00,1.582180023193359375e+01
7.651310563087463379e-01,-4.867826998233795166e-01
2.233147382736206055e+00,1.461224079132080078e+01
7.720115780830383301e-01,-1.736692786216735840e-01
1.937159538269042969e+00,1.298543334007263184e+00
1.340563535690307617e+00,2.208262205123901367e+00
1.227504014968872070e+00,7.374449253082275391e+00
1.723104476928710938e+00,1.587996196746826172e+01
9.534426927566528320e-01,4.739309251308441162e-01
2.382421255111694336e+00,9.821869850158691406e+00
2.996773004531860352e+00,1.279245471954345703e+01
8.288156390190124512e-01,4.290858209133148193e-01
1.727321505546569824e+00,8.415019035339355469e+00
2.111652612686157227e+00,6.218802928924560547e+00
2.144693613052368164e+00,1.350160503387451172e+01
8.306739926338195801e-01,4.398427307605743408e-01
1.704746723175048828e+00,2.781575679779052734e+00
1.655434846878051758e+00,1.591301345825195312e+01
1.398467779159545898e+00,1.602896308898925781e+01
1.458630561828613281e+00,7.642945647239685059e-01
1.491940855979919434e+00,5.049176692962646484e+00
2.221944093704223633e+00,1.332356548309326172e+01
1.230580687522888184e+00,2.011974573135375977e+00
1.256304383277893066e+00,7.977037906646728516e+00
8.630912899971008301e-01,1.940130591392517090e+00
1.620888233184814453e+00,1.600733375549316406e+01
2.533976078033447266e+00,1.503663730621337891e+01
8.746057152748107910e-01,5.958662033081054688e-01
2.217046499252319336e+00,9.165171623229980469e+00
1.664941787719726562e+00,1.590010833740234375e+01
1.314012050628662109e+00,3.943749964237213135e-01
1.487999796867370605e+00,3.593089580535888672e+00
2.038756370544433594e+00,1.574424076080322266e+01
2.893584966659545898e+00,1.357421588897705078e+01
2.168158292770385742e+00,1.716018438339233398e+00
2.854905366897583008e+00,1.323156833648681641e+01
1.288868427276611328e+00,2.693546414375305176e-01
1.853739976882934570e+00,1.584005737304687500e+01
2.018788814544677734e+00,1.531327342987060547e+01
1.797786116600036621e+00,1.587036228179931641e+01
1.911188125610351562e+00,4.084332466125488281e+00
2.021783113479614258e+00,1.455585765838623047e+01
1.453554630279541016e+00,3.344567775726318359e+00
1.065631628036499023e+00,4.370990395545959473e-01
2.823080301284790039e+00,8.318373680114746094e+00
1.435041666030883789e+00,1.598421955108642578e+01
9.585940837860107422e-01,2.558183968067169189e-01
2.054234266281127930e+00,8.860479354858398438e+00
1.498400092124938965e+00,1.602611160278320312e+01
1.026462316513061523e+00,6.787287712097167969e+00
1.199684858322143555e+00,3.509405136108398438e+00
1.899471998214721680e+00,8.806632995605468750e+00
1.373988509178161621e+00,6.916954994201660156e+00
1.329391241073608398e+00,1.606466102600097656e+01
1.124563813209533691e+00,2.620328664779663086e+00
1.746917605400085449e+00,8.935524940490722656e+00
1.133635401725769043e+00,6.325316429138183594e-01
1.918670058250427246e+00,5.487244606018066406e+00
1.774452209472656250e+00,6.262293338775634766e+00
1.107411026954650879e+00,2.982482194900512695e+00
2.084766387939453125e+00,1.570865917205810547e+01
1.646562695503234863e+00,3.273296356201171875e+00
1.748773097991943359e+00,2.979802131652832031e+00
8.224718570709228516e-01,8.972405195236206055e-01
2.192587852478027344e+00,8.970370292663574219e+00
1.066886544227600098e+00,1.069000959396362305e+00
2.239138603210449219e+00,1.553186893463134766e+01
-2.011504918336868286e-01,6.730027198791503906e-01
1.459323883056640625e+00,4.851922988891601562e+00
1.652719020843505859e+00,1.005967998504638672e+01
2.217831134796142578e+00,1.549824619293212891e+01
1.627625823020935059e+00,2.901330471038818359e+00
2.331052571535110474e-01,-1.411585137248039246e-03
2.002238035202026367e+00,1.571932220458984375e+01
1.335201978683471680e+00,7.422235012054443359e-01
2.259938001632690430e+00,3.399470329284667969e+00
3.414239168167114258e+00,9.627423286437988281e+00
1.292580127716064453e+00,7.496714115142822266e+00
1.058986902236938477e+00,4.767035484313964844e+00
2.233419656753540039e+00,5.886430263519287109e+00
-1.441710144281387329e-01,6.375741958618164062e-02
7.664213776588439941e-01,2.169003009796142578e+00
2.637918949127197266e+00,1.517474842071533203e+01
1.122006893157958984e+00,1.616162681579589844e+01
7.915238142013549805e-01,5.057578086853027344e-01
1.023405671119689941e+00,3.146959841251373291e-01
1.315529823303222656e+00,-5.386891961097717285e-02
2.460705757141113281e+00,1.435684585571289062e+01
7.302126288414001465e-01,6.898587942123413086e-02
1.233819007873535156e+00,5.716265201568603516e+00
2.162262916564941406e+00,1.314389896392822266e+01
2.122874736785888672e+00,1.497482585906982422e+01
2.084152698516845703e+00,1.583436298370361328e+01
2.056073904037475586e+00,4.207394599914550781e+00
2.227192163467407227e+00,1.557913017272949219e+01
1.893562793731689453e+00,2.229025125503540039e+00
2.500427961349487305e+00,8.858225822448730469e+00
1.524837970733642578e+00,1.598835086822509766e+01
1.692955970764160156e+00,9.832582473754882812e+00
1.934895157814025879e+00,1.563426876068115234e+01
1.114990830421447754e+00,2.397429466247558594e+00
1.594565391540527344e+00,6.432934761047363281e+00
1.701156377792358398e+00,1.589724254608154297e+01
6.554560661315917969e-01,4.222151339054107666e-01
2.158463239669799805e+00,3.530793905258178711e+00
2.308577537536621094e+00,4.696232318878173828e+00
1.658172249794006348e+00,1.579353713989257812e+01
1.165858864784240723e+00,2.021717071533203125e+00
1.436445474624633789e+00,3.841244697570800781e+00
2.708109855651855469e+00,1.496802425384521484e+01
2.514532566070556641e+00,1.507626724243164062e+01
2.143077850341796875e+00,1.563118267059326172e+01
1.665994167327880859e+00,1.275754809379577637e+00
2.532791376113891602e+00,1.113290786743164062e+01
1.952489852905273438e+00,1.060552692413330078e+01
1.430535316467285156e+00,2.690872907638549805e+00
1.593514204025268555e+00,3.009880781173706055e+00
2.577672243118286133e+00,9.831414222717285156e+00
1.853473305702209473e+00,2.068916261196136475e-01
1.959895491600036621e+00,8.997758865356445312e+00
2.554167985916137695e+00,1.388113689422607422e+01
2.277853727340698242e+00,4.990278244018554688e+00
1.487150192260742188e+00,3.206065416336059570e+00
1.948180437088012695e+00,3.290644645690917969e+00
2.183047533035278320e+00,1.265497493743896484e+01
1.342925548553466797e+00,6.278739452362060547e+00
1.658104658126831055e+00,1.594810676574707031e+01
1.961579322814941406e+00,1.582817554473876953e+01
2.178810834884643555e+00,1.547855472564697266e+01
1.732809066772460938e+00,1.589544010162353516e+01
1.944457769393920898e+00,1.574162006378173828e+01
1.564783453941345215e+00,1.602109909057617188e+01
2.228698253631591797e+00,5.386605739593505859e+00
1.616931200027465820e+00,4.486968040466308594e+00
1.419443845748901367e+00,4.803387165069580078e+00
1.868885278701782227e+00,1.581151771545410156e+01
2.005804777145385742e+00,1.127069854736328125e+01
1.536053657531738281e+00,1.511232137680053711e+00
1.578243732452392578e+00,1.593272304534912109e+01
1.672464847564697266e+00,8.875638961791992188e+00
1.575837969779968262e+00,4.933211326599121094e+00
1.366484642028808594e+00,1.120640873908996582e+00
1.341389536857604980e+00,1.726587057113647461e+00
7.495958209037780762e-01,1.003801226615905762e+00
1.710814952850341797e+00,3.501302719116210938e+00
1.153511554002761841e-02,-2.770560793578624725e-02
2.174365043640136719e+00,1.035383415222167969e+01
1.703864216804504395e+00,8.511910438537597656e+00
1.856724739074707031e+00,5.791762828826904297e+00
1.992986321449279785e+00,1.570522499084472656e+01
1.789591431617736816e+00,8.264631271362304688e+00
2.121528387069702148e+00,1.561416339874267578e+01
8.610787987709045410e-01,2.108968973159790039e+00
1.355633258819580078e+00,6.486895084381103516e-01
2.154258012771606445e+00,4.517909049987792969e+00
1.324255943298339844e+00,5.091974735260009766e+00
2.107499361038208008e+00,1.558942222595214844e+01
2.177730560302734375e+00,1.220613574981689453e+01
1.609078407287597656e+00,8.324086189270019531e+00
2.076620578765869141e+00,1.572284793853759766e+01
-7.285849004983901978e-02,-2.425145804882049561e-01
1.396425962448120117e+00,7.563945055007934570e-01
1.822244644165039062e+00,1.585909366607666016e+01
2.198610067367553711e+00,8.071064352989196777e-01
1.569632172584533691e+00,1.603749465942382812e+01
1.577687025070190430e+00,1.600156593322753906e+01
2.366772413253784180e+00,1.068354129791259766e+01
1.788120269775390625e+00,2.921168565750122070e+00
1.552353382110595703e+00,4.157976627349853516e+00
1.903739452362060547e+00,1.582116889953613281e+01
2.088902235031127930e+00,1.567205715179443359e+01
2.471073865890502930e+00,6.646807193756103516e+00
1.238345384597778320e+00,4.018322944641113281e+00
2.090547323226928711e+00,1.505452156066894531e+01
1.500576853752136230e+00,1.151986217498779297e+01
1.382117748260498047e+00,5.069072723388671875e+00
3.195161342620849609e+00,1.352239322662353516e+01
1.838721513748168945e+00,1.590444278717041016e+01
1.137520551681518555e+00,1.611280632019042969e+01
1.779458165168762207e+00,3.874516725540161133e+00
2.033123493194580078e+00,1.571037101745605469e+01
1.707531929016113281e+00,4.790255546569824219e+00
2.236552238464355469e+00,1.561424446105957031e+01
7.765431404113769531e-01,3.708958625793457031e-01
1.807279825210571289e+00,5.362009048461914062e+00
2.205126285552978516e+00,7.664275646209716797e+00
2.271855831146240234e+00,1.512160682678222656e+01
2.573257446289062500e+00,8.528159141540527344e+00
6.893339157104492188e-01,2.147078365087509155e-01
2.395559072494506836e+00,1.545673274993896484e+01
6.354756951332092285e-01,-6.872209906578063965e-02
1.913179159164428711e+00,1.064891338348388672e+01
2.730579614639282227e+00,1.338793849945068359e+01
1.146637916564941406e+00,1.483363509178161621e+00
2.020832538604736328e+00,1.581004810333251953e+01
2.635947942733764648e+00,1.485494518280029297e+01
2.697584629058837891e+00,1.321865653991699219e+01
2.071763515472412109e+00,7.157039165496826172e+00
1.297366499900817871e+00,1.601552200317382812e+01
1.766886472702026367e+00,1.456866025924682617e+00
1.782407164573669434e+00,5.062538623809814453e+00
1.569327235221862793e+00,3.104166507720947266e+00
2.720142602920532227e+00,1.467955780029296875e+01
2.215798377990722656e+00,6.198188304901123047e+00
1.308356285095214844e+00,4.452201366424560547e+00
1.993237495422363281e+00,1.569589614868164062e+01
1.624298214912414551e+00,1.595841693878173828e+01
2.383468866348266602e+00,9.231125831604003906e+00
2.433699846267700195e+00,1.155215072631835938e+01
1.510745286941528320e+00,5.781990528106689453e+00
1.956842899322509766e+00,1.566054821014404297e+01
1.689916849136352539e+00,1.589038753509521484e+01
1.492623329162597656e+00,1.595613193511962891e+01
1.013709664344787598e+00,1.006221485137939453e+01
1.949480772018432617e+00,6.112650394439697266e+00
1.164357066154479980e+00,9.980100989341735840e-01
1.663472056388854980e+00,3.477168798446655273e+00
1.928366184234619141e+00,1.463028788566589355e-01
9.948865175247192383e-01,4.665209293365478516e+00
1.031874299049377441e+00,-1.704048812389373779e-01
2.250513076782226562e+00,1.550913143157958984e+01
5.787008404731750488e-01,5.692605972290039062e-01
1.900496006011962891e+00,1.577713108062744141e+01
2.079264879226684570e+00,1.559548664093017578e+01
1.221590995788574219e+00,7.994546890258789062e-01
1.705250501632690430e+00,7.279693603515625000e+00
7.236024737358093262e-01,1.271567344665527344e-01
-2.866622060537338257e-02,2.903582453727722168e-01
1.908615589141845703e+00,1.575326251983642578e+01
2.036020994186401367e+00,1.556317806243896484e+01
1.821039319038391113e+00,6.818456172943115234e+00
2.056277036666870117e+00,1.571913242340087891e+01
9.591865539550781250e-01,5.108416557312011719e+00
1.115905880928039551e+00,8.390760421752929688e+00
2.360578298568725586e+00,1.499095916748046875e+01
2.055319309234619141e+00,1.567680454254150391e+01
1.773610591888427734e+00,3.767875671386718750e+00
1.826529979705810547e+00,1.578231430053710938e+01
1.976910352706909180e+00,1.569770336151123047e+01
2.053265571594238281e+00,1.128140735626220703e+01
9.446542859077453613e-01,1.672984957695007324e+00
2.320933580398559570e+00,1.550883865356445312e+01
2.963413953781127930e+00,1.201657390594482422e+01
1.845143318176269531e+00,1.587065219879150391e+01
1.606694698333740234e+00,1.773694038391113281e+00
1.466336727142333984e+00,6.060419559478759766e+00
1.833435058593750000e+00,1.582408618927001953e+01
2.206087827682495117e+00,1.541636371612548828e+01
1.277465105056762695e+00,5.812855243682861328e+00
2.089217424392700195e+00,7.969863891601562500e+00
2.768567800521850586e+00,1.463021183013916016e+01
1.113776922225952148e+00,1.478216648101806641e+00
1.601558923721313477e+00,6.032998561859130859e+00
1.429672002792358398e+00,7.512845039367675781e+00
1.917795896530151367e+00,1.532281875610351562e+01
2.220768451690673828e+00,1.296699810028076172e+01
1.606545925140380859e+00,6.734281063079833984e+00
1.618403673171997070e+00,7.308563709259033203e+00
1.539901018142700195e+00,1.597293758392333984e+01
2.120660543441772461e+00,1.529019451141357422e+01
1.369882971048355103e-01,-3.503588959574699402e-03
1.567787408828735352e+00,1.829569458961486816e+00
1.462187767028808594e+00,4.751255512237548828e+00
1.603822708129882812e+00,2.549877643585205078e+00
2.387155055999755859e+00,1.419455814361572266e+01
2.185354709625244141e+00,1.132128524780273438e+01
1.748992204666137695e+00,1.586497783660888672e+01
1.943666934967041016e+00,1.578207111358642578e+01
1.811903715133666992e+00,1.580974197387695312e+01
2.321160316467285156e+00,8.801457405090332031e+00
1.354174137115478516e+00,1.509093284606933594e+00
1.614969730377197266e+00,1.124806284904479980e+00
1.594927191734313965e+00,3.824664115905761719e+00
9.815110564231872559e-01,5.845295429229736328e+00
1.847350358963012695e+00,1.574716758728027344e+01
2.019692897796630859e+00,5.303939342498779297e+00
1.388972997665405273e+00,1.054954624176025391e+01
1.028779864311218262e+00,1.133140921592712402e+00
4.415033161640167236e-01,4.491271674633026123e-01
2.167540788650512695e+00,1.535809803009033203e+01
1.590079545974731445e+00,2.720403194427490234e+00
2.083118677139282227e+00,6.625485897064208984e+00
1.430684566497802734e+00,7.001288533210754395e-01
1.640298962593078613e+00,2.901881337165832520e-01
1.698776245117187500e+00,7.011978626251220703e+00
1.444051861763000488e+00,1.605559921264648438e+01
1.449380278587341309e+00,6.344335079193115234e+00
1.254229664802551270e+00,4.917942047119140625e+00
1.990833282470703125e+00,5.491939067840576172e+00
2.117131710052490234e+00,1.548416614532470703e+01
1.093019485473632812e+00,4.961102306842803955e-01
2.228418350219726562e+00,1.557971096038818359e+01
1.620605230331420898e+00,2.789899110794067383e+00
2.843469619750976562e+00,1.120747089385986328e+01
2.369204282760620117e+00,1.465219783782958984e+01
1.097558021545410156e+00,3.137689113616943359e+00
1.763106346130371094e+00,1.577417945861816406e+01
1.247108936309814453e+00,5.145462036132812500e+00
2.572110414505004883e+00,1.489324855804443359e+01
1.425506711006164551e+00,1.327827811241149902e+00
1.532178163528442383e+00,1.597294807434082031e+01
1.947331547737121582e+00,2.519197940826416016e+00
1.597209453582763672e+00,5.777052044868469238e-01
7.492007017135620117e-01,3.188040494918823242e+00
1.799781084060668945e+00,1.574047183990478516e+01
2.627880096435546875e+00,1.040905094146728516e+01
1.834663748741149902e+00,1.584438323974609375e+01
1.626135826110839844e+00,1.585207462310791016e+01
8.406433463096618652e-01,7.035962343215942383e-01
1.966954231262207031e+00,7.303287029266357422e+00
2.316992282867431641e+00,1.175430011749267578e+01
1.102102279663085938e+00,4.454906582832336426e-01
1.362873792648315430e+00,2.665204763412475586e+00
1.087379813194274902e+00,7.995060682296752930e-01
1.654943704605102539e+00,5.253086566925048828e+00
1.250805974006652832e+00,3.096755504608154297e+00
1.695009231567382812e+00,5.926872730255126953e+00
1.274243593215942383e+00,9.481440544128417969e+00
2.664082288742065430e+00,1.282722187042236328e+01
1.298920631408691406e+00,3.795014142990112305e+00
1.861476421356201172e+00,1.579963493347167969e+01
1.563714742660522461e+00,1.598705005645751953e+01
2.719407081604003906e+00,1.466864204406738281e+01
1.383741617202758789e+00,7.625892162322998047e+00
2.122102499008178711e+00,9.193470001220703125e+00
2.995849370956420898e+00,1.365286731719970703e+01
2.217688083648681641e+00,1.554687786102294922e+01
2.454219579696655273e+00,1.269623374938964844e+01
1.989753961563110352e+00,1.577142047882080078e+01
1.729309320449829102e+00,1.599472045898437500e+01
2.267820358276367188e+00,1.564056110382080078e+01
1.344624996185302734e+00,1.187764883041381836e+00
2.064952611923217773e+00,1.570061969757080078e+01
2.994427204132080078e+00,8.607254028320312500e+00
2.561305284500122070e+00,8.300116539001464844e+00
7.121719121932983398e-01,5.402588844299316406e+00
2.193840742111206055e+00,1.550478267669677734e+01
1.517697811126708984e+00,2.947174072265625000e+00
1.871204853057861328e+00,7.373213768005371094e+00
2.211928844451904297e+00,1.558751869201660156e+01
-3.264389336109161377e-01,1.074162125587463379e-01
1.465220689773559570e+00,8.224640846252441406e+00
1.777214765548706055e+00,5.038767814636230469e+00
1.888928532600402832e+00,9.435240030288696289e-01
1.426377296447753906e+00,1.607003784179687500e+01
1.976991891860961914e+00,5.399728298187255859e+00
1.953770399093627930e+00,1.578191471099853516e+01
2.166141271591186523e+00,1.571275997161865234e+01
1.702932357788085938e+00,1.593615436553955078e+01
2.603680610656738281e+00,8.457617759704589844e+00
2.472789764404296875e+00,1.515787315368652344e+01
1.180452823638916016e+00,3.545868098735809326e-01
1.821371793746948242e+00,1.504808807373046875e+01
1.695037007331848145e+00,1.504273223876953125e+01
1.192183136940002441e+00,5.394233703613281250e+00
1.581983566284179688e+00,4.990616798400878906e+00
1.263970613479614258e+00,1.609490394592285156e+01
1.676050662994384766e+00,6.781152725219726562e+00
2.249884366989135742e+00,9.050513267517089844e+00
2.415992259979248047e+00,1.544600391387939453e+01
1.407368898391723633e+00,8.345636367797851562e+00
1.796863913536071777e+00,7.590399265289306641e+00
1.500973224639892578e+00,3.219832897186279297e+00
1.194230079650878906e+00,2.328258037567138672e+00
1.237221002578735352e+00,6.147909164428710938e+00
1.704319715499877930e+00,1.589192867279052734e+01
6.036739945411682129e-01,2.735273540019989014e-01
1.715590715408325195e+00,1.583537673950195312e+01
1.501715064048767090e+00,4.020472526550292969e+00
2.424284219741821289e+00,7.323729991912841797e+00
1.787577390670776367e+00,1.583871936798095703e+01
1.165429830551147461e+00,9.758926630020141602e-01
2.134262800216674805e+00,1.569052219390869141e+01
2.558788776397705078e+00,6.580884456634521484e+00
1.581287622451782227e+00,2.121541738510131836e+00
1.253335952758789062e+00,2.403836727142333984e+00
3.227619886398315430e+00,1.230336570739746094e+01
2.136723756790161133e+00,1.545312213897705078e+01
1.536569118499755859e+00,7.464525222778320312e+00
1.626743316650390625e+00,3.818981647491455078e+00
1.706574440002441406e+00,1.806956648826599121e+00
5.180489420890808105e-01,8.329048752784729004e-02
2.078921556472778320e+00,1.574647808074951172e+01
3.228776454925537109e-01,2.977260649204254150e-01
1.687577247619628906e+00,4.121224880218505859e+00
2.806506395339965820e+00,1.195838642120361328e+01
2.976042926311492920e-01,-2.910760939121246338e-01
2.019158601760864258e+00,1.576635074615478516e+01
1.434676408767700195e+00,4.804904937744140625e+00
1.742291331291198730e+00,1.591007328033447266e+01
1.756187438964843750e+00,1.589151477813720703e+01
2.374922990798950195e+00,8.566882133483886719e+00
3.090645790100097656e+00,1.439599418640136719e+01
1.879725933074951172e+00,1.588076496124267578e+01
1.743171215057373047e+00,1.580337333679199219e+01
9.918808937072753906e-01,2.224472522735595703e+00
1.936437129974365234e+00,1.013605785369873047e+01
2.481668710708618164e+00,1.388418674468994141e+01
1.962232828140258789e+00,1.581513595581054688e+01
2.213371515274047852e+00,8.842139244079589844e+00
1.936430573463439941e+00,1.140209007263183594e+01
9.737294316291809082e-01,2.690207242965698242e+00
2.397579193115234375e+00,1.536665534973144531e+01
9.900555014610290527e-01,1.933791160583496094e+00
1.657600879669189453e+00,1.922204613685607910e+00
1.689430236816406250e+00,3.567161560058593750e+00
9.056501984596252441e-01,2.420216321945190430e+00
2.201314449310302734e+00,9.520956039428710938e+00
8.614047169685363770e-01,2.741300821304321289e+00
2.398564577102661133e+00,1.515978050231933594e+01
1.453415393829345703e+00,3.425441265106201172e+00
1.280840158462524414e+00,1.297097921371459961e+00
1.700208425521850586e+00,6.091598510742187500e+00
1.483753442764282227e+00,2.576813220977783203e+00
2.164157390594482422e+00,1.530708408355712891e+01
1.994775176048278809e+00,1.566463947296142578e+01
2.110018730163574219e+00,1.173661994934082031e+01
1.598662972450256348e+00,2.815610885620117188e+00
1.966589689254760742e+00,1.576870346069335938e+01
1.220127105712890625e+00,5.906877517700195312e-01
2.167097568511962891e+00,1.561867046356201172e+01
8.663662075996398926e-01,1.023499011993408203e+00
1.680073380470275879e+00,1.593571376800537109e+01
1.848860621452331543e+00,1.536511898040771484e+01
1.987210392951965332e+00,1.538061237335205078e+01
2.150616884231567383e+00,2.757998228073120117e+00
8.291872143745422363e-01,8.162862658500671387e-01
2.245917081832885742e+00,1.564738655090332031e+01
2.081367254257202148e+00,1.262025547027587891e+01
9.793916940689086914e-01,2.257533371448516846e-01
2.082416772842407227e+00,1.555281639099121094e+01
-7.439943403005599976e-02,2.259763479232788086e-01
1.359537720680236816e+00,3.004963696002960205e-01
2.404952526092529297e+00,1.473190784454345703e+01
1.798724889755249023e+00,5.821256160736083984e+00
1.879892230033874512e+00,7.502855777740478516e+00
2.313668251037597656e+00,1.553662109375000000e+01
1.525504827499389648e+00,3.825919389724731445e+00
1.407088041305541992e+00,8.745505332946777344e+00
5.041315555572509766e-01,3.050990998744964600e-01
1.986363053321838379e+00,4.406398296356201172e+00
2.067269086837768555e+00,1.454336762428283691e+00
2.180176258087158203e+00,1.485680389404296875e+01
1.932909846305847168e+00,7.969074726104736328e+00
1.902148008346557617e+00,1.581246185302734375e+01
1.440595746040344238e+00,1.608868408203125000e+01
1.754464983940124512e+00,5.332760810852050781e+00
8.315086960792541504e-01,4.250618457794189453e+00
2.306923866271972656e+00,8.855225563049316406e+00
1.384063839912414551e+00,7.898689746856689453e+00
1.293358325958251953e+00,2.768353521823883057e-01
2.068281173706054688e+00,9.926749229431152344e+00
1.620758295059204102e+00,1.589983344078063965e+00
1.955687999725341797e+00,1.291931152343750000e+01
1.849198102951049805e+00,5.714456081390380859e+00
2.400631666183471680e+00,7.248155117034912109e+00
1.617605447769165039e+00,3.436587333679199219e+00
1.061346530914306641e+00,2.371072322130203247e-01
2.786557674407958984e+00,1.378111934661865234e+01
1.059112071990966797e+00,7.348355650901794434e-01
2.093818902969360352e+00,1.582065868377685547e+01
2.215110063552856445e+00,1.558021450042724609e+01
1.960044741630554199e+00,1.543520832061767578e+01
2.130927324295043945e+00,8.624690055847167969e+00
1.630271196365356445e+00,1.955404877662658691e+00
2.355277776718139648e+00,1.480553150177001953e+01
1.829855680465698242e+00,1.579450321197509766e+01
1.351796388626098633e+00,2.458109617233276367e+00
1.890681505203247070e+00,7.687838077545166016e+00
1.266083717346191406e+00,4.544953346252441406e+00
1.878210306167602539e+00,1.583813476562500000e+01
2.209515810012817383e+00,1.560289669036865234e+01
7.033159136772155762e-01,9.979228973388671875e-01
1.974139451980590820e+00,6.618231773376464844e+00
1.411680459976196289e+00,1.016256213188171387e+00
2.037554979324340820e+00,1.562161445617675781e+01
1.995985269546508789e+00,1.568431472778320312e+01
1.388887524604797363e+00,7.601149559020996094e+00
1.267589569091796875e+00,1.614051628112792969e+01
2.413319110870361328e+00,1.544173526763916016e+01
1.509365797042846680e+00,1.600118255615234375e+01
1.836253285408020020e+00,1.576310825347900391e+01
1.265983581542968750e+00,5.860150814056396484e+00
1.564138412475585938e+00,1.601563072204589844e+01
2.110393524169921875e+00,1.548328018188476562e+01
5.844417214393615723e-01,1.999510228633880615e-01
2.895457744598388672e+00,1.441243743896484375e+01
1.755291461944580078e+00,2.819434165954589844e+00
1.065041065216064453e+00,1.611642837524414062e+01
1.388406395912170410e+00,4.297172069549560547e+00
1.063244938850402832e+00,7.658926010131835938e+00
2.051782369613647461e+00,4.766492843627929688e+00
1.865355730056762695e+00,8.966965675354003906e+00
1.956676483154296875e+00,5.580502033233642578e+00
1.002759456634521484e+00,8.113095760345458984e-01
1.739001989364624023e+00,1.589831352233886719e+01
1.161659121513366699e+00,1.283887267112731934e+00
1.864145517349243164e+00,1.542463493347167969e+01
1.110820770263671875e+00,5.051118135452270508e-02
2.241133451461791992e+00,3.588399410247802734e+00
2.005620718002319336e+00,1.097273921966552734e+01
1.573203325271606445e+00,6.400760412216186523e-01
1.377515196800231934e+00,6.171826839447021484e+00
1.953279256820678711e+00,5.298467159271240234e+00
1.652083396911621094e+00,1.592747306823730469e+01
1.146715760231018066e+00,7.610597014427185059e-01
1.485064387321472168e+00,2.211977958679199219e+00
2.499819040298461914e+00,1.309932422637939453e+01
2.018382787704467773e+00,7.828801631927490234e+00
1.681204319000244141e+00,1.165872669219970703e+01
7.776609063148498535e-01,2.764163315296173096e-01
2.776792764663696289e+00,1.390158939361572266e+01
2.167957782745361328e+00,1.488943958282470703e+01
2.184060335159301758e+00,8.074784278869628906e+00
8.889845013618469238e-01,1.262212181091308594e+01
2.028102159500122070e+00,1.563778972625732422e+01
2.393709421157836914e+00,1.549066352844238281e+01
1.589095354080200195e+00,1.600075531005859375e+01
2.309571027755737305e+00,1.062451076507568359e+01
1.651338219642639160e+00,5.969235897064208984e+00
1.534918904304504395e+00,2.696362257003784180e+00
1.164832592010498047e+00,3.575220823287963867e+00
2.577862501144409180e+00,1.379147243499755859e+01
1.661882400512695312e+00,1.587615871429443359e+01
2.164658546447753906e+00,1.718452095985412598e+00
1.980026245117187500e+00,1.575803756713867188e+01
1.745832204818725586e+00,8.027413368225097656e+00
7.858076691627502441e-01,1.563193082809448242e+00
2.835515737533569336e+00,1.306420612335205078e+01
8.452667593955993652e-01,9.901812553405761719e+00
1.959517121315002441e+00,1.152159023284912109e+01
1.360082149505615234e+00,1.309546828269958496e+00
1.973053216934204102e+00,3.683423995971679688e+00
1.970339775085449219e+00,3.908955574035644531e+00
8.789692521095275879e-01,3.582488536834716797e+00
2.330425500869750977e+00,1.310384368896484375e+01
2.088983058929443359e+00,6.766013145446777344e+00
1.352812290191650391e+00,1.231029987335205078e+01
7.005450129508972168e-01,8.672767281532287598e-01
2.061483144760131836e+00,1.571098613739013672e+01
2.010562658309936523e+00,4.657111644744873047e+00
1.829952239990234375e+00,1.581095218658447266e+01
2.188135862350463867e+00,1.247698307037353516e+01
1.828435420989990234e+00,1.587720966339111328e+01
1.804786086082458496e+00,6.981193065643310547e+00
2.125588417053222656e+00,1.090989589691162109e+01
1.631132483482360840e+00,3.593988716602325439e-01
1.380973577499389648e+00,3.014857769012451172e+00
2.053711652755737305e+00,1.563085079193115234e+01
1.535531282424926758e+00,7.213470458984375000e+00
1.600499391555786133e+00,1.492580318450927734e+01
1.183805704116821289e+00,6.087867259979248047e+00
1.350075364112854004e+00,2.406359672546386719e+00
2.069838047027587891e+00,1.575661563873291016e+01
1.544619083404541016e+00,2.552613735198974609e+00
4.279550313949584961e-01,4.708910465240478516e+00
2.049288988113403320e+00,1.510812091827392578e+01
1.752957582473754883e+00,1.598393344879150391e+01
1.926383256912231445e+00,1.578822231292724609e+01
1.750087887048721313e-01,-2.321828901767730713e-01
1.562076210975646973e+00,6.825278759002685547e+00
1.068697452545166016e+00,1.613893318176269531e+01
1.240280628204345703e+00,9.527410864830017090e-01
2.075689315795898438e+00,1.329549121856689453e+01
1.798967361450195312e+00,6.619736194610595703e+00
2.863150119781494141e+00,1.428954792022705078e+01
2.467687606811523438e+00,1.368476104736328125e+01
1.895853042602539062e+00,1.576475143432617188e+01
1.551878452301025391e+00,8.465146064758300781e+00
7.009201645851135254e-01,3.935441970825195312e-01
1.357130885124206543e+00,7.508741855621337891e+00
1.590268850326538086e+00,5.922071933746337891e+00
1.684287786483764648e+00,1.591943264007568359e+01
2.323384761810302734e+00,1.537875461578369141e+01
1.246076107025146484e+00,7.846835136413574219e+00
1.005070686340332031e+00,3.836925506591796875e+00
2.184107542037963867e+00,7.818737506866455078e+00
1.682203531265258789e+00,1.593798923492431641e+01
2.503883600234985352e+00,1.475003910064697266e+01
1.853094696998596191e+00,7.906948089599609375e+00
1.663076758384704590e+00,3.779804229736328125e+00
2.226605176925659180e+00,1.310701084136962891e+01
1.601634502410888672e+00,5.497835636138916016e+00
2.462903261184692383e+00,1.120987987518310547e+01
1.112806558609008789e+00,2.325586795806884766e+00
1.268065094947814941e+00,1.787407398223876953e+00
1.024322390556335449e+00,-4.413480460643768311e-01
1.258662343025207520e+00,6.854106426239013672e+00
1.225823521614074707e+00,3.161556243896484375e+00
1.628190279006958008e+00,1.450918865203857422e+01
2.023304939270019531e+00,1.570279693603515625e+01
1.158150672912597656e+00,3.310686111450195312e+00
1.828906178474426270e+00,6.284216403961181641e+00
1.700311422348022461e+00,4.192695140838623047e+00
2.325860500335693359e+00,1.445482349395751953e+01
1.753025889396667480e+00,6.411946773529052734e+00
1.834437370300292969e+00,2.445986270904541016e+00
1.738240480422973633e+00,1.588554859161376953e+01
1.235116958618164062e+00,4.300908565521240234e+00
2.691221714019775391e+00,1.279677009582519531e+01
7.148841023445129395e-01,2.220313072204589844e+00
1.304888367652893066e+00,6.592212200164794922e+00
1.219540834426879883e+00,9.188151359558105469e-01
3.146502971649169922e+00,1.356993961334228516e+01
2.085376024246215820e+00,1.552521991729736328e+01
6.790698170661926270e-01,3.817931413650512695e-01
1.071741580963134766e+00,-1.415718793869018555e-01
1.568342328071594238e+00,7.435113430023193359e+00
2.036212921142578125e+00,1.185973644256591797e+01
2.576972246170043945e+00,1.521673583984375000e+01
2.877611875534057617e+00,1.367961502075195312e+01
1.257394075393676758e+00,2.374786853790283203e+00
1.966156125068664551e+00,7.090571880340576172e+00
2.188468694686889648e+00,7.881053924560546875e+00
1.417800188064575195e+00,1.602656745910644531e+01
8.894215822219848633e-01,5.891697406768798828e-01
2.009093761444091797e+00,1.562320423126220703e+01
1.815294504165649414e+00,1.584318065643310547e+01
2.257323980331420898e+00,2.591006994247436523e+00
1.010249376296997070e+00,4.090270996093750000e+00
2.107450485229492188e+00,4.901198863983154297e+00
2.831116437911987305e+00,6.539452075958251953e+00
2.093497514724731445e+00,7.987597942352294922e+00
1.626731634140014648e+00,1.594555187225341797e+01
1.732409119606018066e+00,1.986299753189086914e+00
1.231159567832946777e+00,8.126478195190429688e+00
2.286084413528442383e+00,1.213169002532958984e+01
1.329379081726074219e+00,4.761630535125732422e+00
1.348795652389526367e+00,1.928053855895996094e+00
1.910718798637390137e+00,1.589129066467285156e+01
1.845809102058410645e+00,5.989886760711669922e+00
1.798785209655761719e+00,1.575696086883544922e+01
1.596331596374511719e+00,1.596688842773437500e+01
1.881518244743347168e+00,1.371005535125732422e+01
1.560999035835266113e+00,9.109728336334228516e-01
1.371978998184204102e+00,5.373869895935058594e+00
1.417164802551269531e+00,7.822202682495117188e+00
1.545108318328857422e+00,1.607672309875488281e+01
2.043339014053344727e+00,1.737972974777221680e+00
1.174840331077575684e+00,3.301577866077423096e-01
2.190724611282348633e+00,1.561652469635009766e+01
1.826220273971557617e+00,1.580599021911621094e+01
1.369841098785400391e+00,3.267217278480529785e-01
2.282146215438842773e+00,1.125906276702880859e+01
1.518492817878723145e+00,8.558662414550781250e+00
1.978882551193237305e+00,1.562002849578857422e+01
2.216428756713867188e+00,1.354532337188720703e+01
1.876159906387329102e+00,1.584829998016357422e+01
1.590578794479370117e+00,3.463910341262817383e+00
1.649617433547973633e+00,1.590370464324951172e+01
2.290452003479003906e+00,1.528797626495361328e+01
1.702631711959838867e+00,1.594908523559570312e+01
1.430890560150146484e+00,-1.146170198917388916e-01
1.638644933700561523e+00,2.588964402675628662e-01
2.207660913467407227e+00,1.553740882873535156e+01
2.146258115768432617e+00,8.887869834899902344e+00
2.021889448165893555e+00,1.234127163887023926e+00
4.114220440387725830e-01,-1.275518238544464111e-01
1.312846899032592773e+00,1.610357475280761719e+01
1.364294052124023438e+00,3.147242546081542969e+00
9.564481973648071289e-01,4.339640140533447266e+00
1.260117530822753906e+00,2.990946769714355469e+00
1.951690673828125000e+00,5.332583427429199219e+00
2.095946073532104492e+00,1.569788074493408203e+01
1.843986511230468750e+00,1.582921314239501953e+01
1.191974520683288574e+00,1.323197841644287109e+00
7.452974319458007812e-01,-1.431106030941009521e-01
1.433820247650146484e+00,9.278778076171875000e+00
1.520816922187805176e+00,5.380641222000122070e-01
5.474833846092224121e-01,2.558672130107879639e-01
1.820771574974060059e+00,1.594902420043945312e+01
1.999241113662719727e+00,9.843520164489746094e+00
2.147143602371215820e+00,3.475123405456542969e+00
2.170652627944946289e+00,6.334636211395263672e+00
2.578690052032470703e+00,1.255607795715332031e+01
1.884439826011657715e+00,1.578535938262939453e+01
2.503336668014526367e+00,7.326116085052490234e+00
2.045719146728515625e+00,1.548124694824218750e+01
1.011873483657836914e+00,6.669790744781494141e-01
2.128370046615600586e+00,1.512888813018798828e+01
2.410863876342773438e+00,9.939013481140136719e+00
2.593827724456787109e+00,1.224280548095703125e+01
1.451212167739868164e+00,1.599700164794921875e+01
2.106180191040039062e+00,7.021058559417724609e+00
1.849240183830261230e+00,1.267967510223388672e+01
2.206819772720336914e+00,1.458102798461914062e+01
1.759921193122863770e+00,5.040253639221191406e+00
1.638973474502563477e+00,1.580639171600341797e+01
2.865050315856933594e+00,1.229501438140869141e+01
2.362416505813598633e+00,1.547366905212402344e+01
2.134032964706420898e+00,1.568045425415039062e+01
1.560528874397277832e+00,1.001718616485595703e+01
8.180043101310729980e-01,1.826545894145965576e-01
1.090360641479492188e+00,8.317431449890136719e+00
1.939525842666625977e+00,3.443238258361816406e+00
2.639913320541381836e+00,1.475240135192871094e+01
1.649532198905944824e+00,8.551362991333007812e+00
1.492915630340576172e+00,9.673246383666992188e+00
1.786520719528198242e+00,1.590656757354736328e+01
1.441696405410766602e+00,1.607728958129882812e+01
9.877341389656066895e-01,6.758751869201660156e+00
2.159384727478027344e+00,6.653672218322753906e+00
1.693066477775573730e+00,7.665259838104248047e+00
1.549988031387329102e+00,2.488516807556152344e+00
1.222586631774902344e+00,1.456121563911437988e+00
1.807875156402587891e+00,5.463117122650146484e+00
1.803047657012939453e+00,1.111802577972412109e+00
9.459718465805053711e-01,6.999864578247070312e-01
1.924862504005432129e+00,1.465351486206054688e+01
2.092890501022338867e+00,1.554576587677001953e+01
2.024298191070556641e+00,1.567987060546875000e+01
2.326628208160400391e+00,1.367382907867431641e+01
1.911139488220214844e+00,6.917455196380615234e+00
1.506909132003784180e+00,4.313630580902099609e+00
7.524146437644958496e-01,2.922831177711486816e-01
1.249664187431335449e+00,4.274993419647216797e+00
2.262258768081665039e+00,1.563248538970947266e+01
1.921243906021118164e+00,9.717736244201660156e+00
1.757050633430480957e+00,1.592290496826171875e+01
2.544835805892944336e+00,8.870320320129394531e+00
2.052274942398071289e+00,1.399833106994628906e+01
2.672861814498901367e+00,1.372422790527343750e+01
1.213301897048950195e+00,4.671813964843750000e+00
9.234549403190612793e-01,5.356777906417846680e-01
2.692406892776489258e+00,1.430737590789794922e+01
2.656916618347167969e+00,7.156389236450195312e+00
1.004199624061584473e+00,2.987390279769897461e+00
1.898896813392639160e+00,1.100676250457763672e+01
2.256752252578735352e+00,1.555839252471923828e+01
2.540727853775024414e+00,1.417793655395507812e+01
2.662026882171630859e+00,1.456028652191162109e+01
1.282261133193969727e+00,1.279039192199707031e+01
1.172102689743041992e+00,4.855232536792755127e-01
2.358975648880004883e+00,1.534013366699218750e+01
2.820291280746459961e+00,1.206981372833251953e+01
1.255816698074340820e+00,5.192752838134765625e+00
1.038007855415344238e+00,1.605684518814086914e+00
2.228240013122558594e+00,9.982064247131347656e+00
8.959823250770568848e-01,1.394346475601196289e+00
1.071918249130249023e+00,9.418344497680664062e-01
1.865099191665649414e+00,5.742103099822998047e+00
1.508341073989868164e+00,1.601731872558593750e+01
2.223916202783584595e-01,1.111505627632141113e-01
1.310474872589111328e+00,2.828590869903564453e+00
1.597583770751953125e+00,1.055102705955505371e+00
1.412387132644653320e+00,1.591083049774169922e+01
2.304951667785644531e+00,7.795774459838867188e+00
7.088099718093872070e-01,2.544856071472167969e+00
2.020994663238525391e+00,1.563590908050537109e+01
2.247728109359741211e+00,9.836295127868652344e+00
1.114758133888244629e+00,4.857704341411590576e-01
1.252273082733154297e+00,5.281038761138916016e+00
1.651923775672912598e+00,1.593587779998779297e+01
1.787884235382080078e+00,1.575919437408447266e+01
1.986268758773803711e+00,1.371248340606689453e+01
2.423368692398071289e+00,1.236598682403564453e+01
1.386395812034606934e+00,1.574915218353271484e+01
8.477289676666259766e-01,3.538120090961456299e-01
1.977788329124450684e+00,1.501814746856689453e+01
1.015700578689575195e+00,8.215763568878173828e-01
1.601791024208068848e+00,1.602943992614746094e+01
2.016864061355590820e+00,3.149520874023437500e+00
1.522481322288513184e+00,5.328711032867431641e+00
1.746047854423522949e+00,1.587281799316406250e+01
1.155536413192749023e+00,3.291611433029174805e+00
1.418084859848022461e+00,5.827804088592529297e+00
1.318428993225097656e+00,7.277413606643676758e-01
1.390845537185668945e+00,6.420857310295104980e-01
1.477002143859863281e+00,1.601944160461425781e+01
2.306988239288330078e+00,1.548299789428710938e+01
2.465312957763671875e+00,9.226315498352050781e+00
1.435665488243103027e+00,4.670482575893402100e-01
1.033002376556396484e+00,1.615977859497070312e+01
1.256492614746093750e+00,6.068292617797851562e+00
2.313713788986206055e+00,1.100478839874267578e+01
1.553022861480712891e+00,4.013383865356445312e+00
2.364586591720581055e+00,8.314017295837402344e+00
1.448150277137756348e+00,1.276873874664306641e+01
1.202886700630187988e+00,1.313555002212524414e+00
5.702624917030334473e-01,5.649734139442443848e-01
1.359133958816528320e+00,1.610656929016113281e+01
1.107975244522094727e+00,1.118173897266387939e-01
7.978768348693847656e-01,2.242773473262786865e-01
1.794104337692260742e+00,3.528146266937255859e+00
2.200376510620117188e+00,1.538821220397949219e+01
5.766216516494750977e-01,1.897198855876922607e-01
2.293132781982421875e+00,1.534210872650146484e+01
1.861213445663452148e+00,1.521129035949707031e+01
1.462986469268798828e+00,5.542153835296630859e+00
1.554872870445251465e+00,8.030354499816894531e+00
1.907444953918457031e+00,1.568576335906982422e+01
1.544616818428039551e+00,3.707815885543823242e+00
1.803851842880249023e+00,2.968628644943237305e+00
1.895904541015625000e+00,2.263255357742309570e+00
1.653117299079895020e+00,1.592025470733642578e+01
1.655976176261901855e+00,1.592503261566162109e+01
1.398065686225891113e+00,1.233587861061096191e+00
1.300667047500610352e+00,2.173352241516113281e+00
1.816871881484985352e+00,1.576434326171875000e+01
1.740527153015136719e+00,4.461946964263916016e+00
1.672426700592041016e+00,1.592981243133544922e+01
2.060395479202270508e+00,1.559743118286132812e+01
1.508068680763244629e+00,7.905794382095336914e-01
1.791796445846557617e+00,1.579088783264160156e+01
2.117035150527954102e+00,3.935992002487182617e+00
1.381197929382324219e+00,1.081609344482421875e+01
1.833974003791809082e+00,1.576676559448242188e+01
1.861583948135375977e+00,7.731895446777343750e+00
1.538930177688598633e+00,3.176078796386718750e+00
1.672672271728515625e+00,1.588242626190185547e+01
6.199972033500671387e-01,2.494442939758300781e+00
1.879218578338623047e+00,1.580501842498779297e+01
1.495791912078857422e+00,5.299059867858886719e+00
1.264880657196044922e+00,9.724030494689941406e-01
1.550616741180419922e+00,1.163958549499511719e+00
1.619316816329956055e+00,1.595897769927978516e+01
2.468325614929199219e+00,1.373100757598876953e+01
2.252460718154907227e+00,1.421462535858154297e+01
1.485865712165832520e+00,8.323017954826354980e-01
2.090489149093627930e+00,5.086097240447998047e+00
8.819786906242370605e-01,3.272192776203155518e-01
1.568620681762695312e+00,2.118418216705322266e+00
1.626690983772277832e+00,1.605538368225097656e+00
4.027455449104309082e-01,1.676023304462432861e-01
2.258872270584106445e+00,7.756018161773681641e+00
1.533546686172485352e+00,1.603908348083496094e+01
2.556520223617553711e+00,1.050147628784179688e+01
1.666725158691406250e+00,3.427000522613525391e+00
1.892248153686523438e+00,7.143532276153564453e+00
1.377779960632324219e+00,8.763770103454589844e+00
1.425449848175048828e+00,1.601267814636230469e+01
1.996034145355224609e+00,2.175462961196899414e+00
8.740547895431518555e-01,6.165057420730590820e-01
1.630507707595825195e+00,1.601411056518554688e+01
1.590677261352539062e+00,2.292701244354248047e+00
1.893941998481750488e+00,1.554539012908935547e+01
1.469560623168945312e+00,5.143712520599365234e+00
2.831728458404541016e+00,9.651146888732910156e+00
1.306791305541992188e+00,1.611960411071777344e+01
2.166991949081420898e+00,1.554100513458251953e+01
1.542018055915832520e+00,1.560635566711425781e-01
1.948199033737182617e+00,6.052733898162841797e+00
1.904446125030517578e+00,1.579142951965332031e+01
2.088538408279418945e+00,1.567708110809326172e+01
1.345456361770629883e+00,2.896972656250000000e+00
1.674714326858520508e+00,6.616338253021240234e+00
1.304008007049560547e+00,1.486564159393310547e+00
2.773560285568237305e+00,1.270580005645751953e+01
1.709442615509033203e+00,1.593837642669677734e+01
8.988171219825744629e-01,4.697031378746032715e-01
8.201480507850646973e-01,3.390551507472991943e-01
1.175395131111145020e+00,5.929911136627197266e+00
1.950493812561035156e+00,9.370897293090820312e+00
2.311305046081542969e+00,1.340424299240112305e+00
2.278115034103393555e+00,7.568333625793457031e+00
1.528476476669311523e+00,4.184135437011718750e+00
1.506640195846557617e+00,3.727820634841918945e+00
1.046954154968261719e+00,1.862470507621765137e+00
1.409574508666992188e+00,6.144709110260009766e+00
2.521817207336425781e+00,8.575284004211425781e+00
8.187524676322937012e-01,5.490118861198425293e-01
2.087958335876464844e+00,2.347857952117919922e+00
2.129773616790771484e+00,6.190108776092529297e+00
1.731999397277832031e+00,1.589370059967041016e+01
1.700465321540832520e+00,6.860167980194091797e+00
1.393074512481689453e+00,1.613870739936828613e+00
1.382090926170349121e+00,2.855832099914550781e+00
7.553418278694152832e-01,5.156177282333374023e-01
2.219540357589721680e+00,1.003825092315673828e+01
2.496731758117675781e+00,1.428961277008056641e+01
2.131910800933837891e+00,5.811391830444335938e+00
2.663696527481079102e+00,1.412176799774169922e+01
1.286987543106079102e+00,8.914179801940917969e-01
2.061332702636718750e+00,1.564902019500732422e+01
2.356951236724853516e+00,6.799117565155029297e+00
2.079678773880004883e+00,1.965436458587646484e+00
1.933919787406921387e+00,1.987629413604736328e+00
2.041361808776855469e+00,1.567819499969482422e+01
2.061129808425903320e+00,1.560252666473388672e+01
5.805601477622985840e-01,1.968241453170776367e+00
1.676504731178283691e+00,5.153631210327148438e+00
2.140458106994628906e+00,1.105427455902099609e+01
3.589091897010803223e-01,-2.178449332714080811e-01
2.127918958663940430e+00,1.561537837982177734e+01
1.373985886573791504e+00,6.959677934646606445e-01
1.414370536804199219e+00,1.612237548828125000e+01
1.772898435592651367e+00,1.591649627685546875e+01
2.211965799331665039e+00,1.165967273712158203e+01
2.009631633758544922e+00,8.231140136718750000e+00
1.803104162216186523e+00,4.337195873260498047e+00
1.440727710723876953e+00,8.816430091857910156e+00
2.307166814804077148e+00,1.548874664306640625e+01
1.042955994606018066e+00,5.477821230888366699e-01
2.040713787078857422e+00,8.587944984436035156e+00
2.744431495666503906e+00,1.268941211700439453e+01
1.570554494857788086e+00,6.289476871490478516e+00
1.774364352226257324e+00,5.204203128814697266e+00
2.033306121826171875e+00,1.315149784088134766e+01
1.876564502716064453e+00,1.577988147735595703e+01
2.159954309463500977e+00,9.605202674865722656e+00
2.235847473144531250e+00,1.555191802978515625e+01
2.551817417144775391e+00,1.406930255889892578e+01
2.104260683059692383e+00,7.958560943603515625e+00
2.039705753326416016e+00,8.399022102355957031e+00
1.742424845695495605e+00,1.599221992492675781e+01
1.350378155708312988e+00,1.604747772216796875e+01
1.711256027221679688e+00,3.081033229827880859e+00
2.418930292129516602e+00,7.268065929412841797e+00
1.641566038131713867e+00,1.599928379058837891e+01
2.343881130218505859e+00,3.406262397766113281e+00
1.543708324432373047e+00,1.596203804016113281e+01
1.465787529945373535e+00,1.956276297569274902e+00
2.046256303787231445e+00,1.563399028778076172e+01
2.276103258132934570e+00,1.087898063659667969e+01
1.238309621810913086e+00,2.410295963287353516e+00
1.900515794754028320e+00,1.591055011749267578e+01
1.727225899696350098e+00,1.590853786468505859e+01
2.060554265975952148e+00,5.129458904266357422e+00
1.249226689338684082e+00,1.894976735115051270e+00
1.108883500099182129e+00,5.971154689788818359e+00
1.838703989982604980e+00,1.582280063629150391e+01
1.276196718215942383e+00,1.616716575622558594e+01
2.118650197982788086e+00,1.559440135955810547e+01
1.120236635208129883e+00,1.980299711227416992e+00
1.121941328048706055e+00,1.612430763244628906e+01
1.799526929855346680e+00,1.495304965972900391e+01
1.999963760375976562e+00,1.498375797271728516e+01
2.055419206619262695e+00,5.622871875762939453e+00
1.422135114669799805e+00,-4.645916521549224854e-01
2.689108133316040039e+00,1.272533035278320312e+01
2.232264280319213867e+00,7.895970821380615234e+00
1.087311029434204102e+00,5.161350250244140625e+00
1.594482064247131348e+00,1.595874118804931641e+01
2.381541013717651367e+00,1.543457698822021484e+01
1.726172685623168945e+00,1.586376094818115234e+01
1.021097183227539062e+00,7.576924562454223633e-01
2.068864583969116211e+00,1.031408309936523438e+01
1.488454580307006836e+00,1.528131604194641113e+00
1.771189212799072266e+00,5.170944690704345703e+00
1.271377682685852051e+00,8.286741256713867188e+00
1.482404232025146484e+00,1.602547645568847656e+01
2.360919237136840820e+00,1.516504478454589844e+01
1.559440374374389648e+00,2.136309146881103516e+00
8.580468297004699707e-01,1.702089786529541016e+00
2.272355318069458008e+00,8.162474632263183594e+00
1.157187938690185547e+00,1.149206519126892090e+00
1.212198495864868164e+00,1.245300471782684326e-01
1.310851097106933594e+00,2.788976192474365234e+00
1.903606414794921875e+00,5.604900360107421875e+00
1.049616813659667969e+00,5.538895130157470703e-01
1.676992058753967285e+00,6.695053577423095703e+00
2.348160266876220703e+00,1.551380634307861328e+01
2.087363481521606445e+00,1.315120887756347656e+01
1.532709836959838867e+00,4.639908790588378906e+00
2.042129993438720703e+00,1.238389015197753906e+00
2.527603864669799805e+00,1.376785850524902344e+01
1.451195001602172852e+00,1.498978495597839355e+00
1.755611896514892578e+00,8.915940284729003906e+00
1.872855544090270996e+00,1.551470565795898438e+01
2.014300823211669922e+00,6.714764118194580078e+00
2.262569904327392578e+00,1.533836174011230469e+01
2.004997014999389648e+00,7.189239025115966797e+00
1.124670147895812988e+00,5.936052799224853516e+00
1.514419913291931152e+00,1.597491741180419922e+01
2.281238555908203125e+00,9.258956909179687500e+00
1.619113922119140625e+00,6.516778469085693359e+00
1.497519254684448242e+00,7.763657569885253906e+00
1.422309637069702148e+00,1.600562477111816406e+01
1.253676414489746094e+00,1.689249277114868164e-01
1.455713510513305664e+00,3.961240768432617188e+00
1.324353456497192383e+00,5.161139965057373047e+00
1.844042062759399414e+00,1.585169124603271484e+01
2.045754909515380859e+00,6.745084285736083984e+00
1.650264501571655273e+00,1.594889068603515625e+01
1.134214162826538086e+00,3.593485832214355469e+00
1.354903101921081543e+00,8.597228050231933594e+00
2.971318721771240234e+00,1.347500133514404297e+01
1.083209276199340820e+00,3.112464904785156250e+00
2.042658567428588867e+00,5.484063625335693359e+00
1.267248749732971191e+00,8.802859783172607422e-01
1.623174905776977539e+00,1.198855686187744141e+01
1.646253108978271484e+00,1.487689733505249023e+00
1.915320873260498047e+00,1.576022243499755859e+01
2.536870718002319336e+00,1.426665687561035156e+01
2.129169702529907227e+00,1.565853977203369141e+01
2.214519262313842773e+00,1.527935314178466797e+01
2.723866462707519531e+00,1.330231094360351562e+01
1.842607736587524414e+00,1.577775382995605469e+01
1.432965278625488281e+00,1.985790491104125977e+00
2.498977422714233398e+00,7.582622528076171875e+00
1.416241645812988281e+00,6.494810581207275391e+00
8.147695064544677734e-01,4.734279587864875793e-03
2.736718416213989258e+00,7.658048152923583984e+00
2.568608283996582031e+00,1.109153842926025391e+01
1.430513024330139160e+00,3.166481971740722656e+00
1.905984997749328613e+00,1.582173442840576172e+01
3.639399111270904541e-01,-3.450084924697875977e-01
1.578294992446899414e+00,1.593135595321655273e+00
2.284692525863647461e+00,1.004631233215332031e+01
1.807395577430725098e+00,1.592496490478515625e+01
1.188238501548767090e+00,3.093533515930175781e+00
2.106199026107788086e+00,9.960062503814697266e-01
1.780786395072937012e+00,1.595639896392822266e+01
2.361167192459106445e+00,8.700228691101074219e+00
1.309147953987121582e+00,1.215449690818786621e+00
1.265733242034912109e+00,4.313722610473632812e+00
5.984185338020324707e-01,9.544113278388977051e-02
1.619809865951538086e+00,4.638541936874389648e-01
2.698138713836669922e+00,1.486087799072265625e+01
1.016159534454345703e+00,5.338970661163330078e+00
6.391785740852355957e-01,3.126987218856811523e+00
2.184922456741333008e+00,7.775264263153076172e+00
2.260731935501098633e+00,1.543095397949218750e+01
2.189007759094238281e+00,1.631312131881713867e+00
2.689466714859008789e+00,1.227199268341064453e+01
2.015312433242797852e+00,1.848869323730468750e+00
1.565725564956665039e+00,1.605823326110839844e+01
3.008940458297729492e+00,4.815206050872802734e+00
1.969746589660644531e+00,2.710622072219848633e+00
9.428167343139648438e-01,2.686999797821044922e+00
1.271767497062683105e+00,1.409783601760864258e+00
3.001889228820800781e+00,7.626595973968505859e+00
1.401121377944946289e+00,3.425982713699340820e+00
9.895204305648803711e-01,2.678012549877166748e-01
2.187056779861450195e+00,1.565506649017333984e+01
1.904142379760742188e+00,1.033097553253173828e+01
2.093910932540893555e+00,1.207378768920898438e+01
1.491420984268188477e+00,1.603246116638183594e+01
1.463851690292358398e+00,4.453960418701171875e+00
2.405107259750366211e+00,6.858385562896728516e+00
2.284187078475952148e+00,5.184385776519775391e+00
1.369707345962524414e+00,2.185344934463500977e+00
1.268112540245056152e+00,3.899717807769775391e+00
2.028805017471313477e+00,1.556696414947509766e+01
9.750687479972839355e-01,5.377515554428100586e-01
1.435103058815002441e+00,1.594138336181640625e+01
2.395581483840942383e+00,1.111973190307617188e+01
1.071287155151367188e+00,-2.171837687492370605e-01
1.095708250999450684e+00,5.009208202362060547e+00
1.860349059104919434e+00,2.704798698425292969e+00
2.008082389831542969e+00,7.515268802642822266e+00
1.628746271133422852e+00,1.592815303802490234e+01
1.673643112182617188e+00,1.598742485046386719e+01
1.950496196746826172e+00,1.581193637847900391e+01
1.762940526008605957e+00,1.586426925659179688e+01
1.825326085090637207e+00,1.864611148834228516e+00
1.154330492019653320e+00,6.251041889190673828e-01
1.086985826492309570e+00,3.881867825984954834e-01
1.473570585250854492e+00,1.603189468383789062e+01
1.478726387023925781e+00,5.961905956268310547e+00
1.847123861312866211e+00,6.621382832527160645e-01
2.094985961914062500e+00,1.247501277923583984e+01
2.477249145507812500e+00,1.529957103729248047e+01
1.994391202926635742e+00,8.588365554809570312e+00
2.568882942199707031e+00,1.509280490875244141e+01
2.627297639846801758e+00,1.464107131958007812e+01
1.742699146270751953e+00,5.577739715576171875e+00
1.807985424995422363e+00,3.124314844608306885e-01
2.004681110382080078e+00,5.128895759582519531e+00
1.395609736442565918e+00,6.913403034210205078e+00
1.865468025207519531e+00,6.948423862457275391e+00
1.788426518440246582e+00,9.359158515930175781e+00
7.949745059013366699e-01,4.319429397583007812e-01
1.859833717346191406e+00,7.488610744476318359e+00
1.309899449348449707e+00,1.447136044502258301e+00
5.772240757942199707e-01,1.758906245231628418e-01
3.168059110641479492e+00,5.963039398193359375e+00
1.648292064666748047e+00,1.182765126228332520e+00
1.260101079940795898e+00,1.608533096313476562e+01
1.799032449722290039e+00,6.852129936218261719e+00
1.154356718063354492e+00,9.993841648101806641e-01
1.012147188186645508e+00,1.358800530433654785e-01
1.630400061607360840e+00,1.593201255798339844e+01
2.265335798263549805e+00,1.410411930084228516e+01
1.231848955154418945e+00,2.959637343883514404e-01
1.295717477798461914e+00,3.767599821090698242e+00
2.458427906036376953e+00,1.408183097839355469e+01
1.208680868148803711e+00,1.613047218322753906e+01
2.113164424896240234e+00,9.120787620544433594e+00
1.532031178474426270e+00,4.802003383636474609e+00
1.411674499511718750e+00,8.732729554176330566e-01
1.827290058135986328e+00,1.384846448898315430e+00
7.696931958198547363e-01,2.993703186511993408e-01
2.165968656539916992e+00,7.536864757537841797e+00
1.226902246475219727e+00,5.852257013320922852e-01
2.095184803009033203e+00,6.498642444610595703e+00
1.334077835083007812e+00,1.360023856163024902e+00
8.042434453964233398e-01,3.061764717102050781e+00
1.219335556030273438e+00,-4.936775565147399902e-02
1.563235759735107422e+00,1.354930019378662109e+01
2.181231737136840820e+00,4.317351341247558594e+00
7.871658802032470703e-01,1.777237355709075928e-01
6.344488263130187988e-01,3.800820410251617432e-01
1.876747131347656250e+00,8.564566612243652344e+00
2.143816709518432617e+00,1.555549144744873047e+01
-1.687959134578704834e-01,2.833434641361236572e-01
1.827528953552246094e+00,1.011081027984619141e+01
4.073046743869781494e-01,-2.222545742988586426e-01
2.468831062316894531e+00,1.263358211517333984e+01
3.049872875213623047e+00,1.396706485748291016e+01
1.583126187324523926e+00,3.078064441680908203e+00
1.332393169403076172e+00,1.608693122863769531e+01
1.276961803436279297e+00,2.271511316299438477e+00
1.578201293945312500e+00,3.371395587921142578e+00
1.753154754638671875e+00,1.360818386077880859e+01
1.159680008888244629e+00,8.140131950378417969e+00
1.838702917098999023e+00,1.586264896392822266e+01
1.883131265640258789e+00,1.579012203216552734e+01
1.604701280593872070e+00,1.596532440185546875e+01
1.090911149978637695e+00,3.866462707519531250e+00
2.107858180999755859e+00,7.635558605194091797e+00
1.452530622482299805e+00,1.597311973571777344e+01
1.971815586090087891e+00,1.567278003692626953e+01
-4.656334966421127319e-02,1.740162819623947144e-01
2.103343725204467773e+00,6.470349788665771484e+00
2.616974115371704102e+00,1.472102355957031250e+01
1.684343814849853516e+00,9.071539878845214844e+00
2.010228157043457031e+00,5.534843444824218750e+00
2.206821918487548828e+00,6.362092018127441406e+00
2.245743513107299805e+00,3.028399944305419922e+00
1.429577231407165527e+00,1.595599555969238281e+01
1.376728057861328125e+00,1.607961463928222656e+01
1.381267547607421875e+00,3.297937631607055664e+00
1.635622739791870117e+00,9.994694709777832031e+00
1.326119422912597656e+00,1.606884956359863281e+01
1.461794376373291016e+00,4.793905258178710938e+00
1.836913585662841797e+00,1.579700183868408203e+01
1.464097857475280762e+00,3.484528779983520508e+00
2.512373208999633789e+00,1.451952075958251953e+01
1.466970562934875488e+00,-1.825418174266815186e-01
1.835512042045593262e+00,1.577622699737548828e+01
1.871906518936157227e+00,1.582247543334960938e+01
1.961338520050048828e+00,1.577484607696533203e+01
1.225540995597839355e+00,4.489485263824462891e+00
1.602543473243713379e+00,1.595311450958251953e+01
1.238970875740051270e+00,6.549318432807922363e-01
1.775138378143310547e+00,6.622056484222412109e+00
1.538018584251403809e+00,3.364786624908447266e+00
1.783125162124633789e+00,8.904343605041503906e+00
1.420636177062988281e+00,5.815953731536865234e+00
1.717200756072998047e+00,6.490546226501464844e+00
1.011721134185791016e+00,8.775982856750488281e-01
1.557556867599487305e+00,1.413860893249511719e+01
2.360916376113891602e+00,4.971082210540771484e+00
2.129731655120849609e+00,1.569267940521240234e+01
1.818194150924682617e+00,1.585015201568603516e+01
1.438732743263244629e+00,2.311318635940551758e+00
1.610164403915405273e+00,8.355152606964111328e-01
1.363897800445556641e+00,-3.629080355167388916e-01
4.560650289058685303e-01,6.684206008911132812e+00
2.026308536529541016e+00,5.310370445251464844e+00
1.232807517051696777e+00,1.082384705543518066e+00
2.469119787216186523e+00,7.329761981964111328e+00
1.740519523620605469e+00,2.310940027236938477e+00
2.337020635604858398e+00,1.408495998382568359e+01
1.540281772613525391e+00,1.605329704284667969e+01
1.550481796264648438e+00,1.414849996566772461e+00
1.380456447601318359e+00,6.732519268989562988e-01
1.851033806800842285e+00,1.583354663848876953e+01
1.825822353363037109e+00,6.441470623016357422e+00
1.305501461029052734e+00,3.725238323211669922e+00
1.593226194381713867e+00,5.763247489929199219e+00
2.189155817031860352e+00,8.783307075500488281e+00
5.285015702247619629e-01,3.305600404739379883e+00
6.098588705062866211e-01,1.274589776992797852e+00
2.663223505020141602e+00,1.447124576568603516e+01
7.208738923072814941e-01,3.445279002189636230e-01
1.373180866241455078e+00,3.302812576293945312e+00
2.104686737060546875e+00,1.576709461212158203e+01
7.796080112457275391e-01,7.086384296417236328e-01
1.384062051773071289e+00,1.604893302917480469e+01
1.390374541282653809e+00,2.452568531036376953e+00
9.186734557151794434e-01,9.476395323872566223e-03
2.116475105285644531e+00,2.341643095016479492e+00
2.150701999664306641e+00,1.565553855895996094e+01
1.256474375724792480e+00,1.611649703979492188e+01
3.058559656143188477e+00,1.052437305450439453e+01
1.865635037422180176e+00,1.561007022857666016e+01
1.662767291069030762e+00,7.288043498992919922e+00
1.175786137580871582e+00,3.147335529327392578e+00
1.906738281250000000e+00,6.516466617584228516e+00
2.072176933288574219e+00,1.571086502075195312e+01
1.566156864166259766e+00,1.032968235015869141e+01
2.879177093505859375e+00,8.083380699157714844e+00
9.893598556518554688e-01,1.819893956184387207e+00
1.846673011779785156e+00,1.573698902130126953e+01
1.504754424095153809e+00,9.222115516662597656e+00
2.734396696090698242e+00,1.267366886138916016e+01
2.462096691131591797e+00,9.828009605407714844e+00
1.656698942184448242e+00,1.308307886123657227e+00
1.482949018478393555e+00,2.657984256744384766e+00
1.880570173263549805e+00,5.900043964385986328e+00
3.645066916942596436e-01,1.041298270225524902e+00
1.464523553848266602e+00,5.564786434173583984e+00
6.940545439720153809e-01,3.942526578903198242e-01
1.193083286285400391e+00,1.847209930419921875e+00
1.923160076141357422e+00,6.812328815460205078e+00
2.268127679824829102e+00,5.936635494232177734e+00
2.155350923538208008e+00,1.152359867095947266e+01
1.821669816970825195e+00,1.591310119628906250e+01
1.566017389297485352e+00,1.604195404052734375e+01
2.202834129333496094e+00,6.828965663909912109e+00
1.899407148361206055e+00,1.575199508666992188e+01
1.279050111770629883e+00,2.879517078399658203e+00
2.035081148147583008e+00,1.549080371856689453e+01
1.872264862060546875e+00,1.447876358032226562e+01
1.045466661453247070e+00,8.752315640449523926e-01
1.639436602592468262e+00,1.594800662994384766e+01
2.290488004684448242e+00,1.524665641784667969e+01
1.676912188529968262e+00,1.601319503784179688e+01
7.595320343971252441e-01,1.214596509933471680e+00
1.468200206756591797e+00,1.498652577400207520e+00
1.591745138168334961e+00,7.462117671966552734e+00
2.122995138168334961e+00,3.645730495452880859e+00
2.329744100570678711e+00,1.138986110687255859e+01
2.110174417495727539e+00,7.554757595062255859e+00
1.454388380050659180e+00,7.923808097839355469e-01
1.188936948776245117e+00,3.950634300708770752e-01
1.829712629318237305e+00,6.213376522064208984e+00
1.084541797637939453e+00,4.863605976104736328e+00
1.594722270965576172e+00,2.411526203155517578e+00
2.392084121704101562e+00,6.015254497528076172e+00
2.715714216232299805e+00,1.334109973907470703e+01
2.020136117935180664e+00,6.890214920043945312e+00
1.690344095230102539e+00,1.600069999694824219e+01
1.527795314788818359e+00,1.601857757568359375e+01
1.727444410324096680e+00,1.568508625030517578e+01
8.842442631721496582e-01,3.201060771942138672e+00
2.066470861434936523e+00,1.020737934112548828e+01
1.827065944671630859e+00,1.577468013763427734e+01
2.579035520553588867e+00,1.107100677490234375e+01
1.896690845489501953e+00,1.554155826568603516e+01
3.153613090515136719e+00,1.208322811126708984e+01
2.209141969680786133e+00,1.419462108612060547e+01
2.018248289823532104e-02,9.250659495592117310e-04
1.655924916267395020e+00,1.594391536712646484e+01
1.764002680778503418e+00,9.240853309631347656e+00
1.443696022033691406e+00,5.224730491638183594e+00
2.362449884414672852e+00,1.028330707550048828e+01
1.933959007263183594e+00,6.710403442382812500e+00
1.666810274124145508e+00,4.132413864135742188e+00
1.886744976043701172e+00,9.385215759277343750e+00
2.530294656753540039e+00,1.469737434387207031e+01
1.512626290321350098e+00,1.273135185241699219e+00
1.523549795150756836e+00,6.273194789886474609e+00
2.144646167755126953e+00,1.556315231323242188e+01
2.028456449508666992e+00,1.557192707061767578e+01
2.588994264602661133e+00,8.905489921569824219e+00
2.246471643447875977e+00,2.924286842346191406e+00
2.216658592224121094e+00,1.553528690338134766e+01
6.897270083427429199e-01,7.848957777023315430e-01
1.736160755157470703e+00,7.011559963226318359e+00
2.915294408798217773e+00,1.359566402435302734e+01
1.633363246917724609e+00,3.262500047683715820e+00
1.699420094490051270e+00,6.688785076141357422e+00
9.804408550262451172e-01,2.101222991943359375e+00
1.601909518241882324e+00,4.220331192016601562e+00
1.023241758346557617e+00,4.147911667823791504e-01
2.039439916610717773e+00,1.405398559570312500e+01
1.989047050476074219e+00,9.824873924255371094e+00
1.910870313644409180e+00,3.858010470867156982e-01
1.365306615829467773e+00,1.435874700546264648e+00
1.581291675567626953e+00,1.597871685028076172e+01
2.525711774826049805e+00,1.218146705627441406e+01
1.585839748382568359e+00,1.594484043121337891e+01
1.078920841217041016e+00,1.559064507484436035e+00
1.436763286590576172e+00,2.141585350036621094e+00
1.737797856330871582e+00,1.583888721466064453e+01
1.566911816596984863e+00,1.590241336822509766e+01
2.342871904373168945e+00,1.173679256439208984e+01
2.144578218460083008e+00,1.550570678710937500e+01
5.121166110038757324e-01,2.353542327880859375e+00
1.755563497543334961e+00,8.418040275573730469e+00
1.817898869514465332e+00,1.592469692230224609e+01
1.685594320297241211e+00,6.326380252838134766e+00
1.831381559371948242e+00,4.539702892303466797e+00
2.327465295791625977e+00,8.846020698547363281e+00
9.723740220069885254e-01,5.281444191932678223e-01
2.309855937957763672e+00,2.456949949264526367e+00
1.989374160766601562e+00,1.583678627014160156e+01
8.715996146202087402e-01,5.409447550773620605e-01
7.212170958518981934e-01,4.130648076534271240e-01
1.674067497253417969e+00,4.072558879852294922e+00
1.140162944793701172e+00,5.419278144836425781e-01
7.462422847747802734e-01,4.362402439117431641e+00
1.362610459327697754e+00,1.470279574394226074e+00
1.397523880004882812e+00,1.607363319396972656e+01
1.502304553985595703e+00,6.132796406745910645e-01
1.940995454788208008e+00,6.831748962402343750e+00
2.210113525390625000e+00,1.537880420684814453e+01
1.527770996093750000e+00,6.388621807098388672e+00
1.816290616989135742e+00,1.098212337493896484e+01
2.199434041976928711e+00,5.926822185516357422e+00
7.391240596771240234e-01,2.275830030441284180e+00
2.529500007629394531e+00,7.749945163726806641e+00
1.491353511810302734e+00,5.040935516357421875e+00
1.940168261528015137e+00,2.266343116760253906e+00
1.749159097671508789e+00,2.199171304702758789e+00
1.477172613143920898e+00,2.102261781692504883e+00
2.837499856948852539e+00,8.725481986999511719e+00
2.003417253494262695e+00,1.569443225860595703e+01
2.174397230148315430e+00,1.226883888244628906e+01
2.120154380798339844e+00,1.576401901245117188e+01
2.074662208557128906e+00,1.569692707061767578e+01
2.389244079589843750e+00,7.099085330963134766e+00
2.219806909561157227e+00,7.079395771026611328e+00
1.406870603561401367e+00,3.952762603759765625e+00
1.688578963279724121e+00,4.195615291595458984e+00
1.653305768966674805e+00,1.595039558410644531e+01
2.235062122344970703e+00,1.519433212280273438e+01
1.890091180801391602e+00,1.563673496246337891e+01
1.994724035263061523e+00,7.602421283721923828e+00
1.620511889457702637e+00,4.353739261627197266e+00
1.428762912750244141e+00,5.463364601135253906e+00
1.717573285102844238e+00,1.585318470001220703e+01
1.704797029495239258e+00,1.585725307464599609e+01
7.895465493202209473e-01,6.937426328659057617e-01
2.031946659088134766e+00,1.241360569000244141e+01
7.451776862144470215e-01,4.795683324337005615e-01
1.948734998703002930e+00,8.181748390197753906e-01
1.660769939422607422e+00,7.043815612792968750e+00
2.283838748931884766e+00,1.509050655364990234e+01
1.480269432067871094e+00,1.961611509323120117e+00
2.311451673507690430e+00,5.863684177398681641e+00
2.205623865127563477e+00,1.115376567840576172e+01
1.492836475372314453e+00,1.429617643356323242e+00
2.233338117599487305e+00,7.788950443267822266e+00
1.310742020606994629e+00,1.146161174774169922e+01
1.319224357604980469e+00,6.514205455780029297e+00
2.166387081146240234e+00,6.947465419769287109e+00
1.171324133872985840e+00,1.656491279602050781e+00
1.680977106094360352e+00,4.559671878814697266e+00
1.888063549995422363e+00,1.543233394622802734e+01
1.690750122070312500e+00,1.555767726898193359e+01
1.510586500167846680e+00,7.368698120117187500e-01
2.455150127410888672e+00,4.417777061462402344e+00
1.281594514846801758e+00,5.728101730346679688e-01
2.000340223312377930e+00,7.532629013061523438e+00
2.002363204956054688e+00,1.282284450531005859e+01
2.361001968383789062e+00,1.496492195129394531e+01
1.692374229431152344e+00,2.020852804183959961e+00
1.445977926254272461e+00,4.740657329559326172e+00
2.273788213729858398e+00,1.381783580780029297e+01
1.512161731719970703e+00,1.608689308166503906e+01
2.501013994216918945e+00,6.594970226287841797e+00
8.138003349304199219e-01,1.034313774108886719e+01
2.137295484542846680e+00,1.494237136840820312e+01
4.119446575641632080e-01,2.671346962451934814e-01
2.104476451873779297e+00,1.513095951080322266e+01
2.250365495681762695e+00,5.452315330505371094e+00
1.785324931144714355e+00,1.497402381896972656e+01
1.685250878334045410e+00,1.417048358917236328e+01
2.152839422225952148e+00,6.602459430694580078e+00
1.771092534065246582e+00,1.586028194427490234e+01
1.680550813674926758e+00,1.589853572845458984e+01
1.430206656455993652e+00,2.388562679290771484e+00
1.513306617736816406e+00,1.728982090950012207e+00
1.448805809020996094e+00,1.068762421607971191e+00
8.905008435249328613e-01,4.674031436443328857e-01
1.214632034301757812e+00,9.463716149330139160e-01
2.447707414627075195e+00,1.472268104553222656e+01
2.142163038253784180e+00,1.530203437805175781e+01
2.007344245910644531e+00,3.960928916931152344e+00
1.901656389236450195e+00,1.574376869201660156e+01
1.345534086227416992e+00,1.610109329223632812e+01
2.654734849929809570e+00,1.519583606719970703e+01
1.019971609115600586e+00,1.026584506034851074e-01
1.812884807586669922e+00,1.540591716766357422e+01
2.000568628311157227e+00,1.508963680267333984e+01
1.559006333351135254e+00,1.596043491363525391e+01
7.952151894569396973e-01,2.920403242111206055e+00
2.096823930740356445e+00,1.569130611419677734e+01
1.784901738166809082e+00,9.628599166870117188e+00
1.685970902442932129e+00,2.104146957397460938e+00
1.849526643753051758e+00,8.050498962402343750e+00
1.770874619483947754e+00,7.644951820373535156e+00
1.580153703689575195e+00,9.395396232604980469e+00
2.347057580947875977e+00,1.516939067840576172e+01
2.102541208267211914e+00,1.566100311279296875e+01
1.614417314529418945e+00,4.653250217437744141e+00
1.951293468475341797e+00,1.576217269897460938e+01
1.976095914840698242e+00,7.330612659454345703e+00
1.029778480529785156e+00,3.622656762599945068e-01
1.471929550170898438e+00,1.601827621459960938e+01
6.192974448204040527e-01,3.253373205661773682e-01
1.799132585525512695e+00,1.585717487335205078e+01
2.114299535751342773e+00,1.570825099945068359e+01
1.304144620895385742e+00,1.530306220054626465e+00
2.354141712188720703e+00,1.007707786560058594e+01
2.522892951965332031e+00,1.510814094543457031e+01
5.583227276802062988e-01,1.111121475696563721e-01
1.369798421859741211e+00,1.119263052940368652e+00
5.685079693794250488e-01,-6.459085270762443542e-03
3.319401144981384277e-01,-1.102042436599731445e+00
1.898179292678833008e+00,9.909232139587402344e+00
1.946013927459716797e+00,1.578145503997802734e+01
1.793020844459533691e+00,1.591096878051757812e+01
1.507220268249511719e+00,1.594116497039794922e+01
6.177132725715637207e-01,1.328094303607940674e-01
2.136457681655883789e+00,1.564479351043701172e+01
1.942906856536865234e+00,9.521425247192382812e+00
1.432263016700744629e+00,2.027503490447998047e+00
2.095898389816284180e+00,1.478286075592041016e+01
1.594525098800659180e+00,1.180999517440795898e+00
2.039650678634643555e+00,9.970564842224121094e+00
2.457697629928588867e+00,1.540745258331298828e+01
1.330712318420410156e+00,5.167252063751220703e+00
1.180100798606872559e+00,2.905818462371826172e+00
1.891113400459289551e+00,7.739875316619873047e+00
2.193897962570190430e+00,1.541296958923339844e+01
1.791993737220764160e+00,1.594214248657226562e+01
1.629365444183349609e+00,6.225730419158935547e+00
2.460962057113647461e+00,1.516339015960693359e+01
1.682972908020019531e+00,3.851762771606445312e+00
1.014988422393798828e+00,5.208792686462402344e-01
2.324992895126342773e+00,1.479736900329589844e+01
1.854777812957763672e+00,3.785182952880859375e+00
2.455162048339843750e+00,6.134066104888916016e+00
1.130063533782958984e+00,3.014136314392089844e+00
1.331433296203613281e+00,3.026236057281494141e+00
1.910064458847045898e+00,1.562961959838867188e+01
1.186906337738037109e+00,6.270879507064819336e-01
1.717832207679748535e+00,3.894547939300537109e+00
1.834998130798339844e+00,1.588911628723144531e+01
2.376593351364135742e+00,9.794861793518066406e+00
1.122438669204711914e+00,2.123543024063110352e+00
1.683861732482910156e+00,1.598939800262451172e+01
2.417343139648437500e+00,9.013829231262207031e+00
7.549533247947692871e-01,2.372982800006866455e-01
1.168217420578002930e+00,3.961740016937255859e+00
1.730456352233886719e+00,1.105436229705810547e+01
2.530263185501098633e+00,1.542457675933837891e+01
2.384449720382690430e+00,1.225881576538085938e+01
3.163526773452758789e+00,1.070675754547119141e+01
2.430374145507812500e+00,1.528684139251708984e+01
1.358794450759887695e+00,1.878155827522277832e+00
7.094817161560058594e-01,1.071393132209777832e+00
1.730095982551574707e+00,1.599713993072509766e+01
1.761520385742187500e+00,1.586448001861572266e+01
1.498444080352783203e+00,2.253938198089599609e+00
9.012925028800964355e-01,1.516539044678211212e-02
2.198832750320434570e+00,6.960505008697509766e+00
1.512689828872680664e+00,1.407629966735839844e+00
1.283833026885986328e+00,3.687056541442871094e+00
2.958530783653259277e-01,-3.685047924518585205e-01
1.873951077461242676e+00,9.882089614868164062e+00
1.934314966201782227e+00,1.576319026947021484e+01
1.944224834442138672e+00,1.586420631408691406e+01
2.129462003707885742e+00,2.744611263275146484e+00
1.620504260063171387e+00,8.913827896118164062e+00
1.941435575485229492e+00,6.832825660705566406e+00
1.214259147644042969e+00,4.169157505035400391e+00
2.363500356674194336e+00,1.371943283081054688e+01
2.316419601440429688e+00,9.922001838684082031e+00
2.407914638519287109e+00,1.208114051818847656e+01
1.046381950378417969e+00,8.008863329887390137e-01
2.146486997604370117e+00,1.546652412414550781e+01
1.693184614181518555e+00,1.587529087066650391e+01
2.175917863845825195e+00,8.984307289123535156e+00
2.210523128509521484e+00,2.937181949615478516e+00
1.476380586624145508e+00,1.591664218902587891e+01
1.684246540069580078e+00,1.591958045959472656e+01
2.308392763137817383e+00,1.534574985504150391e+01
2.077417373657226562e+00,1.558296871185302734e+01
1.730679988861083984e+00,1.593045234680175781e+01
1.446650743484497070e+00,1.252305746078491211e+00
1.898765563964843750e+00,1.579691600799560547e+01
1.833405613899230957e+00,1.590377044677734375e+01
2.764940023422241211e+00,1.507687854766845703e+01
1.549173593521118164e+00,6.329004764556884766e+00
8.577442169189453125e-01,2.308202028274536133e+00
1.309033393859863281e+00,2.026612460613250732e-01
7.460280060768127441e-01,5.031400918960571289e-01
2.260548830032348633e+00,1.549243545532226562e+01
1.311396837234497070e+00,3.145020008087158203e+00
1.776884555816650391e+00,1.583090114593505859e+01
1.409564495086669922e+00,7.560596942901611328e+00
1.839834690093994141e+00,1.539471721649169922e+01
2.071331739425659180e+00,1.570575237274169922e+01
8.283268809318542480e-01,1.777530908584594727e+00
1.488258361816406250e+00,1.193652153015136719e+00
1.615879297256469727e+00,1.489830255508422852e+00
1.765947341918945312e+00,6.857023239135742188e-01
2.960006952285766602e+00,7.959716320037841797e+00
2.564071416854858398e+00,9.597039222717285156e+00
1.192214131355285645e+00,1.110102176666259766e+00
1.942940711975097656e+00,9.850074768066406250e+00
1.278997659683227539e+00,9.271062612533569336e-01
2.225607156753540039e+00,1.237423515319824219e+01
1.411198616027832031e+00,2.746419906616210938e+00
1.921376585960388184e+00,1.583680057525634766e+01
2.394732475280761719e+00,1.135329723358154297e+01
2.278161525726318359e+00,1.551449775695800781e+01
2.553837060928344727e+00,1.415359687805175781e+01
1.576117277145385742e+00,5.213862419128417969e+00
2.015808105468750000e+00,1.578271389007568359e+01
1.189557433128356934e+00,1.682447314262390137e+00
9.721434116363525391e-01,4.999985992908477783e-01
2.622358560562133789e+00,9.498392105102539062e+00
1.545085430145263672e+00,4.257218837738037109e+00
1.428521394729614258e+00,1.589904117584228516e+01
1.754978418350219727e+00,1.589929008483886719e+01
1.798730134963989258e+00,3.315225124359130859e+00
8.760715126991271973e-01,3.894034326076507568e-01
1.926998376846313477e+00,5.199050426483154297e+00
1.610701322555541992e+00,3.921232461929321289e+00
2.112554788589477539e+00,7.111225128173828125e+00
3.044433832168579102e+00,1.437997722625732422e+01
2.339454412460327148e+00,9.358252525329589844e+00
1.415750265121459961e+00,3.670346498489379883e+00
1.103143930435180664e+00,2.550261259078979492e+00
1.750672578811645508e+00,1.586436080932617188e+01
2.050994634628295898e+00,1.576289653778076172e+01
1.964495897293090820e+00,1.548660850524902344e+01
7.772660851478576660e-01,1.012235403060913086e+00
2.022629976272583008e+00,2.469611167907714844e+00
1.092837095260620117e+00,1.617958068847656250e+01
2.004213333129882812e+00,1.582837581634521484e+01
1.877336263656616211e+00,8.818327903747558594e+00
1.738289833068847656e+00,4.582463264465332031e+00
1.688538551330566406e+00,3.603782653808593750e+00
1.865224003791809082e+00,1.580754280090332031e+01
2.220994710922241211e+00,1.565585899353027344e+01
1.804062128067016602e+00,1.588884353637695312e+01
1.809998750686645508e+00,1.582832431793212891e+01
2.466023206710815430e+00,8.967047691345214844e+00
1.674871206283569336e+00,1.595075416564941406e+01
1.954612970352172852e+00,9.721180915832519531e+00
2.330984830856323242e+00,9.328892707824707031e+00
1.197586297988891602e+00,8.602766990661621094e-01
1.567435026168823242e+00,6.059802532196044922e+00
4.988079667091369629e-01,3.679970800876617432e-01
6.829423904418945312e-01,3.747071325778961182e-01
2.075461387634277344e+00,3.255162000656127930e+00
2.239515066146850586e+00,1.240442752838134766e+01
1.290600419044494629e+00,2.960506439208984375e+00
4.571028053760528564e-01,2.390274703502655029e-01
1.692903518676757812e+00,1.595804691314697266e+01
1.768599390983581543e+00,1.586454200744628906e+01
1.453505873680114746e+00,4.013553619384765625e+00
2.536043882369995117e+00,1.511697769165039062e+01
1.953666925430297852e+00,1.568678379058837891e+01
2.164725780487060547e+00,3.546076297760009766e+00
1.923035860061645508e+00,2.971995353698730469e+00
2.051697731018066406e+00,1.571970367431640625e+01
8.228929638862609863e-01,2.296683490276336670e-01
1.736683130264282227e+00,1.242902755737304688e+00
1.988336563110351562e+00,7.953558564186096191e-01
9.845129251480102539e-01,1.220175862312316895e+00
1.715718269348144531e+00,5.470330238342285156e+00
2.379690408706665039e+00,1.368500232696533203e+01
1.270735502243041992e+00,2.105060577392578125e+00
2.483709812164306641e+00,2.744626998901367188e+00
1.967031598091125488e+00,1.582208347320556641e+01
1.127939343452453613e+00,4.307675361633300781e+00
1.289603114128112793e+00,4.868849754333496094e+00
1.088042497634887695e+00,6.147612333297729492e-01
1.637301445007324219e+00,3.564177274703979492e+00
1.617457509040832520e+00,8.579689979553222656e+00
1.589520692825317383e+00,1.597144985198974609e+01
9.140169024467468262e-01,5.670225620269775391e-01
2.024957656860351562e+00,1.558938741683959961e+00
2.835558652877807617e+00,1.333551692962646484e+01
2.232726097106933594e+00,1.549284267425537109e+01
2.813253402709960938e+00,1.332248592376708984e+01
2.268595933914184570e+00,4.974146366119384766e+00
1.168627500534057617e+00,6.578236579895019531e+00
1.891182065010070801e+00,1.564657878875732422e+01
1.866543292999267578e+00,1.586675739288330078e+01
1.637842655181884766e+00,4.806520462036132812e+00
1.540692329406738281e+00,1.589616966247558594e+01
1.176427125930786133e+00,4.958847165107727051e-01
2.178846597671508789e+00,1.565348815917968750e+01
6.627597212791442871e-01,6.088731288909912109e-01
2.127482652664184570e+00,4.169468879699707031e+00
7.101891636848449707e-01,1.134813904762268066e+00
2.432474136352539062e+00,1.152371788024902344e+01
-7.568464428186416626e-02,-3.409198522567749023e-01
1.607102870941162109e+00,1.577406597137451172e+01
1.358289003372192383e+00,6.521498203277587891e+00
1.520633578300476074e+00,7.311110496520996094e+00
1.623084187507629395e+00,8.861382007598876953e-01
1.559001922607421875e+00,1.597691631317138672e+01
1.715805888175964355e+00,1.978928089141845703e+00
1.492844820022583008e+00,3.087049722671508789e+00
1.411132812500000000e+00,3.727025032043457031e+00
1.439453363418579102e+00,1.048344731330871582e+00
1.429295063018798828e+00,1.611206245422363281e+01
2.162055015563964844e+00,7.272113800048828125e+00
2.262099266052246094e+00,1.546817111968994141e+01
1.218605518341064453e+00,1.391345262527465820e+00
1.779024958610534668e+00,8.343444824218750000e+00
2.217140436172485352e+00,1.536785507202148438e+01
9.684417843818664551e-01,1.022714138031005859e+01
2.383960485458374023e+00,1.389325332641601562e+01
1.984124422073364258e+00,8.369227409362792969e+00
1.168690204620361328e+00,2.777312040328979492e+00
1.907674431800842285e+00,6.587405681610107422e+00
2.366074085235595703e+00,1.505724620819091797e+01
1.779273986816406250e+00,8.745020866394042969e+00
1.573079586029052734e+00,1.562873840332031250e+01
3.008253812789916992e+00,1.051672267913818359e+01
7.065396904945373535e-01,5.918014049530029297e-01
2.393752098083496094e+00,1.503698921203613281e+01
1.708116769790649414e+00,6.454716682434082031e+00
1.942366242408752441e+00,1.584378337860107422e+01
1.422112703323364258e+00,1.607774543762207031e+01
2.846608877182006836e+00,8.853957176208496094e+00
1.490855455398559570e+00,9.601387977600097656e-01
1.900245904922485352e+00,8.944791793823242188e+00
1.604948520660400391e+00,8.459708213806152344e+00
1.358138322830200195e+00,1.512904167175292969e+00
1.292289972305297852e+00,1.976733446121215820e+00
1.392411708831787109e+00,1.601575970649719238e+00
2.627266168594360352e+00,5.271028995513916016e+00
1.970009088516235352e+00,1.577081394195556641e+01
1.877331495285034180e+00,1.585312747955322266e+01
2.123119592666625977e+00,8.868287086486816406e+00
1.235308647155761719e+00,2.103619337081909180e+00
1.198013305664062500e+00,2.824974060058593750e+00
1.454636335372924805e+00,5.113070487976074219e+00
2.301110029220581055e+00,2.915600299835205078e+00
1.998661398887634277e+00,8.981083869934082031e+00
1.852129697799682617e+00,9.036599159240722656e+00
2.224071025848388672e+00,5.408972263336181641e+00
1.069872498512268066e+00,4.603962600231170654e-01
1.591768860816955566e+00,1.596303081512451172e+01
2.220212459564208984e+00,1.504526996612548828e+01
1.587532997131347656e+00,1.592272949218750000e+01
1.874822854995727539e+00,1.581744956970214844e+01
1.793075323104858398e+00,3.106272220611572266e+00
1.206801414489746094e+00,1.615120887756347656e+01
1.428007125854492188e+00,1.602457237243652344e+01
1.821176767349243164e+00,1.210390472412109375e+01
8.746550679206848145e-01,6.223860979080200195e-01
1.466514229774475098e+00,9.196643829345703125e-01
1.565916538238525391e+00,4.252793312072753906e+00
1.198905587196350098e+00,3.284121036529541016e+00
1.256816983222961426e+00,2.205417871475219727e+00
8.095674514770507812e-01,1.509135484695434570e+00
2.384304046630859375e+00,1.527299404144287109e+01
1.943117856979370117e+00,8.201025962829589844e+00
1.362826824188232422e+00,3.102777957916259766e+00
1.612331151962280273e+00,1.585511302947998047e+01
1.336991548538208008e+00,4.993095695972442627e-01
2.092097520828247070e+00,1.574715137481689453e+01
8.558114171028137207e-01,3.070479929447174072e-01
1.425000786781311035e+00,3.392502784729003906e+00
1.914343357086181641e+00,1.590715503692626953e+01
7.375229001045227051e-01,8.356821537017822266e-01
2.101284980773925781e+00,7.082361221313476562e+00
1.139307022094726562e+00,6.804927587509155273e-01
2.153037786483764648e+00,5.180257797241210938e+00
2.036819219589233398e+00,1.571098232269287109e+01
1.401868343353271484e+00,1.102734923362731934e+00
1.471699357032775879e+00,1.593220710754394531e+01
1.232588052749633789e+00,7.717394232749938965e-01
1.270364999771118164e+00,3.071771621704101562e+00
1.119138240814208984e+00,3.244564771652221680e+00
2.143602609634399414e+00,1.531273269653320312e+01
2.926037549972534180e+00,1.324220180511474609e+01
1.193572521209716797e+00,6.993594646453857422e+00
1.736552476882934570e+00,1.487604045867919922e+01
2.136230707168579102e+00,9.670875549316406250e+00
2.308351516723632812e+00,1.561734199523925781e+01
1.599069476127624512e+00,4.163062572479248047e+00
1.682633399963378906e+00,8.804575920104980469e+00
2.543610811233520508e+00,1.387296390533447266e+01
2.134050607681274414e+00,1.185544586181640625e+01
2.106078863143920898e+00,1.441589832305908203e+01
2.113853931427001953e+00,1.566770458221435547e+01
2.140481472015380859e+00,1.493517208099365234e+01
2.235441207885742188e+00,1.547301197052001953e+01
2.242557764053344727e+00,9.566296577453613281e+00
1.797599315643310547e+00,1.593494892120361328e+01
1.611754417419433594e+00,5.383547306060791016e+00
1.373049020767211914e+00,2.453099727630615234e+00
2.476433515548706055e+00,1.509617900848388672e+01
2.801038980484008789e+00,1.184350490570068359e+01
2.458025693893432617e+00,1.537641811370849609e+01
2.161831617355346680e+00,1.568055534362792969e+01
2.573901414871215820e+00,9.171147346496582031e+00
1.910109996795654297e+00,1.585946750640869141e+01
2.312247991561889648e+00,1.405158400535583496e+00
1.483656644821166992e+00,8.300600051879882812e-01
2.452667236328125000e+00,1.477913951873779297e+01
2.225307226181030273e+00,7.029436588287353516e+00
1.507128477096557617e+00,3.182820796966552734e+00
2.188632249832153320e+00,1.209664916992187500e+01
1.418336033821105957e+00,3.461982250213623047e+00
2.205598115921020508e+00,8.202628135681152344e+00
2.895116567611694336e+00,1.261978816986083984e+01
1.645191431045532227e+00,1.573482608795166016e+01
1.040248870849609375e+00,9.596306681632995605e-01
1.411779284477233887e+00,6.971268177032470703e+00
2.057161808013916016e+00,1.560988903045654297e+01
1.262337565422058105e+00,1.448223471641540527e+00
1.460714221000671387e+00,1.544850826263427734e+00
1.992280840873718262e+00,1.583172035217285156e+01
1.249029874801635742e+00,1.188352489471435547e+01
2.456434965133666992e+00,1.517128944396972656e+01
1.574916124343872070e+00,1.590742206573486328e+01
1.713063716888427734e+00,4.198812007904052734e+00
2.161001443862915039e+00,1.294787120819091797e+01
6.116421222686767578e-01,7.527126669883728027e-01
1.995937466621398926e+00,8.478055000305175781e+00
1.834474563598632812e+00,2.680975914001464844e+00
1.423360824584960938e+00,1.858453392982482910e+00
1.449754357337951660e+00,6.431197166442871094e+00
2.652815580368041992e+00,6.604373931884765625e+00
2.362580299377441406e+00,1.018039417266845703e+01
1.905809879302978516e+00,1.154311180114746094e+01
1.462240457534790039e+00,3.941852331161499023e+00
1.357292652130126953e+00,3.550237655639648438e+00
1.016671419143676758e+00,1.493831872940063477e+00
1.403994917869567871e+00,4.314289093017578125e+00
2.012774705886840820e+00,1.329559803009033203e+01
1.068614363670349121e+00,1.613732719421386719e+01
1.980564832687377930e+00,6.870286464691162109e+00
2.349412918090820312e+00,1.435968112945556641e+01
1.865910887718200684e+00,8.658606529235839844e+00
1.714147925376892090e+00,4.166470050811767578e+00
1.900570392608642578e+00,1.572105789184570312e+01
2.431475639343261719e+00,1.537405109405517578e+01
1.782385110855102539e+00,8.590895652770996094e+00
1.083973646163940430e+00,7.550640583038330078e+00
2.395620822906494141e+00,7.063555240631103516e+00
1.130656957626342773e+00,1.329771757125854492e+00
2.038142919540405273e+00,1.575562477111816406e+01
1.338477969169616699e+00,1.433007121086120605e+00
1.389730572700500488e+00,2.054845392704010010e-01
8.148879408836364746e-01,2.811303138732910156e+00
1.392902612686157227e+00,1.604986763000488281e+01
1.828246831893920898e+00,9.735184669494628906e+00
1.175914525985717773e+00,3.968272686004638672e+00
2.446832180023193359e+00,1.540690135955810547e+01
8.829030394554138184e-01,7.681870460510253906e-01
2.353714466094970703e+00,1.531089019775390625e+01
1.896376371383666992e+00,1.589906215667724609e+01
2.175844669342041016e+00,1.569187641143798828e+01
1.101072788238525391e+00,1.614725875854492188e+01
1.651744604110717773e+00,1.591195201873779297e+01
9.135603308677673340e-01,4.263411045074462891e+00
1.347249269485473633e+00,-1.165855824947357178e-01
1.409497499465942383e+00,1.655756950378417969e+00
1.097403287887573242e+00,9.189953804016113281e+00
2.004261255264282227e+00,1.573756313323974609e+01
1.729101896286010742e+00,1.591663551330566406e+01
1.895132064819335938e-01,1.471618004143238068e-02
1.365871071815490723e+00,3.350654363632202148e+00
1.023205876350402832e+00,4.732114315032958984e+00
6.198059320449829102e-01,1.381369531154632568e-01
1.373973131179809570e+00,1.596025371551513672e+01
1.741082191467285156e+00,1.586154842376708984e+01
1.797610998153686523e+00,1.577137279510498047e+01
1.733284950256347656e+00,1.593370914459228516e+01
2.489230871200561523e+00,1.134746265411376953e+01
2.569663286209106445e+00,9.210043907165527344e+00
2.399983167648315430e+00,4.030639171600341797e+00
1.641449928283691406e+00,1.143108606338500977e+00
7.365587353706359863e-01,-6.448905915021896362e-04
1.484343528747558594e+00,1.599078655242919922e+01
2.919140577316284180e+00,8.784927368164062500e+00
1.945499181747436523e+00,6.177910327911376953e+00
1.972165346145629883e+00,7.955213069915771484e+00
1.672678589820861816e+00,9.768394470214843750e+00
1.624101400375366211e+00,1.388504981994628906e+00
1.373806715011596680e+00,1.917304635047912598e+00
1.104444622993469238e+00,5.312681674957275391e+00
2.240926742553710938e+00,1.415591716766357422e+01
1.573321342468261719e+00,7.372599124908447266e+00
1.674080371856689453e+00,1.598612594604492188e+01
6.786503195762634277e-01,2.550611197948455811e-01
1.341134548187255859e+00,3.563043355941772461e+00
1.818849921226501465e+00,1.553912830352783203e+01
2.127174854278564453e+00,1.560747623443603516e+01
1.990053176879882812e+00,1.494806766510009766e+01
1.952355980873107910e+00,1.570894050598144531e+01
5.198754072189331055e-01,1.423398554325103760e-01
1.914617061614990234e+00,8.469189643859863281e+00
1.472936153411865234e+00,2.077792167663574219e+00
2.536267995834350586e+00,5.427006244659423828e+00
2.456848144531250000e+00,1.367124366760253906e+01
1.647990226745605469e+00,1.102433681488037109e+00
1.814602851867675781e+00,1.571115016937255859e+01
1.244269132614135742e+00,3.982496738433837891e+00
2.093653440475463867e+00,1.579750823974609375e+01
9.978685379028320312e-01,2.615289688110351562e-01
1.779533863067626953e+00,4.793154239654541016e+00
1.150282621383666992e+00,1.605338454246520996e+00
2.868179321289062500e+00,1.261047267913818359e+01
1.878398060798645020e+00,1.133644819259643555e+00
1.374649524688720703e+00,1.598851299285888672e+01
1.981297492980957031e+00,1.137925434112548828e+01
5.862390398979187012e-01,2.686805725097656250e-01
1.411297798156738281e+00,4.419745445251464844e+00
1.938692331314086914e+00,9.604043006896972656e+00
1.574910163879394531e+00,1.449930953979492188e+01
1.588683843612670898e+00,5.097036838531494141e+00
2.200774192810058594e+00,1.563926029205322266e+01
2.451382875442504883e+00,5.038982868194580078e+00
6.948864459991455078e-01,-2.779015302658081055e-01
1.919627070426940918e+00,5.869727611541748047e+00
1.476771593093872070e+00,2.030669450759887695e+00
1.357776641845703125e+00,9.718770980834960938e-01
1.113659501075744629e+00,8.778390884399414062e-01
2.290594816207885742e+00,8.488501548767089844e+00
2.306798696517944336e+00,1.476528835296630859e+01
1.895019054412841797e+00,1.239494037628173828e+01
9.729670882225036621e-01,9.911353588104248047e-01
1.210351824760437012e+00,5.862149596214294434e-02
2.129514932632446289e+00,1.293321514129638672e+01
2.066867113113403320e+00,8.690447807312011719e+00
1.737009048461914062e+00,1.534285449981689453e+01
2.042122125625610352e+00,1.262973880767822266e+01
1.988100051879882812e+00,3.471750259399414062e+00
1.950888872146606445e+00,1.580947780609130859e+01
1.913295269012451172e+00,7.976872920989990234e+00
1.207551479339599609e+00,5.872750282287597656e-01
2.004396915435791016e+00,1.039842724800109863e+00
1.828109383583068848e+00,2.268644809722900391e+00
1.349761962890625000e+00,1.336408233642578125e+01
-2.025441974401473999e-01,3.526765108108520508e-01
1.946092128753662109e+00,1.548698139190673828e+01
6.786350011825561523e-01,8.854191303253173828e-01
1.986220240592956543e+00,1.573908042907714844e+01
1.611226916313171387e+00,1.598274326324462891e+01
2.063485622406005859e+00,1.523142910003662109e+01
2.219534158706665039e+00,1.554475593566894531e+01
2.277371168136596680e+00,9.060774803161621094e+00
1.880343198776245117e+00,1.585634899139404297e+01
1.813225030899047852e+00,1.588437938690185547e+01
2.351649045944213867e+00,1.242877101898193359e+01
2.049120903015136719e+00,1.425824832916259766e+01
1.591910600662231445e+00,4.793161869049072266e+00
1.551680564880371094e+00,3.922045707702636719e+00
1.839790701866149902e+00,1.582018375396728516e+01
7.456293702125549316e-01,4.924969196319580078e+00
2.770294904708862305e+00,1.260435485839843750e+01
2.523860454559326172e+00,8.976632118225097656e+00
1.928795337677001953e+00,4.738049507141113281e+00
1.199639320373535156e+00,7.705724716186523438e+00
1.439169645309448242e+00,1.404010057449340820e+00
1.242134094238281250e+00,2.083451509475708008e+00
2.110380649566650391e+00,1.103615665435791016e+01
9.671469330787658691e-01,1.070889234542846680e+00
1.193773984909057617e+00,2.037741661071777344e+00
8.771867156028747559e-01,2.651192247867584229e-01
2.112278699874877930e+00,1.544388580322265625e+01
2.371444225311279297e+00,1.441963958740234375e+01
1.872119903564453125e+00,6.549444675445556641e+00
1.594598770141601562e+00,1.591134166717529297e+01
1.511296272277832031e+00,2.042694568634033203e+00
1.217850685119628906e+00,6.969112157821655273e-01
8.359056711196899414e-01,2.172300964593887329e-01
1.162704467773437500e+00,4.464673519134521484e+00
2.708431959152221680e+00,1.394807147979736328e+01
1.351703643798828125e+00,1.624175786972045898e+00
1.484348535537719727e+00,1.603036689758300781e+01
1.011118769645690918e+00,1.394190073013305664e+00
1.708986520767211914e+00,4.361824512481689453e+00
2.241800546646118164e+00,1.548844242095947266e+01
1.113832712173461914e+00,1.310341835021972656e+00
9.361698627471923828e-01,1.877811670303344727e+00
2.539314031600952148e+00,4.658141136169433594e+00
1.582763195037841797e+00,2.756470203399658203e+00
1.957281351089477539e+00,1.528635311126708984e+01
1.684911131858825684e+00,1.587378025054931641e+01
2.149468183517456055e+00,5.906585216522216797e+00
1.417446136474609375e+00,9.314813613891601562e-01
2.023576498031616211e+00,1.568939113616943359e+01
2.625144243240356445e+00,1.083738231658935547e+01
1.709712743759155273e+00,1.584781265258789062e+01
2.177142620086669922e+00,1.566136264801025391e+01
2.416419744491577148e+00,1.300115871429443359e+01
7.421362996101379395e-01,1.948353290557861328e+00
1.977945566177368164e+00,7.196484088897705078e+00
1.336730360984802246e+00,5.109712481498718262e-01
1.987353086471557617e+00,1.580545806884765625e+01
2.455755472183227539e+00,6.513380050659179688e+00
6.040123701095581055e-01,3.740887641906738281e-01
1.750230550765991211e+00,1.591450977325439453e+01
1.701430559158325195e+00,9.675391197204589844e+00
2.228353977203369141e+00,8.031477928161621094e+00
