1.290631413459777832e+00,2.071613311767578125e+00
3.038714885711669922e+00,3.435735702514648438e+00
2.656008958816528320e+00,9.932667613029479980e-01
-4.130438566207885742e-01,2.591728448867797852e+00
2.431530475616455078e+00,2.477143287658691406e+00
7.739173769950866699e-01,3.792952537536621094e+00
1.081084087491035461e-01,2.059035062789916992e+00
-6.926422566175460815e-02,1.865855336189270020e+00
1.299180388450622559e+00,2.749686241149902344e+00
1.964658975601196289e+00,3.471425056457519531e+00
-8.098005056381225586e-01,2.588143348693847656e+00
6.246437430381774902e-01,3.772087812423706055e+00
8.492157459259033203e-01,2.335953950881958008e+00
1.925390601158142090e+00,3.123259067535400391e+00
9.712420105934143066e-01,2.047537326812744141e+00
4.195237159729003906e-01,2.563606262207031250e+00
8.282130360603332520e-01,2.322702646255493164e+00
2.680225372314453125e-01,2.757265567779541016e+00
8.840989470481872559e-01,2.153324604034423828e+00
2.923722743988037109e+00,2.644006729125976562e+00
1.632502198219299316e+00,3.282336950302124023e+00
-6.986995786428451538e-02,2.033557891845703125e+00
1.107545256614685059e+00,1.698645949363708496e+00
6.382366418838500977e-01,2.032059669494628906e+00
4.143103361129760742e-01,2.479021549224853516e+00
-8.177098631858825684e-01,2.170388698577880859e+00
3.351686298847198486e-01,3.253483295440673828e+00
-1.299797415733337402e+00,2.234332561492919922e+00
1.289103388786315918e+00,3.088150024414062500e+00
1.927450150251388550e-01,1.742845416069030762e+00
7.946056127548217773e-01,3.148715019226074219e+00
1.864357739686965942e-01,2.417722225189208984e+00
5.012078881263732910e-01,2.824237823486328125e+00
1.294105172157287598e+00,3.393860578536987305e+00
-2.820012271404266357e-01,1.653756499290466309e+00
1.492220044136047363e+00,2.871043205261230469e+00
1.343466758728027344e+00,3.456368207931518555e+00
-5.587031841278076172e-01,1.765756011009216309e+00
-1.587917283177375793e-02,1.461043477058410645e+00
1.903526425361633301e+00,3.706293106079101562e+00
1.139355063438415527e+00,2.726920127868652344e+00
-2.490529567003250122e-01,1.993235588073730469e+00
1.237713456153869629e+00,2.875552654266357422e+00
3.289432764053344727e+00,2.540101051330566406e+00
2.206095695495605469e+00,3.310476779937744141e+00
9.861662387847900391e-01,2.727937936782836914e+00
-1.788059026002883911e-01,2.412601470947265625e+00
4.427430927753448486e-01,1.679786562919616699e+00
6.676672101020812988e-01,1.283984780311584473e+00
1.131333947181701660e+00,1.971200823783874512e+00
6.438563466072082520e-01,2.659212112426757812e+00
1.265366315841674805e+00,2.928027153015136719e+00
5.797179341316223145e-01,1.494714736938476562e+00
4.285340905189514160e-01,2.833910465240478516e+00
5.500674247741699219e-01,2.183543443679809570e+00
8.952678442001342773e-01,2.692235946655273438e+00
-1.135531544685363770e+00,2.097689390182495117e+00
4.584977626800537109e-01,1.999131321907043457e+00
9.931126981973648071e-02,1.505518794059753418e+00
2.537870407104492188e+00,1.823947191238403320e+00
-3.903955221176147461e-01,2.958909749984741211e+00
-6.657463908195495605e-01,2.062647342681884766e+00
3.034965515136718750e+00,1.963389039039611816e+00
2.697260618209838867e+00,2.509174346923828125e+00
1.364094376564025879e+00,3.739048004150390625e+00
8.489839434623718262e-01,2.470291614532470703e+00
3.303909540176391602e+00,2.728119134902954102e+00
1.216777443885803223e+00,2.989678859710693359e+00
6.180863976478576660e-01,3.160861015319824219e+00
8.465945720672607422e-01,2.520166873931884766e+00
-7.165321111679077148e-01,1.161497235298156738e+00
1.747976422309875488e+00,2.414330482482910156e+00
-4.366963803768157959e-01,1.184287071228027344e+00
3.252768039703369141e+00,2.741151809692382812e+00
2.028810739517211914e+00,1.920162796974182129e+00
1.702407360076904297e+00,2.037929534912109375e+00
2.846971511840820312e+00,3.395935773849487305e+00
-6.135547757148742676e-01,2.888982534408569336e+00
2.647678375244140625e+00,3.348294734954833984e+00
-3.724267482757568359e-01,1.610903143882751465e+00
-4.991029500961303711e-01,2.625757217407226562e+00
-1.395959756337106228e-03,1.958290219306945801e+00
-2.109929174184799194e-01,2.185921907424926758e+00
1.594315916299819946e-01,8.558933138847351074e-01
1.509473681449890137e+00,2.039959669113159180e+00
-3.900652527809143066e-01,1.576718688011169434e+00
1.192050352692604065e-01,2.225789546966552734e+00
-3.611058592796325684e-01,1.789690613746643066e+00
1.270535826683044434e+00,3.457013845443725586e+00
2.926837682723999023e+00,2.831880092620849609e+00
2.766730487346649170e-01,2.850865840911865234e+00
1.857167243957519531e+00,2.466991186141967773e+00
3.280425071716308594e-01,1.556113600730895996e+00
2.371182203292846680e+00,2.421339035034179688e+00
1.043205738067626953e+00,8.358595371246337891e-01
-2.348618358373641968e-01,1.229355931282043457e+00
3.582764863967895508e-01,1.531682610511779785e+00
1.294959932565689087e-01,2.618247032165527344e+00
2.280017375946044922e+00,3.448078632354736328e+00
2.340015649795532227e+00,2.864192485809326172e+00
-6.346557736396789551e-01,1.180512070655822754e+00
1.710247874259948730e+00,3.169018745422363281e+00
2.909949302673339844e+00,3.453454494476318359e+00
1.060648083686828613e+00,1.943061828613281250e+00
6.831561923027038574e-01,2.360588073730468750e+00
1.392406344413757324e+00,2.461296558380126953e+00
4.917908906936645508e-01,2.321068525314331055e+00
-3.812741935253143311e-01,1.573056936264038086e+00
2.894987106323242188e+00,2.994814157485961914e+00
-1.510850042104721069e-01,1.774450898170471191e+00
-7.700321674346923828e-01,1.557633996009826660e+00
-1.122442364692687988e+00,1.548499226570129395e+00
-7.394184470176696777e-01,1.028951048851013184e+00
1.626953125000000000e+00,3.175029039382934570e+00
-4.830080866813659668e-01,1.356817841529846191e+00
1.109691143035888672e+00,1.171471834182739258e+00
1.020476460456848145e+00,1.948647618293762207e+00
1.324205875396728516e+00,1.331017613410949707e+00
2.017071247100830078e+00,3.159644126892089844e+00
3.312498331069946289e-01,2.381262779235839844e+00
1.314922332763671875e+00,2.707492589950561523e+00
-1.258420497179031372e-01,1.519263625144958496e+00
1.370110750198364258e+00,1.215102910995483398e+00
2.226965427398681641e+00,2.108549118041992188e+00
1.665873289108276367e+00,2.786581277847290039e+00
-2.040522173047065735e-02,1.068643093109130859e+00
-7.111431956291198730e-01,1.114416956901550293e+00
1.172068789601325989e-01,3.389527797698974609e+00
-7.122114896774291992e-01,2.389541149139404297e+00
1.484256505966186523e+00,2.865808010101318359e+00
1.008417606353759766e+00,7.921860218048095703e-01
-3.013089597225189209e-01,2.404480934143066406e+00
-4.752137139439582825e-02,2.824214220046997070e+00
2.147005558013916016e+00,3.603488445281982422e+00
-3.292779326438903809e-01,1.798603415489196777e+00
-6.652051806449890137e-01,3.230709314346313477e+00
-6.437189579010009766e-01,1.288748502731323242e+00
3.727222919464111328e+00,2.298562049865722656e+00
1.149003624916076660e+00,2.101380586624145508e+00
-7.493787407875061035e-01,2.519911050796508789e+00
1.655889675021171570e-02,3.075347185134887695e+00
3.527338504791259766e-01,2.897318363189697266e+00
8.239253163337707520e-01,2.811874866485595703e+00
9.627916812896728516e-01,2.135710239410400391e+00
4.138277471065521240e-01,2.705792188644409180e+00
-6.807156205177307129e-01,1.541635513305664062e+00
1.816354990005493164e+00,2.782564878463745117e+00
-3.241670131683349609e-01,1.150015711784362793e+00
2.621068060398101807e-01,3.676482915878295898e+00
1.539405226707458496e+00,2.000596046447753906e+00
1.664774775505065918e+00,2.634060621261596680e+00
-2.401519119739532471e-01,2.260284900665283203e+00
2.054369598627090454e-01,2.833784103393554688e+00
-5.596391558647155762e-01,2.696919918060302734e+00
6.932411342859268188e-02,3.621542692184448242e+00
2.711955308914184570e+00,3.512669086456298828e+00
-2.113454192876815796e-01,2.360040903091430664e+00
1.480899214744567871e+00,2.095841884613037109e+00
2.870058119297027588e-01,2.586973667144775391e+00
1.308033347129821777e+00,1.940350890159606934e+00
1.574603199958801270e+00,1.801741361618041992e+00
2.234300225973129272e-01,2.457944393157958984e+00
1.358269333839416504e+00,3.081227779388427734e+00
-7.924329256638884544e-04,1.262960910797119141e+00
-3.293162882328033447e-01,1.679865360260009766e+00
-1.129170581698417664e-01,2.696615219116210938e+00
-5.533344745635986328e-01,2.528985023498535156e+00
1.582796722650527954e-01,1.639181256294250488e+00
1.622216105461120605e+00,2.011495590209960938e+00
6.640608906745910645e-01,3.115689277648925781e+00
2.884048938751220703e+00,2.453140735626220703e+00
-9.953407645225524902e-01,2.126420497894287109e+00
1.109409451484680176e+00,2.465645074844360352e+00
5.059847235679626465e-01,2.973591566085815430e+00
2.680814743041992188e+00,3.366996765136718750e+00
6.198398470878601074e-01,2.234487295150756836e+00
2.710599899291992188e+00,2.673655509948730469e+00
1.979563355445861816e+00,1.645928978919982910e+00
1.021306991577148438e+00,3.534354209899902344e+00
-1.509428471326828003e-01,3.197377681732177734e+00
3.074880599975585938e+00,3.242599725723266602e+00
-2.658422291278839111e-01,3.253594398498535156e+00
-2.331722229719161987e-01,1.703926920890808105e+00
1.863245606422424316e+00,2.110222339630126953e+00
1.733962655067443848e+00,2.223662137985229492e+00
-1.026724338531494141e+00,1.648740530014038086e+00
1.383499741554260254e+00,1.650801777839660645e+00
2.491766214370727539e+00,2.872330904006958008e+00
2.322227478027343750e+00,1.472587585449218750e+00
-5.307337641716003418e-01,2.736107349395751953e+00
2.215792179107666016e+00,3.601885795593261719e+00
-1.662749499082565308e-01,2.195839405059814453e+00
1.072061061859130859e+00,1.993560791015625000e+00
2.064276695251464844e+00,2.757901430130004883e+00
1.976178526878356934e+00,2.794702529907226562e+00
1.764106750488281250e+00,2.656145811080932617e+00
6.220699548721313477e-01,3.005503892898559570e+00
-7.203606963157653809e-01,1.065407514572143555e+00
7.652995586395263672e-01,1.099676251411437988e+00
1.787808537483215332e+00,1.772320747375488281e+00
6.705613136291503906e-01,2.168072223663330078e+00
8.734530210494995117e-01,3.169528484344482422e+00
3.221215605735778809e-01,2.394165754318237305e+00
3.357125446200370789e-02,2.467139244079589844e+00
2.058988332748413086e+00,2.143392562866210938e+00
1.646044373512268066e+00,2.716173887252807617e+00
-1.177196860313415527e+00,2.199567556381225586e+00
-1.014791131019592285e+00,3.021148681640625000e+00
-8.215504139661788940e-02,2.991183996200561523e+00
2.943392395973205566e-01,2.861363887786865234e+00
3.362318038940429688e+00,3.225574970245361328e+00
5.480390787124633789e-01,2.822243213653564453e+00
2.672341346740722656e+00,3.450776576995849609e+00
-1.117809772491455078e+00,2.017562150955200195e+00
-6.737365126609802246e-01,2.139084815979003906e+00
3.186887741088867188e+00,2.393608093261718750e+00
1.053052186965942383e+00,1.762821793556213379e+00
5.078247189521789551e-01,2.279649019241333008e+00
3.319030284881591797e+00,3.632595777511596680e+00
-6.563819050788879395e-01,1.296097517013549805e+00
3.408703804016113281e+00,2.930352210998535156e+00
2.229110240936279297e+00,3.431718826293945312e+00
2.890596866607666016e+00,2.718407630920410156e+00
7.839456796646118164e-01,1.957996368408203125e+00
3.276697993278503418e-01,2.866679191589355469e+00
3.635559380054473877e-01,2.368740081787109375e+00
1.303910166025161743e-01,1.621171116828918457e+00
-8.208691328763961792e-02,3.409473419189453125e+00
1.998280167579650879e+00,2.764193534851074219e+00
2.667308807373046875e+00,2.610379695892333984e+00
-6.219366192817687988e-01,2.260746479034423828e+00
2.705219984054565430e+00,2.235807418823242188e+00
8.555157184600830078e-01,2.124912738800048828e+00
-8.760144710540771484e-01,1.527827620506286621e+00
7.953910827636718750e-01,2.163862705230712891e+00
4.314365983009338379e-01,1.815639853477478027e+00
3.944709300994873047e+00,2.460022449493408203e+00
6.251723766326904297e-01,1.716847419738769531e+00
-4.463201761245727539e-01,1.558305382728576660e+00
-1.279416233301162720e-01,2.486702919006347656e+00
-1.211652755737304688e+00,1.439917445182800293e+00
3.548932552337646484e+00,3.668196916580200195e+00
8.256725072860717773e-01,2.622618675231933594e+00
2.270956754684448242e+00,2.590412139892578125e+00
1.816092059016227722e-02,3.280582189559936523e+00
5.346853733062744141e-01,1.632417321205139160e+00
3.434647917747497559e-01,3.564343452453613281e+00
3.156622409820556641e+00,2.894315242767333984e+00
2.757450580596923828e+00,2.429796218872070312e+00
1.037287592887878418e+00,2.176253080368041992e+00
9.716909378767013550e-03,2.517399549484252930e+00
1.567272663116455078e+00,1.538036346435546875e+00
6.706814765930175781e-01,3.159548997879028320e+00
7.319086194038391113e-01,3.075664043426513672e+00
6.101170778274536133e-01,2.414259672164916992e+00
-6.430402398109436035e-01,8.587249517440795898e-01
-7.243540883064270020e-01,1.926095008850097656e+00
7.724464535713195801e-01,1.726005911827087402e+00
1.528971344232559204e-01,3.318559169769287109e+00
1.550253391265869141e+00,2.381505966186523438e+00
2.592856168746948242e+00,1.145685553550720215e+00
1.937138199806213379e+00,1.758898138999938965e+00
3.150520324707031250e+00,3.421020984649658203e+00
-9.995856136083602905e-02,1.342250704765319824e+00
1.344719529151916504e+00,2.452611923217773438e+00
1.033292055130004883e+00,2.147664546966552734e+00
2.177157402038574219e+00,3.190976142883300781e+00
-4.431471228599548340e-01,1.704593539237976074e+00
3.628103733062744141e-01,2.086463928222656250e+00
5.756604075431823730e-01,1.876704454421997070e+00
6.309906244277954102e-01,2.250105857849121094e+00
8.880445361137390137e-01,3.197177410125732422e+00
3.140839338302612305e-01,1.861432075500488281e+00
1.746338844299316406e+00,2.737873077392578125e+00
1.992475628852844238e+00,1.191328287124633789e+00
1.221432685852050781e+00,2.063073158264160156e+00
9.502616524696350098e-01,1.958456397056579590e+00
7.024429440498352051e-01,2.937647342681884766e+00
1.635513305664062500e+00,2.572428703308105469e+00
-1.397833228111267090e+00,1.183440089225769043e+00
2.041401624679565430e+00,3.012781620025634766e+00
2.572461605072021484e+00,2.572760581970214844e+00
-7.717539668083190918e-01,1.537999629974365234e+00
1.112150311470031738e+00,2.976939201354980469e+00
5.184221267700195312e-01,1.724682450294494629e+00
2.265430688858032227e+00,2.616697311401367188e+00
3.025243878364562988e-01,2.320039510726928711e+00
-1.424118995666503906e+00,1.491281628608703613e+00
2.974179744720458984e+00,2.847338438034057617e+00
3.126425027847290039e+00,2.893842935562133789e+00
7.609419226646423340e-01,2.197432994842529297e+00
2.572889328002929688e+00,2.436036348342895508e+00
-9.587565064430236816e-01,2.118671894073486328e+00
8.417662978172302246e-01,2.634542465209960938e+00
-8.305051326751708984e-01,2.365329742431640625e+00
3.326833724975585938e+00,2.312879800796508789e+00
2.164192676544189453e+00,2.051590919494628906e+00
6.938877105712890625e-01,1.740368008613586426e+00
2.528517723083496094e+00,2.612668037414550781e+00
-8.200043439865112305e-01,2.157128334045410156e+00
7.376364618539810181e-02,1.968801140785217285e+00
1.929120346903800964e-02,1.956381678581237793e+00
-1.831476241350173950e-01,6.586307883262634277e-01
-1.094585880637168884e-01,1.824173569679260254e+00
9.487892389297485352e-01,2.646855831146240234e+00
8.250504136085510254e-01,3.081512212753295898e+00
8.111751824617385864e-02,3.183238506317138672e+00
-1.091586872935295105e-01,2.348984241485595703e+00
1.950696110725402832e+00,3.609036922454833984e+00
-1.180363416671752930e+00,1.246909022331237793e+00
2.340190410614013672e+00,2.720108270645141602e+00
-2.795017361640930176e-01,2.031379699707031250e+00
1.772215247154235840e+00,1.446457028388977051e+00
4.637419581413269043e-01,2.439713478088378906e+00
-9.080428630113601685e-03,2.533388137817382812e+00
2.224716186523437500e+00,2.007132768630981445e+00
5.339284539222717285e-01,3.162196874618530273e+00
3.630737364292144775e-01,2.281929016113281250e+00
9.386308193206787109e-01,2.508577823638916016e+00
5.837033968418836594e-03,3.031688213348388672e+00
-4.103198647499084473e-01,1.343951821327209473e+00
3.496414422988891602e-01,2.443139076232910156e+00
-5.546808838844299316e-01,2.443381547927856445e+00
7.846446633338928223e-01,3.350404262542724609e+00
-6.784371137619018555e-01,2.121830224990844727e+00
-9.445819258689880371e-01,2.306530475616455078e+00
1.436091423034667969e+00,2.821796178817749023e+00
-1.376422122120857239e-02,3.219301223754882812e+00
3.026872396469116211e+00,3.185867309570312500e+00
3.601499080657958984e+00,3.034411430358886719e+00
-3.588380813598632812e-01,2.146394729614257812e+00
3.075536727905273438e+00,1.956312537193298340e+00
3.371572494506835938e+00,3.060079097747802734e+00
5.393912196159362793e-01,2.279510498046875000e+00
4.529844522476196289e-01,2.172516822814941406e+00
2.740191459655761719e+00,2.480663776397705078e+00
5.097165703773498535e-01,2.460092067718505859e+00
1.950564146041870117e+00,3.191447973251342773e+00
1.051893115043640137e+00,2.638978004455566406e+00
4.178825318813323975e-01,2.193515777587890625e+00
3.021761417388916016e+00,3.225657463073730469e+00
4.011112451553344727e-01,2.664173603057861328e+00
-4.310281276702880859e-01,2.206096172332763672e+00
-3.494297266006469727e-01,2.809242725372314453e+00
-5.624240636825561523e-01,2.783052444458007812e+00
5.942633152008056641e-01,1.429092764854431152e+00
-1.082666397094726562e+00,7.075232863426208496e-01
-1.464123249053955078e+00,1.588229417800903320e+00
3.241015672683715820e-01,2.739463806152343750e+00
-1.150487422943115234e+00,2.197307586669921875e+00
1.708909273147583008e+00,3.038784027099609375e+00
2.692061662673950195e-01,1.418179631233215332e+00
1.379587531089782715e+00,3.060192108154296875e+00
-5.237179398536682129e-01,2.007591724395751953e+00
-4.486364722251892090e-01,1.968564987182617188e+00
1.636072039604187012e+00,3.269768476486206055e+00
-6.719838827848434448e-02,2.982405662536621094e+00
-1.631074696779251099e-01,1.712633252143859863e+00
2.392724037170410156e+00,2.358604431152343750e+00
-9.908387660980224609e-01,2.198818683624267578e+00
1.628604531288146973e+00,2.722535610198974609e+00
1.730419278144836426e+00,2.503895759582519531e+00
5.757997035980224609e-01,3.039309501647949219e+00
-1.160498335957527161e-02,1.372101664543151855e+00
3.945058584213256836e-01,2.087326526641845703e+00
-1.810352057218551636e-01,2.554721355438232422e+00
2.256055593490600586e+00,2.566962242126464844e+00
1.513924956321716309e+00,2.488808155059814453e+00
1.521171212196350098e+00,2.857674360275268555e+00
1.147766232490539551e+00,1.971604347229003906e+00
1.931948065757751465e+00,2.545674800872802734e+00
-2.996536493301391602e-01,1.535024523735046387e+00
-7.131177186965942383e-01,2.305165052413940430e+00
5.037029385566711426e-01,2.302964925765991211e+00
2.088358640670776367e+00,2.976258277893066406e+00
1.501223683357238770e+00,1.188791632652282715e+00
-7.127087712287902832e-01,1.873975276947021484e+00
4.552410840988159180e-01,2.486091613769531250e+00
1.424868941307067871e+00,2.779689311981201172e+00
2.426536232233047485e-01,1.587026119232177734e+00
-3.747223690152168274e-02,3.365888118743896484e+00
-9.843339323997497559e-01,2.025033950805664062e+00
4.092112183570861816e-01,2.498398303985595703e+00
2.420061826705932617e+00,2.643041133880615234e+00
7.104759216308593750e-01,2.414029121398925781e+00
-9.915583729743957520e-01,2.179100513458251953e+00
2.696339130401611328e+00,2.697619915008544922e+00
3.364025592803955078e+00,2.461405038833618164e+00
-2.699298262596130371e-01,2.795995950698852539e+00
-3.665173649787902832e-01,1.769032955169677734e+00
1.578295975923538208e-01,2.111558914184570312e+00
-1.422515869140625000e+00,2.074305772781372070e+00
2.962999820709228516e+00,3.133883953094482422e+00
1.109057068824768066e+00,3.898675918579101562e+00
3.129982948303222656e+00,3.190336942672729492e+00
2.945217370986938477e+00,2.526034116744995117e+00
2.700659751892089844e+00,2.888296365737915039e+00
-5.833610892295837402e-01,2.413345813751220703e+00
2.052419185638427734e+00,1.935018420219421387e+00
9.141986966133117676e-01,3.656127691268920898e+00
1.562912225723266602e+00,1.592663407325744629e+00
-1.782731860876083374e-01,2.542661190032958984e+00
1.406804442405700684e+00,2.469316959381103516e+00
5.393193364143371582e-01,2.230003356933593750e+00
-3.610609769821166992e-01,1.841704010963439941e+00
1.334426522254943848e+00,2.992030382156372070e+00
1.138507127761840820e+00,2.688305377960205078e+00
-1.579999178647994995e-01,2.367254018783569336e+00
2.476129293441772461e+00,2.428354501724243164e+00
3.606041669845581055e-01,2.205310344696044922e+00
2.373144626617431641e+00,2.822590827941894531e+00
3.550798296928405762e-01,1.930345892906188965e+00
2.678991794586181641e+00,3.599795579910278320e+00
2.711708307266235352e+00,1.571554541587829590e+00
8.273314237594604492e-01,2.071055650711059570e+00
5.928357243537902832e-01,1.832788586616516113e+00
-9.245311021804809570e-01,2.640022516250610352e+00
1.958954811096191406e+00,2.923230648040771484e+00
1.272360205650329590e+00,2.196532249450683594e+00
1.750541567802429199e+00,2.600641250610351562e+00
-1.712686866521835327e-01,1.623518586158752441e+00
1.060781598091125488e+00,2.137390613555908203e+00
-4.562310278415679932e-01,1.704697966575622559e+00
2.872199058532714844e+00,3.436129093170166016e+00
1.719167351722717285e+00,2.285309076309204102e+00
-1.983234733343124390e-01,2.545616865158081055e+00
-7.433488965034484863e-01,1.454293847084045410e+00
-2.502813637256622314e-01,2.651113748550415039e+00
3.158304691314697266e+00,2.485913276672363281e+00
1.453464150428771973e+00,2.186154603958129883e+00
5.731120705604553223e-01,2.753585100173950195e+00
1.177857041358947754e+00,1.424722194671630859e+00
2.288042545318603516e+00,2.353240489959716797e+00
1.819014191627502441e+00,1.577341675758361816e+00
3.246756315231323242e+00,2.993342638015747070e+00
-2.202202826738357544e-01,1.780060172080993652e+00
1.916882544755935669e-01,1.532084226608276367e+00
1.167805433273315430e+00,2.707671642303466797e+00
1.031344309449195862e-01,2.172272682189941406e+00
-2.163657397031784058e-01,2.990677356719970703e+00
6.958708912134170532e-02,3.160269260406494141e+00
-3.563819527626037598e-01,2.365983486175537109e+00
1.852868944406509399e-01,3.094445705413818359e+00
-4.434664547443389893e-01,1.820717215538024902e+00
-3.948237001895904541e-01,1.286956191062927246e+00
1.602842807769775391e+00,2.730628490447998047e+00
2.511018753051757812e+00,2.656506538391113281e+00
2.092625141143798828e+00,2.391528606414794922e+00
3.287832736968994141e-01,6.578849554061889648e-01
3.508483469486236572e-01,2.874461412429809570e+00
-8.415248245000839233e-02,3.291682958602905273e+00
4.012989103794097900e-01,2.109327077865600586e+00
1.834934949874877930e+00,1.721393465995788574e+00
1.206102132797241211e+00,2.877214908599853516e+00
-8.246051520109176636e-02,2.011970996856689453e+00
1.925778031349182129e+00,2.759933710098266602e+00
4.839331507682800293e-01,2.499704122543334961e+00
-1.157503843307495117e+00,1.518372058868408203e+00
3.388509750366210938e+00,3.208754062652587891e+00
8.407131582498550415e-02,2.957866668701171875e+00
1.103413581848144531e+00,3.748635053634643555e+00
2.261155366897583008e+00,1.765670418739318848e+00
3.750492036342620850e-01,2.464328765869140625e+00
2.772513866424560547e+00,3.470750808715820312e+00
2.194988250732421875e+00,2.763327121734619141e+00
-5.627789497375488281e-01,1.952593922615051270e+00
2.898248672485351562e+00,3.316979169845581055e+00
2.937001705169677734e+00,2.689791917800903320e+00
3.401671886444091797e+00,3.120146274566650391e+00
1.094815969467163086e+00,3.319013595581054688e+00
1.783595442771911621e+00,1.516158699989318848e+00
-5.482301712036132812e-01,1.638252854347229004e+00
-9.688966721296310425e-02,1.796419024467468262e+00
2.690110206604003906e+00,3.503951072692871094e+00
1.664360165596008301e+00,3.565860748291015625e+00
1.321254611015319824e+00,3.136562824249267578e+00
1.553147435188293457e+00,2.431526660919189453e+00
9.109994769096374512e-01,2.609905481338500977e+00
1.568854093551635742e+00,3.199784994125366211e+00
6.478059887886047363e-01,1.895329952239990234e+00
4.348619580268859863e-01,1.401610970497131348e+00
3.130382597446441650e-01,3.010441303253173828e+00
7.012544274330139160e-01,3.617460250854492188e+00
1.643836855888366699e+00,2.658876419067382812e+00
1.010745644569396973e+00,1.712190747261047363e+00
1.307183742523193359e+00,2.399325132369995117e+00
-3.762134909629821777e-01,1.789791464805603027e+00
1.645669698715209961e+00,2.675861597061157227e+00
2.381023168563842773e+00,1.504663228988647461e+00
2.636820316314697266e+00,3.207030773162841797e+00
3.637116551399230957e-01,2.751573562622070312e+00
1.448212504386901855e+00,3.712685823440551758e+00
1.908171921968460083e-01,2.068019866943359375e+00
2.710544586181640625e+00,1.469459414482116699e+00
1.734849095344543457e+00,2.494820594787597656e+00
-5.585101842880249023e-01,2.538197278976440430e+00
3.921610414981842041e-01,2.318230867385864258e+00
1.846231073141098022e-01,1.947887897491455078e+00
-9.355504512786865234e-01,2.026662826538085938e+00
-8.959078043699264526e-02,1.668761849403381348e+00
1.298047065734863281e+00,2.829717874526977539e+00
-7.867740839719772339e-02,1.536138772964477539e+00
1.404826641082763672e+00,3.811370849609375000e+00
1.819310307502746582e+00,3.354151248931884766e+00
1.639731526374816895e+00,1.792426228523254395e+00
1.526649594306945801e+00,2.269190073013305664e+00
-9.266122430562973022e-02,2.773462057113647461e+00
1.370648980140686035e+00,2.049775362014770508e+00
8.773037791252136230e-01,2.879870653152465820e+00
1.394338756799697876e-01,2.099177837371826172e+00
1.937034130096435547e+00,1.363394618034362793e+00
1.213807106018066406e+00,2.492544651031494141e+00
1.280462622642517090e+00,2.530047416687011719e+00
1.924525499343872070e+00,2.463586330413818359e+00
2.847000598907470703e+00,3.170422077178955078e+00
-6.650345921516418457e-01,2.250667333602905273e+00
1.626077413558959961e+00,1.558750867843627930e+00
-2.354834824800491333e-01,1.647453784942626953e+00
-7.793696522712707520e-01,2.654883384704589844e+00
6.108217835426330566e-01,2.098843574523925781e+00
-2.305617481470108032e-01,2.648082256317138672e+00
-1.770233660936355591e-01,1.611295819282531738e+00
-2.155283242464065552e-01,1.680366396903991699e+00
4.961290359497070312e-01,2.401157617568969727e+00
5.822577476501464844e-01,1.873250961303710938e+00
-8.253775238990783691e-01,2.790181636810302734e+00
-5.088765621185302734e-01,1.849664092063903809e+00
3.114928007125854492e+00,2.364629745483398438e+00
2.499073505401611328e+00,2.222638368606567383e+00
3.223859071731567383e-01,1.241764903068542480e+00
5.613082647323608398e-01,2.074652671813964844e+00
-1.096815392374992371e-01,2.048116922378540039e+00
1.051120996475219727e+00,3.396150112152099609e+00
1.820852637290954590e+00,2.076641559600830078e+00
2.520986795425415039e-01,2.031960487365722656e+00
9.672426581382751465e-01,2.180174350738525391e+00
1.781639575958251953e+00,2.608056783676147461e+00
3.308851420879364014e-01,2.643222093582153320e+00
2.990446329116821289e+00,2.742921352386474609e+00
3.396946787834167480e-01,3.420521020889282227e+00
-5.026049613952636719e-01,2.352913379669189453e+00
-3.425636589527130127e-01,2.209127664566040039e+00
1.375717073678970337e-01,3.094708681106567383e+00
1.052577018737792969e+00,2.090560913085937500e+00
-5.509119629859924316e-01,6.942026019096374512e-01
2.684818506240844727e-01,1.297163128852844238e+00
7.709929347038269043e-01,1.634812951087951660e+00
-1.683582738041877747e-02,1.963564753532409668e+00
1.392175793647766113e+00,2.561711788177490234e+00
-3.142822384834289551e-01,1.646772146224975586e+00
1.971910119056701660e+00,2.130653619766235352e+00
2.508818626403808594e+00,2.092813968658447266e+00
7.649447917938232422e-01,2.762714862823486328e+00
3.980045616626739502e-01,2.558900833129882812e+00
8.595035225152969360e-02,2.686916828155517578e+00
5.901317596435546875e-01,2.511080741882324219e+00
1.121733307838439941e+00,2.481365680694580078e+00
1.034909605979919434e+00,2.465221405029296875e+00
-1.145422086119651794e-01,2.386764764785766602e+00
5.355326533317565918e-01,2.158033132553100586e+00
-4.280651211738586426e-01,1.392133712768554688e+00
1.825183629989624023e+00,2.947483062744140625e+00
5.540596842765808105e-01,2.309749841690063477e+00
2.085541784763336182e-01,2.189885139465332031e+00
1.140432357788085938e+00,3.597320556640625000e+00
2.545888349413871765e-02,1.427378773689270020e+00
2.027732372283935547e+00,1.446104168891906738e+00
-5.467343330383300781e-01,1.593737006187438965e+00
2.009521722793579102e+00,1.755312204360961914e+00
-3.379034399986267090e-01,1.300961136817932129e+00
1.029316902160644531e+00,2.912157535552978516e+00
2.376342266798019409e-01,2.078711986541748047e+00
-6.684529185295104980e-01,2.277107954025268555e+00
1.946948885917663574e+00,2.379651784896850586e+00
-6.833015084266662598e-01,1.877656340599060059e+00
-5.157851576805114746e-01,1.210112214088439941e+00
6.661476492881774902e-01,2.806451797485351562e+00
5.529965758323669434e-01,3.095895290374755859e+00
3.218370199203491211e+00,3.274017333984375000e+00
-3.944808244705200195e-01,2.677325010299682617e+00
2.811453580856323242e+00,2.358097553253173828e+00
4.489170014858245850e-01,3.100688159465789795e-01
-5.770714282989501953e-01,1.898495674133300781e+00
9.231196045875549316e-01,1.995966911315917969e+00
-6.697375178337097168e-01,2.097002029418945312e+00
1.461470007896423340e+00,2.259598731994628906e+00
2.205799579620361328e+00,2.422038555145263672e+00
-5.614588856697082520e-01,2.744901657104492188e+00
-3.306119441986083984e-01,3.017978429794311523e+00
1.567343622446060181e-01,1.906827092170715332e+00
1.263766288757324219e+00,2.417362689971923828e+00
-5.374885797500610352e-01,3.178477764129638672e+00
8.880177885293960571e-02,2.860252857208251953e+00
-9.722294658422470093e-02,2.497487545013427734e+00
2.055107951164245605e-01,2.684753417968750000e+00
7.521594166755676270e-01,2.896979570388793945e+00
8.539456725120544434e-01,2.582793951034545898e+00
2.149107456207275391e-01,2.417569398880004883e+00
-1.239438876509666443e-01,3.259631156921386719e+00
1.778515219688415527e+00,3.065011739730834961e+00
3.475593566894531250e+00,2.228925704956054688e+00
2.133409023284912109e+00,2.437689781188964844e+00
7.843315005302429199e-01,3.075616836547851562e+00
2.643862247467041016e+00,3.492334842681884766e+00
2.316510677337646484e+00,1.772985935211181641e+00
8.455891609191894531e-01,2.169556856155395508e+00
1.232034325599670410e+00,2.967016935348510742e+00
2.778178215026855469e+00,3.165238857269287109e+00
2.396975278854370117e+00,2.430440902709960938e+00
-1.315631419420242310e-01,2.295993328094482422e+00
-3.538058102130889893e-01,1.973769545555114746e+00
-1.102209568023681641e+00,1.854840993881225586e+00
4.535991549491882324e-01,2.599722146987915039e+00
1.946429371833801270e+00,2.525563716888427734e+00
1.726827263832092285e+00,2.819842576980590820e+00
8.719524145126342773e-01,1.897701263427734375e+00
3.361501395702362061e-01,2.206781864166259766e+00
2.955262184143066406e+00,2.264540433883666992e+00
-7.948654294013977051e-01,2.052122116088867188e+00
4.565965533256530762e-01,1.920201182365417480e+00
1.539261817932128906e+00,1.980071067810058594e+00
1.099656939506530762e+00,1.124153017997741699e+00
8.155439496040344238e-01,2.023656845092773438e+00
6.720821857452392578e-01,2.078193664550781250e+00
2.785088539123535156e+00,2.838329792022705078e+00
1.024379134178161621e+00,2.184606790542602539e+00
-1.138309836387634277e+00,2.581394195556640625e+00
2.493068218231201172e+00,3.097464561462402344e+00
3.283811569213867188e+00,2.744921684265136719e+00
-1.023134589195251465e+00,1.398493647575378418e+00
3.255918502807617188e+00,2.632603168487548828e+00
-1.109994575381278992e-01,2.092803955078125000e+00
1.814593434333801270e+00,3.278742790222167969e+00
7.883124351501464844e-01,1.802979826927185059e+00
-4.909898042678833008e-01,2.828507900238037109e+00
1.221571803092956543e+00,2.722765922546386719e+00
9.812757372856140137e-01,2.702552795410156250e+00
-2.672224044799804688e-01,2.248513698577880859e+00
-7.137238234281539917e-02,2.612171649932861328e+00
-2.899525165557861328e-01,1.326811075210571289e+00
1.558459401130676270e+00,2.641897439956665039e+00
1.550410747528076172e+00,3.608178496360778809e-01
1.574025988578796387e+00,2.807807445526123047e+00
-1.061176776885986328e+00,2.011551856994628906e+00
2.428368568420410156e+00,2.178396701812744141e+00
2.101260662078857422e+00,3.439969062805175781e+00
1.312538027763366699e+00,2.737503051757812500e+00
1.157604575157165527e+00,1.940109252929687500e+00
7.399632334709167480e-01,2.953076362609863281e+00
1.697959303855895996e+00,1.729591250419616699e+00
1.579151004552841187e-01,1.650414586067199707e+00
-8.609458059072494507e-02,3.377317428588867188e+00
1.266412854194641113e+00,3.475958347320556641e+00
1.142933130264282227e+00,2.077412128448486328e+00
-7.183983176946640015e-02,1.601625800132751465e+00
-2.414642870426177979e-01,2.565574169158935547e+00
1.738763600587844849e-01,2.929277181625366211e+00
6.903550773859024048e-02,1.662340641021728516e+00
3.130502700805664062e-01,2.661159515380859375e+00
1.287311911582946777e+00,2.092397212982177734e+00
-6.748511791229248047e-01,2.774074792861938477e+00
1.932153820991516113e+00,2.925768852233886719e+00
3.086336374282836914e+00,3.242846250534057617e+00
-6.981709003448486328e-01,1.971269845962524414e+00
-2.699265480041503906e-01,1.704701185226440430e+00
-4.553970396518707275e-01,2.357387304306030273e+00
2.989916086196899414e+00,2.473281860351562500e+00
4.627580940723419189e-01,1.930933713912963867e+00
7.385525107383728027e-01,1.849449276924133301e+00
3.251047611236572266e+00,2.912214756011962891e+00
1.182432174682617188e+00,1.990854382514953613e+00
6.966588497161865234e-01,2.207673311233520508e+00
2.368334770202636719e+00,2.998046398162841797e+00
4.215505123138427734e-01,1.676786541938781738e+00
-1.621733456850051880e-01,1.777578711509704590e+00
-4.608901143074035645e-01,3.069387435913085938e+00
1.431686282157897949e+00,2.686512470245361328e+00
7.944681048393249512e-01,1.943286538124084473e+00
3.812742233276367188e-01,2.775259494781494141e+00
1.701176285743713379e+00,1.150781869888305664e+00
1.453350067138671875e+00,2.824243783950805664e+00
1.263755708932876587e-01,2.711412191390991211e+00
-7.031476497650146484e-01,1.924140095710754395e+00
3.939481973648071289e-01,2.624522209167480469e+00
8.526504635810852051e-01,2.931784391403198242e+00
1.353517293930053711e+00,2.392610549926757812e+00
-7.046179175376892090e-01,1.586147904396057129e+00
-4.755997359752655029e-01,1.504634737968444824e+00
-7.458688020706176758e-01,2.058869838714599609e+00
-1.174945592880249023e+00,2.405961990356445312e+00
-3.829080462455749512e-01,2.773104667663574219e+00
-4.827993512153625488e-01,2.057094573974609375e+00
3.935485482215881348e-01,3.114125251770019531e+00
2.279274940490722656e+00,8.386415243148803711e-02
5.700394511222839355e-01,1.865719914436340332e+00
-6.304895132780075073e-02,2.075647354125976562e+00
1.077020764350891113e+00,2.781418800354003906e+00
-4.896943569183349609e-01,2.144655227661132812e+00
-1.150121912360191345e-01,1.422489762306213379e+00
3.468387722969055176e-01,2.525995731353759766e+00
8.889337182044982910e-01,3.388487577438354492e+00
1.208334639668464661e-01,2.441287040710449219e+00
-1.236953362822532654e-01,3.075988769531250000e+00
9.995801448822021484e-01,2.622898578643798828e+00
1.189738154411315918e+00,1.516606926918029785e+00
1.706772685050964355e+00,3.406028270721435547e+00
-2.912716940045356750e-02,3.625356197357177734e+00
9.680692553520202637e-01,7.954345941543579102e-01
8.858169913291931152e-01,2.067160129547119141e+00
-5.569922327995300293e-01,1.178223013877868652e+00
-7.148736119270324707e-01,1.587438941001892090e+00
-7.047343850135803223e-01,1.952868342399597168e+00
1.833438754081726074e+00,1.543466329574584961e+00
3.247932910919189453e+00,2.855966567993164062e+00
-9.500507712364196777e-01,1.856750726699829102e+00
4.050362408161163330e-01,3.186238527297973633e+00
1.023893713951110840e+00,9.563975930213928223e-01
5.346855521202087402e-01,2.333095073699951172e+00
2.381263732910156250e+00,3.113346815109252930e+00
-5.732204318046569824e-01,1.462738275527954102e+00
7.839515805244445801e-01,2.878626108169555664e+00
1.209002137184143066e+00,3.280745029449462891e+00
3.215797662734985352e+00,2.659076690673828125e+00
3.224038124084472656e+00,2.380188941955566406e+00
2.448738574981689453e+00,2.170299053192138672e+00
7.348424196243286133e-01,3.123396396636962891e+00
5.135464072227478027e-01,2.167996883392333984e+00
-2.137927561998367310e-01,2.516868114471435547e+00
2.614299058914184570e+00,1.279853224754333496e+00
1.682813048362731934e+00,2.770671844482421875e+00
1.422935962677001953e+00,2.072686672210693359e+00
4.329490661621093750e-01,2.381855487823486328e+00
1.052945613861083984e+00,2.960483789443969727e+00
6.259726881980895996e-01,2.642834186553955078e+00
1.824123024940490723e+00,2.317298889160156250e+00
2.667070865631103516e+00,3.437514781951904297e+00
2.528518676757812500e+00,2.034871101379394531e+00
-1.075259804725646973e+00,2.132048130035400391e+00
1.402299284934997559e+00,2.874366760253906250e+00
-8.340914249420166016e-01,2.828454017639160156e+00
1.766936302185058594e+00,2.155384778976440430e+00
1.212217926979064941e+00,1.473065257072448730e+00
-4.397984221577644348e-02,8.054885268211364746e-01
1.924992084503173828e+00,2.213585853576660156e+00
5.329226851463317871e-01,1.004449486732482910e+00
1.070945858955383301e+00,2.780068874359130859e+00
-3.024355769157409668e-01,2.398439407348632812e+00
6.204397082328796387e-01,1.665500998497009277e+00
8.812466263771057129e-01,2.767623424530029297e+00
2.774951696395874023e+00,2.708937644958496094e+00
1.915712594985961914e+00,2.614032745361328125e+00
-2.507036924362182617e-01,2.228408336639404297e+00
2.397160679101943970e-01,1.957668662071228027e+00
5.245708823204040527e-01,2.896491765975952148e+00
7.864046692848205566e-01,1.572148442268371582e+00
1.229771018028259277e+00,1.000618696212768555e+00
-9.003908038139343262e-01,2.534050941467285156e+00
-5.739602446556091309e-01,2.303229570388793945e+00
1.593703269958496094e+00,2.604071855545043945e+00
-1.397934436798095703e+00,1.721473813056945801e+00
9.929475188255310059e-01,2.786628961563110352e+00
2.327755451202392578e+00,2.421667575836181641e+00
-3.236544132232666016e-01,2.558200836181640625e+00
1.678443312644958496e+00,3.666174411773681641e+00
9.750040173530578613e-01,1.907378911972045898e+00
1.480240464210510254e+00,3.960574626922607422e+00
1.563053846359252930e+00,1.947280168533325195e+00
2.326403141021728516e+00,2.202960968017578125e+00
-1.250994563102722168e+00,1.942874312400817871e+00
-3.536777496337890625e-01,2.045924901962280273e+00
2.019577920436859131e-01,2.872480630874633789e+00
1.169740796089172363e+00,1.285042643547058105e+00
3.539360463619232178e-01,3.072127580642700195e+00
-5.814682245254516602e-01,1.293634533882141113e+00
2.331185817718505859e+00,9.031082987785339355e-01
3.696820497512817383e+00,2.446563720703125000e+00
3.414968773722648621e-02,1.435264945030212402e+00
1.287463068962097168e+00,3.097400665283203125e+00
7.289364933967590332e-01,2.111318588256835938e+00
4.132754802703857422e-01,3.159716844558715820e+00
-1.097777411341667175e-01,3.291012763977050781e+00
-5.298169851303100586e-01,1.920694231986999512e+00
-2.325798943638801575e-02,3.429994106292724609e+00
-1.049425229430198669e-01,2.290214300155639648e+00
2.365360110998153687e-01,2.712734460830688477e+00
2.083667665719985962e-01,1.392645120620727539e+00
1.649062752723693848e+00,2.282634735107421875e+00
-5.496798828244209290e-02,2.290798902511596680e+00
3.700143814086914062e+00,3.055315494537353516e+00
2.023926824331283569e-01,8.286937475204467773e-01
-1.390712335705757141e-02,2.076209545135498047e+00
2.472207248210906982e-01,1.078060150146484375e+00
1.843682885169982910e+00,1.129720330238342285e+00
3.064821362495422363e-01,1.738052129745483398e+00
-2.346988394856452942e-02,2.035749435424804688e+00
-6.566788554191589355e-01,1.934493541717529297e+00
2.410933971405029297e+00,2.473437309265136719e+00
-7.318604588508605957e-01,2.714597702026367188e+00
-4.935631752014160156e-01,1.608972311019897461e+00
2.852250576019287109e+00,3.419120788574218750e+00
1.742445945739746094e+00,2.078137874603271484e+00
1.877357482910156250e+00,3.372782230377197266e+00
2.732773423194885254e-01,2.654657125473022461e+00
1.095127940177917480e+00,2.730330467224121094e+00
-1.863154321908950806e-01,1.682574033737182617e+00
-1.785455107688903809e+00,1.452970981597900391e+00
-8.283857107162475586e-01,2.107687950134277344e+00
1.065043687820434570e+00,2.454247951507568359e+00
1.968054100871086121e-02,2.423333883285522461e+00
9.223086237907409668e-01,1.665862798690795898e+00
4.309640526771545410e-01,2.382866859436035156e+00
5.328081250190734863e-01,2.148623943328857422e+00
-7.855402827262878418e-01,2.339973926544189453e+00
1.560283422470092773e+00,9.879314303398132324e-01
1.329226642847061157e-01,3.036421060562133789e+00
3.943119049072265625e-01,2.845954418182373047e+00
5.544186756014823914e-02,2.016062736511230469e+00
-2.866827547550201416e-01,2.063901901245117188e+00
3.533191680908203125e-01,2.732924699783325195e+00
1.328307509422302246e+00,1.735866665840148926e+00
5.405079722404479980e-01,2.636384963989257812e+00
-1.248762249946594238e+00,2.039821147918701172e+00
4.801299870014190674e-01,2.402932643890380859e+00
-1.507474631071090698e-01,2.337072134017944336e+00
1.367419600486755371e+00,1.264190435409545898e+00
2.295522689819335938e+00,9.946995973587036133e-01
2.011191606521606445e+00,2.607526779174804688e+00
1.229723572731018066e+00,2.593954324722290039e+00
1.925830841064453125e-01,3.222254276275634766e+00
1.878397345542907715e+00,3.960234642028808594e+00
1.284375548362731934e+00,4.127932071685791016e+00
1.625510692596435547e+00,1.695600509643554688e+00
5.609998106956481934e-01,3.419693470001220703e+00
-7.176028490066528320e-01,1.835039138793945312e+00
1.549635887145996094e+00,1.574161052703857422e+00
-5.425292849540710449e-01,3.075142860412597656e+00
1.744792819023132324e+00,2.476051330566406250e+00
3.918963670730590820e-01,1.598031044006347656e+00
1.951622217893600464e-01,1.573273181915283203e+00
2.643128037452697754e-01,2.290842533111572266e+00
1.405290484428405762e+00,3.022747516632080078e+00
-3.654962778091430664e-01,1.218534708023071289e+00
6.252856254577636719e-01,2.321374177932739258e+00
1.979068398475646973e+00,2.524708509445190430e+00
7.589784264564514160e-01,1.414116501808166504e+00
6.873015314340591431e-02,1.951102256774902344e+00
3.491357803344726562e+00,2.319782733917236328e+00
2.583505511283874512e-01,3.372411966323852539e+00
2.926577806472778320e+00,3.672510862350463867e+00
1.117990985512733459e-01,2.778646945953369141e+00
1.184980869293212891e+00,2.590188026428222656e+00
2.943603992462158203e+00,2.694563388824462891e+00
-1.821830421686172485e-01,1.857645750045776367e+00
1.000791668891906738e+00,3.140020370483398438e+00
1.057847857475280762e+00,1.190899014472961426e+00
-1.078455448150634766e+00,1.069742560386657715e+00
-6.774421930313110352e-01,1.963701248168945312e+00
2.304110527038574219e-01,3.078397512435913086e+00
5.192492604255676270e-01,6.552489399909973145e-01
1.905796408653259277e+00,2.791278362274169922e+00
1.291186958551406860e-01,2.481070518493652344e+00
4.148328304290771484e-01,1.382788300514221191e+00
-7.632689923048019409e-02,1.731071591377258301e+00
6.089646816253662109e-01,1.918619394302368164e+00
9.690793156623840332e-01,3.762343406677246094e+00
4.495250284671783447e-01,1.659640192985534668e+00
2.165332794189453125e+00,6.091901659965515137e-01
1.724991202354431152e+00,1.928173422813415527e+00
1.326820969581604004e+00,2.084681987762451172e+00
3.228070735931396484e-01,1.747674822807312012e+00
-4.913580119609832764e-01,2.206748008728027344e+00
1.418783068656921387e+00,3.208410501480102539e+00
2.621263504028320312e+00,3.322488546371459961e+00
1.857692837715148926e+00,2.747763395309448242e+00
2.064723014831542969e+00,1.950491428375244141e+00
1.473528146743774414e+00,3.332551240921020508e+00
2.199872493743896484e+00,1.543418645858764648e+00
9.173399806022644043e-01,3.008858919143676758e+00
-2.024301737546920776e-01,3.263810157775878906e+00
4.485588669776916504e-01,2.831827163696289062e+00
1.528007626533508301e+00,1.466949462890625000e+00
2.197052717208862305e+00,3.343373775482177734e+00
3.103588819503784180e-01,3.164925575256347656e+00
8.385275602340698242e-01,3.130182981491088867e+00
-2.473213225603103638e-01,2.053540706634521484e+00
1.516051650047302246e+00,3.481633663177490234e+00
2.763275504112243652e-01,2.616250753402709961e+00
3.035122156143188477e+00,3.049565792083740234e+00
2.355680704116821289e+00,3.349865913391113281e+00
-7.291717529296875000e-01,2.203530073165893555e+00
-8.025627732276916504e-01,2.531779289245605469e+00
3.291890859603881836e+00,3.035980939865112305e+00
-4.903149902820587158e-01,3.378370761871337891e+00
1.374520510435104370e-01,1.624367117881774902e+00
3.445727825164794922e+00,3.298991441726684570e+00
2.149816274642944336e+00,2.754724979400634766e+00
1.142872452735900879e+00,1.346164345741271973e+00
2.317224740982055664e-01,2.862354755401611328e+00
2.249023914337158203e+00,2.817095279693603516e+00
2.132492065429687500e+00,1.914788842201232910e+00
3.456618487834930420e-01,2.944432497024536133e+00
-4.309986904263496399e-02,1.434594511985778809e+00
-4.640666246414184570e-01,2.754469871520996094e+00
7.361579537391662598e-01,2.316124439239501953e+00
1.654324412345886230e+00,2.884272575378417969e+00
2.849010944366455078e+00,1.633741021156311035e+00
7.732845544815063477e-01,2.593353748321533203e+00
1.941949725151062012e+00,2.309090852737426758e+00
2.582388401031494141e+00,2.169644355773925781e+00
-1.378642439842224121e+00,2.061471939086914062e+00
-2.626701593399047852e-01,1.811311602592468262e+00
-7.396222949028015137e-01,1.291778683662414551e+00
4.755690693855285645e-01,1.837047457695007324e+00
-5.241085886955261230e-01,1.871473670005798340e+00
-3.079512119293212891e-01,3.143313884735107422e+00
3.671897575259208679e-02,8.939413428306579590e-01
1.820577263832092285e+00,2.134939432144165039e+00
8.826004862785339355e-01,1.719751238822937012e+00
-5.507769584655761719e-01,2.634889125823974609e+00
2.025225162506103516e+00,1.602392315864562988e+00
1.487558484077453613e+00,3.448810100555419922e+00
-5.831109881401062012e-01,2.387830018997192383e+00
-4.149413406848907471e-01,1.917456388473510742e+00
3.232259750366210938e+00,2.544784545898437500e+00
7.559607028961181641e-01,2.572035312652587891e+00
1.840611219406127930e+00,1.177747368812561035e+00
6.504092365503311157e-02,3.007100105285644531e+00
1.916485309600830078e+00,1.693263173103332520e+00
2.286584615707397461e+00,2.905189037322998047e+00
-5.969391465187072754e-01,1.814347267150878906e+00
-1.166847825050354004e+00,2.291537284851074219e+00
7.517327070236206055e-01,2.802208900451660156e+00
-1.174806430935859680e-02,2.049085140228271484e+00
-3.018091991543769836e-02,1.900735020637512207e+00
-8.078910708427429199e-01,1.121751189231872559e+00
1.640279650688171387e+00,2.558732509613037109e+00
4.841184616088867188e-01,1.810752749443054199e+00
1.410077065229415894e-01,2.974084854125976562e+00
-3.506107926368713379e-01,2.661026954650878906e+00
-5.483310818672180176e-01,1.491306304931640625e+00
1.211012840270996094e+00,1.980530381202697754e+00
2.146311759948730469e+00,2.751614093780517578e+00
2.572816014289855957e-01,2.691237926483154297e+00
-1.541173309087753296e-01,1.260885238647460938e+00
1.804960608482360840e+00,2.546124458312988281e+00
1.177260518074035645e+00,3.062505722045898438e+00
1.814288020133972168e+00,3.030317306518554688e+00
1.531734943389892578e+00,1.873655676841735840e+00
6.812451481819152832e-01,2.302424430847167969e+00
-8.967068791389465332e-01,2.164495468139648438e+00
1.625479578971862793e+00,2.714758872985839844e+00
2.014384269714355469e+00,2.598427295684814453e+00
-5.576736330986022949e-01,1.537581801414489746e+00
-2.194104641675949097e-01,2.233264446258544922e+00
-3.465360403060913086e-01,1.695800185203552246e+00
2.789811611175537109e+00,3.129867076873779297e+00
3.996861279010772705e-01,2.004884719848632812e+00
-9.744336456060409546e-02,2.694396495819091797e+00
3.005743026733398438e+00,3.168026447296142578e+00
3.941356837749481201e-01,2.508926868438720703e+00
-7.542871683835983276e-02,2.487779617309570312e+00
1.373554825782775879e+00,2.067617177963256836e+00
2.244058370590209961e+00,1.494812011718750000e+00
1.419768095016479492e+00,1.904068708419799805e+00
6.479249000549316406e-01,2.709801435470581055e+00
3.177633047103881836e+00,2.565523624420166016e+00
-5.753238797187805176e-01,2.097141742706298828e+00
5.788213014602661133e-01,1.974942564964294434e+00
-1.073119044303894043e+00,2.094890117645263672e+00
8.762552738189697266e-01,1.689145326614379883e+00
-1.015603661537170410e+00,1.462373256683349609e+00
5.297654271125793457e-01,2.266175746917724609e+00
-4.986967444419860840e-01,3.218087911605834961e+00
1.966510176658630371e+00,1.098711967468261719e+00
5.599604174494743347e-02,1.950269222259521484e+00
1.321431249380111694e-01,2.800666570663452148e+00
-5.527361109852790833e-02,2.081752538681030273e+00
1.750228524208068848e+00,1.530646324157714844e+00
2.316534996032714844e+00,3.475458383560180664e+00
-1.068758293986320496e-01,1.958549141883850098e+00
9.446001797914505005e-02,2.427789688110351562e+00
-5.068282485008239746e-01,2.197990417480468750e+00
-8.090221136808395386e-02,3.252822399139404297e+00
8.019037246704101562e-01,1.938879847526550293e+00
1.219250634312629700e-01,1.202622771263122559e+00
1.197043180465698242e+00,2.067621231079101562e+00
1.152000069618225098e+00,3.546148777008056641e+00
-3.290386497974395752e-01,2.927808284759521484e+00
1.906658768653869629e+00,1.437580227851867676e+00
-3.655190169811248779e-01,1.725477218627929688e+00
-7.935499399900436401e-02,2.145898818969726562e+00
-1.253135353326797485e-01,1.123736262321472168e+00
1.513274312019348145e+00,2.243084430694580078e+00
-2.148564904928207397e-01,1.655732274055480957e+00
2.000729560852050781e+00,3.686113357543945312e+00
2.049131393432617188e+00,2.172719955444335938e+00
2.156183719635009766e+00,2.777223587036132812e+00
-1.563035607337951660e+00,1.937294006347656250e+00
3.293688535690307617e+00,2.718038082122802734e+00
5.399544164538383484e-02,3.015444278717041016e+00
-6.237521767616271973e-01,1.183143854141235352e+00
8.822550177574157715e-01,2.235391378402709961e+00
5.667310357093811035e-01,3.300050973892211914e+00
-3.194307088851928711e-01,2.554303884506225586e+00
-8.113834857940673828e-01,1.680077195167541504e+00
1.674897551536560059e+00,2.763933420181274414e+00
1.916707158088684082e+00,1.944371819496154785e+00
1.042742490768432617e+00,2.182392597198486328e+00
-1.192548274993896484e+00,1.641177773475646973e+00
-5.237143635749816895e-01,2.138574361801147461e+00
-8.323907256126403809e-01,1.868327260017395020e+00
1.178043410181999207e-01,3.949615240097045898e+00
5.948140621185302734e-01,1.808387041091918945e+00
1.113135218620300293e+00,2.133503437042236328e+00
-3.790674805641174316e-01,2.297388792037963867e+00
-5.713185667991638184e-01,2.856687545776367188e+00
7.548258304595947266e-01,3.415180921554565430e+00
-4.647673666477203369e-01,1.461521148681640625e+00
1.872379660606384277e+00,1.077221035957336426e+00
-4.998741745948791504e-01,1.607213616371154785e+00
2.535720348358154297e+00,2.612787246704101562e+00
3.431254148483276367e+00,2.391361713409423828e+00
-5.156205296516418457e-01,1.440424561500549316e+00
1.429004430770874023e+00,2.083885669708251953e+00
7.749453186988830566e-01,2.507390499114990234e+00
2.408366948366165161e-01,2.142795085906982422e+00
1.208946824073791504e+00,3.470105171203613281e+00
1.974788904190063477e+00,6.703060269355773926e-01
1.247485280036926270e+00,3.805980920791625977e+00
2.398926734924316406e+00,3.110770225524902344e+00
-1.610802561044692993e-01,2.494729042053222656e+00
-7.781081646680831909e-02,3.101242780685424805e+00
-1.167848706245422363e+00,2.272637844085693359e+00
6.531990170478820801e-01,2.497214317321777344e+00
1.348614215850830078e+00,2.804713249206542969e+00
1.735600471496582031e+00,2.901252508163452148e+00
1.369232773780822754e+00,2.742551326751708984e+00
-2.145924717187881470e-01,1.219658255577087402e+00
1.481678247451782227e+00,8.579227328300476074e-02
2.789337560534477234e-02,1.914541125297546387e+00
2.725403308868408203e+00,2.348392009735107422e+00
-1.085410341620445251e-01,3.188362598419189453e+00
-8.814975619316101074e-01,2.051211833953857422e+00
7.392577081918716431e-02,2.949190139770507812e+00
-4.575114548206329346e-01,1.785178661346435547e+00
1.201263070106506348e+00,2.633733749389648438e+00
3.073816537857055664e+00,3.253199100494384766e+00
-1.127488732337951660e+00,1.653053998947143555e+00
1.460001021623611450e-01,1.508796095848083496e+00
3.647837340831756592e-01,3.373074054718017578e+00
3.774811029434204102e-01,2.677221298217773438e+00
3.130272030830383301e-01,2.646977186203002930e+00
3.207948207855224609e+00,3.501261711120605469e+00
-9.759117960929870605e-01,1.928686976432800293e+00
1.575363636016845703e+00,3.279327869415283203e+00
-6.721289753913879395e-01,1.403188109397888184e+00
1.675284206867218018e-01,3.236208200454711914e+00
-8.956603407859802246e-01,1.499546647071838379e+00
2.247954010963439941e-01,2.618896484375000000e+00
1.138195037841796875e+00,4.014648914337158203e+00
1.303285360336303711e+00,3.679726123809814453e+00
1.403630256652832031e+00,2.130422592163085938e+00
2.162883132696151733e-01,1.515231251716613770e+00
2.854963779449462891e+00,2.655353069305419922e+00
2.101159572601318359e+00,2.890811443328857422e+00
-6.685220450162887573e-02,2.345328092575073242e+00
-5.922555327415466309e-01,1.643935441970825195e+00
-8.460762500762939453e-01,2.052478075027465820e+00
9.636412262916564941e-01,2.440245151519775391e+00
1.854019403457641602e+00,2.854495763778686523e+00
1.314429402351379395e+00,1.440264225006103516e+00
-1.368485838174819946e-01,1.816903114318847656e+00
-5.857367515563964844e-01,2.831685543060302734e+00
-5.143015980720520020e-01,1.697992682456970215e+00
5.882264971733093262e-01,3.418623447418212891e+00
-3.356584906578063965e-01,2.046225070953369141e+00
1.644472718238830566e+00,2.107620716094970703e+00
-6.546911001205444336e-01,1.881825923919677734e+00
1.096153140068054199e+00,2.545089721679687500e+00
-7.767477631568908691e-01,1.899976134300231934e+00
2.155922889709472656e+00,2.318578243255615234e+00
-9.533500671386718750e-01,1.816378951072692871e+00
2.459612369537353516e+00,3.467363834381103516e+00
6.176779270172119141e-01,2.314019203186035156e+00
2.338649511337280273e+00,2.816181182861328125e+00
-1.376918077468872070e+00,1.985051751136779785e+00
1.734372973442077637e+00,2.900262832641601562e+00
2.236732006072998047e+00,2.981062412261962891e+00
1.136303022503852844e-01,1.445317029953002930e+00
1.383135169744491577e-01,5.155270695686340332e-01
2.128201007843017578e+00,2.901561975479125977e+00
-6.419416666030883789e-01,9.374674558639526367e-01
-3.246115520596504211e-02,2.581041812896728516e+00
1.491435170173645020e+00,2.032834529876708984e+00
-1.077015325427055359e-01,1.807925224304199219e+00
3.888992071151733398e-01,1.833876252174377441e+00
1.430931091308593750e+00,1.268954157829284668e+00
9.959995150566101074e-01,2.539795875549316406e+00
3.127397775650024414e+00,2.227876424789428711e+00
2.673760414123535156e+00,2.843954801559448242e+00
1.350280642509460449e+00,3.858054637908935547e+00
4.161147475242614746e-01,2.772424221038818359e+00
-2.059553265571594238e-01,3.171586275100708008e+00
-5.141921043395996094e-01,2.660978555679321289e+00
1.102000474929809570e+00,2.404072284698486328e+00
6.299846768379211426e-01,2.619575262069702148e+00
3.109466731548309326e-01,6.154276728630065918e-01
2.359485626220703125e+00,2.883841037750244141e+00
-3.264984786510467529e-01,1.302179455757141113e+00
1.613243579864501953e+00,2.816746711730957031e+00
-8.880822658538818359e-01,2.460824489593505859e+00
1.508656620979309082e+00,1.599293708801269531e+00
3.212461471557617188e-01,1.969603061676025391e+00
3.107438564300537109e+00,3.070323944091796875e+00
1.132882237434387207e+00,2.155642747879028320e+00
3.438962936401367188e+00,1.701184391975402832e+00
3.098963737487792969e+00,2.868361473083496094e+00
-8.251297473907470703e-01,1.476914763450622559e+00
2.678911209106445312e+00,2.246528387069702148e+00
2.104234457015991211e+00,1.031876087188720703e+00
3.128331661224365234e+00,2.443681478500366211e+00
-6.487125754356384277e-01,1.316772460937500000e+00
9.822285771369934082e-01,3.306857824325561523e+00
2.022204875946044922e+00,2.761375427246093750e+00
-3.005673363804817200e-02,1.874588131904602051e+00
4.822210073471069336e-01,2.034259319305419922e+00
-5.114233493804931641e-01,1.522926092147827148e+00
9.776356816291809082e-01,1.873421549797058105e+00
1.560877680778503418e+00,3.672775268554687500e+00
2.096068382263183594e+00,2.807127952575683594e+00
-2.843498289585113525e-01,2.022516965866088867e+00
1.466755867004394531e+00,1.292936325073242188e+00
2.143706828355789185e-01,2.797893524169921875e+00
5.747691914439201355e-02,1.099389553070068359e+00
-3.857893943786621094e-01,1.505854845046997070e+00
1.171466231346130371e+00,1.867552399635314941e+00
5.540347099304199219e-01,2.903622150421142578e+00
-5.216709971427917480e-01,1.493373274803161621e+00
3.000903129577636719e-01,2.576731204986572266e+00
1.665843650698661804e-02,2.248585224151611328e+00
2.396087646484375000e+00,1.663232684135437012e+00
7.541213035583496094e-01,1.283994078636169434e+00
1.778254866600036621e+00,3.315212488174438477e+00
7.158762812614440918e-01,2.592011928558349609e+00
1.131422877311706543e+00,2.780590057373046875e+00
7.531971335411071777e-01,2.970102310180664062e+00
3.182313203811645508e+00,3.272772312164306641e+00
3.397759199142456055e-01,1.513836383819580078e+00
2.217056155204772949e-01,3.001984834671020508e+00
2.647877335548400879e-01,2.248265027999877930e+00
2.354558229446411133e+00,2.452004671096801758e+00
-8.187983036041259766e-01,1.977280855178833008e+00
-5.831944942474365234e-01,1.684447765350341797e+00
1.736544728279113770e+00,1.665579199790954590e+00
1.127734422683715820e+00,3.061667919158935547e+00
-5.278499722480773926e-01,1.629409670829772949e+00
9.312359690666198730e-01,7.016219496726989746e-01
9.079783558845520020e-01,3.520350456237792969e+00
-1.127195239067077637e+00,2.445564270019531250e+00
9.816579222679138184e-01,2.578388690948486328e+00
1.598881006240844727e+00,1.448405981063842773e+00
2.274524688720703125e+00,3.440193653106689453e+00
3.018323421478271484e+00,3.645380496978759766e+00
-5.743586421012878418e-01,9.546023011207580566e-01
2.291415214538574219e+00,1.966550469398498535e+00
-1.078207969665527344e+00,1.518494486808776855e+00
-5.466656684875488281e-01,1.722606778144836426e+00
1.581664085388183594e+00,9.496212601661682129e-01
-1.043663844466209412e-01,2.332993984222412109e+00
2.453345060348510742e+00,2.866617202758789062e+00
3.014610767364501953e+00,2.942025184631347656e+00
3.022491693496704102e+00,2.317411899566650391e+00
2.790991306304931641e+00,3.235847711563110352e+00
-3.424490988254547119e-01,9.060140848159790039e-01
1.206359744071960449e+00,1.987434267997741699e+00
1.635451555252075195e+00,3.264223575592041016e+00
2.831073105335235596e-01,1.896856427192687988e+00
-8.292579650878906250e-01,2.285318613052368164e+00
-8.939813822507858276e-02,2.382106781005859375e+00
1.136925101280212402e+00,2.988217353820800781e+00
2.389675855636596680e+00,2.086401700973510742e+00
1.868561059236526489e-01,2.035648822784423828e+00
1.451988339424133301e+00,1.410220265388488770e+00
3.246230125427246094e+00,2.305679082870483398e+00
-4.023493528366088867e-01,2.116466522216796875e+00
3.032352685928344727e+00,3.237110614776611328e+00
-1.200272202491760254e+00,1.474099516868591309e+00
1.380639910697937012e+00,5.459442734718322754e-01
2.505133390426635742e+00,2.253946542739868164e+00
3.466320037841796875e+00,3.620712995529174805e+00
1.350793480873107910e+00,2.776424884796142578e+00
3.183505535125732422e+00,3.407224893569946289e+00
2.686250805854797363e-01,2.028061866760253906e+00
2.517780661582946777e-01,2.500148773193359375e+00
-2.678731977939605713e-01,2.548906803131103516e+00
3.150443077087402344e+00,2.717676639556884766e+00
3.201701641082763672e-01,2.723251104354858398e+00
-1.029831647872924805e+00,1.612109541893005371e+00
-8.583616465330123901e-02,2.309393405914306641e+00
8.307993412017822266e-01,2.086701154708862305e+00
6.404864192008972168e-01,3.446367740631103516e+00
4.278199076652526855e-01,1.902811408042907715e+00
-6.227292418479919434e-01,2.018298625946044922e+00
3.547356426715850830e-01,2.007942676544189453e+00
3.173785805702209473e-01,2.783743619918823242e+00
-2.421637922525405884e-01,1.358956098556518555e+00
1.426495194435119629e+00,2.182389259338378906e+00
2.111882448196411133e+00,1.537667870521545410e+00
2.338737964630126953e+00,3.422210216522216797e+00
2.831564903259277344e+00,3.626537799835205078e+00
3.184288978576660156e+00,2.891398906707763672e+00
1.158422589302062988e+00,3.010244846343994141e+00
2.233610868453979492e+00,2.764035224914550781e+00
1.977162361145019531e+00,2.029079198837280273e+00
1.677688837051391602e+00,2.423611640930175781e+00
2.811162471771240234e-01,2.582576274871826172e+00
6.295877695083618164e-01,1.834974646568298340e+00
2.022173404693603516e+00,2.647831678390502930e+00
-6.738173961639404297e-01,1.426720738410949707e+00
1.896515369415283203e+00,3.203159093856811523e+00
1.815255522727966309e+00,2.332540988922119141e+00
-6.775781512260437012e-01,1.707003712654113770e+00
6.996345520019531250e-01,2.768448114395141602e+00
2.426853179931640625e+00,1.866173386573791504e+00
-4.327526688575744629e-01,1.943022131919860840e+00
8.505020737648010254e-01,1.884655356407165527e+00
2.020832061767578125e+00,1.812989950180053711e+00
2.604214549064636230e-01,1.814656376838684082e+00
-3.423137962818145752e-01,1.400463581085205078e+00
1.314561009407043457e+00,2.796652793884277344e+00
1.761633872985839844e+00,3.003510236740112305e+00
3.385840654373168945e+00,2.855357408523559570e+00
4.817218706011772156e-02,3.116868019104003906e+00
2.273100614547729492e+00,2.647429704666137695e+00
4.276380240917205811e-01,1.546630382537841797e+00
2.463010072708129883e+00,2.631101369857788086e+00
1.645691037178039551e+00,1.864048957824707031e+00
5.570174381136894226e-02,1.916440844535827637e+00
-7.274571061134338379e-01,1.472810864448547363e+00
2.976650595664978027e-01,2.649394035339355469e+00
-6.586151719093322754e-01,1.928521037101745605e+00
-9.349803328514099121e-01,2.060255527496337891e+00
8.429275155067443848e-01,2.646953105926513672e+00
-3.010455667972564697e-01,2.049759864807128906e+00
2.074747323989868164e+00,2.883758068084716797e+00
8.452131152153015137e-01,3.229703903198242188e+00
2.031260490417480469e+00,2.149209499359130859e+00
-1.110507369041442871e+00,2.260969877243041992e+00
5.106820464134216309e-01,2.106621742248535156e+00
1.856277108192443848e+00,1.459556698799133301e+00
6.140180230140686035e-01,1.485932946205139160e+00
2.991922616958618164e+00,3.151688098907470703e+00
1.141393065452575684e+00,2.256898880004882812e+00
2.925369143486022949e-01,2.168711185455322266e+00
2.528579235076904297e-01,1.848201870918273926e+00
1.774657845497131348e+00,3.143570661544799805e+00
2.396626949310302734e+00,1.183986663818359375e+00
-1.174941420555114746e+00,7.589988708496093750e-01
-5.952286124229431152e-01,1.919948697090148926e+00
1.473999619483947754e+00,2.972167491912841797e+00
2.154566049575805664e+00,2.335965633392333984e+00
8.371371775865554810e-02,1.488359451293945312e+00
-6.493647694587707520e-01,1.916121006011962891e+00
2.611705303192138672e+00,2.787778139114379883e+00
-3.650083541870117188e-01,3.012027740478515625e+00
-1.853441447019577026e-01,2.335741519927978516e+00
1.458536744117736816e+00,3.061735868453979492e+00
1.708091259002685547e+00,3.031551361083984375e+00
3.508234024047851562e+00,2.971920490264892578e+00
-2.610934376716613770e-01,1.722901463508605957e+00
1.504556894302368164e+00,1.571929574012756348e+00
1.902668118476867676e+00,3.511438131332397461e+00
-7.284955978393554688e-01,2.389852762222290039e+00
6.010523438453674316e-01,1.693885445594787598e+00
3.710877895355224609e-01,3.359341144561767578e+00
2.350056886672973633e+00,1.845653176307678223e+00
2.626839160919189453e+00,1.662892580032348633e+00
1.517849683761596680e+00,2.816678524017333984e+00
-3.358113765716552734e-01,3.070689201354980469e+00
1.995036005973815918e+00,2.415282487869262695e+00
-9.151148200035095215e-01,2.468552112579345703e+00
1.142556071281433105e+00,2.980103492736816406e+00
-5.832254290580749512e-01,1.852503180503845215e+00
2.108321189880371094e+00,2.295351266860961914e+00
-2.403827309608459473e-01,2.084426403045654297e+00
3.300144672393798828e+00,2.419099330902099609e+00
1.748279452323913574e+00,2.545014858245849609e+00
4.810199141502380371e-01,2.086241006851196289e+00
-6.494694352149963379e-01,1.165190339088439941e+00
-2.360345795750617981e-02,3.268756866455078125e+00
2.594602823257446289e+00,3.336566448211669922e+00
-1.032840490341186523e+00,1.281639218330383301e+00
4.320958852767944336e-01,2.687850475311279297e+00
2.290039777755737305e+00,3.078380823135375977e+00
2.719017982482910156e+00,1.573929548263549805e+00
2.605356454849243164e+00,2.083347320556640625e+00
7.643209695816040039e-01,2.468829154968261719e+00
-2.098352462053298950e-01,1.986646294593811035e+00
1.488497138023376465e+00,1.351928472518920898e+00
1.324179023504257202e-01,1.640383601188659668e+00
9.880404472351074219e-01,2.241896390914916992e+00
2.351884841918945312e+00,2.584040641784667969e+00
3.430728241801261902e-02,1.579298257827758789e+00
-3.653660416603088379e-01,9.486501812934875488e-01
3.723221421241760254e-01,1.299395561218261719e+00
5.997789502143859863e-01,2.179835557937622070e+00
1.030332565307617188e+00,2.924769401550292969e+00
-6.209109425544738770e-01,1.384362339973449707e+00
1.588538736104965210e-01,3.561619520187377930e+00
1.062675118446350098e+00,2.511545896530151367e+00
-7.919082045555114746e-01,1.410339951515197754e+00
2.355247497558593750e+00,1.173740983009338379e+00
-6.242658495903015137e-01,2.937542438507080078e+00
6.541869789361953735e-02,2.160404682159423828e+00
2.914322853088378906e+00,2.368755340576171875e+00
2.060406208038330078e+00,3.544123172760009766e+00
1.713246464729309082e+00,2.227295875549316406e+00
3.145968437194824219e+00,2.865895032882690430e+00
-2.845587208867073059e-02,1.833605885505676270e+00
-7.554990649223327637e-01,3.177793025970458984e+00
1.189485788345336914e+00,3.137472152709960938e+00
1.330402493476867676e+00,2.376302957534790039e+00
1.479992032051086426e+00,2.397947311401367188e+00
9.394973516464233398e-01,2.776514053344726562e+00
-8.735864609479904175e-02,2.871469020843505859e+00
8.575384020805358887e-01,2.305910587310791016e+00
7.478048205375671387e-01,3.069986581802368164e+00
2.003423690795898438e+00,1.474446654319763184e+00
2.549192905426025391e+00,2.934285879135131836e+00
-2.653747200965881348e-01,1.187445163726806641e+00
2.950907468795776367e+00,2.785657644271850586e+00
-6.197137236595153809e-01,1.774608016014099121e+00
6.227875947952270508e-01,2.788894653320312500e+00
6.505931019783020020e-01,1.944246649742126465e+00
4.284231662750244141e-01,3.135045289993286133e+00
1.293271660804748535e+00,3.122079372406005859e+00
9.731268286705017090e-01,2.129538536071777344e+00
2.932312011718750000e+00,3.066122531890869141e+00
1.641070097684860229e-01,3.003538131713867188e+00
2.488296985626220703e+00,1.637865900993347168e+00
-7.070648074150085449e-01,1.940760135650634766e+00
2.318044155836105347e-01,1.660403728485107422e+00
-1.061630129814147949e+00,1.238846421241760254e+00
-9.037402868270874023e-01,2.058832645416259766e+00
2.710210323333740234e+00,1.018237233161926270e+00
3.005315303802490234e+00,2.914596557617187500e+00
1.906949132680892944e-01,8.147695660591125488e-01
-7.665691971778869629e-01,1.001948833465576172e+00
4.448555707931518555e-01,1.952882409095764160e+00
2.756396293640136719e+00,1.071336984634399414e+00
-1.058734580874443054e-01,1.521745681762695312e+00
2.802862405776977539e+00,2.393433570861816406e+00
5.189103484153747559e-01,2.417200565338134766e+00
-3.947722315788269043e-01,2.205417633056640625e+00
5.649118423461914062e-01,1.745406508445739746e+00
2.380622148513793945e+00,2.752619981765747070e+00
7.277843356132507324e-01,2.788836002349853516e+00
2.037513554096221924e-01,2.932926416397094727e+00
6.195628046989440918e-01,2.206993579864501953e+00
-5.992488265037536621e-01,1.590792179107666016e+00
-2.720948159694671631e-01,2.513336658477783203e+00
-3.372778594493865967e-01,2.697859764099121094e+00
1.496368765830993652e+00,2.719490289688110352e+00
8.863523006439208984e-01,1.896461009979248047e+00
-1.632269769906997681e-01,3.671860694885253906e+00
1.047347307205200195e+00,2.240638732910156250e+00
2.876922845840454102e+00,2.767231941223144531e+00
-1.915873736143112183e-01,1.270267248153686523e+00
3.255620479583740234e+00,2.785980939865112305e+00
-7.888214588165283203e-01,2.187086343765258789e+00
2.849152565002441406e+00,2.275710582733154297e+00
-9.618860483169555664e-01,1.420472860336303711e+00
2.338059693574905396e-01,2.834380388259887695e+00
1.195187211036682129e+00,2.168501615524291992e+00
1.780796647071838379e+00,2.040516138076782227e+00
1.596368908882141113e+00,3.465258598327636719e+00
-9.557997584342956543e-01,2.405685186386108398e+00
-5.590923428535461426e-01,1.545203924179077148e+00
1.862917900085449219e+00,2.740570068359375000e+00
8.937930464744567871e-01,1.812748312950134277e+00
-5.268714427947998047e-01,1.928717494010925293e+00
2.119297981262207031e+00,6.228490471839904785e-01
1.314752697944641113e+00,1.201398253440856934e+00
5.525167584419250488e-01,2.820178031921386719e+00
3.252389430999755859e+00,3.164184093475341797e+00
6.057958006858825684e-01,1.871959090232849121e+00
5.654103681445121765e-02,2.730712175369262695e+00
7.201187014579772949e-01,3.096804141998291016e+00
7.309781312942504883e-01,2.584753036499023438e+00
5.965744256973266602e-01,2.837989330291748047e+00
1.167402386665344238e+00,2.338043212890625000e+00
2.863168716430664062e+00,3.097970008850097656e+00
2.750671625137329102e+00,3.029207229614257812e+00
1.260357975959777832e+00,1.855863809585571289e+00
-1.291020631790161133e+00,2.173798799514770508e+00
3.636456727981567383e+00,3.115418910980224609e+00
5.688654780387878418e-01,2.754554271697998047e+00
4.012513637542724609e+00,2.439910411834716797e+00
7.844479680061340332e-01,2.708891630172729492e+00
5.491012334823608398e-01,2.097641468048095703e+00
4.798001348972320557e-01,2.428036928176879883e+00
3.177171230316162109e+00,3.289446353912353516e+00
1.257656931877136230e+00,2.446022033691406250e+00
1.716268897056579590e+00,3.202577590942382812e+00
1.437248706817626953e+00,1.163260221481323242e+00
-1.529619544744491577e-01,1.537562489509582520e+00
-3.955047726631164551e-01,2.265189647674560547e+00
3.241731643676757812e+00,2.768523693084716797e+00
2.467853546142578125e+00,2.444283962249755859e-01
2.124393701553344727e+00,2.613001108169555664e+00
3.734367132186889648e+00,3.030463695526123047e+00
9.923478960990905762e-01,2.445448398590087891e+00
-9.811458587646484375e-01,1.299144148826599121e+00
1.925813794136047363e+00,2.812728404998779297e+00
-1.100670173764228821e-02,2.341205596923828125e+00
2.928362488746643066e-01,2.713775157928466797e+00
1.666962742805480957e+00,2.945305347442626953e+00
-4.660056903958320618e-02,2.745387554168701172e+00
-2.104092855006456375e-03,1.351656913757324219e+00
5.142646431922912598e-01,3.020094156265258789e+00
1.936948448419570923e-01,2.487637996673583984e+00
6.685050129890441895e-01,2.250128984451293945e+00
1.900982260704040527e+00,2.272317409515380859e+00
-6.030268669128417969e-01,1.671658158302307129e+00
1.017618849873542786e-01,1.765405535697937012e+00
7.169607281684875488e-01,1.858129143714904785e+00
2.072118043899536133e+00,1.314724326133728027e+00
2.925613641738891602e+00,2.575791358947753906e+00
2.626655578613281250e+00,2.176315784454345703e+00
-1.966979354619979858e-01,1.881290316581726074e+00
2.227541446685791016e+00,1.864531874656677246e+00
8.715871572494506836e-01,3.472042798995971680e+00
-2.792285382747650146e-01,1.716487526893615723e+00
3.504316329956054688e+00,3.015376567840576172e+00
2.166810512542724609e+00,1.912914037704467773e+00
2.488763809204101562e+00,2.280698299407958984e+00
1.523130416870117188e+00,2.970332145690917969e+00
-5.767888426780700684e-01,2.132864475250244141e+00
-9.603866189718246460e-02,1.776957988739013672e+00
2.063338086009025574e-02,2.754254341125488281e+00
1.725246548652648926e+00,1.376863718032836914e+00
-1.848082095384597778e-01,2.139194011688232422e+00
2.253968000411987305e+00,3.339259862899780273e+00
-7.717148661613464355e-01,1.913598656654357910e+00
5.327883958816528320e-01,1.954032421112060547e+00
-4.556537270545959473e-01,2.003176927566528320e+00
7.806506156921386719e-01,1.937249064445495605e+00
1.231836557388305664e+00,1.959868431091308594e+00
6.063128709793090820e-01,2.861516237258911133e+00
3.692133188247680664e+00,3.057760000228881836e+00
1.955384373664855957e+00,2.481612682342529297e+00
-1.879301220178604126e-01,2.992422580718994141e+00
5.545712709426879883e-01,3.081387519836425781e+00
4.669417142868041992e-01,3.414775133132934570e+00
4.881138727068901062e-02,1.784103512763977051e+00
3.291316986083984375e+00,2.821918010711669922e+00
2.636930942535400391e-01,2.979413032531738281e+00
-5.338841080665588379e-01,1.889778256416320801e+00
1.231700301170349121e+00,1.957680106163024902e+00
1.244809508323669434e+00,1.988836884498596191e+00
1.660220026969909668e+00,1.936765670776367188e+00
-4.375654757022857666e-01,2.751264572143554688e+00
-1.053412556648254395e+00,3.113411903381347656e+00
-3.895175755023956299e-01,1.762754321098327637e+00
7.302896380424499512e-01,2.231228351593017578e+00
1.358182549476623535e+00,3.412681579589843750e+00
9.475656151771545410e-01,1.719256758689880371e+00
1.856348037719726562e+00,1.421281456947326660e+00
8.755389600992202759e-02,1.688990831375122070e+00
-4.965506792068481445e-01,2.663945198059082031e+00
2.689723253250122070e+00,1.626982808113098145e+00
1.853979468345642090e+00,3.086267471313476562e+00
1.957049220800399780e-01,1.807738661766052246e+00
5.038062930107116699e-01,2.235262155532836914e+00
9.628897905349731445e-01,2.256338357925415039e+00
7.324536442756652832e-01,2.499876260757446289e+00
9.049409031867980957e-01,3.826766014099121094e+00
2.807403802871704102e+00,2.339375972747802734e+00
-6.938926577568054199e-01,5.455588698387145996e-01
6.467151045799255371e-01,1.704612612724304199e+00
3.901752531528472900e-01,1.614109516143798828e+00
6.312339901924133301e-01,2.070693969726562500e+00
-9.440497159957885742e-01,7.121239304542541504e-01
5.265588164329528809e-01,2.322129249572753906e+00
9.357908964157104492e-01,3.951984882354736328e+00
1.437834978103637695e+00,2.856408596038818359e+00
1.743216395378112793e+00,3.944232463836669922e+00
1.926172614097595215e+00,1.851891160011291504e+00
1.559330463409423828e+00,2.696233987808227539e+00
3.084657788276672363e-01,3.042578220367431641e+00
-5.273084715008735657e-02,2.427490234375000000e+00
2.542857408523559570e+00,1.597912669181823730e+00
5.319333076477050781e-01,1.801786780357360840e+00
3.166889667510986328e+00,2.718099117279052734e+00
-9.752174019813537598e-01,3.022747337818145752e-01
3.145605325698852539e+00,3.054569721221923828e+00
1.864068031311035156e+00,1.829195857048034668e+00
-1.037170216441154480e-01,2.526000022888183594e+00
3.208249092102050781e+00,1.802127122879028320e+00
-5.677074193954467773e-01,2.178701639175415039e+00
1.377511858940124512e+00,2.627055406570434570e+00
-2.625858485698699951e-01,2.319906711578369141e+00
1.350932270288467407e-01,1.812760233879089355e+00
3.801551163196563721e-01,2.889055490493774414e+00
3.370333909988403320e-01,2.969841957092285156e+00
3.141235351562500000e+00,1.612733602523803711e+00
-1.001320838928222656e+00,2.402147293090820312e+00
-6.975398063659667969e-01,1.921012878417968750e+00
1.564180999994277954e-01,2.174591779708862305e+00
1.291647076606750488e+00,1.780844092369079590e+00
-2.881710603833198547e-02,1.140390634536743164e+00
-1.226397678256034851e-01,2.265057563781738281e+00
1.510739088058471680e+00,3.204137802124023438e+00
1.712668776512145996e+00,2.345507621765136719e+00
1.127935767173767090e+00,3.267052650451660156e+00
6.923319697380065918e-01,2.500843048095703125e+00
3.479611873626708984e+00,2.497950077056884766e+00
3.913911879062652588e-01,1.812240004539489746e+00
2.972074985504150391e+00,2.897734642028808594e+00
-1.275434851646423340e+00,2.306820869445800781e+00
1.731651067733764648e+00,3.449476242065429688e+00
1.823697924613952637e+00,2.048549652099609375e+00
1.607553839683532715e+00,1.335278749465942383e+00
1.846802830696105957e+00,2.596862792968750000e+00
2.153512477874755859e+00,2.564809322357177734e+00
-2.097435742616653442e-01,3.108479499816894531e+00
-4.018056392669677734e-01,3.492982625961303711e+00
1.406906008720397949e+00,2.023083448410034180e+00
1.533056139945983887e+00,1.714016675949096680e+00
-2.534233033657073975e-01,1.819640874862670898e+00
-5.457436442375183105e-01,1.318163752555847168e+00
3.264246582984924316e-01,2.524761438369750977e+00
2.046833038330078125e+00,1.928996086120605469e+00
-2.560954689979553223e-01,1.283015847206115723e+00
3.495116829872131348e-01,1.901276588439941406e+00
2.577656745910644531e+00,3.428431272506713867e+00
2.069209098815917969e+00,4.134768843650817871e-01
-4.449030756950378418e-01,3.354929447174072266e+00
1.524704575538635254e+00,2.664145946502685547e+00
-4.330971240997314453e-01,2.178834438323974609e+00
2.103854417800903320e+00,3.749715566635131836e+00
1.415479779243469238e+00,2.520064592361450195e+00
1.340628623962402344e+00,1.807712793350219727e+00
2.096679687500000000e+00,2.726777315139770508e+00
1.400728821754455566e+00,3.224194049835205078e+00
9.800010919570922852e-01,2.085379123687744141e+00
3.635806083679199219e+00,3.384757041931152344e+00
-3.315340578556060791e-01,3.220982074737548828e+00
1.813193082809448242e+00,3.334094047546386719e+00
5.581390857696533203e-01,1.611994147300720215e+00
2.666742503643035889e-01,2.394689083099365234e+00
1.423488953150808811e-03,1.805805802345275879e+00
-4.048679471015930176e-01,1.823433876037597656e+00
2.210429906845092773e+00,2.626846790313720703e+00
-9.384313821792602539e-01,1.692003846168518066e+00
-3.491839170455932617e-01,2.002377033233642578e+00
-1.581465750932693481e-01,1.725319266319274902e+00
1.289814859628677368e-01,1.328286290168762207e+00
6.282469630241394043e-01,1.817768931388854980e+00
3.238334655761718750e+00,1.953613877296447754e+00
7.156391739845275879e-01,3.049183845520019531e+00
1.052749231457710266e-01,1.223948359489440918e+00
7.900503277778625488e-01,2.337465763092041016e+00
1.181468605995178223e+00,2.591865062713623047e+00
1.400723814964294434e+00,2.254398822784423828e+00
2.031799793243408203e+00,1.757067799568176270e+00
-1.607709378004074097e-01,1.719687342643737793e+00
9.656300544738769531e-01,2.001709461212158203e+00
-1.088412329554557800e-01,1.376780271530151367e+00
-1.145883440971374512e+00,2.478734970092773438e+00
-9.014009833335876465e-01,2.158455848693847656e+00
5.790438055992126465e-01,1.902619481086730957e+00
-3.383752107620239258e-01,1.700611233711242676e+00
-4.972473382949829102e-01,2.733662843704223633e+00
1.573739796876907349e-01,1.796398520469665527e+00
-8.923688530921936035e-01,1.899444103240966797e+00
2.506141662597656250e+00,1.618817210197448730e+00
2.665058612823486328e+00,2.077795982360839844e+00
2.336680412292480469e+00,2.525135517120361328e+00
-5.116137266159057617e-01,2.902083873748779297e+00
2.593841552734375000e+00,3.363126993179321289e+00
2.324719905853271484e+00,2.128981828689575195e+00
1.615244150161743164e+00,2.493272304534912109e+00
1.092347502708435059e+00,2.149067878723144531e+00
-9.204557538032531738e-01,2.659142971038818359e+00
1.559216380119323730e+00,1.907929301261901855e+00
2.942783117294311523e+00,3.134504318237304688e+00
2.529489040374755859e+00,2.461746692657470703e+00
-2.815931439399719238e-01,2.972754001617431641e+00
1.883702397346496582e+00,1.818651199340820312e+00
-9.084519743919372559e-01,1.945429325103759766e+00
1.437859416007995605e+00,1.522423148155212402e+00
1.459109067916870117e+00,3.261160850524902344e+00
2.947130203247070312e+00,2.809225082397460938e+00
-1.957666724920272827e-01,4.627642929553985596e-01
-7.741651535034179688e-01,2.014663934707641602e+00
-3.860690593719482422e-01,1.793774962425231934e+00
1.891740798950195312e+00,2.034650564193725586e+00
-7.764897346496582031e-01,2.306056261062622070e+00
-7.941379398107528687e-02,2.222252845764160156e+00
3.585503578186035156e+00,2.839116573333740234e+00
1.508040308952331543e+00,2.248201608657836914e+00
-7.196808457374572754e-01,8.505937457084655762e-01
1.135520815849304199e+00,2.950163125991821289e+00
5.285285115242004395e-01,8.301981687545776367e-01
7.021923661231994629e-01,2.413622856140136719e+00
-9.809660911560058594e-01,2.116690635681152344e+00
1.326697707176208496e+00,1.993541598320007324e+00
-8.101739287376403809e-01,2.131416797637939453e+00
2.778933048248291016e+00,2.511471271514892578e+00
3.180397033691406250e+00,9.672595262527465820e-01
8.334612250328063965e-01,2.929350852966308594e+00
2.583426237106323242e+00,2.482192516326904297e+00
8.451750874519348145e-01,2.823139429092407227e+00
2.462780237197875977e+00,3.435719966888427734e+00
2.577800676226615906e-02,1.879822015762329102e+00
1.980426192283630371e+00,1.736959099769592285e+00
1.641188502311706543e+00,2.070921421051025391e+00
-1.385231971740722656e+00,1.469425797462463379e+00
-1.411629676818847656e+00,2.097341060638427734e+00
2.065573692321777344e+00,1.626050353050231934e+00
8.308043479919433594e-01,2.823751926422119141e+00
-3.027990460395812988e-01,2.790261745452880859e+00
-4.602473378181457520e-01,2.822993755340576172e+00
2.839325904846191406e+00,1.819866061210632324e+00
-1.234228536486625671e-01,2.020611286163330078e+00
9.784374833106994629e-01,1.708058357238769531e+00
2.455543279647827148e+00,1.397639632225036621e+00
1.618703454732894897e-01,3.341866970062255859e+00
1.871469855308532715e+00,1.842950701713562012e+00
-2.106978371739387512e-02,1.859459042549133301e+00
3.114222526550292969e+00,2.896889925003051758e+00
-2.722698748111724854e-01,2.415072441101074219e+00
-9.802683442831039429e-02,2.804915904998779297e+00
1.120851993560791016e+00,2.055314302444458008e+00
1.452553629875183105e+00,2.037926673889160156e+00
6.859739422798156738e-01,3.440494537353515625e+00
3.055742979049682617e+00,2.973623275756835938e+00
9.066396355628967285e-01,3.062875747680664062e+00
2.281675100326538086e+00,2.420099258422851562e+00
-6.429359912872314453e-01,1.764332771301269531e+00
1.891000151634216309e+00,2.379051446914672852e+00
4.472243189811706543e-01,2.188552379608154297e+00
-6.708373427391052246e-01,1.306193232536315918e+00
-6.805011630058288574e-01,1.307254910469055176e+00
1.776628255844116211e+00,3.190412044525146484e+00
1.477204203605651855e+00,5.375809073448181152e-01
2.421930313110351562e+00,2.218338489532470703e+00
3.951021730899810791e-01,2.662630796432495117e+00
2.809071540832519531e+00,2.501121997833251953e+00
-6.243964433670043945e-01,1.532676339149475098e+00
7.353518605232238770e-01,2.362047195434570312e+00
-2.498139590024948120e-01,1.174422621726989746e+00
2.072403430938720703e+00,2.530665397644042969e+00
2.606061935424804688e+00,2.173048496246337891e+00
1.770402789115905762e+00,2.383894205093383789e+00
-6.450556963682174683e-02,2.153507947921752930e+00
-6.916060447692871094e-01,1.848919749259948730e+00
9.422577172517776489e-02,1.761821389198303223e+00
6.797289252281188965e-01,2.122386932373046875e+00
3.557187080383300781e+00,2.339828968048095703e+00
3.006580352783203125e+00,1.101696491241455078e+00
7.429738044738769531e-01,9.137961268424987793e-01
7.670152932405471802e-02,3.073089361190795898e+00
1.447436451911926270e+00,2.197657585144042969e+00
-2.020423859357833862e-01,3.152140617370605469e+00
1.558314681053161621e+00,3.530616283416748047e+00
1.347463726997375488e+00,2.529839754104614258e+00
3.281753063201904297e-01,2.631243705749511719e+00
4.152889549732208252e-01,2.156226158142089844e+00
9.887078404426574707e-01,2.132063865661621094e+00
3.479952216148376465e-01,2.371030569076538086e+00
-3.534387946128845215e-01,2.130032062530517578e+00
9.413486123085021973e-01,3.584552526473999023e+00
3.577010631561279297e-01,1.817052245140075684e+00
1.910111546516418457e+00,1.191250324249267578e+00
-1.108776688575744629e+00,1.969923138618469238e+00
-1.372463256120681763e-01,2.593172550201416016e+00
1.748102068901062012e+00,1.399337291717529297e+00
8.083117604255676270e-01,1.771979808807373047e+00
-8.057262748479843140e-02,2.544049739837646484e+00
9.871610403060913086e-01,2.369779109954833984e+00
3.730029985308647156e-02,2.670073032379150391e+00
-7.228391766548156738e-01,1.297569632530212402e+00
9.874230027198791504e-01,3.442860603332519531e+00
-3.085269629955291748e-01,2.525659561157226562e+00
1.412073016166687012e+00,2.536587238311767578e+00
3.289058208465576172e-01,1.569538950920104980e+00
9.700445085763931274e-02,2.742774486541748047e+00
-7.086385488510131836e-01,1.706649541854858398e+00
-5.624220371246337891e-01,1.911301732063293457e+00
2.014586448669433594e+00,3.055694103240966797e+00
8.809019327163696289e-01,1.303071856498718262e+00
9.166823029518127441e-01,2.486484766006469727e+00
2.641469001770019531e+00,2.554080247879028320e+00
1.002041339874267578e+00,1.777407050132751465e+00
-1.180237174034118652e+00,1.926641941070556641e+00
2.814136981964111328e+00,2.263044595718383789e+00
1.702057242393493652e+00,1.395907402038574219e+00
1.826137542724609375e+00,1.856343150138854980e+00
-6.341549754142761230e-01,1.790930509567260742e+00
6.422377228736877441e-01,1.956217646598815918e+00
2.812073469161987305e+00,2.404874324798583984e+00
4.151830077171325684e-01,2.342216968536376953e+00
-9.131974577903747559e-01,2.311176061630249023e+00
2.983383655548095703e+00,2.725236654281616211e+00
2.280756473541259766e+00,1.540624141693115234e+00
1.096428394317626953e+00,1.301351547241210938e+00
1.382859349250793457e+00,1.384365439414978027e+00
1.182554960250854492e+00,2.505872249603271484e+00
1.876307249069213867e+00,3.586903095245361328e+00
-2.197452634572982788e-01,1.083616256713867188e+00
9.287585616111755371e-01,2.703815460205078125e+00
1.731165766716003418e+00,7.974948287010192871e-01
-3.474308848381042480e-01,1.719201922416687012e+00
5.922266244888305664e-01,1.886277675628662109e+00
-7.095233798027038574e-01,1.486620783805847168e+00
-4.496150612831115723e-01,2.441132068634033203e+00
1.944547414779663086e+00,2.726405858993530273e+00
-5.958539843559265137e-01,3.004204034805297852e+00
1.216175034642219543e-01,2.374980926513671875e+00
9.329821467399597168e-01,3.431486129760742188e+00
9.518516808748245239e-02,3.010712385177612305e+00
3.204023241996765137e-01,1.904627442359924316e+00
-3.654515743255615234e-01,2.515575885772705078e+00
1.759649515151977539e-01,3.122947454452514648e+00
7.297720313072204590e-01,2.527178525924682617e+00
2.913690567016601562e+00,1.132213234901428223e+00
-3.082389235496520996e-01,2.441164016723632812e+00
-3.532457947731018066e-01,2.811337471008300781e+00
2.039266675710678101e-01,2.450961112976074219e+00
1.120095133781433105e+00,2.454735994338989258e+00
6.560549736022949219e-01,2.997983932495117188e+00
2.930188179016113281e+00,3.455471515655517578e+00
-6.219192221760749817e-02,2.911730110645294189e-01
-6.557037234306335449e-01,2.890916347503662109e+00
-6.438376307487487793e-01,2.409138679504394531e+00
1.124759092926979065e-01,1.230380296707153320e+00
2.190903663635253906e+00,2.817450761795043945e+00
1.211896181106567383e+00,2.525774002075195312e+00
1.485818505287170410e+00,2.694162845611572266e+00
-4.162899553775787354e-01,2.515478849411010742e+00
1.172854781150817871e+00,2.666222095489501953e+00
1.157597079873085022e-01,1.217791676521301270e+00
3.465974807739257812e+00,2.928442478179931641e+00
2.396408915519714355e-01,1.791793704032897949e+00
-8.862443566322326660e-01,1.347162365913391113e+00
8.498715162277221680e-01,2.732976913452148438e+00
-2.739707827568054199e-01,2.441001653671264648e+00
1.316074490547180176e+00,2.699370622634887695e+00
-3.572460412979125977e-01,1.859689950942993164e+00
1.109866142272949219e+00,3.188264846801757812e+00
-6.935040354728698730e-01,1.176112532615661621e+00
-4.327394440770149231e-02,1.877091765403747559e+00
3.035706758499145508e+00,3.550560474395751953e+00
-1.169801279902458191e-01,1.710978865623474121e+00
1.111522078514099121e+00,2.431695699691772461e+00
2.017271995544433594e+00,1.998736739158630371e+00
-2.347611263394355774e-02,1.226986408233642578e+00
3.231570243835449219e+00,2.875458240509033203e+00
1.138450026512145996e+00,1.123307585716247559e+00
1.807368159294128418e+00,1.845244765281677246e+00
4.625516533851623535e-01,2.289266109466552734e+00
1.972160696983337402e+00,3.379387855529785156e+00
-5.339058637619018555e-01,1.193729758262634277e+00
-8.743041008710861206e-02,2.158595561981201172e+00
1.382203698158264160e+00,1.899855494499206543e+00
7.719603180885314941e-01,3.361261844635009766e+00
-9.366586208343505859e-01,1.405471920967102051e+00
1.815334200859069824e+00,2.965963840484619141e+00
-2.608237862586975098e-01,2.968184471130371094e+00
7.631408572196960449e-01,3.421475410461425781e+00
3.414368629455566406e+00,2.694561481475830078e+00
3.787159323692321777e-01,3.457553625106811523e+00
-1.104190230369567871e+00,2.296084165573120117e+00
1.928026080131530762e+00,1.538559794425964355e+00
2.830458641052246094e+00,2.759636402130126953e+00
2.987010776996612549e-01,2.319979667663574219e+00
-1.735949963331222534e-01,3.035850524902343750e+00
-3.484768569469451904e-01,2.319592475891113281e+00
-1.242434263229370117e+00,3.005920410156250000e+00
3.509840965270996094e-01,2.231900215148925781e+00
-3.124178647994995117e-01,2.352611303329467773e+00
-1.812749654054641724e-01,2.147514820098876953e+00
8.578355908393859863e-01,2.528188228607177734e+00
3.437209427356719971e-01,2.005241394042968750e+00
2.088869661092758179e-01,2.388758659362792969e+00
2.678136348724365234e+00,2.437911748886108398e+00
2.676038980484008789e+00,2.237889289855957031e+00
9.076785445213317871e-01,2.512268066406250000e+00
2.981397509574890137e-01,1.825662493705749512e+00
-2.749778628349304199e-01,1.951608657836914062e+00
3.484266996383666992e+00,2.259185791015625000e+00
2.413820743560791016e+00,2.869594812393188477e+00
2.783239841461181641e+00,3.051599979400634766e+00
1.218869447708129883e+00,2.731301069259643555e+00
3.201545238494873047e+00,2.968339443206787109e+00
3.256188035011291504e-01,2.399345874786376953e+00
1.785960316658020020e+00,2.521687269210815430e+00
-2.300948053598403931e-01,2.222248554229736328e+00
-1.250400990247726440e-01,2.794178485870361328e+00
-4.081700444221496582e-01,1.245393991470336914e+00
-5.795692801475524902e-01,1.878907561302185059e+00
-1.168689966201782227e+00,2.326821327209472656e+00
2.275000333786010742e+00,3.128309488296508789e+00
1.526753425598144531e+00,2.285539865493774414e+00
6.434968858957290649e-02,2.688093900680541992e+00
1.092400908470153809e+00,1.870943665504455566e+00
2.376788377761840820e+00,2.929368972778320312e+00
7.534883022308349609e-01,2.663846492767333984e+00
-8.491541743278503418e-01,2.090518474578857422e+00
1.790347695350646973e+00,1.807570099830627441e+00
3.742686808109283447e-01,1.835637211799621582e+00
-2.095652967691421509e-01,1.331866383552551270e+00
2.517701148986816406e+00,3.566497802734375000e+00
1.070158854126930237e-01,1.316311478614807129e+00
8.330164104700088501e-02,2.593087196350097656e+00
-7.522746324539184570e-01,2.254989624023437500e+00
2.626926422119140625e+00,2.984018325805664062e+00
2.249942779541015625e+00,2.308584213256835938e+00
-2.810872793197631836e-01,1.268145918846130371e+00
-1.211327910423278809e+00,1.892119526863098145e+00
6.758294105529785156e-01,3.436812877655029297e+00
9.911991357803344727e-01,2.598409652709960938e+00
3.602073192596435547e+00,1.989602684974670410e+00
-1.007340177893638611e-01,3.240788459777832031e+00
3.001621246337890625e+00,2.546638488769531250e+00
-5.011053681373596191e-01,1.919554114341735840e+00
5.981318280100822449e-02,1.843454003334045410e+00
1.972151920199394226e-02,2.492131710052490234e+00
2.592068433761596680e+00,2.814203739166259766e+00
2.815255880355834961e+00,2.195349216461181641e+00
-4.416013360023498535e-01,2.077388286590576172e+00
2.597260475158691406e-01,3.179854869842529297e+00
-6.427031159400939941e-01,1.770082116127014160e+00
1.421809554100036621e+00,2.680593013763427734e+00
1.695766568183898926e+00,2.692263841629028320e+00
1.605709195137023926e+00,1.962122082710266113e+00
5.124582648277282715e-01,2.873460769653320312e+00
-7.230089306831359863e-01,2.040161132812500000e+00
9.474497437477111816e-01,1.895420908927917480e+00
1.413688659667968750e+00,2.723946094512939453e+00
-5.443260073661804199e-01,1.332696080207824707e+00
-1.184176445007324219e+00,2.843867778778076172e+00
2.059654474258422852e+00,2.674805164337158203e+00
2.871935367584228516e-01,2.067798614501953125e+00
3.426699042320251465e-01,2.280038356781005859e+00
4.789919555187225342e-01,2.930591821670532227e+00
1.007216453552246094e+00,2.710289955139160156e+00
2.556067943572998047e+00,2.528500556945800781e+00
2.304563045501708984e+00,2.987530708312988281e+00
6.278363615274429321e-02,1.728934884071350098e+00
1.564966917037963867e+00,3.918893337249755859e+00
-4.417832791805267334e-01,2.967542648315429688e+00
5.036733746528625488e-01,3.281664371490478516e+00
1.175665259361267090e+00,2.246728420257568359e+00
3.379985332489013672e+00,2.569355010986328125e+00
-3.509564399719238281e-01,2.807845592498779297e+00
-4.258300364017486572e-01,1.777772307395935059e+00
6.103196740150451660e-01,1.816541671752929688e+00
5.253907442092895508e-01,2.494350910186767578e+00
3.053323984146118164e+00,2.471713542938232422e+00
-1.115727350115776062e-01,1.851509571075439453e+00
7.582987099885940552e-02,2.934044361114501953e+00
2.664262533187866211e+00,2.654750347137451172e+00
-2.343253642320632935e-01,1.534107446670532227e+00
1.641844749450683594e+00,2.571253538131713867e+00
-1.825519055128097534e-01,2.120611667633056641e+00
1.136149644851684570e+00,3.230700492858886719e+00
2.646376371383666992e+00,2.978706836700439453e+00
2.604451179504394531e-01,2.273572921752929688e+00
-1.481949448585510254e+00,1.763555169105529785e+00
2.127803087234497070e+00,2.234110832214355469e+00
1.456648468971252441e+00,2.765322446823120117e+00
-9.086289256811141968e-02,1.881010651588439941e+00
2.267872333526611328e+00,3.105222225189208984e+00
7.516223788261413574e-01,2.158100843429565430e+00
-4.072321653366088867e-01,1.400731325149536133e+00
1.807752490043640137e+00,6.276351809501647949e-01
1.107219099998474121e+00,3.679924011230468750e+00
2.147434234619140625e+00,2.116772651672363281e+00
1.250510096549987793e+00,3.769019603729248047e+00
-3.752377331256866455e-01,1.890967488288879395e+00
8.710821866989135742e-01,2.419160842895507812e+00
2.326263189315795898e+00,7.631062865257263184e-01
2.682381629943847656e+00,2.376493453979492188e+00
-8.225854039192199707e-01,1.904685974121093750e+00
5.298362374305725098e-01,2.926386833190917969e+00
4.807747006416320801e-01,3.153662443161010742e+00
-7.920070886611938477e-01,2.219666957855224609e+00
2.995472431182861328e+00,3.465187788009643555e+00
1.257800221443176270e+00,1.370159864425659180e+00
7.733806967735290527e-01,3.103778362274169922e+00
2.405629158020019531e-01,2.954170703887939453e+00
1.034141853451728821e-01,1.970649123191833496e+00
-9.872778505086898804e-02,2.028945922851562500e+00
1.850859999656677246e+00,3.305372238159179688e+00
3.156129121780395508e-01,1.439097285270690918e+00
-1.343538165092468262e+00,1.512067198753356934e+00
1.673983782529830933e-01,2.086095333099365234e+00
-4.976682960987091064e-01,2.773825645446777344e+00
1.589630484580993652e+00,2.725108146667480469e+00
1.122878432273864746e+00,2.036685943603515625e+00
-2.091901004314422607e-01,2.833367347717285156e+00
2.312298774719238281e+00,2.158567428588867188e+00
3.080126285552978516e+00,2.725981473922729492e+00
2.539494514465332031e+00,2.146507501602172852e+00
-3.600305914878845215e-01,2.921756505966186523e+00
1.892528295516967773e+00,2.354213714599609375e+00
8.923359513282775879e-01,1.885033249855041504e+00
-1.131753548979759216e-01,2.600800037384033203e+00
8.425436168909072876e-02,1.681690454483032227e+00
1.890699267387390137e+00,2.837766647338867188e+00
2.948599159717559814e-01,2.037220001220703125e+00
2.790951728820800781e+00,2.827399969100952148e+00
1.218524575233459473e+00,3.506571054458618164e+00
2.901376247406005859e+00,2.569230556488037109e+00
-8.972936272621154785e-01,1.588017582893371582e+00
1.812609076499938965e+00,3.468757152557373047e+00
1.450451016426086426e+00,3.150930643081665039e+00
2.671463966369628906e+00,1.742415428161621094e+00
2.074780464172363281e+00,2.569304943084716797e+00
1.266286134719848633e+00,2.278899431228637695e+00
-1.052394270896911621e+00,2.348878860473632812e+00
8.712869137525558472e-03,1.766891360282897949e+00
-6.529250741004943848e-01,1.825181961059570312e+00
1.238916993141174316e+00,1.762173414230346680e+00
1.881906986236572266e+00,1.905241131782531738e+00
-4.791546463966369629e-01,9.483303427696228027e-01
4.869007766246795654e-01,3.434815883636474609e+00
-3.861736059188842773e-01,1.655000567436218262e+00
4.032727479934692383e-01,1.718015313148498535e+00
1.711570769548416138e-01,2.545751333236694336e+00
9.253745079040527344e-01,2.230616569519042969e+00
-4.791661500930786133e-01,1.447856664657592773e+00
1.592219948768615723e+00,2.243033885955810547e+00
2.765200659632682800e-02,1.297105669975280762e+00
1.022177815437316895e+00,1.871629118919372559e+00
7.808003425598144531e-01,3.126217126846313477e+00
4.581698179244995117e-01,2.153196811676025391e+00
3.713066101074218750e+00,2.821826934814453125e+00
1.665781497955322266e+00,1.212052464485168457e+00
7.197346687316894531e-01,2.296697854995727539e+00
8.784376978874206543e-01,3.627013266086578369e-01
2.051468372344970703e+00,2.938902378082275391e+00
1.998210072517395020e+00,1.825397729873657227e+00
2.325766086578369141e+00,2.991073846817016602e+00
8.209407925605773926e-01,3.083207607269287109e+00
1.375586986541748047e+00,2.602026939392089844e+00
-1.092277988791465759e-01,2.572981595993041992e+00
8.588831424713134766e-01,3.398347616195678711e+00
5.850694179534912109e-01,2.503256320953369141e+00
-4.119806289672851562e-01,1.928795218467712402e+00
2.494780302047729492e+00,3.475747823715209961e+00
-9.286471009254455566e-01,1.705442428588867188e+00
9.506966471672058105e-01,2.808017015457153320e+00
4.555655717849731445e-01,1.975455164909362793e+00
-3.646948933601379395e-01,2.068681240081787109e+00
-4.690325260162353516e-01,1.886957764625549316e+00
1.120533108711242676e+00,2.981621980667114258e+00
1.371899098157882690e-01,2.157299041748046875e+00
3.073418617248535156e+00,3.268950700759887695e+00
2.216651439666748047e+00,3.836656093597412109e+00
2.293929576873779297e+00,1.032504439353942871e+00
5.788172483444213867e-01,1.533803820610046387e+00
3.431949138641357422e+00,2.422727108001708984e+00
-2.326831072568893433e-01,1.646352887153625488e+00
7.964664101600646973e-01,1.978287816047668457e+00
-7.131909132003784180e-01,1.041721582412719727e+00
-8.783321827650070190e-02,1.463365435600280762e+00
2.064568758010864258e+00,4.012283325195312500e+00
1.504947423934936523e+00,2.134230136871337891e+00
3.822865486145019531e-01,1.096660733222961426e+00
2.091838359832763672e+00,2.906765937805175781e+00
1.749687552452087402e+00,2.364682197570800781e+00
-1.779083758592605591e-01,2.521522045135498047e+00
-4.839079678058624268e-01,1.939682722091674805e+00
1.260892033576965332e+00,3.586467742919921875e+00
-8.075458407402038574e-01,1.316357493400573730e+00
2.191567897796630859e+00,2.378639936447143555e+00
1.847935080528259277e+00,2.938261270523071289e+00
-6.213185191154479980e-01,1.499411702156066895e+00
2.007998943328857422e+00,4.010645389556884766e+00
6.677792072296142578e-01,2.813199281692504883e+00
6.810325980186462402e-01,2.370236396789550781e+00
-5.633320286870002747e-02,3.328871250152587891e+00
-5.686189532279968262e-01,9.125334024429321289e-01
6.607206463813781738e-01,2.740240335464477539e+00
1.852805256843566895e+00,3.930687189102172852e+00
1.350914716720581055e+00,2.582220077514648438e+00
8.940929770469665527e-01,2.443992853164672852e+00
2.059928655624389648e+00,2.315465450286865234e+00
1.306550353765487671e-01,1.978931546211242676e+00
2.481061667203903198e-01,2.245155334472656250e+00
2.219859808683395386e-01,2.343557357788085938e+00
-5.435862019658088684e-02,2.787523746490478516e+00
-8.351400494575500488e-01,2.754658699035644531e+00
1.798920273780822754e+00,1.698316812515258789e+00
-8.795189112424850464e-02,2.030693054199218750e+00
7.301425337791442871e-01,3.630498886108398438e+00
-2.492033317685127258e-02,2.906698703765869141e+00
1.899465918540954590e+00,2.427210807800292969e+00
-4.250820875167846680e-01,1.263123869895935059e+00
2.887115001678466797e+00,2.420246839523315430e+00
-5.838701128959655762e-01,1.876880288124084473e+00
1.957756757736206055e+00,2.014898538589477539e+00
1.209955289959907532e-01,1.606715440750122070e+00
-1.689414232969284058e-01,1.709510445594787598e+00
3.274837970733642578e+00,3.102576255798339844e+00
3.395155072212219238e-01,1.742554903030395508e+00
1.471269011497497559e+00,3.103773593902587891e+00
1.061168789863586426e+00,2.035658121109008789e+00
1.028158187866210938e+00,2.886044502258300781e+00
1.121883466839790344e-01,9.896193146705627441e-01
-6.730678081512451172e-01,2.710521221160888672e+00
2.935046911239624023e+00,3.215620994567871094e+00
8.588046431541442871e-01,2.661980628967285156e+00
8.684997558593750000e-01,1.624670267105102539e+00
-4.899070262908935547e-01,1.825106382369995117e+00
6.625584512948989868e-02,3.129220485687255859e+00
-1.312228560447692871e+00,2.087208271026611328e+00
-9.092369675636291504e-01,1.924113512039184570e+00
1.310686916112899780e-01,1.973048448562622070e+00
1.438729405403137207e+00,3.943351507186889648e+00
9.502468258142471313e-02,1.509420394897460938e+00
-3.869568407535552979e-01,1.215938568115234375e+00
5.351970791816711426e-01,2.717988491058349609e+00
5.038163065910339355e-01,2.474330425262451172e+00
8.780547976493835449e-01,2.011257171630859375e+00
-4.827011842280626297e-03,2.238875627517700195e+00
-9.876153469085693359e-01,1.566202044486999512e+00
1.878967165946960449e+00,1.632369041442871094e+00
-2.885145545005798340e-01,3.187781095504760742e+00
5.619818568229675293e-01,2.510167121887207031e+00
1.881598383188247681e-01,2.603122234344482422e+00
5.937891006469726562e-01,2.109667062759399414e+00
1.799432158470153809e+00,2.038784980773925781e+00
-3.322980403900146484e-01,2.496555805206298828e+00
1.883490204811096191e+00,2.828120231628417969e+00
4.406136870384216309e-01,3.190550565719604492e+00
3.273908421397209167e-02,2.531971454620361328e+00
7.242351174354553223e-01,2.830626010894775391e+00
4.841879606246948242e-01,2.551434993743896484e+00
-1.209890484809875488e+00,1.320443749427795410e+00
-4.790841341018676758e-01,1.488416314125061035e+00
-8.768030256032943726e-02,2.750146150588989258e+00
4.919758439064025879e-01,3.799163341522216797e+00
1.249750256538391113e+00,1.972980856895446777e+00
-3.152369856834411621e-01,2.830936431884765625e+00
5.240718126296997070e-01,2.191600561141967773e+00
-7.872384041547775269e-02,2.042187213897705078e+00
-1.387240365147590637e-02,2.712867736816406250e+00
1.241894438862800598e-01,2.215825080871582031e+00
1.881428480148315430e+00,3.159682273864746094e+00
1.756900548934936523e+00,9.388356804847717285e-01
1.828296184539794922e+00,2.930474758148193359e+00
8.248372077941894531e-01,2.135678052902221680e+00
6.865606904029846191e-01,2.656517505645751953e+00
-5.204757452011108398e-01,3.336697816848754883e+00
2.652892112731933594e+00,2.076676845550537109e+00
-4.185005426406860352e-01,2.829220533370971680e+00
8.314368724822998047e-01,2.803712844848632812e+00
1.989218711853027344e+00,1.963894963264465332e+00
2.262656450271606445e+00,2.407382011413574219e+00
5.410243868827819824e-01,3.560746908187866211e+00
3.902890980243682861e-01,1.415316462516784668e+00
1.426938414573669434e+00,1.544140934944152832e+00
9.741830229759216309e-01,2.126397609710693359e+00
7.887256741523742676e-01,2.304092884063720703e+00
-3.658183217048645020e-01,2.559855699539184570e+00
1.248942255973815918e+00,3.009871959686279297e+00
-1.544906646013259888e-01,1.480677485466003418e+00
1.939575001597404480e-02,1.850389122962951660e+00
9.547479748725891113e-01,1.745126962661743164e+00
6.164250969886779785e-01,2.533916473388671875e+00
-7.236096858978271484e-01,1.817441105842590332e+00
6.795568466186523438e-01,3.738698720932006836e+00
-4.523860216140747070e-01,1.700720906257629395e+00
1.977686166763305664e+00,2.222344398498535156e+00
2.203509211540222168e-01,2.121167659759521484e+00
1.908955097198486328e+00,1.831817746162414551e+00
3.852258920669555664e-01,1.580335736274719238e+00
7.557432651519775391e-01,2.342204093933105469e+00
3.441916942596435547e+00,2.781730651855468750e+00
2.617065429687500000e+00,2.550395965576171875e+00
-4.951212406158447266e-01,2.405345916748046875e+00
-4.807578399777412415e-02,1.892487049102783203e+00
2.358133345842361450e-01,3.188429355621337891e+00
2.917841672897338867e+00,2.921311378479003906e+00
9.364877343177795410e-01,2.636168956756591797e+00
2.037015408277511597e-01,3.393306016921997070e+00
-5.164616182446479797e-02,1.947304368019104004e+00
6.501458883285522461e-01,5.619629025459289551e-01
2.740680694580078125e+00,3.139856815338134766e+00
-5.006970763206481934e-01,9.782171249389648438e-01
1.428192019462585449e+00,3.010700225830078125e+00
1.669260412454605103e-01,2.133821010589599609e+00
1.268025994300842285e+00,3.086717128753662109e+00
1.173763632774353027e+00,3.222897052764892578e+00
1.074622511863708496e+00,3.418807506561279297e+00
2.162853240966796875e+00,1.978469729423522949e+00
-5.667099356651306152e-01,2.035897731781005859e+00
7.799771428108215332e-01,3.055774688720703125e+00
3.257470607757568359e+00,2.958025932312011719e+00
1.104934290051460266e-01,2.525001049041748047e+00
9.235338568687438965e-01,2.530483484268188477e+00
-2.157237008213996887e-02,1.770304203033447266e+00
1.886766910552978516e+00,1.896015405654907227e+00
1.424847960472106934e+00,2.375515460968017578e+00
-5.409966707229614258e-01,1.982095122337341309e+00
-5.987903475761413574e-01,1.679631352424621582e+00
-7.120903730392456055e-01,1.660428404808044434e+00
-7.305805683135986328e-01,2.637498378753662109e+00
2.773057699203491211e+00,3.059190750122070312e+00
2.147063016891479492e+00,5.146104693412780762e-01
2.040597677230834961e+00,3.473748445510864258e+00
-4.773479700088500977e-01,1.257996916770935059e+00
6.086978912353515625e-01,3.017887353897094727e+00
2.765248537063598633e+00,1.483141422271728516e+00
-4.582923650741577148e-01,1.701519846916198730e+00
-7.036961913108825684e-01,1.444841861724853516e+00
-6.377645730972290039e-01,2.368788719177246094e+00
1.938133835792541504e+00,3.130769729614257812e+00
2.586857318878173828e+00,3.171651363372802734e+00
9.361863732337951660e-01,3.096343994140625000e+00
1.313336491584777832e+00,3.114868640899658203e+00
-3.923593759536743164e-01,1.627972722053527832e+00
-4.962573647499084473e-01,1.451980471611022949e+00
1.056037783622741699e+00,3.494821548461914062e+00
-6.632625460624694824e-01,1.284733653068542480e+00
9.374836832284927368e-02,2.181638956069946289e+00
4.988365173339843750e-01,2.710360527038574219e+00
1.109090924263000488e+00,1.026396393775939941e+00
1.783049851655960083e-01,1.786987662315368652e+00
2.004254981875419617e-02,1.586612701416015625e+00
1.541615873575210571e-01,2.361940383911132812e+00
1.390357166528701782e-01,1.874524712562561035e+00
2.328635931015014648e+00,2.463869571685791016e+00
2.450537681579589844e+00,2.347648620605468750e+00
1.186246514320373535e+00,3.444079875946044922e+00
6.651986837387084961e-01,1.970277786254882812e+00
1.041459798812866211e+00,3.035403728485107422e+00
1.697527408599853516e+00,2.364977359771728516e+00
-1.550806760787963867e+00,1.780753970146179199e+00
1.518594861030578613e+00,1.290401101112365723e+00
1.169485449790954590e+00,2.761288404464721680e+00
-9.495295286178588867e-01,1.633086323738098145e+00
6.511670947074890137e-01,3.069611072540283203e+00
-7.555847167968750000e-01,9.761360287666320801e-01
-3.150261640548706055e-01,2.607083320617675781e+00
-1.936761885881423950e-01,1.548436760902404785e+00
1.215163588523864746e+00,2.881834745407104492e+00
-6.806384325027465820e-01,2.309854507446289062e+00
6.575109958648681641e-01,1.721512317657470703e+00
4.272941946983337402e-01,2.809162616729736328e+00
3.337558269500732422e+00,2.227497577667236328e+00
1.055619359016418457e+00,3.029318332672119141e+00
4.672580063343048096e-01,2.282076597213745117e+00
2.863034725189208984e+00,2.487581729888916016e+00
1.805976271629333496e+00,2.434991836547851562e+00
8.203403949737548828e-01,2.776627063751220703e+00
-1.813169568777084351e-01,1.912140011787414551e+00
1.682670474052429199e+00,2.210067987442016602e+00
-7.882266491651535034e-02,2.105195283889770508e+00
-2.795899212360382080e-01,1.808001875877380371e+00
2.685124278068542480e-01,2.807110071182250977e+00
1.353537291288375854e-01,2.065537452697753906e+00
8.646462559700012207e-01,1.273903131484985352e+00
1.693794250488281250e+00,1.431168198585510254e+00
3.288283109664916992e+00,3.303742885589599609e+00
-1.860396116971969604e-01,1.882295727729797363e+00
-6.538696885108947754e-01,1.492493748664855957e+00
2.506482362747192383e+00,3.271121978759765625e+00
1.164726614952087402e+00,1.378043770790100098e+00
1.659520387649536133e+00,2.474304199218750000e+00
5.203704237937927246e-01,2.162835597991943359e+00
-4.798352122306823730e-01,2.056499958038330078e+00
1.085792109370231628e-02,1.918735742568969727e+00
-4.956897795200347900e-01,1.741319537162780762e+00
1.865891695022583008e+00,2.823396444320678711e+00
-8.776697516441345215e-01,1.215936779975891113e+00
2.408545017242431641e+00,3.563715219497680664e+00
3.394388198852539062e+00,2.788269996643066406e+00
-1.509359717369079590e+00,1.624250888824462891e+00
3.654522180557250977e+00,2.338403701782226562e+00
2.448478937149047852e+00,2.546607017517089844e+00
1.203928828239440918e+00,1.646203398704528809e+00
9.358932375907897949e-01,1.550131440162658691e+00
-1.415048003196716309e+00,1.890499949455261230e+00
-5.559874176979064941e-01,1.948780775070190430e+00
-3.082988858222961426e-01,2.122743129730224609e+00
3.122763156890869141e+00,3.284432888031005859e+00
-5.260252356529235840e-01,2.105740308761596680e+00
-9.178683757781982422e-01,2.108446598052978516e+00
1.905876517295837402e+00,3.293278694152832031e+00
2.626377105712890625e+00,2.089623451232910156e+00
3.072007179260253906e+00,2.653085470199584961e+00
-8.487091064453125000e-01,2.260477066040039062e+00
-1.314337104558944702e-01,2.491174697875976562e+00
5.751782059669494629e-01,3.020429134368896484e+00
3.601531963795423508e-03,2.469727516174316406e+00
1.196932435035705566e+00,1.209720492362976074e+00
1.816301465034484863e+00,2.267153501510620117e+00
9.199278950691223145e-01,3.325289964675903320e+00
-1.254662394523620605e+00,1.308995366096496582e+00
-6.394376605749130249e-02,2.457167625427246094e+00
-2.578569650650024414e-01,2.482105731964111328e+00
5.747298002243041992e-01,1.504832267761230469e+00
1.150285959243774414e+00,3.513163089752197266e+00
2.258002310991287231e-01,3.114641666412353516e+00
8.113381266593933105e-01,2.499529123306274414e+00
1.250287175178527832e+00,3.439259290695190430e+00
1.267760634422302246e+00,2.108318805694580078e+00
-6.367967724800109863e-01,2.953390598297119141e+00
-5.651142597198486328e-01,3.274324655532836914e+00
9.804848581552505493e-02,2.897988080978393555e+00
3.230882167816162109e+00,2.603781938552856445e+00
7.112750411033630371e-01,8.533025979995727539e-01
-3.983673453330993652e-01,1.455605030059814453e+00
9.035181999206542969e-01,2.637381553649902344e+00
2.473416090011596680e+00,2.573430538177490234e+00
-8.698742389678955078e-01,1.874337911605834961e+00
-3.631400465965270996e-01,1.858701825141906738e+00
-6.309360861778259277e-01,2.041264533996582031e+00
3.457280635833740234e+00,2.630999088287353516e+00
1.347827792167663574e+00,2.734719276428222656e+00
-2.290443927049636841e-01,3.474137783050537109e+00
-3.859906271100044250e-02,3.151565074920654297e+00
7.589469552040100098e-01,2.578001022338867188e+00
-4.464106857776641846e-01,1.429874777793884277e+00
5.243896842002868652e-01,3.124666213989257812e+00
-2.522283494472503662e-01,2.212442398071289062e+00
1.666519999504089355e+00,2.391272068023681641e+00
8.625800162553787231e-02,1.658541083335876465e+00
8.448749780654907227e-01,3.107202529907226562e+00
3.622482419013977051e-01,2.899335861206054688e+00
1.136801958084106445e+00,3.332880735397338867e+00
3.724159002304077148e-01,1.649314761161804199e+00
-1.983084157109260559e-02,3.295875549316406250e+00
3.264319002628326416e-01,3.367824554443359375e+00
-1.799617856740951538e-01,1.204487562179565430e+00
5.174466967582702637e-01,2.043468475341796875e+00
1.661372303962707520e+00,1.369004130363464355e+00
1.858593970537185669e-01,2.319183826446533203e+00
-6.834056228399276733e-02,2.838329315185546875e+00
4.314000606536865234e-01,1.576138138771057129e+00
-9.770376682281494141e-01,2.247729778289794922e+00
6.448212265968322754e-01,2.075731992721557617e+00
1.718248844146728516e+00,3.298248291015625000e+00
1.729750633239746094e+00,2.687814712524414062e+00
2.763035297393798828e+00,3.161813497543334961e+00
5.816311240196228027e-01,3.145173072814941406e+00
-1.096391916275024414e+00,2.393305301666259766e+00
-1.325966477394104004e+00,1.515298485755920410e+00
-9.332319349050521851e-02,6.660512685775756836e-01
-4.013122916221618652e-01,1.601185917854309082e+00
-2.146458774805068970e-01,1.929898858070373535e+00
3.154070377349853516e+00,3.580014944076538086e+00
1.416146636009216309e+00,2.092096328735351562e+00
1.405457973480224609e+00,2.596229553222656250e+00
-1.670433759689331055e+00,1.755162358283996582e+00
3.320531368255615234e+00,2.821344852447509766e+00
4.109777808189392090e-01,2.935623645782470703e+00
1.422669053077697754e+00,-9.244826436042785645e-02
4.936690330505371094e-01,2.873480319976806641e+00
1.731540083885192871e+00,3.294343471527099609e+00
6.592653989791870117e-01,2.077816009521484375e+00
1.010261297225952148e+00,1.714628338813781738e+00
3.530127048492431641e+00,3.167007923126220703e+00
-5.612999796867370605e-01,2.656412124633789062e+00
-9.836540818214416504e-01,2.447123527526855469e+00
-2.429090589284896851e-01,2.597974061965942383e+00
-3.354098498821258545e-01,2.203915357589721680e+00
2.741932392120361328e+00,2.518961906433105469e+00
-3.816320598125457764e-01,2.719386577606201172e+00
2.129847526550292969e+00,3.576391220092773438e+00
1.007346153259277344e+00,2.185502052307128906e+00
-3.901902139186859131e-01,1.804343581199645996e+00
3.553961753845214844e+00,3.522579193115234375e+00
-9.039770364761352539e-01,1.625229716300964355e+00
1.950020313262939453e+00,2.643629789352416992e+00
3.218725681304931641e+00,1.945191144943237305e+00
2.596918106079101562e+00,1.020681619644165039e+00
1.825182884931564331e-01,1.703281164169311523e+00
-1.283489540219306946e-02,2.459733724594116211e+00
-5.413627028465270996e-01,2.155452251434326172e+00
-5.386897921562194824e-01,2.218438625335693359e+00
4.505569934844970703e-01,1.839811921119689941e+00
1.257425665855407715e+00,8.626871109008789062e-01
-2.501972317695617676e-01,2.666198253631591797e+00
-1.117520689964294434e+00,1.906077504158020020e+00
1.580782771110534668e+00,3.659387111663818359e+00
1.580316901206970215e+00,3.164939403533935547e+00
1.602272391319274902e+00,3.092798709869384766e+00
1.685193896293640137e+00,1.805727601051330566e+00
1.221901535987854004e+00,2.973001003265380859e+00
2.075052022933959961e+00,2.705551147460937500e+00
1.698845267295837402e+00,1.797352433204650879e+00
-8.420303463935852051e-01,1.912868857383728027e+00
2.949776172637939453e+00,2.806977748870849609e+00
-1.896933168172836304e-01,2.815149307250976562e+00
1.867225319147109985e-01,1.474409222602844238e+00
5.416345000267028809e-01,2.098064899444580078e+00
1.158524870872497559e+00,2.991440773010253906e+00
1.839139938354492188e+00,3.211751937866210938e+00
1.511092036962509155e-01,2.505909919738769531e+00
2.260957241058349609e+00,3.273756027221679688e+00
5.689824223518371582e-01,1.822041273117065430e+00
-4.549022018909454346e-01,2.366060972213745117e+00
7.199831604957580566e-01,2.597645282745361328e+00
3.296586275100708008e+00,2.946689367294311523e+00
-1.507245659828186035e+00,2.013518333435058594e+00
8.211761116981506348e-01,-9.353191852569580078e-01
1.560993313789367676e+00,2.155419588088989258e+00
5.776019692420959473e-01,1.862770676612854004e+00
2.085612118244171143e-01,3.104692935943603516e+00
-4.137102961540222168e-01,2.831495761871337891e+00
1.166006922721862793e+00,3.301457643508911133e+00
1.420581102371215820e+00,1.960699200630187988e+00
3.150586366653442383e+00,3.367038249969482422e+00
-1.023431345820426941e-01,2.284921407699584961e+00
-1.847698166966438293e-02,2.150265932083129883e+00
2.431490659713745117e+00,2.820584297180175781e+00
3.205147266387939453e+00,1.854704499244689941e+00
2.698426008224487305e+00,1.953514695167541504e+00
-1.051303625106811523e+00,1.814512610435485840e+00
2.504382133483886719e-01,1.869857668876647949e+00
-7.002984881401062012e-01,1.527421593666076660e+00
8.630968928337097168e-01,2.540823698043823242e+00
5.817289277911186218e-02,2.929784297943115234e+00
2.846980333328247070e+00,1.774880528450012207e+00
1.500111460685729980e+00,2.829303264617919922e+00
-1.286489725112915039e+00,1.371145248413085938e+00
-1.850472763180732727e-02,1.539520859718322754e+00
3.133964240550994873e-01,2.022726535797119141e+00
-9.063470959663391113e-01,1.910167813301086426e+00
2.237194538116455078e+00,2.251142501831054688e+00
-4.610393345355987549e-01,1.087598919868469238e+00
-9.970195889472961426e-01,1.786374807357788086e+00
1.392259478569030762e+00,2.779470920562744141e+00
-1.906398683786392212e-01,2.678015470504760742e+00
-3.051290512084960938e-01,2.445847988128662109e+00
-5.961063504219055176e-01,2.700908184051513672e+00
5.445111915469169617e-02,2.031781435012817383e+00
2.420635819435119629e-01,1.552154421806335449e+00
6.700760871171951294e-02,1.649014830589294434e+00
1.174907758831977844e-01,1.845977425575256348e+00
1.561253428459167480e+00,2.599959373474121094e+00
1.277694582939147949e+00,2.602323293685913086e+00
5.446864962577819824e-01,2.791695356369018555e+00
-2.275335043668746948e-01,2.038273334503173828e+00
1.457177519798278809e+00,2.110970020294189453e+00
4.167614579200744629e-01,3.234877109527587891e+00
2.564359664916992188e+00,2.912537574768066406e+00
3.042768716812133789e+00,3.078486919403076172e+00
-8.856999874114990234e-01,1.077939867973327637e+00
1.394127011299133301e+00,1.876583218574523926e+00
2.098865270614624023e+00,2.841753959655761719e+00
-4.657728970050811768e-01,1.102209091186523438e+00
7.081450819969177246e-01,2.745535612106323242e+00
-4.770337417721748352e-02,1.774721980094909668e+00
-9.950959086418151855e-01,1.643667101860046387e+00
1.246993184089660645e+00,2.473474979400634766e+00
9.368426203727722168e-01,2.884555816650390625e+00
4.531830549240112305e-01,3.104112625122070312e+00
1.307241320610046387e+00,1.391248822212219238e+00
5.883669257164001465e-01,2.548301219940185547e+00
6.445702314376831055e-01,3.150385379791259766e+00
-6.693432927131652832e-01,1.473798155784606934e+00
-2.765983939170837402e-01,2.417403221130371094e+00
7.229426503181457520e-01,1.460602998733520508e+00
2.178335666656494141e+00,2.253026723861694336e+00
-2.385021299123764038e-01,1.711829781532287598e+00
-5.460125207901000977e-01,2.533405303955078125e+00
8.800193071365356445e-01,2.064213514328002930e+00
-9.766051769256591797e-01,1.902627825736999512e+00
1.660306572914123535e+00,2.646038532257080078e+00
1.054675340652465820e+00,2.532398700714111328e+00
1.544671416282653809e+00,2.462379455566406250e+00
-3.479714393615722656e-01,3.038378238677978516e+00
2.345886826515197754e-01,2.433717489242553711e+00
-2.322216052561998367e-03,3.045243740081787109e+00
5.961841940879821777e-01,2.017944812774658203e+00
9.929174184799194336e-01,2.651796340942382812e+00
5.746437311172485352e-01,2.400272369384765625e+00
-6.671144962310791016e-01,1.584173798561096191e+00
2.119120508432388306e-01,2.566576719284057617e+00
8.814529329538345337e-02,2.388104915618896484e+00
4.675958752632141113e-01,2.468713521957397461e+00
2.582309484481811523e+00,2.907724142074584961e+00
1.320332646369934082e+00,3.589939117431640625e+00
9.430826306343078613e-01,2.957309722900390625e+00
-1.142479851841926575e-02,2.908529758453369141e+00
-1.687620729207992554e-01,1.962777733802795410e+00
-1.060793757438659668e+00,1.947337150573730469e+00
4.683685302734375000e-01,1.550363183021545410e+00
3.272921144962310791e-01,2.757327079772949219e+00
7.562203407287597656e-01,2.095496654510498047e+00
1.584230899810791016e+00,1.112704515457153320e+00
1.568913578987121582e+00,3.470776557922363281e+00
-5.518339276313781738e-01,2.004297018051147461e+00
1.642259210348129272e-01,2.284696817398071289e+00
1.875670909881591797e+00,1.537422180175781250e+00
3.500605225563049316e-01,2.395898103713989258e+00
4.740318953990936279e-01,1.927582979202270508e+00
1.288507699966430664e+00,3.214535713195800781e+00
-8.420044779777526855e-01,1.043840289115905762e+00
-3.737657070159912109e-01,7.383658885955810547e-01
1.664602011442184448e-01,2.914466381072998047e+00
-8.177752494812011719e-01,1.700477242469787598e+00
2.180295228958129883e+00,1.456272006034851074e+00
6.824350357055664062e-01,2.332787036895751953e+00
-6.228131651878356934e-01,1.408986926078796387e+00
2.234337091445922852e+00,2.302826642990112305e+00
9.018881916999816895e-01,3.344425201416015625e+00
-4.485508501529693604e-01,1.557988882064819336e+00
-8.933774232864379883e-01,2.187279939651489258e+00
8.306801915168762207e-01,3.074909210205078125e+00
1.162945747375488281e+00,2.532413005828857422e+00
4.436805248260498047e-01,5.240809321403503418e-01
1.949673533439636230e+00,1.855256676673889160e+00
-2.918290495872497559e-01,2.703748703002929688e+00
1.194795966148376465e+00,1.636876225471496582e+00
5.726644396781921387e-01,2.879613637924194336e+00
1.345581650733947754e+00,4.607518613338470459e-01
7.701056003570556641e-01,2.094476222991943359e+00
-1.056316137313842773e+00,2.653407096862792969e+00
1.997327685356140137e+00,2.815259456634521484e+00
6.912741810083389282e-02,2.954455852508544922e+00
2.717341899871826172e+00,3.415954113006591797e+00
2.935661554336547852e+00,2.918287277221679688e+00
6.576131582260131836e-01,1.607851386070251465e+00
1.436131000518798828e+00,1.113554120063781738e+00
2.759704589843750000e-01,1.885702490806579590e+00
2.319633483886718750e+00,2.375883102416992188e+00
1.456592679023742676e+00,2.264355421066284180e+00
8.322174549102783203e-01,2.315190792083740234e+00
-4.363725185394287109e-01,1.635449886322021484e+00
-2.830677032470703125e-01,2.244291782379150391e+00
-2.351918965578079224e-01,2.865489244461059570e+00
4.352200031280517578e-01,3.547112226486206055e+00
-6.345279216766357422e-01,2.500953197479248047e+00
-2.062663584947586060e-01,2.674129009246826172e+00
3.654311418533325195e+00,3.064222574234008789e+00
1.003639817237854004e+00,1.351521730422973633e+00
1.058428406715393066e+00,3.044325113296508789e+00
7.123128175735473633e-01,1.595646023750305176e+00
2.846503257751464844e+00,2.191381931304931641e+00
5.932230949401855469e-01,2.415914773941040039e+00
3.930060192942619324e-02,2.465288400650024414e+00
4.950100183486938477e-01,1.702121376991271973e+00
-2.948880791664123535e-01,1.903236150741577148e+00
-4.516413211822509766e-01,2.849676132202148438e+00
3.359934568405151367e+00,2.666606426239013672e+00
2.428797245025634766e+00,2.520316362380981445e+00
1.865381956100463867e+00,3.502856969833374023e+00
1.747429966926574707e+00,2.460123062133789062e+00
2.251216411590576172e+00,2.922031641006469727e+00
1.133665680885314941e+00,2.035457849502563477e+00
1.693258404731750488e+00,3.206544399261474609e+00
7.847360372543334961e-01,2.730376958847045898e+00
9.727814793586730957e-01,2.930863857269287109e+00
1.692466288805007935e-01,2.750685453414916992e+00
-6.196134686470031738e-01,2.476321697235107422e+00
-1.823069006204605103e-01,3.193502426147460938e+00
-6.092351675033569336e-01,1.375947713851928711e+00
-1.566350907087326050e-01,2.696482181549072266e+00
1.914942502975463867e+00,1.990960478782653809e+00
1.391837596893310547e+00,2.357426166534423828e+00
-5.750203728675842285e-01,2.775027275085449219e+00
2.672317504882812500e+00,2.506744861602783203e+00
-8.859344720840454102e-01,2.170413017272949219e+00
1.770610213279724121e+00,1.392807364463806152e+00
2.867224514484405518e-01,1.356772184371948242e+00
1.251654505729675293e+00,1.644230127334594727e+00
7.499579191207885742e-01,3.256418228149414062e+00
-3.568624854087829590e-01,2.371159553527832031e+00
8.053643107414245605e-01,1.682487845420837402e+00
1.727685570716857910e+00,2.505853176116943359e+00
-2.021851688623428345e-01,2.469811677932739258e+00
2.317795515060424805e+00,1.234347224235534668e+00
-4.196457266807556152e-01,2.160662174224853516e+00
-1.079566121101379395e+00,1.785790562629699707e+00
1.978476881980895996e+00,2.289856433868408203e+00
-3.426447212696075439e-01,2.401846885681152344e+00
3.246124267578125000e+00,2.576637268066406250e+00
-9.092908501625061035e-01,1.452760100364685059e+00
1.771085143089294434e+00,1.794718384742736816e+00
1.458758831024169922e+00,1.900027751922607422e+00
1.674786448478698730e+00,2.293420314788818359e+00
-8.971820473670959473e-01,2.118162155151367188e+00
2.666852712631225586e+00,3.413305282592773438e+00
6.644205451011657715e-01,1.388371825218200684e+00
-7.453137636184692383e-01,8.875905871391296387e-01
2.313849329948425293e-01,3.025814533233642578e+00
1.325358033180236816e+00,1.880668282508850098e+00
2.372997283935546875e+00,2.812229633331298828e+00
1.349458843469619751e-01,9.036614298820495605e-01
4.407180249691009521e-01,1.981593251228332520e+00
1.733625173568725586e+00,2.528269290924072266e+00
-2.496517449617385864e-01,2.446667671203613281e+00
9.392622709274291992e-01,2.357076168060302734e+00
2.697361946105957031e+00,2.115563392639160156e+00
2.563235998153686523e+00,2.638053178787231445e+00
1.596487879753112793e+00,2.407139062881469727e+00
1.530472278594970703e+00,1.809410214424133301e+00
8.066645860671997070e-01,3.393091201782226562e+00
-5.081606507301330566e-01,1.780989408493041992e+00
2.026231765747070312e+00,1.940664887428283691e+00
-4.398379325866699219e-01,2.263814926147460938e+00
1.449703693389892578e+00,2.594912290573120117e+00
-6.474942564964294434e-01,1.346839785575866699e+00
-4.147592186927795410e-01,1.857387423515319824e+00
1.249346137046813965e+00,1.786660909652709961e+00
3.480713963508605957e-01,1.938429236412048340e+00
9.288234263658523560e-02,1.886712193489074707e+00
-1.826071888208389282e-01,2.366265773773193359e+00
-9.820045232772827148e-01,1.947150945663452148e+00
-3.393349051475524902e-01,1.316069602966308594e+00
-1.193462252616882324e+00,2.146159648895263672e+00
1.824532866477966309e+00,2.323405265808105469e+00
2.877115011215209961e+00,2.262279510498046875e+00
-4.147139489650726318e-01,3.232876062393188477e+00
-2.178211230784654617e-03,1.000099301338195801e+00
8.360297083854675293e-01,1.437169909477233887e+00
2.979163452982902527e-02,1.508292794227600098e+00
-6.364001631736755371e-01,2.558164358139038086e+00
-2.859663665294647217e-01,3.551965236663818359e+00
2.040771722793579102e+00,1.951867103576660156e+00
3.221398830413818359e+00,2.614052057266235352e+00
-6.844560503959655762e-01,1.883175730705261230e+00
5.770442485809326172e-01,3.072474479675292969e+00
6.569259762763977051e-01,2.532307624816894531e+00
3.767118975520133972e-02,2.458790779113769531e+00
2.722864389419555664e+00,2.170590400695800781e+00
1.047458723187446594e-01,1.576070189476013184e+00
-1.405887842178344727e+00,1.911440014839172363e+00
-4.391380846500396729e-01,2.975808143615722656e+00
-1.931986361742019653e-01,2.250797986984252930e+00
8.161165118217468262e-01,2.396396875381469727e+00
1.696536898612976074e+00,2.703359127044677734e+00
-1.352979987859725952e-01,2.101150751113891602e+00
4.603652283549308777e-02,1.154543042182922363e+00
1.594309210777282715e+00,2.699549198150634766e+00
1.127887129783630371e+00,3.057723045349121094e+00
5.059987902641296387e-01,3.050000190734863281e+00
9.535820037126541138e-02,7.710041403770446777e-01
2.323672026395797729e-01,2.544500827789306641e+00
-8.628082871437072754e-01,1.261313319206237793e+00
-1.196651101112365723e+00,1.654018878936767578e+00
-9.404801130294799805e-01,2.076339244842529297e+00
6.764649748802185059e-01,1.684452056884765625e+00
5.535899400711059570e-01,2.942669391632080078e+00
6.078910827636718750e-01,3.407841205596923828e+00
7.513702511787414551e-01,2.492604255676269531e+00
-9.840757250785827637e-01,2.582841873168945312e+00
4.783907532691955566e-01,2.742067337036132812e+00
1.339853882789611816e+00,1.817492604255676270e+00
9.981155991554260254e-01,3.295593738555908203e+00
2.220072746276855469e+00,2.787132740020751953e+00
-3.562124371528625488e-01,2.092441320419311523e+00
3.200398981571197510e-01,2.458676815032958984e+00
6.561653614044189453e-01,2.454746007919311523e+00
3.037012577056884766e+00,3.551661968231201172e+00
1.788123250007629395e+00,2.373372793197631836e+00
-2.291859239339828491e-01,1.702160120010375977e+00
5.447525382041931152e-01,1.955105185508728027e+00
-9.823517799377441406e-01,2.145510196685791016e+00
1.108018830418586731e-01,1.721329212188720703e+00
2.912231206893920898e+00,1.955455422401428223e+00
1.687253117561340332e+00,3.152326107025146484e+00
6.492903828620910645e-01,1.703873395919799805e+00
3.717074871063232422e+00,2.359572649002075195e+00
1.385747343301773071e-01,2.617311477661132812e+00
-2.814509868621826172e-01,1.684651970863342285e+00
1.574101209640502930e+00,1.354824066162109375e+00
-1.938625931739807129e+00,2.184921741485595703e+00
-3.179549574851989746e-01,1.741392493247985840e+00
-1.135924100875854492e+00,1.257280945777893066e+00
9.083347916603088379e-01,2.282877922058105469e+00
1.110596776008605957e+00,3.210363626480102539e+00
-2.610394656658172607e-01,1.675703644752502441e+00
1.006266593933105469e+00,1.833019852638244629e+00
-1.754333451390266418e-02,2.019338369369506836e+00
2.492152690887451172e+00,2.071300506591796875e+00
7.530466914176940918e-01,2.358562469482421875e+00
3.508605062961578369e-01,2.131416082382202148e+00
-1.206243634223937988e+00,1.050040960311889648e+00
2.309988021850585938e+00,2.368643283843994141e+00
-7.829234004020690918e-01,2.993302345275878906e+00
7.488369345664978027e-01,2.018419265747070312e+00
1.103194132447242737e-01,2.325271844863891602e+00
7.480565458536148071e-02,1.625321865081787109e+00
-8.596962094306945801e-01,1.124994635581970215e+00
4.670490622520446777e-01,2.713309764862060547e+00
1.834179520606994629e+00,2.634097576141357422e+00
1.514633178710937500e+00,2.319741249084472656e+00
2.375284910202026367e+00,3.254874229431152344e+00
1.086383700370788574e+00,3.483008623123168945e+00
1.752273365855216980e-02,2.284134864807128906e+00
2.320214986801147461e+00,4.044371604919433594e+00
-1.743039965629577637e+00,1.920595288276672363e+00
-6.577565073966979980e-01,1.183763623237609863e+00
4.384722709655761719e-01,2.005805015563964844e+00
3.384465277194976807e-01,2.312898159027099609e+00
1.211958169937133789e+00,2.051080942153930664e+00
1.542348504066467285e+00,2.542654752731323242e+00
3.412743508815765381e-01,2.126804828643798828e+00
1.965171217918395996e+00,2.835367679595947266e+00
1.339217543601989746e+00,2.359118461608886719e+00
1.064263939857482910e+00,2.807232379913330078e+00
-2.910476326942443848e-01,1.817723870277404785e+00
-5.290435552597045898e-01,2.129650115966796875e+00
2.937013626098632812e+00,3.784783840179443359e+00
-7.872329950332641602e-01,2.832382202148437500e+00
2.900477886199951172e+00,2.690286159515380859e+00
1.436848163604736328e+00,1.249754428863525391e+00
1.529752373695373535e+00,2.198574542999267578e+00
-7.749462723731994629e-01,2.883632183074951172e+00
-4.039075672626495361e-01,2.877388000488281250e+00
7.438872456550598145e-01,3.267568588256835938e+00
3.091557979583740234e+00,2.707787036895751953e+00
6.572927236557006836e-01,3.158208847045898438e+00
-3.421977758407592773e-01,1.928969860076904297e+00
1.327524781227111816e+00,2.797977447509765625e+00
1.299292683601379395e+00,1.782930016517639160e+00
-4.036083817481994629e-01,1.951110124588012695e+00
9.729700684547424316e-01,2.888845682144165039e+00
3.513933420181274414e-01,2.322639942169189453e+00
-3.075205162167549133e-02,2.616432428359985352e+00
2.090712070465087891e+00,2.037040233612060547e+00
1.444116830825805664e+00,3.386516571044921875e+00
-1.261595338582992554e-01,2.801932334899902344e+00
-4.630908071994781494e-01,2.471870899200439453e+00
-3.051506876945495605e-01,2.554558277130126953e+00
1.138419583439826965e-01,2.605825901031494141e+00
-6.559502482414245605e-01,2.665578842163085938e+00
2.139136314392089844e+00,3.407604217529296875e+00
3.008524775505065918e-01,2.369438648223876953e+00
1.132835507392883301e+00,1.125787854194641113e+00
1.850690126419067383e+00,2.717897176742553711e+00
6.720793992280960083e-02,1.793927788734436035e+00
-7.686172127723693848e-01,2.534399032592773438e+00
-5.002044513821601868e-02,2.587183713912963867e+00
-4.237498044967651367e-01,1.895805001258850098e+00
1.145555615425109863e+00,2.772644042968750000e+00
-3.832712769508361816e-01,1.845975875854492188e+00
2.807468891143798828e+00,2.753875732421875000e+00
-6.786884069442749023e-01,2.260129451751708984e+00
8.275135159492492676e-01,1.858748793601989746e+00
8.834194391965866089e-03,2.177690029144287109e+00
1.714669585227966309e+00,2.801106929779052734e+00
-8.250775933265686035e-01,1.292760014533996582e+00
1.182376384735107422e+00,1.924991965293884277e+00
1.677370369434356689e-01,3.229132652282714844e+00
2.012423515319824219e+00,1.486546397209167480e+00
-1.427286982536315918e+00,1.232416272163391113e+00
-3.656670153141021729e-01,2.278114318847656250e+00
2.017707347869873047e+00,2.189848423004150391e+00
2.734766483306884766e+00,2.794897079467773438e+00
6.813568621873855591e-02,2.110351800918579102e+00
2.467508316040039062e+00,2.547158956527709961e+00
-8.029165267944335938e-01,1.330793738365173340e+00
-5.470746755599975586e-01,1.836468338966369629e+00
2.696230888366699219e+00,2.802837610244750977e+00
1.974346995353698730e+00,1.725966572761535645e+00
1.059481382369995117e+00,2.514919281005859375e+00
-1.732249706983566284e-01,2.115348815917968750e+00
2.011886358261108398e+00,2.686134338378906250e+00
2.548104763031005859e+00,2.668316364288330078e+00
2.264345437288284302e-01,3.228030681610107422e+00
3.187758922576904297e+00,3.505694150924682617e+00
7.238156348466873169e-02,1.957065701484680176e+00
-1.833753436803817749e-01,1.898576140403747559e+00
-1.846309751272201538e-01,2.192583084106445312e+00
5.491015315055847168e-01,1.944453120231628418e+00
1.177357792854309082e+00,3.281144618988037109e+00
1.981557458639144897e-01,1.996336817741394043e+00
2.708588600158691406e+00,3.633830070495605469e+00
2.831266641616821289e+00,2.156731605529785156e+00
2.146669626235961914e+00,2.016483306884765625e+00
-6.162270903587341309e-01,1.486623048782348633e+00
2.792061328887939453e+00,2.729477643966674805e+00
1.343671560287475586e+00,2.145142555236816406e+00
9.134569168090820312e-01,1.299060821533203125e+00
2.518734335899353027e-01,1.448511719703674316e+00
8.612961173057556152e-01,3.221988677978515625e+00
2.504092931747436523e+00,2.252264738082885742e+00
-1.171692967414855957e+00,1.156959891319274902e+00
3.149308204650878906e+00,3.133542537689208984e+00
-7.113023847341537476e-02,2.320939779281616211e+00
-1.667753607034683228e-01,3.122287034988403320e+00
2.276688098907470703e+00,3.914961814880371094e+00
3.527638435363769531e+00,2.288817882537841797e+00
-3.194068968296051025e-01,1.696987748146057129e+00
-4.190615415573120117e-01,1.472300887107849121e+00
2.320722103118896484e+00,2.382084846496582031e+00
1.533115267753601074e+00,2.080593824386596680e+00
-1.427110195159912109e+00,2.169193744659423828e+00
2.574035406112670898e+00,1.588532328605651855e+00
1.452245116233825684e+00,2.064960479736328125e+00
3.590109586715698242e+00,3.074060916900634766e+00
-4.303898215293884277e-01,2.684585809707641602e+00
-5.948758125305175781e-01,2.666398048400878906e+00
1.291464328765869141e+00,3.029401302337646484e+00
9.970641881227493286e-02,2.160338163375854492e+00
-9.028427004814147949e-01,1.533955216407775879e+00
4.797893762588500977e-01,2.199768066406250000e+00
2.028422355651855469e+00,2.625972747802734375e+00
-1.218324661254882812e+00,1.561648964881896973e+00
1.913890242576599121e+00,3.322335243225097656e+00
5.055904984474182129e-01,2.051897287368774414e+00
1.275367856025695801e+00,2.181956291198730469e+00
3.516350269317626953e+00,2.437728643417358398e+00
3.253529787063598633e+00,2.799190044403076172e+00
3.010057926177978516e+00,1.455521464347839355e+00
5.013602972030639648e-01,2.102421045303344727e+00
1.920967221260070801e+00,1.589390993118286133e+00
2.574754714965820312e+00,3.691298723220825195e+00
2.896760702133178711e+00,3.522957563400268555e+00
-4.116656184196472168e-01,2.073035717010498047e+00
-4.380476474761962891e-01,2.100174427032470703e+00
1.182988405227661133e+00,2.340449810028076172e+00
-1.883542686700820923e-01,2.242790699005126953e+00
1.646055936813354492e+00,2.348592996597290039e+00
8.459888696670532227e-01,2.802560806274414062e+00
1.831883311271667480e+00,3.556872844696044922e+00
1.140640616416931152e+00,1.247881054878234863e+00
-6.228771805763244629e-01,8.981208801269531250e-01
1.615867614746093750e+00,3.481334149837493896e-01
2.242086082696914673e-01,3.368706703186035156e+00
-7.458909153938293457e-01,1.770264506340026855e+00
2.243777990341186523e+00,2.693689823150634766e+00
5.020666718482971191e-01,3.063081264495849609e+00
1.847350120544433594e+00,2.956246376037597656e+00
-5.170374512672424316e-01,1.764177799224853516e+00
3.239969015121459961e+00,2.497115373611450195e+00
-4.908989742398262024e-02,1.735316634178161621e+00
-1.729657799005508423e-01,1.607399106025695801e+00
-9.540942907333374023e-01,2.941331386566162109e+00
1.508205890655517578e+00,2.247905492782592773e+00
-7.507483363151550293e-01,2.627203941345214844e+00
-6.559510231018066406e-01,2.423075437545776367e+00
1.268087267875671387e+00,2.036645412445068359e+00
1.360431790351867676e+00,1.743376135826110840e+00
2.786193847656250000e+00,2.128549814224243164e+00
3.562076985836029053e-01,3.102864027023315430e+00
6.376487016677856445e-01,3.338045120239257812e+00
-2.328696697950363159e-01,1.282930731773376465e+00
-4.292734339833259583e-02,2.758521318435668945e+00
7.968232631683349609e-01,2.370762348175048828e+00
1.239748358726501465e+00,3.446849822998046875e+00
1.539500236511230469e+00,2.376351356506347656e+00
1.583696961402893066e+00,3.297264575958251953e+00
7.387244701385498047e-01,2.489286661148071289e+00
1.607984662055969238e+00,3.330221176147460938e+00
5.313983559608459473e-01,1.982290148735046387e+00
3.012637138366699219e+00,2.489444255828857422e+00
8.110862374305725098e-01,1.509835362434387207e+00
-3.622519075870513916e-01,1.745043635368347168e+00
2.469333887100219727e+00,3.169873714447021484e+00
2.720340251922607422e+00,2.402162313461303711e+00
-4.164116978645324707e-01,2.465597152709960938e+00
-4.768485128879547119e-01,1.249259114265441895e+00
-2.438133507966995239e-01,2.880221366882324219e+00
-7.810866236686706543e-01,8.730135560035705566e-01
7.264569401741027832e-01,2.590207576751708984e+00
-6.436700224876403809e-01,2.346132278442382812e+00
3.698850274085998535e-01,1.465528011322021484e+00
6.460316181182861328e-01,2.626405954360961914e+00
-1.316945627331733704e-02,2.960953712463378906e+00
1.419048309326171875e+00,1.715360879898071289e+00
1.090318322181701660e+00,1.778424024581909180e+00
-2.460783869028091431e-01,2.892622947692871094e+00
-1.189754009246826172e+00,1.942921042442321777e+00
7.336345314979553223e-01,2.448676824569702148e+00
-1.080108761787414551e+00,2.099166631698608398e+00
4.609147831797599792e-02,1.737420678138732910e+00
3.222652196884155273e+00,3.275824069976806641e+00
3.508154392242431641e+00,2.001210927963256836e+00
-4.139905571937561035e-01,1.983846306800842285e+00
4.553267359733581543e-01,2.443037509918212891e+00
-2.195673137903213501e-01,1.211171150207519531e+00
5.447192192077636719e-01,1.756123542785644531e+00
4.372210502624511719e-01,1.875098943710327148e+00
3.201097249984741211e+00,2.862192869186401367e+00
2.134318828582763672e+00,2.782693147659301758e+00
-6.764306426048278809e-01,2.424489498138427734e+00
2.203032016754150391e+00,2.710373878479003906e+00
2.093565702438354492e+00,2.156502962112426758e+00
-6.642013192176818848e-01,2.369007349014282227e+00
2.996202945709228516e+00,3.332334280014038086e+00
8.856551051139831543e-01,2.480520248413085938e+00
1.941353827714920044e-01,2.307705163955688477e+00
-1.457725018262863159e-01,3.002252101898193359e+00
6.363101005554199219e-01,2.523736000061035156e+00
1.446386456489562988e+00,2.993774414062500000e+00
1.364277482032775879e+00,2.350379943847656250e+00
1.095662787556648254e-01,2.271786212921142578e+00
3.034365773200988770e-01,2.059019565582275391e+00
-8.442259430885314941e-01,2.610419750213623047e+00
3.134034156799316406e+00,2.673727273941040039e+00
1.954240649938583374e-01,3.339676618576049805e+00
1.578030347824096680e+00,2.492932796478271484e+00
6.641497015953063965e-01,2.972478389739990234e+00
1.439370512962341309e+00,9.930021166801452637e-01
1.709846496582031250e+00,1.659659147262573242e+00
1.897921562194824219e+00,3.892333984375000000e+00
-2.909209132194519043e-01,2.388797998428344727e+00
1.920593976974487305e+00,2.801062583923339844e+00
2.212292104959487915e-01,2.124289512634277344e+00
-5.406948924064636230e-01,2.600262641906738281e+00
2.657885551452636719e+00,2.534495353698730469e+00
6.733569502830505371e-01,2.527758598327636719e+00
2.301231622695922852e+00,3.288283348083496094e+00
1.188724517822265625e+00,2.328488588333129883e+00
7.701238989830017090e-01,2.328036308288574219e+00
-6.623477339744567871e-01,1.721164107322692871e+00
3.617706775665283203e+00,1.749084591865539551e+00
-3.566797971725463867e-01,2.322413444519042969e+00
1.123451113700866699e+00,2.152314186096191406e+00
2.746794700622558594e+00,3.333639144897460938e+00
1.617482066154479980e+00,2.668287515640258789e+00
1.883258461952209473e+00,2.115512847900390625e+00
5.426319241523742676e-01,2.414659976959228516e+00
-9.108524918556213379e-01,2.733476161956787109e+00
3.026377201080322266e+00,3.156898498535156250e+00
-6.627441048622131348e-01,2.451537609100341797e+00
-1.970543712377548218e-01,1.692954659461975098e+00
-4.636386334896087646e-01,2.707120418548583984e+00
-1.752209514379501343e-01,3.041539669036865234e+00
6.763116717338562012e-01,2.933613061904907227e+00
3.314610481262207031e+00,2.947293758392333984e+00
-3.149554133415222168e-01,2.253739356994628906e+00
2.948827669024467468e-02,1.302381634712219238e+00
-4.112845063209533691e-01,1.095744371414184570e+00
2.531799316406250000e+00,3.280888557434082031e+00
6.877904534339904785e-01,3.354955196380615234e+00
-3.266389071941375732e-01,1.784625411033630371e+00
5.527691170573234558e-02,1.784267544746398926e+00
2.214094877243041992e+00,2.267363786697387695e+00
1.812808632850646973e+00,1.518473029136657715e+00
9.690149426460266113e-01,1.470264077186584473e+00
-1.114888191223144531e+00,1.910259008407592773e+00
1.398465752601623535e+00,2.700999736785888672e+00
1.879947781562805176e+00,1.807427048683166504e+00
-7.698963284492492676e-01,1.571793198585510254e+00
4.395723640918731689e-01,2.431750774383544922e+00
2.223847866058349609e+00,2.355550289154052734e+00
-8.838644027709960938e-01,2.080664634704589844e+00
2.807343006134033203e+00,3.083814144134521484e+00
-2.440680935978889465e-02,2.036883592605590820e+00
1.927289128303527832e+00,2.155922412872314453e+00
3.429906070232391357e-01,2.741992712020874023e+00
-2.374907210469245911e-02,1.353155493736267090e+00
1.892891675233840942e-01,1.303707003593444824e+00
2.249836921691894531e+00,2.439262151718139648e+00
2.172811031341552734e+00,3.005656719207763672e+00
1.589326024055480957e+00,2.471049547195434570e+00
2.276607275009155273e+00,2.528333902359008789e+00
1.270947813987731934e+00,3.010513067245483398e+00
-8.693628907203674316e-01,1.886469721794128418e+00
3.081623315811157227e-01,1.631692290306091309e+00
-4.087325632572174072e-01,1.623088240623474121e+00
-2.278658151626586914e-01,8.283398151397705078e-01
3.769794106483459473e-01,2.260370731353759766e+00
2.182646751403808594e+00,1.022715210914611816e+00
2.190482139587402344e+00,2.443411111831665039e+00
5.905318856239318848e-01,2.947963237762451172e+00
1.109139442443847656e+00,2.041174650192260742e+00
-5.729565024375915527e-01,2.093225955963134766e+00
-6.844093203544616699e-01,1.850647568702697754e+00
1.012873768806457520e+00,2.143246412277221680e+00
1.604786753654479980e+00,1.596502184867858887e+00
1.675941348075866699e+00,1.814866185188293457e+00
7.723906040191650391e-01,2.455593109130859375e+00
2.942410945892333984e+00,2.502467155456542969e+00
1.332279801368713379e+00,3.418922662734985352e+00
2.492370843887329102e+00,1.973974108695983887e+00
-1.526705771684646606e-01,7.281813025474548340e-01
-7.708668112754821777e-01,1.582981348037719727e+00
1.018722429871559143e-01,2.809757232666015625e+00
2.637850344181060791e-01,1.723308920860290527e+00
2.316630363464355469e+00,3.424983739852905273e+00
-2.172615006566047668e-02,2.386982917785644531e+00
-1.092665717005729675e-01,2.193750619888305664e+00
7.185649871826171875e-01,3.135959863662719727e+00
-7.163002490997314453e-01,1.338960051536560059e+00
-1.927104741334915161e-01,1.614538311958312988e+00
3.452281236648559570e+00,2.612111091613769531e+00
1.475079536437988281e+00,2.637539386749267578e+00
2.512311041355133057e-01,2.471235752105712891e+00
2.740300178527832031e+00,3.288195610046386719e+00
3.633755445480346680e-01,2.230487585067749023e+00
7.930176854133605957e-01,2.744960546493530273e+00
6.581371426582336426e-01,1.972069859504699707e+00
1.278731077909469604e-01,2.813672304153442383e+00
8.902584314346313477e-01,3.505907773971557617e+00
1.165292978286743164e+00,1.146176099777221680e+00
2.953383922576904297e+00,2.297180414199829102e+00
2.699463367462158203e+00,2.155341625213623047e+00
1.436610817909240723e+00,2.507182598114013672e+00
2.315428495407104492e+00,2.487027406692504883e+00
2.301188945770263672e+00,2.895318984985351562e+00
9.571549296379089355e-01,2.439548730850219727e+00
3.535198569297790527e-01,2.532083988189697266e+00
5.609753131866455078e-01,2.796955823898315430e+00
-6.396313756704330444e-02,5.727954506874084473e-01
-1.417043566703796387e+00,1.624950051307678223e+00
-3.082397282123565674e-01,1.639411330223083496e+00
7.338971495628356934e-01,2.969131946563720703e+00
1.876438975334167480e+00,3.294507980346679688e+00
2.055506944656372070e+00,1.657962322235107422e+00
4.464651271700859070e-02,2.237401485443115234e+00
4.096563458442687988e-01,1.925285935401916504e+00
-1.275604516267776489e-01,7.542700171470642090e-01
1.887599468231201172e+00,7.129151225090026855e-01
2.368033409118652344e+00,2.490123033523559570e+00
1.760961651802062988e+00,2.274645090103149414e+00
4.118569195270538330e-01,2.609452247619628906e+00
1.497562646865844727e+00,2.842561721801757812e+00
-1.113009810447692871e+00,1.440529704093933105e+00
1.611939191818237305e+00,3.438659667968750000e+00
-2.497538179159164429e-01,1.877564430236816406e+00
4.615204632282257080e-01,2.166687488555908203e+00
1.645567297935485840e+00,2.546943187713623047e+00
-6.444444656372070312e-01,1.394870162010192871e+00
-1.342728883028030396e-01,2.255169630050659180e+00
1.628020554780960083e-01,2.061038970947265625e+00
2.766762256622314453e+00,3.805452823638916016e+00
-2.838181853294372559e-01,1.805661559104919434e+00
2.422584056854248047e+00,2.546142578125000000e+00
-1.869167238473892212e-01,1.269251227378845215e+00
3.689591407775878906e+00,2.011436462402343750e+00
6.482142806053161621e-01,2.279827117919921875e+00
-1.020734533667564392e-01,1.505379080772399902e+00
-4.784021973609924316e-01,7.609845399856567383e-01
-5.376661419868469238e-01,1.799002170562744141e+00
-6.228128075599670410e-01,1.685355544090270996e+00
8.855320215225219727e-01,2.213216066360473633e+00
-4.428108409047126770e-02,1.417392015457153320e+00
9.175137877464294434e-01,3.180964469909667969e+00
-8.159044981002807617e-01,2.132127285003662109e+00
-2.109678834676742554e-01,1.712898969650268555e+00
1.990609049797058105e+00,2.507219076156616211e+00
2.725313901901245117e+00,3.452401161193847656e+00
1.697719335556030273e+00,2.514037609100341797e+00
-4.350865185260772705e-01,1.692325472831726074e+00
4.767555296421051025e-01,1.279625296592712402e+00
-8.670290708541870117e-01,2.587045669555664062e+00
7.301124930381774902e-01,3.042299270629882812e+00
3.115159988403320312e+00,3.686708211898803711e+00
2.783415794372558594e+00,3.064943790435791016e+00
-5.415271520614624023e-01,2.899967670440673828e+00
-9.466692060232162476e-02,3.105976343154907227e+00
2.255676507949829102e+00,2.450993061065673828e+00
1.247022867202758789e+00,2.463786363601684570e+00
-8.936005234718322754e-01,2.000511884689331055e+00
-5.065230727195739746e-01,2.471661090850830078e+00
-1.403322935104370117e+00,2.344716787338256836e+00
-4.576857686042785645e-01,2.370630025863647461e+00
2.273609042167663574e-01,3.205016374588012695e+00
1.281526446342468262e+00,2.320846080780029297e+00
-8.574464172124862671e-02,1.939677476882934570e+00
-3.112401366233825684e-01,2.241462230682373047e+00
2.386224269866943359e+00,3.183728218078613281e+00
1.299620270729064941e+00,1.428330898284912109e+00
2.171862363815307617e+00,3.603682994842529297e+00
5.042511224746704102e-01,1.967676401138305664e+00
-6.121779084205627441e-01,2.296752452850341797e+00
-5.813932418823242188e-01,1.566451430320739746e+00
1.265182375907897949e+00,2.319023370742797852e+00
1.375198006629943848e+00,2.887255668640136719e+00
1.202139258384704590e+00,1.922840237617492676e+00
-7.811604142189025879e-01,2.327510356903076172e+00
-8.220295906066894531e-01,1.270927906036376953e+00
-6.129667758941650391e-01,1.703186869621276855e+00
1.338011622428894043e+00,2.246124267578125000e+00
8.695298433303833008e-01,1.980944156646728516e+00
4.155919849872589111e-01,2.771000862121582031e+00
2.912299036979675293e-01,2.759844303131103516e+00
2.261724472045898438e+00,2.237997531890869141e+00
-6.916102766990661621e-01,1.252949833869934082e+00
1.120288729667663574e+00,2.880250692367553711e+00
1.042696118354797363e+00,3.032173156738281250e+00
-5.462695378810167313e-03,2.376727581024169922e+00
-1.080290079116821289e+00,1.736074924468994141e+00
-8.222865462303161621e-01,7.467170357704162598e-01
1.297164320945739746e+00,2.282465696334838867e+00
2.110373824834823608e-01,2.840886592864990234e+00
-9.511772394180297852e-01,1.303318381309509277e+00
3.462493419647216797e+00,2.240622282028198242e+00
1.315871238708496094e+00,3.179648637771606445e+00
1.482151299715042114e-01,1.763041377067565918e+00
-5.709599331021308899e-02,2.249138832092285156e+00
-3.836722075939178467e-01,1.153023362159729004e+00
1.667317271232604980e+00,3.172901868820190430e+00
2.841991901397705078e+00,2.945056915283203125e+00
1.166386976838111877e-01,3.124489068984985352e+00
-4.276537895202636719e-01,2.030248165130615234e+00
2.405890941619873047e+00,3.115502357482910156e+00
1.417242884635925293e+00,1.685256361961364746e+00
8.629297018051147461e-01,3.024515867233276367e+00
3.487223386764526367e-01,1.050368189811706543e+00
3.122750520706176758e+00,2.043662071228027344e+00
2.920745134353637695e+00,2.579077005386352539e+00
5.395084619522094727e-01,3.341855049133300781e+00
-8.502080291509628296e-02,2.575719356536865234e+00
-3.443821966648101807e-01,2.438180923461914062e+00
1.818784117698669434e+00,2.019997119903564453e+00
2.516617059707641602e+00,3.164726734161376953e+00
4.663316607475280762e-01,1.952987551689147949e+00
6.414662599563598633e-01,2.342096328735351562e+00
3.616481781005859375e+00,2.369564533233642578e+00
2.166396617889404297e+00,3.385027408599853516e+00
-5.048011615872383118e-02,2.827819824218750000e+00
3.059621155261993408e-01,1.879473686218261719e+00
2.426696777343750000e+00,2.693788766860961914e+00
1.846291422843933105e+00,7.358672022819519043e-01
-1.442930549383163452e-01,1.218816876411437988e+00
1.918772339820861816e+00,1.170726537704467773e+00
2.604347944259643555e+00,2.651038646697998047e+00
2.058572292327880859e+00,1.663143038749694824e+00
8.725207448005676270e-01,2.787356853485107422e+00
2.316797018051147461e+00,1.310514688491821289e+00
2.548107147216796875e+00,3.423486709594726562e+00
1.401893138885498047e+00,1.968837141990661621e+00
-1.154241442680358887e+00,1.176025986671447754e+00
-2.487745434045791626e-01,2.406824111938476562e+00
-2.768488228321075439e-01,3.113449096679687500e+00
-6.352036595344543457e-01,1.577628135681152344e+00
2.603471279144287109e+00,2.991951704025268555e+00
-5.332808494567871094e-01,2.649316310882568359e+00
7.445347905158996582e-01,1.402807831764221191e+00
4.259152412414550781e-01,3.630347251892089844e+00
1.862224787473678589e-01,1.316886782646179199e+00
2.131299495697021484e+00,3.504784107208251953e+00
1.945865273475646973e+00,2.890487194061279297e+00
3.251767873764038086e+00,1.797457218170166016e+00
3.804986476898193359e-01,3.060723304748535156e+00
-6.711595654487609863e-01,1.918680071830749512e+00
1.271928668022155762e+00,1.619482398033142090e+00
2.582290649414062500e+00,2.715824127197265625e+00
-9.718410372734069824e-01,1.269999861717224121e+00
-7.228966802358627319e-02,2.984108924865722656e+00
1.167833879590034485e-01,1.816738009452819824e+00
-5.576747655868530273e-01,1.379836440086364746e+00
2.289870977401733398e+00,1.221845746040344238e+00
1.491880655288696289e+00,2.624647617340087891e+00
-7.154303044080734253e-02,2.689136743545532227e+00
3.019396781921386719e+00,3.200732707977294922e+00
1.024428009986877441e+00,2.245324134826660156e+00
5.872700810432434082e-01,2.350625753402709961e+00
1.236952185630798340e+00,1.846999526023864746e+00
-2.997364401817321777e-01,1.908716082572937012e+00
9.451988339424133301e-01,3.005480527877807617e+00
-3.425016105175018311e-01,3.373222827911376953e+00
2.190181732177734375e+00,1.707515120506286621e+00
-4.651062488555908203e-01,1.618696570396423340e+00
1.178252339363098145e+00,1.262352705001831055e+00
1.466253876686096191e+00,1.300695538520812988e+00
2.355913639068603516e+00,2.111148118972778320e+00
-5.358408689498901367e-01,2.158586978912353516e+00
-5.601780414581298828e-01,2.041892528533935547e+00
2.230550289154052734e+00,3.340936899185180664e+00
-4.530619978904724121e-01,2.448967933654785156e+00
2.170965671539306641e+00,1.738815426826477051e+00
1.935557723045349121e+00,2.499154567718505859e+00
1.880566477775573730e+00,3.055756807327270508e+00
-6.201119422912597656e-01,1.449751615524291992e+00
-2.013378888368606567e-01,2.385291576385498047e+00
3.324901580810546875e+00,3.550052642822265625e+00
2.140432834625244141e+00,2.297405719757080078e+00
1.489391446113586426e+00,2.409037351608276367e+00
1.456111788749694824e+00,2.601306915283203125e+00
3.328306600451469421e-02,2.094981670379638672e+00
4.324029684066772461e-01,1.912523865699768066e+00
2.590132355690002441e-01,2.898990631103515625e+00
2.561713382601737976e-02,1.660814404487609863e+00
5.300887823104858398e-01,2.660846948623657227e+00
2.854988098144531250e+00,2.837090253829956055e+00
-1.022025272250175476e-01,1.352906346321105957e+00
3.303670883178710938e+00,2.910599708557128906e+00
1.590136885643005371e+00,1.407278656959533691e+00
3.234156131744384766e+00,3.097784996032714844e+00
-7.705186605453491211e-01,2.720985412597656250e+00
2.871573925018310547e+00,2.147810935974121094e+00
-9.231359958648681641e-01,1.805827856063842773e+00
-2.025953084230422974e-01,1.749140858650207520e+00
1.511851906776428223e+00,1.275692820549011230e+00
-2.202238887548446655e-01,1.143180489540100098e+00
1.993474960327148438e+00,2.871593952178955078e+00
1.568037122488021851e-01,2.228225708007812500e+00
-4.736042618751525879e-01,2.917906045913696289e+00
-5.903204679489135742e-01,2.102070331573486328e+00
-6.645166128873825073e-02,2.092420101165771484e+00
7.460091710090637207e-01,1.102906346321105957e+00
9.374687820672988892e-02,3.742558479309082031e+00
-1.771715730428695679e-01,2.167312145233154297e+00
7.192795276641845703e-01,3.476196765899658203e+00
1.452413201332092285e+00,2.381209850311279297e+00
-7.061151266098022461e-01,2.054099321365356445e+00
3.106389641761779785e-01,1.568493962287902832e+00
7.978199720382690430e-01,3.322511911392211914e+00
1.421511769294738770e+00,1.904787182807922363e+00
2.369125485420227051e-01,2.694482803344726562e+00
3.356513381004333496e-01,2.378967761993408203e+00
3.045710563659667969e+00,3.042181968688964844e+00
-8.891134262084960938e-01,1.837129116058349609e+00
-2.408677190542221069e-01,2.706558704376220703e+00
-6.417471766471862793e-01,1.861638665199279785e+00
-1.241750046610832214e-01,1.490556478500366211e+00
-9.229401946067810059e-01,1.207091808319091797e+00
1.603709936141967773e+00,2.869479179382324219e+00
2.546278953552246094e+00,1.805775046348571777e+00
5.286248326301574707e-01,2.243912696838378906e+00
-3.509202003479003906e-01,2.083248138427734375e+00
2.489729881286621094e+00,2.530972480773925781e+00
-2.714146394282579422e-03,1.938704490661621094e+00
1.353599548339843750e+00,1.916590690612792969e+00
2.078229904174804688e+00,2.162170886993408203e+00
1.040159821510314941e+00,2.250263214111328125e+00
7.724358439445495605e-01,2.980320930480957031e+00
1.599426150321960449e+00,2.072929859161376953e+00
1.424096226692199707e+00,1.987300157546997070e+00
1.152057409286499023e+00,8.898884057998657227e-02
1.692083239555358887e+00,3.419001340866088867e+00
7.282448559999465942e-02,3.517319440841674805e+00
1.734802961349487305e+00,1.228261113166809082e+00
8.712902665138244629e-01,2.610266923904418945e+00
-9.414201229810714722e-02,2.215501308441162109e+00
-3.035564422607421875e-01,1.707563400268554688e+00
2.158429622650146484e+00,1.553214430809020996e+00
-4.350380301475524902e-01,1.563902497291564941e+00
1.463218569755554199e+00,2.541043043136596680e+00
-2.227092683315277100e-01,3.186331748962402344e+00
3.346829414367675781e-01,1.634058594703674316e+00
-4.832113683223724365e-01,2.870240449905395508e+00
1.458032250404357910e+00,1.960527062416076660e+00
3.689619541168212891e+00,2.086797237396240234e+00
-4.321207702159881592e-01,2.142427682876586914e+00
1.176019385457038879e-01,2.160872459411621094e+00
2.331503391265869141e+00,3.116736888885498047e+00
3.268351554870605469e+00,2.562983036041259766e+00
2.219089269638061523e+00,3.092235565185546875e+00
1.118413567543029785e+00,2.376907348632812500e+00
-3.998470902442932129e-01,1.588203787803649902e+00
2.073697328567504883e+00,1.859706759452819824e+00
2.881942749023437500e+00,3.396917819976806641e+00
1.544419646263122559e+00,1.598860979080200195e+00
3.188038989901542664e-02,1.472730040550231934e+00
3.182840049266815186e-01,1.810161352157592773e+00
6.800139546394348145e-01,2.769115686416625977e+00
2.943236589431762695e+00,2.088776111602783203e+00
1.948421448469161987e-01,2.198777437210083008e+00
2.123039722442626953e+00,3.399190664291381836e+00
2.646431922912597656e+00,3.421648979187011719e+00
9.850913286209106445e-01,2.913775444030761719e+00
3.345419645309448242e+00,1.308853864669799805e+00
-5.576508641242980957e-01,1.786887526512145996e+00
3.965598344802856445e-01,2.229998588562011719e+00
2.868033885955810547e+00,2.855375289916992188e+00
9.300161004066467285e-01,2.469851016998291016e+00
-3.646847903728485107e-01,2.463579893112182617e+00
-7.825129479169845581e-02,1.594371914863586426e+00
1.063302040100097656e+00,2.602925062179565430e+00
-1.202669620513916016e+00,1.878035426139831543e+00
-3.766135573387145996e-01,1.654661536216735840e+00
1.084285616874694824e+00,3.528816699981689453e+00
1.235433459281921387e+00,2.236425399780273438e+00
1.252368092536926270e+00,1.889831066131591797e+00
-2.572615742683410645e-01,3.091692924499511719e+00
1.627942919731140137e+00,2.300558328628540039e+00
-1.519394040107727051e+00,2.314138174057006836e+00
-3.935753181576728821e-02,2.095753192901611328e+00
1.969225049018859863e+00,1.697666764259338379e+00
-8.772694319486618042e-02,3.137571334838867188e+00
2.629214525222778320e+00,3.046948909759521484e+00
9.938929677009582520e-01,3.553055763244628906e+00
6.376616954803466797e-01,3.340439319610595703e+00
1.071763634681701660e+00,2.072224140167236328e+00
2.169065952301025391e+00,2.002055168151855469e+00
3.200787901878356934e-01,2.763322114944458008e+00
8.481867909431457520e-01,3.132680416107177734e+00
9.615672379732131958e-02,1.299884080886840820e+00
5.520841479301452637e-01,1.735685706138610840e+00
-9.441267251968383789e-01,1.241954445838928223e+00
-2.294561564922332764e-01,2.312361240386962891e+00
1.555879235267639160e+00,2.252734661102294922e+00
3.060923099517822266e+00,1.836405992507934570e+00
1.400048881769180298e-01,3.027388572692871094e+00
2.340760231018066406e+00,2.657605171203613281e+00
-5.049286484718322754e-01,1.336106300354003906e+00
-1.639912575483322144e-01,2.179202556610107422e+00
-3.890483379364013672e-01,3.288375377655029297e+00
-7.463096827268600464e-02,2.891611814498901367e+00
2.276862561702728271e-01,2.078983306884765625e+00
-5.466138720512390137e-01,1.083183646202087402e+00
2.804820537567138672e+00,1.577881455421447754e+00
6.528322100639343262e-01,2.676861524581909180e+00
-2.072806209325790405e-01,1.382433533668518066e+00
1.441704392433166504e+00,2.939509391784667969e+00
-1.944182962179183960e-01,2.340254306793212891e+00
2.077821731567382812e+00,2.338512420654296875e+00
6.639507412910461426e-01,1.503048777580261230e+00
-1.042503595352172852e+00,2.751603126525878906e+00
1.558607220649719238e+00,2.135845899581909180e+00
8.226426243782043457e-01,2.133343935012817383e+00
5.112084150314331055e-01,2.056211948394775391e+00
-4.058977663516998291e-01,2.695522785186767578e+00
8.734111785888671875e-01,2.013967990875244141e+00
2.148584365844726562e+00,2.517188310623168945e+00
1.785915493965148926e+00,1.550633907318115234e+00
7.874459624290466309e-01,2.127795219421386719e+00
-8.417505621910095215e-01,1.220486998558044434e+00
3.059044778347015381e-01,2.197025060653686523e+00
1.627830266952514648e+00,2.420368432998657227e+00
2.909014225006103516e+00,2.501237988471984863e-01
3.558848500251770020e-01,3.495013713836669922e+00
6.468672156333923340e-01,2.634490013122558594e+00
2.065335988998413086e+00,3.345671176910400391e+00
8.649419546127319336e-01,2.923416614532470703e+00
-6.322532892227172852e-01,1.875751376152038574e+00
-1.182700157165527344e+00,1.902339339256286621e+00
-7.181977033615112305e-01,1.468110799789428711e+00
3.079404354095458984e+00,3.305923700332641602e+00
-9.332047104835510254e-01,1.770643353462219238e+00
3.194991946220397949e-01,2.455380916595458984e+00
3.311026990413665771e-01,1.995092749595642090e+00
8.006501793861389160e-01,1.405338883399963379e+00
-1.506378799676895142e-01,2.232517480850219727e+00
3.452874660491943359e+00,2.655840873718261719e+00
-4.639076068997383118e-02,3.477948904037475586e+00
1.862733960151672363e+00,2.156977415084838867e+00
7.134977728128433228e-02,1.521390557289123535e+00
-1.195717334747314453e+00,1.921706080436706543e+00
3.118235111236572266e+00,2.258479356765747070e+00
1.649840950965881348e+00,2.816468477249145508e+00
2.129334211349487305e+00,1.711458444595336914e+00
-3.223813772201538086e-01,1.608196973800659180e+00
-2.640473842620849609e-01,1.323743700981140137e+00
-7.433823943138122559e-01,1.864692330360412598e+00
1.608287811279296875e+00,2.019971609115600586e+00
1.186795160174369812e-02,1.570626854896545410e+00
7.968261241912841797e-01,1.309037804603576660e+00
1.554325073957443237e-01,2.666233062744140625e+00
-8.137767910957336426e-01,2.716459274291992188e+00
5.823256969451904297e-01,1.744113445281982422e+00
9.942320734262466431e-02,1.505434632301330566e+00
8.827474713325500488e-01,2.785344600677490234e+00
2.777687311172485352e-01,2.532693147659301758e+00
1.849192619323730469e+00,2.196830272674560547e+00
-1.389334082603454590e+00,1.147489070892333984e+00
-8.063869923353195190e-02,2.421683311462402344e+00
2.466860711574554443e-01,2.599378108978271484e+00
3.008122146129608154e-01,3.474624156951904297e+00
2.741394519805908203e+00,3.036313533782958984e+00
2.792835712432861328e+00,3.013403892517089844e+00
1.694996833801269531e+00,3.621311664581298828e+00
3.339923381805419922e+00,2.125800848007202148e+00
1.428209900856018066e+00,3.166599750518798828e+00
-4.547441601753234863e-01,1.563122272491455078e+00
-8.150570988655090332e-01,9.873211979866027832e-01
2.322275564074516296e-02,1.473815441131591797e+00
1.660605192184448242e+00,1.517819404602050781e+00
1.062431111931800842e-01,2.306464672088623047e+00
2.670109748840332031e+00,2.873013496398925781e+00
1.667473673820495605e+00,2.995676517486572266e+00
1.309691667556762695e+00,1.971155405044555664e-01
5.101302862167358398e-01,2.171092987060546875e+00
1.023547723889350891e-01,2.126516103744506836e+00
-5.432807207107543945e-01,2.546340227127075195e+00
-2.971838712692260742e-01,3.502207756042480469e+00
1.228642106056213379e+00,3.066925525665283203e+00
-5.819403529167175293e-01,1.511765837669372559e+00
2.171474933624267578e+00,2.522628784179687500e+00
-2.853928208351135254e-01,1.593677401542663574e+00
1.618557810783386230e+00,3.429514169692993164e+00
-1.588409021496772766e-02,1.692461609840393066e+00
9.470527768135070801e-01,3.086658716201782227e+00
1.880265116691589355e+00,2.423698425292968750e+00
8.832035660743713379e-01,2.151059865951538086e+00
6.900116801261901855e-01,2.858727455139160156e+00
3.616157054901123047e+00,2.555245399475097656e+00
3.057760238647460938e+00,3.423025608062744141e+00
6.543831229209899902e-01,2.599457979202270508e+00
9.220194071531295776e-03,3.088159322738647461e+00
1.208984732627868652e+00,-2.761993408203125000e-01
1.121057033538818359e+00,2.831457853317260742e+00
4.870976209640502930e-01,2.074849128723144531e+00
-7.334355115890502930e-01,2.196892976760864258e+00
-1.498828053474426270e+00,1.951995015144348145e+00
-7.409602999687194824e-01,2.090908288955688477e+00
-7.288757562637329102e-01,2.933530569076538086e+00
2.329133033752441406e+00,2.007813215255737305e+00
1.518587023019790649e-01,1.899623036384582520e+00
2.819140195846557617e+00,1.660591959953308105e+00
2.887742042541503906e+00,3.253413677215576172e+00
-9.065843820571899414e-01,1.816175580024719238e+00
7.676883339881896973e-01,3.111758470535278320e+00
-1.045647382736206055e+00,2.713366985321044922e+00
-4.855963885784149170e-01,2.451205015182495117e+00
2.487081766128540039e+00,2.616706609725952148e+00
-2.052985876798629761e-01,1.701373338699340820e+00
1.954725384712219238e+00,8.152933716773986816e-01
-3.506819307804107666e-01,1.987951159477233887e+00
9.278186559677124023e-01,1.939176201820373535e+00
-1.033521771430969238e+00,2.286216259002685547e+00
2.188869953155517578e+00,3.669985055923461914e+00
2.794846057891845703e+00,1.413404107093811035e+00
5.422764420509338379e-01,2.335890769958496094e+00
-5.649849772453308105e-01,1.626580953598022461e+00
-8.742265701293945312e-01,1.650687098503112793e+00
8.815866112709045410e-01,2.520621299743652344e+00
-6.377642154693603516e-01,1.442824602127075195e+00
-1.661629825830459595e-01,1.546786069869995117e+00
1.612784028053283691e+00,2.602967977523803711e+00
3.710068464279174805e+00,2.620389461517333984e+00
9.162723422050476074e-01,1.778087258338928223e+00
1.217586517333984375e+00,2.462132692337036133e+00
-5.326451063156127930e-01,1.382075667381286621e+00
-4.376006722450256348e-01,1.584983229637145996e+00
1.966489911079406738e+00,2.721924781799316406e+00
-4.335808157920837402e-01,3.147008895874023438e+00
-5.154992341995239258e-01,1.967421293258666992e+00
6.060864925384521484e-01,2.101517200469970703e+00
6.697172522544860840e-01,2.430520057678222656e+00
3.377628326416015625e-01,3.083859443664550781e+00
-3.330430388450622559e-01,1.552121281623840332e+00
1.812597990036010742e+00,2.780055522918701172e+00
1.829691052436828613e+00,2.737883090972900391e+00
2.817513346672058105e-01,2.516145229339599609e+00
-4.937629774212837219e-02,2.495108604431152344e+00
-4.313912987709045410e-01,2.134887456893920898e+00
1.743935823440551758e+00,1.481404185295104980e+00
-3.219527900218963623e-01,3.029402256011962891e+00
-4.043850004673004150e-01,1.640722155570983887e+00
-5.468090176582336426e-01,1.842295289039611816e+00
-9.122641086578369141e-01,2.194523572921752930e+00
3.237245604395866394e-02,2.198362827301025391e+00
3.667397499084472656e-01,3.067181587219238281e+00
1.544053435325622559e+00,2.832584619522094727e+00
-9.026656746864318848e-01,1.684180021286010742e+00
-5.555728077888488770e-01,2.797737121582031250e+00
2.505072593688964844e+00,2.919979095458984375e+00
-1.587511450052261353e-01,2.743914842605590820e+00
4.881756305694580078e-01,2.030328989028930664e+00
1.227811574935913086e+00,3.510455369949340820e+00
3.565621972084045410e-01,2.609723091125488281e+00
7.247149348258972168e-01,2.519159793853759766e+00
1.600422978401184082e+00,3.070216178894042969e+00
2.125089645385742188e+00,3.170268297195434570e+00
-5.609084963798522949e-01,2.031420230865478516e+00
-9.840068221092224121e-01,2.232808113098144531e+00
-2.582013309001922607e-01,2.547562122344970703e+00
-1.786679387092590332e+00,1.718132257461547852e+00
-5.718727130442857742e-03,2.615567207336425781e+00
9.511409401893615723e-01,3.625817596912384033e-01
1.768880605697631836e+00,3.532042503356933594e+00
-1.000318050384521484e+00,1.652808666229248047e+00
8.328015804290771484e-01,2.344745159149169922e+00
-1.061854004859924316e+00,1.631605505943298340e+00
1.587200760841369629e+00,1.720573544502258301e+00
4.791144654154777527e-02,2.422914743423461914e+00
2.563774108886718750e+00,1.941740751266479492e+00
3.134087562561035156e+00,2.206961870193481445e+00
4.071220159530639648e-01,3.502116441726684570e+00
-7.403614521026611328e-01,2.199716091156005859e+00
7.016322016716003418e-01,2.573783874511718750e+00
6.067414209246635437e-02,2.723526716232299805e+00
3.631303548812866211e+00,2.861926794052124023e+00
-2.223563045263290405e-01,2.455006122589111328e+00
-9.670800566673278809e-01,1.783718466758728027e+00
-4.108362272381782532e-02,2.463990688323974609e+00
-2.230464294552803040e-02,2.965882778167724609e+00
-4.540418982505798340e-01,1.310568690299987793e+00
-4.998688101768493652e-01,2.159376621246337891e+00
-3.854658603668212891e-01,6.702428460121154785e-01
2.569002628326416016e+00,2.493906974792480469e+00
4.199702665209770203e-02,2.047392606735229492e+00
6.748998761177062988e-01,2.371328353881835938e+00
6.371504664421081543e-01,2.493826389312744141e+00
2.088485807180404663e-01,1.651221156120300293e+00
-8.105259388685226440e-02,7.018371224403381348e-01
1.282924056053161621e+00,1.128147006034851074e+00
1.832161545753479004e+00,2.533172845840454102e+00
-2.384203225374221802e-01,1.636923313140869141e+00
1.173496842384338379e+00,2.141211271286010742e+00
3.151887416839599609e+00,2.295855760574340820e+00
3.262695670127868652e-01,2.098755836486816406e+00
1.685815691947937012e+00,2.679094314575195312e+00
1.639307141304016113e+00,2.276436328887939453e+00
1.186643719673156738e+00,2.554297924041748047e+00
-6.587618589401245117e-01,1.542113542556762695e+00
-6.110947132110595703e-01,2.447634696960449219e+00
3.625452995300292969e+00,2.562023639678955078e+00
-1.900243610143661499e-01,2.334348678588867188e+00
-7.708244919776916504e-01,1.312322735786437988e+00
-1.296137094497680664e+00,1.398248553276062012e+00
9.009470939636230469e-01,2.253392457962036133e+00
1.427779316902160645e+00,1.581966042518615723e+00
9.318457245826721191e-01,-1.727815270423889160e-01
1.368367195129394531e+00,2.632401704788208008e+00
1.150249838829040527e+00,2.673704624176025391e+00
-2.425200790166854858e-01,2.086354732513427734e+00
-2.191946059465408325e-01,1.835497021675109863e+00
-2.614093720912933350e-01,2.241306066513061523e+00
5.903286859393119812e-02,2.960541486740112305e+00
8.325996398925781250e-01,2.703257560729980469e+00
-2.821341454982757568e-01,2.322070837020874023e+00
1.558443784713745117e+00,1.574869513511657715e+00
-5.024069547653198242e-01,9.824908971786499023e-01
8.249172568321228027e-01,1.838347315788269043e+00
8.545664548873901367e-01,2.907094717025756836e+00
1.194175958633422852e+00,2.737178325653076172e+00
-1.072107672691345215e+00,1.565949320793151855e+00
2.058174908161163330e-01,2.398184299468994141e+00
-5.626393556594848633e-01,1.679092049598693848e+00
1.174551621079444885e-01,1.446936726570129395e+00
2.918438196182250977e+00,3.069799661636352539e+00
-6.043362617492675781e-01,1.755993723869323730e+00
4.895469844341278076e-01,2.476380825042724609e+00
1.108228087425231934e+00,2.947784423828125000e+00
-2.035029083490371704e-01,1.638577938079833984e+00
-8.811581879854202271e-03,2.864942789077758789e+00
1.911834716796875000e+00,2.816728591918945312e+00
1.752648875117301941e-02,1.676684975624084473e+00
6.297386437654495239e-02,1.530397772789001465e+00
3.462345525622367859e-02,1.744712233543395996e+00
-1.289934515953063965e+00,2.033344745635986328e+00
3.943381905555725098e-01,2.281872749328613281e+00
-6.087294220924377441e-01,1.964464902877807617e+00
8.528007864952087402e-01,2.726942062377929688e+00
1.842924475669860840e+00,1.493182182312011719e+00
1.568706512451171875e+00,3.438369750976562500e+00
9.101059436798095703e-01,2.429924488067626953e+00
3.826025128364562988e-01,2.280579090118408203e+00
2.582665920257568359e+00,2.867814064025878906e+00
-7.851512432098388672e-01,2.219722270965576172e+00
2.094415426254272461e+00,3.015713214874267578e+00
-6.255952119827270508e-01,2.726845264434814453e+00
9.269443750381469727e-01,3.423566102981567383e+00
2.337226122617721558e-01,9.743487834930419922e-01
-2.507104873657226562e-01,9.297350645065307617e-01
-7.431041449308395386e-02,1.971237421035766602e+00
1.194271683692932129e+00,2.259113311767578125e+00
-6.810199618339538574e-01,2.466562747955322266e+00
-7.309020757675170898e-01,1.677211165428161621e+00
1.101711273193359375e+00,2.914889812469482422e+00
5.782629251480102539e-01,2.330407142639160156e+00
1.642418503761291504e+00,2.618784666061401367e+00
-8.398510813713073730e-01,2.272768020629882812e+00
6.173917055130004883e-01,3.035253763198852539e+00
-5.609552264213562012e-01,2.913982391357421875e+00
7.017654180526733398e-01,2.587848901748657227e+00
-7.109324336051940918e-01,2.065833568572998047e+00
-1.010735705494880676e-02,2.464293956756591797e+00
3.132432401180267334e-01,5.035541057586669922e-01
6.776436567306518555e-01,2.164525032043457031e+00
2.901089668273925781e+00,2.295267820358276367e+00
-3.264624476432800293e-01,2.199419498443603516e+00
-7.532645463943481445e-01,3.281881570816040039e+00
9.572383165359497070e-01,2.142861127853393555e+00
-1.454189270734786987e-01,2.115132570266723633e+00
-6.102675199508666992e-01,1.769458770751953125e+00
6.039460897445678711e-01,2.740641832351684570e+00
-3.345182240009307861e-01,1.732434868812561035e+00
-2.849377691745758057e-01,2.019150733947753906e+00
5.750573799014091492e-02,1.829736113548278809e+00
-5.646558403968811035e-01,1.998450994491577148e+00
3.156001806259155273e+00,1.684407114982604980e+00
3.159596920013427734e-01,1.641073107719421387e+00
1.024960160255432129e+00,2.436080932617187500e+00
1.330112576484680176e+00,2.648772478103637695e+00
1.682627320289611816e+00,2.269144058227539062e+00
7.244639992713928223e-01,2.323146343231201172e+00
-2.318040281534194946e-01,1.811044692993164062e+00
1.370571404695510864e-01,2.270996332168579102e+00
2.481472015380859375e+00,2.507039070129394531e+00
2.587101936340332031e+00,2.772398471832275391e+00
2.477413266897201538e-01,1.688911318778991699e+00
-3.546755015850067139e-01,1.686764121055603027e+00
9.933757185935974121e-01,2.022144794464111328e+00
2.503311634063720703e+00,2.838375568389892578e+00
1.050860762596130371e+00,1.459017395973205566e+00
3.400790214538574219e+00,3.126939773559570312e+00
4.794388413429260254e-01,1.564189791679382324e+00
2.166519641876220703e+00,3.137609720230102539e+00
2.379346489906311035e-01,1.606247782707214355e+00
9.874395728111267090e-01,2.362498521804809570e+00
-2.113600224256515503e-01,2.182644844055175781e+00
3.389648914337158203e+00,2.407437324523925781e+00
1.618899106979370117e+00,2.806952238082885742e+00
2.475515365600585938e+00,3.141427993774414062e+00
8.469229340553283691e-01,2.825747013092041016e+00
8.517331629991531372e-02,2.266350269317626953e+00
1.788585066795349121e+00,3.017903327941894531e+00
3.895555257797241211e+00,3.026355743408203125e+00
2.004522085189819336e+00,1.868235349655151367e+00
2.725222587585449219e+00,1.492267966270446777e+00
9.937952160835266113e-01,2.989461898803710938e+00
-1.245384097099304199e+00,2.119929313659667969e+00
-8.340080380439758301e-01,2.316709518432617188e+00
1.256973296403884888e-01,2.160244703292846680e+00
8.147331476211547852e-01,3.158465147018432617e+00
-9.824699759483337402e-01,2.109754085540771484e+00
2.173663854598999023e+00,1.960025787353515625e+00
2.530764341354370117e+00,1.206734061241149902e+00
1.840664029121398926e+00,2.820273876190185547e+00
-1.366672396659851074e+00,1.870040774345397949e+00
-5.826196074485778809e-01,1.452339768409729004e+00
1.879508420825004578e-02,1.902001976966857910e+00
2.158273607492446899e-01,2.794097900390625000e+00
2.057839870452880859e+00,1.810793042182922363e+00
-4.587745666503906250e-01,1.949538588523864746e+00
-5.812309384346008301e-01,2.041506052017211914e+00
3.210188865661621094e+00,2.905272960662841797e+00
-1.005890890955924988e-01,1.799221754074096680e+00
1.546190619468688965e+00,1.677894234657287598e+00
-4.990823864936828613e-01,1.748493552207946777e+00
1.562628298997879028e-01,2.189974784851074219e+00
-8.461763858795166016e-01,1.516283750534057617e+00
1.147059321403503418e+00,3.432239532470703125e+00
-6.533953547477722168e-01,1.831704139709472656e+00
1.319463729858398438e+00,1.839246392250061035e+00
4.404588639736175537e-01,3.018844127655029297e+00
-6.627041101455688477e-01,2.911040782928466797e+00
7.252582907676696777e-01,2.232051849365234375e+00
2.042222976684570312e+00,2.253845691680908203e+00
3.225853681564331055e+00,2.753932476043701172e+00
3.899926543235778809e-01,1.596490144729614258e+00
-3.849795758724212646e-01,2.739077091217041016e+00
3.505571842193603516e+00,2.301474571228027344e+00
2.379544973373413086e+00,2.994794368743896484e+00
6.732801347970962524e-02,1.019444584846496582e+00
-5.025838017463684082e-01,1.478252768516540527e+00
-3.630725145339965820e-01,2.981492996215820312e+00
9.176375865936279297e-01,1.490308642387390137e+00
1.212600946426391602e+00,2.945479869842529297e+00
-6.144267916679382324e-01,1.965858578681945801e+00
1.536755204200744629e+00,3.179429531097412109e+00
2.849873781204223633e+00,2.611375808715820312e+00
2.924823045730590820e+00,3.159557342529296875e+00
-9.273933619260787964e-02,1.728550434112548828e+00
1.062152624130249023e+00,1.197251915931701660e+00
-3.554560616612434387e-02,2.910208463668823242e+00
-2.539797499775886536e-02,2.148367881774902344e+00
-4.922940433025360107e-01,1.602898240089416504e+00
-7.038735747337341309e-01,2.682285308837890625e+00
9.690110683441162109e-01,1.562981247901916504e+00
-3.571466207504272461e-01,2.236008882522583008e+00
8.913331031799316406e-01,1.736419320106506348e+00
4.204425811767578125e-01,3.112924098968505859e+00
-5.615175366401672363e-01,2.746898174285888672e+00
-1.444675475358963013e-01,1.414186835289001465e+00
-1.040271878242492676e+00,1.562498688697814941e+00
-2.242652028799057007e-01,1.382059454917907715e+00
3.111079335212707520e-01,2.307552576065063477e+00
1.788570880889892578e+00,1.349807739257812500e+00
1.042988777160644531e+00,2.359907388687133789e+00
3.789834976196289062e-01,2.602105140686035156e+00
3.830799460411071777e-01,2.558085918426513672e+00
3.111659049987792969e+00,2.755139827728271484e+00
2.123398303985595703e+00,1.117313623428344727e+00
2.410134792327880859e+00,2.473668575286865234e+00
-1.139300465583801270e+00,2.194676160812377930e+00
2.098319083452224731e-01,8.655626177787780762e-01
1.890022397041320801e+00,4.218867778778076172e+00
1.199967741966247559e+00,2.583479404449462891e+00
-2.772640585899353027e-01,3.007831096649169922e+00
2.380722522735595703e+00,5.639819502830505371e-01
-1.498487442731857300e-01,2.120209693908691406e+00
1.665183752775192261e-01,3.146913528442382812e+00
2.105531215667724609e+00,3.471559524536132812e+00
5.976163148880004883e-01,2.626281499862670898e+00
3.220847368240356445e+00,3.023263931274414062e+00
6.584617495536804199e-01,2.084798574447631836e+00
1.054705977439880371e+00,3.001005649566650391e+00
7.114646583795547485e-02,1.557513475418090820e+00
1.249118089675903320e+00,2.805294036865234375e+00
-3.308274745941162109e-01,1.972213149070739746e+00
1.118917539715766907e-01,2.012997865676879883e+00
4.852105975151062012e-01,2.717008113861083984e+00
2.825747251510620117e+00,2.876152276992797852e+00
2.834035754203796387e-01,1.467099308967590332e+00
-2.681770920753479004e-01,3.248180627822875977e+00
-5.113956332206726074e-01,1.508369684219360352e+00
8.607420325279235840e-01,3.811393737792968750e+00
-5.039845108985900879e-01,1.943379282951354980e+00
2.195919305086135864e-01,2.531111240386962891e+00
1.446777939796447754e+00,1.901404261589050293e+00
1.349967122077941895e+00,2.845590114593505859e+00
5.585153028368949890e-02,2.344288349151611328e+00
1.635074973106384277e+00,2.137315273284912109e+00
7.109975218772888184e-01,2.161497592926025391e+00
8.055241107940673828e-01,1.704785227775573730e+00
1.151282548904418945e+00,2.840795516967773438e+00
1.766667366027832031e+00,3.621138095855712891e+00
2.947666168212890625e+00,2.090166807174682617e+00
2.732140779495239258e+00,2.757374286651611328e+00
-4.510250985622406006e-01,1.858033776283264160e+00
1.609443902969360352e+00,2.521704673767089844e+00
-1.288937777280807495e-01,1.587018489837646484e+00
2.238952398300170898e+00,3.520110845565795898e+00
-7.929075360298156738e-01,1.987733244895935059e+00
3.020647525787353516e+00,1.833975791931152344e+00
6.088808774948120117e-01,3.393213987350463867e+00
9.450119733810424805e-01,1.717218637466430664e+00
-4.456062335520982742e-03,2.028871536254882812e+00
3.144592046737670898e+00,3.226255178451538086e+00
6.112248823046684265e-02,2.684853315353393555e+00
-7.700709700584411621e-01,1.393550038337707520e+00
3.206138014793395996e-01,2.625558614730834961e+00
2.262134552001953125e+00,3.213933944702148438e+00
-4.043325185775756836e-01,1.395803809165954590e+00
-9.666667580604553223e-01,2.707335948944091797e+00
2.164567470550537109e+00,2.970143079757690430e+00
1.165339350700378418e+00,2.345362663269042969e+00
4.242892563343048096e-01,3.658223628997802734e+00
2.015164852142333984e+00,1.886895895004272461e+00
-9.337605834007263184e-01,1.746825575828552246e+00
4.689859151840209961e-01,2.423394203186035156e+00
-1.837184578180313110e-01,2.978622913360595703e+00
-1.111363530158996582e+00,1.944714188575744629e+00
1.160053983330726624e-01,3.376001834869384766e+00
7.957379221916198730e-01,1.944274902343750000e+00
-5.314354896545410156e-01,1.359902262687683105e+00
-4.971035197377204895e-02,1.963131904602050781e+00
3.368288040161132812e+00,2.932981967926025391e+00
2.134041309356689453e+00,2.303333759307861328e+00
6.810063719749450684e-01,2.319497585296630859e+00
3.000485181808471680e+00,2.711364269256591797e+00
-3.808186948299407959e-01,3.975335061550140381e-01
2.168817758560180664e+00,2.606965065002441406e+00
-2.432290464639663696e-01,1.511969208717346191e+00
-4.961177110671997070e-01,1.608812570571899414e+00
7.512016892433166504e-01,3.080506563186645508e+00
-4.174349904060363770e-01,3.097720861434936523e+00
2.098551273345947266e+00,2.449554681777954102e+00
1.376198410987854004e+00,1.422643065452575684e+00
1.486226797103881836e+00,2.178095340728759766e+00
2.379643201828002930e+00,2.288206815719604492e+00
1.694378405809402466e-01,2.172173976898193359e+00
9.627665877342224121e-01,1.861453413963317871e+00
4.429699108004570007e-02,2.076728820800781250e+00
-1.023992896080017090e+00,2.433179140090942383e+00
2.850203990936279297e+00,2.436306953430175781e+00
1.258806824684143066e+00,3.474994897842407227e+00
8.409911394119262695e-01,2.958354473114013672e+00
-1.528528779745101929e-01,6.859465837478637695e-01
-8.669732213020324707e-01,2.072868824005126953e+00
-2.848453521728515625e-01,1.796136736869812012e+00
5.581106543540954590e-01,3.004801273345947266e+00
-5.131807923316955566e-01,2.593993425369262695e+00
5.877397581934928894e-02,1.858326315879821777e+00
1.326889753341674805e+00,1.131991744041442871e+00
1.981406569480895996e+00,3.347108602523803711e+00
-1.302437663078308105e+00,1.058199524879455566e+00
4.484293758869171143e-01,1.896466135978698730e+00
1.405207514762878418e+00,2.736039161682128906e+00
-3.400262594223022461e-01,2.112010955810546875e+00
-3.160979449748992920e-01,1.764090657234191895e+00
2.964787483215332031e+00,2.573899984359741211e+00
-3.619991615414619446e-02,2.553142070770263672e+00
9.559178948402404785e-01,2.313257694244384766e+00
1.151463761925697327e-01,2.734232425689697266e+00
-7.968295365571975708e-03,2.012885570526123047e+00
2.115876436233520508e+00,2.332061529159545898e+00
4.153016209602355957e-01,2.119179725646972656e+00
1.707284897565841675e-01,3.182584047317504883e+00
7.910598069429397583e-02,2.489828824996948242e+00
-2.466541379690170288e-01,1.429027438163757324e+00
1.110381960868835449e+00,2.782493352890014648e+00
3.696407794952392578e+00,1.421317696571350098e+00
-3.029344677925109863e-01,1.492369532585144043e+00
-5.702765583992004395e-01,2.309641599655151367e+00
2.378561258316040039e+00,2.607351303100585938e+00
2.725687026977539062e+00,2.591570377349853516e+00
6.459957361221313477e-01,3.177027940750122070e+00
-3.580206036567687988e-01,2.174867153167724609e+00
8.334898948669433594e-01,3.343163967132568359e+00
5.487089753150939941e-01,2.527395725250244141e+00
2.691483974456787109e+00,3.205889701843261719e+00
1.486475706100463867e+00,2.513780593872070312e+00
9.198904782533645630e-02,1.450323104858398438e+00
-1.114276170730590820e+00,1.148526072502136230e+00
2.808093070983886719e+00,3.054027795791625977e+00
1.121472477912902832e+00,2.111822128295898438e+00
-1.010941624641418457e+00,1.688962817192077637e+00
4.867963194847106934e-01,2.500966548919677734e+00
-8.515832424163818359e-01,1.638554334640502930e+00
1.667418360710144043e+00,1.909767031669616699e+00
-4.500552713871002197e-01,2.391712427139282227e+00
2.853743314743041992e+00,1.825815081596374512e+00
2.101028412580490112e-01,1.571362018585205078e+00
2.859642505645751953e+00,2.599403142929077148e+00
3.206318855285644531e+00,2.719239950180053711e+00
2.318207502365112305e+00,2.379087209701538086e+00
6.287773251533508301e-01,2.599358081817626953e+00
1.564403653144836426e+00,2.813856124877929688e+00
-3.040824532508850098e-01,2.736512184143066406e+00
-3.087673783302307129e-01,1.605280756950378418e+00
4.206903576850891113e-01,2.034653902053833008e+00
1.918209314346313477e+00,3.397407531738281250e+00
-2.159772962331771851e-01,2.699133872985839844e+00
1.365938782691955566e+00,2.525164842605590820e+00
1.949180841445922852e+00,3.468075513839721680e+00
3.126756191253662109e+00,3.250065803527832031e+00
3.354616641998291016e+00,2.213116645812988281e+00
-8.796720951795578003e-02,1.597304701805114746e+00
2.200297117233276367e+00,2.686353683471679688e+00
1.421030163764953613e+00,3.354742527008056641e+00
-7.762475013732910156e-01,1.740575313568115234e+00
2.504642724990844727e+00,3.790053367614746094e+00
4.009685516357421875e-01,3.340955972671508789e+00
-3.736124634742736816e-01,6.708385348320007324e-01
1.178920388221740723e+00,3.254152774810791016e+00
7.300207018852233887e-01,2.406802892684936523e+00
1.167309403419494629e+00,1.927206635475158691e+00
2.949296474456787109e+00,3.262193202972412109e+00
-9.750460833311080933e-02,2.001792907714843750e+00
3.485248327255249023e+00,3.239999532699584961e+00
2.738635540008544922e+00,2.440600633621215820e+00
-4.909005761146545410e-01,1.318834185600280762e+00
5.699115991592407227e-01,1.818487524986267090e+00
1.197806373238563538e-01,1.935572147369384766e+00
8.683467656373977661e-02,3.028052330017089844e+00
1.922723174095153809e+00,1.351111769676208496e+00
2.381186246871948242e+00,2.726550817489624023e+00
-1.743339374661445618e-02,1.565616488456726074e+00
5.408710241317749023e-01,3.196226119995117188e+00
7.179474830627441406e-01,3.432874679565429688e+00
-5.597439408302307129e-01,2.372048854827880859e+00
-5.354381203651428223e-01,1.765634536743164062e+00
1.362829566001892090e+00,2.105349540710449219e+00
1.646471738815307617e+00,1.085041165351867676e+00
-9.450092166662216187e-02,1.817245960235595703e+00
1.743196845054626465e+00,3.038301467895507812e+00
-2.995334863662719727e-01,2.688961267471313477e+00
6.766939759254455566e-01,2.137880325317382812e+00
-5.385065078735351562e-01,1.714192748069763184e+00
1.168774440884590149e-01,2.114638328552246094e+00
1.379784107208251953e+00,2.869904994964599609e+00
3.365166902542114258e+00,2.404956579208374023e+00
1.673759818077087402e+00,2.949109315872192383e+00
-4.672597944736480713e-01,1.959790468215942383e+00
6.715688109397888184e-01,1.435982346534729004e+00
-6.805644631385803223e-01,2.246515274047851562e+00
2.981096029281616211e+00,3.358225822448730469e+00
-3.829577267169952393e-01,1.340661406517028809e+00
1.109243035316467285e+00,2.786303043365478516e+00
2.954895496368408203e+00,3.500772714614868164e+00
1.429638743400573730e+00,3.607329130172729492e+00
-1.071522459387779236e-01,1.630698084831237793e+00
3.976892232894897461e-01,3.033512115478515625e+00
-9.678285717964172363e-01,1.993941426277160645e+00
1.640567898750305176e+00,2.309283733367919922e+00
8.715153932571411133e-01,3.301933288574218750e+00
1.610117197036743164e+00,2.563725471496582031e+00
2.810972213745117188e+00,3.174534559249877930e+00
-4.254064857959747314e-01,1.958548784255981445e+00
-6.666373014450073242e-01,2.122664451599121094e+00
8.244364857673645020e-01,3.833387374877929688e+00
-1.177312731742858887e+00,1.939290761947631836e+00
5.369212031364440918e-01,1.428731322288513184e+00
-5.957717299461364746e-01,1.289944052696228027e+00
3.568037271499633789e+00,1.500881791114807129e+00
3.418818473815917969e+00,3.131545543670654297e+00
-9.230260252952575684e-01,1.339550852775573730e+00
3.106686472892761230e-01,2.333605527877807617e+00
2.437830448150634766e+00,2.641488075256347656e+00
-1.085036635398864746e+00,1.470200777053833008e+00
-6.015655398368835449e-01,2.174911975860595703e+00
-9.885039925575256348e-01,1.519416451454162598e+00
1.503614306449890137e+00,2.771080970764160156e+00
4.504390954971313477e-01,1.478742957115173340e+00
2.002355098724365234e+00,3.025523662567138672e+00
-9.200636744499206543e-01,2.353498458862304688e+00
-7.874304652214050293e-01,2.197074413299560547e+00
1.565777420997619629e+00,2.115802288055419922e+00
2.638467788696289062e+00,3.113476276397705078e+00
9.497323036193847656e-01,3.851744890213012695e+00
1.592707991600036621e+00,2.190136432647705078e+00
-1.687610030174255371e+00,1.670951724052429199e+00
7.076991796493530273e-01,2.748858451843261719e+00
1.852280855178833008e+00,1.898776412010192871e+00
1.598757624626159668e+00,1.769918560981750488e+00
6.424010992050170898e-01,2.931674480438232422e+00
3.289778232574462891e+00,2.861413717269897461e+00
-9.593001604080200195e-01,2.511605262756347656e+00
1.566705942153930664e+00,3.216439962387084961e+00
1.816632628440856934e+00,2.339597463607788086e+00
-1.635854691267013550e-01,1.401530146598815918e+00
2.498944520950317383e+00,3.226747512817382812e+00
7.685044407844543457e-01,3.111016273498535156e+00
-3.040415346622467041e-01,1.707394003868103027e+00
6.043196320533752441e-01,1.787464022636413574e+00
6.738789677619934082e-01,1.892470717430114746e+00
1.448415160179138184e+00,1.668097496032714844e+00
2.061277866363525391e+00,2.952784299850463867e+00
8.967477679252624512e-01,2.084841251373291016e+00
-8.846791833639144897e-02,2.195626020431518555e+00
2.651478528976440430e+00,3.262474536895751953e+00
1.582513377070426941e-02,1.760536074638366699e+00
1.292692422866821289e+00,1.895564794540405273e+00
9.771375656127929688e-01,1.391675710678100586e+00
5.983540415763854980e-01,2.255666255950927734e+00
1.408046603202819824e+00,1.993295550346374512e+00
-2.226095944643020630e-01,1.951175332069396973e+00
-6.565174460411071777e-01,2.257926940917968750e+00
-4.022421836853027344e-01,2.791362047195434570e+00
4.092019498348236084e-01,2.808522701263427734e+00
-8.190464973449707031e-01,1.472875475883483887e+00
3.445893049240112305e+00,2.583376884460449219e+00
1.133199334144592285e+00,3.294165134429931641e+00
7.556647658348083496e-01,2.953575849533081055e+00
1.857910513877868652e+00,1.939615488052368164e+00
1.069169044494628906e+00,3.375531196594238281e+00
4.138984203338623047e+00,2.424321174621582031e+00
3.334239482879638672e+00,3.175473451614379883e+00
1.593060493469238281e+00,2.478936672210693359e+00
1.816320657730102539e+00,4.279159605503082275e-01
1.503728747367858887e+00,2.752905607223510742e+00
-8.577369898557662964e-02,3.029077291488647461e+00
9.844056367874145508e-01,2.776380538940429688e+00
-4.120002686977386475e-01,1.452796220779418945e+00
-1.256910443305969238e+00,2.285409927368164062e+00
-9.793838262557983398e-01,2.067585945129394531e+00
3.742873430252075195e+00,2.136215209960937500e+00
-1.890232115983963013e-01,1.730913043022155762e+00
-7.160179018974304199e-01,1.921010375022888184e+00
-2.029226571321487427e-01,1.941857814788818359e+00
-6.277104467153549194e-02,2.207803726196289062e+00
-7.742816209793090820e-01,1.155121564865112305e+00
-6.420221924781799316e-01,1.388784170150756836e+00
3.272852301597595215e-01,2.623700618743896484e+00
1.201822236180305481e-01,1.964460968971252441e+00
-5.399006605148315430e-01,2.210348606109619141e+00
5.313467979431152344e-01,2.359346389770507812e+00
2.898360192775726318e-01,2.375422477722167969e+00
1.449134826660156250e+00,2.867619991302490234e+00
9.715934991836547852e-01,2.961243629455566406e+00
2.394309282302856445e+00,3.300790786743164062e+00
-3.483229875564575195e-01,1.812789320945739746e+00
-1.325633049011230469e+00,1.730703234672546387e+00
1.007990241050720215e+00,2.865127563476562500e+00
-4.765715077519416809e-02,2.114717483520507812e+00
7.635200619697570801e-01,1.522531270980834961e+00
1.223596215248107910e+00,2.620364665985107422e+00
2.175130128860473633e+00,1.635637402534484863e+00
-7.389851659536361694e-02,1.676787495613098145e+00
1.849221706390380859e+00,2.763106107711791992e+00
-2.919403314590454102e-01,1.772259831428527832e+00
1.563314080238342285e+00,2.063899040222167969e+00
3.198735117912292480e-01,2.275241613388061523e+00
2.067131996154785156e+00,2.770282745361328125e+00
-1.041095376014709473e+00,1.721975445747375488e+00
-1.045896530151367188e+00,2.388894081115722656e+00
7.440822720527648926e-01,2.893647670745849609e+00
5.209965705871582031e-01,1.665008187294006348e+00
-7.001287937164306641e-01,1.615538716316223145e+00
-6.361671090126037598e-01,2.571579456329345703e+00
2.952167391777038574e-01,3.258681774139404297e+00
-6.432014703750610352e-01,1.382387042045593262e+00
1.356291055679321289e+00,8.235947489738464355e-01
-7.236953377723693848e-01,2.932915687561035156e+00
-6.663274765014648438e-01,2.048732280731201172e+00
3.039341211318969727e+00,2.938480377197265625e+00
9.833822846412658691e-01,3.019471645355224609e+00
-8.292281627655029297e-01,2.044731616973876953e+00
1.884017348289489746e+00,2.967262268066406250e+00
8.260785341262817383e-01,1.643080472946166992e+00
1.666864037513732910e+00,2.310621261596679688e+00
9.084916114807128906e-01,1.926606893539428711e+00
1.712578654289245605e+00,2.718352794647216797e+00
3.308238029479980469e+00,2.693455219268798828e+00
-2.239324003458023071e-01,2.038923501968383789e+00
1.191657781600952148e+00,3.190715610980987549e-01
-5.524333119392395020e-01,2.730252265930175781e+00
-2.666837573051452637e-01,1.489972233772277832e+00
-6.707857251167297363e-01,1.536397576332092285e+00
1.347572803497314453e+00,3.900863170623779297e+00
2.342247962951660156e+00,2.540374279022216797e+00
2.020042896270751953e+00,8.250779509544372559e-01
2.346390962600708008e+00,2.634545803070068359e+00
-4.949350357055664062e-01,2.762806653976440430e+00
2.260026037693023682e-01,2.089217185974121094e+00
2.111236333847045898e+00,3.291714668273925781e+00
7.971045374870300293e-01,2.795584440231323242e+00
2.366268157958984375e+00,3.298783779144287109e+00
1.024085760116577148e+00,2.304238796234130859e+00
-5.970444083213806152e-01,1.725440621376037598e+00
1.507019877433776855e+00,3.287378072738647461e+00
3.419499993324279785e-01,3.441554784774780273e+00
-3.373119831085205078e-01,2.280581951141357422e+00
-2.077680081129074097e-01,2.216683387756347656e+00
3.515755236148834229e-01,3.333500146865844727e+00
2.088968038558959961e+00,2.792698860168457031e+00
3.088292479515075684e-01,2.601800918579101562e+00
-2.107493430376052856e-01,2.371996402740478516e+00
1.710162043571472168e+00,2.360629558563232422e+00
-5.400171279907226562e-01,1.940193653106689453e+00
-1.125725984573364258e+00,2.275171279907226562e+00
7.616512179374694824e-01,3.364591121673583984e+00
2.290524169802665710e-02,2.733906507492065430e+00
-1.770875304937362671e-01,1.139367103576660156e+00
-5.725154876708984375e-01,1.824319481849670410e+00
1.870102643966674805e+00,7.615590691566467285e-01
6.078350543975830078e-01,1.399605870246887207e+00
-2.205290347337722778e-01,2.377275705337524414e+00
1.048615336418151855e+00,2.908334493637084961e+00
3.461785316467285156e+00,3.039556503295898438e+00
2.541424512863159180e+00,2.467001438140869141e+00
6.005020067095756531e-02,2.920176982879638672e+00
-5.185940861701965332e-01,2.023120164871215820e+00
5.595960617065429688e-01,1.156261563301086426e+00
-8.183570504188537598e-01,3.003504753112792969e+00
9.011580944061279297e-01,3.727973222732543945e+00
1.658055901527404785e+00,2.710054159164428711e+00
1.610425829887390137e+00,2.668624877929687500e+00
1.830047130584716797e+00,2.917657852172851562e+00
2.170677900314331055e+00,2.573851585388183594e+00
-7.173703312873840332e-01,3.103321075439453125e+00
1.477124840021133423e-01,1.417275905609130859e+00
5.110731720924377441e-01,1.949700951576232910e+00
7.762349247932434082e-01,1.658086657524108887e+00
-1.164480686187744141e+00,1.327254295349121094e+00
-2.068446949124336243e-02,2.522519588470458984e+00
-2.467531114816665649e-01,2.177146434783935547e+00
6.987736225128173828e-01,2.572627544403076172e+00
1.178203463554382324e+00,3.459621906280517578e+00
2.432320117950439453e-01,1.936674356460571289e+00
2.031814575195312500e+00,1.518873453140258789e+00
3.394922733306884766e+00,2.931613922119140625e+00
3.270937800407409668e-01,2.355376958847045898e+00
9.389067292213439941e-01,1.784619688987731934e+00
-2.743758559226989746e-01,1.832445263862609863e+00
2.020008414983749390e-01,2.081136465072631836e+00
-1.474844962358474731e-01,3.116666316986083984e+00
2.067923069000244141e+00,1.862697839736938477e+00
9.601903557777404785e-01,3.024503231048583984e+00
2.983775377273559570e+00,2.485617876052856445e+00
1.492996931076049805e+00,2.992391109466552734e+00
1.035857558250427246e+00,2.095232963562011719e+00
2.730077981948852539e+00,3.237370014190673828e+00
3.470830917358398438e+00,2.049998760223388672e+00
-5.924143195152282715e-01,3.266015052795410156e+00
2.477229595184326172e+00,2.849734544754028320e+00
2.338158845901489258e+00,3.210137844085693359e+00
3.226977825164794922e+00,2.643674373626708984e+00
5.471245050430297852e-01,2.288168430328369141e+00
-1.204399228096008301e+00,1.261000037193298340e+00
3.476809244602918625e-03,1.548685669898986816e+00
1.787434220314025879e+00,2.473400592803955078e+00
-3.046498000621795654e-01,2.009736299514770508e+00
1.574454188346862793e+00,1.860518217086791992e+00
1.447324305772781372e-01,3.215681552886962891e+00
2.234097003936767578e+00,3.049513578414916992e+00
5.813492462038993835e-02,2.454175472259521484e+00
1.762594580650329590e+00,1.603877305984497070e+00
1.065977334976196289e+00,2.543945789337158203e+00
-3.750678896903991699e-01,1.836669087409973145e+00
-2.611979842185974121e-01,1.690572977066040039e+00
1.137232899665832520e+00,2.268915176391601562e+00
9.066224694252014160e-01,2.833881616592407227e+00
2.859842061996459961e+00,2.375614881515502930e+00
-1.182906508445739746e+00,1.512653470039367676e+00
5.407694578170776367e-01,2.985348701477050781e+00
-1.340642094612121582e+00,2.094773769378662109e+00
-3.167284131050109863e-01,1.187909603118896484e+00
8.882393836975097656e-01,2.689977169036865234e+00
1.314147263765335083e-01,2.859274625778198242e+00
-3.987637758255004883e-01,2.993549823760986328e+00
1.787346750497817993e-01,2.215856075286865234e+00
-3.517589867115020752e-01,1.558548092842102051e+00
1.087214827537536621e+00,1.686734795570373535e+00
2.636003494262695312e+00,3.501319646835327148e+00
4.647794961929321289e-01,3.104117393493652344e+00
2.111244678497314453e+00,2.627863883972167969e+00
-1.402985900640487671e-01,3.088004589080810547e+00
1.149954915046691895e+00,1.794108748435974121e+00
-4.688067138195037842e-01,1.999931335449218750e+00
-8.354955911636352539e-01,1.362157225608825684e+00
2.485225677490234375e+00,2.408259868621826172e+00
1.175362542271614075e-01,2.705802440643310547e+00
-1.042382344603538513e-01,1.800220251083374023e+00
1.152654960751533508e-01,1.966459989547729492e+00
-5.240879058837890625e-01,2.333793640136718750e+00
4.183362424373626709e-01,2.212941408157348633e+00
2.013482332229614258e+00,2.249963760375976562e+00
2.666993141174316406e+00,3.091594457626342773e+00
9.912530779838562012e-01,1.772709250450134277e+00
3.998201489448547363e-01,3.056346893310546875e+00
1.195369005203247070e+00,2.540588855743408203e+00
-4.543583095073699951e-01,2.268283843994140625e+00
-4.167013764381408691e-01,2.518630266189575195e+00
8.252811431884765625e-01,2.480104923248291016e+00
1.791130900382995605e+00,2.643282413482666016e+00
1.810504078865051270e+00,4.202045917510986328e+00
2.837543725967407227e+00,3.068205356597900391e+00
2.977322101593017578e+00,2.602091073989868164e+00
-3.939059376716613770e-01,2.201037168502807617e+00
1.881906032562255859e+00,4.690823853015899658e-01
-5.280697941780090332e-01,2.264004230499267578e+00
1.334351748228073120e-01,1.551641464233398438e+00
-5.247727632522583008e-01,2.460866928100585938e+00
3.293222427368164062e+00,2.468437671661376953e+00
1.401827216148376465e+00,2.666791439056396484e+00
2.120985269546508789e+00,2.547863721847534180e+00
4.538829252123832703e-02,2.383381605148315430e+00
-1.891383081674575806e-01,2.385208606719970703e+00
2.888648033142089844e+00,3.465529680252075195e+00
1.429749131202697754e+00,2.824376106262207031e+00
6.749868392944335938e-01,2.442333698272705078e+00
-5.087633803486824036e-02,3.161856412887573242e+00
1.853666752576828003e-01,1.871382951736450195e+00
2.154730319976806641e+00,3.660457849502563477e+00
2.701806545257568359e+00,2.380007743835449219e+00
3.067896366119384766e+00,3.381187200546264648e+00
6.230627298355102539e-01,2.011702537536621094e+00
2.304428666830062866e-01,2.981268405914306641e+00
2.983266830444335938e+00,3.233364582061767578e+00
1.479422926902770996e+00,1.726053237915039062e+00
4.553988575935363770e-01,2.376920223236083984e+00
-7.110054492950439453e-01,2.654122352600097656e+00
-1.374301165342330933e-01,2.964383125305175781e+00
1.008549451828002930e+00,2.021335601806640625e+00
6.464085578918457031e-01,3.681478977203369141e+00
8.314290046691894531e-01,2.551564216613769531e+00
8.765808939933776855e-01,2.415862083435058594e+00
3.064186334609985352e+00,1.681210756301879883e+00
1.325094342231750488e+00,2.496249675750732422e+00
-5.124038457870483398e-01,2.704390048980712891e+00
3.749333143234252930e+00,2.871970653533935547e+00
-2.280766516923904419e-01,2.460598945617675781e+00
1.688269734382629395e+00,1.534801363945007324e+00
-3.207471966743469238e-01,1.018193364143371582e+00
7.970991730690002441e-01,2.365682601928710938e+00
3.106806278228759766e+00,3.205629825592041016e+00
1.523157000541687012e+00,1.997490525245666504e+00
1.550983935594558716e-01,2.656950712203979492e+00
-1.530727624893188477e+00,1.522489666938781738e+00
2.541681528091430664e+00,2.458688259124755859e+00
1.951426625251770020e+00,2.878194570541381836e+00
1.206408500671386719e+00,9.395285248756408691e-01
-2.164134532213211060e-01,2.795319795608520508e+00
1.125682234764099121e+00,2.011185407638549805e+00
1.008673906326293945e+00,1.773508787155151367e+00
-2.823411300778388977e-02,2.987087965011596680e+00
1.908778697252273560e-01,2.755311012268066406e+00
-6.294576525688171387e-01,2.507631778717041016e+00
1.286724448204040527e+00,2.210131645202636719e+00
1.861686944961547852e+00,2.487122297286987305e+00
1.355063170194625854e-01,3.303751468658447266e+00
-2.472708076238632202e-01,1.592100262641906738e+00
-1.608956954441964626e-03,3.500300884246826172e+00
9.543641209602355957e-01,3.302923202514648438e+00
8.083258867263793945e-01,2.101228475570678711e+00
3.316396713256835938e+00,2.699145793914794922e+00
1.099144577980041504e+00,8.219372630119323730e-01
-3.575364053249359131e-01,1.111996293067932129e+00
-9.731401801109313965e-01,1.632980227470397949e+00
2.091851979494094849e-01,2.876581192016601562e+00
1.279446840286254883e+00,1.622049212455749512e+00
2.605888843536376953e+00,3.148689746856689453e+00
2.379588603973388672e+00,2.794768810272216797e+00
2.275269985198974609e+00,1.403966784477233887e+00
7.826397567987442017e-02,2.042747020721435547e+00
1.512610077857971191e+00,1.626343846321105957e+00
4.274959564208984375e-01,1.935253739356994629e+00
2.541604995727539062e+00,2.593376159667968750e+00
-1.664531350135803223e+00,1.492595076560974121e+00
-6.046344712376594543e-02,2.248812913894653320e+00
5.980076789855957031e-01,1.830605506896972656e+00
3.074223995208740234e+00,2.956847906112670898e+00
1.882183700799942017e-01,2.144892215728759766e+00
2.558990716934204102e-01,2.521712541580200195e+00
4.360480234026908875e-02,1.639871954917907715e+00
2.465700626373291016e+00,3.493661403656005859e+00
6.344141364097595215e-01,3.243954896926879883e+00
8.953877091407775879e-01,2.439584255218505859e+00
1.099177718162536621e+00,2.265233755111694336e+00
2.527279853820800781e+00,3.186817169189453125e+00
4.663470983505249023e-01,3.137153863906860352e+00
2.686169624328613281e+00,3.710813283920288086e+00
8.587160110473632812e-01,2.843940973281860352e+00
1.941569209098815918e+00,2.381640195846557617e+00
1.755035370588302612e-01,2.358214378356933594e+00
3.205244779586791992e+00,3.169358253479003906e+00
-1.455276757478713989e-01,2.225489616394042969e+00
2.822556018829345703e+00,2.563753128051757812e+00
-7.055596113204956055e-01,2.095492601394653320e+00
1.436703324317932129e+00,1.910205245018005371e+00
-2.630617618560791016e-01,1.964645981788635254e+00
9.396449476480484009e-02,1.282740116119384766e+00
1.060725808143615723e+00,3.151382446289062500e+00
1.458873391151428223e+00,3.086420536041259766e+00
1.275532126426696777e+00,1.950448513031005859e+00
3.881262540817260742e-01,2.110610485076904297e+00
1.446809649467468262e+00,2.502881765365600586e+00
9.577600359916687012e-01,2.217126369476318359e+00
-4.091783761978149414e-01,7.847550511360168457e-01
6.278105974197387695e-01,2.818839550018310547e+00
3.742731809616088867e-01,2.247456789016723633e+00
-9.142552018165588379e-01,1.906377196311950684e+00
1.630574345588684082e+00,2.998578071594238281e+00
1.318877100944519043e+00,2.125590324401855469e+00
1.984307169914245605e+00,1.771483540534973145e+00
7.333948016166687012e-01,3.317236185073852539e+00
3.402211666107177734e+00,2.340353012084960938e+00
-9.086562991142272949e-01,2.230389118194580078e+00
3.064994573593139648e+00,2.741488933563232422e+00
3.754906952381134033e-01,1.903350472450256348e+00
-8.313562273979187012e-01,1.316591620445251465e+00
-9.636462926864624023e-01,1.744773268699645996e+00
-4.347947835922241211e-01,1.344409823417663574e+00
-1.332162693142890930e-02,3.076497554779052734e+00
1.106745675206184387e-01,2.367982864379882812e+00
-3.492083251476287842e-01,2.238656997680664062e+00
2.541501998901367188e+00,3.073629856109619141e+00
-1.276603460311889648e+00,1.699002146720886230e+00
9.422529339790344238e-01,3.162741899490356445e+00
2.057195663452148438e+00,3.485372781753540039e+00
3.074872493743896484e+00,3.096659183502197266e+00
-4.675815701484680176e-01,1.563023924827575684e+00
-6.652165651321411133e-01,1.946721792221069336e+00
-2.683272659778594971e-01,2.707141876220703125e+00
7.304989695549011230e-01,3.427721023559570312e+00
2.846226990222930908e-01,1.509448170661926270e+00
1.076858878135681152e+00,2.762669086456298828e+00
2.455759048461914062e+00,2.976862430572509766e+00
-2.536756992340087891e-01,1.528204321861267090e+00
-9.887655377388000488e-01,2.396003246307373047e+00
-8.308653235435485840e-01,2.161136388778686523e+00
5.739103555679321289e-01,2.474958896636962891e+00
6.724109053611755371e-01,1.808109879493713379e+00
4.657449126243591309e-01,1.094077348709106445e+00
-4.328250885009765625e-01,1.835230946540832520e+00
6.467800736427307129e-01,2.228772163391113281e+00
4.857125282287597656e-01,1.672532200813293457e+00
2.046194791793823242e+00,3.192865610122680664e+00
1.999239563941955566e+00,3.400899410247802734e+00
-2.667799592018127441e-01,2.398880958557128906e+00
4.603295922279357910e-01,1.766875743865966797e+00
3.450293540954589844e+00,2.233129501342773438e+00
3.400595784187316895e-01,1.945701479911804199e+00
-2.317785173654556274e-01,2.566436052322387695e+00
1.136302232742309570e+00,2.064734220504760742e+00
9.325412660837173462e-02,2.332688808441162109e+00
1.120558977127075195e+00,1.781211256980895996e+00
1.723290205001831055e+00,2.703180313110351562e+00
2.280869960784912109e+00,2.557015419006347656e+00
-3.105294406414031982e-01,7.581786513328552246e-01
5.598165988922119141e-01,1.993874192237854004e+00
-6.944855451583862305e-01,1.744425415992736816e+00
3.232683837413787842e-01,2.763223886489868164e+00
9.443328529596328735e-02,1.690597414970397949e+00
6.063483953475952148e-01,1.565875172615051270e+00
1.730692505836486816e+00,2.900352478027343750e+00
1.542906880378723145e+00,2.274397850036621094e+00
2.838889658451080322e-01,1.380386233329772949e+00
1.880158901214599609e+00,2.238391399383544922e+00
1.533633112907409668e+00,2.583097457885742188e+00
3.078173875808715820e+00,2.636682033538818359e+00
2.484638214111328125e+00,2.731716394424438477e+00
2.998510360717773438e+00,1.956741690635681152e+00
6.668741106986999512e-01,3.423402309417724609e+00
1.405941128730773926e+00,3.043979883193969727e+00
1.919346451759338379e+00,3.647671222686767578e+00
9.573647379875183105e-01,3.285367965698242188e+00
1.411945462226867676e+00,2.750211238861083984e+00
1.485137581825256348e+00,2.662376880645751953e+00
2.434891223907470703e+00,3.345293521881103516e+00
-5.001538395881652832e-01,1.929850459098815918e+00
9.798115491867065430e-01,3.442700624465942383e+00
7.860390543937683105e-01,2.552164793014526367e+00
8.072177767753601074e-01,1.869600772857666016e+00
-4.048802852630615234e-01,1.378912925720214844e+00
3.053267002105712891e-01,2.455089092254638672e+00
6.770646572113037109e-01,1.321438193321228027e+00
2.495368957519531250e+00,2.052615642547607422e+00
-1.350584477186203003e-01,2.144633293151855469e+00
1.624741911888122559e+00,3.135873794555664062e+00
1.551060006022453308e-02,1.280126214027404785e+00
2.387450933456420898e-01,2.796569347381591797e+00
1.926226973533630371e+00,2.128436088562011719e+00
1.465303659439086914e+00,2.986780405044555664e+00
1.434118628501892090e+00,2.490177869796752930e+00
-2.692054212093353271e-01,2.118938207626342773e+00
1.734928637742996216e-01,3.009912967681884766e+00
-6.244019865989685059e-01,2.293218374252319336e+00
1.756975352764129639e-01,3.541081428527832031e+00
2.319049835205078125e+00,2.351308107376098633e+00
2.785524368286132812e+00,3.119165897369384766e+00
-8.964335322380065918e-01,6.101453900337219238e-01
-1.695405989885330200e-01,2.454355239868164062e+00
-5.192288756370544434e-01,2.170336723327636719e+00
-4.884761571884155273e-01,1.791619658470153809e+00
8.773273825645446777e-01,1.996723532676696777e+00
-1.066878065466880798e-01,2.991920471191406250e+00
3.310310840606689453e-01,2.021579265594482422e+00
1.462186694145202637e+00,3.301958560943603516e+00
-7.168866991996765137e-01,1.687551617622375488e+00
5.957214236259460449e-01,1.967925310134887695e+00
3.027702867984771729e-01,1.204307079315185547e+00
-4.071669578552246094e-01,2.695547103881835938e+00
-2.511118352413177490e-01,1.590687870979309082e+00
2.122645854949951172e+00,1.344563722610473633e+00
-6.057198643684387207e-01,2.211241245269775391e+00
2.252961635589599609e+00,2.594487667083740234e+00
1.264709681272506714e-01,2.654501438140869141e+00
1.817857146263122559e+00,2.903577089309692383e+00
9.198259711265563965e-01,3.014576911926269531e+00
1.059555888175964355e+00,1.858050942420959473e+00
3.158700942993164062e+00,2.883383512496948242e+00
1.574462532997131348e+00,1.429141402244567871e+00
-5.508344247937202454e-02,1.295124650001525879e+00
3.275810182094573975e-01,2.471887111663818359e+00
1.614750981330871582e+00,2.924385070800781250e+00
-1.163788437843322754e+00,9.537569284439086914e-01
2.419387817382812500e+00,3.169882774353027344e+00
1.840333938598632812e+00,2.320839881896972656e+00
-1.020973801612854004e+00,1.710358738899230957e+00
2.199416905641555786e-01,2.983436107635498047e+00
4.453354477882385254e-01,2.132857322692871094e+00
1.704058498144149780e-01,2.530401229858398438e+00
5.435307025909423828e-01,2.806365966796875000e+00
3.041991233825683594e+00,2.201213836669921875e+00
6.715754866600036621e-01,2.242011070251464844e+00
5.479474067687988281e-01,2.254175662994384766e+00
-5.952837467193603516e-01,2.223895549774169922e+00
-2.017014101147651672e-02,2.231314182281494141e+00
2.436703443527221680e+00,2.875825166702270508e+00
-6.559897661209106445e-01,9.975880980491638184e-01
3.116568565368652344e+00,2.113769769668579102e+00
-4.034911468625068665e-02,1.978178858757019043e+00
3.101744413375854492e+00,2.628719329833984375e+00
1.545014619827270508e+00,2.308804512023925781e+00
2.987591549754142761e-02,1.617491364479064941e+00
8.968434482812881470e-02,1.919979214668273926e+00
4.263119995594024658e-01,1.481623291969299316e+00
2.755207538604736328e+00,2.627954483032226562e+00
3.428854703903198242e+00,3.260592460632324219e+00
1.227450013160705566e+00,2.565788030624389648e+00
2.665869712829589844e+00,2.789216995239257812e+00
-2.335338443517684937e-01,6.413190960884094238e-01
2.354394942522048950e-01,2.603841781616210938e+00
7.469919919967651367e-01,3.488634109497070312e+00
1.314601659774780273e+00,2.328769683837890625e+00
4.408248066902160645e-01,2.277901172637939453e+00
1.630627989768981934e+00,2.803356170654296875e+00
-6.987484097480773926e-01,1.264554619789123535e+00
-7.126175761222839355e-01,2.097669363021850586e+00
1.557184308767318726e-01,1.579815506935119629e+00
2.945700168609619141e+00,2.814528465270996094e+00
9.506915807723999023e-01,2.843886375427246094e+00
1.749785780906677246e+00,2.119972705841064453e+00
-1.215365290641784668e+00,9.539067745208740234e-01
1.906405240297317505e-01,2.723976612091064453e+00
6.197900176048278809e-01,3.488677501678466797e+00
4.243552982807159424e-01,1.823434829711914062e+00
-1.062234759330749512e+00,2.280728340148925781e+00
-6.806417107582092285e-01,1.696570515632629395e+00
2.478506565093994141e+00,2.734850406646728516e+00
1.254494071006774902e+00,2.387718200683593750e+00
-1.910728365182876587e-01,2.787250757217407227e+00
2.594881057739257812e+00,3.667256593704223633e+00
2.591556310653686523e+00,2.855999946594238281e+00
4.776327908039093018e-01,3.474673271179199219e+00
-7.783876061439514160e-01,2.129595756530761719e+00
1.443349272012710571e-01,2.126956462860107422e+00
-1.244155049324035645e+00,2.278072118759155273e+00
1.441164374351501465e+00,2.932083368301391602e+00
-1.570254713296890259e-01,1.229689240455627441e+00
-1.552707105875015259e-01,1.819794535636901855e+00
-3.346049785614013672e-01,8.783091902732849121e-01
1.783511757850646973e+00,2.229728221893310547e+00
2.101218223571777344e+00,2.686590671539306641e+00
1.039712205529212952e-01,1.550118565559387207e+00
1.116049170494079590e+00,2.580012798309326172e+00
5.743190646171569824e-01,2.713247299194335938e+00
1.879901528358459473e+00,2.252546310424804688e+00
1.996616005897521973e+00,2.460493087768554688e+00
-1.264605969190597534e-01,1.460295438766479492e+00
5.664463639259338379e-01,3.264542579650878906e+00
-2.039197236299514771e-01,1.496684432029724121e+00
-2.808189988136291504e-01,1.912944197654724121e+00
1.202695488929748535e+00,2.487297534942626953e+00
-2.566266059875488281e-01,1.555426716804504395e+00
1.506916642189025879e+00,1.319407582283020020e+00
2.870700955390930176e-01,2.592873096466064453e+00
2.145590782165527344e+00,2.273146629333496094e+00
-5.212748646736145020e-01,1.506834983825683594e+00
-1.530282378196716309e+00,2.155234336853027344e+00
1.430497050285339355e+00,2.795128822326660156e+00
1.361416101455688477e+00,2.529366970062255859e+00
1.423361659049987793e+00,2.169683218002319336e+00
2.724747657775878906e-01,2.581510543823242188e+00
-8.210719823837280273e-01,2.535034656524658203e+00
3.050460100173950195e+00,3.881972074508666992e+00
-5.510278940200805664e-01,2.955939292907714844e+00
9.795252233743667603e-02,1.936947703361511230e+00
2.727390527725219727e+00,3.342030525207519531e+00
1.942710518836975098e+00,3.335614204406738281e+00
1.866848349571228027e+00,2.300314426422119141e+00
2.100602865219116211e+00,3.618589878082275391e+00
2.955253049731254578e-02,2.713366985321044922e+00
-6.957931518554687500e-01,1.657305359840393066e+00
-1.595433801412582397e-01,3.131996631622314453e+00
-1.267337650060653687e-01,1.557080149650573730e+00
-3.825812935829162598e-01,2.644068241119384766e+00
-6.648558378219604492e-01,2.984258890151977539e+00
3.479914069175720215e-01,1.982781648635864258e+00
2.025773763656616211e+00,1.532101154327392578e+00
2.124032497406005859e+00,2.774339437484741211e+00
-8.034953474998474121e-01,1.322626590728759766e+00
-8.205173015594482422e-01,1.606769919395446777e+00
2.190938472747802734e+00,2.839882373809814453e+00
2.223150014877319336e+00,1.652111530303955078e+00
2.980040550231933594e+00,2.518414974212646484e+00
4.312087893486022949e-01,3.306989669799804688e+00
4.058724641799926758e-01,1.848292946815490723e+00
9.058438539505004883e-01,2.208991527557373047e+00
2.515351295471191406e+00,2.391205549240112305e+00
2.913350105285644531e+00,2.196537017822265625e+00
3.267489194869995117e+00,2.888851165771484375e+00
-8.976702094078063965e-01,1.202644586563110352e+00
1.070282235741615295e-01,3.418352603912353516e+00
3.911754131317138672e+00,2.370687246322631836e+00
3.426531314849853516e+00,2.805866956710815430e+00
-2.793927192687988281e-01,1.378662705421447754e+00
4.376154243946075439e-01,3.257255315780639648e+00
2.468915462493896484e+00,2.901017665863037109e+00
-1.168962195515632629e-02,1.010896086692810059e+00
-4.513672292232513428e-01,1.835562109947204590e+00
4.068496227264404297e-01,2.949965000152587891e+00
2.950103044509887695e+00,1.546849012374877930e+00
1.000448107719421387e+00,1.740381836891174316e+00
1.660916447639465332e+00,1.292160511016845703e+00
-2.997152805328369141e-01,2.367516517639160156e+00
1.525931715965270996e+00,2.699406147003173828e+00
1.287755250930786133e+00,3.386878967285156250e+00
7.315161824226379395e-01,2.499890565872192383e+00
-4.887785017490386963e-01,2.597145557403564453e+00
-1.602886795997619629e+00,1.895114898681640625e+00
7.461301684379577637e-01,3.086840629577636719e+00
1.755811125040054321e-01,1.398663163185119629e+00
1.090521812438964844e+00,3.112884998321533203e+00
7.404022812843322754e-01,1.820468187332153320e+00
-2.720027044415473938e-02,2.158516883850097656e+00
1.026255369186401367e+00,3.129395008087158203e+00
5.759029984474182129e-01,2.824321269989013672e+00
8.863976001739501953e-01,2.481765747070312500e+00
2.279164075851440430e+00,2.247176170349121094e+00
3.486623287200927734e+00,2.762748003005981445e+00
2.910298347473144531e+00,2.756854534149169922e+00
8.728475570678710938e-01,3.286169528961181641e+00
6.109694242477416992e-01,1.714393258094787598e+00
3.155243396759033203e-01,2.708636045455932617e+00
7.116759419441223145e-01,1.598573088645935059e+00
1.545646667480468750e+00,1.131144046783447266e+00
9.315249323844909668e-01,1.547943115234375000e+00
9.778789430856704712e-02,2.417724609375000000e+00
-5.048491954803466797e-01,1.118562579154968262e+00
1.256711840629577637e+00,1.761970996856689453e+00
1.614526152610778809e+00,1.968426823616027832e+00
-2.787510752677917480e-01,1.551810383796691895e+00
7.212192416191101074e-01,2.283106803894042969e+00
2.201695442199707031e+00,-3.398516774177551270e-02
7.112681865692138672e-01,1.999779224395751953e+00
2.026885986328125000e+00,2.326886653900146484e+00
-6.472935080528259277e-01,1.692160964012145996e+00
-6.044118404388427734e-01,1.552407145500183105e+00
6.273723244667053223e-01,1.876961231231689453e+00
7.653883099555969238e-01,2.503360271453857422e+00
9.454545974731445312e-01,2.950231075286865234e+00
1.412805676460266113e+00,1.951507449150085449e+00
2.196965694427490234e+00,2.330841302871704102e+00
9.453219175338745117e-01,2.336843729019165039e+00
1.103872418403625488e+00,2.123213768005371094e+00
4.600185155868530273e-01,3.097549438476562500e+00
-3.524577021598815918e-01,2.030554771423339844e+00
-4.134763181209564209e-01,2.379940032958984375e+00
9.970365166664123535e-01,1.515836477279663086e+00
1.549585014581680298e-01,1.589248776435852051e+00
-1.174420639872550964e-01,1.876509189605712891e+00
6.777716875076293945e-01,4.028048992156982422e+00
-5.143411755561828613e-01,1.438210129737854004e+00
3.011121273040771484e+00,2.664347887039184570e+00
1.539369463920593262e+00,2.358509778976440430e+00
-1.349106431007385254e+00,1.665047645568847656e+00
-1.118533372879028320e+00,1.420206189155578613e+00
-1.184723734855651855e+00,1.010935664176940918e+00
-6.715339422225952148e-01,1.804054260253906250e+00
-7.295492291450500488e-01,2.694755554199218750e+00
2.476671457290649414e+00,1.984509468078613281e+00
4.896529912948608398e-01,2.882343292236328125e+00
2.403184175491333008e+00,7.698670029640197754e-01
1.137676477432250977e+00,2.775751352310180664e+00
1.036157131195068359e+00,1.922348856925964355e+00
2.402993917465209961e+00,2.407998800277709961e+00
-1.045663356781005859e+00,2.415454864501953125e+00
2.225621223449707031e+00,3.145702838897705078e+00
-9.036957621574401855e-01,1.969773292541503906e+00
-3.110711574554443359e-01,3.144939422607421875e+00
-5.533211231231689453e-01,1.480242848396301270e+00
-1.069919094443321228e-01,9.320421814918518066e-01
2.968818187713623047e+00,2.284182310104370117e-01
2.765839099884033203e+00,1.971250057220458984e+00
5.367298051714897156e-02,1.850278019905090332e+00
-6.834827065467834473e-01,9.058923125267028809e-01
8.419553041458129883e-01,2.613756656646728516e+00
2.031019687652587891e+00,1.566859364509582520e+00
-5.848737955093383789e-01,2.161064863204956055e+00
-4.130695760250091553e-01,3.073223114013671875e+00
1.375183820724487305e+00,2.386321067810058594e+00
4.801814854145050049e-01,2.319762229919433594e+00
1.290842652320861816e+00,2.469601154327392578e+00
6.776000261306762695e-01,2.434827327728271484e+00
2.016473531723022461e+00,2.207363128662109375e+00
-5.371416807174682617e-01,1.242580294609069824e+00
-8.746464848518371582e-01,2.102480173110961914e+00
1.534777641296386719e+00,1.907832026481628418e+00
2.300170898437500000e+00,2.580431938171386719e+00
8.752114772796630859e-01,1.750369787216186523e+00
1.359620809555053711e+00,2.726998329162597656e+00
7.483627200126647949e-01,2.354045391082763672e+00
-2.512560188770294189e-01,8.505985140800476074e-01
2.397325485944747925e-01,1.719179630279541016e+00
-5.553984045982360840e-01,2.093644142150878906e+00
2.797344446182250977e+00,3.335009336471557617e+00
-2.339353710412979126e-01,3.094671726226806641e+00
2.616977691650390625e+00,2.906872510910034180e+00
3.011618852615356445e+00,3.371565580368041992e+00
-9.195747971534729004e-01,2.529179573059082031e+00
2.925325870513916016e+00,1.651261210441589355e+00
6.970990449190139771e-02,1.332010865211486816e+00
9.435225725173950195e-01,1.795998573303222656e+00
6.877920627593994141e-01,1.133793830871582031e+00
9.270273447036743164e-01,2.881726264953613281e+00
9.301777482032775879e-01,2.755192518234252930e+00
2.658092498779296875e+00,2.553232669830322266e+00
1.783788800239562988e+00,2.321321010589599609e+00
-4.141154289245605469e-01,2.234855413436889648e+00
8.220349550247192383e-01,2.984644412994384766e+00
-9.559027552604675293e-01,2.610757112503051758e+00
-6.421979665756225586e-01,1.729461312294006348e+00
2.312557935714721680e+00,2.577906370162963867e+00
-7.238088250160217285e-01,1.485690832138061523e+00
6.808758378028869629e-01,1.467171549797058105e+00
-4.030509665608406067e-02,2.103098630905151367e+00
2.043224334716796875e+00,2.511572837829589844e+00
1.221610680222511292e-01,2.532022953033447266e+00
1.286668539047241211e+00,2.094639539718627930e+00
-2.461331039667129517e-01,1.661549925804138184e+00
1.177477598190307617e+00,1.485156655311584473e+00
1.784422993659973145e+00,1.777254462242126465e+00
2.251469135284423828e+00,2.667339801788330078e+00
2.717844843864440918e-01,2.822463989257812500e+00
1.399287104606628418e+00,3.073972940444946289e+00
5.737503170967102051e-01,3.103596210479736328e+00
2.335598468780517578e+00,2.545458316802978516e+00
3.054897069931030273e+00,3.498948812484741211e+00
1.072286248207092285e+00,1.088537335395812988e+00
-6.276353448629379272e-02,1.566542506217956543e+00
1.303123116493225098e+00,3.218179225921630859e+00
9.138948321342468262e-01,2.299940824508666992e+00
-7.280636429786682129e-01,3.349862098693847656e+00
1.036371231079101562e+00,2.956214427947998047e+00
2.809564113616943359e+00,2.742228984832763672e+00
6.499219536781311035e-01,1.898388147354125977e+00
2.521350860595703125e+00,3.545106172561645508e+00
5.412309765815734863e-01,2.380798578262329102e+00
-1.865791156888008118e-02,3.401110172271728516e+00
1.520540952682495117e+00,6.415680050849914551e-01
4.177773594856262207e-01,2.881966590881347656e+00
2.385356873273849487e-01,1.858393788337707520e+00
1.094218134880065918e+00,2.474310398101806641e+00
1.466989994049072266e+00,2.688819885253906250e+00
2.316973209381103516e+00,2.377569198608398438e+00
7.451750636100769043e-01,2.564999103546142578e+00
-3.344879150390625000e-01,1.692149758338928223e+00
-1.265700340270996094e+00,2.430550575256347656e+00
1.929768204689025879e+00,2.822871685028076172e+00
-3.511748909950256348e-01,2.393254756927490234e+00
9.577677249908447266e-01,1.616778135299682617e+00
9.288116097450256348e-01,2.684066772460937500e+00
-2.703880071640014648e-01,2.182316303253173828e+00
2.362780570983886719e+00,2.530702829360961914e+00
-2.142573148012161255e-01,2.614573955535888672e+00
2.222745895385742188e+00,2.208572387695312500e+00
3.553173243999481201e-01,1.602523803710937500e+00
1.423489600419998169e-01,1.804961323738098145e+00
1.548823475837707520e+00,2.949364423751831055e+00
1.230635523796081543e+00,2.396536588668823242e+00
1.189624905586242676e+00,2.302003383636474609e+00
-4.934842288494110107e-01,1.468731522560119629e+00
-4.572457671165466309e-01,2.874328136444091797e+00
2.628261566162109375e+00,1.492861390113830566e+00
6.601166725158691406e-01,9.460183382034301758e-01
-7.325310111045837402e-01,2.412341594696044922e+00
-5.031548142433166504e-01,1.553586125373840332e+00
1.184166789054870605e+00,1.997855663299560547e+00
1.507837057113647461e+00,1.455078125000000000e+00
3.043621540069580078e+00,3.263190507888793945e+00
2.876322269439697266e+00,1.500010967254638672e+00
2.928150653839111328e+00,3.112406253814697266e+00
3.364463150501251221e-01,3.382899284362792969e+00
-9.144830107688903809e-01,1.224082827568054199e+00
1.097173690795898438e+00,1.912824749946594238e+00
9.682185053825378418e-01,2.099276065826416016e+00
1.465360969305038452e-01,2.273733615875244141e+00
3.475984096527099609e+00,2.814260959625244141e+00
-8.765569925308227539e-01,2.774498939514160156e+00
-9.487263560295104980e-01,1.572878718376159668e+00
2.204833269119262695e+00,3.317728996276855469e+00
-2.775994539260864258e-01,2.086442470550537109e+00
2.977434158325195312e+00,3.050952911376953125e+00
1.227448061108589172e-01,2.655325174331665039e+00
9.872905015945434570e-01,2.985855579376220703e+00
1.762786507606506348e+00,1.658723354339599609e+00
5.938223004341125488e-01,2.456267118453979492e+00
-1.842913776636123657e-01,1.966290116310119629e+00
-3.932297229766845703e-01,2.558827161788940430e+00
2.052087306976318359e+00,9.545146822929382324e-01
-7.318224310874938965e-01,1.351545453071594238e+00
3.177893757820129395e-01,2.933570623397827148e+00
-4.603902101516723633e-01,1.270880699157714844e+00
6.517971754074096680e-01,3.102720022201538086e+00
-1.066348910331726074e+00,2.405026912689208984e+00
1.481698989868164062e+00,2.917362928390502930e+00
1.028656959533691406e+00,2.113928318023681641e+00
8.680384755134582520e-01,9.891746640205383301e-01
2.219388961791992188e+00,3.133987188339233398e+00
2.140667676925659180e+00,9.550546407699584961e-01
1.043112993240356445e+00,1.922297596931457520e+00
-8.029518127441406250e-01,2.629729986190795898e+00
1.023426175117492676e+00,2.535880088806152344e+00
1.642393946647644043e+00,2.032777547836303711e+00
6.779235005378723145e-01,3.070244789123535156e+00
3.280939102172851562e+00,3.791054487228393555e+00
2.740230083465576172e+00,2.770771503448486328e+00
1.875546216964721680e+00,3.042136430740356445e+00
8.437393903732299805e-01,2.808370590209960938e+00
1.384480595588684082e+00,3.471529483795166016e+00
1.511246323585510254e+00,1.882207870483398438e+00
2.074248313903808594e+00,2.681764364242553711e+00
-4.436067938804626465e-01,2.943744659423828125e+00
6.477003693580627441e-01,1.710522532463073730e+00
5.814646482467651367e-01,3.035286903381347656e+00
1.115784764289855957e+00,2.878636598587036133e+00
-5.039944648742675781e-01,1.747868180274963379e+00
2.289405345916748047e+00,2.262364387512207031e+00
1.288440376520156860e-01,1.657574295997619629e+00
-9.828677028417587280e-02,2.061231136322021484e+00
4.545148313045501709e-01,2.402558565139770508e+00
1.666976928710937500e+00,3.348236799240112305e+00
2.570218563079833984e+00,2.149675369262695312e+00
5.230354070663452148e-01,2.556955099105834961e+00
-3.879198431968688965e-01,1.806214690208435059e+00
1.600201010704040527e+00,3.022749662399291992e+00
-2.310390025377273560e-01,1.262657523155212402e+00
2.108123779296875000e+00,3.226584911346435547e+00
-1.045446515083312988e+00,1.453882098197937012e+00
-2.104023247957229614e-01,3.083246231079101562e+00
1.317437887191772461e+00,1.994229912757873535e+00
1.613084673881530762e+00,1.480311155319213867e+00
9.060364216566085815e-03,1.390833497047424316e+00
1.228853344917297363e+00,1.844832748174667358e-01
1.629609465599060059e+00,1.637783885002136230e+00
1.588897943496704102e+00,2.856934547424316406e+00
2.874889373779296875e+00,2.582195281982421875e+00
1.090669393539428711e+00,2.394958019256591797e+00
2.249476611614227295e-01,2.741120815277099609e+00
9.818346053361892700e-02,1.388447642326354980e+00
2.183770895004272461e+00,2.349670410156250000e+00
-4.447156786918640137e-01,1.881234884262084961e+00
5.333844423294067383e-01,3.415015459060668945e+00
4.005385562777519226e-02,2.683343410491943359e+00
9.803807735443115234e-01,3.377423763275146484e+00
7.473139166831970215e-01,2.164710998535156250e+00
6.146708130836486816e-01,2.942396163940429688e+00
2.173521518707275391e+00,3.043071985244750977e+00
2.500441312789916992e+00,3.286893129348754883e+00
-5.688873529434204102e-01,1.772541522979736328e+00
5.230311751365661621e-01,2.590552330017089844e+00
-1.784633547067642212e-01,2.014536380767822266e+00
1.858654499053955078e+00,2.029397010803222656e+00
-1.234599590301513672e+00,1.414396405220031738e+00
2.253148078918457031e+00,2.927029609680175781e+00
3.720576465129852295e-01,2.043231248855590820e+00
1.945485830307006836e+00,2.583539009094238281e+00
-8.236764073371887207e-01,1.466723918914794922e+00
-3.851200640201568604e-01,1.390743732452392578e+00
7.123906612396240234e-01,1.437187075614929199e+00
-7.866998910903930664e-01,1.033174395561218262e+00
2.921733856201171875e-01,1.838516354560852051e+00
3.094033598899841309e-01,1.971805214881896973e+00
-3.355556726455688477e-01,2.551351070404052734e+00
3.716380357742309570e+00,2.876085996627807617e+00
1.099915623664855957e+00,1.423826813697814941e+00
2.445423305034637451e-01,2.047003269195556641e+00
2.347974330186843872e-01,1.939519286155700684e+00
-2.106484919786453247e-01,1.469988703727722168e+00
2.471365928649902344e+00,1.867577314376831055e+00
9.245029091835021973e-01,2.214077949523925781e+00
2.156196832656860352e+00,2.597642898559570312e+00
2.258749485015869141e+00,3.500338554382324219e+00
1.149152517318725586e+00,2.993613004684448242e+00
1.662605166435241699e+00,2.395050048828125000e+00
-3.241353109478950500e-02,7.758080363273620605e-01
-1.541950255632400513e-01,2.308898925781250000e+00
3.191846132278442383e+00,2.496880292892456055e+00
-1.395694613456726074e+00,2.031014442443847656e+00
-1.993144899606704712e-01,2.324383497238159180e+00
1.750775575637817383e+00,2.592119455337524414e+00
1.117005705833435059e+00,2.021661281585693359e+00
-3.926994279026985168e-02,9.141609072685241699e-01
2.593688011169433594e+00,3.658602714538574219e+00
-2.543651461601257324e-01,2.918141365051269531e+00
1.959419250488281250e+00,2.245140075683593750e+00
4.489384889602661133e-01,2.604808092117309570e+00
1.004983782768249512e+00,1.401383042335510254e+00
1.073709845542907715e+00,3.148894548416137695e+00
-8.793370723724365234e-01,2.471662282943725586e+00
-3.523298501968383789e-01,1.861386537551879883e+00
8.626038432121276855e-01,1.451851725578308105e+00
2.943421006202697754e-01,3.341594457626342773e+00
1.520413398742675781e+00,3.019932746887207031e+00
-3.961451351642608643e-01,1.992808103561401367e+00
-3.742236196994781494e-01,1.802477478981018066e+00
-2.262571156024932861e-01,2.473226070404052734e+00
-1.791384667158126831e-01,2.919993162155151367e+00
2.161445617675781250e+00,2.610507965087890625e+00
3.337556838989257812e+00,3.047886371612548828e+00
-9.010674357414245605e-01,2.303058147430419922e+00
-6.252157092094421387e-01,1.716564297676086426e+00
-9.248014092445373535e-01,1.648306012153625488e+00
1.794187188148498535e+00,1.595417022705078125e+00
1.357328057289123535e+00,2.047935247421264648e+00
1.781114697456359863e+00,2.221514463424682617e+00
1.537906050682067871e+00,2.681162834167480469e+00
2.049951076507568359e+00,2.485903263092041016e+00
-4.444164633750915527e-01,1.851620078086853027e+00
2.511303901672363281e+00,2.010533332824707031e+00
1.976585507392883301e+00,2.611089706420898438e+00
-3.042106702923774719e-02,2.242740869522094727e+00
2.160654544830322266e+00,2.204057693481445312e+00
1.599258780479431152e+00,2.860789060592651367e+00
1.724573254585266113e+00,2.416944503784179688e+00
-3.806622028350830078e-01,1.415230393409729004e+00
-6.562299132347106934e-01,2.390108108520507812e+00
2.565781831741333008e+00,3.172656059265136719e+00
3.227154731750488281e+00,2.301404237747192383e+00
-4.883424043655395508e-01,2.874759674072265625e+00
-7.091701626777648926e-01,2.853138923645019531e+00
1.667454838752746582e+00,3.426797628402709961e+00
5.294730663299560547e-01,1.651470541954040527e+00
5.857608318328857422e-01,1.335147619247436523e+00
-7.562895417213439941e-01,2.024740219116210938e+00
-2.565276622772216797e-01,1.941256046295166016e+00
-2.864568531513214111e-01,1.766449332237243652e+00
-2.789968848228454590e-01,3.125886917114257812e+00
2.528410553932189941e-01,1.930782198905944824e+00
2.406633347272872925e-01,2.728580236434936523e+00
5.356437563896179199e-01,3.908401727676391602e+00
1.162762165069580078e+00,2.765434026718139648e+00
1.807444334030151367e+00,1.910172104835510254e+00
-1.140989899635314941e+00,6.061728596687316895e-01
-3.175854384899139404e-01,1.799236059188842773e+00
3.394297957420349121e-01,1.975940942764282227e+00
1.161602020263671875e+00,2.350456237792968750e+00
9.900771379470825195e-01,3.281383037567138672e+00
1.942859292030334473e+00,1.744332551956176758e+00
1.220781922340393066e+00,1.594505190849304199e+00
1.371704488992691040e-01,1.937146425247192383e+00
-2.628455460071563721e-01,2.162660121917724609e+00
2.468251228332519531e+00,2.736141681671142578e+00
2.656431123614311218e-02,2.756816625595092773e+00
1.802428841590881348e+00,1.943063616752624512e+00
-9.525249004364013672e-01,9.197614192962646484e-01
3.260676383972167969e+00,3.644458055496215820e+00
7.321880012750625610e-02,2.311942577362060547e+00
1.965137124061584473e+00,3.141693830490112305e+00
3.816395401954650879e-01,1.488767504692077637e+00
1.254328250885009766e+00,1.567213892936706543e+00
-4.844447970390319824e-01,1.416401743888854980e+00
1.086810111999511719e+00,1.684930682182312012e+00
8.487610220909118652e-01,2.785714626312255859e+00
1.321672081947326660e+00,2.971458196640014648e+00
-2.422838360071182251e-01,2.327220916748046875e+00
2.363747596740722656e+00,2.235712528228759766e+00
4.164537191390991211e-01,2.312001705169677734e+00
3.021469354629516602e+00,2.879668235778808594e+00
1.200521111488342285e+00,2.664636850357055664e+00
2.916166186332702637e-01,1.948841452598571777e+00
-7.864867895841598511e-02,1.928795218467712402e+00
1.905122637748718262e+00,8.778722025454044342e-03
3.064547106623649597e-02,1.885010123252868652e+00
2.907963991165161133e-01,2.554770946502685547e+00
2.338576793670654297e+00,1.464200854301452637e+00
8.847444057464599609e-01,2.423806190490722656e+00
9.769833087921142578e-01,2.543439626693725586e+00
-4.506474435329437256e-01,1.724892735481262207e+00
6.191279292106628418e-01,3.507497310638427734e+00
6.175137758255004883e-01,3.519530534744262695e+00
-6.033189296722412109e-01,2.285966634750366211e+00
2.251979827880859375e+00,1.922026634216308594e+00
3.684491872787475586e+00,1.294090151786804199e+00
-4.417001008987426758e-01,2.456762790679931641e+00
-2.160135060548782349e-01,1.191417455673217773e+00
1.160129070281982422e+00,2.666210174560546875e+00
2.661142349243164062e+00,1.805589914321899414e+00
2.529834210872650146e-01,2.192765235900878906e+00
6.349213123321533203e-01,1.843532323837280273e+00
1.771176218986511230e+00,2.713228702545166016e+00
6.649430990219116211e-01,2.312998294830322266e+00
-2.129756361246109009e-01,1.093474864959716797e+00
3.296222686767578125e+00,2.081901311874389648e+00
-6.936925053596496582e-01,1.496857762336730957e+00
1.443727850914001465e+00,3.873903036117553711e+00
5.258884429931640625e-01,2.334760665893554688e+00
-7.593847513198852539e-01,2.757861375808715820e+00
2.409873962402343750e+00,1.416355490684509277e+00
1.932467699050903320e+00,2.492659091949462891e+00
-1.549418419599533081e-01,1.754609942436218262e+00
1.505684256553649902e+00,2.759326219558715820e+00
1.706674844026565552e-01,2.300811529159545898e+00
-5.512748956680297852e-01,2.192898273468017578e+00
1.747726678848266602e+00,3.022711992263793945e+00
2.173638820648193359e+00,2.894361257553100586e+00
1.004515290260314941e+00,2.617964982986450195e+00
-8.528386950492858887e-01,1.382382035255432129e+00
-1.894826143980026245e-01,3.339907646179199219e+00
2.007559537887573242e+00,3.778618097305297852e+00
9.979871511459350586e-01,2.976711273193359375e+00
-1.989410668611526489e-01,2.200375556945800781e+00
2.843623876571655273e+00,2.691609382629394531e+00
-6.553318351507186890e-02,1.772881627082824707e+00
-2.865203917026519775e-01,1.567849040031433105e+00
2.531376838684082031e+00,2.443859338760375977e+00
1.192716240882873535e+00,1.709300637245178223e+00
6.663935780525207520e-01,8.723069429397583008e-01
2.343933582305908203e+00,3.090302228927612305e+00
-2.983019649982452393e-01,1.922246813774108887e+00
-6.116672754287719727e-01,2.229084253311157227e+00
1.559389948844909668e+00,3.085304260253906250e+00
2.334114313125610352e-01,2.310127258300781250e+00
2.537324428558349609e+00,3.512032032012939453e+00
1.988746523857116699e+00,3.577569484710693359e+00
-7.166178822517395020e-01,1.242403745651245117e+00
3.483794212341308594e+00,3.204270124435424805e+00
2.405892848968505859e+00,2.218816280364990234e+00
1.702700138092041016e+00,1.532135367393493652e+00
-1.289197057485580444e-01,1.492506623268127441e+00
1.319429278373718262e+00,1.887482285499572754e+00
1.395322084426879883e+00,8.978151082992553711e-01
6.872037798166275024e-02,1.985817313194274902e+00
2.675650835037231445e+00,2.431795358657836914e+00
-5.515369772911071777e-01,1.509423136711120605e+00
4.902017116546630859e-01,3.535034179687500000e+00
2.755089521408081055e+00,3.619359016418457031e+00
3.195530414581298828e+00,2.254715442657470703e+00
2.305982828140258789e+00,2.197286128997802734e+00
1.334264397621154785e+00,1.197385668754577637e+00
1.045523047447204590e+00,2.030628204345703125e+00
2.165955066680908203e+00,3.134605407714843750e+00
2.810773849487304688e-01,3.416563749313354492e+00
-5.562723875045776367e-01,3.289730072021484375e+00
1.343080163002014160e+00,2.409906625747680664e+00
2.921252727508544922e+00,3.450075864791870117e+00
4.837793707847595215e-01,3.192086219787597656e+00
1.536533474922180176e+00,2.793355464935302734e+00
9.470087885856628418e-01,1.357802033424377441e+00
1.949706196784973145e+00,2.556683063507080078e+00
1.981786489486694336e+00,2.456831216812133789e+00
4.167914390563964844e-01,2.670909643173217773e+00
-3.102739453315734863e-01,1.940239429473876953e+00
6.172161698341369629e-01,3.348948478698730469e+00
1.534885048866271973e+00,2.166736841201782227e+00
2.435865402221679688e+00,2.761548042297363281e+00
3.351273238658905029e-01,1.861913323402404785e+00
3.245125293731689453e+00,3.038930654525756836e+00
-2.674075365066528320e-01,1.875124812126159668e+00
3.233453750610351562e+00,2.738383531570434570e+00
1.868087291717529297e+00,1.931895852088928223e+00
-1.241911649703979492e+00,1.650406718254089355e+00
-1.419897526502609253e-01,3.515565633773803711e+00
-4.201086238026618958e-02,2.609605789184570312e+00
6.313137412071228027e-01,-1.796120107173919678e-01
1.108581662178039551e+00,2.549512863159179688e+00
1.493392348289489746e+00,3.273343086242675781e+00
1.390222430229187012e+00,1.521115660667419434e+00
4.701886773109436035e-01,2.432279825210571289e+00
3.245232701301574707e-01,1.739601850509643555e+00
1.991784095764160156e+00,2.661488294601440430e+00
2.715513229370117188e+00,3.126152753829956055e+00
-3.474186658859252930e-01,2.286724090576171875e+00
8.186704516410827637e-01,2.481310844421386719e+00
6.006387993693351746e-02,2.517069816589355469e+00
-7.175403237342834473e-01,2.383766651153564453e+00
1.091971039772033691e+00,3.179702997207641602e+00
-1.222636625170707703e-01,2.066555023193359375e+00
-4.425753355026245117e-01,8.505987524986267090e-01
-1.592059850692749023e+00,1.142104864120483398e+00
1.330487132072448730e+00,1.426807999610900879e+00
3.185578584671020508e-01,1.614646434783935547e+00
2.834526300430297852e+00,3.721775531768798828e+00
4.395156502723693848e-01,3.298243522644042969e+00
2.186261177062988281e+00,3.189218997955322266e+00
2.637531995773315430e+00,2.351273775100708008e+00
4.191309809684753418e-01,1.469415307044982910e+00
1.501600503921508789e+00,2.983229160308837891e+00
2.329776287078857422e+00,2.148874759674072266e+00
1.746963739395141602e+00,3.038113117218017578e+00
1.933159232139587402e+00,2.904375553131103516e+00
-5.654940009117126465e-01,8.597988486289978027e-01
7.132781147956848145e-01,2.873289108276367188e+00
-8.146231770515441895e-01,2.354955673217773438e+00
4.860911071300506592e-01,3.436009407043457031e+00
-4.106318056583404541e-01,1.611633181571960449e+00
-3.452050089836120605e-01,3.023408889770507812e+00
2.247973203659057617e+00,1.302777528762817383e+00
1.862774372100830078e+00,3.043339490890502930e+00
1.511020421981811523e+00,2.326034545898437500e+00
3.496377170085906982e-01,1.762324213981628418e+00
1.716037631034851074e+00,7.874852418899536133e-01
-6.255679577589035034e-02,1.371839404106140137e+00
1.909012675285339355e+00,3.397547483444213867e+00
-1.165056467056274414e+00,1.050357937812805176e+00
-6.978072524070739746e-01,1.763419151306152344e+00
2.107295036315917969e+00,2.305443763732910156e+00
9.874321222305297852e-01,2.223987579345703125e+00
1.793458819389343262e+00,1.511765718460083008e+00
2.679403126239776611e-01,3.234292507171630859e+00
-9.965476989746093750e-01,2.374479770660400391e+00
1.294357657432556152e+00,2.345319747924804688e+00
1.837009191513061523e+00,1.915381073951721191e+00
-8.261470198631286621e-01,2.178694248199462891e+00
-5.511834099888801575e-02,1.791482448577880859e+00
2.863269805908203125e+00,2.579838275909423828e+00
-7.785151004791259766e-01,1.888442158699035645e+00
-9.838965535163879395e-01,1.625757932662963867e+00
1.504388332366943359e+00,1.970905810594558716e-01
9.722200036048889160e-01,5.396253466606140137e-01
2.131791591644287109e+00,2.371044635772705078e+00
1.592004001140594482e-01,3.684532165527343750e+00
3.176991939544677734e-01,2.198495149612426758e+00
1.906186223030090332e+00,3.405698776245117188e+00
4.046181738376617432e-01,2.774868965148925781e+00
6.441790461540222168e-01,1.841316699981689453e+00
1.226601481437683105e+00,3.281449794769287109e+00
1.283041596412658691e+00,1.692357897758483887e+00
-9.845011830329895020e-01,1.239072084426879883e+00
1.770014166831970215e+00,3.824033021926879883e+00
1.780542612075805664e+00,1.389614582061767578e+00
1.583802223205566406e+00,2.421319961547851562e+00
2.141110897064208984e+00,2.003916978836059570e+00
3.135667324066162109e+00,3.175028085708618164e+00
1.015238523483276367e+00,1.930784821510314941e+00
1.464093089103698730e+00,3.351607799530029297e+00
-4.417857527732849121e-01,2.153418540954589844e+00
1.021691441535949707e+00,3.306541442871093750e+00
2.293735980987548828e+00,1.597109794616699219e+00
3.965608119964599609e+00,2.493681907653808594e+00
-4.282818734645843506e-01,2.447415828704833984e+00
2.367743492126464844e+00,2.380476474761962891e+00
7.445998191833496094e-01,2.334894895553588867e+00
-3.872200548648834229e-01,1.595844626426696777e+00
-4.356173872947692871e-01,9.784577488899230957e-01
-6.476928014308214188e-03,1.774493336677551270e+00
8.190453648567199707e-01,3.538009643554687500e+00
-1.356775313615798950e-01,2.428413391113281250e+00
1.314898729324340820e+00,1.729944825172424316e+00
1.506870508193969727e+00,1.647629618644714355e+00
-1.265236258506774902e+00,1.125892043113708496e+00
2.111298084259033203e+00,2.704335153102874756e-01
2.329821348190307617e+00,2.738840341567993164e+00
1.172751545906066895e+00,3.622354984283447266e+00
1.705788016319274902e+00,2.052293777465820312e+00
-8.872688412666320801e-01,1.973487973213195801e+00
-3.845568373799324036e-02,3.247354984283447266e+00
1.841453909873962402e+00,3.007707118988037109e+00
1.418255448341369629e+00,2.043767929077148438e+00
-8.087029308080673218e-02,2.783390045166015625e+00
-3.617706596851348877e-01,1.619217276573181152e+00
3.388273715972900391e+00,3.073273658752441406e+00
2.147834300994873047e+00,3.695924758911132812e+00
3.102108478546142578e+00,2.722948551177978516e+00
-9.447327852249145508e-01,2.254370212554931641e+00
3.360228538513183594e+00,2.798031806945800781e+00
5.282240509986877441e-01,2.210134983062744141e+00
-6.873016357421875000e-01,2.144186496734619141e+00
9.245980381965637207e-01,2.830648422241210938e+00
9.014422446489334106e-02,2.437285661697387695e+00
2.230659961700439453e+00,3.855540037155151367e+00
-3.800241351127624512e-01,2.049777030944824219e+00
1.936217188835144043e+00,2.414474248886108398e+00
1.145571112632751465e+00,2.908416986465454102e+00
3.568527221679687500e+00,2.332064867019653320e+00
3.128424644470214844e+00,2.512434720993041992e+00
3.019608974456787109e+00,2.088986873626708984e+00
-1.999432891607284546e-01,1.530944347381591797e+00
-6.966649293899536133e-01,1.474654197692871094e+00
4.272762537002563477e-01,2.378104209899902344e+00
8.198803067207336426e-01,2.940529346466064453e+00
9.326699972152709961e-01,2.105234146118164062e+00
-3.342790305614471436e-01,2.024306297302246094e+00
2.042280435562133789e+00,2.240262508392333984e+00
2.382899999618530273e+00,2.554909706115722656e+00
-2.221100032329559326e-01,2.602667093276977539e+00
-5.433940291404724121e-01,1.191622376441955566e+00
9.949800968170166016e-01,2.288722038269042969e+00
3.800251185894012451e-01,1.346147775650024414e+00
3.240880489349365234e+00,3.193387031555175781e+00
1.203078389167785645e+00,1.790603756904602051e+00
1.946518063545227051e+00,1.913880228996276855e+00
2.910653352737426758e-01,1.903918504714965820e+00
3.084993958473205566e-01,1.988461852073669434e+00
2.423207759857177734e-01,2.074163913726806641e+00
3.846401572227478027e-01,3.144735574722290039e+00
3.303666591644287109e+00,2.096965312957763672e+00
2.438312053680419922e+00,3.411896467208862305e+00
3.343646526336669922e+00,3.001187324523925781e+00
4.034038066864013672e+00,2.564020633697509766e+00
3.613629937171936035e-01,2.069514274597167969e+00
6.801024675369262695e-01,1.492703557014465332e+00
1.407410264015197754e+00,2.584774017333984375e+00
7.474002242088317871e-01,2.874742269515991211e+00
2.512386322021484375e+00,2.408668518066406250e+00
-9.484959840774536133e-01,1.741064786911010742e+00
-1.000318527221679688e+00,1.205551505088806152e+00
3.513716220855712891e+00,3.024581432342529297e+00
-4.083560705184936523e-01,1.380537390708923340e+00
3.009330034255981445e+00,2.449111700057983398e+00
-1.045698523521423340e+00,2.519171237945556641e+00
-6.281708478927612305e-01,2.355078697204589844e+00
5.214704871177673340e-01,2.175215244293212891e+00
1.395326972007751465e+00,2.346348762512207031e+00
2.239004135131835938e+00,2.683692455291748047e+00
1.139370799064636230e+00,2.102932929992675781e+00
-7.276530265808105469e-01,1.492332816123962402e+00
-1.003045937977731228e-03,1.594720959663391113e+00
2.844018936157226562e+00,2.170360326766967773e+00
-1.141535118222236633e-02,2.573184013366699219e+00
-1.743214875459671021e-01,1.076792836189270020e+00
-4.895601868629455566e-01,1.586562514305114746e+00
2.085462093353271484e+00,2.531628131866455078e+00
7.572919726371765137e-01,1.449337124824523926e+00
1.690344810485839844e+00,1.744870781898498535e+00
5.197367072105407715e-01,2.973345756530761719e+00
2.445917606353759766e+00,3.200800895690917969e+00
-5.046449974179267883e-02,1.035802364349365234e+00
-3.599911034107208252e-01,1.498803019523620605e+00
-6.563228368759155273e-01,2.142351150512695312e+00
2.342001438140869141e+00,2.363734960556030273e+00
-6.613748073577880859e-01,2.206118345260620117e+00
-1.001673862338066101e-01,7.514198422431945801e-01
5.458755418658256531e-02,3.050555706024169922e+00
1.952421069145202637e+00,2.570293903350830078e+00
-2.785982489585876465e-01,3.453552722930908203e+00
3.036349058151245117e+00,3.919504284858703613e-01
4.567010402679443359e-01,2.132309913635253906e+00
1.643562197685241699e+00,2.109978199005126953e+00
-4.194324612617492676e-01,1.752381205558776855e+00
5.053983330726623535e-01,3.529010772705078125e+00
1.609257459640502930e+00,2.563853740692138672e+00
-4.805345535278320312e-01,1.551374316215515137e+00
1.454342752695083618e-01,1.835688471794128418e+00
-4.173910915851593018e-01,1.517933726310729980e+00
1.090074300765991211e+00,2.473896026611328125e+00
1.974803805351257324e+00,2.518326282501220703e+00
2.322022676467895508e+00,3.397716045379638672e+00
-4.867357611656188965e-01,1.492754340171813965e+00
2.635722160339355469e+00,2.790941953659057617e+00
-4.961839914321899414e-01,2.102177858352661133e+00
6.884410977363586426e-01,2.675968170166015625e+00
2.544485330581665039e+00,2.498804092407226562e+00
-1.310214400291442871e+00,2.118431568145751953e+00
2.482396602630615234e+00,1.991279363632202148e+00
5.051485896110534668e-01,3.108266592025756836e+00
1.695673108100891113e+00,2.743547916412353516e+00
2.392721176147460938e+00,2.376065731048583984e+00
-3.183158114552497864e-02,2.456890106201171875e+00
-2.476125061511993408e-01,1.895326256752014160e+00
2.758721590042114258e+00,3.331158638000488281e+00
1.015613079071044922e+00,1.793301224708557129e+00
2.255820512771606445e+00,1.413197875022888184e+00
1.336732268333435059e+00,2.617595672607421875e+00
1.191664576530456543e+00,3.170924663543701172e+00
-8.115600943565368652e-01,1.871484994888305664e+00
1.221287012100219727e+00,3.580192804336547852e+00
2.076734066009521484e+00,2.846977233886718750e+00
-6.161296367645263672e-01,2.464416503906250000e+00
2.976574182510375977e+00,3.347837448120117188e+00
-7.991444468498229980e-01,2.015619039535522461e+00
1.268744826316833496e+00,2.248533010482788086e+00
-5.016746520996093750e-01,1.665091395378112793e+00
-9.062314033508300781e-01,2.268721342086791992e+00
1.625848412513732910e+00,2.463043928146362305e+00
1.206226274371147156e-02,2.283691167831420898e+00
9.756876826286315918e-01,3.257557868957519531e+00
-7.370600104331970215e-01,2.522931575775146484e+00
-5.703194141387939453e-01,2.312742948532104492e+00
-1.587396115064620972e-01,2.100834846496582031e+00
3.459394574165344238e-01,1.867727518081665039e+00
2.077736854553222656e+00,2.388676643371582031e+00
2.267020225524902344e+00,1.117058634757995605e+00
2.365821361541748047e+00,1.929538249969482422e+00
4.178494513034820557e-01,1.624572396278381348e+00
2.563208341598510742e+00,2.137975692749023438e+00
1.064304187893867493e-01,3.057774066925048828e+00
2.656915187835693359e-01,1.877434253692626953e+00
-4.113338887691497803e-01,1.546610713005065918e+00
-2.958040237426757812e-01,1.786875844001770020e+00
-3.066693544387817383e-01,3.503217220306396484e+00
-4.141176342964172363e-01,2.599630355834960938e+00
3.014341592788696289e-01,1.829142808914184570e+00
1.880099177360534668e+00,2.880434751510620117e+00
-7.579907774925231934e-01,2.314229965209960938e+00
1.546432375907897949e+00,2.530907869338989258e+00
-1.468670010566711426e+00,2.224845409393310547e+00
4.067928716540336609e-02,1.917870521545410156e+00
6.307132244110107422e-01,2.967375278472900391e+00
-1.390266865491867065e-01,2.306548833847045898e+00
-1.094324707984924316e+00,2.491674423217773438e+00
5.938826203346252441e-01,2.571433782577514648e+00
-7.216819375753402710e-02,1.721449494361877441e+00
3.332878351211547852e+00,2.648160934448242188e+00
3.532524704933166504e-01,2.794645786285400391e+00
-1.111636683344841003e-01,2.381415367126464844e+00
1.647493720054626465e+00,2.477006673812866211e+00
-7.970456480979919434e-01,1.520978569984436035e+00
-2.537027895450592041e-01,1.457656860351562500e+00
1.930050730705261230e+00,3.217817544937133789e+00
2.733752012252807617e+00,3.244276285171508789e+00
-6.153389215469360352e-01,1.147633671760559082e+00
2.169782638549804688e+00,2.413927555084228516e+00
2.871960163116455078e+00,2.907183647155761719e+00
2.254932165145874023e+00,2.673914194107055664e+00
1.323861241340637207e+00,2.086894989013671875e+00
3.271275997161865234e+00,2.652771472930908203e+00
-9.486081451177597046e-02,2.010731697082519531e+00
2.280894756317138672e+00,2.720160722732543945e+00
-6.032318472862243652e-01,2.766510963439941406e+00
2.946884155273437500e+00,2.707791805267333984e+00
-3.409718275070190430e-01,3.270683526992797852e+00
-5.298604369163513184e-01,3.085828781127929688e+00
1.437424540519714355e+00,3.048833847045898438e+00
-3.715145587921142578e-01,1.606954216957092285e+00
3.397096395492553711e-01,3.052538871765136719e+00
8.187334537506103516e-01,1.792030930519104004e+00
5.975934267044067383e-01,3.782569885253906250e+00
-2.415965944528579712e-01,3.345161199569702148e+00
1.236496046185493469e-01,2.294534683227539062e+00
8.917009234428405762e-01,3.530162811279296875e+00
1.914497017860412598e+00,2.069441556930541992e+00
1.713669419288635254e+00,3.693878650665283203e+00
-1.467606872320175171e-01,2.190986156463623047e+00
2.461758613586425781e+00,3.457953453063964844e+00
1.666449069976806641e+00,3.464414596557617188e+00
-2.643672823905944824e-01,2.792654991149902344e+00
7.980380058288574219e-01,2.311979770660400391e+00
2.250001668930053711e+00,3.401188373565673828e+00
-3.285900652408599854e-01,2.099831104278564453e+00
7.797942757606506348e-01,2.930866718292236328e+00
8.082755804061889648e-01,1.636070489883422852e+00
2.128783941268920898e+00,1.643934845924377441e+00
-7.379337400197982788e-02,1.556376338005065918e+00
1.868782564997673035e-02,1.423315644264221191e+00
-6.046516895294189453e-01,2.397588253021240234e+00
2.978054285049438477e+00,1.430496335029602051e+00
2.576723098754882812e+00,2.390061140060424805e+00
7.338894158601760864e-02,1.793850421905517578e+00
2.217384815216064453e+00,3.011412620544433594e+00
2.908781528472900391e+00,2.000330924987792969e+00
1.648290604352951050e-01,3.434057712554931641e+00
1.571232199668884277e+00,1.783320665359497070e+00
1.682834029197692871e+00,2.050554275512695312e+00
6.035035252571105957e-01,2.248491287231445312e+00
-9.761769175529479980e-01,1.176494002342224121e+00
-8.521651029586791992e-01,1.346042990684509277e+00
2.528101444244384766e+00,2.876232147216796875e+00
1.264343738555908203e+00,2.306532144546508789e+00
-1.146475672721862793e+00,1.932150244712829590e+00
-3.672962188720703125e-01,1.933183312416076660e+00
2.386816740036010742e+00,3.308375835418701172e+00
2.245503187179565430e+00,2.388124704360961914e+00
7.167086750268936157e-02,1.862028121948242188e+00
-2.845306396484375000e-01,3.289119720458984375e+00
3.206147551536560059e-01,2.466753482818603516e+00
1.021157979965209961e+00,3.165853023529052734e+00
-2.594078481197357178e-01,2.672605037689208984e+00
3.399846792221069336e+00,3.366834163665771484e+00
-5.269636511802673340e-01,2.417520046234130859e+00
8.048431277275085449e-01,1.621439695358276367e+00
-2.332811951637268066e-01,2.109007835388183594e+00
-7.202389240264892578e-01,1.146676898002624512e+00
-6.828968524932861328e-01,1.928928613662719727e+00
6.902592778205871582e-01,2.648622512817382812e+00
1.147007584571838379e+00,3.107326030731201172e+00
7.986671328544616699e-01,1.747831940650939941e+00
1.308520674705505371e+00,2.049058437347412109e+00
1.375415176153182983e-01,2.839563846588134766e+00
3.116476535797119141e+00,2.641618013381958008e+00
4.627689421176910400e-01,2.266245365142822266e+00
-5.635508894920349121e-01,2.546301841735839844e+00
6.632882356643676758e-01,1.966742396354675293e+00
2.990487575531005859e+00,1.742688417434692383e+00
3.705842494964599609e+00,2.861532688140869141e+00
-7.296221852302551270e-01,1.066369771957397461e+00
6.726662516593933105e-01,2.729913234710693359e+00
2.253865957260131836e+00,2.598693132400512695e+00
-1.658742874860763550e-01,2.385200023651123047e+00
1.240048766136169434e+00,1.279286265373229980e+00
1.275269389152526855e+00,2.274682283401489258e+00
1.339437603950500488e+00,3.001325607299804688e+00
-1.570980623364448547e-02,2.250530719757080078e+00
-9.001626819372177124e-02,2.239589452743530273e+00
2.634967565536499023e+00,2.429994583129882812e+00
1.592322945594787598e+00,2.632320404052734375e+00
-9.203406423330307007e-02,1.640649914741516113e+00
1.162359595298767090e+00,2.820723056793212891e+00
7.839824557304382324e-01,2.883209943771362305e+00
1.411674857139587402e+00,1.683169603347778320e+00
2.038284301757812500e+00,6.625998020172119141e-01
-5.901957154273986816e-01,3.442570447921752930e+00
2.188639402389526367e+00,2.414997100830078125e+00
3.389142990112304688e+00,2.231424808502197266e+00
1.431439995765686035e+00,2.382744789123535156e+00
1.302085280418395996e+00,2.351540565490722656e+00
-6.382996439933776855e-01,2.534218311309814453e+00
-5.466250181198120117e-01,3.029524564743041992e+00
-7.737264633178710938e-01,2.181281566619873047e+00
2.210995674133300781e+00,2.922308444976806641e+00
2.366101741790771484e+00,2.109536647796630859e+00
1.079323768615722656e+00,2.626342058181762695e+00
1.194822907447814941e+00,3.463048458099365234e+00
5.509889721870422363e-01,1.774470448493957520e+00
1.776471018791198730e+00,1.592379570007324219e+00
3.020710706710815430e+00,2.556308269500732422e+00
5.816882252693176270e-01,3.399599552154541016e+00
-6.397958397865295410e-01,1.933037519454956055e+00
2.369842529296875000e-01,3.016894817352294922e+00
1.130616068840026855e+00,2.969491004943847656e+00
2.312391757965087891e+00,1.912075400352478027e+00
-9.474369287490844727e-01,2.295455455780029297e+00
-5.613344311714172363e-01,1.549949884414672852e+00
-8.433150649070739746e-01,2.913611412048339844e+00
-5.983524918556213379e-01,9.895104169845581055e-01
-2.902095317840576172e-01,3.172584533691406250e+00
-7.691124081611633301e-01,2.160173654556274414e+00
2.081660032272338867e+00,3.131000995635986328e+00
-1.151432037353515625e+00,1.378066420555114746e+00
6.482667922973632812e-01,1.754351139068603516e+00
-3.268479406833648682e-01,1.961448550224304199e+00
1.465025424957275391e+00,2.313084363937377930e+00
-4.514336585998535156e-01,2.131982088088989258e+00
1.405427455902099609e+00,3.787311315536499023e+00
3.153007745742797852e+00,3.342329025268554688e+00
2.205041646957397461e+00,2.394115209579467773e+00
2.108457326889038086e+00,2.681466102600097656e+00
1.193045258522033691e+00,2.780534267425537109e+00
9.009469151496887207e-01,1.956326723098754883e+00
3.066443920135498047e+00,1.594251871109008789e+00
4.941286444664001465e-01,2.151228427886962891e+00
3.151544332504272461e-01,1.677734375000000000e+00
1.604792475700378418e+00,2.092296123504638672e+00
3.232734680175781250e+00,2.623661518096923828e+00
-6.197440624237060547e-01,1.668750166893005371e+00
7.211207747459411621e-01,2.082352161407470703e+00
2.821679115295410156e+00,1.904954552650451660e+00
1.715529799461364746e+00,1.216040730476379395e+00
1.387022495269775391e+00,2.921871662139892578e+00
1.379938721656799316e+00,3.256743907928466797e+00
1.182836055755615234e+00,2.994516134262084961e+00
1.787896275520324707e+00,2.300199985504150391e+00
-7.276713103055953979e-02,2.452422618865966797e+00
2.676604986190795898e+00,2.214050292968750000e+00
-1.761221438646316528e-01,9.264216423034667969e-01
2.294103145599365234e+00,2.098622798919677734e+00
1.531380653381347656e+00,2.658224105834960938e+00
-6.905818581581115723e-01,2.996582031250000000e+00
8.080373406410217285e-01,2.896265983581542969e+00
-9.585721492767333984e-01,2.062483787536621094e+00
2.349234074354171753e-01,2.245800018310546875e+00
2.190661430358886719e+00,2.631838798522949219e+00
-3.357155025005340576e-01,2.390754699707031250e+00
-8.418710827827453613e-01,1.451801896095275879e+00
9.398662447929382324e-01,1.615992188453674316e+00
1.922728180885314941e+00,1.807457089424133301e+00
1.365545749664306641e+00,3.008527755737304688e+00
-1.126871630549430847e-01,3.190153598785400391e+00
3.376032352447509766e+00,2.866955280303955078e+00
5.162541270256042480e-01,2.116468191146850586e+00
3.019855916500091553e-01,2.199780464172363281e+00
-1.648057601414620876e-03,2.727825403213500977e+00
-4.745084047317504883e-01,2.123717308044433594e+00
2.074633598327636719e+00,2.087600708007812500e+00
1.530717372894287109e+00,1.783285856246948242e+00
4.363163113594055176e-01,2.053663730621337891e+00
-5.663815140724182129e-01,1.808134913444519043e+00
-1.071211338043212891e+00,1.742296218872070312e+00
2.899830818176269531e+00,2.149750232696533203e+00
1.334992408752441406e+00,3.204674720764160156e+00
1.455158114433288574e+00,1.966010212898254395e+00
3.533053874969482422e+00,2.506244659423828125e+00
2.415288448333740234e+00,2.426132202148437500e+00
3.111689090728759766e+00,2.013421535491943359e+00
5.164689421653747559e-01,3.143728256225585938e+00
-5.921848416328430176e-01,2.264145374298095703e+00
-1.844034045934677124e-01,1.055209159851074219e+00
-3.627819120883941650e-01,1.330050110816955566e+00
1.587435603141784668e+00,2.456728458404541016e+00
-7.373913526535034180e-01,1.514598488807678223e+00
2.018684893846511841e-01,2.894032239913940430e+00
3.021765708923339844e+00,2.257838964462280273e+00
5.918194651603698730e-01,2.325851917266845703e+00
5.825801491737365723e-01,1.977343678474426270e+00
2.692459583282470703e+00,3.040743350982666016e+00
-1.172219038009643555e+00,2.450627565383911133e+00
1.148759484291076660e+00,2.777861595153808594e+00
6.282685995101928711e-01,3.463223457336425781e+00
-3.959883451461791992e-01,3.355583667755126953e+00
2.195636510848999023e+00,2.695361137390136719e+00
-7.250654101371765137e-01,1.174730062484741211e+00
-5.340929031372070312e-01,2.028841972351074219e+00
-3.769388496875762939e-01,1.663099646568298340e+00
6.713030487298965454e-02,3.639557361602783203e+00
2.435843944549560547e+00,2.253760337829589844e+00
-2.102824300527572632e-01,2.142811775207519531e+00
2.710695743560791016e+00,2.236851930618286133e+00
3.187964558601379395e-01,1.966346025466918945e+00
7.378078252077102661e-02,2.753305912017822266e+00
1.137511372566223145e+00,2.597134113311767578e+00
1.163914576172828674e-01,9.402819275856018066e-01
5.548988580703735352e-01,2.919587850570678711e+00
-4.402713775634765625e-01,2.001671314239501953e+00
4.951176643371582031e-01,2.231708526611328125e+00
9.538818150758743286e-02,2.915622949600219727e+00
-6.590877771377563477e-01,2.466135740280151367e+00
8.462328314781188965e-01,2.629818916320800781e+00
-4.883190393447875977e-01,2.046103954315185547e+00
3.512192726135253906e+00,2.823064804077148438e+00
1.305354475975036621e+00,2.020174503326416016e+00
2.984836339950561523e+00,3.161099433898925781e+00
1.116427183151245117e+00,2.402688026428222656e+00
-6.960152983665466309e-01,2.577767848968505859e+00
-5.930780768394470215e-01,1.260909557342529297e+00
-9.222816675901412964e-02,3.545516014099121094e+00
2.125704288482666016e+00,3.254436552524566650e-01
-1.682099550962448120e-01,1.845203757286071777e+00
-2.479538768529891968e-01,1.713742613792419434e+00
-1.160258054733276367e+00,1.292679905891418457e+00
1.889831662178039551e+00,1.355083584785461426e+00
1.075421571731567383e+00,2.017512321472167969e+00
3.445337712764739990e-01,2.899215221405029297e+00
-6.142988204956054688e-01,2.891849517822265625e+00
1.068233489990234375e+00,3.056405544281005859e+00
-1.547045856714248657e-01,2.860477924346923828e+00
1.379000067710876465e+00,2.858436584472656250e+00
1.908616065979003906e+00,2.745543956756591797e+00
3.763749897480010986e-01,2.604471445083618164e+00
2.771434307098388672e+00,3.143098831176757812e+00
-5.405253767967224121e-01,1.596693396568298340e+00
2.385378122329711914e+00,1.645731210708618164e+00
3.819386959075927734e-01,2.838581800460815430e+00
-3.294294476509094238e-01,1.693486928939819336e+00
1.575619220733642578e+00,-5.274088978767395020e-01
1.091820359230041504e+00,2.532243013381958008e+00
1.884622812271118164e+00,3.072034835815429688e+00
1.914316177368164062e+00,2.223576784133911133e+00
-3.578772246837615967e-01,1.785467267036437988e+00
-1.082940772175788879e-02,1.606472611427307129e+00
-5.862455368041992188e-01,1.971098780632019043e+00
1.231486916542053223e+00,3.892989397048950195e+00
-6.375423073768615723e-01,1.441751003265380859e+00
1.018850326538085938e+00,2.315441846847534180e+00
-6.314018368721008301e-01,2.683134555816650391e+00
2.006025314331054688e+00,1.549424648284912109e+00
-5.438421368598937988e-01,1.886292934417724609e+00
9.035707116127014160e-01,2.265005111694335938e+00
-1.862348988652229309e-02,1.974544405937194824e+00
-3.240882232785224915e-02,1.976811051368713379e+00
1.822314620018005371e+00,2.705768108367919922e+00
4.539656043052673340e-01,2.099353313446044922e+00
2.862809419631958008e+00,2.375951766967773438e+00
2.839084148406982422e+00,3.123061656951904297e+00
-1.461992144584655762e+00,1.047203063964843750e+00
7.355875968933105469e-01,1.293343901634216309e+00
-3.613546788692474365e-01,7.510065436363220215e-01
-3.444513976573944092e-01,1.428356051445007324e+00
9.994665980339050293e-01,3.076028108596801758e+00
1.384333893656730652e-02,2.464725494384765625e+00
1.927282094955444336e+00,2.776660442352294922e+00
2.636581420898437500e+00,3.567541360855102539e+00
4.693293869495391846e-01,2.152657032012939453e+00
7.313546538352966309e-01,1.470308661460876465e+00
1.504814743995666504e+00,2.349773883819580078e+00
9.983924031257629395e-01,2.470041275024414062e+00
9.782763123512268066e-01,2.955300807952880859e+00
-9.658446907997131348e-01,1.648290753364562988e+00
-1.286014914512634277e+00,1.971926808357238770e+00
1.668614506721496582e+00,1.295921921730041504e+00
2.244709968566894531e+00,2.702793598175048828e+00
5.078439041972160339e-02,1.976716876029968262e+00
-4.135674238204956055e-01,1.995713472366333008e+00
2.454773902893066406e+00,2.220858573913574219e+00
-7.528154253959655762e-01,1.963202118873596191e+00
5.654818415641784668e-01,2.420680522918701172e+00
-3.025739267468452454e-02,2.628532648086547852e+00
1.916509747505187988e+00,2.013813495635986328e+00
1.257315516471862793e+00,2.213013887405395508e+00
2.919889688491821289e+00,2.338042736053466797e+00
2.448769092559814453e+00,2.403625965118408203e+00
1.909100651741027832e+00,1.670069575309753418e+00
4.376356899738311768e-01,1.693598866462707520e+00
2.549657583236694336e+00,3.363199710845947266e+00
1.880571484565734863e+00,3.862556934356689453e+00
4.513642191886901855e-01,1.454362511634826660e+00
1.171487644314765930e-01,1.579627871513366699e+00
4.498054981231689453e-01,2.132259845733642578e+00
-2.434420138597488403e-01,2.053995132446289062e+00
2.090920358896255493e-01,1.501963734626770020e+00
-8.831428885459899902e-01,1.700062870979309082e+00
1.374526262283325195e+00,2.446582317352294922e+00
2.208815097808837891e+00,1.823758721351623535e+00
2.239494562149047852e+00,1.917298078536987305e+00
1.309654593467712402e+00,2.582880496978759766e+00
6.413253545761108398e-01,3.189964532852172852e+00
-1.561743170022964478e-01,1.365182518959045410e+00
-2.663618624210357666e-01,2.529448509216308594e+00
-2.179045379161834717e-01,2.622847795486450195e+00
1.202631115913391113e+00,4.374899864196777344e-01
-6.456144899129867554e-02,1.923788189888000488e+00
1.692695379257202148e+00,3.308268308639526367e+00
-5.134897828102111816e-01,1.588899493217468262e+00
3.331815600395202637e-01,2.534938573837280273e+00
3.224013090133666992e+00,2.415858030319213867e+00
-7.809205651283264160e-01,1.235501170158386230e+00
-3.599613904953002930e-01,2.781020641326904297e+00
-6.013329625129699707e-01,8.006314635276794434e-01
1.316899180412292480e+00,2.619452714920043945e+00
6.671572923660278320e-01,2.445834636688232422e+00
2.156188488006591797e+00,3.729582071304321289e+00
1.556477308273315430e+00,2.054482460021972656e+00
7.535768151283264160e-01,3.206688404083251953e+00
2.444137811660766602e+00,3.346196651458740234e+00
2.576642036437988281e+00,3.293740749359130859e+00
7.592336535453796387e-01,3.182106494903564453e+00
2.473650455474853516e+00,2.159074306488037109e+00
8.913629651069641113e-01,3.260996580123901367e+00
-1.285564064979553223e+00,1.117146849632263184e+00
-6.141641736030578613e-01,2.459821701049804688e+00
1.216052651405334473e+00,1.639251112937927246e+00
2.202794313430786133e+00,2.052470207214355469e+00
-8.794128149747848511e-02,2.201266527175903320e+00
1.655390620231628418e+00,2.206531524658203125e+00
8.525272011756896973e-01,2.034486293792724609e+00
5.615776777267456055e-01,2.148013591766357422e+00
2.352972269058227539e+00,2.765132665634155273e+00
1.427995800971984863e+00,-8.008043766021728516e-01
1.395084857940673828e+00,2.079513549804687500e+00
2.381118774414062500e+00,2.856241226196289062e+00
5.201714038848876953e-01,2.743752479553222656e+00
-6.694065928459167480e-01,1.654698252677917480e+00
2.762935876846313477e+00,3.201045036315917969e+00
-4.014812409877777100e-01,1.744941353797912598e+00
3.432592868804931641e+00,1.720813632011413574e+00
-4.672484472393989563e-02,1.566317200660705566e+00
8.477757126092910767e-02,1.650390982627868652e+00
2.316751241683959961e+00,3.367765903472900391e+00
8.486855626106262207e-01,2.650529384613037109e+00
1.533706545829772949e+00,1.483554482460021973e+00
6.588550806045532227e-01,3.656115055084228516e+00
-4.666967988014221191e-01,6.836291551589965820e-01
-2.892643213272094727e-01,1.068807125091552734e+00
7.348973155021667480e-01,1.122365236282348633e+00
-1.508134126663208008e+00,2.222023725509643555e+00
-1.290532588958740234e+00,9.460384249687194824e-01
3.229490280151367188e+00,2.891445636749267578e+00
1.416758775711059570e+00,3.707190990447998047e+00
-6.314712166786193848e-01,3.000299453735351562e+00
7.811315655708312988e-01,2.884562015533447266e+00
1.022610425949096680e+00,2.221157550811767578e+00
3.238390088081359863e-01,1.516820669174194336e+00
2.305000543594360352e+00,1.923099756240844727e+00
2.106295585632324219e+00,2.602963924407958984e+00
2.707921028137207031e+00,2.083783149719238281e+00
1.024216055870056152e+00,3.108814001083374023e+00
7.029908895492553711e-01,3.685923814773559570e+00
-5.084818601608276367e-01,2.862409830093383789e+00
3.815113008022308350e-01,3.099438190460205078e+00
-3.424718976020812988e-01,2.580465316772460938e+00
2.820621967315673828e+00,1.478285431861877441e+00
2.052217274904251099e-01,3.496174335479736328e+00
-3.386132791638374329e-02,1.918711543083190918e+00
9.139878749847412109e-01,1.507885098457336426e+00
8.543116599321365356e-02,1.220594167709350586e+00
2.522767543792724609e+00,2.263028621673583984e+00
3.194889783859252930e+00,1.790178775787353516e+00
-3.321790993213653564e-01,1.931580543518066406e+00
6.038736104965209961e-01,2.369446754455566406e+00
-3.903383612632751465e-01,2.415113449096679688e+00
3.741611480712890625e+00,2.910710096359252930e+00
2.117652818560600281e-02,3.239891529083251953e+00
-3.668068721890449524e-02,2.635592937469482422e+00
4.308379292488098145e-01,2.099583625793457031e+00
2.371711134910583496e-01,2.106700420379638672e+00
2.762804031372070312e+00,3.200164318084716797e+00
-5.159299969673156738e-01,3.428361415863037109e+00
1.315983533859252930e+00,2.911806583404541016e+00
3.993956089019775391e+00,2.192623853683471680e+00
6.546842455863952637e-01,1.672827243804931641e+00
1.428041011095046997e-01,1.218966841697692871e+00
2.171012639999389648e+00,1.955790400505065918e+00
-5.547847151756286621e-01,2.077468633651733398e+00
-1.119006156921386719e+00,4.962283670902252197e-01
-3.910360932350158691e-01,1.699393391609191895e+00
3.184177398681640625e+00,3.414866209030151367e+00
5.562934875488281250e-01,3.015651226043701172e+00
1.587062239646911621e+00,2.641914367675781250e+00
5.629171729087829590e-01,1.432961106300354004e+00
3.087825700640678406e-02,1.574619889259338379e+00
-1.231839299201965332e+00,1.506212592124938965e+00
-4.739202558994293213e-01,1.669004321098327637e+00
9.058995246887207031e-01,2.841710567474365234e+00
-7.758062481880187988e-01,1.754395246505737305e+00
8.492476493120193481e-02,8.341484069824218750e-01
1.575648307800292969e+00,2.476756095886230469e+00
2.134588956832885742e+00,2.003927707672119141e+00
4.127843379974365234e-01,2.080424785614013672e+00
-1.386018157005310059e+00,1.731557488441467285e+00
2.991345882415771484e+00,1.987844467163085938e+00
6.641300320625305176e-01,2.899564743041992188e+00
2.071449756622314453e+00,2.214516639709472656e+00
2.395591497421264648e+00,3.654790401458740234e+00
2.996863365173339844e+00,2.837650299072265625e+00
1.649544984102249146e-01,2.435142517089843750e+00
3.685432434082031250e+00,2.895900249481201172e+00
1.511994242668151855e+00,2.643124580383300781e+00
4.545916914939880371e-01,2.212359905242919922e+00
8.985145688056945801e-01,1.381052017211914062e+00
1.166904091835021973e+00,3.103513240814208984e+00
-4.202286303043365479e-01,1.567062020301818848e+00
8.110836148262023926e-01,3.609856605529785156e+00
1.801197409629821777e+00,3.512264251708984375e+00
2.455361604690551758e+00,3.021539688110351562e+00
-1.549594551324844360e-01,2.815178632736206055e+00
-1.402740836143493652e+00,1.852747082710266113e+00
1.414583772420883179e-01,2.499577045440673828e+00
-4.524006545543670654e-01,1.306994080543518066e+00
5.987564325332641602e-01,1.847435593605041504e+00
-2.755142450332641602e-01,2.054555654525756836e+00
1.100478410720825195e+00,1.937052369117736816e+00
1.267488479614257812e+00,2.276459217071533203e+00
-6.684520840644836426e-01,1.601895451545715332e+00
-5.174304842948913574e-01,1.688295960426330566e+00
8.764819055795669556e-02,1.942083239555358887e+00
1.260262370109558105e+00,2.534473419189453125e+00
1.781100749969482422e+00,1.903051018714904785e+00
-7.305051684379577637e-01,1.885224819183349609e+00
-1.354582071304321289e+00,1.074970364570617676e+00
3.611415863037109375e+00,2.778202056884765625e+00
3.125178813934326172e+00,3.087950706481933594e+00
1.041536331176757812e+00,2.560997962951660156e+00
1.164035081863403320e+00,3.057969570159912109e+00
2.677807331085205078e+00,1.524546384811401367e+00
1.264480471611022949e+00,1.836217522621154785e+00
3.313777968287467957e-02,1.736495494842529297e+00
1.159635558724403381e-01,1.468871951103210449e+00
8.563209325075149536e-02,2.325372219085693359e+00
1.494873523712158203e+00,2.693808555603027344e+00
-5.088144540786743164e-01,1.560718297958374023e+00
2.919169425964355469e+00,3.220377445220947266e+00
-7.297499775886535645e-01,1.451425909996032715e+00
1.809054255485534668e+00,2.230021476745605469e+00
2.606731891632080078e+00,2.997567176818847656e+00
-1.200136303901672363e+00,1.702167153358459473e+00
7.274935245513916016e-01,3.363502025604248047e+00
2.586195468902587891e+00,1.385916829109191895e+00
3.134779930114746094e+00,2.123074054718017578e+00
1.615306735038757324e+00,7.603861689567565918e-01
1.382090449333190918e+00,1.774617075920104980e+00
1.827064633369445801e+00,2.158215045928955078e+00
9.819412827491760254e-01,2.635151863098144531e+00
2.134470701217651367e+00,1.997530221939086914e+00
1.498080611228942871e+00,3.465362071990966797e+00
1.274616360664367676e+00,3.076611995697021484e+00
-4.928677678108215332e-01,7.981151938438415527e-01
3.060901880264282227e+00,3.547519445419311523e+00
2.385001659393310547e+00,2.872174024581909180e+00
-3.363854289054870605e-01,1.942742466926574707e+00
6.368393898010253906e-01,9.529575109481811523e-01
2.988898277282714844e+00,2.630370616912841797e+00
-4.382768869400024414e-01,1.930983185768127441e+00
2.319151401519775391e+00,2.640986919403076172e+00
2.400137424468994141e+00,2.166694402694702148e+00
6.198153495788574219e-01,3.039789676666259766e+00
5.170539021492004395e-01,3.126804351806640625e+00
1.761777758598327637e+00,2.681924581527709961e+00
2.964827299118041992e+00,3.134407043457031250e+00
1.902522325515747070e+00,3.557887554168701172e+00
2.495264291763305664e+00,2.685568332672119141e+00
2.195143461227416992e+00,2.860514640808105469e+00
1.210621237754821777e+00,1.798360228538513184e+00
1.965712189674377441e+00,1.848091959953308105e+00
2.515175819396972656e+00,2.412974119186401367e+00
8.645148873329162598e-01,3.702151298522949219e+00
-8.034863322973251343e-02,2.309278488159179688e+00
1.847969651222229004e+00,2.446801185607910156e+00
1.205756068229675293e+00,1.649981379508972168e+00
9.904139041900634766e-01,2.611895561218261719e+00
1.330230385065078735e-01,3.357300519943237305e+00
1.132497861981391907e-01,2.495086669921875000e+00
1.258509755134582520e+00,2.095585584640502930e+00
1.403006911277770996e+00,2.863687515258789062e+00
-3.367847204208374023e-01,2.176862239837646484e+00
-6.620914340019226074e-01,1.081157803535461426e+00
1.528216958045959473e+00,1.804520964622497559e+00
1.698913097381591797e+00,2.431225299835205078e+00
-5.143646597862243652e-01,1.920646071434020996e+00
1.764617562294006348e+00,2.858781099319458008e+00
9.177445769309997559e-01,2.350876092910766602e+00
2.468035966157913208e-01,2.019801855087280273e+00
3.593886613845825195e+00,3.138423442840576172e+00
-1.090734124183654785e+00,1.401576399803161621e+00
2.445288896560668945e+00,2.880548954010009766e+00
2.019419193267822266e+00,2.144251108169555664e+00
4.793319702148437500e-01,1.676174640655517578e+00
3.057466030120849609e+00,2.245832681655883789e+00
1.282065749168395996e+00,2.322374343872070312e+00
-1.997931674122810364e-02,1.840325832366943359e+00
-9.230167269706726074e-01,2.065272331237792969e+00
7.537719607353210449e-01,2.689459562301635742e+00
2.042538881301879883e+00,3.197453498840332031e+00
8.121333122253417969e-01,4.268963634967803955e-01
2.905688762664794922e+00,2.636360168457031250e+00
-7.821926474571228027e-01,1.584871411323547363e+00
1.223846316337585449e+00,2.899018764495849609e+00
5.742843747138977051e-01,3.177483797073364258e+00
1.061844348907470703e+00,2.721539497375488281e+00
7.658705115318298340e-01,3.643145322799682617e+00
2.798757076263427734e+00,3.060050249099731445e+00
-7.609133124351501465e-01,2.522262096405029297e+00
-1.622786164283752441e+00,1.212985873222351074e+00
-5.578169822692871094e-01,1.492760300636291504e+00
1.141188979148864746e+00,1.544782996177673340e+00
3.470128536224365234e+00,2.211254119873046875e+00
2.803463935852050781e+00,2.834553718566894531e+00
-7.025217264890670776e-02,2.023674011230468750e+00
2.661436319351196289e+00,2.662255764007568359e+00
1.288110464811325073e-01,2.138049602508544922e+00
1.025475636124610901e-01,1.580944299697875977e+00
-1.346850246191024780e-01,9.052180647850036621e-01
3.127012774348258972e-02,2.102155923843383789e+00
6.029314398765563965e-01,1.909080862998962402e+00
3.897307217121124268e-01,3.024989604949951172e+00
-8.408471196889877319e-02,2.854289770126342773e+00
3.642796874046325684e-01,2.108386993408203125e+00
2.199819803237915039e+00,2.039727687835693359e+00
3.462051153182983398e+00,2.273871421813964844e+00
2.896184921264648438e+00,2.767531394958496094e+00
3.120945930480957031e+00,3.238585472106933594e+00
8.327081203460693359e-01,2.600891113281250000e+00
2.502861499786376953e+00,2.625630140304565430e+00
1.648294448852539062e+00,1.865480542182922363e+00
1.139308810234069824e+00,2.332326650619506836e+00
-1.434610635042190552e-01,2.171461582183837891e+00
2.631346464157104492e+00,3.358209848403930664e+00
-6.557832956314086914e-01,2.404215335845947266e+00
-2.540426254272460938e-01,1.648338913917541504e+00
5.519526004791259766e-01,1.492518782615661621e+00
-4.408042505383491516e-02,1.694732308387756348e+00
1.348477482795715332e+00,1.796262860298156738e+00
3.483346462249755859e+00,2.501044511795043945e+00
2.788684844970703125e+00,3.145196676254272461e+00
1.230654790997505188e-01,2.586777687072753906e+00
2.652284622192382812e+00,2.504759311676025391e+00
1.841474175453186035e+00,1.866555809974670410e+00
2.731105327606201172e+00,2.923339128494262695e+00
1.722488850355148315e-01,1.490223169326782227e+00
2.036048412322998047e+00,3.354456901550292969e+00
-6.634228676557540894e-02,2.656335353851318359e+00
-3.746410310268402100e-01,2.281712055206298828e+00
-7.983534932136535645e-01,2.503190040588378906e+00
6.233703494071960449e-01,1.469723582267761230e+00
2.611136436462402344e+00,2.849996089935302734e+00
3.211557865142822266e-01,1.833494067192077637e+00
2.799120903015136719e+00,2.500179290771484375e+00
2.540115356445312500e+00,2.107123374938964844e+00
7.430014759302139282e-02,2.690894603729248047e+00
-1.222880408167839050e-01,3.432837724685668945e+00
4.279259443283081055e-01,2.061559677124023438e+00
1.019330143928527832e+00,1.568271279335021973e+00
1.958707213401794434e+00,2.006081581115722656e+00
2.264607906341552734e+00,3.229462623596191406e+00
1.307294130325317383e+00,4.150853157043457031e+00
3.569306135177612305e+00,2.340821504592895508e+00
1.127019286155700684e+00,2.609367847442626953e+00
2.279743194580078125e+00,1.114021182060241699e+00
8.912522196769714355e-01,-1.067641496658325195e+00
4.326603114604949951e-01,2.574867725372314453e+00
1.332080006599426270e+00,2.536446332931518555e+00
-1.551953196525573730e+00,1.202221274375915527e+00
-2.237670496106147766e-02,2.359849452972412109e+00
7.197723388671875000e-01,2.898819684982299805e+00
2.958278059959411621e-01,2.113883972167968750e+00
-6.249946951866149902e-01,1.146192908287048340e+00
-2.522397935390472412e-01,1.330508351325988770e+00
1.474728584289550781e+00,1.600994944572448730e+00
-4.670194089412689209e-01,2.612800836563110352e+00
1.942384004592895508e+00,2.026051998138427734e+00
3.944612741470336914e-01,1.832236647605895996e+00
6.442285180091857910e-01,1.686675667762756348e+00
9.629378318786621094e-01,1.714193463325500488e+00
2.723751068115234375e+00,3.839341878890991211e+00
-5.046733617782592773e-01,1.626700997352600098e+00
-7.211285084486007690e-02,2.523406505584716797e+00
5.283045768737792969e-01,2.552010297775268555e+00
1.296971440315246582e+00,2.041338920593261719e+00
1.832446694374084473e+00,2.230105876922607422e+00
9.683552980422973633e-01,1.989791512489318848e+00
2.198750495910644531e+00,3.287027120590209961e+00
5.627834200859069824e-01,3.201758861541748047e+00
-2.194810956716537476e-01,3.336740970611572266e+00
-1.386915564537048340e+00,1.495715975761413574e+00
7.845094203948974609e-01,2.618870735168457031e+00
1.084884166717529297e+00,2.763599872589111328e+00
2.151322841644287109e+00,3.495881557464599609e+00
2.267087697982788086e+00,1.279594182968139648e+00
-1.299338698387145996e+00,2.086614131927490234e+00
1.581865668296813965e+00,1.533627629280090332e+00
6.881058812141418457e-01,1.476018309593200684e+00
-4.317665100097656250e-01,1.544368863105773926e+00
2.273142188787460327e-01,3.194662094116210938e+00
1.445381045341491699e+00,2.584033489227294922e+00
6.995623707771301270e-01,2.366550922393798828e+00
1.778586506843566895e+00,1.952082037925720215e+00
-5.449310541152954102e-01,2.170629024505615234e+00
4.592129290103912354e-01,2.655887603759765625e+00
3.141959905624389648e+00,3.185131311416625977e+00
8.193460851907730103e-02,2.442754507064819336e+00
1.527590632438659668e+00,2.508500337600708008e+00
-1.487972289323806763e-01,3.486684799194335938e+00
-1.074732422828674316e+00,1.618256092071533203e+00
3.732122898101806641e+00,2.658461093902587891e+00
5.768764019012451172e-01,1.788543343544006348e+00
-5.866307616233825684e-01,2.418226718902587891e+00
3.457958698272705078e+00,1.084190011024475098e+00
1.730786800384521484e+00,1.568269610404968262e+00
-1.407550215721130371e+00,2.293972015380859375e+00
1.380653977394104004e+00,4.072628021240234375e+00
1.813755989074707031e+00,2.649608135223388672e+00
1.558799505233764648e+00,1.825205087661743164e+00
-6.850301623344421387e-01,1.962471961975097656e+00
1.826990365982055664e+00,2.797925472259521484e+00
5.212150216102600098e-01,3.059564590454101562e+00
-4.549130201339721680e-01,1.720648884773254395e+00
-9.163116663694381714e-02,3.033377170562744141e+00
2.530880928039550781e+00,3.010647773742675781e+00
-1.467735052108764648e+00,1.442063927650451660e+00
1.273062825202941895e+00,2.978460073471069336e+00
1.538875579833984375e+00,2.494143962860107422e+00
7.122426629066467285e-01,9.063460826873779297e-01
2.077486515045166016e+00,3.391926050186157227e+00
-1.533009886741638184e+00,2.143956422805786133e+00
-6.645111441612243652e-01,1.639085650444030762e+00
-4.596094489097595215e-01,2.238484144210815430e+00
2.337819635868072510e-01,2.096482753753662109e+00
1.382414698600769043e+00,3.062191724777221680e+00
-3.538911640644073486e-01,1.555122256278991699e+00
6.460858136415481567e-02,2.035175323486328125e+00
-1.087113544344902039e-01,2.731583118438720703e+00
1.255700230598449707e+00,2.458897590637207031e+00
-5.378517508506774902e-01,1.839362382888793945e+00
4.473866149783134460e-02,1.597982406616210938e+00
1.904972434043884277e+00,1.950160384178161621e+00
-7.663028687238693237e-02,1.746651172637939453e+00
2.557952880859375000e+00,2.466058731079101562e+00
-1.548135399818420410e+00,6.770262122154235840e-01
1.795383095741271973e+00,2.528563976287841797e+00
2.648299217224121094e+00,2.481630325317382812e+00
-4.471074938774108887e-01,3.250112295150756836e+00
4.771630093455314636e-02,1.628790497779846191e+00
9.220949560403823853e-02,1.238819241523742676e+00
3.065570831298828125e+00,3.350914001464843750e+00
3.169325828552246094e+00,2.912566661834716797e+00
2.323588371276855469e+00,3.938674211502075195e+00
1.800416588783264160e+00,2.576661109924316406e+00
-9.920524805784225464e-02,2.187349319458007812e+00
2.464287519454956055e+00,2.989575386047363281e+00
-1.086427688598632812e+00,2.318540573120117188e+00
1.143844962120056152e+00,1.968088030815124512e+00
-4.458581209182739258e-01,2.075069427490234375e+00
1.294626593589782715e+00,2.064245939254760742e+00
-4.007242619991302490e-01,2.021679878234863281e+00
1.017928123474121094e+00,3.009088039398193359e+00
7.464130520820617676e-01,1.994183182716369629e+00
-2.031848877668380737e-01,2.076568126678466797e+00
2.600324630737304688e+00,2.752198696136474609e+00
1.474848628044128418e+00,1.771314620971679688e+00
2.436915159225463867e+00,2.500271081924438477e+00
1.942832946777343750e+00,2.867645263671875000e+00
-8.412345647811889648e-01,1.635082006454467773e+00
4.355252087116241455e-01,2.351624727249145508e+00
2.494944095611572266e+00,2.506089925765991211e+00
1.662760734558105469e+00,2.898334026336669922e+00
-2.781422808766365051e-02,2.597087860107421875e+00
1.161602810025215149e-01,1.569061160087585449e+00
-6.608012914657592773e-01,1.059439063072204590e+00
7.323526144027709961e-01,2.304012775421142578e+00
7.453537583351135254e-01,2.122070074081420898e+00
-4.358785226941108704e-02,2.780394792556762695e+00
3.552694797515869141e+00,2.928794860839843750e+00
2.669468820095062256e-01,1.216813325881958008e+00
-1.469962447881698608e-01,3.140363693237304688e+00
3.361000061035156250e+00,2.840443372726440430e+00
-6.314217448234558105e-01,2.016291379928588867e+00
-4.901085495948791504e-01,2.224956035614013672e+00
4.824973940849304199e-01,1.840500473976135254e+00
-7.174713015556335449e-01,1.379351019859313965e+00
5.956888198852539062e-01,2.888821840286254883e+00
1.647998690605163574e+00,1.137882351875305176e+00
9.047148823738098145e-01,2.449332714080810547e+00
2.502512931823730469e-01,2.860870838165283203e+00
2.784490108489990234e+00,2.711075544357299805e+00
-4.642492532730102539e-01,1.498457074165344238e+00
-5.589706897735595703e-01,1.990539073944091797e+00
1.036673307418823242e+00,1.533890843391418457e+00
2.143311738967895508e+00,2.245343685150146484e+00
-1.863006502389907837e-01,1.823290824890136719e+00
4.643788337707519531e-01,2.509759426116943359e+00
-7.913824319839477539e-01,8.432390093803405762e-01
-6.273316591978073120e-02,1.748845458030700684e+00
-4.388291835784912109e-01,2.642264366149902344e+00
-2.820717170834541321e-02,2.891371726989746094e+00
1.211576223373413086e+00,2.964845418930053711e+00
2.388709545135498047e+00,1.349659085273742676e+00
3.023769855499267578e+00,2.023079395294189453e+00
-5.115777850151062012e-01,2.304896116256713867e+00
2.038870096206665039e+00,2.353699684143066406e+00
9.392398595809936523e-01,2.184949874877929688e+00
3.054209470748901367e+00,3.476774692535400391e+00
-5.786874294281005859e-01,2.567231416702270508e+00
-1.769186705350875854e-01,2.490880250930786133e+00
-2.370778918266296387e-01,1.822463870048522949e+00
-6.005921959877014160e-01,1.740630745887756348e+00
-3.313821554183959961e-01,2.161377429962158203e+00
-5.871829390525817871e-01,2.183072566986083984e+00
-2.816376686096191406e-01,1.559975028038024902e+00
2.369299679994583130e-01,2.793509244918823242e+00
5.674530863761901855e-01,3.218465566635131836e+00
2.724182605743408203e+00,2.384468078613281250e+00
3.746973276138305664e-01,1.133649230003356934e+00
-7.655699849128723145e-01,3.267085552215576172e+00
-6.827022880315780640e-02,2.496180534362792969e+00
1.270598053932189941e+00,2.389397144317626953e+00
2.051928520202636719e+00,2.464497566223144531e+00
-5.470185279846191406e-01,1.976095080375671387e+00
-9.694424271583557129e-01,2.086743593215942383e+00
2.689425468444824219e+00,3.360079288482666016e+00
1.683547645807266235e-01,2.278707981109619141e+00
9.869966655969619751e-02,3.763778686523437500e+00
8.531793951988220215e-01,2.163049697875976562e+00
2.532822132110595703e+00,1.878248810768127441e+00
1.299600698985159397e-03,2.439168453216552734e+00
2.209708452224731445e+00,1.787006020545959473e+00
3.460714817047119141e-01,3.445011615753173828e+00
-3.681577444076538086e-01,2.186434030532836914e+00
-3.360239863395690918e-01,1.480867028236389160e+00
1.450239062309265137e+00,2.726232051849365234e+00
2.103031396865844727e+00,1.837438344955444336e+00
1.371589064598083496e+00,2.301581382751464844e+00
-4.831916689872741699e-01,1.798683166503906250e+00
1.015918493270874023e+00,2.541169881820678711e+00
-5.203677415847778320e-01,2.151689291000366211e+00
2.157427787780761719e+00,2.395859241485595703e+00
2.369418382644653320e+00,3.044545173645019531e+00
2.673830270767211914e+00,8.942684531211853027e-01
1.437985301017761230e+00,3.735065937042236328e+00
1.288708925247192383e+00,2.519235610961914062e+00
-2.956818342208862305e-01,2.344003677368164062e+00
1.255064845085144043e+00,2.966038465499877930e+00
1.932769536972045898e+00,1.964828848838806152e+00
-3.786414563655853271e-01,1.703831434249877930e+00
1.948646903038024902e+00,1.993616700172424316e+00
7.556229233741760254e-01,3.086713790893554688e+00
2.627840042114257812e+00,2.588281154632568359e+00
2.425218746066093445e-02,3.314043521881103516e+00
3.507424518465995789e-02,2.484210014343261719e+00
1.096385121345520020e+00,3.028939008712768555e+00
2.277531862258911133e+00,2.911272287368774414e+00
7.229965329170227051e-01,1.599192976951599121e+00
-1.221748709678649902e+00,1.917830348014831543e+00
3.077978610992431641e+00,2.230345487594604492e+00
2.702859044075012207e-01,1.834523797035217285e+00
-4.867680668830871582e-01,2.326178073883056641e+00
-1.786970049142837524e-01,2.999018669128417969e+00
3.608865499496459961e+00,1.462568640708923340e+00
-5.769494175910949707e-01,1.962634682655334473e+00
3.110258817672729492e+00,3.025528907775878906e+00
7.699022535234689713e-05,1.318542003631591797e+00
2.719010412693023682e-01,2.284526824951171875e+00
2.883798599243164062e+00,2.492194175720214844e+00
-7.063215225934982300e-02,2.965470552444458008e+00
5.322580337524414062e-01,3.175081968307495117e+00
2.481937706470489502e-01,3.152368783950805664e+00
2.523476481437683105e-01,1.281542658805847168e+00
2.406062126159667969e+00,3.209595918655395508e+00
-3.517628610134124756e-01,1.476101517677307129e+00
5.832883715629577637e-01,3.321927309036254883e+00
1.512523531913757324e+00,3.009462594985961914e+00
-7.194172143936157227e-01,2.701773643493652344e+00
-7.382103055715560913e-02,2.439853191375732422e+00
7.203037142753601074e-01,1.867519974708557129e+00
-2.349197864532470703e-01,1.251307129859924316e+00
-8.558284640312194824e-01,2.388884305953979492e+00
-8.420234173536300659e-02,1.568124651908874512e+00
-3.478715121746063232e-01,2.192027568817138672e+00
1.921283602714538574e+00,2.930371522903442383e+00
1.982067465782165527e+00,2.033177852630615234e+00
9.605323672294616699e-01,1.780383586883544922e+00
-5.068366527557373047e-01,1.487156987190246582e+00
-1.707877963781356812e-01,2.994099378585815430e+00
2.515560150146484375e+00,2.607763767242431641e+00
4.854066371917724609e-01,2.451084852218627930e+00
7.279780507087707520e-01,2.238310813903808594e+00
-7.627173066139221191e-01,1.713449120521545410e+00
9.296085834503173828e-01,2.101539611816406250e+00
-3.791907727718353271e-01,1.865181207656860352e+00
9.890113472938537598e-01,3.179089546203613281e+00
-1.657609492540359497e-01,2.292777538299560547e+00
1.004316687583923340e+00,3.199660539627075195e+00
8.918389081954956055e-01,1.932846665382385254e+00
2.100238561630249023e+00,2.634259700775146484e+00
-5.710570886731147766e-02,3.361878871917724609e+00
2.005559682846069336e+00,1.729362726211547852e+00
2.568862736225128174e-01,2.480731725692749023e+00
2.615438222885131836e+00,2.325404167175292969e+00
1.558408379554748535e+00,2.907715559005737305e+00
2.167213708162307739e-01,1.943254709243774414e+00
2.862210512161254883e+00,2.194377660751342773e+00
1.571365147829055786e-01,2.547504425048828125e+00
2.872432395815849304e-02,2.088835716247558594e+00
9.916312694549560547e-01,2.815114974975585938e+00
1.299588531255722046e-01,2.007381200790405273e+00
-6.727359294891357422e-01,6.555966734886169434e-01
-4.561506211757659912e-01,3.002617359161376953e+00
7.211897373199462891e-01,1.694535255432128906e+00
6.022370979189872742e-02,3.394257307052612305e+00
1.780184149742126465e+00,2.479745864868164062e+00
1.334713101387023926e+00,2.207431077957153320e+00
1.544587016105651855e+00,1.632281422615051270e+00
1.197219967842102051e+00,3.514188289642333984e+00
2.161489963531494141e+00,2.422233343124389648e+00
-1.833032220602035522e-01,1.827547192573547363e+00
2.221787691116333008e+00,1.412314772605895996e+00
1.239617943763732910e+00,1.595040559768676758e+00
1.660067886114120483e-01,1.703714847564697266e+00
2.335124254226684570e+00,1.916286230087280273e+00
3.323716640472412109e+00,1.680414319038391113e+00
1.013880372047424316e+00,2.738642930984497070e+00
1.195510104298591614e-01,2.480481624603271484e+00
6.552142649888992310e-02,1.650363802909851074e+00
2.183230370283126831e-01,1.644820094108581543e+00
7.034289240837097168e-01,1.903628468513488770e+00
2.418258041143417358e-01,1.770938396453857422e+00
6.088675260543823242e-01,1.966333150863647461e+00
3.628564774990081787e-01,2.009896039962768555e+00
-4.308091700077056885e-01,1.567599058151245117e+00
-1.261808872222900391e+00,2.186890840530395508e+00
1.574713438749313354e-01,8.488833308219909668e-01
-5.006590485572814941e-01,3.515569925308227539e+00
1.604457855224609375e+00,2.880935907363891602e+00
2.630024909973144531e+00,1.762874007225036621e+00
2.180181980133056641e+00,2.964677333831787109e+00
2.554823160171508789e+00,2.586293458938598633e+00
2.986979484558105469e-01,2.653400659561157227e+00
4.522973001003265381e-01,1.683825373649597168e+00
1.233727708458900452e-01,1.443480968475341797e+00
7.896502017974853516e-01,1.406945109367370605e+00
2.067167609930038452e-01,1.887200951576232910e+00
2.427678585052490234e+00,1.803646445274353027e+00
1.824369549751281738e+00,2.323166847229003906e+00
-8.171017765998840332e-01,1.559649825096130371e+00
-3.452996909618377686e-01,2.565884828567504883e+00
2.306262016296386719e+00,2.494075298309326172e+00
5.965933203697204590e-01,3.671832084655761719e+00
1.397325634956359863e+00,2.495426416397094727e+00
1.266459107398986816e+00,1.044503211975097656e+00
1.593149542808532715e+00,2.872046709060668945e+00
-4.050870537757873535e-01,1.296193957328796387e+00
2.484507560729980469e+00,3.255502700805664062e+00
5.145635604858398438e-01,2.674450874328613281e+00
1.134182095527648926e+00,2.471108198165893555e+00
1.528164297342300415e-01,2.182128190994262695e+00
-4.323000907897949219e-01,1.571352124214172363e+00
-9.962950348854064941e-01,2.028966665267944336e+00
3.275964736938476562e+00,2.557603836059570312e+00
-1.308875158429145813e-02,2.175354480743408203e+00
1.349075436592102051e+00,5.979731678962707520e-01
-1.252506375312805176e+00,2.436759948730468750e+00
3.992091715335845947e-01,3.418196201324462891e+00
-1.559605151414871216e-01,1.431281447410583496e+00
1.036098003387451172e+00,2.380723714828491211e+00
-2.144334763288497925e-01,2.629867553710937500e+00
8.052183389663696289e-01,2.632028579711914062e+00
-1.138480424880981445e+00,1.687807559967041016e+00
4.515531063079833984e-01,1.488714933395385742e+00
-8.023344278335571289e-01,1.395814299583435059e+00
1.044757440686225891e-01,3.459757328033447266e+00
4.333316981792449951e-01,2.420032024383544922e+00
3.227807521820068359e+00,3.634212970733642578e+00
4.698764383792877197e-01,2.622695922851562500e+00
1.073104813694953918e-01,2.332746505737304688e+00
3.855539560317993164e-01,1.621625304222106934e+00
1.107715129852294922e+00,2.230656623840332031e+00
2.093815803527832031e+00,2.602934122085571289e+00
-1.367141455411911011e-01,2.561223983764648438e+00
9.475137591361999512e-01,2.685174703598022461e+00
6.080059409141540527e-01,3.631659030914306641e+00
1.255983114242553711e+00,1.682389497756958008e+00
2.692020654678344727e+00,3.413903236389160156e+00
5.928289294242858887e-01,2.403559207916259766e+00
8.723950982093811035e-01,2.776818275451660156e+00
1.519640833139419556e-01,2.175253152847290039e+00
-1.526285856962203979e-01,2.244686603546142578e+00
-5.658280253410339355e-01,2.540215015411376953e+00
1.303032517433166504e+00,3.111925125122070312e+00
5.766157507896423340e-01,3.310609817504882812e+00
3.599966049194335938e+00,2.875947475433349609e+00
1.882785677909851074e+00,3.730320215225219727e+00
2.210096359252929688e+00,1.201940417289733887e+00
-3.286713361740112305e-01,1.649415850639343262e+00
2.027955770492553711e+00,1.870814800262451172e+00
1.946396112442016602e+00,2.433945178985595703e+00
-7.560827136039733887e-01,1.826036095619201660e+00
1.420001536607742310e-01,2.363511800765991211e+00
-3.703199625015258789e-01,1.751022338867187500e+00
1.123302459716796875e+00,1.648212909698486328e+00
-6.100606322288513184e-01,1.606570839881896973e+00
1.685889244079589844e+00,2.333938121795654297e+00
-3.849698603153228760e-01,1.764000177383422852e+00
1.965863704681396484e+00,3.185167551040649414e+00
5.221881866455078125e-01,2.166481018066406250e+00
1.877877354621887207e+00,3.813425064086914062e+00
-4.239536225795745850e-01,1.288897395133972168e+00
1.480015397071838379e+00,2.714143753051757812e+00
1.723359704017639160e+00,2.296280622482299805e+00
-6.662003397941589355e-01,1.552811622619628906e+00
-9.266558289527893066e-01,1.375990986824035645e+00
1.103042840957641602e+00,2.419317245483398438e+00
2.369862645864486694e-01,2.358122348785400391e+00
1.199378609657287598e+00,1.544680714607238770e+00
1.112370848655700684e+00,2.132220029830932617e+00
3.219146966934204102e+00,1.992148518562316895e+00
-1.290001273155212402e+00,2.029952526092529297e+00
-5.010926723480224609e-01,2.775657176971435547e+00
2.085700511932373047e+00,2.500445365905761719e+00
-1.175340771675109863e+00,1.833411335945129395e+00
-9.615569710731506348e-01,1.737507700920104980e+00
2.153477668762207031e+00,2.116062641143798828e+00
1.667826414108276367e+00,2.923736333847045898e+00
-1.037773966789245605e+00,2.280435085296630859e+00
2.359064579010009766e+00,2.134648323059082031e+00
3.118259191513061523e+00,2.605076789855957031e+00
2.772302865982055664e+00,1.316550612449645996e+00
-5.820609927177429199e-01,2.417016506195068359e+00
-2.976317107677459717e-01,1.316600441932678223e+00
9.787996411323547363e-01,2.471103191375732422e+00
7.481086254119873047e-01,3.484014034271240234e+00
-2.733086943626403809e-01,2.366776466369628906e+00
3.042311668395996094e-01,1.793905973434448242e+00
3.198947429656982422e+00,2.628793239593505859e+00
8.174431920051574707e-01,1.671620249748229980e+00
-4.184836745262145996e-01,2.535064220428466797e+00
3.275755405426025391e+00,2.346095561981201172e+00
1.652566790580749512e+00,3.047203540802001953e+00
1.455594539642333984e+00,2.114019393920898438e+00
1.790229678153991699e+00,1.423300623893737793e+00
1.618279576301574707e+00,2.412097692489624023e+00
2.810534000396728516e+00,2.826332569122314453e+00
7.516037207096815109e-03,3.589858055114746094e+00
2.141221761703491211e+00,2.528380632400512695e+00
1.828466802835464478e-01,1.804876565933227539e+00
-1.523176580667495728e-01,1.154227614402770996e+00
7.090736180543899536e-02,1.451845288276672363e+00
-6.112587451934814453e-01,2.506247043609619141e+00
1.586702346801757812e+00,2.767973184585571289e+00
-5.108546614646911621e-01,1.047887921333312988e+00
9.767644405364990234e-01,2.561810493469238281e+00
-5.308756232261657715e-01,2.674294948577880859e+00
-6.577557921409606934e-01,1.786363601684570312e+00
1.569614052772521973e+00,1.048479676246643066e+00
5.619907975196838379e-01,3.075279951095581055e+00
2.180800676345825195e+00,2.722019672393798828e+00
8.983538299798965454e-02,1.282494187355041504e+00
1.098749518394470215e+00,2.790079593658447266e+00
-2.638504505157470703e-01,1.725175499916076660e+00
-8.861738443374633789e-01,2.207874059677124023e+00
2.159245967864990234e+00,2.300392150878906250e+00
2.172286033630371094e+00,3.071115970611572266e+00
-9.012819528579711914e-01,1.264918327331542969e+00
-6.303796172142028809e-01,3.021386146545410156e+00
-1.226428747177124023e+00,1.434801220893859863e+00
-2.826347947120666504e-01,1.783366322517395020e+00
3.008649945259094238e-01,1.830289602279663086e+00
4.665943384170532227e-01,2.871757030487060547e+00
2.796092987060546875e+00,1.826331496238708496e+00
1.859062075614929199e+00,3.594674348831176758e+00
1.407241463661193848e+00,2.949987888336181641e+00
7.461444735527038574e-01,1.943758606910705566e+00
1.465720295906066895e+00,2.771330833435058594e+00
3.558811664581298828e+00,1.603574037551879883e+00
1.833541393280029297e+00,1.426833510398864746e+00
7.233400344848632812e-01,2.006318569183349609e+00
4.114434242248535156e+00,1.690767884254455566e+00
-9.347531199455261230e-01,1.077928662300109863e+00
1.939832448959350586e+00,2.232769250869750977e+00
3.999860286712646484e-01,2.285069942474365234e+00
2.723978042602539062e+00,3.145895242691040039e+00
1.558634191751480103e-01,2.156740188598632812e+00
-5.466301441192626953e-01,1.606424093246459961e+00
-3.505207598209381104e-01,8.383331894874572754e-01
1.281382292509078979e-01,3.206111431121826172e+00
-1.503681018948554993e-02,1.448129773139953613e+00
9.829311966896057129e-01,2.105883836746215820e+00
1.487532496452331543e+00,1.766043901443481445e+00
2.703284621238708496e-01,1.452116608619689941e+00
8.524190783500671387e-01,3.074478626251220703e+00
1.977756023406982422e-01,2.589181423187255859e+00
-3.020963966846466064e-01,2.755077362060546875e+00
1.439589142799377441e+00,2.194924354553222656e+00
1.644527673721313477e+00,7.788342237472534180e-01
3.225340366363525391e+00,2.728315830230712891e+00
2.132604360580444336e+00,1.982796311378479004e+00
1.337278634309768677e-01,1.415586471557617188e+00
-6.985754966735839844e-01,2.527539253234863281e+00
3.207350254058837891e+00,3.002711534500122070e+00
3.126001060009002686e-01,2.049259185791015625e+00
3.749897480010986328e+00,2.920654773712158203e+00
-5.157836675643920898e-01,2.646342754364013672e+00
7.319292426109313965e-01,3.822637796401977539e+00
-1.215719461441040039e+00,1.331232666969299316e+00
1.172024846076965332e+00,2.396162033081054688e+00
1.119046688079833984e+00,2.045442581176757812e+00
2.739799022674560547e+00,3.140979528427124023e+00
-5.893884971737861633e-02,2.215988397598266602e+00
2.998374462127685547e+00,3.103237390518188477e+00
3.513990044593811035e-01,1.740850925445556641e+00
3.465719819068908691e-01,3.478902816772460938e+00
1.157118454575538635e-01,7.032085657119750977e-01
2.943225622177124023e+00,3.197929859161376953e+00
-4.604881703853607178e-01,3.056183338165283203e+00
2.196666717529296875e+00,2.658090829849243164e+00
-5.157253146171569824e-01,1.273998737335205078e+00
6.396206617355346680e-01,1.678148984909057617e+00
1.484469294548034668e+00,3.773894309997558594e+00
8.221161365509033203e-01,2.396112203598022461e+00
1.449567228555679321e-01,2.632450103759765625e+00
1.199470281600952148e+00,2.536110639572143555e+00
-3.415382206439971924e-01,1.754245758056640625e+00
6.650410294532775879e-01,2.615550041198730469e+00
-7.600383162498474121e-01,2.811715602874755859e+00
3.965854346752166748e-01,2.338852882385253906e+00
2.069014787673950195e+00,2.280642509460449219e+00
3.114744126796722412e-01,1.711237192153930664e+00
3.081169366836547852e+00,3.464089632034301758e+00
3.298659250140190125e-02,2.651371479034423828e+00
6.420034766197204590e-01,7.707205414772033691e-02
9.361028075218200684e-01,2.383591175079345703e+00
4.610369727015495300e-02,2.084502696990966797e+00
2.301234722137451172e+00,2.016324043273925781e+00
-4.003611505031585693e-01,1.696855425834655762e+00
1.865033745765686035e+00,2.006783485412597656e+00
5.257108807563781738e-01,1.950531601905822754e+00
-1.254628151655197144e-01,1.869872808456420898e+00
5.005073547363281250e-01,2.398087024688720703e+00
-1.305282831192016602e+00,1.235890746116638184e+00
2.250002384185791016e+00,2.895256519317626953e+00
3.861986398696899414e-01,2.898386478424072266e+00
-5.297421813011169434e-01,1.297248959541320801e+00
-1.539643481373786926e-02,2.432874679565429688e+00
3.702514171600341797e-01,-2.706001400947570801e-01
1.388178110122680664e+00,3.066257953643798828e+00
-9.768076986074447632e-02,1.713502287864685059e+00
-6.031610369682312012e-01,2.018582105636596680e+00
-5.642242431640625000e-01,2.194473505020141602e+00
-5.076125264167785645e-01,1.771729230880737305e+00
-1.068482920527458191e-01,1.435783028602600098e+00
1.691441655158996582e+00,2.525502204895019531e+00
2.226250648498535156e+00,3.282095670700073242e+00
3.339491128921508789e+00,2.576500415802001953e+00
-2.451939433813095093e-01,2.926584243774414062e+00
8.782986551523208618e-02,2.229323863983154297e+00
3.104764938354492188e+00,3.109470844268798828e+00
6.306479126214981079e-02,2.933582782745361328e+00
-6.954715847969055176e-01,1.326045036315917969e+00
2.482679843902587891e+00,2.040103435516357422e+00
-3.158779740333557129e-01,1.552021503448486328e+00
1.919459849596023560e-01,2.528719425201416016e+00
3.453575372695922852e-01,2.840508222579956055e+00
7.391712814569473267e-02,2.840095758438110352e+00
-8.000597953796386719e-01,1.321322798728942871e+00
2.433712005615234375e+00,1.588837265968322754e+00
1.026757121086120605e+00,2.150140762329101562e+00
-8.210080265998840332e-01,1.573979377746582031e+00
1.285264939069747925e-01,1.902030944824218750e+00
-4.455195665359497070e-01,1.696658492088317871e+00
1.715021967887878418e+00,2.144925832748413086e+00
1.088385462760925293e+00,1.233847975730895996e+00
-7.517854571342468262e-01,1.684836506843566895e+00
3.059929370880126953e+00,2.196370840072631836e+00
-8.689953684806823730e-01,2.050564765930175781e+00
2.129387140274047852e+00,1.773400187492370605e+00
3.161339044570922852e+00,2.709733724594116211e+00
2.549798250198364258e+00,2.867011547088623047e+00
-7.450601458549499512e-01,2.960069656372070312e+00
1.279324769973754883e+00,2.882709503173828125e+00
-1.487598270177841187e-01,2.444445610046386719e+00
1.475071787834167480e+00,4.595316946506500244e-01
1.054294347763061523e+00,3.638175010681152344e+00
-6.720113754272460938e-01,2.235932350158691406e+00
-5.963127613067626953e-01,2.153186082839965820e+00
3.526724278926849365e-01,1.959700226783752441e+00
1.904879450798034668e+00,2.215784311294555664e+00
3.069204330444335938e+00,2.533289432525634766e+00
4.486401081085205078e-01,2.078570604324340820e+00
1.256253123283386230e+00,1.731566786766052246e+00
2.838270366191864014e-01,2.454383373260498047e+00
8.392881751060485840e-01,2.158524274826049805e+00
9.789134263992309570e-01,1.513993859291076660e+00
-8.060646057128906250e-01,1.834252357482910156e+00
2.436878204345703125e+00,2.494865417480468750e+00
1.611050486564636230e+00,1.685788512229919434e+00
-3.710189759731292725e-01,1.337897777557373047e+00
-1.478762745857238770e+00,1.459002137184143066e+00
1.611621499061584473e+00,3.245905876159667969e+00
3.856313228607177734e+00,2.188289642333984375e+00
2.159259617328643799e-01,3.194007396697998047e+00
9.237367659807205200e-02,3.081469535827636719e+00
-2.734728455543518066e-01,2.460586071014404297e+00
8.447755128145217896e-02,1.337191700935363770e+00
-1.375774979591369629e+00,1.391189455986022949e+00
-2.475312203168869019e-01,2.976830482482910156e+00
-6.639932841062545776e-02,2.743947505950927734e+00
8.601630926132202148e-01,3.432924747467041016e+00
-4.435127079486846924e-01,1.789739489555358887e+00
-7.734927535057067871e-01,1.165727496147155762e+00
3.189672946929931641e+00,2.179806947708129883e+00
-4.645213484764099121e-01,1.601047158241271973e+00
3.075877130031585693e-01,1.858176827430725098e+00
3.489073753356933594e+00,1.688088536262512207e+00
-9.697242826223373413e-02,1.869843840599060059e+00
2.716468095779418945e+00,1.304202914237976074e+00
2.213370323181152344e+00,2.276572465896606445e+00
-3.565376400947570801e-01,1.733420729637145996e+00
2.040750026702880859e+00,3.582345008850097656e+00
3.421746730804443359e+00,3.097749233245849609e+00
5.735349059104919434e-01,2.624013423919677734e+00
1.697835326194763184e+00,3.744040012359619141e+00
-2.920075058937072754e-01,2.750883579254150391e+00
1.125157713890075684e+00,1.072227358818054199e+00
3.163027286529541016e+00,2.913528203964233398e+00
1.379350662231445312e+00,3.316400051116943359e+00
1.256110221147537231e-01,2.852707624435424805e+00
2.978366851806640625e+00,2.814944028854370117e+00
-1.036224603652954102e+00,3.611191213130950928e-01
7.240442633628845215e-01,2.571508407592773438e+00
5.219342112541198730e-01,7.022306323051452637e-01
-8.913179039955139160e-01,1.967397332191467285e+00
2.068184375762939453e+00,1.858608007431030273e+00
-6.023164391517639160e-01,1.390997290611267090e+00
-2.431888431310653687e-01,1.724419713020324707e+00
4.588432908058166504e-01,3.351276874542236328e+00
2.683789730072021484e-01,2.157099485397338867e+00
-2.135165184736251831e-01,2.261952877044677734e+00
2.944345474243164062e+00,2.414953231811523438e+00
6.004509925842285156e-01,3.011745691299438477e+00
-1.266184210777282715e+00,1.960808038711547852e+00
-7.238182425498962402e-01,1.603529334068298340e+00
-1.457894891500473022e-01,2.158865690231323242e+00
1.220828965306282043e-01,2.417781829833984375e+00
1.749132275581359863e+00,1.694907784461975098e+00
2.070976257324218750e+00,2.877238750457763672e+00
-2.596851065754890442e-02,6.959570050239562988e-01
8.727843761444091797e-01,1.914804577827453613e+00
8.798015862703323364e-02,2.726850748062133789e+00
2.413148403167724609e+00,2.170720100402832031e+00
2.635681152343750000e+00,3.703657627105712891e+00
2.798921346664428711e+00,1.223777651786804199e+00
1.816180348396301270e+00,3.216641426086425781e+00
5.056697726249694824e-01,2.555190086364746094e+00
4.687764048576354980e-01,2.371818542480468750e+00
-2.896692156791687012e-01,1.577059864997863770e+00
-9.237552285194396973e-01,1.640219092369079590e+00
-2.666212990880012512e-02,1.903897404670715332e+00
2.907809734344482422e+00,3.167315006256103516e+00
3.204022169113159180e+00,2.855812549591064453e+00
5.038301348686218262e-01,2.126808643341064453e+00
-3.508475124835968018e-01,1.843307137489318848e+00
3.080703973770141602e+00,1.163065195083618164e+00
1.489251375198364258e+00,3.289239883422851562e+00
-7.750903815031051636e-02,3.374169588088989258e+00
3.057281255722045898e+00,3.469377279281616211e+00
1.308218717575073242e+00,2.166835069656372070e+00
-8.595516532659530640e-02,1.690949797630310059e+00
1.040358424186706543e+00,1.193862915039062500e+00
8.883150219917297363e-01,2.417642116546630859e+00
-1.649381592869758606e-02,2.311144113540649414e+00
2.716786861419677734e+00,2.104986190795898438e+00
-3.715500831604003906e-01,1.493536829948425293e+00
4.291699528694152832e-01,2.375967741012573242e+00
5.130613967776298523e-02,1.089008331298828125e+00
5.943473577499389648e-01,2.577780246734619141e+00
3.037454605102539062e+00,3.095065116882324219e+00
-4.743525087833404541e-01,1.252496719360351562e+00
2.431308031082153320e+00,2.629146099090576172e+00
7.653725892305374146e-02,3.136168956756591797e+00
2.857298612594604492e+00,2.059113502502441406e+00
2.218538999557495117e+00,3.434876441955566406e+00
-5.639034509658813477e-01,1.723671793937683105e+00
-6.207841038703918457e-01,1.236658453941345215e+00
1.193557620048522949e+00,2.943638324737548828e+00
3.017094612121582031e+00,3.171917200088500977e+00
4.040087759494781494e-01,2.171678304672241211e+00
9.789642691612243652e-01,2.564946174621582031e+00
1.533434510231018066e+00,3.376619577407836914e+00
1.969742774963378906e-01,3.148722887039184570e+00
3.287629187107086182e-01,3.000118970870971680e+00
1.746348500251770020e+00,1.687402248382568359e+00
-1.297031491994857788e-01,1.845084786415100098e+00
1.487414002418518066e+00,1.978943228721618652e+00
4.296160936355590820e-01,1.721097350120544434e+00
1.098624244332313538e-01,1.998644948005676270e+00
8.601124882698059082e-01,2.174514055252075195e+00
1.865620374679565430e+00,2.238985061645507812e+00
1.693304628133773804e-01,1.999170184135437012e+00
1.183549761772155762e+00,2.594932556152343750e+00
6.986325979232788086e-01,2.301962852478027344e+00
1.780907273292541504e+00,3.159864902496337891e+00
-5.655849575996398926e-01,1.772714972496032715e+00
-1.112404823303222656e+00,1.694974780082702637e+00
-5.383048653602600098e-01,1.353686094284057617e+00
-6.979309767484664917e-02,1.770304322242736816e+00
2.417699813842773438e+00,1.461253762245178223e+00
2.037932395935058594e+00,1.777201533317565918e+00
8.679086714982986450e-02,2.436957359313964844e+00
5.741544365882873535e-01,1.584622502326965332e+00
1.455000877380371094e+00,2.075382232666015625e+00
2.774553000926971436e-01,1.921709895133972168e+00
2.455715179443359375e+00,2.131254673004150391e+00
7.162634730339050293e-01,2.677189350128173828e+00
1.371076107025146484e+00,1.970260620117187500e+00
1.723693758249282837e-01,2.419480800628662109e+00
1.994515895843505859e+00,2.910356998443603516e+00
2.198727130889892578e+00,2.943729400634765625e+00
3.808602094650268555e+00,2.249126672744750977e+00
1.262982845306396484e+00,2.277889490127563477e+00
4.665375947952270508e-01,2.198053836822509766e+00
3.305129051208496094e+00,2.528361797332763672e+00
-2.612121999263763428e-01,2.574393272399902344e+00
-3.249471485614776611e-01,2.325481891632080078e+00
-1.569158881902694702e-01,2.662218809127807617e+00
6.151811480522155762e-01,1.872908949851989746e+00
1.866272330284118652e+00,2.640011310577392578e+00
1.371098399162292480e+00,3.051326274871826172e+00
-5.023695826530456543e-01,2.356338024139404297e+00
3.352673053741455078e+00,2.571959495544433594e+00
-1.266094088554382324e+00,2.471544265747070312e+00
-2.185975611209869385e-01,2.879271984100341797e+00
1.312200188636779785e+00,2.645066261291503906e+00
1.500512003898620605e+00,2.688173532485961914e+00
2.591313838958740234e+00,3.129255771636962891e+00
-2.488902658224105835e-01,1.755729079246520996e+00
6.814221292734146118e-02,2.327951192855834961e+00
8.660073280334472656e-01,2.285597085952758789e+00
6.377312541007995605e-01,1.340802788734436035e+00
-9.278693050146102905e-02,2.079672574996948242e+00
2.039077043533325195e+00,2.587641716003417969e+00
1.049621030688285828e-02,2.151580333709716797e+00
2.662279367446899414e+00,3.268607378005981445e+00
-1.113635823130607605e-01,2.465367794036865234e+00
-8.303021788597106934e-01,1.738414883613586426e+00
-6.308352202177047729e-02,1.126061201095581055e+00
-7.615602016448974609e-01,1.476043820381164551e+00
-3.501183986663818359e-01,1.674678087234497070e+00
2.718053817749023438e+00,2.126419544219970703e+00
9.086388945579528809e-01,2.143056392669677734e+00
1.316893339157104492e+00,1.123285055160522461e+00
-8.753627538681030273e-01,1.416703939437866211e+00
1.811193346977233887e+00,1.980608701705932617e+00
5.591424703598022461e-01,2.665963649749755859e+00
2.164949893951416016e+00,1.860592722892761230e+00
3.636462688446044922e+00,2.883515357971191406e+00
2.608460187911987305e-01,1.777564167976379395e+00
1.513476818799972534e-01,2.832677125930786133e+00
7.503840327262878418e-01,2.635390758514404297e+00
2.334923505783081055e+00,2.704858779907226562e+00
1.074545264244079590e+00,1.546072959899902344e+00
2.955162048339843750e+00,2.737032175064086914e+00
1.333495020866394043e+00,3.002304315567016602e+00
2.554978728294372559e-01,2.206810235977172852e+00
4.481288194656372070e-01,2.256716251373291016e+00
1.887663841247558594e+00,2.446249008178710938e+00
-1.124808311462402344e+00,1.600992083549499512e+00
1.604252099990844727e+00,3.294580936431884766e+00
-7.484456896781921387e-01,1.593820333480834961e+00
-6.516008824110031128e-02,1.588073611259460449e+00
2.896805286407470703e+00,2.714352607727050781e+00
-3.577608466148376465e-01,3.111532211303710938e+00
-3.067470788955688477e-01,1.460001349449157715e+00
1.231354594230651855e+00,2.441135883331298828e+00
1.265082716941833496e+00,3.041429281234741211e+00
-5.504361987113952637e-01,3.443541228771209717e-01
5.530375838279724121e-01,3.539319276809692383e+00
1.566409230232238770e+00,7.294851541519165039e-01
1.527345657348632812e+00,2.508893251419067383e+00
1.407521605491638184e+00,1.083757996559143066e+00
1.820042967796325684e+00,1.238881826400756836e+00
3.133427619934082031e+00,3.235635280609130859e+00
-8.682530522346496582e-01,1.748174309730529785e+00
2.600949287414550781e+00,1.954177737236022949e+00
1.250427246093750000e+00,2.238731384277343750e+00
8.803007602691650391e-01,2.361496925354003906e+00
-4.027802962809801102e-03,1.647622704505920410e+00
1.846998482942581177e-01,2.342006206512451172e+00
2.539730548858642578e+00,3.358048677444458008e+00
-3.162541985511779785e-01,1.427809357643127441e+00
8.659510016441345215e-01,3.715543270111083984e+00
2.502041339874267578e+00,3.145142078399658203e+00
-6.657023429870605469e-01,1.498038887977600098e+00
-2.481080964207649231e-02,2.148153305053710938e+00
2.647254467010498047e+00,2.420561790466308594e+00
3.140243768692016602e+00,3.271807193756103516e+00
1.504791378974914551e+00,2.384710788726806641e+00
1.342769503593444824e+00,2.684017658233642578e+00
-5.631067231297492981e-02,1.423018217086791992e+00
-3.148837089538574219e-01,1.894520282745361328e+00
-6.055085659027099609e-01,1.779911756515502930e+00
-7.767476439476013184e-01,2.315635681152343750e+00
1.360964298248291016e+00,1.959517478942871094e+00
1.055007100105285645e+00,3.161701440811157227e+00
3.074745655059814453e+00,1.627055644989013672e+00
3.087395429611206055e-01,1.995187401771545410e+00
1.971771359443664551e+00,1.578826665878295898e+00
3.675501823425292969e+00,2.829581737518310547e+00
2.765358686447143555e-01,9.079920649528503418e-01
2.170621871948242188e+00,1.969542384147644043e+00
-1.063515901565551758e+00,1.519932150840759277e+00
-4.223320484161376953e-01,2.565041303634643555e+00
-6.168889999389648438e-01,2.584203481674194336e+00
1.648046851158142090e+00,3.415158033370971680e+00
7.004818320274353027e-01,2.809538841247558594e+00
-3.938844203948974609e-01,1.359017133712768555e+00
5.800147652626037598e-01,2.121235370635986328e+00
9.919218420982360840e-01,3.148027896881103516e+00
3.075094819068908691e-01,2.506382942199707031e+00
1.086100935935974121e+00,1.707317709922790527e+00
-2.295318394899368286e-01,1.660643219947814941e+00
1.538948416709899902e+00,1.814760327339172363e+00
1.153342604637145996e+00,2.220215797424316406e+00
-5.829802751541137695e-01,1.595899581909179688e+00
-3.423538506031036377e-01,1.952721595764160156e+00
6.790322065353393555e-01,2.303997039794921875e+00
6.718916445970535278e-02,1.486684679985046387e+00
1.215343713760375977e+00,2.922183036804199219e+00
-3.326447308063507080e-01,2.324249744415283203e+00
2.596520662307739258e+00,2.729136943817138672e+00
5.051398277282714844e-01,3.026857614517211914e+00
2.663168907165527344e+00,2.567676782608032227e+00
7.241533398628234863e-01,2.381531000137329102e+00
-8.074551075696945190e-02,2.125324249267578125e+00
7.751414924860000610e-02,1.805945515632629395e+00
3.096814393997192383e+00,2.938186407089233398e+00
3.774071931838989258e+00,2.607265472412109375e+00
-1.094012260437011719e+00,1.998628735542297363e+00
2.158966213464736938e-01,1.805042743682861328e+00
-2.850071191787719727e-01,2.076785802841186523e+00
-1.918334863148629665e-03,3.239918231964111328e+00
-2.808608114719390869e-01,7.677766680717468262e-01
-3.866363763809204102e-01,2.465205669403076172e+00
1.836276173591613770e+00,2.030704021453857422e+00
1.105548977851867676e+00,2.364266633987426758e+00
2.165944501757621765e-02,1.955036163330078125e+00
8.800605684518814087e-02,1.577664494514465332e+00
-2.760938405990600586e-01,1.544795393943786621e+00
1.164348483085632324e+00,1.058771967887878418e+00
1.758033394813537598e+00,2.253416061401367188e+00
1.466770619153976440e-01,2.822164535522460938e+00
1.167409792542457581e-01,3.312218666076660156e+00
5.497685670852661133e-01,3.213744163513183594e+00
1.323810815811157227e+00,3.381191968917846680e+00
1.701624751091003418e+00,2.446433544158935547e+00
1.475099474191665649e-01,3.298607826232910156e+00
6.118015646934509277e-01,2.492976188659667969e+00
-7.074022889137268066e-01,2.259387969970703125e+00
8.140177726745605469e-01,2.544348239898681641e+00
-2.623943984508514404e-01,1.407277107238769531e+00
3.010703563690185547e+00,2.282722234725952148e+00
3.122482299804687500e+00,8.509397506713867188e-01
8.860752582550048828e-01,2.510905742645263672e+00
-7.943885773420333862e-02,1.964963555335998535e+00
3.423816680908203125e+00,2.523285388946533203e+00
-2.566186189651489258e-01,1.290797114372253418e+00
-6.233406662940979004e-01,1.693062067031860352e+00
-5.193910598754882812e-01,2.565096855163574219e+00
7.612457871437072754e-01,3.458691358566284180e+00
3.039221744984388351e-03,2.461122751235961914e+00
1.106508135795593262e+00,3.019097805023193359e+00
2.819909095764160156e+00,1.581885695457458496e+00
3.436568260192871094e+00,9.038382172584533691e-01
1.762677311897277832e+00,2.096964359283447266e+00
1.034539937973022461e+00,3.415546417236328125e+00
-1.260234951972961426e+00,2.230118513107299805e+00
-6.321356296539306641e-01,2.289407253265380859e+00
2.077267169952392578e+00,2.990482568740844727e+00
1.135934665799140930e-01,3.506325244903564453e+00
4.716498851776123047e-01,3.125698089599609375e+00
-7.670242786407470703e-01,1.732170701026916504e+00
1.090178370475769043e+00,1.567061901092529297e+00
1.198451399803161621e+00,2.583745002746582031e+00
-3.202523589134216309e-01,2.532825708389282227e+00
4.241476580500602722e-02,2.137385368347167969e+00
2.452884674072265625e+00,2.943033456802368164e+00
1.808022260665893555e+00,2.851170063018798828e+00
8.390213251113891602e-01,2.637677907943725586e+00
-5.749410986900329590e-01,3.117243528366088867e+00
2.994781255722045898e+00,2.492822170257568359e+00
-4.155253767967224121e-01,1.550397992134094238e+00
-2.740659713745117188e-01,1.838470458984375000e+00
1.972914099693298340e+00,1.684034466743469238e+00
4.093463420867919922e-01,2.567588090896606445e+00
2.656563520431518555e+00,2.867378950119018555e+00
1.367385268211364746e+00,2.193221092224121094e+00
-4.831986427307128906e-01,1.553276181221008301e+00
2.671915531158447266e+00,3.317054748535156250e+00
2.721631526947021484e-01,2.716830015182495117e+00
1.236729264259338379e+00,2.722964763641357422e+00
1.701922297477722168e+00,2.299336433410644531e+00
-1.574276208877563477e+00,7.509641647338867188e-01
-5.991809964179992676e-01,1.451548695564270020e+00
-9.213493466377258301e-01,2.446831703186035156e+00
1.352632403373718262e+00,6.365408897399902344e-01
1.091841936111450195e+00,1.762417554855346680e+00
9.246907234191894531e-01,3.497251272201538086e+00
1.208534017205238342e-01,2.550452947616577148e+00
3.964720293879508972e-02,2.211492776870727539e+00
1.160039544105529785e+00,1.757237315177917480e+00
7.254617214202880859e-01,2.705351829528808594e+00
-3.921527266502380371e-01,3.012006282806396484e+00
2.003138542175292969e+00,2.376401424407958984e+00
1.761768221855163574e+00,2.987771511077880859e+00
5.024418234825134277e-01,2.817559242248535156e+00
-1.992892473936080933e-01,1.176308751106262207e+00
-6.452596187591552734e-01,1.383556723594665527e+00
3.598783016204833984e+00,2.171465873718261719e+00
6.281414628028869629e-01,1.599257111549377441e+00
1.423000812530517578e+00,2.124703407287597656e+00
-1.870364993810653687e-01,2.212123155593872070e+00
3.505586683750152588e-01,2.597533226013183594e+00
1.039667963981628418e+00,1.861718535423278809e+00
1.931051135063171387e+00,1.866091609001159668e+00
1.106477856636047363e+00,2.960292100906372070e+00
-8.059586286544799805e-01,1.661559343338012695e+00
1.148137092590332031e+00,1.245854854583740234e+00
-2.887762784957885742e-01,8.376945853233337402e-01
-1.129342913627624512e+00,1.801063060760498047e+00
5.892306566238403320e-01,3.394611358642578125e+00
4.396789968013763428e-01,2.251725196838378906e+00
9.718042612075805664e-01,2.139285802841186523e+00
8.065798282623291016e-01,2.431346893310546875e+00
-6.327133625745773315e-02,1.704032778739929199e+00
2.247605800628662109e+00,3.880304336547851562e+00
4.665225446224212646e-01,2.738587379455566406e+00
1.331735253334045410e+00,1.153167128562927246e+00
-2.686004340648651123e-01,2.383208036422729492e+00
2.176965236663818359e+00,1.860617160797119141e+00
-7.103614807128906250e-01,2.232579708099365234e+00
1.003885343670845032e-01,1.882261872291564941e+00
6.806918382644653320e-01,2.935538291931152344e+00
2.436469554901123047e+00,1.830616354942321777e+00
-5.316615104675292969e-01,1.871295332908630371e+00
-1.238645434379577637e+00,1.255709052085876465e+00
3.009731769561767578e+00,2.677221775054931641e+00
9.306204915046691895e-01,2.310013294219970703e+00
2.582643270492553711e+00,2.503212451934814453e+00
2.798300981521606445e-01,3.419867992401123047e+00
-4.913778305053710938e-01,1.215519785881042480e+00
2.891849040985107422e+00,3.285869598388671875e+00
3.814097881317138672e+00,2.458728313446044922e+00
3.021630287170410156e+00,2.097988128662109375e+00
-3.858798146247863770e-01,1.191980719566345215e+00
-3.099084496498107910e-01,1.847799539566040039e+00
1.505673974752426147e-01,1.068113327026367188e+00
2.183406949043273926e-01,2.413826227188110352e+00
-3.237510621547698975e-01,2.118250846862792969e+00
6.898533087223768234e-03,1.702441930770874023e+00
8.716734051704406738e-01,2.889817714691162109e+00
-3.066997826099395752e-01,2.328539133071899414e+00
2.233350276947021484e+00,1.803458809852600098e+00
2.756911039352416992e+00,2.967239618301391602e+00
2.579638481140136719e+00,2.859211444854736328e+00
-6.722991466522216797e-01,2.413321495056152344e+00
7.084555029869079590e-01,2.399250507354736328e+00
1.121183037757873535e+00,2.478207588195800781e+00
2.079553842544555664e+00,1.568731069564819336e+00
1.843466639518737793e+00,2.099743127822875977e+00
5.670779347419738770e-01,2.794845819473266602e+00
2.242314100265502930e+00,2.102808952331542969e+00
1.850957751274108887e+00,3.373695373535156250e+00
2.514043807983398438e+00,3.067026853561401367e+00
-2.109461277723312378e-01,1.548717617988586426e+00
-1.673232391476631165e-02,3.147118806838989258e+00
3.477562591433525085e-02,3.062592267990112305e+00
2.814387321472167969e+00,2.911244869232177734e+00
-6.150175351649522781e-03,3.287225246429443359e+00
2.941480159759521484e+00,3.384224891662597656e+00
2.083414554595947266e+00,3.950745105743408203e+00
1.571310043334960938e+00,2.565115451812744141e+00
2.689235687255859375e+00,2.023689746856689453e+00
2.139009833335876465e-01,1.915868997573852539e+00
-7.061224579811096191e-01,2.508186817169189453e+00
4.649802148342132568e-01,2.111779928207397461e+00
-8.607661128044128418e-01,1.290454983711242676e+00
2.640489101409912109e+00,2.252196311950683594e+00
3.535663604736328125e+00,3.323451995849609375e+00
2.586220979690551758e+00,3.338062763214111328e+00
3.538060486316680908e-01,2.109036922454833984e+00
6.030370593070983887e-01,2.996376991271972656e+00
3.813665509223937988e-01,2.746454238891601562e+00
-7.688826918601989746e-01,1.290071249008178711e+00
-1.182273268699645996e+00,1.916715502738952637e+00
-6.509803533554077148e-01,2.711846351623535156e+00
2.482588529586791992e+00,2.612621545791625977e+00
3.180084705352783203e+00,2.775553226470947266e+00
2.724365234375000000e+00,3.544898509979248047e+00
7.360129952430725098e-01,3.350378036499023438e+00
9.357473254203796387e-01,1.318504452705383301e+00
1.408425688743591309e+00,2.476532459259033203e+00
2.576208114624023438e-01,1.574161648750305176e+00
2.207663059234619141e+00,3.430648326873779297e+00
-7.127874493598937988e-01,1.827288031578063965e+00
-4.676944017410278320e-01,1.421922564506530762e+00
2.845515012741088867e+00,3.094463825225830078e+00
-2.315613478422164917e-01,1.660892009735107422e+00
2.892428636550903320e+00,3.142785549163818359e+00
1.317453026771545410e+00,7.817067503929138184e-01
1.240693703293800354e-01,2.948438167572021484e+00
1.419785618782043457e+00,2.536875247955322266e+00
3.051602363586425781e+00,2.196147918701171875e+00
9.017778635025024414e-01,1.957348704338073730e+00
3.727953415364027023e-03,1.992905020713806152e+00
-1.105177283287048340e+00,1.045448660850524902e+00
1.322930216789245605e+00,2.512796163558959961e+00
2.758865118026733398e+00,2.524856090545654297e+00
1.439597606658935547e+00,1.136507153511047363e+00
-1.008113265037536621e+00,1.788185715675354004e+00
2.564750671386718750e+00,2.479855537414550781e+00
4.749087691307067871e-01,2.246842145919799805e+00
3.388446092605590820e+00,2.199724197387695312e+00
2.169218063354492188e+00,2.835754156112670898e+00
-2.745008468627929688e-01,2.247692108154296875e+00
3.099916696548461914e+00,1.470301032066345215e+00
1.604129910469055176e+00,1.584791302680969238e+00
-1.334523081779479980e+00,2.115459918975830078e+00
-7.262797951698303223e-01,1.039541363716125488e+00
5.626068711280822754e-01,2.392817735671997070e+00
9.462777525186538696e-02,2.071399688720703125e+00
6.823331713676452637e-01,3.211452245712280273e+00
-4.266285896301269531e-01,1.679922819137573242e+00
-1.149489998817443848e+00,1.418546795845031738e+00
-7.545406222343444824e-01,2.220153331756591797e+00
-7.384448647499084473e-01,2.137623548507690430e+00
-4.013934731483459473e-01,2.346455812454223633e+00
1.326666831970214844e+00,1.664707779884338379e+00
-3.330590426921844482e-01,1.746890187263488770e+00
5.484871193766593933e-02,1.474799752235412598e+00
5.607469081878662109e-01,2.230684280395507812e+00
-4.931016266345977783e-01,2.954088449478149414e+00
2.266213893890380859e+00,1.875923275947570801e+00
2.778151512145996094e+00,2.677618026733398438e+00
7.591114044189453125e-01,2.785162687301635742e+00
-1.173854351043701172e+00,1.818676233291625977e+00
-1.572140902280807495e-01,2.526705741882324219e+00
1.679716467857360840e+00,3.545400142669677734e+00
1.135638117790222168e+00,2.318837165832519531e+00
3.212642908096313477e+00,3.124515771865844727e+00
1.307952761650085449e+00,2.806791305541992188e+00
2.705736875534057617e+00,2.699448347091674805e+00
8.449792861938476562e-01,2.311478614807128906e+00
1.188588976860046387e+00,2.403275489807128906e+00
7.237564921379089355e-01,2.821240663528442383e+00
5.756580829620361328e-01,2.119705438613891602e+00
-5.995090603828430176e-01,1.734572529792785645e+00
5.164456963539123535e-01,3.315142154693603516e+00
6.397889256477355957e-01,2.542670011520385742e+00
-1.392355710268020630e-01,1.693372964859008789e+00
1.598995208740234375e+00,1.756070971488952637e+00
2.653992176055908203e+00,3.161003112792968750e+00
-6.965419650077819824e-01,1.962576866149902344e+00
2.437876224517822266e+00,3.066548347473144531e+00
6.810759902000427246e-01,3.085739135742187500e+00
5.037094280123710632e-02,2.208413600921630859e+00
7.990700602531433105e-01,2.804027080535888672e+00
1.400968670845031738e+00,2.582467079162597656e+00
-2.801496982574462891e-01,2.692218303680419922e+00
5.633674263954162598e-01,2.107307910919189453e+00
9.268109202384948730e-01,2.627675056457519531e+00
2.103741645812988281e+00,2.262727260589599609e+00
6.867272257804870605e-01,2.531108856201171875e+00
1.972766518592834473e+00,2.860075473785400391e+00
3.765774726867675781e+00,2.983325004577636719e+00
1.199566721916198730e+00,2.145923137664794922e+00
1.746977686882019043e+00,3.625771045684814453e+00
-7.683417797088623047e-01,2.505491971969604492e+00
3.167955398559570312e+00,2.001616477966308594e+00
1.894136667251586914e+00,2.719552993774414062e+00
-1.226104125380516052e-01,2.049369096755981445e+00
1.238755106925964355e+00,2.930218219757080078e+00
-8.366371393203735352e-01,1.313746333122253418e+00
1.420974969863891602e+00,1.426349043846130371e+00
1.950111389160156250e+00,9.092583656311035156e-01
2.079226016998291016e+00,2.593017101287841797e+00
-1.844807118177413940e-01,1.986427903175354004e+00
4.353089332580566406e-01,2.493343353271484375e+00
-9.016703814268112183e-02,1.583954811096191406e+00
3.073739409446716309e-01,2.148167610168457031e+00
8.768456578254699707e-01,3.256513595581054688e+00
2.486514091491699219e+00,2.613595008850097656e+00
2.044148445129394531e+00,2.935031175613403320e+00
1.401147484779357910e+00,2.017655849456787109e+00
1.373385429382324219e+00,2.258890151977539062e+00
1.381432175636291504e+00,3.006478309631347656e+00
4.782592654228210449e-01,2.234597206115722656e+00
-1.146515086293220520e-02,2.183303833007812500e+00
2.022922039031982422e+00,1.946977853775024414e+00
5.876396223902702332e-02,1.432745695114135742e+00
-1.116129755973815918e+00,1.797919750213623047e+00
-4.559324383735656738e-01,1.737815976142883301e+00
1.313741087913513184e+00,2.829102039337158203e+00
-8.791192173957824707e-01,3.139427185058593750e+00
2.925284385681152344e+00,2.008985757827758789e+00
8.358159065246582031e-01,2.667804002761840820e+00
-1.459583878517150879e+00,2.486568212509155273e+00
6.432200074195861816e-01,1.687642693519592285e+00
-2.801039814949035645e-01,1.266316533088684082e+00
1.446311831474304199e+00,2.680940389633178711e+00
3.145517826080322266e+00,2.729970216751098633e+00
-1.190293654799461365e-01,1.713051438331604004e+00
-1.029269814491271973e+00,1.676043629646301270e+00
-1.017105460166931152e+00,1.479612827301025391e+00
4.061918735504150391e+00,3.013907432556152344e+00
3.115047216415405273e+00,3.286973476409912109e+00
-1.326504111289978027e+00,1.806480526924133301e+00
6.835080981254577637e-01,2.855142116546630859e+00
-8.345028162002563477e-01,1.197708487510681152e+00
6.246231794357299805e-01,5.567634701728820801e-01
2.522650241851806641e+00,3.596173286437988281e+00
-2.474747300148010254e-01,2.823871374130249023e+00
1.153063893318176270e+00,3.271489143371582031e+00
2.502605915069580078e+00,2.776557922363281250e+00
9.406960755586624146e-02,2.059053182601928711e+00
1.294077783823013306e-01,3.467859745025634766e+00
-4.323515295982360840e-01,2.843003749847412109e+00
-1.543577760457992554e-01,1.863665938377380371e+00
1.119680523872375488e+00,9.131097197532653809e-01
4.492249488830566406e-01,2.175762653350830078e+00
-3.489615395665168762e-02,1.979468703269958496e+00
5.737740918993949890e-02,3.265528678894042969e+00
2.177027702331542969e+00,3.241790771484375000e+00
-1.281807273626327515e-01,1.365880489349365234e+00
-5.332107543945312500e-01,2.066849470138549805e+00
-4.932231307029724121e-01,3.071722030639648438e+00
-4.624360203742980957e-01,2.250326871871948242e+00
-2.003660351037979126e-01,1.855402946472167969e+00
-1.075902804732322693e-01,1.495694518089294434e+00
-1.063405796885490417e-01,3.064141750335693359e+00
1.828192710876464844e+00,2.191798448562622070e+00
1.889675617218017578e+00,1.091621279716491699e+00
2.890166640281677246e-01,3.662889719009399414e+00
1.180273652076721191e+00,2.990415573120117188e+00
2.874385833740234375e+00,3.009508132934570312e+00
1.767205744981765747e-01,2.041199684143066406e+00
3.160829842090606689e-01,2.345323324203491211e+00
7.852068543434143066e-01,1.887710452079772949e+00
2.212230205535888672e+00,3.265700578689575195e+00
9.618939161300659180e-01,1.573455929756164551e+00
6.923139691352844238e-01,2.561411857604980469e+00
3.786932229995727539e-01,1.008352637290954590e+00
8.977395892143249512e-01,1.148686528205871582e+00
1.390178084373474121e+00,2.030185699462890625e+00
-4.495974183082580566e-01,2.332678318023681641e+00
5.443298816680908203e-01,1.386306405067443848e+00
6.740563511848449707e-01,2.006350040435791016e+00
-3.947016000747680664e-01,1.881963133811950684e+00
1.002648472785949707e+00,3.031742095947265625e+00
8.184491991996765137e-01,3.436852216720581055e+00
3.813070952892303467e-01,1.521039247512817383e+00
7.766291499137878418e-01,2.565409183502197266e+00
-1.832148879766464233e-01,1.872308135032653809e+00
1.195278882980346680e+00,1.700783729553222656e+00
-9.625896066427230835e-02,2.740342617034912109e+00
1.281860232353210449e+00,3.289229393005371094e+00
2.958122730255126953e+00,2.894555330276489258e+00
3.135284423828125000e+00,1.232774496078491211e+00
1.164724469184875488e+00,3.279353857040405273e+00
1.585096567869186401e-01,2.849709987640380859e+00
-3.972393572330474854e-01,2.261269807815551758e+00
2.645500659942626953e+00,1.970457792282104492e+00
1.738644093275070190e-01,2.467608451843261719e+00
9.134520292282104492e-01,1.224722981452941895e+00
2.397051811218261719e+00,2.668756723403930664e+00
4.205873608589172363e-01,3.177566766738891602e+00
-5.094255805015563965e-01,2.043187856674194336e+00
1.458365797996520996e+00,3.113542079925537109e+00
-6.893883347511291504e-01,2.119560241699218750e+00
6.563401222229003906e-01,3.058166503906250000e+00
-7.413938641548156738e-01,1.218237400054931641e+00
-4.283612072467803955e-01,2.292932510375976562e+00
9.900265932083129883e-01,2.477261543273925781e+00
2.570539116859436035e-01,2.941115379333496094e+00
4.064598977565765381e-01,2.722883701324462891e+00
1.315868258476257324e+00,2.861139476299285889e-01
1.834892034530639648e+00,2.381354570388793945e+00
3.347024917602539062e-01,1.699812650680541992e+00
-6.847851723432540894e-02,3.009986162185668945e+00
7.761558890342712402e-01,1.945254921913146973e+00
8.951907753944396973e-01,5.681908130645751953e-02
6.373489499092102051e-01,2.679073810577392578e+00
-8.230246901512145996e-01,1.427730202674865723e+00
3.554722070693969727e-01,1.273860573768615723e+00
2.651526451110839844e+00,3.218970775604248047e+00
1.144510865211486816e+00,2.109156608581542969e+00
-4.123579338192939758e-02,2.827687740325927734e+00
2.918586254119873047e+00,2.142895221710205078e+00
2.389918327331542969e+00,3.214421510696411133e+00
1.638763308525085449e+00,1.149585366249084473e+00
1.929379582405090332e+00,2.809413433074951172e+00
2.183940410614013672e+00,2.302248001098632812e+00
2.477827072143554688e+00,2.833121538162231445e+00
5.690553784370422363e-01,1.684997677803039551e+00
8.742479681968688965e-01,1.325002670288085938e+00
4.400825500488281250e-01,2.384666442871093750e+00
2.316199779510498047e+00,3.427902698516845703e+00
3.049714088439941406e+00,3.116436958312988281e+00
9.179470539093017578e-01,3.018619775772094727e+00
3.020874023437500000e+00,2.601082324981689453e+00
-7.621113657951354980e-01,2.080435752868652344e+00
2.299391984939575195e+00,1.954640030860900879e+00
-3.281288146972656250e-01,1.761831760406494141e+00
2.667185962200164795e-01,2.200491428375244141e+00
7.651490569114685059e-01,2.441647529602050781e+00
1.694227457046508789e+00,3.143963098526000977e+00
1.793483197689056396e-01,3.170108795166015625e+00
2.116838693618774414e+00,2.049189329147338867e+00
-2.532053887844085693e-01,2.015808582305908203e+00
3.114181041717529297e+00,3.246119737625122070e+00
-5.762436389923095703e-01,2.417448997497558594e+00
-8.554026484489440918e-01,2.336495161056518555e+00
7.518851161003112793e-01,1.747255682945251465e+00
-9.004178047180175781e-01,2.162267684936523438e+00
-1.055582761764526367e+00,2.785393714904785156e+00
1.158407449722290039e+00,1.718250155448913574e+00
-4.063858389854431152e-01,2.088030338287353516e+00
1.091672897338867188e+00,1.338721990585327148e+00
-1.014303088188171387e+00,1.677207469940185547e+00
-5.984590649604797363e-01,2.095608711242675781e+00
-1.212146759033203125e+00,2.736455917358398438e+00
3.225813388824462891e+00,3.275382995605468750e+00
6.436412930488586426e-01,3.153750896453857422e+00
3.416207313537597656e+00,3.193322896957397461e+00
1.854359149932861328e+00,3.289990901947021484e+00
-1.396173089742660522e-01,3.760544300079345703e+00
9.397674202919006348e-01,1.536677122116088867e+00
3.169806480407714844e+00,3.552129745483398438e+00
-8.398415446281433105e-01,2.107963562011718750e+00
-1.056835174560546875e+00,1.559710144996643066e+00
3.210009098052978516e+00,3.217940807342529297e+00
-9.750068187713623047e-01,8.299527764320373535e-01
1.715995669364929199e+00,2.310706615447998047e+00
2.005666494369506836e+00,2.622595310211181641e+00
-1.093938112258911133e+00,2.880814075469970703e+00
3.774091005325317383e+00,3.298659563064575195e+00
-6.058971285820007324e-01,1.876241207122802734e+00
-1.133878111839294434e+00,2.314335823059082031e+00
-7.511293292045593262e-01,3.378609180450439453e+00
3.797478079795837402e-01,1.733764529228210449e+00
-5.818578600883483887e-01,2.377089023590087891e+00
8.490085005760192871e-01,1.647970795631408691e+00
-4.843583106994628906e-01,2.772281646728515625e+00
4.992409348487854004e-01,1.505366444587707520e+00
2.880539894104003906e+00,3.076886177062988281e+00
1.157102465629577637e+00,1.965897679328918457e+00
-6.434138417243957520e-01,2.205411434173583984e+00
1.650268554687500000e+00,1.622960448265075684e+00
-1.111636981368064880e-01,1.302252054214477539e+00
-5.546349883079528809e-01,2.194769382476806641e+00
4.310995340347290039e-01,3.052338123321533203e+00
3.146156311035156250e+00,3.446449518203735352e+00
3.633858442306518555e+00,1.470009326934814453e+00
-2.797760665416717529e-01,2.949507236480712891e+00
-4.828249812126159668e-01,1.999383091926574707e+00
2.201322317123413086e+00,2.691076278686523438e+00
2.191867828369140625e+00,1.885638475418090820e+00
1.820098161697387695e+00,1.886777400970458984e+00
-6.679957360029220581e-02,2.878433227539062500e+00
7.521677613258361816e-01,3.125236988067626953e+00
1.886709570884704590e+00,2.238046169281005859e+00
-1.138256549835205078e+00,2.180881500244140625e+00
5.205431580543518066e-01,2.321511507034301758e+00
3.132150769233703613e-01,2.295471191406250000e+00
1.030590906739234924e-01,1.772138476371765137e+00
2.265742123126983643e-01,1.631806492805480957e+00
1.860834240913391113e+00,1.989142060279846191e+00
1.170290634036064148e-02,2.104163885116577148e+00
7.242686152458190918e-01,2.054845809936523438e+00
-3.697517812252044678e-01,1.629535317420959473e+00
2.585798263549804688e+00,2.808716058731079102e+00
1.943808197975158691e+00,1.888101816177368164e+00
-1.027804374694824219e+00,1.131303191184997559e+00
2.183567434549331665e-01,1.703955173492431641e+00
1.333200097084045410e+00,2.841725587844848633e+00
1.041530370712280273e+00,1.949491381645202637e+00
1.749830245971679688e+00,2.784547567367553711e+00
1.171137809753417969e+00,2.165558815002441406e+00
2.674354076385498047e+00,1.315558314323425293e+00
7.441229224205017090e-01,1.529348254203796387e+00
2.898202180862426758e+00,2.245059251785278320e+00
2.939721941947937012e-01,1.843806743621826172e+00
3.876516819000244141e-01,1.546074986457824707e+00
2.702113389968872070e+00,2.909414291381835938e+00
1.367039561271667480e+00,1.991830945014953613e+00
-1.109480783343315125e-01,1.895363807678222656e+00
1.479989528656005859e+00,1.019908547401428223e+00
7.622826695442199707e-01,3.400324344635009766e+00
2.776241302490234375e+00,3.335671901702880859e+00
1.456644058227539062e+00,1.737653851509094238e+00
3.575426578521728516e+00,2.690251827239990234e+00
9.933588504791259766e-01,1.706497550010681152e+00
4.371784925460815430e-01,2.944183826446533203e+00
1.928866744041442871e+00,6.665430068969726562e-01
2.900948762893676758e+00,2.646514892578125000e+00
2.061268091201782227e+00,2.844739675521850586e+00
9.950693249702453613e-01,2.719141483306884766e+00
-5.106531456112861633e-02,1.360825419425964355e+00
-1.309723407030105591e-01,2.532219409942626953e+00
1.391864940524101257e-02,1.387717008590698242e+00
2.273945808410644531e+00,3.073024749755859375e+00
-7.703138589859008789e-01,2.525465011596679688e+00
-2.416427582502365112e-01,1.609760165214538574e+00
2.114527225494384766e+00,2.485412597656250000e+00
3.689984604716300964e-02,2.719277381896972656e+00
-8.379737734794616699e-01,1.546546101570129395e+00
-9.283540248870849609e-01,2.250934362411499023e+00
2.608922958374023438e+00,3.491447687149047852e+00
-1.438222050666809082e+00,1.402778148651123047e+00
2.616084098815917969e+00,2.455309391021728516e+00
-1.232116937637329102e+00,1.564889788627624512e+00
1.929197460412979126e-01,2.336692333221435547e+00
1.291834712028503418e+00,1.856566548347473145e+00
-6.691372990608215332e-01,2.526601791381835938e+00
-6.196667551994323730e-01,2.658013820648193359e+00
2.690423488616943359e+00,2.767350435256958008e+00
1.295360922813415527e+00,2.098157882690429688e+00
2.511071562767028809e-01,3.472090005874633789e+00
-6.941615343093872070e-01,1.652262568473815918e+00
3.249148726463317871e-01,2.753521442413330078e+00
-1.759845465421676636e-01,1.504054665565490723e+00
-9.355889558792114258e-01,2.046284675598144531e+00
5.224119424819946289e-01,2.329329729080200195e+00
1.273968666791915894e-01,2.784414291381835938e+00
2.997184514999389648e+00,2.657610893249511719e+00
2.037922859191894531e+00,2.410734653472900391e+00
5.527605414390563965e-01,1.925744652748107910e+00
6.711536049842834473e-01,1.726434111595153809e+00
-2.414935380220413208e-01,1.941253066062927246e+00
8.176000714302062988e-01,3.012962341308593750e+00
3.797356605529785156e+00,2.966983318328857422e+00
2.630755901336669922e+00,3.023666858673095703e+00
1.888145923614501953e+00,1.758970856666564941e+00
-5.587266087532043457e-01,2.394218921661376953e+00
-6.549396514892578125e-01,7.101473808288574219e-01
-2.016593236476182938e-03,2.808927536010742188e+00
1.574646353721618652e+00,2.012317419052124023e+00
1.975389361381530762e+00,2.091435194015502930e+00
2.509671211242675781e+00,2.897249937057495117e+00
-1.736997216939926147e-01,1.863104224205017090e+00
-1.076753139495849609e+00,2.536875724792480469e+00
1.656718611717224121e+00,3.108977794647216797e+00
3.746639490127563477e-01,2.408401966094970703e+00
1.130986586213111877e-01,1.994949936866760254e+00
2.715374469757080078e+00,2.862626075744628906e+00
2.582391738891601562e+00,2.648051738739013672e+00
-6.629465818405151367e-01,2.497307300567626953e+00
1.430129051208496094e+00,2.562900543212890625e+00
-1.285785675048828125e+00,1.448432922363281250e+00
1.567611098289489746e+00,2.830203294754028320e+00
3.335470438003540039e+00,1.385690331459045410e+00
7.384120821952819824e-01,2.157631158828735352e+00
6.338683366775512695e-01,2.086034774780273438e+00
3.573460280895233154e-01,1.326539516448974609e+00
3.096901416778564453e+00,3.303703308105468750e+00
1.356116771697998047e+00,2.618591308593750000e+00
2.512542724609375000e+00,2.344982624053955078e+00
1.844073653221130371e+00,2.582581281661987305e+00
2.370615482330322266e+00,3.102115631103515625e+00
9.585379958152770996e-01,2.291184425354003906e+00
-3.380088210105895996e-01,2.463840484619140625e+00
-4.901966452598571777e-01,2.053438425064086914e+00
3.638545274734497070e+00,2.991544723510742188e+00
3.844789564609527588e-01,2.265297889709472656e+00
3.295975685119628906e+00,2.840437650680541992e+00
-6.756587624549865723e-01,2.497335672378540039e+00
-2.002472430467605591e-01,1.359045743942260742e+00
6.316065192222595215e-01,2.022984027862548828e+00
2.990369319915771484e+00,3.528367042541503906e+00
3.312090635299682617e-01,2.356859683990478516e+00
3.291699171066284180e+00,1.632301688194274902e+00
-8.722463846206665039e-01,5.837531089782714844e-01
1.378542184829711914e+00,2.608175992965698242e+00
7.139329910278320312e-01,2.611065626144409180e+00
1.506539821624755859e+00,2.097099304199218750e+00
2.045060157775878906e+00,2.467781543731689453e+00
-1.147583723068237305e+00,1.329492926597595215e+00
2.274617433547973633e+00,2.301501750946044922e+00
6.880603432655334473e-01,3.523435592651367188e+00
5.777173638343811035e-01,2.138798713684082031e+00
-8.570864200592041016e-01,2.991243839263916016e+00
-3.969609141349792480e-01,1.631262421607971191e+00
-2.610122561454772949e-01,1.821688532829284668e+00
-8.527019619941711426e-01,1.331812858581542969e+00
-9.777730703353881836e-01,3.171947956085205078e+00
-5.783638954162597656e-01,1.583896279335021973e+00
1.137964054942131042e-02,1.138230443000793457e+00
3.682045459747314453e+00,2.134895563125610352e+00
1.395712256431579590e+00,3.013329029083251953e+00
1.880170851945877075e-01,1.463860630989074707e+00
7.933516502380371094e-01,2.466925144195556641e+00
-6.192551255226135254e-01,2.109368801116943359e+00
1.748375147581100464e-01,3.075493097305297852e+00
1.086040496826171875e+00,1.408044457435607910e+00
3.172022700309753418e-01,1.563673138618469238e+00
2.719092369079589844e+00,3.414459228515625000e+00
-3.010465577244758606e-02,3.166268825531005859e+00
-3.995944857597351074e-01,1.526772379875183105e+00
9.508430957794189453e-01,2.048234462738037109e+00
2.575999975204467773e+00,2.477904558181762695e+00
-4.291969537734985352e-01,1.725673079490661621e+00
-8.784673810005187988e-01,1.635408043861389160e+00
2.351134300231933594e+00,2.617946624755859375e+00
2.857995629310607910e-01,3.251883268356323242e+00
-9.302277117967605591e-03,2.311928033828735352e+00
-1.029846549034118652e+00,1.596678495407104492e+00
1.303443312644958496e+00,2.592375040054321289e+00
5.580995678901672363e-01,3.130110740661621094e+00
5.278509259223937988e-01,2.381587266921997070e+00
4.622699618339538574e-01,3.155221700668334961e+00
1.429345011711120605e+00,1.776165723800659180e+00
7.563078403472900391e-01,1.903106689453125000e+00
1.882034659385681152e+00,2.658636331558227539e+00
-5.545414686203002930e-01,2.232553005218505859e+00
2.909341335296630859e+00,2.665998935699462891e+00
-4.279575943946838379e-01,2.320549488067626953e+00
8.953219652175903320e-01,2.410724639892578125e+00
3.725201368331909180e+00,2.954880714416503906e+00
-4.800142049789428711e-01,1.893650650978088379e+00
-1.618770807981491089e-01,3.281686305999755859e+00
-9.345151782035827637e-01,2.226400852203369141e+00
8.380258828401565552e-02,1.806754112243652344e+00
2.581272646784782410e-02,3.427227497100830078e+00
-7.590639591217041016e-01,2.378271818161010742e+00
7.900127172470092773e-01,3.340649843215942383e+00
-5.322184562683105469e-01,2.010064601898193359e+00
1.010700941085815430e+00,3.674410104751586914e+00
1.077873349189758301e+00,4.830491244792938232e-01
1.939506456255912781e-02,2.977211475372314453e+00
1.653424263000488281e+00,3.049381732940673828e+00
-7.646358609199523926e-01,1.706678748130798340e+00
-5.185230448842048645e-02,1.496984481811523438e+00
9.482834935188293457e-01,3.637349605560302734e+00
-9.047066569328308105e-01,1.941392064094543457e+00
4.341933727264404297e-01,3.166672706604003906e+00
8.530748635530471802e-02,1.619334697723388672e+00
2.664459943771362305e+00,3.217376708984375000e+00
-1.120775565505027771e-01,1.937837243080139160e+00
1.936815530061721802e-01,1.664834618568420410e+00
7.077943086624145508e-01,2.402892827987670898e+00
1.186081841588020325e-01,1.784314990043640137e+00
-6.767139434814453125e-01,2.563077926635742188e+00
1.146937012672424316e+00,2.366927623748779297e+00
3.132021903991699219e+00,1.265559911727905273e+00
2.972418785095214844e+00,2.311230182647705078e+00
1.959369659423828125e+00,2.555876255035400391e+00
2.341843843460083008e+00,3.456284284591674805e+00
-9.437741637229919434e-01,2.546144485473632812e+00
4.057190939784049988e-02,1.634310126304626465e+00
-9.843670725822448730e-01,2.005280971527099609e+00
3.718260049819946289e+00,2.258099079132080078e+00
2.885611653327941895e-01,2.276641368865966797e+00
9.681945443153381348e-01,1.775899767875671387e+00
1.694927692413330078e+00,3.020288705825805664e+00
-8.094946742057800293e-01,1.659875988960266113e+00
2.555454894900321960e-02,1.604284405708312988e+00
3.025824546813964844e+00,2.683833360671997070e+00
-4.311555027961730957e-01,1.773035526275634766e+00
2.765243053436279297e+00,2.539609909057617188e+00
1.856702566146850586e+00,2.037481069564819336e+00
-4.649735987186431885e-01,2.567327976226806641e+00
1.850722432136535645e+00,2.619023084640502930e+00
3.232858896255493164e+00,2.702891111373901367e+00
-2.075801342725753784e-01,1.690837740898132324e+00
-3.412418365478515625e-01,1.524907469749450684e+00
1.663011312484741211e+00,2.260214328765869141e+00
-4.116750061511993408e-01,1.934870123863220215e+00
1.188754916191101074e+00,2.666674375534057617e+00
6.299296617507934570e-01,2.179031848907470703e+00
1.886722087860107422e+00,1.977570772171020508e+00
1.319649577140808105e+00,1.599170804023742676e+00
1.192318201065063477e+00,2.517561912536621094e+00
-8.221527189016342163e-02,2.857147216796875000e+00
2.520994663238525391e+00,3.375072717666625977e+00
4.925674200057983398e-01,1.337897658348083496e+00
3.983147144317626953e-01,1.426172852516174316e+00
5.128288865089416504e-01,3.249771118164062500e+00
2.084642648696899414e+00,3.530735015869140625e+00
-6.886188387870788574e-01,1.263907313346862793e+00
2.205908447504043579e-01,2.626994609832763672e+00
1.486476063728332520e-01,3.579868078231811523e+00
-9.010016322135925293e-01,2.328100204467773438e+00
-8.633632659912109375e-01,1.005724310874938965e+00
-4.985844492912292480e-01,1.571646571159362793e+00
2.124429702758789062e+00,1.829886794090270996e+00
1.056870222091674805e+00,2.175346374511718750e+00
-1.627874225378036499e-01,1.263439059257507324e+00
2.749751806259155273e+00,2.433937549591064453e+00
2.028457641601562500e+00,2.865650177001953125e+00
1.496446609497070312e+00,2.391531944274902344e+00
5.818066000938415527e-01,1.843320012092590332e+00
1.573771595954895020e+00,2.985057830810546875e+00
4.288736283779144287e-01,3.017683029174804688e+00
2.955940485000610352e+00,3.470919609069824219e+00
1.005119681358337402e+00,1.790141940116882324e+00
2.330857276916503906e+00,3.548616170883178711e+00
2.780992031097412109e+00,1.289236187934875488e+00
-1.382210403680801392e-01,2.753928661346435547e+00
-1.055463030934333801e-02,2.507299900054931641e+00
-3.371851518750190735e-02,3.558070182800292969e+00
-6.626783609390258789e-01,2.358417987823486328e+00
-1.099981740117073059e-02,2.507616996765136719e+00
5.711875557899475098e-01,2.384760856628417969e+00
-7.201090455055236816e-01,2.210018157958984375e+00
3.833783790469169617e-02,2.544103384017944336e+00
2.547090649604797363e-01,2.343111038208007812e+00
3.698136806488037109e+00,1.730633854866027832e+00
-8.875549435615539551e-01,2.154958724975585938e+00
2.416366815567016602e+00,3.076361417770385742e+00
8.011385798454284668e-01,2.593198060989379883e+00
2.888151109218597412e-01,2.879920482635498047e+00
-3.545284867286682129e-01,1.281420826911926270e+00
1.020637392997741699e+00,2.985363721847534180e+00
2.185849428176879883e+00,3.114438295364379883e+00
-1.152533411979675293e+00,1.865008711814880371e+00
1.231037378311157227e+00,1.466929078102111816e+00
7.143393903970718384e-02,3.211039304733276367e+00
-3.331440091133117676e-01,2.387935876846313477e+00
1.934064984321594238e+00,2.459805965423583984e+00
1.676092296838760376e-01,2.710232019424438477e+00
-8.454639464616775513e-03,2.019975662231445312e+00
4.595348238945007324e-01,3.396209716796875000e+00
1.847864031791687012e+00,3.498696804046630859e+00
5.868556499481201172e-01,2.578519344329833984e+00
-9.832113385200500488e-01,3.239103317260742188e+00
-3.904251456260681152e-01,1.773319125175476074e+00
1.765713572502136230e+00,3.489792346954345703e+00
-2.682828307151794434e-01,1.638730406761169434e+00
2.925789594650268555e+00,2.089790821075439453e+00
1.749451756477355957e+00,2.787048816680908203e+00
5.239710211753845215e-01,2.109648227691650391e+00
1.068595767021179199e+00,2.414333343505859375e+00
2.039545536041259766e+00,2.790126323699951172e+00
6.441207528114318848e-01,1.981482625007629395e+00
1.697780966758728027e+00,2.043071508407592773e+00
1.397289514541625977e+00,3.665822029113769531e+00
1.178833365440368652e+00,3.097849845886230469e+00
-2.864223122596740723e-01,2.986807107925415039e+00
-7.029721140861511230e-01,1.771378397941589355e+00
6.451233029365539551e-01,3.389286994934082031e+00
-6.040761470794677734e-01,1.880864381790161133e+00
1.993549466133117676e+00,2.019766330718994141e+00
9.155450463294982910e-01,1.497209906578063965e+00
3.194662570953369141e+00,1.848342895507812500e+00
2.433073282241821289e+00,2.885587215423583984e+00
-8.401561528444290161e-03,3.346215248107910156e+00
-5.591829419136047363e-01,2.587926387786865234e+00
-3.671194911003112793e-01,3.190334320068359375e+00
8.134254813194274902e-01,1.754223108291625977e+00
2.527496814727783203e+00,2.539721012115478516e+00
-1.281858325004577637e+00,2.182303190231323242e+00
-1.022879600524902344e+00,1.207513213157653809e+00
3.323659420013427734e+00,2.876831531524658203e+00
8.059196472167968750e-01,2.901945590972900391e+00
2.687697410583496094e+00,2.684080123901367188e+00
1.187519073486328125e+00,2.928755283355712891e+00
-2.395535558462142944e-01,2.709535360336303711e+00
1.028697729110717773e+00,3.282987594604492188e+00
-4.189178943634033203e-01,9.929071068763732910e-01
2.392773628234863281e+00,3.159828662872314453e+00
-1.056303501129150391e+00,1.427344679832458496e+00
1.731163859367370605e+00,2.172389984130859375e+00
2.312320709228515625e+00,2.470590591430664062e+00
1.845486998558044434e+00,3.586395263671875000e+00
-8.294578194618225098e-01,2.943576335906982422e+00
9.841375946998596191e-01,2.599579334259033203e+00
2.921648979187011719e+00,2.838590383529663086e+00
-1.008451938629150391e+00,2.149376630783081055e+00
3.075478076934814453e+00,2.501185417175292969e+00
1.760455489158630371e+00,1.708419203758239746e+00
1.966681718826293945e+00,2.964321374893188477e+00
5.917868018150329590e-01,2.445905208587646484e+00
2.439513683319091797e+00,2.374844312667846680e+00
1.389668226242065430e+00,2.817723274230957031e+00
2.278448104858398438e+00,1.936806082725524902e+00
4.364284873008728027e-01,1.126420617103576660e+00
-1.075162291526794434e+00,2.674613475799560547e+00
1.774270460009574890e-02,1.095283389091491699e+00
9.086004495620727539e-01,2.691190481185913086e+00
-5.641758441925048828e-01,2.231658458709716797e+00
1.558488488197326660e+00,2.438885688781738281e+00
-6.091203689575195312e-01,1.954616427421569824e+00
9.893683791160583496e-01,1.286618351936340332e+00
2.359320163726806641e+00,2.910929203033447266e+00
1.414952278137207031e+00,3.050604343414306641e+00
-6.621375679969787598e-01,1.486090183258056641e+00
9.718617796897888184e-01,2.788835048675537109e+00
4.557012319564819336e-01,3.345150232315063477e+00
2.490749835968017578e+00,1.703580319881439209e-01
2.884820938110351562e+00,2.742866516113281250e+00
-2.774521112442016602e-01,2.473161697387695312e+00
1.173637986183166504e+00,1.585448026657104492e+00
5.284929871559143066e-01,1.643200039863586426e+00
1.192285180091857910e+00,1.093151569366455078e+00
1.567484885454177856e-01,2.149617195129394531e+00
4.267080724239349365e-01,1.769518494606018066e+00
4.522318243980407715e-01,1.993776798248291016e+00
1.365683436393737793e+00,2.435289859771728516e+00
7.382377982139587402e-01,2.055308341979980469e+00
1.046863079071044922e+00,2.341457366943359375e+00
1.091827630996704102e+00,3.087268114089965820e+00
2.534463167190551758e+00,2.207643747329711914e+00
2.106690883636474609e+00,3.304283618927001953e+00
3.002909898757934570e+00,2.354068279266357422e+00
-3.681542873382568359e-01,2.067255020141601562e+00
1.957612633705139160e+00,2.074817180633544922e+00
5.822826549410820007e-02,2.486359596252441406e+00
1.597528815269470215e+00,1.932095170021057129e+00
5.249427556991577148e-01,1.530841827392578125e+00
1.306768894195556641e+00,2.315719604492187500e+00
6.473036408424377441e-01,2.012641668319702148e+00
8.963233977556228638e-02,2.270532369613647461e+00
1.103129625320434570e+00,1.845336914062500000e+00
-7.188063263893127441e-01,1.857025623321533203e+00
1.615187525749206543e+00,2.936056613922119141e+00
-1.871225386857986450e-01,2.728934764862060547e+00
-1.916365772485733032e-01,2.341015815734863281e+00
-6.914286613464355469e-01,1.142523050308227539e+00
2.028367519378662109e+00,2.095632553100585938e+00
-1.179751276969909668e+00,1.454899191856384277e+00
3.012993633747100830e-01,2.420073509216308594e+00
-7.915115356445312500e-01,1.331743121147155762e+00
2.837100327014923096e-01,2.725466966629028320e+00
2.096699237823486328e+00,2.543294429779052734e+00
-1.003720998764038086e+00,1.552019000053405762e+00
-4.619730114936828613e-01,9.882164597511291504e-01
1.000352263450622559e+00,2.309575319290161133e+00
-1.033401131629943848e+00,2.093244075775146484e+00
1.148208498954772949e+00,3.075099468231201172e+00
2.772822380065917969e+00,2.531439542770385742e+00
2.189561367034912109e+00,2.590634346008300781e+00
1.078413844108581543e+00,1.737797975540161133e+00
8.075588345527648926e-01,1.948073267936706543e+00
-5.048738121986389160e-01,2.940911293029785156e+00
-6.091135144233703613e-01,2.035495281219482422e+00
-4.914485216140747070e-01,2.383587598800659180e+00
-1.231310486793518066e+00,1.755933403968811035e+00
1.146745562553405762e+00,2.867936372756958008e+00
1.173991560935974121e+00,1.860106825828552246e+00
1.331579804420471191e+00,1.993381619453430176e+00
-3.536289632320404053e-01,1.614415287971496582e+00
1.655656218528747559e+00,9.984505772590637207e-01
9.131324291229248047e-01,3.482966899871826172e+00
-6.611379981040954590e-01,1.616363406181335449e+00
7.970612496137619019e-03,2.297567844390869141e+00
-1.113358363509178162e-01,2.518336296081542969e+00
2.195195406675338745e-01,2.987868309020996094e+00
1.538114547729492188e+00,9.462044835090637207e-01
-1.398852318525314331e-01,2.102075576782226562e+00
1.716772079467773438e+00,2.646861553192138672e+00
9.510474801063537598e-01,2.449041604995727539e+00
4.871790707111358643e-01,3.033058881759643555e+00
7.293066382408142090e-01,3.248987436294555664e+00
1.281159669160842896e-01,1.250924944877624512e+00
1.641256928443908691e+00,3.342099666595458984e+00
1.439587235450744629e+00,1.635756015777587891e+00
2.815049171447753906e+00,2.435043334960937500e+00
2.120515584945678711e+00,2.224682807922363281e+00
2.745008766651153564e-01,1.824993491172790527e+00
7.822114229202270508e-01,2.023429632186889648e+00
1.088134527206420898e+00,1.712875485420227051e+00
-3.610170483589172363e-01,1.149723887443542480e+00
-6.618308424949645996e-01,3.035410642623901367e+00
-3.485624864697456360e-02,2.301936149597167969e+00
-5.772357583045959473e-01,2.047135591506958008e+00
-3.013478219509124756e-01,2.785315990447998047e+00
-8.908993601799011230e-01,1.121008992195129395e+00
-8.580166697502136230e-01,1.364877104759216309e+00
3.304815769195556641e+00,8.583220839500427246e-01
1.543127298355102539e+00,2.120708942413330078e+00
1.241559147834777832e+00,2.819422245025634766e+00
-1.202614784240722656e+00,1.138662338256835938e+00
-5.632888078689575195e-01,1.638347268104553223e+00
-1.203044533729553223e+00,1.769180893898010254e+00
5.349519252777099609e-01,3.224546432495117188e+00
2.531169891357421875e+00,1.718856692314147949e+00
-2.397707253694534302e-01,3.151306390762329102e+00
1.532894372940063477e+00,3.238535642623901367e+00
1.791566610336303711e+00,2.437026500701904297e+00
1.962676644325256348e+00,7.757559418678283691e-01
-7.253344058990478516e-01,1.131017565727233887e+00
3.704134747385978699e-02,3.436153411865234375e+00
-8.919322490692138672e-01,1.238706350326538086e+00
-9.283723682165145874e-02,7.347747683525085449e-01
5.823035836219787598e-01,1.997910737991333008e+00
1.918319821357727051e+00,2.063030242919921875e+00
2.464022397994995117e+00,2.414982557296752930e+00
8.408383727073669434e-01,3.007122516632080078e+00
2.053791046142578125e+00,3.127545356750488281e+00
1.051375508308410645e+00,2.152421474456787109e+00
-9.284353256225585938e-01,1.747623085975646973e+00
1.651187777519226074e+00,1.552504539489746094e+00
5.651186704635620117e-01,2.221544981002807617e+00
-6.366444230079650879e-01,3.085965633392333984e+00
-1.249248012900352478e-01,1.649950027465820312e+00
8.469992876052856445e-01,1.852090001106262207e+00
2.645873546600341797e+00,2.569645643234252930e+00
-3.872876465320587158e-01,2.355867862701416016e+00
1.852449625730514526e-01,1.077332139015197754e+00
4.023972451686859131e-01,3.084332466125488281e+00
-3.953092098236083984e-01,1.751523494720458984e+00
-1.254893422126770020e+00,1.899832725524902344e+00
1.279440164566040039e+00,2.994118213653564453e+00
2.281992673873901367e+00,3.228172540664672852e+00
1.859390854835510254e+00,1.498392701148986816e+00
-1.949966698884963989e-01,1.927157282829284668e+00
1.409450024366378784e-01,2.515827417373657227e+00
1.441850423812866211e+00,2.057827711105346680e+00
1.218908429145812988e+00,2.941232681274414062e+00
-9.145225882530212402e-01,1.949584364891052246e+00
1.874681353569030762e+00,3.949230432510375977e+00
2.613358497619628906e+00,2.847933530807495117e+00
-1.275401949882507324e+00,1.713757872581481934e+00
-7.563309073448181152e-01,1.903296351432800293e+00
2.289939403533935547e+00,2.569267749786376953e+00
-3.007187321782112122e-02,2.350708484649658203e+00
1.759160012006759644e-01,1.519219160079956055e+00
-4.010980129241943359e-01,1.935178160667419434e+00
-6.341856122016906738e-01,2.348932981491088867e+00
1.268665909767150879e+00,2.448184728622436523e+00
4.873974323272705078e-01,1.263422131538391113e+00
1.007477164268493652e+00,2.598392963409423828e+00
8.128144741058349609e-01,3.174449443817138672e+00
1.321126967668533325e-01,3.106706619262695312e+00
2.579048156738281250e+00,3.250586986541748047e+00
1.082418203353881836e+00,1.819713473320007324e+00
1.661249041557312012e+00,2.768461704254150391e+00
-3.037910461425781250e-01,1.978028178215026855e+00
5.886526703834533691e-01,2.169175624847412109e+00
5.683181807398796082e-02,2.208724975585937500e+00
1.861674308776855469e+00,3.344603538513183594e+00
-9.120106697082519531e-01,1.760828375816345215e+00
-1.500550657510757446e-01,2.653977394104003906e+00
2.518344879150390625e+00,2.875629425048828125e+00
9.575201272964477539e-01,2.799909353256225586e+00
-1.051680564880371094e+00,1.699380397796630859e+00
-6.155483126640319824e-01,1.122409462928771973e+00
-4.501606822013854980e-01,2.746472597122192383e+00
3.639791965484619141e+00,2.897098541259765625e+00
9.587700963020324707e-01,9.552532434463500977e-01
8.192148804664611816e-01,2.918865680694580078e+00
6.896286010742187500e-01,3.649479150772094727e+00
4.082646071910858154e-01,2.042435884475708008e+00
2.104145765304565430e+00,2.523097515106201172e+00
4.456188380718231201e-01,2.458225250244140625e+00
3.510498046875000000e+00,1.936974406242370605e+00
-9.496289491653442383e-01,2.042581319808959961e+00
-7.788076996803283691e-01,2.219659805297851562e+00
2.052846431732177734e+00,1.645439386367797852e+00
4.251211583614349365e-01,2.999597549438476562e+00
1.146596550941467285e+00,2.565131187438964844e+00
-5.409720540046691895e-01,1.504287242889404297e+00
-5.556615069508552551e-02,2.820940494537353516e+00
2.243588119745254517e-01,1.674452662467956543e+00
5.806931853294372559e-01,1.362466096878051758e+00
-7.507345080375671387e-01,1.374167799949645996e+00
2.483043193817138672e+00,2.552277088165283203e+00
-1.381856322288513184e+00,2.167611122131347656e+00
6.429484486579895020e-01,1.983255147933959961e+00
-5.438202619552612305e-01,1.445950388908386230e+00
5.835155248641967773e-01,2.671319723129272461e+00
3.367639303207397461e+00,3.208465099334716797e+00
-5.453230738639831543e-01,2.691344738006591797e+00
2.532871246337890625e+00,1.287017464637756348e+00
1.666479945182800293e+00,1.749587178230285645e+00
-6.065856432542204857e-04,1.144721508026123047e+00
9.602928757667541504e-01,2.592982769012451172e+00
2.532549500465393066e-01,2.526623725891113281e+00
1.156141519546508789e+00,3.189301967620849609e+00
2.756134510040283203e+00,3.354251384735107422e+00
3.408893346786499023e-01,3.789926052093505859e+00
-9.220338463783264160e-01,2.163710594177246094e+00
1.344715237617492676e+00,2.254411935806274414e+00
6.534839868545532227e-01,1.773919105529785156e+00
1.513815164566040039e+00,2.155940532684326172e+00
6.830073148012161255e-02,1.387639641761779785e+00
-1.119827106595039368e-02,2.267254829406738281e+00
9.761256724596023560e-02,2.980979919433593750e+00
-7.834487408399581909e-02,1.665632843971252441e+00
1.992531061172485352e+00,2.436572790145874023e+00
-5.856497883796691895e-01,1.355346202850341797e+00
9.680489450693130493e-02,3.118994712829589844e+00
1.988960385322570801e+00,1.962220072746276855e+00
1.871846556663513184e+00,9.051865935325622559e-01
5.704423785209655762e-01,2.798777580261230469e+00
-8.661517500877380371e-01,1.809720516204833984e+00
-3.451797366142272949e-01,1.260431408882141113e+00
-7.530373334884643555e-01,1.076492547988891602e+00
1.614744544029235840e+00,2.340237617492675781e+00
1.693193554878234863e+00,2.396233558654785156e+00
1.300778269767761230e+00,2.239336967468261719e+00
-4.197296202182769775e-01,1.836019158363342285e+00
1.016587138175964355e+00,-2.648695409297943115e-01
-8.616450428962707520e-01,1.798115611076354980e+00
2.265911579132080078e+00,2.784845113754272461e+00
1.004509329795837402e+00,1.512344121932983398e+00
9.117910861968994141e-01,2.465056896209716797e+00
-1.621431559324264526e-01,2.314857721328735352e+00
7.737497240304946899e-02,1.669709444046020508e+00
-8.267683386802673340e-01,2.888341188430786133e+00
1.738061428070068359e+00,4.087936878204345703e+00
3.389358520507812500e-01,1.487990498542785645e+00
2.049997568130493164e+00,2.294959068298339844e+00
2.609047412872314453e+00,2.143566370010375977e+00
-1.084364414215087891e+00,2.420083999633789062e+00
-9.259926527738571167e-02,3.177741765975952148e+00
9.035078883171081543e-01,2.285532474517822266e+00
-6.602626442909240723e-01,2.399988412857055664e+00
3.011369228363037109e+00,2.891656875610351562e+00
-6.714925169944763184e-01,2.289958000183105469e+00
1.316056013107299805e+00,3.128519773483276367e+00
7.078704982995986938e-02,2.665603160858154297e+00
6.109730526804924011e-02,2.104527950286865234e+00
2.189841270446777344e+00,2.158831834793090820e+00
1.272248268127441406e+00,2.533409357070922852e+00
2.500540018081665039e+00,2.279826879501342773e+00
3.322285413742065430e+00,2.267987012863159180e+00
-4.715031981468200684e-01,1.624386906623840332e+00
1.820451021194458008e+00,1.919311404228210449e+00
-6.026341393589973450e-02,1.149013638496398926e+00
1.075507044792175293e+00,3.116928100585937500e+00
2.978605270385742188e+00,3.261376619338989258e+00
1.048127487301826477e-01,3.797948837280273438e+00
2.831353664398193359e+00,2.943984508514404297e+00
-7.641510963439941406e-01,1.509803533554077148e+00
1.223732113838195801e+00,3.777568817138671875e+00
-7.862339615821838379e-01,9.051620364189147949e-01
-4.347269237041473389e-01,2.523454666137695312e+00
2.043578773736953735e-01,2.377175092697143555e+00
8.741667866706848145e-01,2.710663795471191406e+00
1.969936728477478027e+00,3.074921131134033203e+00
2.279078483581542969e+00,3.478462934494018555e+00
2.288271903991699219e+00,1.940643310546875000e+00
3.271961212158203125e+00,2.154710531234741211e+00
-6.034500598907470703e-01,1.270809412002563477e+00
-6.788434833288192749e-02,1.763364195823669434e+00
1.899502277374267578e+00,1.379214286804199219e+00
2.845948457717895508e+00,3.311992406845092773e+00
5.857337117195129395e-01,2.643731117248535156e+00
-2.167092859745025635e-01,3.431293487548828125e+00
2.164860486984252930e+00,2.172868490219116211e+00
5.928171277046203613e-01,1.429192185401916504e+00
2.556055068969726562e+00,2.583675861358642578e+00
3.153568267822265625e+00,2.794363498687744141e+00
2.394218444824218750e+00,1.769987821578979492e+00
-5.035228133201599121e-01,2.354742050170898438e+00
2.561446189880371094e+00,2.302921772003173828e+00
1.873326897621154785e+00,2.613444328308105469e+00
-2.336194217205047607e-01,2.340525627136230469e+00
2.891151428222656250e+00,2.720693588256835938e+00
-1.044891104102134705e-01,1.599763035774230957e+00
-1.050732657313346863e-01,1.816013813018798828e+00
6.751040816307067871e-01,2.071896314620971680e+00
2.042279243469238281e+00,3.681658744812011719e+00
1.104485869407653809e+00,2.141406297683715820e+00
2.724028587341308594e+00,2.372040748596191406e+00
-1.994270533323287964e-01,2.114832878112792969e+00
-3.192544579505920410e-01,2.933505535125732422e+00
-1.237905740737915039e+00,1.811578631401062012e+00
-8.403745889663696289e-01,2.039997577667236328e+00
3.307301521301269531e+00,2.551512956619262695e+00
3.243114650249481201e-01,2.258599996566772461e+00
1.347092509269714355e+00,2.534621477127075195e+00
2.091575145721435547e+00,2.000944137573242188e+00
1.822997331619262695e+00,1.914159774780273438e+00
1.661639690399169922e+00,6.938906311988830566e-01
-6.118821501731872559e-01,6.748585700988769531e-01
-7.401155829429626465e-01,2.053545475006103516e+00
-2.631683945655822754e-01,2.777021884918212891e+00
2.805283784866333008e+00,2.698747158050537109e+00
-1.104938387870788574e+00,1.004302501678466797e+00
1.067296981811523438e+00,2.911218404769897461e+00
1.678039669990539551e+00,2.077845096588134766e+00
4.055171310901641846e-01,1.945026040077209473e+00
6.235957145690917969e-01,2.488108634948730469e+00
4.505017697811126709e-01,2.138483524322509766e+00
-1.531334638595581055e+00,1.871196627616882324e+00
1.831077694892883301e+00,3.769083738327026367e+00
-1.012041792273521423e-01,1.379672765731811523e+00
8.904154300689697266e-01,2.153933763504028320e+00
-9.680916070938110352e-01,1.305316209793090820e+00
1.024079203605651855e+00,1.823524832725524902e+00
1.770273804664611816e+00,2.696366310119628906e+00
3.017669677734375000e+00,2.614103794097900391e+00
6.927723288536071777e-01,2.010381221771240234e+00
2.817068696022033691e-01,2.208392143249511719e+00
2.389433622360229492e+00,2.471043586730957031e+00
5.085353851318359375e-01,2.701452255249023438e+00
-5.105071663856506348e-01,2.983799934387207031e+00
2.700526118278503418e-01,1.433288097381591797e+00
1.413468718528747559e+00,2.614660024642944336e+00
-3.381234407424926758e-01,1.640851378440856934e+00
1.668567895889282227e+00,3.740427494049072266e+00
1.391553729772567749e-01,3.229643821716308594e+00
-1.156480193138122559e+00,1.548946261405944824e+00
7.461118698120117188e-01,2.795583724975585938e+00
8.481028676033020020e-01,2.465620994567871094e+00
-9.071637392044067383e-01,5.618765950202941895e-01
1.996677756309509277e+00,2.195277690887451172e+00
1.456103444099426270e+00,3.572674989700317383e+00
6.995035409927368164e-01,2.635361909866333008e+00
1.268448948860168457e+00,2.965418338775634766e+00
1.476678997278213501e-01,9.072588682174682617e-01
1.406879350543022156e-02,2.737825870513916016e+00
9.027746319770812988e-01,2.576161861419677734e+00
1.137915924191474915e-01,2.654138565063476562e+00
5.050136446952819824e-01,3.401309251785278320e+00
2.013303041458129883e+00,3.234947204589843750e+00
1.587404727935791016e+00,2.593798160552978516e+00
3.517415046691894531e+00,2.590471506118774414e+00
-4.463278055191040039e-01,9.460104107856750488e-01
3.028315603733062744e-01,2.429897308349609375e+00
1.315445065498352051e+00,2.119454622268676758e+00
1.155681729316711426e+00,2.196907997131347656e+00
1.023355796933174133e-01,1.686908006668090820e+00
-2.255933359265327454e-02,2.001271724700927734e+00
-7.700867056846618652e-01,2.108913421630859375e+00
-1.719951182603836060e-01,2.163960933685302734e+00
2.621721744537353516e+00,3.266139268875122070e+00
5.711874365806579590e-01,2.110077857971191406e+00
1.464528799057006836e+00,-2.125476300716400146e-01
1.172112226486206055e+00,2.512996673583984375e+00
-6.647239327430725098e-01,2.101686954498291016e+00
-5.905852913856506348e-01,2.099478721618652344e+00
-2.488637417554855347e-01,6.825569868087768555e-01
1.241253018379211426e+00,2.166656494140625000e+00
1.038235545158386230e+00,3.499536514282226562e+00
3.029026985168457031e+00,2.924377918243408203e+00
9.899705648422241211e-01,2.825290203094482422e+00
7.474960684776306152e-01,1.293501019477844238e+00
2.723977088928222656e+00,2.412994384765625000e+00
-1.540303945541381836e+00,1.455843329429626465e+00
4.327836632728576660e-01,2.055163621902465820e+00
1.741028904914855957e+00,2.181815624237060547e+00
2.701281070709228516e+00,3.318944454193115234e+00
3.119093418121337891e+00,2.662606716156005859e+00
9.474852085113525391e-01,1.517620205879211426e+00
2.628472089767456055e+00,1.854535341262817383e+00
7.411857843399047852e-01,2.861103534698486328e+00
4.497108757495880127e-01,1.632529854774475098e+00
-1.740242689847946167e-01,2.148289918899536133e+00
1.035451054573059082e+00,3.341961383819580078e+00
8.393285274505615234e-01,2.739706039428710938e+00
9.282591342926025391e-01,1.988405227661132812e+00
5.313350558280944824e-01,1.920708894729614258e+00
1.281885027885437012e+00,1.749793887138366699e+00
4.179340004920959473e-01,1.935228586196899414e+00
1.773863315582275391e+00,1.869644284248352051e+00
-4.744490981101989746e-01,1.593871235847473145e+00
-4.202255308628082275e-01,1.929384589195251465e+00
2.973212003707885742e+00,3.105427265167236328e+00
-5.879387259483337402e-01,2.097963571548461914e+00
-5.323662757873535156e-01,1.805328249931335449e+00
-5.527064204216003418e-01,1.525372385978698730e+00
3.377924680709838867e+00,3.040151834487915039e+00
4.964755773544311523e-01,1.945489645004272461e+00
2.636910200119018555e+00,2.283319473266601562e+00
-1.019081830978393555e+00,2.247669935226440430e+00
9.828780293464660645e-01,3.191438198089599609e+00
9.577403068542480469e-01,1.780005693435668945e+00
9.891988635063171387e-01,2.533102035522460938e+00
8.098860383033752441e-01,2.121705055236816406e+00
-1.401713937520980835e-01,1.866638064384460449e+00
-4.403954446315765381e-01,2.324857234954833984e+00
-1.136193796992301941e-01,1.772986531257629395e+00
2.887042045593261719e+00,3.380048274993896484e+00
3.993899524211883545e-01,1.909259200096130371e+00
6.305984407663345337e-02,2.084893941879272461e+00
3.086509227752685547e+00,3.227364540100097656e+00
-4.673520326614379883e-01,2.319111824035644531e+00
-6.335511803627014160e-01,1.837997555732727051e+00
1.020450964570045471e-01,1.725746870040893555e+00
1.035960435867309570e+00,3.096600532531738281e+00
2.048696756362915039e+00,2.436631202697753906e+00
-3.559477925300598145e-01,1.402231454849243164e+00
2.229120135307312012e-01,1.571955323219299316e+00
1.142686367034912109e+00,1.759976267814636230e+00
-3.690224289894104004e-01,2.295270919799804688e+00
-1.087988376617431641e+00,1.160539746284484863e+00
2.390371322631835938e+00,2.614852428436279297e+00
2.541550159454345703e+00,2.521102666854858398e+00
-6.726404279470443726e-02,1.946344733238220215e+00
-3.203169107437133789e-01,1.786857962608337402e+00
2.604425907135009766e+00,2.925127506256103516e+00
3.453707098960876465e-01,2.760318517684936523e+00
2.297970801591873169e-01,2.084937572479248047e+00
7.019116282463073730e-01,2.889203071594238281e+00
-1.452329874038696289e+00,1.371163964271545410e+00
-7.960169911384582520e-01,1.497652888298034668e+00
5.045256018638610840e-01,1.775418043136596680e+00
9.155103564262390137e-01,1.896028161048889160e+00
-7.368811368942260742e-01,2.041826486587524414e+00
-1.758402436971664429e-01,1.611778497695922852e+00
-4.714653193950653076e-01,2.090665340423583984e+00
3.257753849029541016e-01,2.682733535766601562e+00
-4.354736208915710449e-01,4.527804255485534668e-01
-8.074667453765869141e-01,2.056170701980590820e+00
8.151194453239440918e-01,1.788707733154296875e+00
-2.948361039161682129e-01,1.905316472053527832e+00
1.143939867615699768e-01,3.348932504653930664e+00
-4.171256422996520996e-01,1.201858162879943848e+00
1.426567435264587402e+00,3.004952907562255859e+00
2.963882923126220703e+00,3.465131282806396484e+00
2.899507284164428711e+00,3.608754873275756836e+00
3.569234395399689674e-04,1.548013806343078613e+00
-8.270220756530761719e-01,1.695577979087829590e+00
1.585856080055236816e+00,3.036732912063598633e+00
3.031913995742797852e+00,3.134622573852539062e+00
-8.241359591484069824e-01,1.379991173744201660e+00
-4.307820200920104980e-01,2.401792526245117188e+00
1.361916422843933105e+00,2.690772056579589844e+00
1.648431569337844849e-01,2.038879871368408203e+00
8.408899903297424316e-01,3.098793029785156250e+00
-3.060185015201568604e-01,1.860509276390075684e+00
-7.523189187049865723e-01,2.487148284912109375e+00
-3.749727606773376465e-01,2.054969310760498047e+00
-2.956748008728027344e-01,2.659876823425292969e+00
1.430283337831497192e-01,1.302855968475341797e+00
-8.470273017883300781e-01,2.091722488403320312e+00
-6.555694341659545898e-01,1.300705790519714355e+00
8.178166151046752930e-01,1.468179464340209961e+00
8.364591002464294434e-01,2.612847566604614258e+00
1.602538466453552246e+00,1.059954762458801270e+00
9.372605681419372559e-01,2.642770767211914062e+00
-1.200506925582885742e+00,1.178047657012939453e+00
1.705770134925842285e+00,2.259973764419555664e+00
1.984523653984069824e+00,2.394567489624023438e+00
1.526764035224914551e+00,1.894250154495239258e+00
1.143735051155090332e+00,1.129847407341003418e+00
-1.175900697708129883e+00,1.216061234474182129e+00
-1.605144590139389038e-01,3.048392534255981445e+00
-6.329955458641052246e-01,1.810449719429016113e+00
2.201524734497070312e+00,2.443076848983764648e+00
-3.899791836738586426e-01,1.701460242271423340e+00
-4.396832585334777832e-01,8.370283246040344238e-01
-2.863099575042724609e-01,1.431183099746704102e+00
1.685878515243530273e+00,3.108494281768798828e+00
4.853596091270446777e-01,2.548310756683349609e+00
9.266314655542373657e-02,3.389020919799804688e+00
1.709417343139648438e+00,2.497400283813476562e+00
1.226764798164367676e+00,2.060509204864501953e+00
-3.034722805023193359e-01,2.037065982818603516e+00
-3.302736952900886536e-02,1.421113252639770508e+00
1.938603639602661133e+00,-6.548576354980468750e-01
4.138177633285522461e-01,1.734461426734924316e+00
8.212623000144958496e-01,2.666826486587524414e+00
3.899472951889038086e+00,2.567544937133789062e+00
-9.063112735748291016e-01,1.231376528739929199e+00
1.891085624694824219e+00,1.421441316604614258e+00
3.114871025085449219e+00,2.707359790802001953e+00
3.704989552497863770e-01,1.807740807533264160e+00
1.718305945396423340e+00,2.450748443603515625e+00
1.576449871063232422e+00,2.108385801315307617e+00
8.201694488525390625e-01,2.595137834548950195e+00
7.031442523002624512e-01,2.783838748931884766e+00
3.248121738433837891e-01,2.460553407669067383e+00
1.348872900009155273e+00,1.492432951927185059e+00
-5.432446002960205078e-01,2.445234775543212891e+00
-8.652508854866027832e-01,1.448196887969970703e+00
7.682688832283020020e-01,4.105663299560546875e+00
1.590172529220581055e+00,7.658932805061340332e-01
2.863913774490356445e+00,3.482829809188842773e+00
8.234184384346008301e-01,2.848503351211547852e+00
-6.894723176956176758e-01,2.597290992736816406e+00
2.314932346343994141e+00,2.650252103805541992e+00
2.062011882662773132e-02,3.163115739822387695e+00
-7.128461599349975586e-01,2.128538131713867188e+00
2.845405578613281250e+00,1.715602755546569824e+00
5.959297418594360352e-01,1.490586638450622559e+00
1.876192927360534668e+00,1.353901505470275879e+00
-6.200791001319885254e-01,2.626260042190551758e+00
1.673814892768859863e+00,3.130986213684082031e+00
5.347437262535095215e-01,1.363919258117675781e+00
6.588662266731262207e-01,2.501470327377319336e+00
-2.312185615301132202e-01,2.170073986053466797e+00
1.892963409423828125e+00,2.878691911697387695e+00
5.807741284370422363e-01,3.087580204010009766e+00
-3.907597064971923828e-01,2.290048360824584961e+00
2.768748283386230469e+00,3.753083229064941406e+00
3.082325458526611328e+00,2.008947849273681641e+00
5.077691674232482910e-01,2.050035238265991211e+00
3.468699932098388672e+00,2.743553161621093750e+00
3.513602539896965027e-02,1.957237005233764648e+00
2.220701694488525391e+00,2.513966560363769531e+00
1.855882525444030762e+00,1.978248357772827148e+00
-3.722270131111145020e-01,1.636896491050720215e+00
-7.872626781463623047e-01,1.994179487228393555e+00
1.433842539787292480e+00,2.370943546295166016e+00
-7.906710356473922729e-02,3.020381450653076172e+00
-7.759500145912170410e-01,1.340510487556457520e+00
1.336668610572814941e+00,2.758445739746093750e+00
1.088661551475524902e+00,1.393596172332763672e+00
4.605447649955749512e-01,2.302068948745727539e+00
-5.322492718696594238e-01,1.632396459579467773e+00
-4.503277242183685303e-01,2.474325656890869141e+00
2.728856086730957031e+00,2.680448055267333984e+00
1.059455990791320801e+00,1.853934168815612793e+00
2.195276319980621338e-01,2.613270044326782227e+00
-1.205653429031372070e+00,2.012907981872558594e+00
9.050439596176147461e-01,2.542842388153076172e+00
3.253471851348876953e-01,2.364532470703125000e+00
8.003575205802917480e-01,2.866878986358642578e+00
1.717236518859863281e+00,2.098157644271850586e+00
2.220193147659301758e+00,2.394629240036010742e+00
-4.573350027203559875e-02,1.886799454689025879e+00
-9.023627638816833496e-01,1.395053118467330933e-01
4.992478489875793457e-01,1.259717226028442383e+00
-7.490333318710327148e-01,2.036380290985107422e+00
1.301084399223327637e+00,2.197777271270751953e+00
7.853772640228271484e-01,1.492316484451293945e+00
-4.570581391453742981e-02,1.448679685592651367e+00
-1.285480409860610962e-01,1.095601916313171387e+00
2.345968723297119141e+00,2.684215545654296875e+00
9.348260164260864258e-01,2.291764736175537109e+00
1.471507698297500610e-01,1.475175857543945312e+00
2.318801879882812500e+00,3.109742879867553711e+00
6.475213766098022461e-01,2.209425449371337891e+00
6.979848742485046387e-01,2.586433410644531250e+00
7.876009345054626465e-01,2.482987403869628906e+00
3.530518710613250732e-01,2.036970615386962891e+00
3.200657606124877930e+00,2.872301101684570312e+00
7.185853123664855957e-01,1.885137557983398438e+00
-4.880801439285278320e-01,1.385692596435546875e+00
3.496479392051696777e-01,2.658354043960571289e+00
-9.973241090774536133e-01,1.962578415870666504e+00
-4.029404520988464355e-01,2.199832916259765625e+00
-7.490072846412658691e-01,2.802942752838134766e+00
8.799776434898376465e-01,1.561056256294250488e+00
-3.112997487187385559e-02,1.611785292625427246e+00
3.303876876831054688e+00,3.104212522506713867e+00
-2.218556851148605347e-01,2.030137538909912109e+00
-5.473625659942626953e-01,1.767360329627990723e+00
1.694625616073608398e+00,1.800376653671264648e+00
5.008752346038818359e-01,2.013765573501586914e+00
7.028568983078002930e-01,1.672520875930786133e+00
-9.915340542793273926e-01,2.279983758926391602e+00
-8.388891071081161499e-02,2.850238800048828125e+00
3.174069166183471680e+00,2.554905414581298828e+00
-3.266992568969726562e-01,2.214842796325683594e+00
8.042536973953247070e-01,3.370961189270019531e+00
8.017922192811965942e-02,1.716856956481933594e+00
4.461429640650749207e-02,2.070614576339721680e+00
3.463773131370544434e-01,3.027907848358154297e+00
1.378340363502502441e+00,2.334266901016235352e+00
3.703161239624023438e+00,2.825726032257080078e+00
-6.709112972021102905e-02,1.677146315574645996e+00
1.738375306129455566e+00,3.085299491882324219e+00
3.565255403518676758e+00,3.287272453308105469e+00
-9.601327031850814819e-02,1.369882702827453613e+00
8.952753543853759766e-01,7.720124721527099609e-01
1.967650532722473145e+00,3.474523544311523438e+00
-4.121562540531158447e-01,2.192250490188598633e+00
1.144856691360473633e+00,4.369034469127655029e-01
5.122783780097961426e-01,2.475361347198486328e+00
-1.363005638122558594e+00,7.017830610275268555e-01
-8.668624162673950195e-01,1.793649435043334961e+00
2.129238843917846680e+00,3.190646409988403320e+00
1.167617201805114746e+00,3.163662672042846680e+00
-9.672089219093322754e-01,9.223943948745727539e-01
1.068512558937072754e+00,3.225636243820190430e+00
-8.433761447668075562e-02,1.001459121704101562e+00
-1.322555094957351685e-01,2.583648204803466797e+00
1.238428235054016113e+00,4.858451187610626221e-01
-7.696514725685119629e-01,7.865330576896667480e-01
-8.193103075027465820e-01,2.157555580139160156e+00
-2.218703925609588623e-01,2.735943078994750977e+00
2.557181358337402344e+00,1.116524934768676758e+00
2.737247645854949951e-01,2.765680789947509766e+00
-4.091463088989257812e-01,2.176438808441162109e+00
1.237509846687316895e+00,1.941008090972900391e+00
-5.053336620330810547e-01,1.914246320724487305e+00
-1.048322796821594238e+00,1.361016988754272461e+00
-7.099462151527404785e-01,2.025769710540771484e+00
1.538537144660949707e+00,2.644655227661132812e+00
1.906726360321044922e+00,3.368705511093139648e+00
-1.018622517585754395e+00,2.640029430389404297e+00
1.882505655288696289e+00,3.005012750625610352e+00
5.669933557510375977e-01,2.135598897933959961e+00
-5.455074310302734375e-01,1.852757334709167480e+00
-7.341686487197875977e-01,2.163146972656250000e+00
-2.751936912536621094e-01,1.796045899391174316e+00
2.685276985168457031e+00,3.216834545135498047e+00
2.535331726074218750e+00,3.649044036865234375e+00
5.548149347305297852e-01,3.559439182281494141e+00
-6.981275677680969238e-01,1.133650779724121094e+00
2.387832641601562500e+00,2.140093564987182617e+00
8.911389112472534180e-01,2.695656538009643555e+00
-8.046811223030090332e-01,1.470449090003967285e+00
2.600477263331413269e-02,3.437590360641479492e+00
1.204867005348205566e+00,2.561752557754516602e+00
2.198072433471679688e+00,3.594057559967041016e+00
7.368646264076232910e-01,2.207958698272705078e+00
-1.396266371011734009e-01,2.043488979339599609e+00
2.959459304809570312e+00,3.404549598693847656e+00
6.498885154724121094e-01,3.273433923721313477e+00
-5.633555054664611816e-01,2.395216464996337891e+00
2.393056154251098633e+00,3.049166440963745117e+00
1.310702204704284668e+00,2.042065620422363281e+00
-1.036407232284545898e+00,2.156610965728759766e+00
-7.790387868881225586e-01,1.971888661384582520e+00
-3.628431633114814758e-02,2.339239358901977539e+00
2.051420450210571289e+00,2.822458028793334961e+00
-3.154733777046203613e-01,2.257487058639526367e+00
-1.200296401977539062e+00,1.903898596763610840e+00
-8.497374653816223145e-01,1.001067042350769043e+00
2.455884933471679688e+00,2.671441555023193359e+00
4.094011709094047546e-02,2.699501752853393555e+00
1.384170889854431152e+00,2.591445922851562500e+00
1.594326972961425781e+00,1.528229475021362305e+00
1.335213303565979004e+00,2.191625595092773438e+00
-7.866281867027282715e-01,2.165915012359619141e+00
-7.818291187286376953e-01,1.242212176322937012e+00
9.236585497856140137e-01,1.193389296531677246e+00
-1.253705173730850220e-01,3.441081523895263672e+00
2.818485498428344727e+00,2.621312141418457031e+00
-9.958710521459579468e-02,1.977558732032775879e+00
2.556498527526855469e+00,2.404285430908203125e+00
2.374430656433105469e+00,3.331561565399169922e+00
2.621956825256347656e+00,2.716669559478759766e+00
2.349968194961547852e+00,2.995948314666748047e+00
1.362229347229003906e+00,2.176498889923095703e+00
2.014511585235595703e+00,2.614712715148925781e+00
1.657647341489791870e-01,2.288967847824096680e+00
3.084535598754882812e-01,3.283842563629150391e+00
1.075159192085266113e+00,2.156072854995727539e+00
-5.953838303685188293e-02,2.331906318664550781e+00
5.713531374931335449e-01,3.237681627273559570e+00
2.451521456241607666e-01,1.919010996818542480e+00
1.465881228446960449e+00,2.205805301666259766e+00
-1.601988524198532104e-01,1.832684397697448730e+00
8.185862898826599121e-01,1.903124451637268066e+00
1.761389255523681641e+00,2.827052593231201172e+00
4.800036251544952393e-01,3.179434299468994141e+00
2.262243777513504028e-01,1.954681634902954102e+00
3.157717943191528320e+00,2.452702760696411133e+00
3.221565961837768555e+00,2.980522155761718750e+00
-6.222860813140869141e-01,2.144210815429687500e+00
6.697558164596557617e-01,1.962102770805358887e+00
2.321608543395996094e+00,2.876664161682128906e+00
-7.525328397750854492e-01,2.062646865844726562e+00
-1.556213051080703735e-01,1.286080479621887207e+00
1.376308441162109375e+00,2.633075237274169922e+00
-9.848636984825134277e-01,1.625750422477722168e+00
8.361348509788513184e-01,2.877705574035644531e+00
5.438022017478942871e-01,2.210317134857177734e+00
1.739011645317077637e+00,-5.830848217010498047e-02
2.607234716415405273e+00,1.872126698493957520e+00
6.761680245399475098e-01,2.785793304443359375e+00
9.871311783790588379e-01,1.092129826545715332e+00
3.916594982147216797e-01,2.230444908142089844e+00
-2.406027317047119141e-01,1.275783300399780273e+00
-7.560664415359497070e-01,2.122063159942626953e+00
-5.898879170417785645e-01,1.784138798713684082e+00
4.938870072364807129e-01,3.019378662109375000e+00
4.506320878863334656e-02,2.146352529525756836e+00
9.292322397232055664e-01,2.875997066497802734e+00
2.247355937957763672e+00,3.272353649139404297e+00
6.733552813529968262e-01,2.595303058624267578e+00
3.065194129943847656e+00,2.627708911895751953e+00
1.178847029805183411e-01,1.993569254875183105e+00
1.330824971199035645e+00,2.940679073333740234e+00
3.447749137878417969e+00,3.156866788864135742e+00
-9.150047302246093750e-01,1.661877870559692383e+00
1.743066549301147461e+00,2.260181903839111328e+00
-8.844998478889465332e-01,2.095592498779296875e+00
2.416030883789062500e+00,2.743700504302978516e+00
2.567765235900878906e+00,2.723469972610473633e+00
1.747972220182418823e-01,2.881333351135253906e+00
1.617695331573486328e+00,3.415766716003417969e+00
-9.767611622810363770e-01,2.984222412109375000e+00
1.816340684890747070e+00,2.853803396224975586e+00
7.830725908279418945e-01,2.181557178497314453e+00
2.940611839294433594e+00,2.746808052062988281e+00
-1.630531400442123413e-01,1.307970643043518066e+00
3.007930040359497070e+00,3.031105995178222656e+00
1.953955888748168945e+00,1.972760558128356934e+00
-6.576430201530456543e-01,2.481028556823730469e+00
-1.329162567853927612e-01,1.623417735099792480e+00
-2.407735139131546021e-01,1.571456551551818848e+00
-6.309760808944702148e-01,1.243469595909118652e+00
-3.691974282264709473e-01,2.779006481170654297e+00
3.250456452369689941e-01,1.904212355613708496e+00
-7.623972892761230469e-01,2.395508766174316406e+00
-2.134055942296981812e-01,2.147467136383056641e+00
1.535577416419982910e+00,2.129811048507690430e+00
2.515555381774902344e+00,2.404936790466308594e+00
-2.245516031980514526e-01,2.376100063323974609e+00
3.277263641357421875e+00,3.276637554168701172e+00
1.356274127960205078e+00,2.523960113525390625e+00
-2.399564087390899658e-01,2.428978204727172852e+00
9.569641351699829102e-01,3.126047611236572266e+00
1.443473815917968750e+00,1.657947897911071777e+00
8.498836159706115723e-01,2.821344375610351562e+00
6.710470318794250488e-01,1.750612616539001465e+00
8.787630796432495117e-01,1.285470366477966309e+00
-3.642656803131103516e-01,1.599859118461608887e+00
1.480990767478942871e+00,2.195996761322021484e+00
6.409248709678649902e-01,1.983258485794067383e+00
3.145863413810729980e-01,3.151581525802612305e+00
-4.737215042114257812e-01,2.244285106658935547e+00
1.937144637107849121e+00,2.887442111968994141e+00
-2.566189467906951904e-01,1.993464946746826172e+00
3.202886104583740234e+00,3.445650815963745117e+00
-2.305385023355484009e-01,1.490153670310974121e+00
-1.451380997896194458e-01,1.983951091766357422e+00
1.278325468301773071e-01,2.975532531738281250e+00
5.081947445869445801e-01,2.184177875518798828e+00
5.572984218597412109e-01,2.501860141754150391e+00
2.064427137374877930e+00,2.831055641174316406e+00
1.693829447031021118e-01,1.184227705001831055e+00
8.717418313026428223e-01,2.265575408935546875e+00
2.251704931259155273e+00,2.204771995544433594e+00
-4.242039024829864502e-01,1.122683405876159668e+00
-8.457354903221130371e-01,2.379585742950439453e+00
-8.548755198717117310e-03,1.829428076744079590e+00
-1.078683972358703613e+00,1.541449904441833496e+00
8.108463883399963379e-01,2.053984642028808594e+00
-4.452885389328002930e-01,1.910868167877197266e+00
1.401004433631896973e+00,9.440267682075500488e-01
2.086957693099975586e+00,2.856976509094238281e+00
1.429542660713195801e+00,3.056067943572998047e+00
2.380813807249069214e-01,2.194760084152221680e+00
7.233665585517883301e-01,1.414554238319396973e+00
1.137740492820739746e+00,1.117249608039855957e+00
2.243144989013671875e+00,2.230660676956176758e+00
2.571046113967895508e+00,1.494869351387023926e+00
9.088909029960632324e-01,1.937186241149902344e+00
1.360077977180480957e+00,3.404209375381469727e+00
1.037014722824096680e+00,1.781022191047668457e+00
1.300365090370178223e+00,2.879094362258911133e+00
-1.394418925046920776e-01,2.263440132141113281e+00
2.141892611980438232e-01,1.074013352394104004e+00
2.944120407104492188e+00,3.269236087799072266e+00
1.695906281471252441e+00,2.940015316009521484e+00
9.946122765541076660e-01,3.473801136016845703e+00
1.920242428779602051e+00,3.287573337554931641e+00
9.421699047088623047e-01,2.997516155242919922e+00
1.424423933029174805e+00,9.505853056907653809e-01
9.165477007627487183e-03,3.062322854995727539e+00
-5.235577821731567383e-01,1.152156829833984375e+00
2.175442427396774292e-01,3.348804950714111328e+00
2.727875709533691406e+00,3.653063774108886719e+00
-8.136449456214904785e-01,2.338683605194091797e+00
-7.976099252700805664e-01,1.976106762886047363e+00
4.537242650985717773e-01,2.173253059387207031e+00
-5.489183664321899414e-01,1.691531538963317871e+00
7.015649229288101196e-02,8.019803762435913086e-01
1.962378025054931641e+00,2.933469057083129883e+00
4.075979590415954590e-01,2.668118000030517578e+00
4.030377268791198730e-01,1.544549226760864258e+00
-3.861405849456787109e-01,1.951896786689758301e+00
1.660881638526916504e+00,3.436998844146728516e+00
3.680562496185302734e+00,2.060029506683349609e+00
2.730647087097167969e+00,3.182780742645263672e+00
-1.388186365365982056e-01,1.769617795944213867e+00
4.791895151138305664e-01,3.511964797973632812e+00
2.864950180053710938e+00,1.504597663879394531e+00
2.216905593872070312e+00,3.155429363250732422e-01
1.009302735328674316e+00,3.274327993392944336e+00
2.407453536987304688e+00,1.785683393478393555e+00
8.045349717140197754e-01,2.635383844375610352e+00
-4.054858684539794922e-01,1.469348192214965820e+00
-1.530124396085739136e-01,2.501709938049316406e+00
1.117642000317573547e-01,3.671267509460449219e+00
1.882047295570373535e+00,2.314260244369506836e+00
2.210671424865722656e+00,3.739403247833251953e+00
2.800240039825439453e+00,2.178371667861938477e+00
2.929812192916870117e+00,3.575486660003662109e+00
-6.413658708333969116e-02,2.571686267852783203e+00
2.453055381774902344e+00,3.172067642211914062e+00
1.773574948310852051e+00,9.475079178810119629e-01
2.349025726318359375e+00,2.105845212936401367e+00
-7.498730421066284180e-01,1.097691416740417480e+00
-1.405282020568847656e+00,1.247429728507995605e+00
-6.897668242454528809e-01,1.150077700614929199e+00
2.080124616622924805e+00,1.488420963287353516e+00
1.860174179077148438e+00,3.328450918197631836e+00
1.054484009742736816e+00,3.035954475402832031e+00
1.938705325126647949e+00,1.929596424102783203e+00
2.905389785766601562e+00,2.769601345062255859e+00
1.513379216194152832e-01,3.561257123947143555e+00
-8.928374052047729492e-01,2.395156145095825195e+00
4.458441734313964844e-01,2.524639368057250977e+00
-2.165526598691940308e-01,1.159258842468261719e+00
9.088870882987976074e-01,2.319407939910888672e+00
1.713195294141769409e-01,2.585387706756591797e+00
7.974771857261657715e-01,2.581747531890869141e+00
3.878603935241699219e+00,2.779668569564819336e+00
2.086474895477294922e+00,2.611171722412109375e+00
-1.319858878850936890e-01,1.886750102043151855e+00
2.553789138793945312e+00,1.732429504394531250e+00
9.846148490905761719e-01,3.248644351959228516e+00
-8.799122571945190430e-01,1.597822070121765137e+00
2.024590015411376953e+00,2.436982393264770508e+00
3.687147617340087891e+00,3.162267208099365234e+00
1.820102334022521973e+00,1.637772679328918457e+00
3.177074670791625977e+00,3.253393650054931641e+00
-4.253209531307220459e-01,1.506947875022888184e+00
-3.069909214973449707e-01,2.040097475051879883e+00
5.773257017135620117e-01,2.288652420043945312e+00
3.325684547424316406e+00,2.592577219009399414e+00
3.626708984375000000e-01,3.192958116531372070e+00
-3.859030082821846008e-02,2.227386236190795898e+00
1.945951431989669800e-01,2.151437759399414062e+00
-9.970235079526901245e-02,2.220859527587890625e+00
-3.738402202725410461e-02,3.010742664337158203e+00
1.165030002593994141e+00,2.461428642272949219e+00
-8.875171542167663574e-01,2.086233139038085938e+00
3.577002286911010742e-01,1.364743113517761230e+00
1.203835487365722656e+00,1.732483983039855957e+00
4.562038183212280273e-01,2.894961357116699219e+00
-3.657850027084350586e-01,2.498008489608764648e+00
-8.230076432228088379e-01,1.279758810997009277e+00
-4.872393012046813965e-01,2.419611454010009766e+00
9.137040972709655762e-01,1.879179954528808594e+00
3.040468692779541016e+00,7.679188847541809082e-01
7.318542599678039551e-01,2.806689262390136719e+00
1.241882205009460449e+00,3.221238374710083008e+00
3.350671529769897461e+00,3.310504436492919922e+00
-6.793748140335083008e-01,2.494504928588867188e+00
-5.128207802772521973e-01,2.490523576736450195e+00
1.718748658895492554e-01,9.275661110877990723e-01
7.078558802604675293e-01,2.227235317230224609e+00
-2.381931617856025696e-02,3.466666221618652344e+00
1.068867221474647522e-01,1.614759087562561035e+00
7.658893465995788574e-01,3.882829189300537109e+00
3.579579591751098633e-01,3.274759769439697266e+00
1.582729458808898926e+00,2.679899692535400391e+00
2.991271734237670898e+00,3.177155971527099609e+00
1.187270760536193848e+00,1.527219176292419434e+00
1.598847657442092896e-01,2.253121376037597656e+00
-3.223114013671875000e-01,1.829062104225158691e+00
-7.415985465049743652e-01,1.010149598121643066e+00
1.795020550489425659e-01,1.158213019371032715e+00
-4.278953373432159424e-01,1.774236440658569336e+00
5.381129384040832520e-01,3.464630126953125000e+00
1.437346816062927246e+00,1.711120009422302246e+00
-5.271285176277160645e-01,1.580582261085510254e+00
1.075009703636169434e+00,2.934432744979858398e+00
4.403330087661743164e-01,2.389763832092285156e+00
1.896674990653991699e+00,3.186368703842163086e+00
-1.036226987838745117e+00,2.449251890182495117e+00
1.098361968994140625e+00,2.854968786239624023e+00
1.523604154586791992e+00,2.937558174133300781e+00
-7.259687781333923340e-01,1.263797283172607422e+00
3.816911280155181885e-01,2.030979156494140625e+00
-2.989850640296936035e-01,1.559978127479553223e+00
-1.453319042921066284e-01,8.188595175743103027e-01
5.490290522575378418e-01,2.817288398742675781e+00
3.394481837749481201e-01,1.243520617485046387e+00
-1.408387869596481323e-01,1.966131925582885742e+00
-3.390932083129882812e-01,2.040771484375000000e+00
9.705933928489685059e-01,3.625248432159423828e+00
-5.767608284950256348e-01,1.630408644676208496e+00
2.134563922882080078e-01,2.315514087677001953e+00
1.763303160667419434e+00,2.528753280639648438e+00
9.826841354370117188e-01,3.247118473052978516e+00
4.792287349700927734e-01,1.339724898338317871e+00
2.727324485778808594e+00,3.791079044342041016e+00
7.258579730987548828e-01,2.548058986663818359e+00
3.095446109771728516e+00,2.573693752288818359e+00
-1.839985132217407227e+00,1.691596865653991699e+00
-4.451743364334106445e-01,1.682840585708618164e+00
2.648809909820556641e+00,2.538457632064819336e+00
-1.697729974985122681e-01,1.798621773719787598e+00
2.970293760299682617e+00,2.526037454605102539e+00
-5.929500460624694824e-01,1.814895749092102051e+00
3.125962972640991211e+00,2.486157178878784180e+00
2.519913673400878906e+00,2.884453296661376953e+00
1.535166263580322266e+00,3.355556488037109375e+00
1.071364641189575195e+00,2.971637248992919922e+00
1.006681561470031738e+00,1.862475872039794922e+00
1.133574008941650391e+00,3.327818393707275391e+00
3.676298260688781738e-01,1.488483071327209473e+00
-1.037469133734703064e-01,2.471945762634277344e+00
3.345573842525482178e-01,2.404588222503662109e+00
-1.432861536741256714e-01,2.134845256805419922e+00
5.078723430633544922e-01,2.443710088729858398e+00
1.391813158988952637e+00,3.252958297729492188e+00
-8.795352578163146973e-01,1.721675872802734375e+00
-4.323386549949645996e-01,1.880067229270935059e+00
-9.254165738821029663e-02,3.517916679382324219e+00
-1.136787161231040955e-01,2.655658483505249023e+00
-9.877281785011291504e-01,2.078621625900268555e+00
2.395084381103515625e+00,2.763874292373657227e+00
-1.025872826576232910e+00,1.904993653297424316e+00
2.149784326553344727e+00,1.091150403022766113e+00
1.314192891120910645e+00,4.829551875591278076e-01
3.497056484222412109e+00,2.717207431793212891e+00
5.448476672172546387e-01,1.657542347908020020e+00
3.867749497294425964e-02,1.331923246383666992e+00
1.192880153656005859e+00,1.517511010169982910e+00
-5.867813229560852051e-01,2.372530937194824219e+00
1.513456821441650391e+00,2.822259902954101562e+00
-9.714050292968750000e-01,1.568372368812561035e+00
2.983288764953613281e-01,3.401224613189697266e+00
9.261866807937622070e-01,3.023458957672119141e+00
1.356324434280395508e+00,1.039595246315002441e+00
5.051923915743827820e-02,2.850904941558837891e+00
6.865744590759277344e-01,2.364425182342529297e+00
2.599183559417724609e+00,3.465256452560424805e+00
8.114776015281677246e-01,1.591687917709350586e+00
1.321469187736511230e+00,2.340922594070434570e+00
6.436844468116760254e-01,9.540070891380310059e-01
2.808704614639282227e+00,2.916626930236816406e+00
8.950095772743225098e-01,2.625276088714599609e+00
1.128691792488098145e+00,3.048267364501953125e+00
3.010816499590873718e-02,2.636899232864379883e+00
-8.982788771390914917e-02,2.365230083465576172e+00
1.201584696769714355e+00,1.298407673835754395e+00
-7.927994132041931152e-01,2.707352638244628906e+00
3.679010272026062012e-01,3.222701072692871094e+00
9.883315116167068481e-02,2.247617244720458984e+00
1.749670803546905518e-01,3.197513341903686523e+00
1.835801243782043457e+00,2.067633867263793945e+00
1.957812190055847168e+00,1.785861611366271973e+00
-7.431615591049194336e-01,5.763006806373596191e-01
2.761805534362792969e+00,2.179828405380249023e+00
4.611220657825469971e-01,2.260458230972290039e+00
1.367587000131607056e-01,2.755286216735839844e+00
6.705228686332702637e-01,2.198378562927246094e+00
-1.692626625299453735e-01,2.243856906890869141e+00
4.258885681629180908e-01,2.017060279846191406e+00
-4.043517410755157471e-01,1.657573461532592773e+00
-1.009823903441429138e-01,2.663423061370849609e+00
2.478870391845703125e+00,3.032607793807983398e+00
1.558904170989990234e+00,3.234164476394653320e+00
-9.258141368627548218e-02,3.324766159057617188e+00
-3.077598810195922852e-01,2.993502616882324219e+00
1.811345696449279785e+00,2.082080841064453125e+00
9.129740595817565918e-01,2.426381587982177734e+00
1.088007166981697083e-01,1.586934447288513184e+00
5.682720541954040527e-01,2.104419231414794922e+00
-5.121994614601135254e-01,1.219808220863342285e+00
-4.924206137657165527e-01,2.175969600677490234e+00
-4.109471440315246582e-01,1.680178642272949219e+00
1.916515469551086426e+00,2.688912153244018555e+00
1.197371363639831543e+00,2.667640447616577148e+00
1.780438870191574097e-01,1.856454014778137207e+00
1.118502020835876465e+00,3.101803779602050781e+00
7.122685313224792480e-01,2.615667581558227539e+00
4.203401505947113037e-01,3.332080364227294922e+00
-2.828873395919799805e-01,2.712396144866943359e+00
2.115801811218261719e+00,1.371401429176330566e+00
1.852354407310485840e+00,2.413416385650634766e+00
1.980680674314498901e-01,2.837666034698486328e+00
-3.995661139488220215e-01,1.956247925758361816e+00
1.960676193237304688e+00,2.258219003677368164e+00
2.522527694702148438e+00,3.346658706665039062e+00
1.533993363380432129e+00,3.344549417495727539e+00
-6.060581207275390625e-01,1.497280478477478027e+00
1.768203616142272949e+00,2.802042961120605469e+00
-1.245899438858032227e+00,1.719177842140197754e+00
7.435300350189208984e-01,3.283965587615966797e+00
3.855390474200248718e-02,2.625750780105590820e+00
3.208889484405517578e+00,2.283440113067626953e+00
1.261273145675659180e+00,2.208161354064941406e+00
-3.458423018455505371e-01,1.288642168045043945e+00
3.045344591140747070e+00,2.044802188873291016e+00
3.404335975646972656e+00,3.046075344085693359e+00
2.883621931076049805e+00,3.713265657424926758e+00
5.348436236381530762e-01,2.772593736648559570e+00
-9.206934571266174316e-01,2.193211555480957031e+00
2.013845920562744141e+00,3.438954591751098633e+00
-3.842620924115180969e-02,9.174240231513977051e-01
2.698793411254882812e-01,3.099442005157470703e+00
2.998178243637084961e+00,3.227441549301147461e+00
2.223706722259521484e+00,2.166552543640136719e+00
1.460333704948425293e+00,1.003183007240295410e+00
1.022307947278022766e-01,2.617873668670654297e+00
5.431378483772277832e-01,2.909291267395019531e+00
3.430767536163330078e+00,2.267548561096191406e+00
1.030467391014099121e+00,2.064268350601196289e+00
4.001008868217468262e-01,1.805332541465759277e+00
-3.095493316650390625e-01,1.306300520896911621e+00
-8.568146824836730957e-01,4.706456661224365234e-01
-1.667520552873611450e-01,1.918151378631591797e+00
2.223613739013671875e+00,3.154340744018554688e+00
4.960628151893615723e-01,2.414050102233886719e+00
1.722454905509948730e+00,3.270437955856323242e+00
1.678755730390548706e-01,2.432738304138183594e+00
7.429575920104980469e-01,2.305173873901367188e+00
-6.572691202163696289e-01,1.935907602310180664e+00
2.704837024211883545e-01,2.350249767303466797e+00
1.122493222355842590e-01,1.848453879356384277e+00
1.399387717247009277e+00,3.661672353744506836e+00
1.839084267616271973e+00,2.301692008972167969e+00
4.705648403614759445e-03,3.058635234832763672e+00
2.852582454681396484e+00,3.087770462036132812e+00
-7.353907078504562378e-02,1.981935143470764160e+00
-7.047246694564819336e-01,1.439047217369079590e+00
-4.836898446083068848e-01,2.149651527404785156e+00
1.072373867034912109e+00,3.596240043640136719e+00
-5.136230587959289551e-01,2.925585508346557617e+00
8.099419474601745605e-01,1.196342349052429199e+00
1.478417277336120605e+00,1.974146008491516113e+00
4.610174894332885742e-01,2.582974910736083984e+00
9.886424541473388672e-01,1.777057647705078125e+00
-6.767331361770629883e-01,2.866684436798095703e+00
4.693458601832389832e-02,2.557055473327636719e+00
-2.731699645519256592e-01,2.264451265335083008e+00
1.689380556344985962e-01,2.401659965515136719e+00
-3.247674182057380676e-02,2.339244365692138672e+00
-4.270864427089691162e-01,1.849876523017883301e+00
2.317324638366699219e+00,2.331940174102783203e+00
2.834722042083740234e+00,2.612583160400390625e+00
-6.061772108078002930e-01,1.247615337371826172e+00
-5.033660531044006348e-01,1.926573514938354492e+00
-7.832556366920471191e-01,2.068932771682739258e+00
2.682430505752563477e+00,2.734387636184692383e+00
5.783272385597229004e-01,2.693116188049316406e+00
1.273399591445922852e+00,2.048813581466674805e+00
2.725513577461242676e-01,2.866245746612548828e+00
9.750304818153381348e-01,2.169762134552001953e+00
3.145210504531860352e+00,3.433760881423950195e+00
2.923959255218505859e+00,2.250574111938476562e+00
-1.135641813278198242e+00,1.749646067619323730e+00
2.286993980407714844e+00,2.270643949508666992e+00
7.348597049713134766e-01,2.063957214355468750e+00
-7.093789428472518921e-02,2.022716045379638672e+00
1.403417468070983887e+00,2.776056289672851562e+00
1.242518067359924316e+00,2.844421863555908203e+00
-1.928052157163619995e-01,3.466245174407958984e+00
1.946913242340087891e+00,2.964155197143554688e+00
2.940647602081298828e-01,2.168723583221435547e+00
2.273240536451339722e-01,1.907224535942077637e+00
6.511471867561340332e-01,2.482578754425048828e+00
-3.008748888969421387e-01,1.143142938613891602e+00
1.661045908927917480e+00,2.616393566131591797e+00
1.652171015739440918e+00,1.352610230445861816e+00
2.066718578338623047e+00,2.668482303619384766e+00
9.700080752372741699e-01,3.274475336074829102e+00
6.867418289184570312e-01,2.772548198699951172e+00
4.225369393825531006e-01,2.451431751251220703e+00
-3.341963589191436768e-01,2.429422378540039062e+00
1.977939605712890625e+00,1.322268009185791016e+00
1.081299543380737305e+00,2.965770244598388672e+00
-1.452392488718032837e-01,1.849048972129821777e+00
1.214677572250366211e+00,2.278258800506591797e+00
1.189529657363891602e+00,3.028132915496826172e+00
2.458561897277832031e+00,1.872518658638000488e+00
-3.504500389099121094e-01,1.732923030853271484e+00
1.145868897438049316e+00,2.961792945861816406e+00
2.762135505676269531e+00,2.748190641403198242e+00
1.971184134483337402e+00,1.524714827537536621e+00
-1.306429028511047363e+00,1.632129311561584473e+00
3.241670131683349609e-01,2.856254816055297852e+00
-1.265933752059936523e+00,2.084387779235839844e+00
2.199675083160400391e+00,2.194610118865966797e+00
3.203192234039306641e+00,3.040379762649536133e+00
1.471126437187194824e+00,3.052156686782836914e+00
-1.282435059547424316e+00,2.398502588272094727e+00
2.140744686126708984e+00,3.797152519226074219e+00
1.612367868423461914e+00,2.696749687194824219e+00
1.528655409812927246e+00,3.149265050888061523e+00
1.410341143608093262e+00,3.573276519775390625e+00
1.867705225944519043e+00,3.598346233367919922e+00
1.488546967506408691e+00,2.643548965454101562e+00
1.716328024864196777e+00,1.004502058029174805e+00
-3.736380934715270996e-01,2.091883659362792969e+00
1.771118193864822388e-01,2.588391542434692383e+00
2.922764778137207031e+00,1.679329872131347656e+00
1.193537116050720215e+00,1.271208643913269043e+00
-5.993841961026191711e-02,2.098556518554687500e+00
2.201242923736572266e+00,2.233320713043212891e+00
-8.381046056747436523e-01,2.167002916336059570e+00
1.570932388305664062e+00,3.132225036621093750e+00
-2.863188982009887695e-01,2.122723340988159180e+00
1.215084269642829895e-01,1.735227942466735840e+00
2.611856937408447266e+00,2.953037738800048828e+00
1.237416386604309082e+00,2.013021469116210938e+00
-1.290247291326522827e-01,1.931877732276916504e+00
6.088812276721000671e-02,2.139306545257568359e+00
-9.474335312843322754e-01,1.151515960693359375e+00
1.736865878105163574e+00,2.397377490997314453e+00
1.353029131889343262e+00,1.146723151206970215e+00
2.255734354257583618e-01,1.816451191902160645e+00
1.111467838287353516e+00,5.807786583900451660e-01
5.830125212669372559e-01,2.317936420440673828e+00
1.530716061592102051e+00,2.622553586959838867e+00
2.246990919113159180e+00,1.225295424461364746e+00
1.796450763940811157e-01,1.882182240486145020e+00
3.756834864616394043e-01,2.449321269989013672e+00
2.263437986373901367e+00,2.047952413558959961e+00
1.033456921577453613e+00,2.978940010070800781e+00
-1.160028338432312012e+00,1.925929903984069824e+00
1.072906255722045898e+00,2.415883064270019531e+00
1.207984328269958496e+00,3.168680667877197266e+00
-6.588239073753356934e-01,2.356844663619995117e+00
7.528887987136840820e-01,2.388954162597656250e+00
1.705802917480468750e+00,3.439570426940917969e+00
1.413959741592407227e+00,9.533236622810363770e-01
1.696448922157287598e+00,2.907446861267089844e+00
8.555272817611694336e-01,2.751117467880249023e+00
3.620170354843139648e-01,2.900789260864257812e+00
8.271563649177551270e-01,3.093500137329101562e+00
1.951901197433471680e+00,2.323881864547729492e+00
4.443779587745666504e-01,2.133637428283691406e+00
9.841879010200500488e-01,2.880330085754394531e+00
9.285103529691696167e-03,2.528681516647338867e+00
-3.877089321613311768e-01,1.989653587341308594e+00
-1.145827099680900574e-01,2.051129817962646484e+00
1.682282239198684692e-01,2.208966016769409180e+00
2.703554630279541016e+00,3.286572456359863281e+00
2.055820703506469727e+00,2.922041416168212891e+00
-6.292979717254638672e-01,1.832312822341918945e+00
1.904228806495666504e+00,1.961279511451721191e+00
2.868229389190673828e+00,2.522449493408203125e+00
1.067091107368469238e+00,2.540350675582885742e+00
2.271927356719970703e+00,2.630189895629882812e+00
-8.906019330024719238e-01,2.655505418777465820e+00
-4.606429934501647949e-01,2.230703830718994141e+00
1.441827058792114258e+00,1.835909366607666016e+00
8.474968075752258301e-01,3.141976833343505859e+00
1.379076242446899414e+00,2.443030834197998047e+00
4.015297815203666687e-02,2.099851131439208984e+00
2.001386642456054688e+00,2.692561626434326172e+00
-3.618515729904174805e-01,2.741617202758789062e+00
4.639980196952819824e-01,2.457674503326416016e+00
-2.393072396516799927e-01,2.328467845916748047e+00
2.077150344848632812e+00,3.107259511947631836e+00
5.290619730949401855e-01,2.857402086257934570e+00
-4.632275402545928955e-01,2.709519624710083008e+00
2.466050386428833008e+00,3.513471126556396484e+00
-8.578841686248779297e-01,1.815649986267089844e+00
8.172345757484436035e-01,2.713556051254272461e+00
3.457982540130615234e+00,2.888490915298461914e+00
1.283043622970581055e+00,7.756794095039367676e-01
-4.373655319213867188e-01,8.937841057777404785e-01
6.261658072471618652e-01,3.080599069595336914e+00
9.393079280853271484e-01,3.289601802825927734e+00
8.609436750411987305e-01,2.011541843414306641e+00
1.877125263214111328e+00,2.820837497711181641e+00
6.920210272073745728e-02,3.114840030670166016e+00
8.674152493476867676e-01,2.866903781890869141e+00
1.090765595436096191e+00,2.803771495819091797e+00
-8.589176535606384277e-01,2.143898010253906250e+00
2.471779346466064453e+00,2.167279720306396484e+00
-2.406157404184341431e-01,1.987419962882995605e+00
1.703600049018859863e+00,1.960690617561340332e+00
-1.306618899106979370e-01,2.408150196075439453e+00
1.898323774337768555e+00,3.843862533569335938e+00
2.742063283920288086e+00,2.806616783142089844e+00
3.391855955123901367e+00,3.016282320022583008e+00
1.078249931335449219e+00,1.805916905403137207e+00
-1.093403324484825134e-01,1.694435715675354004e+00
1.248029112815856934e+00,1.159898519515991211e+00
6.675543189048767090e-01,3.138190746307373047e+00
2.110466957092285156e+00,3.622397899627685547e+00
-5.702369287610054016e-02,2.088227748870849609e+00
5.080223679542541504e-01,1.568501949310302734e+00
-7.563514709472656250e-01,2.169386386871337891e+00
1.269082427024841309e+00,1.189276576042175293e+00
1.286885380744934082e+00,1.926668524742126465e+00
4.016664028167724609e-01,2.547447204589843750e+00
-5.362337231636047363e-01,1.540626049041748047e+00
2.552876472473144531e-01,1.958401083946228027e+00
1.866781711578369141e+00,2.982611179351806641e+00
2.790224254131317139e-01,2.753825187683105469e+00
-5.509433746337890625e-01,1.126789212226867676e+00
2.682096958160400391e+00,2.879380464553833008e+00
1.908432841300964355e+00,2.383950233459472656e+00
1.592311501502990723e+00,2.608885765075683594e+00
8.094494938850402832e-01,1.271855115890502930e+00
3.239402294158935547e+00,2.436190605163574219e+00
2.102675199508666992e+00,2.169912815093994141e+00
1.315724492073059082e+00,2.763753890991210938e+00
-3.869491517543792725e-01,1.090843558311462402e+00
-7.684269547462463379e-01,1.477420091629028320e+00
1.254798889160156250e+00,3.240720272064208984e+00
7.077734451740980148e-03,2.853971242904663086e+00
2.883732914924621582e-01,1.880473136901855469e+00
1.586200743913650513e-01,2.823568344116210938e+00
-5.035426020622253418e-01,2.686902046203613281e+00
2.616959571838378906e+00,3.304109096527099609e+00
-3.240352272987365723e-01,2.508249044418334961e+00
-1.450261026620864868e-01,1.044708371162414551e+00
9.577572941780090332e-01,2.295279502868652344e+00
8.194779753684997559e-01,3.357182025909423828e+00
6.509338617324829102e-01,2.660872936248779297e+00
-1.193754002451896667e-01,2.970765590667724609e+00
-8.267904520034790039e-01,2.152580261230468750e+00
-4.544177055358886719e-01,3.167634487152099609e+00
1.541576743125915527e+00,2.612207651138305664e+00
-4.538651704788208008e-01,1.955585002899169922e+00
-4.781402945518493652e-01,2.360437870025634766e+00
2.977289438247680664e+00,2.921532154083251953e+00
1.029809713363647461e+00,3.402964591979980469e+00
-5.814108252525329590e-01,2.312562704086303711e+00
2.188366889953613281e+00,3.113028764724731445e+00
1.871553778648376465e+00,2.669526576995849609e+00
6.295318603515625000e-01,1.992273330688476562e+00
1.874158501625061035e+00,1.510323643684387207e+00
-4.258753955364227295e-01,1.826705574989318848e+00
-1.739293187856674194e-01,1.894066333770751953e+00
2.229787349700927734e+00,2.661307811737060547e+00
1.703094601631164551e+00,1.373264670372009277e+00
5.130935907363891602e-01,2.260213375091552734e+00
-1.344259262084960938e+00,2.142235755920410156e+00
3.056885600090026855e-01,1.585020184516906738e+00
6.450816392898559570e-01,3.469657182693481445e+00
9.768942743539810181e-02,1.967259645462036133e+00
2.260915279388427734e+00,2.678300619125366211e+00
7.711896300315856934e-01,2.381072998046875000e+00
2.165285825729370117e+00,3.036483764648437500e+00
9.403262287378311157e-02,2.522717714309692383e+00
-1.142333075404167175e-01,1.836058378219604492e+00
2.354511469602584839e-01,2.446364641189575195e+00
-6.304422020912170410e-01,1.378811955451965332e+00
4.899148046970367432e-01,3.367264270782470703e+00
1.057437658309936523e+00,2.356053113937377930e+00
-8.882399201393127441e-01,7.733877301216125488e-01
3.261701583862304688e+00,3.463397026062011719e+00
2.307449340820312500e+00,3.308916091918945312e+00
-3.069568574428558350e-01,2.540203094482421875e+00
2.181276321411132812e+00,1.979587793350219727e+00
-1.127740263938903809e+00,1.570197939872741699e+00
6.018010377883911133e-01,1.663047790527343750e+00
-6.159425377845764160e-01,1.547729372978210449e+00
2.395284891128540039e+00,3.182800769805908203e+00
5.259500071406364441e-02,2.399918079376220703e+00
9.646089673042297363e-01,2.995511293411254883e+00
-5.108160376548767090e-01,1.532273530960083008e+00
5.844051241874694824e-01,2.454966306686401367e+00
1.716120839118957520e+00,3.151805162429809570e+00
2.478303432464599609e+00,2.254724740982055664e+00
4.710237979888916016e-01,2.261989116668701172e+00
1.402104735374450684e+00,2.403066158294677734e+00
1.882898688316345215e+00,2.468353271484375000e+00
3.056674957275390625e+00,3.447602748870849609e+00
1.044628381729125977e+00,2.266438484191894531e+00
-5.275784805417060852e-02,2.616133213043212891e+00
-5.196254849433898926e-01,2.469540119171142578e+00
1.563885092735290527e+00,3.213450908660888672e+00
4.303282499313354492e-01,2.811170101165771484e+00
1.413500666618347168e+00,2.561728954315185547e+00
5.712170526385307312e-02,1.255446195602416992e+00
1.423729777336120605e+00,2.232181072235107422e+00
-9.745514988899230957e-01,1.379307150840759277e+00
2.662539958953857422e+00,2.297237157821655273e+00
3.028360843658447266e+00,3.023058652877807617e+00
1.718463182449340820e+00,2.357349872589111328e+00
-2.322997599840164185e-01,2.769190311431884766e+00
7.056695967912673950e-02,2.469662427902221680e+00
-5.115545392036437988e-01,2.655579090118408203e+00
-7.848083227872848511e-02,1.267405867576599121e+00
8.198836445808410645e-01,1.967733740806579590e+00
5.855066180229187012e-01,2.104237556457519531e+00
1.214552879333496094e+00,2.589249134063720703e+00
-1.271209716796875000e+00,1.829857945442199707e+00
1.519817113876342773e+00,2.941737890243530273e+00
2.108204841613769531e+00,2.249114513397216797e+00
4.468963742256164551e-01,2.027602434158325195e+00
3.367749691009521484e+00,2.182178974151611328e+00
1.898802518844604492e+00,2.785779476165771484e+00
2.882987856864929199e-01,2.554194450378417969e+00
1.726876378059387207e+00,2.033113241195678711e+00
1.664750933647155762e+00,2.241714239120483398e+00
1.720014572143554688e+00,2.568696975708007812e+00
9.141677021980285645e-01,2.479440927505493164e+00
2.536728858947753906e+00,1.248304009437561035e+00
-2.822081446647644043e-01,2.372737169265747070e+00
3.376216888427734375e-01,2.182436466217041016e+00
1.016492247581481934e+00,2.235032796859741211e+00
1.249628067016601562e+00,2.349018812179565430e+00
5.811408162117004395e-01,2.217945098876953125e+00
3.017122671008110046e-02,2.505637168884277344e+00
2.845575809478759766e+00,3.253003597259521484e+00
1.187548279762268066e+00,1.661008119583129883e+00
-2.825827598571777344e-01,1.489620566368103027e+00
8.683438897132873535e-01,2.655928611755371094e+00
8.854709863662719727e-01,2.260783195495605469e+00
1.570191740989685059e+00,2.136406898498535156e+00
1.399298191070556641e+00,3.746950149536132812e+00
9.925957918167114258e-01,2.190283298492431641e+00
-6.608377695083618164e-01,1.105255842208862305e+00
1.034543991088867188e+00,2.317441940307617188e+00
8.615699410438537598e-01,1.412766695022583008e+00
-1.123022064566612244e-01,2.151515960693359375e+00
8.278600126504898071e-02,1.916170239448547363e+00
1.620569348335266113e+00,1.473759174346923828e+00
-3.963857293128967285e-01,1.918619632720947266e+00
-3.956870734691619873e-01,1.416528820991516113e+00
1.927012056112289429e-01,2.215162754058837891e+00
1.464588284492492676e+00,2.157909154891967773e+00
2.189793139696121216e-01,2.172107219696044922e+00
1.115361094474792480e+00,2.900442123413085938e+00
2.977053642272949219e+00,2.593154668807983398e+00
1.862608194351196289e+00,8.534845709800720215e-01
8.510988354682922363e-01,3.739600658416748047e+00
1.338430285453796387e+00,3.691431760787963867e+00
3.893800377845764160e-01,1.530255436897277832e+00
-5.641828849911689758e-02,8.837735652923583984e-01
1.695574283599853516e+00,1.713896870613098145e+00
2.721351146697998047e+00,2.595494747161865234e+00
1.064319491386413574e+00,3.295083999633789062e+00
-2.439514100551605225e-01,2.022332906723022461e+00
-2.891372516751289368e-02,1.543374180793762207e+00
-7.930063456296920776e-02,1.537061095237731934e+00
3.669522285461425781e+00,2.183873176574707031e+00
-1.323579996824264526e-01,3.354024887084960938e+00
1.578744053840637207e+00,2.147477865219116211e+00
-2.886900901794433594e-01,1.067479550838470459e-01
1.670017600059509277e+00,2.663138389587402344e+00
8.645383119583129883e-01,2.395395755767822266e+00
-8.035008907318115234e-01,1.763947844505310059e+00
9.528038650751113892e-02,1.621833682060241699e+00
-6.168612241744995117e-01,1.212560534477233887e+00
1.254719138145446777e+00,3.152751207351684570e+00
6.212900280952453613e-01,2.266377449035644531e+00
3.364548206329345703e+00,3.321300029754638672e+00
5.602191016077995300e-02,2.364245891571044922e+00
7.954209446907043457e-01,1.499186158180236816e+00
-7.383143305778503418e-01,1.104306459426879883e+00
4.069929420948028564e-01,2.237664461135864258e+00
-9.346355795860290527e-01,1.508754611015319824e+00
1.828054308891296387e+00,3.045557975769042969e+00
-5.067732930183410645e-01,3.284036159515380859e+00
-1.065797567367553711e+00,2.085361480712890625e+00
2.414634078741073608e-01,1.914952516555786133e+00
1.722584366798400879e+00,3.919402122497558594e+00
-1.086111307144165039e+00,2.070889949798583984e+00
9.903438687324523926e-01,1.040924549102783203e+00
4.699922800064086914e-01,3.070002555847167969e+00
-5.434468388557434082e-01,1.828100681304931641e+00
1.779218077659606934e+00,1.663244843482971191e+00
-5.180302262306213379e-01,2.936379194259643555e+00
2.297686338424682617e-01,2.972582340240478516e+00
6.397038698196411133e-01,2.808637142181396484e+00
1.037833765149116516e-01,1.512951254844665527e+00
-2.990027666091918945e-01,1.641240239143371582e+00
-1.622565463185310364e-02,2.035804033279418945e+00
1.582381606101989746e+00,2.245524168014526367e+00
1.608253121376037598e+00,2.256403446197509766e+00
5.842735171318054199e-01,2.176567316055297852e+00
-3.188937008380889893e-01,2.164337158203125000e+00
7.384997606277465820e-01,2.822929859161376953e+00
2.411388874053955078e+00,2.804498672485351562e+00
3.641204833984375000e+00,2.814122676849365234e+00
-2.623506188392639160e-01,2.584221839904785156e+00
2.298095226287841797e+00,3.186466455459594727e+00
7.500830292701721191e-01,2.512174844741821289e+00
1.727599740028381348e+00,2.537307739257812500e+00
6.402427703142166138e-02,2.137264966964721680e+00
-1.081518292427062988e+00,1.259836077690124512e+00
-1.475274413824081421e-01,2.283057212829589844e+00
-8.050587177276611328e-01,1.804220914840698242e+00
1.536544203758239746e+00,2.123800754547119141e+00
-3.918010592460632324e-01,2.521851539611816406e+00
2.452294379472732544e-01,1.998028993606567383e+00
2.692292910069227219e-03,2.426034927368164062e+00
2.955471575260162354e-01,3.059188127517700195e+00
2.656865417957305908e-01,2.332175731658935547e+00
2.082032203674316406e+00,2.865523815155029297e+00
9.647812247276306152e-01,3.582703351974487305e+00
1.271498560905456543e+00,2.313559293746948242e+00
-3.302200734615325928e-01,1.356613039970397949e+00
3.754691123962402344e+00,2.255287408828735352e+00
1.263773918151855469e+00,2.390930652618408203e+00
-1.298110634088516235e-01,2.680205821990966797e+00
2.516494274139404297e+00,2.594131469726562500e+00
-6.819662451744079590e-01,1.984422326087951660e+00
-1.166284009814262390e-01,1.728915572166442871e+00
-5.600318908691406250e-01,1.101221919059753418e+00
1.526218175888061523e+00,2.554583549499511719e+00
-7.035073637962341309e-01,2.121566534042358398e+00
9.574967026710510254e-01,2.323941469192504883e+00
5.674664303660392761e-02,2.585724830627441406e+00
3.370190784335136414e-02,3.034066200256347656e+00
6.247165203094482422e-01,1.932260990142822266e+00
2.451267004013061523e+00,2.316876888275146484e+00
1.391380876302719116e-01,1.361561655998229980e+00
1.145292639732360840e+00,2.700801849365234375e+00
1.565877199172973633e+00,2.370435714721679688e+00
1.978177070617675781e+00,2.973745107650756836e+00
2.596603631973266602e+00,2.362673759460449219e+00
2.023963689804077148e+00,2.069382190704345703e+00
2.798027515411376953e+00,3.407778978347778320e+00
2.107805252075195312e+00,2.869702816009521484e+00
7.435266971588134766e-01,2.181059360504150391e+00
8.119389414787292480e-01,2.165358781814575195e+00
1.216880202293395996e+00,9.934890270233154297e-01
2.011297225952148438e+00,2.880662441253662109e+00
2.423906803131103516e+00,2.446186780929565430e+00
-1.079842448234558105e+00,1.645397067070007324e+00
-4.008202627301216125e-02,2.853112697601318359e+00
7.657266259193420410e-01,2.916497230529785156e+00
1.329718708992004395e+00,2.876608133316040039e+00
2.742945671081542969e+00,3.187078952789306641e+00
-6.118114665150642395e-02,1.991500973701477051e+00
2.824764728546142578e+00,3.195322513580322266e+00
-1.321353793144226074e+00,1.388101458549499512e+00
-1.942220479249954224e-01,1.987147450447082520e+00
8.709354996681213379e-01,1.975218415260314941e+00
2.771212577819824219e+00,3.041025638580322266e+00
1.531324505805969238e+00,2.959004163742065430e+00
5.004537701606750488e-01,1.767619252204895020e+00
2.528899013996124268e-01,1.942379593849182129e+00
1.368932276964187622e-01,3.176187038421630859e+00
2.004686594009399414e+00,6.359018683433532715e-01
3.216094970703125000e+00,2.703797578811645508e+00
1.046965792775154114e-01,2.423619270324707031e+00
-5.431749224662780762e-01,2.535305976867675781e+00
7.709629535675048828e-01,2.843409776687622070e+00
7.937575131654739380e-02,2.119920730590820312e+00
-1.102668270468711853e-01,2.632415533065795898e+00
-4.677117764949798584e-01,2.382841348648071289e+00
1.703982055187225342e-01,3.254447937011718750e+00
1.370804667472839355e+00,2.471989870071411133e+00
-8.162033557891845703e-01,2.533267021179199219e+00
8.872810602188110352e-01,1.544787883758544922e+00
2.540088817477226257e-02,2.277104854583740234e+00
-3.000697493553161621e-01,2.139570474624633789e+00
1.261387228965759277e+00,1.976185679435729980e+00
-6.948797106742858887e-01,1.618361115455627441e+00
-4.722703713923692703e-03,2.425085067749023438e+00
4.266642928123474121e-01,1.871277451515197754e+00
2.972180366516113281e+00,3.015318870544433594e+00
-8.995192497968673706e-02,2.114138603210449219e+00
2.761526584625244141e+00,3.431427478790283203e+00
8.687847852706909180e-01,1.872310757637023926e+00
3.196625411510467529e-01,1.514501333236694336e+00
4.933094382286071777e-01,2.491982460021972656e+00
2.812846899032592773e+00,2.884219646453857422e+00
7.475299835205078125e-01,2.078020334243774414e+00
-3.528554458171129227e-03,3.041372776031494141e+00
3.447065949440002441e-01,2.532584190368652344e+00
1.889850258827209473e+00,2.633440017700195312e+00
1.166607066988945007e-02,3.796207427978515625e+00
-4.269105792045593262e-01,2.308014869689941406e+00
-9.515672177076339722e-02,3.540846347808837891e+00
-7.633888125419616699e-01,2.216728210449218750e+00
2.399674057960510254e-01,2.575741767883300781e+00
3.363925457000732422e+00,2.465831041336059570e+00
-5.323031544685363770e-01,1.217630743980407715e+00
1.054871201515197754e+00,2.433850288391113281e+00
-2.265258878469467163e-01,2.253607511520385742e+00
1.207856059074401855e+00,1.969919562339782715e+00
-9.790722727775573730e-01,2.486395597457885742e+00
-1.352201581001281738e+00,2.217846155166625977e+00
-3.932206332683563232e-01,2.094213485717773438e+00
2.405177116394042969e+00,2.695165157318115234e+00
1.068574905395507812e+00,2.437820672988891602e+00
3.285697460174560547e+00,3.193306446075439453e+00
1.243069410324096680e+00,2.154013633728027344e+00
2.866445183753967285e-01,2.410741090774536133e+00
1.820492625236511230e+00,2.932014465332031250e+00
2.092203617095947266e+00,3.390538692474365234e+00
2.891344308853149414e+00,2.967040777206420898e+00
7.250294089317321777e-01,1.014394879341125488e+00
1.377277016639709473e+00,2.124550819396972656e+00
-5.158378481864929199e-01,9.650444984436035156e-01
1.228238224983215332e+00,2.392362594604492188e+00
2.348402976989746094e+00,3.102669239044189453e+00
-6.112729310989379883e-01,1.168099522590637207e+00
-9.041792750358581543e-01,1.397259235382080078e+00
3.270678758621215820e+00,3.012321949005126953e+00
-1.196244880557060242e-01,2.243556499481201172e+00
-6.611346006393432617e-01,2.317880392074584961e+00
1.540932208299636841e-01,1.603533387184143066e+00
1.496690511703491211e-01,3.902781963348388672e+00
1.435463070869445801e+00,2.435534000396728516e+00
-1.173711776733398438e+00,1.817515254020690918e+00
-5.218074917793273926e-01,2.555635452270507812e+00
6.773253083229064941e-01,2.288006305694580078e+00
3.783368587493896484e+00,2.016700744628906250e+00
-2.589008212089538574e-01,1.100268244743347168e+00
1.368742465972900391e+00,3.195558786392211914e+00
2.829577922821044922e+00,2.333116769790649414e+00
-7.853493094444274902e-01,1.592180848121643066e+00
-8.273712992668151855e-01,1.663638353347778320e+00
-3.507003784179687500e-01,2.146595716476440430e+00
7.373156547546386719e-01,3.340433835983276367e+00
5.217115208506584167e-02,2.663618803024291992e+00
1.022563219070434570e+00,2.281383991241455078e+00
-5.077427625656127930e-01,2.999819040298461914e+00
9.541094303131103516e-01,2.760084390640258789e+00
-5.758292675018310547e-01,2.085594415664672852e+00
6.841295957565307617e-01,2.977202653884887695e+00
1.169776439666748047e+00,2.433424949645996094e+00
7.799659967422485352e-01,6.937658190727233887e-01
2.623417675495147705e-01,2.078107357025146484e+00
3.019471406936645508e+00,3.684270381927490234e+00
4.505329132080078125e-01,2.724905967712402344e+00
1.906705498695373535e+00,2.769453525543212891e+00
-8.140196204185485840e-01,2.871407032012939453e+00
3.136021614074707031e+00,2.752630233764648438e+00
1.511423110961914062e+00,3.395012378692626953e+00
-7.864137887954711914e-01,2.727027893066406250e+00
2.663683891296386719e+00,2.564784049987792969e+00
1.988624691963195801e+00,2.236196279525756836e+00
-4.953109323978424072e-01,1.399310469627380371e+00
-7.122748494148254395e-01,1.543175578117370605e+00
-2.415250986814498901e-01,2.125699520111083984e+00
1.213979125022888184e+00,2.924421310424804688e+00
-4.489085078239440918e-01,2.465112209320068359e+00
1.845881223678588867e+00,9.926880002021789551e-01
8.770587444305419922e-01,2.670904874801635742e+00
1.616003632545471191e+00,2.314033269882202148e+00
-5.186007618904113770e-01,8.859347701072692871e-01
-2.466493397951126099e-01,1.518137216567993164e+00
-7.672523707151412964e-02,3.087403297424316406e+00
1.647679686546325684e+00,2.756445407867431641e+00
8.184576034545898438e-01,2.394774913787841797e+00
-3.887749910354614258e-01,1.385114312171936035e+00
7.978684902191162109e-01,1.710525870323181152e+00
2.059018850326538086e+00,3.129359245300292969e+00
3.306917667388916016e+00,1.783596396446228027e+00
7.265748381614685059e-01,3.255541801452636719e+00
1.443051218986511230e+00,2.965665578842163086e+00
1.809999465942382812e+00,2.376982212066650391e+00
8.097184300422668457e-01,1.990046501159667969e+00
-4.755630493164062500e-01,2.852090120315551758e+00
8.916923403739929199e-01,1.221737358719110489e-02
3.080538511276245117e+00,1.356326699256896973e+00
2.919992923736572266e+00,1.888480305671691895e+00
-5.332380533218383789e-01,2.062889099121093750e+00
2.749693870544433594e+00,6.807933449745178223e-01
1.211679339408874512e+00,2.105351686477661133e+00
7.400974035263061523e-01,3.201722621917724609e+00
1.780403494834899902e+00,1.662814617156982422e+00
-4.862531125545501709e-01,3.280303478240966797e+00
2.227105051279067993e-01,2.034064292907714844e+00
1.056405976414680481e-01,2.864850521087646484e+00
-1.113783955574035645e+00,8.640946149826049805e-01
6.750475764274597168e-01,2.956309795379638672e+00
3.086709976196289062e-01,2.593442916870117188e+00
-2.182250097393989563e-02,2.244012355804443359e+00
-1.199339032173156738e+00,1.148445487022399902e+00
1.491088509559631348e+00,2.426072120666503906e+00
2.996987402439117432e-01,1.210641384124755859e+00
-5.122295618057250977e-01,2.690562725067138672e+00
-9.220186471939086914e-01,1.851968407630920410e+00
3.574253082275390625e+00,1.682550191879272461e+00
2.327311992645263672e+00,3.498482704162597656e+00
1.545054838061332703e-02,2.894983530044555664e+00
8.223061561584472656e-01,1.918486714363098145e+00
-9.793902635574340820e-01,2.618409395217895508e+00
3.099795818328857422e+00,2.669142246246337891e+00
1.505672097206115723e+00,2.181648492813110352e+00
-8.145465254783630371e-01,1.975132703781127930e+00
1.226832747459411621e+00,1.433951020240783691e+00
5.212071537971496582e-01,1.781798005104064941e+00
2.082552671432495117e+00,1.675741791725158691e+00
1.559452265501022339e-01,2.787485599517822266e+00
2.925336360931396484e-01,3.609163284301757812e+00
5.322402715682983398e-01,2.115564823150634766e+00
3.067074298858642578e+00,2.872717857360839844e+00
2.791160106658935547e+00,2.672265291213989258e+00
2.702729701995849609e-01,1.652272343635559082e+00
8.357424139976501465e-01,3.009814977645874023e+00
3.956900164484977722e-02,1.682030081748962402e+00
-6.492605209350585938e-01,2.190046548843383789e+00
-4.023672044277191162e-01,1.965144753456115723e+00
1.394299790263175964e-02,3.731146574020385742e+00
2.368719503283500671e-02,2.282629489898681641e+00
-1.241907596588134766e+00,2.188503265380859375e+00
2.889910221099853516e+00,9.050154685974121094e-01
8.394732475280761719e-01,2.965179443359375000e+00
1.165770530700683594e+00,2.367116451263427734e+00
-9.542621970176696777e-01,1.910314202308654785e+00
-8.676910400390625000e-01,1.414105772972106934e+00
-5.838906168937683105e-01,2.030414104461669922e+00
-1.239135622978210449e+00,9.618204236030578613e-01
7.537552714347839355e-01,3.011290311813354492e+00
-6.982925534248352051e-01,2.400108814239501953e+00
1.228844523429870605e+00,2.400871276855468750e+00
4.315881133079528809e-01,3.247495412826538086e+00
-3.364260792732238770e-01,1.556405305862426758e+00
2.389910668134689331e-01,2.163655519485473633e+00
9.423515200614929199e-01,2.587403059005737305e+00
2.275670051574707031e+00,3.366145133972167969e+00
-1.332879424095153809e+00,2.086440086364746094e+00
1.307380676269531250e+00,2.480589866638183594e+00
3.091187000274658203e+00,2.585144519805908203e+00
5.075517892837524414e-01,2.291529178619384766e+00
-3.993601202964782715e-01,1.475226998329162598e+00
6.320767402648925781e-01,3.232327461242675781e+00
7.706069946289062500e-01,2.210725307464599609e+00
1.446210891008377075e-01,1.768280863761901855e+00
2.372020244598388672e+00,3.087000608444213867e+00
9.877060055732727051e-01,2.754357814788818359e+00
3.364744186401367188e+00,2.419353246688842773e+00
4.829288423061370850e-01,2.568370580673217773e+00
1.699776768684387207e+00,3.317867040634155273e+00
-5.023204684257507324e-01,2.266158342361450195e+00
1.987667679786682129e+00,2.603197336196899414e+00
8.422400355339050293e-01,1.480734229087829590e+00
-1.241637349128723145e+00,2.275228261947631836e+00
1.502425312995910645e+00,1.015311360359191895e+00
2.160359472036361694e-01,2.899608612060546875e+00
-6.947377324104309082e-01,2.236598014831542969e+00
-6.766507625579833984e-01,1.393788099288940430e+00
1.637602448463439941e+00,2.795735836029052734e+00
3.093454241752624512e-01,3.291819334030151367e+00
3.486655279994010925e-02,3.696456849575042725e-01
1.789047360420227051e+00,2.202831506729125977e+00
9.841083288192749023e-01,3.444511890411376953e+00
4.904785454273223877e-01,2.426806449890136719e+00
-3.108726739883422852e-01,1.416198372840881348e+00
2.214459702372550964e-02,1.549759984016418457e+00
2.762081623077392578e-01,3.779166698455810547e+00
-2.308933883905410767e-01,1.668843984603881836e+00
2.557951450347900391e+00,3.222865104675292969e+00
4.889233410358428955e-01,3.550587654113769531e+00
2.879311084747314453e+00,3.010744571685791016e+00
-1.496449828147888184e+00,1.759073853492736816e+00
2.567464351654052734e+00,1.998890280723571777e+00
-8.418547511100769043e-01,2.565549373626708984e+00
3.281833171844482422e+00,3.531419992446899414e+00
4.419609308242797852e-01,1.736008763313293457e+00
1.330490589141845703e+00,1.941588878631591797e+00
-3.319773674011230469e-01,2.777135848999023438e+00
-4.994794726371765137e-01,2.329613208770751953e+00
4.243341684341430664e-01,3.448811531066894531e+00
1.083459019660949707e+00,3.333336353302001953e+00
3.048320412635803223e-01,2.428303003311157227e+00
4.783442318439483643e-01,2.075116157531738281e+00
9.729564934968948364e-02,2.098654747009277344e+00
-9.428891539573669434e-01,3.054852008819580078e+00
3.888704478740692139e-01,2.668347358703613281e+00
3.046122550964355469e+00,3.312768220901489258e+00
1.049332976341247559e+00,1.877619385719299316e+00
3.095973253250122070e+00,2.929700374603271484e+00
-9.832778573036193848e-01,1.770370721817016602e+00
-5.295902490615844727e-01,1.183287501335144043e+00
1.368079781532287598e+00,1.432227253913879395e+00
2.671856880187988281e+00,2.276039361953735352e+00
-1.271357685327529907e-01,2.516284465789794922e+00
-7.558271884918212891e-01,1.525373697280883789e+00
2.838462352752685547e+00,3.081382036209106445e+00
-8.746621012687683105e-01,1.633565187454223633e+00
3.958102464675903320e-01,1.763428330421447754e+00
7.194867134094238281e-01,2.733201742172241211e+00
8.983056545257568359e-01,2.998950004577636719e+00
-7.918789386749267578e-01,1.765641927719116211e+00
1.856697440147399902e+00,2.510158777236938477e+00
7.684008479118347168e-01,2.862650632858276367e+00
5.893895030021667480e-01,2.624616622924804688e+00
3.035880625247955322e-01,2.413785457611083984e+00
2.112480163574218750e+00,1.298231482505798340e+00
-7.785894721746444702e-02,2.487060546875000000e+00
-6.910118460655212402e-01,3.240498542785644531e+00
2.590222835540771484e+00,2.259486913681030273e+00
5.104311108589172363e-01,2.394633293151855469e+00
1.140990853309631348e+00,2.262207984924316406e+00
1.931581348180770874e-01,2.346544265747070312e+00
1.130922436714172363e+00,2.054790019989013672e+00
6.904036402702331543e-01,2.068700075149536133e+00
-4.495182633399963379e-01,2.970542430877685547e+00
2.731679439544677734e+00,2.768030166625976562e+00
2.798337936401367188e-01,2.949223041534423828e+00
-2.256043553352355957e-01,2.417488813400268555e+00
6.029326319694519043e-01,1.250772595405578613e+00
-7.674517035484313965e-01,1.653287291526794434e+00
9.310682415962219238e-01,2.303608894348144531e+00
2.444671630859375000e+00,3.594546794891357422e+00
2.614819049835205078e+00,2.441364049911499023e+00
2.071655035018920898e+00,2.105320215225219727e+00
1.734658628702163696e-01,8.507645726203918457e-01
-2.750906646251678467e-01,2.435625076293945312e+00
-6.597798466682434082e-01,2.152544975280761719e+00
1.115700840950012207e+00,3.076959371566772461e+00
1.004844665527343750e+00,1.945763230323791504e+00
-3.799161314964294434e-01,1.738528490066528320e+00
-1.896997243165969849e-01,1.975788712501525879e+00
-5.261629223823547363e-01,2.945906400680541992e+00
-3.921692371368408203e-01,1.567014098167419434e+00
-7.221884131431579590e-01,6.229633092880249023e-01
4.669482707977294922e-01,2.328583002090454102e+00
-3.582482337951660156e-01,1.799618840217590332e+00
-8.938148617744445801e-01,2.017186164855957031e+00
3.188493549823760986e-01,2.905554533004760742e+00
-1.013489603996276855e+00,1.740027308464050293e+00
2.352266550064086914e+00,2.568930387496948242e+00
2.048585414886474609e+00,2.893252611160278320e+00
-4.722737148404121399e-02,1.796937942504882812e+00
-2.273446172475814819e-01,2.018331289291381836e+00
-1.116321682929992676e+00,1.018883585929870605e+00
2.951846122741699219e+00,2.817642927169799805e+00
2.299540281295776367e+00,3.026629447937011719e+00
2.212718009948730469e+00,2.788311243057250977e+00
6.124267578125000000e-01,1.996802330017089844e+00
2.772736549377441406e+00,2.850882053375244141e+00
3.238413810729980469e+00,2.562555313110351562e+00
-6.361469030380249023e-01,2.460498094558715820e+00
-7.878589630126953125e-01,5.100028514862060547e-01
1.107035517692565918e+00,1.772606730461120605e+00
-3.178229033946990967e-01,2.915691614151000977e+00
-3.320210874080657959e-01,2.825192928314208984e+00
6.550756692886352539e-01,2.901912212371826172e+00
1.777417302131652832e+00,1.885824441909790039e+00
-1.593083590269088745e-01,1.514339804649353027e+00
-2.616318166255950928e-01,2.050394058227539062e+00
-2.671290934085845947e-01,1.859915614128112793e+00
2.630106925964355469e+00,3.604074954986572266e+00
-3.309529721736907959e-01,2.508752584457397461e+00
-9.782897233963012695e-01,1.448402047157287598e+00
-7.362120747566223145e-01,1.517144083976745605e+00
3.535609226673841476e-03,1.259471058845520020e+00
5.993725657463073730e-01,1.985407114028930664e+00
-7.050098776817321777e-01,2.464718341827392578e+00
1.115234613418579102e+00,2.430333852767944336e+00
1.192442774772644043e+00,2.352089405059814453e+00
1.411483138799667358e-01,3.051916837692260742e+00
2.544975996017456055e+00,2.415030479431152344e+00
4.249587357044219971e-01,3.076717376708984375e+00
-4.787191152572631836e-01,2.662126064300537109e+00
1.408546447753906250e+00,3.089639902114868164e+00
5.153400823473930359e-02,2.550498008728027344e+00
1.857025861740112305e+00,1.847099900245666504e+00
1.428028941154479980e+00,4.128910064697265625e+00
2.605947256088256836e+00,2.483124971389770508e+00
1.274204969406127930e+00,3.111534595489501953e+00
5.564543604850769043e-01,3.489537477493286133e+00
9.028271585702896118e-02,3.063672065734863281e+00
1.806562781333923340e+00,2.308529615402221680e+00
1.069764569401741028e-01,3.510012626647949219e+00
2.971280217170715332e-01,1.415254831314086914e+00
5.547968745231628418e-01,6.571325659751892090e-01
3.601196289062500000e+00,1.793138861656188965e+00
3.856413602828979492e+00,2.899331331253051758e+00
1.139847874641418457e+00,2.166738986968994141e+00
1.171012043952941895e+00,1.265364289283752441e+00
-1.292051315307617188e+00,1.517297148704528809e+00
-1.149114489555358887e+00,1.499928593635559082e+00
1.154919624328613281e+00,2.329393863677978516e+00
1.171435788273811340e-01,1.903448700904846191e+00
2.855400800704956055e+00,2.969137668609619141e+00
4.529345631599426270e-01,3.489364147186279297e+00
3.029567718505859375e+00,3.300832509994506836e+00
3.275209426879882812e+00,2.763220310211181641e+00
8.804339766502380371e-01,1.956251502037048340e+00
9.736539125442504883e-01,2.763860702514648438e+00
-2.926428616046905518e-01,1.298542261123657227e+00
9.600784182548522949e-01,2.375523328781127930e+00
4.386846423149108887e-01,2.234835624694824219e+00
2.866878986358642578e+00,2.396203994750976562e+00
-2.519534900784492493e-02,1.233012080192565918e+00
-4.085416495800018311e-01,2.342546701431274414e+00
3.886704206466674805e+00,2.485292673110961914e+00
-4.613839983940124512e-01,1.912644267082214355e+00
2.067827135324478149e-01,1.609862089157104492e+00
-3.065102100372314453e-01,1.637205362319946289e+00
1.226448655128479004e+00,2.912933826446533203e+00
-4.947690367698669434e-01,1.322416663169860840e+00
-1.590144783258438110e-01,3.152950763702392578e+00
1.592883944511413574e+00,2.614901065826416016e+00
2.092558145523071289e+00,2.743305921554565430e+00
6.615509390830993652e-01,1.430171251296997070e+00
6.623212099075317383e-01,1.890070557594299316e+00
2.696908473968505859e+00,3.432017564773559570e+00
-1.169634386897087097e-01,1.470551848411560059e+00
1.535796165466308594e+00,2.566531658172607422e+00
-8.333104252815246582e-01,1.991234064102172852e+00
-8.149447441101074219e-01,2.445115804672241211e+00
3.094701766967773438e+00,1.164246916770935059e+00
2.493510484695434570e+00,2.539251804351806641e+00
4.437848329544067383e-01,2.453943252563476562e+00
3.554668188095092773e+00,2.115469694137573242e+00
2.725933551788330078e+00,1.864461898803710938e+00
2.260803222656250000e+00,2.449629902839660645e-01
2.839208364486694336e+00,2.893069744110107422e+00
9.396396875381469727e-01,3.144069671630859375e+00
4.760707616806030273e-01,3.275023460388183594e+00
-2.936350703239440918e-01,2.121974945068359375e+00
2.298480749130249023e+00,2.764017820358276367e+00
1.023235321044921875e+00,2.059568405151367188e+00
2.451533228158950806e-01,1.288562655448913574e+00
2.141237258911132812e+00,3.627033710479736328e+00
3.196665763854980469e+00,1.748416900634765625e+00
2.316909313201904297e+00,2.419966220855712891e+00
1.559829354286193848e+00,2.581593513488769531e+00
1.974590063095092773e+00,2.292547941207885742e+00
-6.338239908218383789e-01,2.414682865142822266e+00
-5.398593544960021973e-01,3.005475521087646484e+00
2.207400798797607422e+00,2.226492881774902344e+00
-1.013120174407958984e+00,1.402127861976623535e+00
1.672817349433898926e+00,1.879593372344970703e+00
8.847960233688354492e-01,2.352230548858642578e+00
-2.672718837857246399e-02,7.706647515296936035e-01
2.709364414215087891e+00,1.712314248085021973e+00
-1.223302364349365234e+00,2.156531810760498047e+00
-2.464829385280609131e-01,2.356251716613769531e+00
2.032422065734863281e+00,2.574361801147460938e+00
2.275697231292724609e+00,3.714638948440551758e+00
-5.604190826416015625e-01,2.152018070220947266e+00
2.378853410482406616e-01,2.420095920562744141e+00
1.204387903213500977e+00,2.103169202804565430e+00
-1.023599982261657715e+00,2.466792106628417969e+00
-7.247377038002014160e-01,1.735587477684020996e+00
-1.476644128561019897e-01,3.130727529525756836e+00
2.613173961639404297e+00,1.848813414573669434e+00
1.968937039375305176e+00,2.686384201049804688e+00
1.468122124671936035e+00,2.633647203445434570e+00
7.211065292358398438e-01,1.747602939605712891e+00
1.122797131538391113e+00,1.683930397033691406e+00
3.313150405883789062e+00,3.246440887451171875e+00
1.341398596763610840e+00,2.097127914428710938e+00
-4.697684049606323242e-01,1.092896342277526855e+00
9.198101162910461426e-01,2.875284671783447266e+00
1.096837639808654785e+00,3.220613002777099609e+00
-4.064951539039611816e-01,1.660842418670654297e+00
-1.232311367988586426e+00,1.525216698646545410e+00
1.285928368568420410e+00,1.837010502815246582e+00
1.714175820350646973e+00,3.769250154495239258e+00
2.335890769958496094e+00,2.518123626708984375e+00
3.483259677886962891e+00,2.943713665008544922e+00
2.230122089385986328e+00,1.561800479888916016e+00
3.741496801376342773e+00,2.449735403060913086e+00
1.234451413154602051e+00,2.907210826873779297e+00
2.342697381973266602e+00,2.441643476486206055e+00
1.435203194618225098e+00,3.096768617630004883e+00
9.916452169418334961e-01,2.416677951812744141e+00
2.211361646652221680e+00,2.840100288391113281e+00
3.125150680541992188e+00,2.693494081497192383e+00
1.010412693023681641e+00,2.628605842590332031e+00
-6.529372930526733398e-01,1.566206574440002441e+00
1.237624168395996094e+00,2.964224338531494141e+00
-2.279605418443679810e-01,2.170027256011962891e+00
2.177927970886230469e+00,2.748005390167236328e+00
2.032234519720077515e-01,1.762261033058166504e+00
1.081885218620300293e+00,3.886577188968658447e-01
1.783419609069824219e+00,2.885305404663085938e+00
1.790166258811950684e+00,2.201637744903564453e+00
-3.334651291370391846e-01,1.831369996070861816e+00
6.667411327362060547e-01,1.722241163253784180e+00
1.909303426742553711e+00,2.860828399658203125e+00
3.639978885650634766e+00,2.695362091064453125e+00
1.592754244804382324e+00,3.169568061828613281e+00
7.882139086723327637e-01,2.697134971618652344e+00
-4.284186959266662598e-01,9.574893116950988770e-01
1.441897600889205933e-01,2.616211891174316406e+00
-2.686691284179687500e-01,1.480907082557678223e+00
3.654089570045471191e-01,1.333900332450866699e+00
-4.051752984523773193e-01,1.861904740333557129e+00
2.742997169494628906e+00,3.022930860519409180e+00
-3.492986559867858887e-01,2.807150125503540039e+00
-9.051301330327987671e-02,2.643736362457275391e+00
-1.007272362709045410e+00,1.658752799034118652e+00
-7.479392290115356445e-01,1.896751046180725098e+00
-1.215924248099327087e-01,1.893131852149963379e+00
1.746695399284362793e+00,1.762725949287414551e+00
-1.003102540969848633e+00,1.555373072624206543e+00
2.061669349670410156e+00,3.605410099029541016e+00
8.743615746498107910e-01,3.422044754028320312e+00
-5.623620152473449707e-01,6.308081746101379395e-01
3.159509658813476562e+00,2.328423023223876953e+00
3.034730553627014160e-01,2.906264781951904297e+00
-8.836937546730041504e-01,1.558797955513000488e+00
-2.453776448965072632e-01,1.513200402259826660e+00
1.276167988777160645e+00,1.859640240669250488e+00
6.103391051292419434e-01,2.406465053558349609e+00
4.254260659217834473e-01,1.689404964447021484e+00
1.258807927370071411e-01,3.127763748168945312e+00
9.990181326866149902e-01,2.697924613952636719e+00
3.377551555633544922e+00,2.276429176330566406e+00
1.690261840820312500e+00,2.837552309036254883e+00
3.324287652969360352e+00,3.738482952117919922e+00
8.092564940452575684e-01,1.499023675918579102e+00
-2.012572735548019409e-01,1.660531759262084961e+00
8.766871094703674316e-01,2.243694543838500977e+00
3.014866590499877930e+00,3.215452909469604492e+00
-1.286207288503646851e-01,1.739492535591125488e+00
2.163415431976318359e+00,3.474064350128173828e+00
1.936158776283264160e+00,2.247396469116210938e+00
1.979564547538757324e+00,2.450320243835449219e+00
-4.606552720069885254e-01,2.648300886154174805e+00
3.622918128967285156e-01,1.009109377861022949e+00
1.362783789634704590e+00,2.916723251342773438e+00
1.223882317543029785e+00,1.379855394363403320e+00
8.914939165115356445e-01,2.878299474716186523e+00
-5.028499960899353027e-01,1.957232594490051270e+00
-4.107661843299865723e-01,1.259302854537963867e+00
8.934187889099121094e-01,2.321323871612548828e+00
4.908516108989715576e-01,1.031606793403625488e+00
6.841812729835510254e-01,3.629194736480712891e+00
1.538172602653503418e+00,2.218114852905273438e+00
-1.583627313375473022e-01,3.320515632629394531e+00
-1.816221922636032104e-01,2.534556150436401367e+00
-6.072685122489929199e-01,2.266718387603759766e+00
2.706570625305175781e+00,1.946928977966308594e+00
2.353826999664306641e+00,2.187692642211914062e+00
9.171120524406433105e-01,3.073002815246582031e+00
3.003707647323608398e+00,2.761896610260009766e+00
-4.887057244777679443e-01,2.273689270019531250e+00
7.712749242782592773e-01,3.165266990661621094e+00
-1.213078141212463379e+00,1.739021539688110352e+00
1.343870013952255249e-01,2.076496124267578125e+00
-2.613009214401245117e-01,1.940701365470886230e+00
3.166514039039611816e-01,2.326188564300537109e+00
1.338010907173156738e+00,3.346303462982177734e+00
-5.512281060218811035e-01,1.529686570167541504e+00
-8.220942020416259766e-01,7.837397456169128418e-01
-1.152463674545288086e+00,2.738955974578857422e+00
6.539567708969116211e-01,2.048857212066650391e+00
8.551025390625000000e-01,2.600261926651000977e+00
9.382615685462951660e-01,2.123385429382324219e+00
7.964385151863098145e-01,2.742495059967041016e+00
2.748241424560546875e+00,-7.465713620185852051e-01
2.805634975433349609e+00,3.625647068023681641e+00
-1.434835791587829590e+00,1.552212595939636230e+00
7.050068974494934082e-01,2.950700283050537109e+00
1.603499054908752441e+00,3.209909915924072266e+00
2.332772612571716309e-01,1.113663077354431152e+00
-1.425295025110244751e-01,6.236557960510253906e-01
-3.250052332878112793e-01,1.482043266296386719e+00
1.190637707710266113e+00,2.093211650848388672e+00
1.356631040573120117e+00,2.586349010467529297e+00
1.845701813697814941e+00,2.750046253204345703e+00
2.070775985717773438e+00,1.538257718086242676e+00
-7.093234658241271973e-01,2.361071348190307617e+00
1.272613286972045898e+00,1.563374280929565430e+00
2.859621524810791016e+00,2.547986030578613281e+00
2.697156071662902832e-01,2.301931858062744141e+00
1.207047820091247559e+00,2.161484241485595703e+00
7.212757468223571777e-01,3.349644660949707031e+00
1.932415843009948730e+00,2.503520488739013672e+00
-4.241318404674530029e-01,2.369695186614990234e+00
1.404872775077819824e+00,2.500336647033691406e+00
-1.025850653648376465e+00,1.576077580451965332e+00
1.280811071395874023e+00,2.460583686828613281e+00
1.611320227384567261e-01,2.832716464996337891e+00
1.575961947441101074e+00,1.511308670043945312e+00
5.532176494598388672e-01,2.824419975280761719e+00
5.072267055511474609e-01,2.826000690460205078e+00
7.563009858131408691e-01,2.567884445190429688e+00
1.628168940544128418e+00,3.512618541717529297e+00
1.277298569679260254e+00,2.751820087432861328e+00
-2.317394763231277466e-01,1.980607271194458008e+00
-2.407460287213325500e-02,1.973022341728210449e+00
-2.727102339267730713e-01,1.932556986808776855e+00
2.717506885528564453e+00,2.163498163223266602e+00
6.481817364692687988e-01,2.392295360565185547e+00
9.735986590385437012e-01,2.568215847015380859e+00
-2.626245021820068359e-01,2.342129707336425781e+00
-1.034043192863464355e+00,2.010638713836669922e+00
-4.440728425979614258e-01,8.569515347480773926e-01
-4.603599905967712402e-01,2.699529170989990234e+00
2.968545913696289062e+00,1.864320755004882812e+00
-6.523225307464599609e-01,2.868400096893310547e+00
2.330575942993164062e+00,2.561518907546997070e+00
-4.455681443214416504e-01,1.188377380371093750e+00
1.603692650794982910e+00,3.922368526458740234e+00
-7.081254124641418457e-01,2.020336151123046875e+00
1.502118855714797974e-01,1.974385380744934082e+00
2.471668958663940430e+00,2.694744586944580078e+00
1.060427188873291016e+00,3.403891086578369141e+00
5.129437446594238281e-01,2.487320661544799805e+00
-6.452635526657104492e-01,2.955686092376708984e+00
4.508517310023307800e-02,3.430530071258544922e+00
3.881107568740844727e+00,2.596896648406982422e+00
2.135546684265136719e+00,3.227391958236694336e+00
-9.827847480773925781e-01,1.366570472717285156e+00
2.315883398056030273e+00,3.169305086135864258e+00
5.360772013664245605e-01,2.040784835815429688e+00
7.865646481513977051e-01,2.453472614288330078e+00
9.065857529640197754e-01,2.847551822662353516e+00
2.072025299072265625e+00,3.423748731613159180e+00
7.307754158973693848e-01,3.734306335449218750e+00
2.088771820068359375e+00,2.309546947479248047e+00
1.362511515617370605e+00,3.330234766006469727e+00
1.689610600471496582e+00,2.773915529251098633e+00
8.536508679389953613e-01,2.082199573516845703e+00
2.648224830627441406e-01,1.467967033386230469e+00
5.235393643379211426e-01,2.390641689300537109e+00
-6.367561817169189453e-01,2.860149621963500977e+00
3.222357273101806641e+00,2.591060161590576172e+00
1.093185186386108398e+00,2.933493375778198242e+00
-2.326639741659164429e-01,2.492974758148193359e+00
2.272858619689941406e+00,2.238793611526489258e+00
2.667741179466247559e-01,2.530815601348876953e+00
2.406651496887207031e+00,3.205619812011718750e+00
9.978324770927429199e-01,1.253842711448669434e+00
2.038297414779663086e+00,2.626267433166503906e+00
5.450584888458251953e-01,2.400780200958251953e+00
2.483172893524169922e+00,4.158209323883056641e+00
3.153158903121948242e+00,3.076247692108154297e+00
-1.990293115377426147e-01,2.610838413238525391e+00
5.237231850624084473e-01,3.122538089752197266e+00
-3.825772106647491455e-01,2.097337484359741211e+00
2.650001525878906250e+00,2.859428882598876953e+00
1.435859441757202148e+00,1.564962625503540039e+00
1.511410355567932129e+00,3.622299671173095703e+00
-4.284847080707550049e-01,1.534545063972473145e+00
4.860344529151916504e-01,2.519000053405761719e+00
1.001051664352416992e+00,2.588231563568115234e+00
1.181086540222167969e+00,2.293470859527587891e+00
2.278347253799438477e+00,3.607656240463256836e+00
-3.879325091838836670e-01,1.388215541839599609e+00
8.112450242042541504e-01,3.708211421966552734e+00
3.342738628387451172e+00,3.173358440399169922e+00
9.954323768615722656e-01,2.600460052490234375e+00
-3.859942555427551270e-01,2.553798913955688477e+00
-3.245546296238899231e-02,3.178828239440917969e+00
-1.729314476251602173e-01,2.998470544815063477e+00
-2.298805117607116699e-01,3.477563858032226562e+00
6.728388667106628418e-01,2.832843780517578125e+00
2.863116189837455750e-02,2.779159784317016602e+00
2.340611457824707031e+00,2.985819578170776367e+00
-8.999157696962356567e-03,3.211909770965576172e+00
1.561955094337463379e+00,1.384062886238098145e+00
-4.497750103473663330e-01,2.516318798065185547e+00
1.667535066604614258e+00,2.513851642608642578e+00
-2.755964398384094238e-01,8.585977554321289062e-01
2.667875766754150391e+00,1.733383536338806152e+00
-5.149464011192321777e-01,1.294453978538513184e+00
-9.070958942174911499e-02,2.607755661010742188e+00
-3.654462695121765137e-01,2.785722732543945312e+00
7.391051054000854492e-01,2.444769382476806641e+00
2.890016078948974609e+00,3.132866382598876953e+00
4.642481505870819092e-01,3.330655097961425781e+00
2.727231979370117188e-01,2.204988479614257812e+00
-4.769890606403350830e-01,1.543864607810974121e+00
-4.719432070851325989e-02,1.551016211509704590e+00
3.503141924738883972e-02,2.305805206298828125e+00
7.989440113306045532e-02,1.678147196769714355e+00
1.670371770858764648e+00,3.283935308456420898e+00
-4.858221486210823059e-02,2.483119964599609375e+00
-3.209231793880462646e-01,2.034672260284423828e+00
-1.828625947237014771e-01,2.149260044097900391e+00
2.022422790527343750e+00,1.182615160942077637e+00
-4.442903995513916016e-01,2.263225078582763672e+00
2.734811305999755859e+00,2.452119588851928711e+00
9.315854310989379883e-01,2.715486526489257812e+00
8.136022686958312988e-01,2.716043233871459961e+00
2.485257863998413086e+00,2.363089799880981445e+00
6.270895600318908691e-01,2.622148513793945312e+00
2.208853721618652344e+00,3.176460504531860352e+00
1.815150380134582520e+00,1.931203961372375488e+00
-4.940778911113739014e-01,1.436766386032104492e+00
1.638419270515441895e+00,1.802519679069519043e+00
5.314827561378479004e-01,2.493717432022094727e+00
2.632212638854980469e+00,2.898503780364990234e+00
3.239173173904418945e+00,3.224366664886474609e+00
1.885585904121398926e+00,1.645571589469909668e+00
-9.589253664016723633e-01,8.730807304382324219e-01
-4.134584367275238037e-01,2.461285114288330078e+00
2.716297149658203125e+00,2.553534030914306641e+00
1.359990239143371582e+00,2.226004362106323242e+00
-5.926481485366821289e-01,2.119397878646850586e+00
2.289612054824829102e+00,1.741927266120910645e+00
-8.948948234319686890e-02,9.574338793754577637e-01
-4.386066794395446777e-01,1.972976922988891602e+00
1.721331030130386353e-01,1.410400986671447754e+00
2.548219680786132812e+00,2.944349765777587891e+00
1.502650976181030273e+00,2.876837730407714844e+00
3.554086208343505859e+00,1.829907655715942383e+00
1.244042292237281799e-01,1.165053486824035645e+00
-3.896836042404174805e-01,1.635824322700500488e+00
1.268181562423706055e+00,9.592854380607604980e-01
-1.275074362754821777e+00,1.643141388893127441e+00
1.087168097496032715e+00,2.692860364913940430e+00
3.295661926269531250e+00,2.424738645553588867e+00
7.791129946708679199e-01,2.940554141998291016e+00
6.054249405860900879e-01,2.708778858184814453e+00
3.287895441055297852e+00,3.273399353027343750e+00
2.402011156082153320e+00,1.988651871681213379e+00
-8.641027808189392090e-01,1.382330775260925293e+00
1.041528582572937012e+00,2.730566501617431641e+00
1.482226252555847168e+00,2.929573535919189453e+00
3.195320963859558105e-01,2.724273204803466797e+00
3.640456199645996094e-01,2.348622083663940430e+00
9.313306212425231934e-01,2.115045309066772461e+00
1.279794812202453613e+00,2.319531440734863281e+00
-2.993279993534088135e-01,1.950240492820739746e+00
2.657785415649414062e-01,2.674110889434814453e+00
2.907534539699554443e-01,2.389858484268188477e+00
2.109885454177856445e+00,3.534020900726318359e+00
1.229112744331359863e+00,1.492223024368286133e+00
3.045591115951538086e+00,2.326171398162841797e+00
-4.518685340881347656e-01,1.447973608970642090e+00
-5.431057214736938477e-01,3.151683807373046875e+00
-7.492864727973937988e-01,1.478429675102233887e+00
1.167168974876403809e+00,2.396610021591186523e+00
1.773184776306152344e+00,3.243733406066894531e+00
-2.284573167562484741e-01,2.846374273300170898e+00
1.079029083251953125e+00,1.893370270729064941e+00
-5.253250598907470703e-01,1.764805555343627930e+00
2.717892169952392578e+00,3.292591571807861328e+00
-4.470460712909698486e-01,2.725620269775390625e+00
2.816551923751831055e+00,3.057755947113037109e+00
-4.888683259487152100e-01,1.436760306358337402e+00
1.046011805534362793e+00,2.229291915893554688e+00
-1.705891638994216919e-01,9.709798693656921387e-01
8.294523358345031738e-01,2.028328895568847656e+00
-4.475058615207672119e-01,3.062727212905883789e+00
-4.867121875286102295e-01,2.060194969177246094e+00
3.409929201006889343e-02,3.144266366958618164e+00
1.656784772872924805e+00,2.071678876876831055e+00
7.152668833732604980e-01,3.137533187866210938e+00
1.539855837821960449e+00,1.872779130935668945e+00
-1.676898077130317688e-02,2.347368717193603516e+00
3.045782089233398438e+00,3.206689596176147461e+00
1.559753179550170898e+00,2.384958744049072266e+00
3.231567144393920898e+00,2.827586889266967773e+00
-5.832275748252868652e-01,1.643512129783630371e+00
6.321810483932495117e-01,3.316019535064697266e+00
2.464361667633056641e+00,3.154257774353027344e+00
6.342317461967468262e-01,2.640872478485107422e+00
2.423285007476806641e+00,1.197118043899536133e+00
8.537532687187194824e-01,2.882878303527832031e+00
4.344005584716796875e-01,2.009298324584960938e+00
7.324860244989395142e-02,1.879039287567138672e+00
-7.434480786323547363e-01,1.825575947761535645e+00
9.764710813760757446e-02,1.980901837348937988e+00
2.560400962829589844e+00,3.181653022766113281e+00
-1.434491276741027832e+00,2.464161872863769531e+00
-3.785797953605651855e-01,3.252468347549438477e+00
1.790282607078552246e+00,2.929499626159667969e+00
3.695651888847351074e-01,2.686674356460571289e+00
3.999880552291870117e-01,2.127527236938476562e+00
-7.529622316360473633e-01,1.035316824913024902e+00
2.674405097961425781e+00,2.107691287994384766e+00
-4.779800772666931152e-01,2.192355394363403320e+00
1.475515842437744141e+00,2.466337919235229492e+00
-5.397750139236450195e-01,1.711353778839111328e+00
-3.581069707870483398e-01,2.336630344390869141e+00
1.192787051200866699e+00,2.576192378997802734e+00
2.676803827285766602e+00,2.566247463226318359e+00
1.247021555900573730e+00,2.531901597976684570e+00
1.606565117835998535e+00,3.678755283355712891e+00
3.430938243865966797e+00,2.948223590850830078e+00
-9.019212722778320312e-01,1.504017472267150879e+00
2.286559104919433594e+00,8.370043039321899414e-01
1.134835004806518555e+00,2.154901742935180664e+00
3.363310575485229492e+00,2.088939905166625977e+00
-1.540516167879104614e-01,2.148172140121459961e+00
-5.801745653152465820e-01,2.456276893615722656e+00
-5.367057323455810547e-01,2.692998409271240234e+00
7.085269689559936523e-01,2.978362798690795898e+00
-1.076765894889831543e+00,1.731669545173645020e+00
2.131489664316177368e-01,1.569958925247192383e+00
-3.506056070327758789e-01,2.710716247558593750e+00
-3.774821758270263672e-01,1.827395558357238770e+00
2.455435752868652344e+00,2.937879800796508789e+00
-1.232029557228088379e+00,1.998888015747070312e+00
2.931912183761596680e+00,2.912847995758056641e+00
-4.807421267032623291e-01,3.072839736938476562e+00
1.999479293823242188e+00,3.101336717605590820e+00
1.804858326911926270e+00,2.079786777496337891e+00
-5.042760372161865234e-01,2.384227275848388672e+00
2.036332130432128906e+00,1.844758510589599609e+00
2.484289646148681641e+00,3.168077945709228516e+00
1.949480921030044556e-01,2.115104913711547852e+00
3.923152446746826172e+00,1.871889352798461914e+00
-5.793259143829345703e-01,1.979558110237121582e+00
3.453835725784301758e+00,2.616648674011230469e+00
3.484558105468750000e+00,1.362800359725952148e+00
-8.203188776969909668e-01,2.940459251403808594e+00
-4.917498826980590820e-01,1.756039619445800781e+00
-2.216694802045822144e-01,2.573265075683593750e+00
-5.921765565872192383e-01,2.466456890106201172e+00
1.344012141227722168e+00,1.031591057777404785e+00
2.934999942779541016e+00,3.674735784530639648e+00
9.350876808166503906e-01,2.254280745983123779e-01
-4.833109676837921143e-01,1.719950199127197266e+00
-6.292265653610229492e-01,2.672572433948516846e-01
2.174198865890502930e+00,2.634866476058959961e+00
7.082364708185195923e-02,1.706687569618225098e+00
-5.618903040885925293e-01,1.430987000465393066e+00
1.480068087577819824e+00,2.069155693054199219e+00
7.372994422912597656e-01,2.314288377761840820e+00
9.200989603996276855e-01,2.774592399597167969e+00
2.946742534637451172e+00,3.101953744888305664e+00
-1.388946622610092163e-01,1.349292635917663574e+00
2.212076902389526367e+00,3.804018735885620117e+00
1.943810105323791504e+00,1.858151078224182129e+00
2.948517560958862305e+00,3.067671298980712891e+00
2.723271369934082031e+00,2.894690990447998047e+00
1.264282464981079102e+00,2.765361070632934570e+00
5.520339012145996094e-01,2.455479621887207031e+00
2.459528446197509766e+00,3.268161296844482422e+00
7.829779982566833496e-01,2.809274673461914062e+00
8.703688979148864746e-01,5.804336071014404297e-01
-6.675106883049011230e-01,2.873980283737182617e+00
-7.077785581350326538e-02,1.852948904037475586e+00
-3.189279511570930481e-02,3.186902999877929688e+00
9.344740509986877441e-01,1.456300377845764160e+00
1.108453392982482910e+00,2.659057617187500000e+00
1.279431223869323730e+00,1.824093937873840332e+00
-2.475254982709884644e-01,2.634226322174072266e+00
-1.227640271186828613e+00,2.057265281677246094e+00
1.013962864875793457e+00,3.733051300048828125e+00
-1.105015158653259277e+00,2.287896633148193359e+00
1.791922807693481445e+00,1.861860275268554688e+00
-3.091289475560188293e-02,1.672759175300598145e+00
2.269080400466918945e+00,2.949523210525512695e+00
-1.836257725954055786e-01,1.658657670021057129e+00
7.817218899726867676e-01,3.612932920455932617e+00
2.809093713760375977e+00,1.882529973983764648e+00
1.546993613243103027e+00,2.867983102798461914e+00
-1.772313565015792847e-01,1.346258044242858887e+00
8.363781571388244629e-01,1.932135939598083496e+00
1.045642375946044922e+00,2.964940309524536133e+00
-3.432031869888305664e-01,2.540534019470214844e+00
5.961152911186218262e-01,3.215005159378051758e+00
1.420890450477600098e+00,3.965600967407226562e+00
4.582558572292327881e-01,2.097958564758300781e+00
6.240189075469970703e-01,1.868282914161682129e+00
3.532139062881469727e+00,2.707713603973388672e+00
7.507681846618652344e-01,2.843827486038208008e+00
2.588510513305664062e+00,2.977695226669311523e+00
7.902739644050598145e-01,3.244485855102539062e+00
2.916264772415161133e+00,2.543144702911376953e+00
-8.758676648139953613e-01,1.867661714553833008e+00
3.169823646545410156e+00,3.020114421844482422e+00
-7.028350234031677246e-01,2.917875289916992188e+00
5.624579787254333496e-01,9.454268813133239746e-01
3.141020774841308594e+00,3.401434659957885742e+00
-7.710688710212707520e-01,1.826686024665832520e+00
6.072148084640502930e-01,2.516874790191650391e+00
2.330625534057617188e+00,2.725220680236816406e+00
-1.181122884154319763e-01,2.858178853988647461e+00
-3.932879269123077393e-01,1.235605716705322266e+00
4.457612037658691406e-01,3.411785840988159180e+00
-4.352876543998718262e-01,1.527066826820373535e+00
1.031942844390869141e+00,2.026651859283447266e+00
3.122129738330841064e-01,1.998719573020935059e+00
2.980044841766357422e+00,2.179148435592651367e+00
1.714865088462829590e+00,2.858852624893188477e+00
2.300683498382568359e+00,2.835259914398193359e+00
4.287010431289672852e-01,3.662604570388793945e+00
8.655385375022888184e-01,2.841027498245239258e+00
-4.902913048863410950e-02,3.059635162353515625e+00
1.716213941574096680e+00,2.509746551513671875e-01
1.026271343231201172e+00,2.603462219238281250e+00
-5.679627060890197754e-01,2.145457983016967773e+00
9.493317604064941406e-01,2.284326791763305664e+00
1.574645563960075378e-02,1.388595700263977051e+00
2.623210668563842773e+00,3.047291755676269531e+00
3.750867247581481934e-01,2.799142837524414062e+00
2.380824804306030273e+00,3.436926364898681641e+00
5.553912520408630371e-01,2.737368822097778320e+00
9.027774930000305176e-01,1.504814386367797852e+00
1.837691664695739746e+00,2.553766489028930664e+00
6.108632087707519531e-01,2.296455860137939453e+00
1.494408845901489258e+00,1.625164508819580078e+00
1.352849602699279785e+00,1.573150753974914551e+00
7.938711643218994141e-01,3.329334259033203125e+00
1.074742197990417480e+00,2.843095064163208008e+00
1.822804361581802368e-01,2.307909250259399414e+00
1.423832535743713379e+00,9.821140170097351074e-01
1.604828953742980957e+00,2.742361783981323242e+00
-6.250228285789489746e-01,1.334841609001159668e+00
2.771709918975830078e+00,2.948054552078247070e+00
3.987708687782287598e-01,2.949187517166137695e+00
1.399289250373840332e+00,2.646128654479980469e+00
8.277549147605895996e-01,8.288907408714294434e-01
-3.718191981315612793e-01,2.914600372314453125e+00
1.060543179512023926e+00,2.503676414489746094e+00
-2.086638361215591431e-01,1.721413254737854004e+00
5.174775123596191406e-01,3.637667417526245117e+00
-5.532598495483398438e-01,2.382600784301757812e+00
1.687392354011535645e+00,3.453669548034667969e-01
-5.771754384040832520e-01,7.402130961418151855e-01
3.390556573867797852e-01,2.276735305786132812e+00
-4.790728092193603516e-01,1.153336524963378906e+00
3.581111431121826172e-01,3.162520408630371094e+00
1.530223250389099121e+00,1.911894083023071289e+00
-2.223666384816169739e-02,2.685805797576904297e+00
3.065065383911132812e+00,3.106858253479003906e+00
5.758356451988220215e-01,2.099339962005615234e+00
2.067282438278198242e+00,1.510307312011718750e+00
9.228414297103881836e-01,2.491720914840698242e+00
1.569880366325378418e+00,1.187183737754821777e+00
-7.686127442866563797e-03,1.747732400894165039e+00
-1.507404208183288574e+00,1.574340462684631348e+00
1.303010106086730957e+00,2.502176284790039062e+00
1.633990645408630371e+00,2.758231401443481445e+00
1.909158587455749512e+00,2.453785419464111328e+00
1.695283532142639160e+00,2.372303009033203125e+00
1.096714735031127930e+00,1.786747097969055176e+00
2.301445245742797852e+00,1.941015243530273438e+00
3.184404075145721436e-01,2.318315982818603516e+00
3.768319189548492432e-01,3.017718791961669922e+00
5.326290056109428406e-02,1.741802334785461426e+00
-2.520297467708587646e-01,2.746463060379028320e+00
2.545099496841430664e+00,1.533149361610412598e+00
2.191905498504638672e+00,3.621336936950683594e+00
2.242449760437011719e+00,2.721660852432250977e+00
-8.015438169240951538e-02,2.815424203872680664e+00
1.976009726524353027e+00,1.883997678756713867e+00
2.123677730560302734e+00,2.386013746261596680e+00
9.493811726570129395e-01,3.069732427597045898e+00
-8.271212577819824219e-01,7.133647799491882324e-01
5.132039785385131836e-01,2.043802976608276367e+00
7.227706909179687500e-01,1.586458802223205566e+00
1.019786238670349121e+00,2.569297790527343750e+00
2.423709392547607422e+00,2.494964838027954102e+00
3.592793941497802734e-01,2.276751518249511719e+00
1.610014587640762329e-01,2.399553060531616211e+00
-5.284867882728576660e-01,1.418407082557678223e+00
2.523389816284179688e+00,3.225835800170898438e+00
2.201642751693725586e+00,2.053969383239746094e+00
8.639820218086242676e-01,2.591616868972778320e+00
1.304248213768005371e+00,3.002454042434692383e+00
2.688485622406005859e+00,2.053805828094482422e+00
-3.198081254959106445e-01,2.395182371139526367e+00
-3.050014972686767578e-01,1.888861179351806641e+00
-8.148681372404098511e-02,2.108572006225585938e+00
-5.210327506065368652e-01,1.496868252754211426e+00
1.742868900299072266e+00,1.929564356803894043e+00
2.943837642669677734e+00,2.871569395065307617e+00
2.914346218109130859e+00,2.660622596740722656e+00
1.448443055152893066e+00,2.146452188491821289e+00
4.782741069793701172e-01,2.291968345642089844e+00
2.546324491500854492e+00,1.470100760459899902e+00
1.402941703796386719e+00,2.192672014236450195e+00
-2.883355617523193359e-01,1.739322781562805176e+00
7.147514224052429199e-01,2.226531267166137695e+00
9.149966835975646973e-01,3.462638378143310547e+00
2.423214435577392578e+00,1.972456336021423340e+00
2.555457875132560730e-02,2.880138158798217773e+00
-6.849436759948730469e-01,9.314572811126708984e-01
1.242106080055236816e+00,2.754580020904541016e+00
2.286287307739257812e+00,1.461305260658264160e+00
1.979789376258850098e+00,1.703468561172485352e+00
-8.331891894340515137e-01,2.086204528808593750e+00
1.962664961814880371e+00,2.359413385391235352e+00
2.245805263519287109e+00,3.443010807037353516e+00
-3.227071464061737061e-01,2.316323995590209961e+00
-4.955979883670806885e-01,2.112614154815673828e+00
3.395303249359130859e+00,2.893447160720825195e+00
-4.425356388092041016e-01,2.247702121734619141e+00
-5.689840316772460938e-01,3.165173292160034180e+00
-1.728912472724914551e+00,1.410896539688110352e+00
6.668435931205749512e-01,2.429021358489990234e+00
1.102091908454895020e+00,3.020282745361328125e+00
4.204331636428833008e-01,9.934368729591369629e-01
3.558645844459533691e-01,2.673504114151000977e+00
3.346444070339202881e-01,1.816687226295471191e+00
1.713453531265258789e+00,1.999375104904174805e+00
4.605391025543212891e-01,9.019649624824523926e-01
1.038844704627990723e+00,3.611205577850341797e+00
9.694481641054153442e-02,2.695252895355224609e+00
-3.079019784927368164e-01,2.727850914001464844e+00
5.409632250666618347e-02,1.560715198516845703e+00
3.771840333938598633e-01,1.878412127494812012e+00
-3.522809743881225586e-01,1.435146570205688477e+00
1.176792025566101074e+00,2.472747802734375000e+00
2.159298419952392578e+00,2.038022518157958984e+00
1.487495303153991699e+00,2.930656433105468750e+00
-6.093398928642272949e-01,2.375567913055419922e+00
1.105660557746887207e+00,2.056435823440551758e+00
5.354398488998413086e-01,2.144104480743408203e+00
2.930111289024353027e-01,1.830834031105041504e+00
2.180435180664062500e+00,3.594401597976684570e+00
3.186048984527587891e+00,2.895015001296997070e+00
8.286694884300231934e-01,2.277613162994384766e+00
7.069687247276306152e-01,2.029267311096191406e+00
9.813147783279418945e-01,1.419995903968811035e+00
1.579441547393798828e+00,1.261124253273010254e+00
3.068182468414306641e+00,2.761645317077636719e+00
8.185701966285705566e-01,1.519893646240234375e+00
2.090405702590942383e+00,2.864615440368652344e+00
1.993765473365783691e+00,3.097506284713745117e+00
-1.373959332704544067e-01,2.166302680969238281e+00
-3.329440951347351074e-01,2.457311153411865234e+00
1.088876962661743164e+00,1.854594349861145020e+00
-4.186920523643493652e-01,2.270796298980712891e+00
2.357932925224304199e-01,2.669372797012329102e+00
-4.989587143063545227e-02,2.089381217956542969e+00
-9.796648472547531128e-02,1.907858133316040039e+00
-4.943391680717468262e-01,2.471823453903198242e+00
5.359534621238708496e-01,2.565909385681152344e+00
8.226627707481384277e-01,8.636409044265747070e-02
5.485405325889587402e-01,1.676927447319030762e+00
1.909485697746276855e+00,2.459573984146118164e+00
-2.391811087727546692e-02,2.739166259765625000e+00
1.258187890052795410e+00,1.185476660728454590e+00
2.375940799713134766e+00,2.476877689361572266e+00
2.611157894134521484e+00,3.343597173690795898e+00
1.397199273109436035e+00,1.786000728607177734e+00
1.007001280784606934e+00,2.949290275573730469e+00
2.365384817123413086e+00,2.313905239105224609e+00
-1.029171869158744812e-01,1.420257925987243652e+00
1.132174015045166016e+00,1.839265942573547363e+00
-1.354298442602157593e-01,2.294480323791503906e+00
2.771227598190307617e+00,2.697770595550537109e+00
6.414985060691833496e-01,2.270792484283447266e+00
2.786114215850830078e-01,1.219589829444885254e+00
2.858199119567871094e+00,2.923906326293945312e+00
7.173728346824645996e-01,1.911772608757019043e+00
-8.669054508209228516e-01,3.282561063766479492e+00
3.747916460037231445e+00,2.708086967468261719e+00
1.955289483070373535e+00,2.332238197326660156e+00
-3.104223012924194336e-01,3.020048141479492188e+00
1.103644013404846191e+00,2.513677597045898438e+00
4.194670319557189941e-01,3.032743453979492188e+00
8.119199872016906738e-01,3.198760271072387695e+00
1.798169970512390137e+00,1.181276917457580566e+00
1.669336199760437012e+00,2.882702827453613281e+00
-4.350227415561676025e-01,1.122159361839294434e+00
-1.265261650085449219e+00,1.443654537200927734e+00
9.235421419143676758e-01,3.863923788070678711e+00
-3.123017027974128723e-02,3.855993747711181641e+00
1.262446761131286621e+00,3.024641036987304688e+00
2.118239402770996094e+00,4.143930435180664062e+00
3.304352760314941406e+00,2.618645191192626953e+00
1.705264210700988770e+00,1.935034155845642090e+00
1.224415421485900879e+00,1.623227000236511230e+00
2.824079751968383789e+00,3.020025253295898438e+00
2.405752897262573242e+00,3.073519468307495117e+00
-2.487737983465194702e-01,1.560306906700134277e+00
1.295811176300048828e+00,3.029702425003051758e+00
1.934925675392150879e+00,1.552746891975402832e+00
1.284430742263793945e+00,2.129042863845825195e+00
1.209120154380798340e+00,2.929161548614501953e+00
-1.506271481513977051e+00,1.263754963874816895e+00
2.499647855758666992e+00,2.863692283630371094e+00
1.081492185592651367e+00,1.564159274101257324e+00
3.384401321411132812e+00,2.862965583801269531e+00
5.394513010978698730e-01,2.571960926055908203e+00
2.890212059020996094e+00,3.372311115264892578e+00
1.300655126571655273e+00,3.466795682907104492e+00
9.223402142524719238e-01,3.195831775665283203e+00
8.498582988977432251e-02,2.173875570297241211e+00
2.949195861816406250e+00,2.058579206466674805e+00
8.591693639755249023e-01,1.904767513275146484e+00
-7.815591096878051758e-01,2.421719789505004883e+00
8.800048828125000000e-01,2.421515941619873047e+00
-5.720387101173400879e-01,1.423789143562316895e+00
-4.325253367424011230e-01,2.094560384750366211e+00
2.506002902984619141e+00,3.211465358734130859e+00
1.615460872650146484e+00,1.977822661399841309e+00
1.314894676208496094e+00,2.553573608398437500e+00
-2.028181999921798706e-01,1.967996716499328613e+00
-2.697205245494842529e-01,2.095049858093261719e+00
-3.836002349853515625e-01,3.022839546203613281e+00
-1.175040230154991150e-01,1.594769358634948730e+00
-7.257863879203796387e-01,2.233814239501953125e+00
1.024050354957580566e+00,2.154552698135375977e+00
1.857859045267105103e-01,2.368162631988525391e+00
2.084659099578857422e+00,2.567240953445434570e+00
9.647934436798095703e-01,2.780921220779418945e+00
-8.749424815177917480e-01,1.908197760581970215e+00
-6.525710225105285645e-01,2.401027441024780273e+00
1.335526943206787109e+00,2.335916757583618164e+00
3.040695667266845703e+00,2.908707380294799805e+00
-6.220833659172058105e-01,2.563587188720703125e+00
-7.137709856033325195e-01,1.115642070770263672e+00
8.246655017137527466e-02,2.158586502075195312e+00
1.037992358207702637e+00,3.692327976226806641e+00
2.377718210220336914e+00,2.716167211532592773e+00
2.992051124572753906e+00,3.288845062255859375e+00
1.710696339607238770e+00,1.635399460792541504e+00
1.283568024635314941e+00,2.295781373977661133e+00
2.084672451019287109e+00,1.496925234794616699e+00
-8.054407238960266113e-01,1.729484915733337402e+00
-6.601740717887878418e-01,1.205149769783020020e+00
1.461518645286560059e+00,9.272741079330444336e-01
-4.807900404557585716e-04,2.052798271179199219e+00
1.012654379010200500e-01,2.988966464996337891e+00
1.376970261335372925e-01,2.399300098419189453e+00
1.940862655639648438e+00,2.660475254058837891e+00
2.050065517425537109e+00,2.815195798873901367e+00
-3.044280409812927246e-01,2.321962833404541016e+00
1.580804467201232910e+00,1.905477523803710938e+00
4.694800972938537598e-01,2.581549167633056641e+00
5.068326592445373535e-01,1.940561652183532715e+00
2.119801282882690430e+00,2.928349256515502930e+00
1.287598013877868652e+00,1.953927636146545410e+00
2.175581216812133789e+00,1.911524772644042969e+00
1.425137877464294434e+00,1.999232172966003418e+00
-7.055595517158508301e-01,1.413722395896911621e+00
1.603391528129577637e+00,7.321942448616027832e-01
-4.475933313369750977e-01,1.214383006095886230e+00
1.624888539314270020e+00,2.831371784210205078e+00
2.997680902481079102e+00,3.057511568069458008e+00
-4.512232542037963867e-01,1.228707909584045410e+00
1.091695666313171387e+00,2.301338434219360352e+00
2.192156791687011719e+00,3.620620250701904297e+00
1.371041893959045410e+00,1.697622179985046387e+00
1.391068339347839355e+00,8.131113052368164062e-01
-6.279858946800231934e-01,3.001860141754150391e+00
1.878156661987304688e+00,2.315581321716308594e+00
-9.553130865097045898e-01,1.989623308181762695e+00
1.299836277961730957e+00,2.856238603591918945e+00
1.595433831214904785e+00,3.151242733001708984e+00
-2.537966966629028320e-01,2.628830432891845703e+00
4.095509052276611328e-01,2.071540594100952148e+00
-9.794644117355346680e-01,1.571331620216369629e+00
1.741931438446044922e+00,1.747792601585388184e+00
-5.928635001182556152e-01,3.072230100631713867e+00
2.515951395034790039e+00,1.920593738555908203e+00
2.653565406799316406e-01,1.925543069839477539e+00
4.861210286617279053e-01,1.424859642982482910e+00
-2.034832909703254700e-02,1.847031235694885254e+00
2.587212622165679932e-01,2.462867736816406250e+00
-3.883464932441711426e-01,3.072608709335327148e+00
-5.589809417724609375e-01,1.426067590713500977e+00
1.512591391801834106e-01,2.303427696228027344e+00
7.748726755380630493e-02,1.667805552482604980e+00
6.830994486808776855e-01,3.102727413177490234e+00
-6.404057145118713379e-01,2.022951126098632812e+00
1.241430282592773438e+00,1.894851088523864746e+00
-9.661250710487365723e-01,1.830011963844299316e+00
1.201882719993591309e+00,2.865718364715576172e+00
-7.057031393051147461e-01,2.494437694549560547e+00
1.904787421226501465e+00,2.597383737564086914e+00
1.037494018673896790e-01,1.601824879646301270e+00
3.035541057586669922e+00,2.694977283477783203e+00
-6.536806821823120117e-01,2.248723983764648438e+00
1.737688660621643066e+00,2.736166477203369141e+00
9.580054879188537598e-01,1.591996669769287109e+00
-2.311248481273651123e-01,2.604666709899902344e+00
1.892260834574699402e-02,8.760683536529541016e-01
2.879698276519775391e+00,9.950268864631652832e-01
2.752028226852416992e+00,3.600459098815917969e+00
3.337845802307128906e+00,3.145208358764648438e+00
2.802297592163085938e+00,2.745595455169677734e+00
1.260868906974792480e+00,1.897002577781677246e+00
1.363146901130676270e+00,1.560155987739562988e+00
-6.485113501548767090e-01,1.212158083915710449e+00
8.601281791925430298e-02,2.474209547042846680e+00
-9.472008943557739258e-01,2.259300708770751953e+00
1.287303328514099121e+00,3.447538375854492188e+00
2.085887432098388672e+00,2.680618047714233398e+00
2.502769470214843750e+00,2.405722141265869141e+00
1.160350561141967773e+00,2.612673759460449219e+00
1.440780878067016602e+00,1.767167747020721436e-01
5.754907131195068359e-01,2.365262031555175781e+00
1.212170794606208801e-01,1.624981760978698730e+00
-1.972258836030960083e-01,2.003413915634155273e+00
1.011806502938270569e-01,1.862625718116760254e+00
6.503502279520034790e-02,3.249919414520263672e+00
2.354891777038574219e+00,2.347177505493164062e+00
3.561387538909912109e+00,2.878474712371826172e+00
1.813977807760238647e-01,2.119560480117797852e+00
3.286830425262451172e+00,2.268569231033325195e+00
4.583442211151123047e-01,1.715472817420959473e+00
1.151807546615600586e+00,1.446239590644836426e+00
3.452938318252563477e+00,2.369506120681762695e+00
7.034848332405090332e-01,2.965522766113281250e+00
-2.547536492347717285e-01,2.723882913589477539e+00
2.046095848083496094e+00,2.410601615905761719e+00
5.169791579246520996e-01,2.331219434738159180e+00
2.363420009613037109e+00,1.866730570793151855e+00
3.224894762039184570e+00,3.201148748397827148e+00
-4.227306246757507324e-01,2.687827110290527344e+00
-8.504203557968139648e-01,4.465155303478240967e-01
1.886283516883850098e+00,1.761153459548950195e+00
1.640126824378967285e+00,2.289870262145996094e+00
1.540112048387527466e-01,2.097735404968261719e+00
-1.291178613901138306e-01,1.721793889999389648e+00
-7.291948199272155762e-01,1.756820201873779297e+00
-9.929900765419006348e-01,2.073090314865112305e+00
1.955254912376403809e+00,1.962041020393371582e+00
-1.085148930549621582e+00,1.157561063766479492e+00
-5.230977535247802734e-01,1.631863713264465332e+00
1.801676034927368164e+00,1.835257053375244141e+00
2.890122890472412109e+00,2.247684240341186523e+00
2.059188365936279297e+00,2.089992046356201172e+00
7.931005358695983887e-01,1.893741369247436523e+00
-5.150076150894165039e-01,2.413926601409912109e+00
-3.964880704879760742e-01,1.654647111892700195e+00
4.702857732772827148e-01,3.052287101745605469e+00
1.575558066368103027e+00,1.532240986824035645e+00
-1.480522602796554565e-01,2.571564674377441406e+00
2.190057188272476196e-01,1.362662672996520996e+00
3.594039678573608398e-01,1.407572507858276367e+00
1.137189030647277832e+00,2.112122058868408203e+00
1.423497796058654785e+00,1.211170315742492676e+00
-2.433564811944961548e-01,1.814678072929382324e+00
1.077112436294555664e+00,3.872675895690917969e+00
6.959338784217834473e-01,3.037331342697143555e+00
1.768284201622009277e+00,2.033941745758056641e+00
1.234975457191467285e+00,2.699869632720947266e+00
4.173696339130401611e-01,2.098249912261962891e+00
9.609846472740173340e-01,1.947398900985717773e+00
-5.777399539947509766e-01,1.390215277671813965e+00
1.739765524864196777e+00,3.286972045898437500e+00
9.880247712135314941e-01,2.707728385925292969e+00
3.443185687065124512e-01,-3.357488811016082764e-01
-7.043758630752563477e-01,8.010303974151611328e-01
9.651854634284973145e-01,2.822189092636108398e+00
-6.786926388740539551e-01,1.992864489555358887e+00
1.541032671928405762e+00,2.301224946975708008e+00
9.317323565483093262e-01,3.333786487579345703e+00
2.909032821655273438e+00,2.830107450485229492e+00
7.376328706741333008e-01,3.212918281555175781e+00
4.462983906269073486e-01,3.585631847381591797e+00
1.213162660598754883e+00,9.541402459144592285e-01
6.801453232765197754e-01,2.614892482757568359e+00
1.826877117156982422e+00,3.558475017547607422e+00
2.456073045730590820e+00,2.831994056701660156e+00
8.301562070846557617e-01,1.978243589401245117e+00
7.995849251747131348e-01,1.935710549354553223e+00
-8.718938827514648438e-01,2.268047094345092773e+00
4.671440646052360535e-02,1.789597034454345703e+00
-8.628825545310974121e-01,1.834090948104858398e+00
3.790830671787261963e-01,2.010797739028930664e+00
1.007396101951599121e+00,2.933933734893798828e+00
3.147149324417114258e+00,3.139481544494628906e+00
8.354426175355911255e-02,3.833062171936035156e+00
2.667239308357238770e-01,2.555101871490478516e+00
4.317188262939453125e-01,1.743618130683898926e+00
-4.411901235580444336e-01,2.376033782958984375e+00
2.874432206153869629e-01,2.010457992553710938e+00
2.105479717254638672e+00,2.126369476318359375e+00
2.377710342407226562e-01,1.994836330413818359e+00
-3.995923995971679688e-01,3.334885835647583008e+00
-6.626781225204467773e-01,2.700807332992553711e+00
2.200374603271484375e+00,2.632010459899902344e+00
2.118306159973144531e+00,3.111259460449218750e+00
1.417895913124084473e+00,2.379801750183105469e+00
4.330350458621978760e-01,1.933407664299011230e+00
-7.534896582365036011e-02,2.542633533477783203e+00
2.173552989959716797e+00,2.601546287536621094e+00
-5.629208683967590332e-01,1.309128642082214355e+00
9.809086322784423828e-01,3.013426542282104492e+00
-3.321608901023864746e-01,8.156015276908874512e-01
1.933768630027770996e+00,2.175447702407836914e+00
9.310104846954345703e-01,2.691752910614013672e+00
-8.083322644233703613e-01,3.032709598541259766e+00
7.383416872471570969e-03,1.955115199089050293e+00
8.329803347587585449e-01,2.240137100219726562e+00
-9.613841027021408081e-02,1.905807137489318848e+00
6.643190979957580566e-01,3.360816955566406250e+00
-1.002324342727661133e+00,2.333538055419921875e+00
-8.903924822807312012e-01,2.360604524612426758e+00
1.441723555326461792e-01,3.420142650604248047e+00
-1.153144955635070801e+00,2.002689838409423828e+00
3.214974164962768555e+00,2.704952955245971680e+00
3.031878948211669922e+00,1.901991963386535645e+00
-3.420062661170959473e-01,2.597316503524780273e+00
3.122924804687500000e+00,2.044636487960815430e+00
8.686775565147399902e-01,3.285888195037841797e+00
1.615817993879318237e-01,1.446841835975646973e+00
7.370116114616394043e-01,2.347157716751098633e+00
2.375320196151733398e+00,3.407907009124755859e+00
6.589266657829284668e-01,2.729917526245117188e+00
2.229008674621582031e+00,2.999742746353149414e+00
2.487574577331542969e+00,3.477447032928466797e+00
1.196125626564025879e+00,1.617471694946289062e+00
-3.473856151103973389e-01,2.246003627777099609e+00
-2.116797119379043579e-01,1.356462717056274414e+00
6.687895059585571289e-01,2.978453874588012695e+00
7.856834679841995239e-02,1.933404088020324707e+00
1.186676144599914551e+00,3.056433439254760742e+00
2.282717943191528320e+00,2.637954235076904297e+00
1.885539770126342773e+00,3.020725727081298828e+00
2.430349349975585938e+00,2.815600395202636719e+00
-2.167589217424392700e-01,2.511536121368408203e+00
1.047884821891784668e+00,2.830510139465332031e+00
-8.663917183876037598e-01,2.999496221542358398e+00
1.076036214828491211e+00,1.691511631011962891e+00
2.057816028594970703e+00,1.990522146224975586e+00
2.182827949523925781e+00,2.871711015701293945e+00
-9.468024373054504395e-01,1.628844499588012695e+00
7.898686528205871582e-01,2.109807491302490234e+00
1.865730404853820801e+00,1.948217034339904785e+00
-2.978425323963165283e-01,1.818653941154479980e+00
-3.254661560058593750e-01,2.708193063735961914e+00
4.006684944033622742e-02,1.910579800605773926e+00
2.096133381128311157e-01,1.443251967430114746e+00
9.931904673576354980e-01,1.498759627342224121e+00
-1.112276196479797363e+00,1.404826402664184570e+00
-8.191221207380294800e-02,1.800538182258605957e+00
2.212535619735717773e+00,1.662513494491577148e+00
-8.214285224676132202e-02,2.921599388122558594e+00
1.311655759811401367e+00,2.140727996826171875e+00
1.751256346702575684e+00,2.226733922958374023e+00
2.451155424118041992e+00,3.557360410690307617e+00
-1.415830969810485840e+00,1.322426080703735352e+00
-1.030166372656822205e-01,2.544196367263793945e+00
-4.227145314216613770e-01,1.965785980224609375e+00
2.459951877593994141e+00,3.232026576995849609e+00
2.383386135101318359e+00,2.825787544250488281e+00
2.764065742492675781e+00,3.421548128128051758e+00
-2.710256576538085938e-01,2.123513221740722656e+00
-1.011277675628662109e+00,1.128973960876464844e+00
-3.839677870273590088e-01,1.447625279426574707e+00
-9.508560895919799805e-01,1.326826930046081543e+00
3.654772758483886719e+00,2.358452320098876953e+00
3.113351345062255859e+00,2.023079395294189453e+00
9.194605350494384766e-01,3.082435846328735352e+00
8.057451248168945312e-01,2.800783634185791016e+00
9.265363961458206177e-02,1.789090991020202637e+00
1.108545660972595215e+00,1.671391963958740234e+00
1.734051465988159180e+00,2.841824769973754883e+00
-1.465653032064437866e-01,1.914017915725708008e+00
-3.858001828193664551e-01,2.840299129486083984e+00
8.862506598234176636e-03,3.435354948043823242e+00
1.109993577003479004e+00,3.353618621826171875e+00
1.324430704116821289e+00,2.218150138854980469e+00
-4.811116755008697510e-01,2.540339946746826172e+00
1.795163273811340332e+00,1.874319434165954590e+00
6.518985033035278320e-01,2.793095350265502930e+00
1.252468347549438477e+00,2.433345794677734375e+00
1.926783442497253418e+00,4.028564095497131348e-01
1.445383906364440918e+00,2.990949392318725586e+00
2.529585838317871094e+00,2.447927951812744141e+00
1.067426681518554688e+00,2.524428844451904297e+00
5.584695935249328613e-01,1.711557030677795410e+00
3.752146661281585693e-01,2.512996196746826172e+00
1.564254641532897949e+00,1.209703803062438965e+00
-1.030761227011680603e-01,2.130472421646118164e+00
-7.883271574974060059e-01,1.008845567703247070e+00
-3.010189533233642578e-01,2.212226152420043945e+00
-4.598949849605560303e-01,1.542459130287170410e+00
-1.472437828779220581e-01,3.302726745605468750e+00
-2.820572853088378906e-01,2.097190856933593750e+00
-3.398251235485076904e-01,1.679645657539367676e+00
-1.548020392656326294e-01,3.142931461334228516e+00
2.574898719787597656e+00,3.043823957443237305e+00
-1.116992592811584473e+00,2.150466918945312500e+00
-5.558781698346138000e-02,2.273704528808593750e+00
4.819915294647216797e-01,3.379487276077270508e+00
-8.252230882644653320e-01,1.846695780754089355e+00
2.763549327850341797e+00,2.841712713241577148e+00
-5.037280917167663574e-01,2.416406631469726562e+00
3.067960262298583984e+00,3.048339605331420898e+00
-1.589249223470687866e-01,1.894400238990783691e+00
6.140779852867126465e-01,1.808951020240783691e+00
7.748445272445678711e-01,2.714915990829467773e+00
2.962738990783691406e+00,3.184794425964355469e+00
-4.379223585128784180e-01,1.386702179908752441e+00
2.407808303833007812e+00,2.260505676269531250e+00
2.422019243240356445e+00,2.741479635238647461e+00
5.301057100296020508e-01,2.665815591812133789e+00
6.579547524452209473e-01,6.582680344581604004e-01
1.422972202301025391e+00,2.401225090026855469e+00
1.531321883201599121e+00,2.240729331970214844e+00
-7.154722232371568680e-03,3.303000926971435547e+00
4.089387893676757812e+00,2.226603269577026367e+00
-3.352946043014526367e-01,2.751360893249511719e+00
-5.866436362266540527e-01,1.773595690727233887e+00
1.086525082588195801e+00,2.055780649185180664e+00
1.736365437507629395e+00,2.874254941940307617e+00
1.273404717445373535e+00,1.949951291084289551e+00
-7.427380681037902832e-01,1.592072844505310059e+00
2.535202980041503906e+00,2.569162845611572266e+00
1.487143516540527344e+00,2.628646612167358398e+00
1.791617870330810547e+00,2.015989780426025391e+00
1.132709860801696777e+00,2.244666576385498047e+00
2.977136895060539246e-02,2.264961719512939453e+00
2.323026895523071289e+00,3.146991491317749023e+00
-7.111707329750061035e-01,1.859922409057617188e+00
-9.021891355514526367e-01,4.641131758689880371e-01
2.078388780355453491e-01,2.318878650665283203e+00
-9.679976701736450195e-01,1.577958703041076660e+00
-2.458796352148056030e-01,1.821767687797546387e+00
-1.211857438087463379e+00,1.812538266181945801e+00
-6.855991482734680176e-01,1.836460590362548828e+00
-1.153376922011375427e-01,2.716254711151123047e+00
2.938376665115356445e+00,3.045676231384277344e+00
1.522747039794921875e+00,3.048815488815307617e+00
9.460622817277908325e-02,1.735520482063293457e+00
2.851833820343017578e+00,2.210371017456054688e+00
1.985050082206726074e+00,1.904159665107727051e+00
-3.907939493656158447e-01,1.636883974075317383e+00
2.078164100646972656e+00,2.222476482391357422e+00
-1.012062191963195801e+00,1.539304375648498535e+00
7.375705242156982422e-01,1.463243603706359863e+00
2.237458705902099609e+00,2.080940485000610352e+00
-5.420444607734680176e-01,1.418129920959472656e+00
3.611264824867248535e-01,3.251385688781738281e+00
1.764104247093200684e+00,2.718136310577392578e+00
-1.473030000925064087e-01,1.627794861793518066e+00
2.723986148834228516e+00,3.705598831176757812e+00
3.498267233371734619e-01,1.684546232223510742e+00
5.043321251869201660e-01,3.870894432067871094e+00
-7.610992789268493652e-01,2.492434501647949219e+00
2.153180599212646484e+00,2.330032825469970703e+00
1.128394246101379395e+00,2.894911527633666992e+00
1.516381382942199707e+00,1.745871424674987793e+00
1.182338073849678040e-01,1.275698304176330566e+00
3.077600002288818359e+00,2.717519521713256836e+00
1.887588381767272949e+00,2.219567775726318359e+00
-6.516814827919006348e-01,1.996115803718566895e+00
1.427331566810607910e+00,1.934368371963500977e+00
2.179309844970703125e+00,3.796646833419799805e+00
6.763473898172378540e-02,2.491020917892456055e+00
1.832357883453369141e+00,2.280858516693115234e+00
1.989701867103576660e+00,1.932702660560607910e+00
6.831485778093338013e-02,2.712321043014526367e+00
-1.032043933868408203e+00,1.916330337524414062e+00
1.206075787544250488e+00,2.624079227447509766e+00
1.618858098983764648e+00,1.840059757232666016e+00
1.375334978103637695e+00,2.569491624832153320e+00
2.225883245468139648e+00,2.407581806182861328e+00
5.776477456092834473e-01,2.480958223342895508e+00
2.883828401565551758e+00,3.628796100616455078e+00
-4.948359727859497070e-01,2.176802158355712891e+00
1.042518377304077148e+00,2.903118133544921875e+00
1.359217047691345215e+00,2.344009160995483398e+00
-6.652880311012268066e-01,1.887228965759277344e+00
-2.129628136754035950e-02,2.012453794479370117e+00
-3.072869181632995605e-01,2.395447731018066406e+00
1.036285236477851868e-01,2.925107479095458984e+00
-5.536519289016723633e-01,1.505739331245422363e+00
4.540814757347106934e-01,3.182385444641113281e+00
2.871693134307861328e+00,2.728592395782470703e+00
1.990849494934082031e+00,3.067750692367553711e+00
2.174132317304611206e-01,2.577197551727294922e+00
-8.466008305549621582e-01,2.074911117553710938e+00
-2.104599177837371826e-01,3.054357767105102539e+00
2.437110900878906250e+00,8.900929093360900879e-01
3.904828786849975586e+00,1.451328635215759277e+00
8.179467320442199707e-01,3.120693683624267578e+00
3.371835470199584961e+00,2.932974815368652344e+00
-1.006711944937705994e-01,1.386930108070373535e+00
3.254458904266357422e-01,1.717346191406250000e+00
2.037345170974731445e+00,2.204544067382812500e+00
2.256084918975830078e+00,2.619537115097045898e+00
2.552533626556396484e+00,3.749341964721679688e+00
1.363450646400451660e+00,2.655241489410400391e+00
8.730124831199645996e-01,2.359200477600097656e+00
5.068275928497314453e-01,1.441621899604797363e+00
3.121930599212646484e+00,2.594031810760498047e+00
-1.854655295610427856e-01,2.294190883636474609e+00
2.890854597091674805e+00,1.978040099143981934e+00
9.757515192031860352e-01,1.745640873908996582e+00
9.846132248640060425e-03,1.443994522094726562e+00
2.329528570175170898e+00,3.456898689270019531e+00
-4.400358796119689941e-01,2.293802261352539062e+00
2.895972132682800293e-01,2.312069177627563477e+00
6.346700787544250488e-01,8.563231825828552246e-01
-4.466185271739959717e-01,9.564539790153503418e-01
-2.653240263462066650e-01,1.771751761436462402e+00
1.580616235733032227e+00,2.995625972747802734e+00
4.611403644084930420e-01,2.364055156707763672e+00
1.758895516395568848e+00,1.934966802597045898e+00
-5.124335885047912598e-01,2.515223979949951172e+00
-9.341220259666442871e-01,1.581416845321655273e+00
-5.151449441909790039e-01,2.201194763183593750e+00
8.449864983558654785e-01,2.607085227966308594e+00
1.838624238967895508e+00,2.677059888839721680e+00
7.768458127975463867e-01,5.421949625015258789e-01
-1.892652064561843872e-01,2.884265184402465820e+00
3.733515262603759766e+00,1.294073939323425293e+00
2.523656368255615234e+00,2.651030063629150391e+00
9.459365159273147583e-02,1.971438646316528320e+00
1.946896910667419434e+00,1.348392486572265625e+00
-2.888962626457214355e-01,2.214641809463500977e+00
-1.086520180106163025e-01,1.761900067329406738e+00
1.891807466745376587e-01,1.317432999610900879e+00
-5.955106616020202637e-01,2.125284910202026367e+00
-2.512441277503967285e-01,3.204985618591308594e+00
2.649008512496948242e+00,2.902540683746337891e+00
6.327417492866516113e-01,1.514678835868835449e+00
2.739844083786010742e+00,2.755903244018554688e+00
1.297125071287155151e-01,3.357633590698242188e+00
1.279204964637756348e+00,1.736472487449645996e+00
1.656674861907958984e+00,2.753036022186279297e+00
-1.631833165884017944e-01,1.658283591270446777e+00
9.028866887092590332e-01,2.934555053710937500e+00
2.711369991302490234e+00,2.873647928237915039e+00
2.776185989379882812e+00,3.483228206634521484e+00
