7.046194672584533691e-01,6.060257434844970703e+00
1.255929470062255859e+00,8.143818855285644531e+00
7.368849515914916992e-01,1.232930946350097656e+01
-7.506304383277893066e-01,8.454583287239074707e-01
8.240684866905212402e-01,9.190421104431152344e+00
1.219572424888610840e+00,1.122156810760498047e+01
1.165565729141235352e+00,9.242937088012695312e+00
-2.155011892318725586e-01,5.752988815307617188e+00
7.992736101150512695e-01,6.070105552673339844e+00
1.142583847045898438e+00,7.655189990997314453e+00
6.672070622444152832e-01,6.842501163482666016e+00
9.905367493629455566e-01,1.194598197937011719e+01
1.494677186012268066e+00,1.220988750457763672e+01
1.057675600051879883e+00,8.456022262573242188e+00
1.020885825157165527e+00,9.151818275451660156e+00
-1.023203730583190918e+00,1.161683678627014160e+00
1.590932011604309082e+00,1.044328880310058594e+01
-7.657297253608703613e-01,3.287332773208618164e+00
5.511235594749450684e-01,1.183443832397460938e+01
5.268788933753967285e-01,3.665016889572143555e+00
8.954859972000122070e-01,7.802801132202148438e+00
4.060968160629272461e-01,5.162104129791259766e+00
1.423064112663269043e+00,1.346769905090332031e+01
7.759252190589904785e-01,6.922195911407470703e+00
5.887779407203197479e-04,8.304097175598144531e+00
-4.385339021682739258e-01,3.955909013748168945e+00
4.199581146240234375e-01,1.042110347747802734e+01
5.103532671928405762e-01,5.909606456756591797e+00
8.531699180603027344e-01,7.216777801513671875e+00
-8.147127032279968262e-01,2.481320619583129883e+00
7.086356282234191895e-01,1.021288585662841797e+01
-6.193400621414184570e-01,3.078448772430419922e+00
-4.230787754058837891e-01,6.988454818725585938e+00
-2.996503114700317383e-01,5.772885322570800781e+00
-4.276862740516662598e-01,5.506724834442138672e+00
2.582169175148010254e-01,5.249213218688964844e+00
-1.507055386900901794e-02,4.007686138153076172e+00
-1.004513818770647049e-03,3.772238016128540039e+00
-2.930169105529785156e-01,4.072108268737792969e+00
9.142965078353881836e-02,3.831724882125854492e+00
8.234377503395080566e-01,7.003991127014160156e+00
9.181873202323913574e-01,1.195557117462158203e+01
9.799469113349914551e-01,6.281517505645751953e+00
4.667963087558746338e-01,6.175707817077636719e+00
-3.240850269794464111e-01,8.637076377868652344e+00
4.643275439739227295e-01,5.244207382202148438e+00
9.763534069061279297e-01,8.151354789733886719e+00
7.336109280586242676e-01,8.520571708679199219e+00
1.604788899421691895e+00,1.326824951171875000e+01
-2.167903184890747070e-01,3.402831032872200012e-02
1.596864461898803711e+00,1.036787414550781250e+01
1.456099510192871094e+00,9.866724967956542969e+00
-2.340608462691307068e-02,3.962612867355346680e+00
-1.523362994194030762e-01,2.435576677322387695e+00
1.248791098594665527e+00,1.125777053833007812e+01
1.131586432456970215e+00,9.019874572753906250e+00
3.195469379425048828e-01,6.763419151306152344e+00
1.169672846794128418e+00,7.180764198303222656e+00
-1.661279201507568359e-01,8.195113182067871094e+00
6.146767735481262207e-01,9.955163002014160156e+00
5.613743662834167480e-01,8.374429702758789062e+00
1.618286728858947754e+00,1.190295505523681641e+01
1.019089221954345703e+00,7.157624244689941406e+00
1.740260243415832520e+00,1.148039340972900391e+01
5.043305754661560059e-01,6.367085456848144531e+00
1.186030507087707520e+00,1.000772953033447266e+01
-7.811578512191772461e-01,5.296154975891113281e+00
4.546355009078979492e-01,8.746203422546386719e+00
8.240153193473815918e-01,5.777674674987792969e+00
5.217321515083312988e-01,5.637161254882812500e+00
1.692720353603363037e-01,6.763502120971679688e+00
6.819596886634826660e-01,1.026969909667968750e+01
7.503214478492736816e-01,8.911164283752441406e+00
-1.307911276817321777e-01,7.909847736358642578e+00
1.225033402442932129e+00,8.415735244750976562e+00
6.271116137504577637e-01,8.372698783874511719e+00
9.208657741546630859e-01,8.251738548278808594e+00
9.544765949249267578e-01,5.924560546875000000e+00
-6.950640678405761719e-02,8.503649711608886719e+00
7.436891794204711914e-01,8.988707542419433594e+00
1.523020863533020020e+00,1.127713108062744141e+01
1.101029813289642334e-01,8.199094772338867188e+00
4.315245524048805237e-02,3.990339994430541992e+00
-5.184524655342102051e-01,2.482552766799926758e+00
6.129874587059020996e-01,9.374315261840820312e+00
4.439718127250671387e-01,6.642583370208740234e+00
6.049639582633972168e-01,6.166175842285156250e+00
2.675986662507057190e-02,6.974739074707031250e+00
-5.885694622993469238e-01,3.419901847839355469e+00
1.527314901351928711e+00,1.243665599822998047e+01
-3.880248665809631348e-01,5.453138828277587891e+00
4.240812659263610840e-01,6.697226524353027344e+00
5.830077528953552246e-01,8.119541168212890625e+00
5.614792704582214355e-01,8.054821968078613281e+00
6.676101684570312500e-01,5.772073745727539062e+00
6.975213885307312012e-01,7.783877372741699219e+00
7.542063593864440918e-01,5.787632942199707031e+00
1.484173059463500977e+00,1.061911582946777344e+01
5.719876885414123535e-01,5.066114425659179688e+00
1.669211864471435547e+00,1.195818328857421875e+01
-5.146116614341735840e-01,4.292671203613281250e+00
1.290337204933166504e+00,1.214327335357666016e+01
8.394280076026916504e-01,9.913553237915039062e+00
7.769006490707397461e-02,5.571502208709716797e+00
1.318506598472595215e+00,1.026297664642333984e+01
-2.351855039596557617e-01,1.375293374061584473e+00
9.215134382247924805e-02,4.873072624206542969e+00
-4.466753602027893066e-01,8.859991431236267090e-01
3.918071985244750977e-01,3.974390745162963867e+00
6.387056112289428711e-01,7.667081356048583984e+00
1.994891464710235596e-01,6.079567909240722656e+00
-7.324391603469848633e-02,8.505955696105957031e+00
-3.668681383132934570e-01,5.175563335418701172e+00
-4.301292300224304199e-01,5.316540718078613281e+00
-6.670057177543640137e-01,1.958440661430358887e+00
1.063844203948974609e+00,8.453903198242187500e+00
3.078645467758178711e-01,7.445519924163818359e+00
5.881788730621337891e-01,6.703002452850341797e+00
4.867035523056983948e-02,7.123838424682617188e+00
-4.263876378536224365e-01,4.920609474182128906e+00
-6.971310973167419434e-01,4.195860385894775391e+00
6.934033632278442383e-01,7.007791996002197266e+00
-2.360107600688934326e-01,6.907177925109863281e+00
2.487080395221710205e-01,7.876410484313964844e+00
4.074505567550659180e-01,7.643505573272705078e+00
-6.273936629295349121e-01,5.666380882263183594e+00
1.105025529861450195e+00,8.907880783081054688e+00
6.024282574653625488e-01,7.769239902496337891e+00
1.666796088218688965e+00,1.389534759521484375e+01
1.225919842720031738e+00,7.928825378417968750e+00
9.073758125305175781e-02,7.010104179382324219e+00
-8.600127696990966797e-02,9.310903549194335938e+00
5.195671319961547852e-01,8.695324897766113281e+00
6.127231717109680176e-01,6.366571426391601562e+00
-3.860797882080078125e-01,2.459219217300415039e+00
4.870105981826782227e-01,6.737026214599609375e+00
5.185410976409912109e-01,4.830862045288085938e+00
-3.529234528541564941e-01,4.231150627136230469e+00
6.968042850494384766e-01,7.725874900817871094e+00
8.180924057960510254e-01,1.040266418457031250e+01
1.040284156799316406e+00,9.146692276000976562e+00
6.722871661186218262e-01,7.293838500976562500e+00
-2.739683687686920166e-01,6.212696075439453125e+00
8.135965466499328613e-01,9.717452049255371094e+00
1.209297180175781250e+00,7.632575035095214844e+00
6.184299588203430176e-01,5.715614795684814453e+00
6.242162585258483887e-01,5.790782928466796875e+00
1.162996888160705566e+00,9.164664268493652344e+00
4.519929289817810059e-01,9.195525169372558594e+00
7.196503281593322754e-01,8.591250419616699219e+00
7.212420701980590820e-01,9.522482872009277344e+00
1.209972858428955078e+00,1.010475254058837891e+01
1.476363897323608398e+00,1.208330917358398438e+01
-4.775732383131980896e-02,7.029804706573486328e+00
6.170213818550109863e-01,6.475750923156738281e+00
-7.585604786872863770e-01,2.518285274505615234e+00
2.009465396404266357e-01,4.706372261047363281e+00
8.621643185615539551e-01,7.593905925750732422e+00
1.615518704056739807e-02,4.416344642639160156e+00
1.815151095390319824e+00,1.360566234588623047e+01
-1.314634680747985840e-01,3.802889108657836914e+00
-5.220786929130554199e-01,3.633454799652099609e+00
-6.060878634452819824e-01,4.191714286804199219e+00
-4.147142171859741211e-01,6.278371334075927734e+00
6.974833011627197266e-01,8.979200363159179688e+00
2.573246136307716370e-02,2.142915010452270508e+00
-7.177655100822448730e-01,4.214456558227539062e+00
6.142672896385192871e-01,8.243388175964355469e+00
-4.542472958564758301e-01,5.734838962554931641e+00
2.100859880447387695e-01,5.166183471679687500e+00
6.590876579284667969e-01,9.884280204772949219e+00
-5.029619932174682617e-01,2.920219182968139648e+00
8.439933061599731445e-01,6.035382270812988281e+00
1.170132517814636230e+00,8.309476852416992188e+00
3.802829384803771973e-01,3.917587995529174805e+00
1.620645403861999512e+00,1.009153556823730469e+01
1.151502966880798340e+00,9.640553474426269531e+00
9.793867468833923340e-01,1.037530612945556641e+01
1.198705077171325684e+00,9.757190704345703125e+00
5.736643671989440918e-01,9.214482307434082031e+00
7.351564764976501465e-01,8.502830505371093750e+00
-9.231022000312805176e-01,1.388967871665954590e+00
-1.030681729316711426e-01,4.310045242309570312e+00
6.414910554885864258e-01,3.914025545120239258e+00
-6.014579162001609802e-02,7.700687408447265625e+00
1.925799250602722168e-01,3.918349981307983398e+00
8.195971846580505371e-01,8.867548942565917969e+00
3.874660134315490723e-01,7.966492652893066406e+00
-5.216669663786888123e-02,6.112294197082519531e+00
9.193164706230163574e-01,9.696047782897949219e+00
6.610680818557739258e-01,7.323756217956542969e+00
1.588597297668457031e-01,5.421115398406982422e+00
7.369593977928161621e-01,9.413937568664550781e+00
5.220806598663330078e-01,6.410670280456542969e+00
3.223367631435394287e-01,3.716700553894042969e+00
2.525705471634864807e-02,2.781048536300659180e+00
2.012104392051696777e-01,4.741815567016601562e+00
1.404998898506164551e-01,7.034642696380615234e+00
7.055752873420715332e-01,6.464722633361816406e+00
2.517921626567840576e-01,5.487524986267089844e+00
-4.812374413013458252e-01,4.277463912963867188e+00
1.471688508987426758e+00,5.707376956939697266e+00
-5.475416779518127441e-01,5.432987213134765625e+00
-2.693339809775352478e-02,6.341004371643066406e+00
8.724341988563537598e-01,6.773402214050292969e+00
2.110222101211547852e+00,1.401554298400878906e+01
-2.291572093963623047e-01,3.214166402816772461e+00
-5.919699072837829590e-01,7.033618092536926270e-01
-1.373135447502136230e-01,4.810266971588134766e+00
7.589387297630310059e-01,5.668288230895996094e+00
5.978997945785522461e-01,4.761497974395751953e+00
2.825188040733337402e-01,3.985289573669433594e+00
-1.908669173717498779e-01,4.524604320526123047e+00
4.811163544654846191e-01,7.110315322875976562e+00
7.596766948699951172e-02,7.371164321899414062e+00
5.420539975166320801e-01,7.811750411987304688e+00
5.994003415107727051e-01,8.602168083190917969e+00
-3.343979120254516602e-01,3.811743497848510742e+00
8.799416422843933105e-01,8.330280303955078125e+00
8.481190800666809082e-01,9.724619865417480469e+00
-6.320509910583496094e-01,7.671143531799316406e+00
4.687981605529785156e-01,4.576107978820800781e+00
9.505729675292968750e-01,8.135484695434570312e+00
3.606975078582763672e-01,6.689148902893066406e+00
4.146762788295745850e-01,6.802177429199218750e+00
1.726590991020202637e-01,7.403605937957763672e+00
-8.796868324279785156e-01,1.866299748420715332e+00
1.141885399818420410e+00,1.100579452514648438e+01
2.003189325332641602e+00,1.513472080230712891e+01
3.917914330959320068e-01,9.857649803161621094e+00
-3.660266995429992676e-01,5.229193687438964844e+00
1.383461475372314453e+00,1.126055622100830078e+01
3.249237537384033203e-01,6.091392040252685547e+00
4.245971441268920898e-01,4.414278030395507812e+00
9.807217121124267578e-01,9.209052085876464844e+00
-1.397281885147094727e-01,4.051507949829101562e+00
9.998503327369689941e-01,9.701847076416015625e+00
-5.427848920226097107e-02,4.247509956359863281e+00
2.788917422294616699e-01,7.610641479492187500e+00
5.773400664329528809e-01,9.192773818969726562e+00
1.625438094139099121e+00,1.259735202789306641e+01
-5.520145297050476074e-01,4.744012832641601562e+00
2.586835995316505432e-02,5.346523284912109375e+00
-3.622305095195770264e-01,3.067522287368774414e+00
1.119359970092773438e+00,9.918194770812988281e+00
1.174669384956359863e+00,1.119624233245849609e+01
2.874381840229034424e-01,5.083937644958496094e+00
4.514512419700622559e-01,5.302884101867675781e+00
4.773076772689819336e-01,4.083140373229980469e+00
7.536610364913940430e-01,7.156712532043457031e+00
9.432192444801330566e-01,7.501351833343505859e+00
1.423162221908569336e+00,9.864398002624511719e+00
-4.965063650161027908e-03,3.876497983932495117e+00
-2.889178395271301270e-01,6.775447845458984375e+00
5.109272003173828125e-01,6.842252254486083984e+00
-1.026666641235351562e+00,6.457409858703613281e+00
-5.326510071754455566e-01,3.481372356414794922e+00
-5.267265439033508301e-01,4.970571517944335938e+00
-5.447336435317993164e-01,6.244738578796386719e+00
3.911497294902801514e-01,8.601606369018554688e+00
1.196365475654602051e+00,6.665655136108398438e+00
9.261867403984069824e-01,5.764095306396484375e+00
4.546594023704528809e-01,6.262013435363769531e+00
-2.312024235725402832e-01,6.006178855895996094e+00
4.906676411628723145e-01,5.441102981567382812e+00
6.508956551551818848e-01,7.733234405517578125e+00
1.582088828086853027e+00,1.167871856689453125e+01
-3.617540299892425537e-01,5.720568656921386719e+00
-7.188172340393066406e-01,4.710973739624023438e+00
7.898482680320739746e-01,8.390828132629394531e+00
1.402740836143493652e+00,1.212672328948974609e+01
-1.389474272727966309e-01,3.236497402191162109e+00
5.227563977241516113e-01,5.836464881896972656e+00
8.913622498512268066e-01,1.085644245147705078e+01
1.007476568222045898e+00,5.527972698211669922e+00
-2.236102223396301270e-01,4.189476966857910156e+00
9.217352867126464844e-01,6.035929203033447266e+00
-6.076230406761169434e-01,4.367785453796386719e+00
3.357874155044555664e-01,4.720829010009765625e+00
4.373689889907836914e-01,6.384350299835205078e+00
-6.972605586051940918e-01,4.069839954376220703e+00
-1.462516784667968750e-01,6.421718120574951172e+00
1.542901396751403809e-01,5.206417083740234375e+00
1.138284206390380859e+00,9.040573120117187500e+00
1.807788729667663574e+00,1.418527507781982422e+01
1.090470075607299805e+00,1.170906829833984375e+01
9.511116147041320801e-01,8.974881172180175781e+00
-4.764461144804954529e-02,5.924660682678222656e+00
8.934850096702575684e-01,8.216926574707031250e+00
3.334662690758705139e-02,7.322245597839355469e+00
8.500294089317321777e-01,9.003005027770996094e+00
1.740025281906127930e-01,7.210659980773925781e+00
1.050893306732177734e+00,8.768733024597167969e+00
1.044936776161193848e+00,9.068379402160644531e+00
1.059334754943847656e+00,1.190318298339843750e+01
9.084846973419189453e-01,5.365207672119140625e+00
-7.611719369888305664e-01,2.365559101104736328e+00
2.365047112107276917e-02,3.919749975204467773e+00
6.680737137794494629e-01,1.044249629974365234e+01
-7.808685302734375000e-02,3.706432104110717773e+00
1.166316390037536621e+00,1.001772212982177734e+01
-5.543607100844383240e-02,4.001364707946777344e+00
-2.071228325366973877e-01,7.927527904510498047e+00
6.815948486328125000e-01,4.794173717498779297e+00
-1.616853103041648865e-02,7.618991851806640625e+00
5.716353654861450195e-01,4.672162532806396484e+00
2.266455888748168945e-01,6.008889198303222656e+00
1.134582877159118652e+00,8.624989509582519531e+00
1.187399625778198242e+00,1.048361301422119141e+01
8.592266440391540527e-01,8.401228904724121094e+00
7.758712768554687500e-01,5.719011306762695312e+00
7.680219411849975586e-01,6.531673908233642578e+00
8.953084945678710938e-01,9.444209098815917969e+00
7.309946417808532715e-01,7.980850696563720703e+00
1.377606868743896484e+00,9.318726539611816406e+00
7.374548316001892090e-01,1.038584518432617188e+01
9.915174841880798340e-01,8.549732208251953125e+00
4.980769753456115723e-01,1.192933940887451172e+01
1.029555797576904297e+00,9.952013969421386719e+00
-8.337699174880981445e-01,2.018848180770874023e+00
8.331348896026611328e-01,8.568528175354003906e+00
1.219125151634216309e+00,8.669533729553222656e+00
1.500960469245910645e+00,1.188121604919433594e+01
4.919045269489288330e-01,6.664366245269775391e+00
-2.425464987754821777e-01,3.008316755294799805e+00
-7.724619507789611816e-01,4.974953651428222656e+00
1.136796712875366211e+00,8.545870780944824219e+00
1.349375367164611816e+00,1.049968051910400391e+01
7.019546031951904297e-01,8.320458412170410156e+00
8.791180253028869629e-01,4.863929748535156250e+00
8.957387804985046387e-01,6.330672740936279297e+00
5.476138591766357422e-01,9.451106071472167969e+00
7.346692681312561035e-02,6.385915756225585938e+00
1.045482039451599121e+00,6.523352622985839844e+00
6.808137297630310059e-01,8.444143295288085938e+00
-2.675889134407043457e-01,7.817862629890441895e-01
3.963087201118469238e-01,4.956567287445068359e+00
9.052465558052062988e-01,9.021534919738769531e+00
9.827473759651184082e-01,4.662336826324462891e+00
6.626366376876831055e-01,4.709826469421386719e+00
1.049515128135681152e+00,8.056616783142089844e+00
3.731873929500579834e-01,6.736594676971435547e+00
5.479061007499694824e-01,4.035629749298095703e+00
3.917920887470245361e-01,6.274656295776367188e+00
1.133805155754089355e+00,6.595544338226318359e+00
1.108878850936889648e+00,1.132191753387451172e+01
-1.977922320365905762e-01,1.328343033790588379e+00
1.212298750877380371e+00,8.169466018676757812e+00
6.085616350173950195e-01,9.948367118835449219e+00
-2.672020196914672852e-01,7.627573490142822266e+00
1.213457226753234863e+00,1.009282588958740234e+01
-5.800386071205139160e-01,5.782569885253906250e+00
2.576917707920074463e-01,7.433255672454833984e+00
8.154828548431396484e-01,6.289695262908935547e+00
6.019582748413085938e-01,7.713392257690429688e+00
-1.061908006668090820e-01,3.881144762039184570e+00
-2.349254209548234940e-03,5.670242309570312500e+00
8.080906867980957031e-01,7.755152702331542969e+00
6.171633005142211914e-01,6.127470016479492188e+00
2.218777537345886230e-01,7.182056427001953125e+00
7.691557407379150391e-01,8.261980056762695312e+00
1.113691806793212891e+00,8.344512939453125000e+00
2.070221185684204102e+00,1.494578552246093750e+01
4.857976138591766357e-01,4.892958164215087891e+00
2.242658138275146484e+00,1.437963008880615234e+01
5.031189695000648499e-02,8.509401321411132812e+00
6.413441896438598633e-02,4.891974925994873047e+00
9.722757935523986816e-01,7.675699234008789062e+00
2.342431545257568359e-01,7.154828548431396484e+00
4.190414249897003174e-01,6.202280521392822266e+00
6.675396561622619629e-01,8.209744453430175781e+00
1.321667432785034180e-01,4.704887390136718750e+00
7.211031317710876465e-01,7.152173995971679688e+00
6.466450691223144531e-01,5.367463111877441406e+00
3.188441395759582520e-01,5.167582511901855469e+00
1.020008683204650879e+00,1.080379867553710938e+01
5.074234604835510254e-01,5.929789543151855469e+00
1.000226855278015137e+00,1.130286884307861328e+01
5.391943454742431641e-01,7.458076477050781250e+00
-2.969898283481597900e-01,7.556509494781494141e+00
6.377397179603576660e-01,6.057426452636718750e+00
8.429546952247619629e-01,1.028812313079833984e+01
8.092772960662841797e-01,8.708063125610351562e+00
-3.088670372962951660e-01,6.453328132629394531e+00
1.217951059341430664e+00,1.030460453033447266e+01
5.213376879692077637e-01,9.139563560485839844e+00
-6.152985692024230957e-01,3.558989763259887695e+00
9.406179785728454590e-01,8.226990699768066406e+00
-1.782527565956115723e-01,6.337450981140136719e+00
5.227193236351013184e-01,5.751370429992675781e+00
1.160610675811767578e+00,1.062514114379882812e+01
1.153217673301696777e+00,7.888356685638427734e+00
-3.992089927196502686e-01,3.386457681655883789e+00
1.931414365768432617e+00,1.420940303802490234e+01
5.178396105766296387e-01,4.110177040100097656e+00
8.586677908897399902e-01,7.973515510559082031e+00
1.290505290031433105e+00,1.191368770599365234e+01
8.167139887809753418e-01,7.518973350524902344e+00
8.369234204292297363e-02,6.137624740600585938e+00
1.502140164375305176e+00,1.425850105285644531e+01
4.065508842468261719e-01,5.339989662170410156e+00
1.095451712608337402e+00,1.027696800231933594e+01
5.325443148612976074e-01,6.597674846649169922e+00
4.554862082004547119e-01,5.490914821624755859e+00
3.359743654727935791e-01,4.147736549377441406e+00
9.345731139183044434e-01,7.001668930053710938e+00
7.680476903915405273e-01,6.652712821960449219e+00
4.725928604602813721e-01,6.017530441284179688e+00
8.347166180610656738e-01,5.057591915130615234e+00
-7.641298770904541016e-01,6.952117443084716797e+00
5.894285812973976135e-02,5.706828117370605469e+00
7.462021708488464355e-01,8.954613685607910156e+00
8.388149738311767578e-01,6.633422374725341797e+00
2.519777417182922363e-01,1.344616770744323730e+00
2.714200913906097412e-01,6.852890491485595703e+00
1.422607004642486572e-01,6.658689975738525391e+00
1.107188105583190918e+00,7.026613235473632812e+00
2.964860573410987854e-02,7.509159088134765625e+00
2.028835415840148926e-01,3.165477991104125977e+00
2.932626605033874512e-01,3.234099149703979492e+00
7.463579773902893066e-01,7.583565711975097656e+00
2.892322540283203125e-01,3.518284559249877930e+00
-4.945563897490501404e-02,5.133169174194335938e+00
1.172323942184448242e+00,7.799588203430175781e+00
9.065067172050476074e-01,7.346529960632324219e+00
-5.796290040016174316e-01,2.487047433853149414e+00
6.146383881568908691e-01,8.928997993469238281e+00
2.171257436275482178e-01,4.639933586120605469e+00
-6.543021798133850098e-01,1.158602476119995117e+00
9.793683886528015137e-01,4.543631076812744141e+00
1.646518588066101074e+00,1.365738010406494141e+01
1.134346485137939453e+00,9.026921272277832031e+00
-1.455872878432273865e-02,2.652478694915771484e+00
6.387287378311157227e-01,5.903582096099853516e+00
1.965781569480895996e+00,1.340457057952880859e+01
1.142237782478332520e+00,8.119072914123535156e+00
1.218955516815185547e-01,4.323503494262695312e+00
1.692136168479919434e+00,1.044621562957763672e+01
1.771166324615478516e-01,8.481316566467285156e+00
1.720282137393951416e-01,6.316940784454345703e+00
1.166408658027648926e+00,7.306437492370605469e+00
-6.127904653549194336e-01,3.720964431762695312e+00
3.910390734672546387e-01,5.000223159790039062e+00
2.167489528656005859e-01,6.276521682739257812e+00
6.567002534866333008e-01,6.166916847229003906e+00
3.876400589942932129e-01,6.493986129760742188e+00
6.697546243667602539e-01,7.785514831542968750e+00
9.202182888984680176e-01,9.667567253112792969e+00
1.960609555244445801e-01,5.745819568634033203e+00
1.100466609001159668e+00,7.059243202209472656e+00
-4.009090065956115723e-01,5.223124504089355469e+00
1.855969309806823730e+00,1.402598285675048828e+01
3.737124502658843994e-01,8.187033653259277344e+00
1.309583067893981934e+00,9.473502159118652344e+00
2.067177593708038330e-01,4.180940628051757812e+00
7.139882445335388184e-01,5.210511207580566406e+00
4.991275966167449951e-01,6.968071937561035156e+00
3.655613958835601807e-01,8.866776466369628906e+00
5.120089650154113770e-01,9.672810554504394531e+00
-2.934719324111938477e-01,4.037244796752929688e+00
6.979104280471801758e-01,1.147865772247314453e+01
7.570050954818725586e-01,4.809405326843261719e+00
1.802477836608886719e-01,6.973855018615722656e+00
-1.778405532240867615e-02,3.090334415435791016e+00
4.434975683689117432e-01,7.214521408081054688e+00
3.327045738697052002e-01,7.327087402343750000e+00
3.149343430995941162e-01,6.844902038574218750e+00
6.225720047950744629e-01,1.040485572814941406e+01
-6.351554989814758301e-01,2.408077239990234375e+00
3.729851841926574707e-01,8.523402214050292969e+00
3.646810948848724365e-01,8.791037559509277344e+00
7.095782160758972168e-01,5.958226680755615234e+00
1.022903561592102051e+00,9.868187904357910156e+00
6.880130767822265625e-01,5.885823249816894531e+00
7.435674071311950684e-01,1.035121154785156250e+01
-3.631117343902587891e-01,7.178970813751220703e+00
3.618506789207458496e-01,5.857215404510498047e+00
9.439944624900817871e-01,9.280230522155761719e+00
6.705749034881591797e-01,8.315900802612304688e+00
7.339316010475158691e-01,7.935395240783691406e+00
8.987340927124023438e-01,8.613087654113769531e+00
2.231235504150390625e-01,3.664776563644409180e+00
1.026881098747253418e+00,1.245160675048828125e+01
1.022576928138732910e+00,1.120144176483154297e+01
-6.710137724876403809e-01,2.929114818572998047e+00
7.451171278953552246e-01,6.957162380218505859e+00
-8.457022905349731445e-02,3.070162057876586914e+00
2.136456370353698730e-01,7.007557868957519531e+00
-2.447102665901184082e-01,2.860360622406005859e+00
-5.618196353316307068e-02,4.608067035675048828e+00
4.917151629924774170e-01,6.584156036376953125e+00
9.857484698295593262e-01,1.172956180572509766e+01
-3.559660539031028748e-02,4.041114807128906250e+00
4.741435647010803223e-01,2.394900083541870117e+00
3.493939340114593506e-01,4.353809833526611328e+00
1.447859525680541992e+00,1.224854850769042969e+01
8.083500862121582031e-01,7.775823116302490234e+00
-3.472903370857238770e-01,4.260682106018066406e+00
7.830042839050292969e-01,8.170318603515625000e+00
1.086884260177612305e+00,9.195668220520019531e+00
9.327714443206787109e-01,9.026598930358886719e+00
4.833537712693214417e-02,6.089323520660400391e+00
1.669897198677062988e+00,1.110757255554199219e+01
4.777450859546661377e-01,5.930558204650878906e+00
-7.470863461494445801e-01,2.924380779266357422e+00
1.331965208053588867e+00,1.047944164276123047e+01
5.476588606834411621e-01,8.434942245483398438e+00
-2.825646996498107910e-01,7.345439791679382324e-01
1.287716388702392578e+00,8.652270317077636719e+00
1.840593218803405762e-01,8.022758483886718750e+00
-1.562799811363220215e-01,7.442722797393798828e+00
3.100827932357788086e-01,7.314361095428466797e+00
1.158378839492797852e+00,7.083013534545898438e+00
-4.431581124663352966e-02,6.990433692932128906e+00
9.224869012832641602e-01,1.030011844635009766e+01
-7.073835730552673340e-01,5.064189910888671875e+00
1.965523064136505127e-01,7.520221233367919922e+00
7.391000986099243164e-01,7.600920677185058594e+00
1.251224875450134277e+00,1.200473880767822266e+01
3.007107973098754883e-01,5.930402755737304688e+00
9.331402182579040527e-01,5.887518882751464844e+00
-5.014124512672424316e-01,4.457390785217285156e+00
1.224546909332275391e+00,1.182458782196044922e+01
-4.181004762649536133e-01,5.628871440887451172e+00
9.870466589927673340e-01,8.908980369567871094e+00
5.247869491577148438e-01,8.022047042846679688e+00
1.307640194892883301e+00,1.083825588226318359e+01
4.974243640899658203e-01,5.926548957824707031e+00
9.043899178504943848e-01,1.029948806762695312e+01
4.700190722942352295e-01,7.023499011993408203e+00
1.118306040763854980e+00,9.618491172790527344e+00
2.696604132652282715e-01,5.737389087677001953e+00
1.153961181640625000e+00,7.232659816741943359e+00
2.189984917640686035e-01,3.452724456787109375e+00
8.983240723609924316e-01,8.547928810119628906e+00
7.092137932777404785e-01,4.815440177917480469e+00
-4.234287738800048828e-01,4.346091270446777344e+00
6.158023476600646973e-01,6.212205886840820312e+00
9.259306788444519043e-01,9.820578575134277344e+00
1.250820398330688477e+00,1.340322208404541016e+01
9.089375138282775879e-01,7.098852157592773438e+00
9.552074074745178223e-01,1.051166820526123047e+01
5.353853702545166016e-01,5.913745880126953125e+00
5.192252397537231445e-01,9.242010116577148438e+00
4.618699848651885986e-01,6.307345867156982422e+00
2.432974815368652344e+00,1.444995403289794922e+01
-3.592613935470581055e-01,4.256070137023925781e+00
9.050368666648864746e-01,6.981609344482421875e+00
1.105686664581298828e+00,1.037487506866455078e+01
2.828588187694549561e-01,8.455028533935546875e+00
5.179772973060607910e-01,4.343438625335693359e+00
8.488497138023376465e-01,5.578164100646972656e+00
9.752514958381652832e-01,9.877668380737304688e+00
5.647211074829101562e-01,1.026658296585083008e+00
5.577166080474853516e-01,6.296785354614257812e+00
-1.761879324913024902e-01,6.178885936737060547e+00
9.361876249313354492e-01,9.244217872619628906e+00
1.242769137024879456e-02,4.025003910064697266e+00
4.682931900024414062e-01,5.365680694580078125e+00
9.301233887672424316e-01,9.909571647644042969e+00
1.228138446807861328e+00,1.045094776153564453e+01
1.270533680915832520e+00,1.206499481201171875e+01
-6.350077390670776367e-01,2.464693546295166016e+00
1.052450895309448242e+00,1.027577686309814453e+01
8.576877713203430176e-01,8.499798774719238281e+00
-1.510554179549217224e-02,4.312423706054687500e+00
9.123645424842834473e-01,9.092867851257324219e+00
1.060316681861877441e+00,1.071744632720947266e+01
-7.355894446372985840e-01,5.281622886657714844e+00
4.757620990276336670e-01,7.355784893035888672e+00
7.465974688529968262e-01,8.300399780273437500e+00
8.994000554084777832e-01,8.677054405212402344e+00
1.206673026084899902e+00,7.600433349609375000e+00
8.772028684616088867e-01,6.292203903198242188e+00
9.289892911911010742e-01,7.900975227355957031e+00
-4.921217560768127441e-01,5.143743038177490234e+00
2.961433827877044678e-01,6.595333576202392578e+00
8.219408392906188965e-01,7.630850791931152344e+00
5.593870282173156738e-01,8.367241859436035156e+00
1.837749123573303223e+00,1.277007770538330078e+01
9.666742086410522461e-01,5.951451301574707031e+00
2.538852095603942871e-01,1.167794018983840942e-01
8.221449851989746094e-01,4.809454917907714844e+00
-8.914089202880859375e-01,2.675966739654541016e+00
-8.213591575622558594e-02,3.986591100692749023e+00
-9.218248724937438965e-02,6.305538177490234375e+00
-3.901803120970726013e-02,5.618243217468261719e+00
1.076615691184997559e+00,1.253465557098388672e+01
-5.845353007316589355e-01,5.854228973388671875e+00
8.066839575767517090e-01,6.342736244201660156e+00
7.275632619857788086e-01,5.710827827453613281e+00
4.598717689514160156e-01,5.790277481079101562e+00
-1.940252482891082764e-01,5.838233947753906250e+00
1.383367419242858887e+00,1.233278942108154297e+01
-2.739505767822265625e-01,9.611314773559570312e+00
7.479417324066162109e-02,8.083488464355468750e+00
-1.663125455379486084e-01,5.519153118133544922e+00
1.346853733062744141e+00,1.202070713043212891e+01
1.106006026268005371e+00,9.535557746887207031e+00
1.427882075309753418e+00,1.035656070709228516e+01
9.134997129440307617e-01,6.832300186157226562e+00
1.557918190956115723e-01,6.056139945983886719e+00
8.900925517082214355e-02,6.795260906219482422e+00
2.743639349937438965e-01,4.173313140869140625e+00
1.058970093727111816e+00,8.210769653320312500e+00
7.827657461166381836e-01,6.185628414154052734e+00
1.109503388404846191e+00,9.417003631591796875e+00
-7.805545926094055176e-01,5.058454513549804688e+00
-2.792691811919212341e-02,3.974493741989135742e+00
-3.453059494495391846e-01,5.725626945495605469e+00
2.275359392166137695e+00,1.344083690643310547e+01
1.235510826110839844e+00,8.049744606018066406e+00
-6.546890139579772949e-01,3.806234121322631836e+00
5.186800360679626465e-01,5.537911415100097656e+00
1.757321953773498535e+00,1.256089019775390625e+01
-2.246051430702209473e-01,2.791502475738525391e+00
-5.161122679710388184e-01,6.197018623352050781e-01
1.316955685615539551e-01,4.524166584014892578e+00
-5.390174984931945801e-01,1.958015561103820801e+00
-6.064571738243103027e-01,8.736304640769958496e-01
1.659099221229553223e+00,1.180108356475830078e+01
5.000394955277442932e-02,4.808719635009765625e+00
-5.821572542190551758e-01,3.855387926101684570e+00
-3.319752216339111328e-01,1.226551294326782227e+00
4.628101587295532227e-01,4.876712799072265625e+00
1.543601036071777344e+00,1.216386318206787109e+01
9.586244225502014160e-01,4.967666625976562500e+00
9.568655490875244141e-01,4.786011695861816406e+00
-7.697403430938720703e-02,4.051578998565673828e+00
1.623919129371643066e+00,1.044907855987548828e+01
5.598039627075195312e-01,4.749467849731445312e+00
9.245021939277648926e-01,1.007689380645751953e+01
-3.298267424106597900e-01,2.784473180770874023e+00
3.834593594074249268e-01,9.354456901550292969e+00
9.266450405120849609e-01,1.066260623931884766e+01
1.616990208625793457e+00,1.400817298889160156e+01
8.735696077346801758e-01,9.488039970397949219e+00
-5.733999609947204590e-01,1.439695954322814941e+00
8.767617344856262207e-01,6.546836376190185547e+00
-4.019480943679809570e-01,3.824134111404418945e+00
4.996263682842254639e-01,8.317725181579589844e+00
-9.295542240142822266e-01,1.120311975479125977e+00
9.141655564308166504e-01,8.371105194091796875e+00
8.421652913093566895e-01,7.371065139770507812e+00
-1.934230029582977295e-01,6.413585662841796875e+00
5.487007498741149902e-01,8.400063514709472656e+00
-7.064936757087707520e-01,3.989786148071289062e+00
7.532234787940979004e-01,1.294192790985107422e+01
1.664376556873321533e-01,5.654308795928955078e+00
3.145349025726318359e-01,5.936969757080078125e+00
1.499152779579162598e+00,1.202002429962158203e+01
6.476806402206420898e-01,6.036903381347656250e+00
5.533934012055397034e-02,5.891468524932861328e+00
9.885137081146240234e-01,9.280745506286621094e+00
3.965842723846435547e-01,8.724095344543457031e+00
8.265929818153381348e-01,6.633316516876220703e+00
7.839936614036560059e-01,6.999362945556640625e+00
-3.480397760868072510e-01,5.273323059082031250e+00
7.230182290077209473e-01,7.586370468139648438e+00
1.114341259002685547e+00,6.204516887664794922e+00
6.719773411750793457e-01,1.065916919708251953e+01
-2.080217599868774414e-01,3.185250043869018555e+00
1.065903067588806152e+00,9.006916046142578125e+00
4.671658873558044434e-01,5.939502716064453125e+00
2.793106436729431152e-01,2.003463745117187500e+00
8.710075020790100098e-01,6.373812198638916016e+00
4.797252416610717773e-01,2.738786935806274414e+00
5.282897353172302246e-01,6.735891342163085938e+00
1.283639192581176758e+00,1.083165264129638672e+01
-1.006740927696228027e-01,7.789786338806152344e+00
5.621634721755981445e-01,6.147677898406982422e+00
5.979325175285339355e-01,6.296908378601074219e+00
6.041384935379028320e-01,6.797427654266357422e+00
2.814401984214782715e-01,5.724224090576171875e+00
-9.586471915245056152e-01,3.416550874710083008e+00
7.768796086311340332e-01,9.977578163146972656e+00
6.605363488197326660e-01,6.218748092651367188e+00
2.883014678955078125e-01,5.973078727722167969e+00
-1.737546548247337341e-02,6.108510017395019531e+00
3.941240012645721436e-01,5.935029506683349609e+00
1.268551349639892578e+00,1.122901725769042969e+01
9.145844578742980957e-01,1.033725070953369141e+01
1.478970050811767578e-01,7.281114101409912109e+00
1.494449749588966370e-02,2.766889810562133789e+00
7.104513049125671387e-01,6.671750068664550781e+00
-5.608839392662048340e-01,3.790141344070434570e+00
7.176870703697204590e-01,6.914793491363525391e+00
7.991871833801269531e-01,9.669846534729003906e+00
7.699139714241027832e-01,8.965832710266113281e+00
8.616124391555786133e-01,7.966529369354248047e+00
1.225931286811828613e+00,9.940647125244140625e+00
1.061895132064819336e+00,8.731428146362304688e+00
9.432387948036193848e-01,6.066195011138916016e+00
1.120082736015319824e+00,9.387185096740722656e+00
1.207122206687927246e-01,5.466590881347656250e+00
1.004023909568786621e+00,9.029220581054687500e+00
4.403570592403411865e-01,7.947260856628417969e+00
5.273372530937194824e-01,8.682669639587402344e+00
-1.283097863197326660e-01,3.167277574539184570e+00
8.272722959518432617e-01,9.116030693054199219e+00
-2.839253246784210205e-01,5.263100624084472656e+00
2.560471296310424805e-01,3.759420633316040039e+00
1.558036923408508301e+00,1.232777976989746094e+01
1.094351649284362793e+00,9.046188354492187500e+00
5.136333703994750977e-01,5.744551181793212891e+00
-2.991577982902526855e-01,3.481663465499877930e+00
6.209327578544616699e-01,6.601434230804443359e+00
3.903810381889343262e-01,5.783918380737304688e+00
1.000109910964965820e+00,6.243434906005859375e+00
-5.167683959007263184e-01,4.905880928039550781e+00
-2.181873321533203125e-01,1.719733119010925293e+00
8.874596357345581055e-01,4.437020301818847656e+00
7.999908924102783203e-01,3.705590009689331055e+00
1.669244766235351562e-01,7.562516212463378906e+00
1.525642514228820801e+00,1.064068508148193359e+01
1.195038199424743652e+00,1.189793682098388672e+01
-4.191008508205413818e-01,1.729182362556457520e+00
1.665357034653425217e-03,4.079904556274414062e+00
1.774277567863464355e+00,1.399731731414794922e+01
1.239271759986877441e+00,1.150523662567138672e+01
-4.555483460426330566e-01,3.374024868011474609e+00
-6.438070535659790039e-02,2.984950065612792969e+00
3.764090538024902344e-01,4.741659164428710938e+00
7.675824165344238281e-01,6.966916084289550781e+00
1.173604607582092285e+00,1.017698097229003906e+01
9.491897225379943848e-01,8.610361099243164062e+00
8.303707838058471680e-02,6.447076797485351562e+00
7.292343974113464355e-01,8.707997322082519531e+00
8.094583153724670410e-01,6.069478988647460938e+00
8.226287961006164551e-01,1.041881942749023438e+01
5.863029360771179199e-01,9.316831588745117188e+00
-9.762197732925415039e-02,3.315702199935913086e+00
-3.913807272911071777e-01,3.899194955825805664e+00
1.017609119415283203e+00,1.000658321380615234e+01
1.295203804969787598e+00,9.859602928161621094e+00
1.113487005233764648e+00,9.471827507019042969e+00
-4.172723889350891113e-01,2.961705446243286133e+00
2.690983191132545471e-02,1.021889781951904297e+01
4.011112153530120850e-01,6.000958442687988281e+00
9.809970855712890625e-01,1.138584613800048828e+01
-7.024688124656677246e-01,4.204167366027832031e+00
9.765082597732543945e-01,8.702940940856933594e+00
1.347673654556274414e+00,5.827697277069091797e+00
3.849018216133117676e-01,6.640661716461181641e+00
8.037543296813964844e-01,6.509055137634277344e+00
4.050887227058410645e-01,9.820647239685058594e+00
1.174044489860534668e+00,1.125290584564208984e+01
-2.024817094206809998e-02,3.206694364547729492e+00
1.300477266311645508e+00,6.029987335205078125e+00
1.001274824142456055e+00,8.945619583129882812e+00
6.205955743789672852e-01,6.331171035766601562e+00
1.030742526054382324e+00,8.046566963195800781e+00
-4.487499296665191650e-01,4.910644531250000000e+00
8.286228775978088379e-01,6.535280227661132812e+00
-2.984392642974853516e-01,2.423051834106445312e+00
6.225480437278747559e-01,6.540381431579589844e+00
3.289215266704559326e-01,7.808421134948730469e+00
-1.613257527351379395e-01,1.685704588890075684e+00
7.217410206794738770e-01,8.877970695495605469e+00
6.111139655113220215e-01,9.815978050231933594e+00
-3.801358938217163086e-01,2.823925495147705078e+00
1.318449139595031738e+00,9.678776741027832031e+00
9.479149580001831055e-01,8.933429718017578125e+00
8.773532509803771973e-01,9.908869743347167969e+00
6.416581273078918457e-01,1.664854645729064941e+00
7.795702219009399414e-01,1.006229209899902344e+01
-1.163797974586486816e-01,3.730280637741088867e+00
-5.527551174163818359e-01,4.749962806701660156e+00
8.651247024536132812e-01,5.744377613067626953e+00
5.583040118217468262e-01,7.956281185150146484e+00
-6.996542811393737793e-01,5.536547660827636719e+00
6.406553983688354492e-01,3.576135396957397461e+00
9.140599370002746582e-01,1.022288608551025391e+01
1.188124179840087891e+00,7.942943572998046875e+00
7.928420305252075195e-01,8.526171684265136719e+00
1.171084165573120117e+00,8.295479774475097656e+00
-8.776076436042785645e-01,1.505154967308044434e+00
-7.331854701042175293e-01,2.371789693832397461e+00
-1.439686715602874756e-01,7.461297035217285156e+00
7.908831834793090820e-01,7.087141990661621094e+00
4.548993408679962158e-01,7.815107822418212891e+00
2.051612436771392822e-01,7.893850803375244141e+00
1.138335824012756348e+00,7.573074340820312500e+00
5.344555974006652832e-01,6.000232696533203125e+00
-8.047143816947937012e-01,3.035160779953002930e+00
8.781638145446777344e-01,9.340214729309082031e+00
1.138707995414733887e+00,1.069193649291992188e+01
-1.006176233291625977e+00,3.853291273117065430e+00
1.013329505920410156e+00,5.030195236206054688e+00
5.955134034156799316e-01,5.906490325927734375e+00
-7.735879421234130859e-01,8.065983772277832031e+00
1.364035248756408691e+00,8.959884643554687500e+00
1.419268846511840820e-01,4.451931476593017578e+00
6.935054659843444824e-01,5.672974586486816406e+00
9.292219877243041992e-01,7.208375930786132812e+00
1.973382472991943359e+00,1.352425861358642578e+01
8.488331437110900879e-01,7.764154911041259766e+00
1.306508898735046387e+00,7.343615531921386719e+00
2.477625370025634766e+00,1.518547344207763672e+01
2.184805631637573242e+00,1.306440925598144531e+01
4.415151178836822510e-01,8.483873367309570312e+00
1.665398478507995605e+00,1.299686908721923828e+01
1.034776687622070312e+00,7.831256389617919922e+00
2.039501190185546875e+00,1.414578533172607422e+01
4.512014985084533691e-01,7.055937290191650391e+00
2.745647430419921875e-01,9.011118888854980469e+00
2.030954599380493164e+00,1.183905792236328125e+01
-8.129823207855224609e-02,6.370386123657226562e+00
5.337692499160766602e-01,7.786704540252685547e+00
8.503845930099487305e-01,5.991673469543457031e+00
2.140103578567504883e-01,6.622342109680175781e+00
2.027447938919067383e+00,1.086757183074951172e+01
7.888590693473815918e-01,8.984976768493652344e+00
6.603707671165466309e-01,6.070023536682128906e+00
4.342380166053771973e-01,6.385850429534912109e+00
8.478811979293823242e-01,5.686510086059570312e+00
1.391342043876647949e+00,8.786719322204589844e+00
1.361070752143859863e+00,1.244668483734130859e+01
1.252841472625732422e+00,9.676741600036621094e+00
6.506337523460388184e-01,9.384326934814453125e+00
7.220888137817382812e-01,6.622078895568847656e+00
5.218273773789405823e-02,4.987129688262939453e+00
1.114665508270263672e+00,8.627160072326660156e+00
6.851645112037658691e-01,6.271821022033691406e+00
-6.109762787818908691e-01,2.313487052917480469e+00
3.616293072700500488e-01,7.224733352661132812e+00
9.013808369636535645e-01,6.752142906188964844e+00
8.356632590293884277e-01,5.928440570831298828e+00
9.304428696632385254e-01,1.108386325836181641e+01
9.457832574844360352e-01,5.382518291473388672e+00
-4.834042191505432129e-01,3.669322729110717773e+00
9.243755340576171875e-01,7.740212440490722656e+00
8.549077510833740234e-01,1.170382785797119141e+01
1.376844763755798340e+00,1.011676502227783203e+01
2.635294198989868164e-01,4.695954322814941406e+00
8.825042843818664551e-01,8.689648628234863281e+00
-3.324142396450042725e-01,3.117613554000854492e+00
-5.424280166625976562e-01,4.923136234283447266e+00
3.723857998847961426e-01,4.525102615356445312e+00
8.561975955963134766e-01,6.293566703796386719e+00
6.118695139884948730e-01,4.922723293304443359e+00
-2.121309638023376465e-01,3.624533176422119141e+00
-1.725365817546844482e-01,8.800185203552246094e+00
3.502165675163269043e-01,5.150802135467529297e+00
8.629869222640991211e-01,7.327312469482421875e+00
7.284720540046691895e-01,5.929144382476806641e+00
-5.471683144569396973e-01,3.168207883834838867e+00
5.716701745986938477e-01,6.164106845855712891e+00
1.179350852966308594e+00,1.032789516448974609e+01
-2.454785704612731934e-01,4.575284957885742188e+00
1.413996517658233643e-01,8.341950416564941406e+00
9.110625386238098145e-01,9.070948600769042969e+00
-5.735790356993675232e-02,7.012187004089355469e+00
9.800286889076232910e-01,8.597843170166015625e+00
1.473332643508911133e-01,2.109802007675170898e+00
-7.440559267997741699e-01,5.117719650268554688e+00
1.247758865356445312e+00,9.719439506530761719e+00
-6.999656558036804199e-01,2.625112295150756836e+00
9.337328076362609863e-01,9.130272865295410156e+00
4.997191429138183594e-01,9.560555458068847656e+00
-5.616372451186180115e-02,7.636302471160888672e+00
3.872281312942504883e-01,5.893473625183105469e+00
1.119974255561828613e-01,6.161350250244140625e+00
1.161956310272216797e+00,8.870849609375000000e+00
4.644281566143035889e-01,6.609051704406738281e+00
1.890119433403015137e+00,1.378151416778564453e+01
8.661494851112365723e-01,6.731756210327148438e+00
8.777667284011840820e-01,8.578145027160644531e+00
1.014736294746398926e+00,9.022418022155761719e+00
9.309328794479370117e-01,5.946673393249511719e+00
6.670886874198913574e-01,5.609650611877441406e+00
1.212426543235778809e+00,8.695714950561523438e+00
1.667821645736694336e+00,1.180977725982666016e+01
7.654270529747009277e-01,8.719339370727539062e+00
4.740831255912780762e-01,8.745455741882324219e+00
7.056455016136169434e-01,8.172072410583496094e+00
2.020881414413452148e+00,1.368253421783447266e+01
1.427829742431640625e+00,1.283452033996582031e+01
-3.572508394718170166e-01,4.452807903289794922e+00
7.952962517738342285e-01,1.273641300201416016e+01
6.391838788986206055e-01,8.942298889160156250e+00
6.417871713638305664e-01,6.744119167327880859e+00
-4.981203675270080566e-01,2.828930139541625977e+00
2.669286429882049561e-01,4.456687927246093750e+00
-9.758753776550292969e-01,7.295871973037719727e-01
-4.134338721632957458e-02,5.638371944427490234e+00
7.939028143882751465e-01,9.482844352722167969e+00
6.055850386619567871e-01,9.675126075744628906e+00
-5.458527430891990662e-02,5.385934352874755859e+00
1.430827617645263672e+00,1.228007698059082031e+01
-6.292253732681274414e-02,7.118842124938964844e+00
7.643358707427978516e-01,1.044125080108642578e+01
8.295473456382751465e-01,1.110724353790283203e+01
-5.731624960899353027e-01,2.021297216415405273e+00
9.426387548446655273e-01,7.835773944854736328e+00
9.474688172340393066e-01,7.718381881713867188e+00
1.070607304573059082e+00,6.650697708129882812e+00
-6.335505843162536621e-01,5.676638126373291016e+00
4.583162441849708557e-02,6.867197990417480469e+00
5.451058745384216309e-01,9.027960777282714844e+00
2.540158033370971680e+00,1.549677085876464844e+01
1.044117569923400879e+00,7.568210601806640625e+00
8.485553860664367676e-01,8.780021667480468750e+00
1.096530318260192871e+00,7.695823192596435547e+00
7.505263090133666992e-01,5.690791130065917969e+00
-8.103319406509399414e-01,5.888519763946533203e+00
-4.573888182640075684e-01,3.841061353683471680e+00
6.744410991668701172e-01,5.694738864898681641e+00
7.369119524955749512e-01,7.926596641540527344e+00
3.641574978828430176e-01,5.320530891418457031e+00
5.675351992249488831e-02,6.951514244079589844e+00
5.923179388046264648e-01,8.859198570251464844e+00
2.752610743045806885e-01,6.957235336303710938e+00
-7.141765672713518143e-03,3.839638948440551758e+00
-4.956281781196594238e-01,2.173676252365112305e+00
9.494786858558654785e-01,7.338969230651855469e+00
3.879815340042114258e-01,8.815794944763183594e+00
-1.653986796736717224e-02,5.195137023925781250e+00
-5.576971173286437988e-01,1.984262347221374512e+00
1.198280692100524902e+00,1.032556533813476562e+01
1.250862002372741699e+00,9.930991172790527344e+00
1.075785279273986816e+00,7.886386394500732422e+00
1.232111215591430664e+00,9.674962997436523438e+00
8.733795285224914551e-01,9.497632026672363281e+00
-4.622033834457397461e-01,2.041229963302612305e+00
-2.908433079719543457e-01,3.895370721817016602e+00
5.006710886955261230e-01,6.382632732391357422e+00
7.353615164756774902e-01,8.336228370666503906e+00
5.182499289512634277e-01,4.953190803527832031e+00
7.672658562660217285e-01,6.470269680023193359e+00
8.408630490303039551e-01,7.236328125000000000e+00
2.782372236251831055e-01,5.097853183746337891e+00
3.154300749301910400e-01,8.188002586364746094e+00
2.908486500382423401e-02,7.224524974822998047e+00
2.419633045792579651e-02,5.912560462951660156e+00
7.965017557144165039e-01,9.911679267883300781e+00
-5.698496699333190918e-01,1.076395034790039062e+00
2.235249757766723633e+00,1.507444667816162109e+01
4.126697480678558350e-01,2.566022634506225586e+00
-5.328805446624755859e-01,2.425591945648193359e+00
1.041964650154113770e+00,7.707985877990722656e+00
1.242406725883483887e+00,1.138484477996826172e+01
1.244271174073219299e-02,3.421813249588012695e+00
8.250803351402282715e-01,8.242535591125488281e+00
5.027092099189758301e-01,6.183347702026367188e+00
-2.977163195610046387e-01,6.626884460449218750e+00
1.102951645851135254e+00,7.137531280517578125e+00
3.590324521064758301e-01,4.378481864929199219e+00
1.316085696220397949e+00,1.168820381164550781e+01
1.372439861297607422e+00,1.083097076416015625e+01
6.119808554649353027e-01,8.301800727844238281e+00
1.927454113960266113e+00,1.350859928131103516e+01
5.484600663185119629e-01,1.336170673370361328e+01
8.999648690223693848e-01,8.315293312072753906e+00
1.048324704170227051e+00,9.516640663146972656e+00
-5.800038203597068787e-02,3.801282167434692383e+00
7.948681116104125977e-01,7.639568328857421875e+00
-1.934354603290557861e-01,6.567613601684570312e+00
9.697082042694091797e-01,7.288222312927246094e+00
6.976299881935119629e-01,1.099577140808105469e+01
2.244248628616333008e+00,1.375021266937255859e+01
7.394229769706726074e-01,3.212938070297241211e+00
1.204669356346130371e+00,7.882505893707275391e+00
1.215013384819030762e+00,1.252652263641357422e+01
8.164488077163696289e-01,8.181170463562011719e+00
4.957535564899444580e-01,3.845678567886352539e+00
-6.764308214187622070e-01,2.091666936874389648e+00
3.220282793045043945e-01,6.715106010437011719e+00
1.573868632316589355e+00,1.449379825592041016e+01
6.717724204063415527e-01,6.310034751892089844e+00
1.473062634468078613e-01,6.232289314270019531e+00
-1.741668581962585449e-01,5.120013236999511719e+00
9.109036326408386230e-01,1.017879772186279297e+01
1.041873455047607422e+00,9.269724845886230469e+00
1.561235785484313965e-01,6.854121208190917969e+00
-1.784892082214355469e-01,7.000432968139648438e+00
5.070268511772155762e-01,7.395884513854980469e+00
1.095601558685302734e+00,9.738626480102539062e+00
6.499091386795043945e-01,7.593520164489746094e+00
7.626641392707824707e-01,8.923165321350097656e+00
9.168964028358459473e-01,6.391272544860839844e+00
1.083209395408630371e+00,8.533082008361816406e+00
1.250653147697448730e+00,1.307824420928955078e+01
9.570921063423156738e-01,9.419190406799316406e+00
3.842886090278625488e-01,7.142498016357421875e+00
1.291986584663391113e+00,1.273844909667968750e+01
8.586249351501464844e-01,9.792006492614746094e+00
1.744396686553955078e-01,4.998703479766845703e+00
1.317852497100830078e+00,5.604910850524902344e+00
8.928876519203186035e-01,7.217748641967773438e+00
9.755349755287170410e-01,5.649472236633300781e+00
-8.877195119857788086e-01,2.432335138320922852e+00
3.477299809455871582e-01,4.916576862335205078e+00
4.569772779941558838e-01,6.459807395935058594e+00
3.363202214241027832e-01,3.408292531967163086e+00
-1.588745713233947754e-01,1.311807513236999512e+00
6.210548281669616699e-01,6.379590511322021484e+00
8.304662108421325684e-01,7.651092052459716797e+00
5.584207177162170410e-01,7.983980178833007812e+00
1.348754644393920898e+00,1.090216922760009766e+01
4.102491140365600586e-01,4.294320106506347656e+00
1.184310197830200195e+00,5.737726211547851562e+00
9.163053035736083984e-01,1.034955310821533203e+01
2.184844493865966797e+00,1.526659488677978516e+01
1.100919604301452637e+00,9.711713790893554688e+00
6.507069468498229980e-01,8.526225090026855469e+00
2.622248530387878418e-01,2.920379877090454102e+00
7.394025921821594238e-01,5.641013145446777344e+00
5.105281472206115723e-01,3.914484262466430664e+00
9.413903951644897461e-02,6.904103279113769531e+00
2.485135793685913086e-01,8.102314949035644531e+00
1.183632612228393555e+00,7.988755226135253906e+00
2.707175314426422119e-01,3.007175683975219727e+00
8.296124935150146484e-01,8.161386489868164062e+00
5.040380954742431641e-01,5.769533634185791016e+00
-2.513011097908020020e-01,5.593564987182617188e+00
9.024664759635925293e-01,8.060647010803222656e+00
3.897923827171325684e-01,8.158544540405273438e+00
1.251751899719238281e+00,5.004792213439941406e+00
4.750842228531837463e-02,9.365678787231445312e+00
-8.054968118667602539e-01,2.149740219116210938e+00
1.141116023063659668e-01,7.376931190490722656e+00
3.852678537368774414e-01,4.624743759632110596e-01
-6.766340136528015137e-01,2.773191213607788086e+00
1.099918246269226074e+00,5.813031673431396484e+00
5.530835986137390137e-01,3.906731843948364258e+00
5.168645977973937988e-01,4.819821357727050781e+00
1.793977618217468262e-01,4.299721717834472656e+00
6.027699112892150879e-01,7.465560913085937500e+00
1.135509490966796875e+00,1.050633049011230469e+01
1.159365773200988770e+00,1.182278919219970703e+01
1.167955160140991211e+00,1.021694564819335938e+01
1.132871627807617188e+00,1.252744770050048828e+01
1.015523791313171387e+00,7.381395816802978516e+00
-4.088270366191864014e-01,1.646324753761291504e+00
1.485682845115661621e+00,1.278619480133056641e+01
3.641606569290161133e-01,6.915215015411376953e+00
-7.345151305198669434e-01,4.336829185485839844e+00
1.167242407798767090e+00,8.950927734375000000e+00
5.908440947532653809e-01,6.165244102478027344e+00
-1.823238730430603027e-01,5.564897537231445312e+00
8.496108651161193848e-02,7.335647583007812500e+00
8.541225790977478027e-01,8.566358566284179688e+00
-4.304739236831665039e-01,5.880501270294189453e+00
1.577665507793426514e-01,4.925281524658203125e+00
8.489856719970703125e-01,1.041053962707519531e+01
1.253064751625061035e+00,1.190688610076904297e+01
5.800962448120117188e-01,5.761151313781738281e+00
7.830088138580322266e-01,9.354920387268066406e+00
9.071772098541259766e-01,8.817080497741699219e+00
-5.322310924530029297e-01,3.916298151016235352e+00
1.390806078910827637e+00,6.402261257171630859e+00
1.836043968796730042e-02,4.445155620574951172e+00
1.148101568222045898e+00,1.015754032135009766e+01
1.226563572883605957e+00,1.163851261138916016e+01
8.794468641281127930e-02,3.885243654251098633e+00
6.666080951690673828e-01,5.913058280944824219e+00
5.597251057624816895e-01,6.178159713745117188e+00
1.330584585666656494e-01,5.442663669586181641e+00
8.942319750785827637e-01,9.449578285217285156e+00
8.113284707069396973e-01,1.010533428192138672e+01
-1.690765619277954102e-01,2.902269124984741211e+00
1.229494214057922363e-01,3.774692773818969727e+00
1.153701663017272949e+00,1.135828304290771484e+01
6.666045784950256348e-01,1.003964996337890625e+01
1.465378999710083008e-01,7.283862590789794922e+00
1.057213187217712402e+00,8.119961738586425781e+00
-1.960498094558715820e-01,4.259718894958496094e+00
3.954071179032325745e-02,6.067069530487060547e+00
-7.161403298377990723e-01,2.460121870040893555e+00
5.717613697052001953e-01,6.688674926757812500e+00
-9.467484951019287109e-01,2.209101676940917969e+00
-3.436580598354339600e-01,5.738902568817138672e+00
-3.646917939186096191e-01,3.096128225326538086e+00
-3.249481022357940674e-01,4.966183662414550781e+00
1.187052428722381592e-01,9.354516029357910156e+00
8.417137861251831055e-01,5.258557319641113281e+00
1.785613894462585449e+00,1.237598323822021484e+01
7.384688258171081543e-01,8.975714683532714844e+00
2.227078378200531006e-01,8.123702049255371094e+00
1.254219889640808105e+00,5.935982704162597656e+00
-6.262626647949218750e-01,3.590422153472900391e+00
4.475574195384979248e-01,5.788492202758789062e+00
-3.233274221420288086e-01,8.362130165100097656e+00
8.605884909629821777e-01,1.047180461883544922e+01
4.031202197074890137e-01,6.483110904693603516e+00
-1.219971776008605957e-01,7.377035617828369141e+00
1.046607136726379395e+00,8.908724784851074219e+00
6.678050756454467773e-01,1.087466907501220703e+01
4.742481708526611328e-01,4.179255485534667969e+00
4.846641719341278076e-01,1.019516944885253906e+01
2.312672138214111328e-01,6.365318298339843750e+00
-6.923096776008605957e-01,1.831278204917907715e+00
3.631881773471832275e-01,6.844331741333007812e+00
-4.558464586734771729e-01,4.344553947448730469e+00
1.308465003967285156e+00,1.181363773345947266e+01
-5.398254990577697754e-01,6.043939113616943359e+00
5.999546647071838379e-01,7.384644508361816406e+00
9.564471840858459473e-01,5.493486404418945312e+00
1.027960777282714844e+00,5.832249641418457031e+00
9.089003205299377441e-01,9.421700477600097656e+00
6.295555233955383301e-01,6.954878807067871094e+00
1.733050823211669922e+00,1.382857227325439453e+01
-4.612085223197937012e-01,1.585506439208984375e+00
3.629776239395141602e-01,2.523297548294067383e+00
-2.306413277983665466e-02,7.154156208038330078e+00
-3.861058354377746582e-01,3.691637516021728516e+00
8.560836315155029297e-01,6.191591739654541016e+00
6.451668143272399902e-01,7.589373588562011719e+00
1.523663640022277832e+00,9.487462997436523438e+00
1.010343909263610840e+00,8.053936004638671875e+00
1.204588294029235840e+00,1.035161685943603516e+01
9.128971695899963379e-01,1.007686424255371094e+01
1.303290605545043945e+00,8.961239814758300781e+00
8.366032838821411133e-01,6.373863220214843750e+00
-3.218396306037902832e-01,4.115913867950439453e+00
-4.865903258323669434e-01,4.868431091308593750e+00
7.483517527580261230e-01,1.058722114562988281e+01
1.342176795005798340e+00,9.464491844177246094e+00
3.031218424439430237e-02,3.606975317001342773e+00
5.644890666007995605e-01,6.480060577392578125e+00
3.214716613292694092e-01,7.471187591552734375e+00
7.621705532073974609e-01,8.232874870300292969e+00
1.142716646194458008e+00,1.114966773986816406e+01
7.956441044807434082e-01,1.135771274566650391e+01
7.639909386634826660e-01,6.109498023986816406e+00
1.856794953346252441e-01,5.157252311706542969e+00
2.963233590126037598e-01,5.361805915832519531e+00
9.703239798545837402e-01,8.172442436218261719e+00
1.120812177658081055e+00,1.183942127227783203e+01
4.167735576629638672e-01,7.579047679901123047e+00
7.632076144218444824e-01,9.446377754211425781e+00
1.099172949790954590e+00,8.700203895568847656e+00
-5.275527238845825195e-01,5.877270698547363281e+00
1.654855012893676758e-01,5.822521209716796875e+00
4.695289433002471924e-01,6.044807434082031250e+00
7.959553599357604980e-01,7.848570823669433594e+00
5.033805966377258301e-01,7.158936500549316406e+00
-4.995396360754966736e-02,8.076138496398925781e+00
1.046805500984191895e+00,9.134814262390136719e+00
2.634108781814575195e+00,1.537012672424316406e+01
9.746722579002380371e-01,8.784816741943359375e+00
7.335359454154968262e-01,8.966484069824218750e+00
9.493699669837951660e-01,9.543977737426757812e+00
4.903355240821838379e-01,6.421519756317138672e+00
8.155568838119506836e-01,6.837371826171875000e+00
8.642747998237609863e-01,7.058260917663574219e+00
-6.489694118499755859e-01,8.391230702400207520e-01
1.237418055534362793e+00,1.159319400787353516e+01
8.564160466194152832e-01,6.646619796752929688e+00
-3.893703818321228027e-01,5.679553031921386719e+00
6.822769641876220703e-01,7.763953685760498047e+00
5.219296813011169434e-01,4.710274219512939453e+00
-2.300357222557067871e-01,6.686980247497558594e+00
1.397915482521057129e+00,1.363218212127685547e+01
-7.911663651466369629e-01,7.250772118568420410e-01
1.198968052864074707e+00,9.673129081726074219e+00
3.632054924964904785e-01,1.071457195281982422e+01
4.530900120735168457e-01,6.639381408691406250e+00
1.654275298118591309e+00,1.432975387573242188e+01
-2.176059782505035400e-01,8.298067092895507812e+00
1.553214192390441895e-01,7.437746524810791016e+00
9.183440208435058594e-01,9.921553611755371094e+00
6.989883780479431152e-01,6.324547767639160156e+00
-9.050601720809936523e-02,4.759628295898437500e+00
8.690620064735412598e-01,9.160714149475097656e+00
1.254419684410095215e-01,1.879829287528991699e+00
1.079847455024719238e+00,6.218380928039550781e+00
2.273735404014587402e-01,8.630202293395996094e+00
9.352188706398010254e-01,9.260697364807128906e+00
9.943647980690002441e-01,8.263047218322753906e+00
1.286022782325744629e+00,1.010403537750244141e+01
-4.182220697402954102e-01,3.823016643524169922e+00
6.622675061225891113e-02,6.720873832702636719e+00
6.191673874855041504e-01,6.388472557067871094e+00
8.076105713844299316e-01,7.715757369995117188e+00
1.359269618988037109e+00,1.339106559753417969e+01
6.884574890136718750e-01,6.916162490844726562e+00
1.454497933387756348e+00,1.142600154876708984e+01
1.212024569511413574e+00,1.162400531768798828e+01
7.528218626976013184e-01,4.239776611328125000e+00
-2.032763063907623291e-01,6.673563480377197266e+00
9.465759992599487305e-02,8.734745979309082031e+00
1.049113035202026367e+00,7.034711837768554688e+00
5.418245196342468262e-01,6.456218719482421875e+00
1.177427172660827637e+00,1.149080181121826172e+01
3.296119347214698792e-02,4.115315914154052734e+00
6.944549679756164551e-01,9.463431358337402344e+00
-6.267870664596557617e-01,2.256936550140380859e+00
1.278866052627563477e+00,1.027090740203857422e+01
-5.871147513389587402e-01,3.003958702087402344e+00
7.314514517784118652e-01,8.821791648864746094e+00
4.981590509414672852e-01,6.148876190185546875e+00
6.316202282905578613e-01,8.910973548889160156e+00
2.530969381332397461e-01,4.880696296691894531e+00
8.917961716651916504e-01,1.046230411529541016e+01
8.563892245292663574e-01,6.807999610900878906e+00
8.751137256622314453e-01,9.239819526672363281e+00
3.734852075576782227e-01,5.774005889892578125e+00
9.936809539794921875e-01,7.872545719146728516e+00
5.118169784545898438e-01,8.793292045593261719e+00
2.620244920253753662e-01,7.292016983032226562e+00
1.286323666572570801e+00,9.716630935668945312e+00
1.233727097511291504e+00,1.021168708801269531e+01
6.236056685447692871e-01,6.155344486236572266e+00
-8.218328356742858887e-01,3.032468318939208984e+00
1.396862387657165527e+00,1.060794544219970703e+01
5.367067456245422363e-01,7.529842853546142578e+00
1.146498322486877441e+00,1.013374996185302734e+01
1.012578248977661133e+00,6.735056400299072266e+00
1.941699504852294922e+00,1.330701541900634766e+01
7.419448494911193848e-01,6.482619285583496094e+00
-6.039153933525085449e-01,2.723646402359008789e+00
2.709446549415588379e-01,6.724821090698242188e+00
3.283520042896270752e-01,7.827088356018066406e+00
3.406440615653991699e-01,7.314725875854492188e+00
-9.484255313873291016e-01,4.807375907897949219e+00
-3.155778944492340088e-01,3.648975133895874023e+00
4.553086161613464355e-01,6.335277557373046875e+00
1.009628891944885254e+00,7.589722156524658203e+00
7.088655829429626465e-01,4.250562191009521484e+00
-4.472336173057556152e-01,2.233776807785034180e+00
6.603581309318542480e-01,8.936718940734863281e+00
-2.142468094825744629e-01,6.225039482116699219e+00
-5.666777491569519043e-01,7.946969866752624512e-01
5.078037977218627930e-01,7.362032413482666016e+00
-2.919451594352722168e-01,5.565321922302246094e+00
7.915870547294616699e-01,6.653108596801757812e+00
4.033506289124488831e-02,4.953807830810546875e+00
8.181397318840026855e-01,8.973147392272949219e+00
9.209505915641784668e-01,8.090398788452148438e+00
-5.669180750846862793e-01,4.958634376525878906e+00
1.819244503974914551e+00,1.523474788665771484e+01
5.455964803695678711e-01,6.198661804199218750e+00
1.403384208679199219e+00,1.053237628936767578e+01
5.542568564414978027e-01,7.391080856323242188e+00
1.015515923500061035e+00,7.192042350769042969e+00
1.017220854759216309e+00,1.119493103027343750e+01
9.597007632255554199e-01,9.202663421630859375e+00
-2.958929166197776794e-02,4.960762500762939453e+00
3.108903765678405762e-01,5.127342700958251953e+00
2.100836515426635742e+00,1.437163066864013672e+01
1.539812564849853516e+00,1.262888431549072266e+01
3.188481926918029785e-01,9.074767231941223145e-01
1.085461735725402832e+00,9.000340461730957031e+00
9.042604565620422363e-01,6.021874427795410156e+00
3.238819241523742676e-01,6.523428916931152344e+00
7.263460755348205566e-01,1.096027851104736328e+01
2.403666973114013672e-01,7.433220863342285156e+00
-6.282535791397094727e-01,4.245435714721679688e+00
1.163152456283569336e+00,8.318516731262207031e+00
7.053858637809753418e-01,6.308800697326660156e+00
7.650607824325561523e-02,5.244199752807617188e+00
5.218439102172851562e-01,5.147034645080566406e+00
-3.332872390747070312e-01,6.405934333801269531e+00
-4.923104643821716309e-01,3.213617563247680664e+00
1.107368230819702148e+00,8.980031013488769531e+00
-4.668248891830444336e-01,5.683155059814453125e+00
1.439600348472595215e+00,1.167324638366699219e+01
-6.332325935363769531e-02,5.818017005920410156e+00
4.099169969558715820e-01,7.810070037841796875e+00
7.410814166069030762e-01,6.236215591430664062e+00
-6.135586500167846680e-01,3.999353170394897461e+00
4.366445243358612061e-01,8.684334754943847656e+00
6.709110140800476074e-01,9.297607421875000000e+00
8.637672066688537598e-01,9.049030303955078125e+00
1.457635998725891113e+00,1.248831653594970703e+01
2.404725849628448486e-01,5.329904556274414062e+00
-6.052174568176269531e-01,6.212252616882324219e+00
-5.284909605979919434e-01,2.168758869171142578e+00
3.586419224739074707e-01,6.977769374847412109e+00
1.765390634536743164e-01,7.339472770690917969e+00
-6.155408024787902832e-01,5.406488418579101562e+00
8.514956235885620117e-01,8.018774032592773438e+00
-2.443152666091918945e-01,3.115226268768310547e+00
-1.501489281654357910e-01,2.781028985977172852e+00
7.237291336059570312e-01,8.349460601806640625e+00
1.701415181159973145e-01,3.030813694000244141e+00
-4.652684032917022705e-01,1.926738381385803223e+00
1.077092766761779785e+00,9.250483512878417969e+00
8.022359013557434082e-01,8.807179450988769531e+00
1.998271942138671875e-01,6.888303756713867188e+00
1.055570125579833984e+00,1.001629257202148438e+01
4.252496063709259033e-01,4.742278099060058594e+00
7.176994085311889648e-01,5.981866836547851562e+00
3.693534135818481445e-01,8.632111549377441406e+00
4.453415572643280029e-01,5.898820877075195312e+00
-1.652634143829345703e-01,5.587879657745361328e+00
9.092142581939697266e-01,6.352760791778564453e+00
8.840464949607849121e-01,1.200556945800781250e+01
3.630468249320983887e-01,4.455187797546386719e+00
-6.223095059394836426e-01,2.704605340957641602e+00
7.561872601509094238e-01,9.040047645568847656e+00
1.391104936599731445e+00,1.094792842864990234e+01
-7.153500914573669434e-01,3.426753282546997070e+00
4.726099967956542969e-01,9.066436767578125000e+00
1.244026899337768555e+00,1.031338500976562500e+01
3.474774360656738281e-01,8.098978042602539062e+00
1.664040684700012207e+00,1.437755107879638672e+01
1.211365103721618652e+00,9.864226341247558594e+00
-7.090037465095520020e-01,2.195006132125854492e+00
3.516013622283935547e-01,8.822596549987792969e+00
-3.573584556579589844e-01,6.111937046051025391e+00
2.059840559959411621e-01,5.674238204956054688e+00
9.415927529335021973e-01,5.872188568115234375e+00
1.417533278465270996e+00,1.113177204132080078e+01
2.205843329429626465e-01,2.645131349563598633e+00
-1.785754784941673279e-02,6.081238746643066406e+00
1.833735466003417969e+00,1.296464347839355469e+01
4.869969487190246582e-01,7.579774856567382812e+00
8.045799732208251953e-01,6.893186569213867188e+00
-9.088742733001708984e-02,5.976655006408691406e+00
7.806319594383239746e-01,7.728113651275634766e+00
9.117731451988220215e-01,6.745264530181884766e+00
9.221147298812866211e-01,7.950562000274658203e+00
7.605581283569335938e-01,9.025305747985839844e+00
6.366759538650512695e-02,5.813450813293457031e+00
1.274910449981689453e+00,1.238777065277099609e+01
1.638647913932800293e+00,1.406282711029052734e+01
8.577573895454406738e-01,8.983328819274902344e+00
1.562026262283325195e+00,1.194339179992675781e+01
2.754933238029479980e-01,7.921484470367431641e+00
1.184037089347839355e+00,9.968157768249511719e+00
8.135949373245239258e-01,8.931030273437500000e+00
3.775413930416107178e-01,7.657782077789306641e+00
2.802850246429443359e+00,1.482979393005371094e+01
1.285224676132202148e+00,9.697606086730957031e+00
4.159137606620788574e-01,5.054393768310546875e+00
3.053358197212219238e-01,5.133829593658447266e+00
7.655189633369445801e-01,5.037564754486083984e+00
1.231318116188049316e+00,7.170589447021484375e+00
1.266106367111206055e-01,4.506313323974609375e+00
3.698288798332214355e-01,3.535830259323120117e+00
-5.654160380363464355e-01,5.512341022491455078e+00
9.660814404487609863e-01,7.978133201599121094e+00
-2.585804089903831482e-02,4.677513122558593750e+00
-3.819101750850677490e-01,5.760463714599609375e+00
5.079588890075683594e-01,7.906417846679687500e+00
1.065233826637268066e+00,1.053544521331787109e+01
1.302429080009460449e+00,9.046153068542480469e+00
-7.286013960838317871e-01,2.532328367233276367e+00
-2.888108491897583008e-01,3.311280012130737305e+00
4.055724740028381348e-01,4.426027297973632812e+00
1.241998553276062012e+00,1.162078571319580078e+01
7.378812432289123535e-01,5.933279514312744141e+00
9.188460707664489746e-01,1.122342967987060547e+01
4.189152419567108154e-01,6.493109703063964844e+00
7.632909417152404785e-01,8.097513198852539062e+00
6.799163818359375000e-01,8.474959373474121094e+00
1.116603612899780273e+00,1.094540691375732422e+01
5.791468024253845215e-01,6.805931091308593750e+00
5.182911157608032227e-01,3.846539258956909180e+00
1.233029484748840332e+00,9.233004570007324219e+00
1.459312319755554199e+00,1.112118625640869141e+01
8.730478882789611816e-01,6.552909851074218750e+00
4.450434818863868713e-02,5.221466541290283203e+00
8.054289817810058594e-01,6.115756034851074219e+00
7.916434407234191895e-01,1.073366260528564453e+01
8.865166902542114258e-01,8.109780311584472656e+00
6.765596866607666016e-01,7.999166488647460938e+00
7.143229246139526367e-01,8.416842460632324219e+00
9.160404801368713379e-01,6.087373733520507812e+00
-5.257784128189086914e-01,5.439148902893066406e+00
4.371463954448699951e-01,5.696946144104003906e+00
9.886041879653930664e-01,1.096877384185791016e+01
-5.809571146965026855e-01,4.412590026855468750e+00
4.380734264850616455e-01,1.129295825958251953e+01
7.897971868515014648e-01,6.834650039672851562e+00
1.259011864662170410e+00,1.107400703430175781e+01
7.844545841217041016e-01,5.672429084777832031e+00
2.615575492382049561e-01,5.851158142089843750e+00
4.664811491966247559e-01,7.284124851226806641e+00
4.766194224357604980e-01,2.615803003311157227e+00
3.104361295700073242e-01,7.531897544860839844e+00
1.055046439170837402e+00,1.041638565063476562e+01
-3.643918633460998535e-01,3.492418289184570312e+00
7.859231829643249512e-01,9.024233818054199219e+00
2.830184102058410645e-01,5.936285018920898438e+00
1.998147666454315186e-01,7.190863609313964844e+00
-5.652366876602172852e-01,1.443663954734802246e+00
8.101842403411865234e-01,9.661529541015625000e+00
1.089513421058654785e+00,1.119825267791748047e+01
1.221377030014991760e-02,5.334566116333007812e+00
-1.990982890129089355e-01,4.025895595550537109e+00
4.925239458680152893e-02,5.112609386444091797e+00
2.969895601272583008e-01,3.897689580917358398e+00
1.750972747802734375e+00,1.157062244415283203e+01
5.514175891876220703e-01,6.619304656982421875e+00
7.004085779190063477e-01,5.960402488708496094e+00
1.324185729026794434e+00,9.446559906005859375e+00
-1.328157782554626465e-01,6.524428367614746094e+00
1.302371740341186523e+00,1.088727283477783203e+01
8.286871314048767090e-01,6.104467868804931641e+00
4.497941136360168457e-01,7.476980209350585938e+00
3.872996941208839417e-02,2.308184385299682617e+00
-3.199146986007690430e-01,2.540032386779785156e+00
9.329311251640319824e-01,5.777474403381347656e+00
-4.429619014263153076e-01,2.601344883441925049e-01
3.081273436546325684e-01,5.829322814941406250e+00
9.712470769882202148e-01,6.278147697448730469e+00
1.104355335235595703e+00,1.142451953887939453e+01
1.556908965110778809e+00,1.423651981353759766e+01
-6.039428338408470154e-02,4.370336055755615234e+00
-5.379998087882995605e-01,3.938178777694702148e+00
8.799479603767395020e-01,7.387364864349365234e+00
1.098827958106994629e+00,5.892595767974853516e+00
-1.693210601806640625e-01,5.974957466125488281e+00
2.426002025604248047e-01,6.862436294555664062e+00
8.334020972251892090e-01,7.065951347351074219e+00
3.130655288696289062e-01,4.239321231842041016e+00
6.816842555999755859e-01,3.569613456726074219e+00
7.109107375144958496e-01,9.740570068359375000e+00
1.551305949687957764e-01,6.405515670776367188e+00
8.598200082778930664e-01,6.355982780456542969e+00
7.957155108451843262e-01,9.338091850280761719e+00
1.086204409599304199e+00,1.136238288879394531e+01
3.454122841358184814e-01,6.862133026123046875e+00
8.433966040611267090e-01,4.352563858032226562e+00
1.260717630386352539e+00,9.789978027343750000e+00
1.131311535835266113e+00,7.799893379211425781e+00
9.644711613655090332e-01,6.404008388519287109e+00
6.409931182861328125e-01,7.124258995056152344e+00
-6.705118417739868164e-01,1.235341191291809082e+00
4.447040855884552002e-01,7.930876731872558594e+00
2.078482151031494141e+00,1.429191303253173828e+01
-4.995619654655456543e-01,6.051261901855468750e+00
9.984850287437438965e-01,9.090198516845703125e+00
1.028958678245544434e+00,9.440588951110839844e+00
7.735221982002258301e-01,5.822515487670898438e+00
1.011808037757873535e+00,5.913084030151367188e+00
-3.000251054763793945e-01,4.537664413452148438e+00
1.724965453147888184e+00,1.251360607147216797e+01
1.094320654869079590e+00,6.859305381774902344e+00
8.534416556358337402e-01,1.228810501098632812e+01
1.001772046089172363e+00,1.074322986602783203e+01
8.591338396072387695e-01,6.142295360565185547e+00
1.206135749816894531e-01,2.923711776733398438e+00
1.188965439796447754e+00,8.969107627868652344e+00
9.003648161888122559e-01,6.954187393188476562e+00
-2.394038438796997070e-01,4.690558433532714844e+00
1.036701321601867676e+00,1.175004482269287109e+01
7.665443420410156250e-01,5.396437644958496094e+00
7.181698083877563477e-01,9.064925193786621094e+00
3.621731102466583252e-01,7.935150146484375000e+00
-6.787663698196411133e-02,5.354413032531738281e+00
8.649564981460571289e-01,7.118186950683593750e+00
2.353991746902465820e+00,1.467088508605957031e+01
7.776451706886291504e-01,6.994386196136474609e+00
1.361575841903686523e+00,8.959389686584472656e+00
1.206441402435302734e+00,1.187242412567138672e+01
1.430973887443542480e+00,1.190380668640136719e+01
1.373000979423522949e+00,1.067404651641845703e+01
8.300788998603820801e-01,7.346171379089355469e+00
-2.083414420485496521e-02,3.559979438781738281e+00
6.326893568038940430e-01,9.395287513732910156e+00
1.114066362380981445e+00,6.796238899230957031e+00
9.267070889472961426e-01,9.735928535461425781e+00
2.112120866775512695e+00,1.440990734100341797e+01
-3.536996841430664062e-01,2.677119970321655273e+00
9.020041823387145996e-01,9.005782127380371094e+00
3.021574616432189941e-01,4.745264053344726562e+00
2.383720874786376953e-01,8.721399307250976562e+00
7.134218811988830566e-01,9.695193290710449219e+00
1.121489644050598145e+00,5.811657905578613281e+00
9.251466989517211914e-01,6.791431427001953125e+00
1.638835787773132324e+00,1.457440662384033203e+01
9.951834678649902344e-01,9.540423393249511719e+00
-2.259836196899414062e-01,6.266510963439941406e+00
-5.336409434676170349e-02,4.745131969451904297e+00
7.444036602973937988e-01,1.029901599884033203e+01
7.658106684684753418e-01,6.353525161743164062e+00
6.784145832061767578e-01,9.495989799499511719e+00
7.372601628303527832e-01,5.864041328430175781e+00
-1.234045624732971191e-01,5.456472396850585938e+00
6.613125801086425781e-01,7.772314548492431641e+00
5.551815405488014221e-02,5.474209308624267578e+00
1.563647389411926270e-01,7.673284530639648438e+00
-4.562759101390838623e-01,2.914458990097045898e+00
1.881943821907043457e+00,1.423016452789306641e+01
-5.774842500686645508e-01,3.848767280578613281e+00
-8.495954871177673340e-01,1.036113619804382324e+00
1.062811970710754395e+00,8.531285285949707031e+00
8.853296637535095215e-01,6.289862632751464844e+00
3.504884615540504456e-02,7.501032829284667969e+00
9.010258316993713379e-01,5.903566837310791016e+00
-1.077626347541809082e-01,3.949586391448974609e+00
1.013211369514465332e+00,1.069381523132324219e+01
7.618663311004638672e-01,9.264160156250000000e+00
5.253086686134338379e-01,9.861057281494140625e+00
1.091536879539489746e-01,4.487874984741210938e+00
6.425052285194396973e-01,2.561674594879150391e+00
7.925115823745727539e-01,5.852205753326416016e+00
1.570299267768859863e+00,1.087502574920654297e+01
5.515344738960266113e-01,5.421430110931396484e+00
5.292615294456481934e-01,5.733109474182128906e+00
1.296719431877136230e+00,1.249639701843261719e+01
3.369767367839813232e-01,9.142018318176269531e+00
-2.089176774024963379e-01,4.335269927978515625e+00
1.141959190368652344e+00,7.866006851196289062e+00
3.662163615226745605e-01,9.698472023010253906e+00
3.981000557541847229e-02,4.388610839843750000e+00
-7.791900634765625000e-02,3.791096210479736328e+00
1.050160050392150879e+00,6.042030811309814453e+00
-6.679511070251464844e-02,2.960342645645141602e+00
1.005450189113616943e-01,7.132808685302734375e+00
7.605604529380798340e-01,6.432284355163574219e+00
1.526341199874877930e+00,1.271112728118896484e+01
1.779566407203674316e-01,7.371058464050292969e+00
1.321448206901550293e+00,1.026433658599853516e+01
-5.295503735542297363e-01,3.150329828262329102e+00
1.103387951850891113e+00,6.506840229034423828e+00
8.158476352691650391e-01,1.001643466949462891e+01
7.534480690956115723e-01,8.846968650817871094e+00
-2.706050500273704529e-02,2.186641931533813477e+00
-6.542608141899108887e-02,6.290637016296386719e+00
5.684567689895629883e-01,7.611231803894042969e+00
-2.621405124664306641e-01,4.321247577667236328e+00
9.160002470016479492e-01,9.106382369995117188e+00
4.426088333129882812e-01,6.269207954406738281e+00
7.507310509681701660e-01,9.284310340881347656e+00
-1.418596208095550537e-01,5.828044891357421875e+00
-2.042652368545532227e-01,7.136849403381347656e+00
5.967784523963928223e-01,5.614558696746826172e+00
3.921248614788055420e-01,7.306481838226318359e+00
1.437822461128234863e+00,1.295383930206298828e+01
1.078220725059509277e+00,7.662035942077636719e+00
1.270890712738037109e+00,1.390332508087158203e+01
-1.249180734157562256e-01,6.084493637084960938e+00
1.053780436515808105e+00,1.063905811309814453e+01
1.196983337402343750e+00,9.150578498840332031e+00
1.571754813194274902e-01,6.153183937072753906e+00
8.200750946998596191e-01,7.020013809204101562e+00
9.513596892356872559e-01,6.617176055908203125e+00
1.091280102729797363e+00,8.194468498229980469e+00
-5.979546904563903809e-01,3.399667501449584961e+00
1.257608532905578613e+00,1.258254337310791016e+01
-2.498217225074768066e-01,3.521119654178619385e-01
9.879132509231567383e-01,6.661252498626708984e+00
-7.511623501777648926e-01,3.292763948440551758e+00
1.006552100181579590e+00,9.502360343933105469e+00
1.003446340560913086e+00,7.328482627868652344e+00
6.120014786720275879e-01,9.544816017150878906e+00
3.256391882896423340e-01,7.726408004760742188e+00
1.248997747898101807e-01,9.706154823303222656e+00
3.038783669471740723e-01,6.179089069366455078e+00
-2.217098474502563477e-01,3.206679582595825195e+00
9.730831980705261230e-01,6.908912658691406250e+00
6.954424381256103516e-01,8.793579101562500000e+00
1.796291232109069824e+00,1.286714076995849609e+01
1.302614212036132812e-01,8.550058364868164062e+00
-6.810384392738342285e-01,2.613164186477661133e+00
3.905608057975769043e-01,8.668042182922363281e+00
9.524598121643066406e-01,7.841641426086425781e+00
-9.773129224777221680e-02,1.022082805633544922e+00
1.616652846336364746e+00,1.291720485687255859e+01
-3.554287552833557129e-01,4.712967395782470703e+00
6.584644317626953125e-02,7.970131874084472656e+00
1.677563071250915527e+00,1.242605209350585938e+01
5.221236944198608398e-01,5.082004547119140625e+00
8.565319776535034180e-01,9.304740905761718750e+00
7.574089765548706055e-01,4.262333393096923828e+00
9.967558979988098145e-01,6.320572853088378906e+00
5.737376213073730469e-01,6.369695663452148438e+00
-4.637699127197265625e-01,1.874957919120788574e+00
3.051820676773786545e-03,6.089206218719482422e+00
4.194118976593017578e-01,4.388590335845947266e+00
-2.100924253463745117e-01,4.013097286224365234e+00
2.447156906127929688e+00,1.576984882354736328e+01
1.113115429878234863e+00,9.944159507751464844e+00
3.668822348117828369e-01,8.396334648132324219e+00
4.606322348117828369e-01,6.289985656738281250e+00
5.875413417816162109e-01,7.850036621093750000e+00
6.170775294303894043e-01,6.537527561187744141e+00
4.490566849708557129e-01,7.170611858367919922e+00
2.253858089447021484e+00,1.368892955780029297e+01
8.350974321365356445e-01,8.918343544006347656e+00
7.682198882102966309e-01,8.233021736145019531e+00
1.146050930023193359e+00,1.131331157684326172e+01
-5.097186565399169922e-01,7.224051475524902344e+00
5.163158178329467773e-01,6.676221370697021484e+00
1.473702311515808105e+00,1.186660099029541016e+01
8.536080121994018555e-01,9.500973701477050781e+00
9.564999490976333618e-03,4.057558059692382812e+00
1.442567229270935059e+00,1.269901084899902344e+01
4.231909513473510742e-01,6.024888515472412109e+00
-3.441729843616485596e-01,2.152258872985839844e+00
3.255099654197692871e-01,8.090575218200683594e+00
6.669393181800842285e-01,9.189478874206542969e+00
1.901054084300994873e-01,8.331559181213378906e+00
7.633748929947614670e-03,1.129572272300720215e+00
1.040785908699035645e+00,8.811356544494628906e+00
-6.149130687117576599e-02,2.586574792861938477e+00
6.324901580810546875e-01,6.498707771301269531e+00
4.490768313407897949e-01,5.317382812500000000e+00
2.483465671539306641e-01,2.360514163970947266e+00
7.468016743659973145e-01,6.872600078582763672e+00
6.804445385932922363e-01,9.069929122924804688e+00
-1.981556415557861328e-01,2.824126482009887695e+00
2.540752291679382324e-01,8.610057830810546875e+00
8.761504888534545898e-01,6.435732841491699219e+00
3.652059137821197510e-01,7.717191696166992188e+00
-6.743565797805786133e-01,5.070578575134277344e+00
-7.094170451164245605e-01,1.184604048728942871e+00
9.086391329765319824e-01,9.247799873352050781e+00
7.238528132438659668e-01,4.950946807861328125e+00
3.551393449306488037e-01,5.888542652130126953e+00
6.902817487716674805e-01,7.155753612518310547e+00
5.098466277122497559e-01,8.261588096618652344e+00
6.012662649154663086e-01,8.240261077880859375e+00
6.724628806114196777e-01,6.090189933776855469e+00
1.355887413024902344e+00,8.249530792236328125e+00
8.803170919418334961e-01,6.513998031616210938e+00
-3.225985765457153320e-01,6.920674324035644531e+00
7.878090739250183105e-01,9.852997779846191406e+00
1.029045462608337402e+00,8.185976982116699219e+00
1.147089004516601562e+00,7.452331542968750000e+00
-3.589909672737121582e-01,6.140533685684204102e-01
-4.916442632675170898e-01,2.936769723892211914e+00
4.066139832139015198e-02,8.284857749938964844e+00
6.756448149681091309e-01,7.186964988708496094e+00
6.744839549064636230e-01,1.089757442474365234e+01
-9.550100564956665039e-02,6.790406227111816406e+00
1.310065388679504395e+00,1.067540073394775391e+01
3.144823312759399414e-01,6.703184604644775391e+00
6.090153455734252930e-01,3.712919950485229492e+00
4.666835367679595947e-01,5.840082645416259766e+00
8.432653546333312988e-01,1.129318714141845703e+01
3.719405233860015869e-01,6.240447998046875000e+00
4.527944624423980713e-01,1.110657215118408203e+01
1.054063200950622559e+00,8.982759475708007812e+00
9.421561360359191895e-01,6.478548526763916016e+00
1.972017884254455566e-01,1.738324403762817383e+00
7.435908913612365723e-01,5.824613571166992188e+00
1.166505813598632812e+00,7.634429931640625000e+00
1.420837044715881348e-01,7.176002025604248047e+00
9.180663228034973145e-01,6.788651466369628906e+00
-4.377751946449279785e-01,4.427824020385742188e+00
1.299406886100769043e+00,8.581143379211425781e+00
7.007405161857604980e-01,6.014791965484619141e+00
1.549143910408020020e+00,1.109087562561035156e+01
8.602863550186157227e-01,6.261816978454589844e+00
9.220827817916870117e-01,9.961756706237792969e+00
6.139624714851379395e-01,9.288926124572753906e+00
1.018196582794189453e+00,8.124522209167480469e+00
6.006056070327758789e-01,5.851417541503906250e+00
9.765923023223876953e-01,1.012213611602783203e+01
1.133662581443786621e+00,5.750674247741699219e+00
2.762861847877502441e-01,5.666044235229492188e+00
-3.988351821899414062e-01,5.865616321563720703e+00
9.305942654609680176e-01,9.987230300903320312e+00
-4.938120543956756592e-01,4.694873809814453125e+00
1.153254389762878418e+00,7.667765617370605469e+00
8.817967772483825684e-01,9.328749656677246094e+00
1.117964744567871094e+00,9.895146369934082031e+00
2.729279279708862305e+00,1.415776157379150391e+01
9.555589556694030762e-01,7.060183525085449219e+00
-1.511966288089752197e-01,5.907548904418945312e+00
4.778717458248138428e-01,5.496717929840087891e+00
1.021932959556579590e-01,2.445786237716674805e+00
5.410088896751403809e-01,8.109010696411132812e+00
5.528805255889892578e-01,6.048788070678710938e+00
8.208589553833007812e-01,8.656673431396484375e+00
2.111456692218780518e-01,4.651375293731689453e+00
1.507443308830261230e+00,1.297462558746337891e+01
9.752438068389892578e-01,7.224539756774902344e+00
2.149261236190795898e+00,1.415056514739990234e+01
4.543484449386596680e-01,1.250407123565673828e+01
9.960171580314636230e-01,8.661473274230957031e+00
8.068190217018127441e-01,6.347194671630859375e+00
1.033357262611389160e+00,9.480063438415527344e+00
-1.258056759834289551e-01,5.829259395599365234e+00
2.360149919986724854e-01,8.476243019104003906e+00
8.101275563240051270e-01,8.501517295837402344e+00
-2.939131259918212891e-01,6.608007431030273438e+00
1.011754870414733887e+00,8.319092750549316406e+00
6.663532257080078125e-01,8.659537315368652344e+00
1.594149470329284668e-01,7.212669372558593750e+00
9.726185202598571777e-01,1.102326202392578125e+01
1.065504431724548340e+00,7.359301567077636719e+00
1.302705883979797363e+00,1.112541866302490234e+01
9.231495261192321777e-01,5.839631080627441406e+00
1.234929263591766357e-01,5.559278011322021484e+00
1.417208194732666016e+00,1.022094249725341797e+01
9.985955357551574707e-01,1.022278308868408203e+01
6.078702807426452637e-01,5.893983364105224609e+00
-4.873273968696594238e-01,6.629246711730957031e+00
2.317946851253509521e-01,1.000321674346923828e+01
7.460987567901611328e-01,1.073846340179443359e+01
-8.394665718078613281e-01,1.035516858100891113e+00
2.503881454467773438e-01,2.854965925216674805e+00
9.472182989120483398e-01,9.847738265991210938e+00
-3.776741027832031250e-01,6.123710632324218750e+00
1.028513550758361816e+00,9.393712043762207031e+00
1.045786261558532715e+00,1.157291507720947266e+01
1.096687555313110352e+00,8.017074584960937500e+00
-2.519869431853294373e-02,5.984448432922363281e+00
-5.938252806663513184e-01,9.186745285987854004e-01
-5.013198852539062500e-01,2.918404340744018555e+00
-1.740535497665405273e-01,2.386367321014404297e+00
1.047545790672302246e+00,8.923935890197753906e+00
-5.544670224189758301e-01,4.732984066009521484e+00
8.034124970436096191e-01,7.343265533447265625e+00
1.034249544143676758e+00,9.296632766723632812e+00
1.044864058494567871e+00,8.721400260925292969e+00
7.314848899841308594e-01,5.795492172241210938e+00
-6.872319579124450684e-01,5.247129917144775391e+00
8.654218912124633789e-01,4.876154899597167969e+00
4.251808524131774902e-01,6.486240386962890625e+00
7.360378503799438477e-01,1.019921684265136719e+01
3.634286820888519287e-01,6.514168262481689453e+00
-3.574039041996002197e-01,2.694539785385131836e+00
5.415001511573791504e-01,4.589469909667968750e+00
1.089996933937072754e+00,8.360762596130371094e+00
-6.276094317436218262e-01,2.596349954605102539e+00
1.102784752845764160e+00,1.040057659149169922e+01
1.808909773826599121e-01,4.198543071746826172e+00
4.951809048652648926e-01,7.893457412719726562e+00
1.170526146888732910e+00,1.064600658416748047e+01
-4.425334557890892029e-02,4.695147991180419922e+00
4.717167615890502930e-01,8.085744857788085938e+00
7.005772590637207031e-01,3.807687282562255859e+00
6.238235831260681152e-01,7.817880630493164062e+00
1.145786643028259277e-01,6.571574211120605469e+00
4.536015167832374573e-02,4.061737537384033203e+00
1.082783579826354980e+00,6.621355533599853516e+00
5.668817162513732910e-01,6.763195037841796875e+00
1.294036269187927246e+00,8.876187324523925781e+00
1.290977358818054199e+00,1.080767154693603516e+01
1.760061681270599365e-01,6.102931976318359375e+00
3.732033371925354004e-01,6.434257507324218750e+00
9.039409756660461426e-01,5.586252212524414062e+00
6.490976810455322266e-01,7.429623603820800781e+00
8.051529526710510254e-01,9.241497993469238281e+00
1.073274254798889160e+00,6.415894508361816406e+00
1.960248351097106934e+00,1.211997795104980469e+01
4.172256588935852051e-01,7.286048412322998047e+00
9.723955988883972168e-01,1.049687099456787109e+01
1.310525774955749512e+00,1.119350147247314453e+01
2.762857675552368164e-01,5.878803253173828125e+00
9.171560406684875488e-01,5.852136135101318359e+00
3.637748956680297852e-01,4.680276393890380859e+00
9.052845835685729980e-01,5.850278854370117188e+00
1.295202612876892090e+00,1.181073284149169922e+01
4.414737597107887268e-02,2.619929552078247070e+00
2.910973727703094482e-01,3.861194610595703125e+00
-3.037155270576477051e-01,2.542062282562255859e+00
6.779750585556030273e-01,6.366644859313964844e+00
2.723079323768615723e-01,8.756588935852050781e+00
8.200193643569946289e-01,7.231192588806152344e+00
8.974959850311279297e-01,1.044109439849853516e+01
-2.810808122158050537e-01,6.515435218811035156e+00
2.212550640106201172e-01,5.769598484039306641e+00
2.439329922199249268e-01,6.761358737945556641e+00
2.021656513214111328e+00,1.500702953338623047e+01
6.183243393898010254e-01,7.076086044311523438e+00
5.473478436470031738e-01,6.051108837127685547e+00
1.392585411667823792e-02,2.086632490158081055e+00
-1.642941236495971680e-01,8.584001541137695312e+00
3.793790340423583984e-01,4.816887378692626953e+00
-5.576524138450622559e-01,2.547200441360473633e+00
9.194253087043762207e-01,8.289935111999511719e+00
-4.899346530437469482e-01,4.514815807342529297e+00
1.645671963691711426e+00,1.339062786102294922e+01
7.476347088813781738e-01,7.427402496337890625e+00
-4.444438219070434570e-01,3.351610660552978516e+00
9.630346894264221191e-01,1.175117206573486328e+01
6.053562164306640625e-01,2.845383405685424805e+00
1.276541352272033691e+00,1.018262672424316406e+01
3.056280612945556641e-01,7.771974563598632812e+00
9.367559552192687988e-01,9.171521186828613281e+00
-4.956383705139160156e-01,3.241186380386352539e+00
1.127401828765869141e+00,9.196070671081542969e+00
-6.721049547195434570e-02,3.954933643341064453e+00
8.049869537353515625e-02,5.824984073638916016e+00
6.544266343116760254e-01,6.694709300994873047e+00
6.353276371955871582e-01,8.033472061157226562e+00
-2.566535472869873047e-01,5.171589851379394531e+00
-7.706283330917358398e-01,1.805383324623107910e+00
9.590584039688110352e-02,5.262851715087890625e+00
6.494829058647155762e-01,9.463587760925292969e+00
1.339603066444396973e+00,9.098138809204101562e+00
5.281648635864257812e-01,7.073903083801269531e+00
1.048332214355468750e+00,1.010085201263427734e+01
1.642891168594360352e-01,5.828823089599609375e+00
6.360813975334167480e-01,1.076528358459472656e+01
6.403043270111083984e-01,8.786252021789550781e+00
9.185410141944885254e-01,6.609468936920166016e+00
7.983680367469787598e-01,7.301498889923095703e+00
-4.446774125099182129e-01,3.180887937545776367e+00
1.803743839263916016e-01,3.906195163726806641e+00
1.029501438140869141e+00,9.348642349243164062e+00
1.063311576843261719e+00,9.823431968688964844e+00
1.086437821388244629e+00,9.457921981811523438e+00
4.336515963077545166e-01,6.312606811523437500e+00
9.537616372108459473e-01,7.554975509643554688e+00
-9.708040356636047363e-01,6.495010375976562500e+00
5.175598263740539551e-01,4.141028881072998047e+00
1.324294924736022949e+00,9.629151344299316406e+00
6.933229565620422363e-01,5.810564517974853516e+00
1.089779138565063477e+00,9.550837516784667969e+00
-1.862866282463073730e-01,6.653300762176513672e+00
4.241406321525573730e-01,7.687740325927734375e+00
5.398447513580322266e-01,8.712871551513671875e+00
-5.484636425971984863e-01,2.866517379879951477e-02
6.367933154106140137e-01,5.878137111663818359e+00
1.251369953155517578e+00,9.929452896118164062e+00
4.458191096782684326e-01,6.987770080566406250e+00
2.669624090194702148e-01,6.563660144805908203e+00
3.843130171298980713e-01,8.238579750061035156e+00
1.340623021125793457e+00,7.141386985778808594e+00
-6.306651830673217773e-01,2.332298517227172852e+00
9.905504584312438965e-01,6.274372100830078125e+00
9.966900944709777832e-01,8.101809501647949219e+00
9.080525636672973633e-01,1.196490859985351562e+01
8.369124531745910645e-01,8.297316551208496094e+00
5.663192272186279297e-01,8.439117431640625000e+00
2.585346698760986328e-01,8.335473060607910156e+00
1.183692574501037598e+00,1.301426982879638672e+01
5.970877408981323242e-01,5.973676681518554688e+00
6.512462496757507324e-01,9.308667182922363281e+00
-4.747011959552764893e-01,3.696233928203582764e-01
1.093051910400390625e+00,8.185464859008789062e+00
1.124633193016052246e+00,7.024827957153320312e+00
1.290690541267395020e+00,1.114674091339111328e+01
3.707526326179504395e-01,7.700671672821044922e+00
9.274368286132812500e-01,8.881426811218261719e+00
1.981240808963775635e-01,4.700410366058349609e+00
1.466569602489471436e-01,7.121080875396728516e+00
4.354395270347595215e-01,2.765834331512451172e+00
7.452219724655151367e-02,2.904308080673217773e+00
1.435919761657714844e+00,1.215935993194580078e+01
4.688313901424407959e-01,5.992120742797851562e+00
1.390488982200622559e+00,1.215671443939208984e+01
2.273378968238830566e-01,6.993269443511962891e+00
-8.453782796859741211e-01,1.899703860282897949e+00
-1.568859443068504333e-02,6.276785373687744141e+00
8.145460486412048340e-01,8.432649612426757812e+00
1.483523130416870117e+00,1.129925918579101562e+01
9.898753762245178223e-01,8.930792808532714844e+00
9.831125736236572266e-01,1.025050067901611328e+01
9.251964688301086426e-01,9.600152969360351562e+00
7.160946726799011230e-01,5.749698638916015625e+00
6.692711114883422852e-01,4.166413307189941406e+00
9.499953389167785645e-01,8.853384971618652344e+00
2.274615764617919922e-01,6.728879928588867188e+00
1.639456748962402344e-01,7.148065567016601562e+00
-2.146241664886474609e-01,5.784906864166259766e+00
9.556520581245422363e-01,7.793317794799804688e+00
1.105509877204895020e+00,9.134883880615234375e+00
3.361319899559020996e-01,6.051898479461669922e+00
1.275980710983276367e+00,9.516130447387695312e+00
1.168535113334655762e+00,9.121479034423828125e+00
5.762171745300292969e-01,6.007488727569580078e+00
7.375838160514831543e-01,5.973208427429199219e+00
1.105697512626647949e+00,9.883570671081542969e+00
-3.476183116436004639e-01,3.592290282249450684e-01
9.106741547584533691e-01,6.225709915161132812e+00
7.706763148307800293e-01,7.246190547943115234e+00
-8.593062758445739746e-01,3.063610315322875977e+00
1.762177586555480957e+00,1.542281246185302734e+01
1.711098313331604004e+00,1.496850204467773438e+01
2.598843276500701904e-01,4.642735004425048828e+00
9.011391997337341309e-01,6.232544898986816406e+00
-1.258678138256072998e-01,6.621855258941650391e+00
3.678390383720397949e-01,6.430915832519531250e+00
1.488851070404052734e+00,9.356161117553710938e+00
-6.341852545738220215e-01,2.015692949295043945e+00
-1.805260181427001953e-01,6.640074253082275391e+00
3.845670521259307861e-01,9.390093803405761719e+00
8.609408736228942871e-01,7.497874259948730469e+00
1.333686947822570801e+00,1.118989658355712891e+01
6.208156347274780273e-01,6.708611488342285156e+00
-7.747136950492858887e-01,1.565023660659790039e+00
1.531246304512023926e-01,4.444225311279296875e+00
8.443508744239807129e-01,1.035039424896240234e+01
1.338019967079162598e+00,8.324169158935546875e+00
1.210553288459777832e+00,1.179385757446289062e+01
1.176619648933410645e+00,9.864534378051757812e+00
1.784289240837097168e+00,1.480558681488037109e+01
1.293300151824951172e+00,8.695271492004394531e+00
7.108630537986755371e-01,6.774131774902343750e+00
9.458661079406738281e-01,1.025521945953369141e+01
-3.190242350101470947e-01,3.654772996902465820e+00
1.708534121513366699e+00,1.328118705749511719e+01
-5.841657519340515137e-01,5.396110534667968750e+00
-1.598313152790069580e-01,5.801144599914550781e+00
8.041647076606750488e-01,5.129179954528808594e+00
5.811401605606079102e-01,4.652452468872070312e+00
8.115029335021972656e-01,1.111229038238525391e+01
-2.810860276222229004e-01,5.886393547058105469e+00
-1.886404752731323242e-01,7.980044364929199219e+00
8.176539540290832520e-01,7.311083793640136719e+00
1.181346058845520020e+00,1.083699512481689453e+01
7.714281678199768066e-01,8.977826118469238281e+00
-6.314370632171630859e-01,4.421127319335937500e+00
2.029288411140441895e-01,8.463366508483886719e+00
3.585729375481605530e-02,7.126333236694335938e+00
9.641841053962707520e-01,1.058870506286621094e+01
8.032807707786560059e-01,8.761920928955078125e+00
-7.430244088172912598e-01,2.404520273208618164e+00
-6.792648434638977051e-01,2.140052080154418945e+00
-1.699510812759399414e-01,4.500273227691650391e+00
7.516796588897705078e-01,8.020397186279296875e+00
9.055095911026000977e-01,6.192955017089843750e+00
1.413945317268371582e+00,1.123669528961181641e+01
1.116410374641418457e+00,8.236109733581542969e+00
7.815638184547424316e-01,6.622249603271484375e+00
1.005711913108825684e+00,8.210817337036132812e+00
-3.205459117889404297e-01,1.522698044776916504e+00
-1.645918965339660645e+00,1.460962963104248047e+01
-5.312333106994628906e-01,5.273868560791015625e+00
7.847048640251159668e-01,7.123765945434570312e+00
9.115418791770935059e-01,8.756469726562500000e+00
1.011851429939270020e+00,1.034097957611083984e+01
2.685218155384063721e-01,7.676057815551757812e+00
-5.994653701782226562e-01,5.626117229461669922e+00
-7.114682793617248535e-01,2.235577821731567383e+00
-5.242388248443603516e-01,2.521755933761596680e+00
5.311852097511291504e-01,5.829190731048583984e+00
8.038843274116516113e-01,6.757727622985839844e+00
9.918392896652221680e-01,1.105350780487060547e+01
1.123639106750488281e+00,1.239706707000732422e+01
2.763668894767761230e-01,5.733857154846191406e+00
1.402470707893371582e+00,6.065570831298828125e+00
6.948916316032409668e-01,6.492818832397460938e+00
8.236910700798034668e-01,9.720091819763183594e+00
9.227771759033203125e-01,1.168027591705322266e+01
2.536541596055030823e-02,1.366431713104248047e+00
7.836433053016662598e-01,9.675059318542480469e+00
-3.823494315147399902e-01,3.264464139938354492e+00
8.207172155380249023e-01,6.486001491546630859e+00
-8.739775419235229492e-02,5.535736083984375000e+00
1.132970333099365234e+00,1.257160091400146484e+01
-5.907154679298400879e-01,4.100258052349090576e-01
-7.002214789390563965e-01,4.001305103302001953e+00
9.866506457328796387e-01,6.250754833221435547e+00
7.393096089363098145e-01,6.226396083831787109e+00
7.331123352050781250e-01,6.319142341613769531e+00
4.156254529953002930e-01,8.798363685607910156e+00
8.394175171852111816e-01,8.081983566284179688e+00
9.331498146057128906e-01,7.193207263946533203e+00
9.798507690429687500e-01,5.975945472717285156e+00
4.299128949642181396e-01,5.221056938171386719e+00
1.309978365898132324e+00,9.870191574096679688e+00
1.237770080566406250e+00,6.671681404113769531e+00
7.966950535774230957e-01,8.014509201049804688e+00
1.131088376045227051e+00,6.866255283355712891e+00
-8.956840634346008301e-02,6.454558372497558594e+00
1.202811837196350098e+00,8.543709754943847656e+00
1.701986193656921387e+00,1.407199382781982422e+01
8.027536273002624512e-01,5.531552791595458984e+00
9.580501914024353027e-01,9.346932411193847656e+00
9.767281413078308105e-01,1.121439647674560547e+01
3.019151091575622559e-01,9.558051109313964844e+00
2.269243478775024414e+00,1.339617824554443359e+01
9.293501377105712891e-01,9.727458953857421875e+00
9.065943956375122070e-01,1.041529655456542969e+01
-2.303531467914581299e-01,4.367962360382080078e+00
7.083712816238403320e-01,6.067817687988281250e+00
1.107294201850891113e+00,5.714886665344238281e+00
6.308000087738037109e-01,3.153105497360229492e+00
4.228170812129974365e-01,8.253394126892089844e+00
1.008813977241516113e+00,6.337242126464843750e+00
1.172152161598205566e+00,6.131648063659667969e+00
1.376044154167175293e-01,3.322406291961669922e+00
6.446542143821716309e-01,3.236511230468750000e+00
7.787415385246276855e-01,8.991312980651855469e+00
5.904138684272766113e-01,5.303318023681640625e+00
4.561914801597595215e-01,4.584079742431640625e+00
1.151447594165802002e-01,6.828480720520019531e+00
1.233744978904724121e+00,1.297410869598388672e+01
8.234208822250366211e-01,9.060128211975097656e+00
3.259792923927307129e-01,9.042614936828613281e+00
7.866074442863464355e-01,8.487786293029785156e+00
1.060497999191284180e+00,7.960248470306396484e+00
3.715728819370269775e-01,5.101252555847167969e+00
-2.345082461833953857e-01,6.363594055175781250e+00
1.160766005516052246e+00,1.077293682098388672e+01
-3.735887631773948669e-02,2.384880542755126953e+00
-4.804773032665252686e-01,6.038743019104003906e+00
9.767618775367736816e-01,8.016107559204101562e+00
-1.062120795249938965e-01,2.181482076644897461e+00
1.285912394523620605e+00,6.664657115936279297e+00
-1.630663871765136719e-01,5.600034594535827637e-01
1.461116373538970947e-01,6.104127883911132812e+00
1.616794943809509277e+00,1.292915153503417969e+01
4.568971395492553711e-01,6.068823814392089844e+00
7.816074490547180176e-01,8.108330726623535156e+00
7.794305682182312012e-02,9.817896842956542969e+00
2.668372988700866699e-01,5.385955810546875000e+00
8.560330867767333984e-01,8.736343383789062500e+00
-6.308310627937316895e-01,3.751350164413452148e+00
-6.725679636001586914e-01,4.246608614921569824e-01
9.710833430290222168e-01,1.105463027954101562e+01
1.704937577247619629e+00,1.209749126434326172e+01
8.439220190048217773e-01,8.485957145690917969e+00
6.528527736663818359e-01,6.334589958190917969e+00
9.881701469421386719e-01,6.781537055969238281e+00
9.332938194274902344e-01,6.800230026245117188e+00
-5.214251875877380371e-01,4.952472686767578125e+00
1.443466305732727051e+00,1.002329158782958984e+01
1.909830570220947266e-01,5.809173107147216797e+00
8.563815951347351074e-01,6.752532958984375000e+00
1.009571790695190430e+00,1.056198978424072266e+01
2.955038547515869141e-01,5.003031730651855469e+00
3.860837593674659729e-02,5.271492004394531250e+00
6.195297241210937500e-01,8.885060310363769531e+00
7.298318147659301758e-01,8.161838531494140625e+00
6.710665822029113770e-01,6.150827407836914062e+00
3.362834826111793518e-02,6.203043937683105469e+00
7.011915445327758789e-01,7.038692474365234375e+00
8.134123682975769043e-01,8.882746696472167969e+00
1.071247935295104980e+00,7.720056533813476562e+00
1.151835918426513672e+00,8.517201423645019531e+00
7.188994288444519043e-01,5.985433101654052734e+00
1.116212487220764160e+00,6.719487190246582031e+00
-2.985030040144920349e-02,6.823973178863525391e+00
1.262838959693908691e+00,1.189080619812011719e+01
1.419277191162109375e-01,5.786303520202636719e+00
-2.506231665611267090e-01,2.979003190994262695e+00
2.706778347492218018e-01,5.967849731445312500e+00
-1.449350118637084961e-01,5.807102680206298828e+00
-6.085535883903503418e-01,5.264522552490234375e+00
2.330440282821655273e-01,8.071514129638671875e+00
2.336576282978057861e-01,7.290692329406738281e+00
-9.077219367027282715e-01,2.236991643905639648e+00
1.154966592788696289e+00,1.024930095672607422e+01
8.192729353904724121e-01,8.952851295471191406e+00
1.040658354759216309e+00,6.351863861083984375e+00
-2.470274865627288818e-01,5.365137577056884766e+00
5.802845954895019531e-01,8.421701431274414062e+00
1.243341803550720215e+00,1.182468414306640625e+01
6.015343666076660156e-01,9.040799140930175781e+00
-2.942812144756317139e-01,5.882012844085693359e+00
-7.462051510810852051e-02,6.056729316711425781e+00
5.065481066703796387e-01,6.791744232177734375e+00
1.809687972068786621e+00,1.400300693511962891e+01
1.743921041488647461e-01,5.267062664031982422e+00
-7.316860556602478027e-01,4.887526512145996094e+00
1.358755469322204590e+00,9.983778953552246094e+00
2.704837918281555176e-01,3.544408082962036133e+00
-5.366181954741477966e-02,3.990646123886108398e+00
-1.849278211593627930e-01,3.695235490798950195e+00
1.029085636138916016e+00,5.615128993988037109e+00
1.682343184947967529e-01,4.932338714599609375e+00
1.108294963836669922e+00,1.076540279388427734e+01
5.132320523262023926e-01,7.686724662780761719e+00
-5.494952201843261719e-01,5.590415000915527344e+00
1.073885798454284668e+00,9.541231155395507812e+00
7.921622991561889648e-01,7.031550407409667969e+00
5.197240710258483887e-01,7.427162170410156250e+00
1.426358520984649658e-01,6.077735900878906250e+00
8.344004750251770020e-01,5.112351417541503906e+00
6.751461625099182129e-01,6.430125236511230469e+00
8.590459227561950684e-01,6.204365730285644531e+00
9.723036885261535645e-01,8.228344917297363281e+00
9.818415641784667969e-01,8.440291404724121094e+00
9.712550044059753418e-01,7.473907947540283203e+00
7.280826568603515625e-01,9.418054580688476562e+00
-4.726921617984771729e-01,3.311600208282470703e+00
6.806706786155700684e-01,7.258865356445312500e+00
1.473703742027282715e+00,9.626491546630859375e+00
2.778572738170623779e-01,7.041965484619140625e+00
1.159090161323547363e+00,1.236834621429443359e+01
9.584304690361022949e-01,7.799859523773193359e+00
4.109683912247419357e-03,5.869886398315429688e+00
8.946083188056945801e-01,9.117556571960449219e+00
1.409101128578186035e+00,1.165966129302978516e+01
3.870394825935363770e-01,2.636504888534545898e+00
5.486828461289405823e-02,5.939108371734619141e+00
6.031915545463562012e-01,8.922444343566894531e+00
6.357786059379577637e-01,5.757369995117187500e+00
2.712794542312622070e-01,4.232530593872070312e+00
8.255696892738342285e-01,8.756027221679687500e+00
9.343448877334594727e-01,5.252433776855468750e+00
6.782384514808654785e-01,6.457998752593994141e+00
7.712397575378417969e-01,4.747414588928222656e+00
1.106197237968444824e+00,6.465285301208496094e+00
-1.317554712295532227e-01,8.248588562011718750e+00
6.134758591651916504e-01,5.079680442810058594e+00
-3.019687253981828690e-03,4.564866542816162109e+00
-5.152854323387145996e-01,1.210997939109802246e+00
3.541812002658843994e-01,6.140157699584960938e+00
5.113767385482788086e-01,4.193918228149414062e+00
1.300840139389038086e+00,9.850960731506347656e+00
-1.541089415550231934e-01,5.851387023925781250e+00
1.123918533325195312e+00,1.537405371665954590e+00
7.235447764396667480e-01,6.611265182495117188e+00
1.156612336635589600e-01,5.479343414306640625e+00
9.738093614578247070e-01,8.622450828552246094e+00
3.898936212062835693e-01,6.007372856140136719e+00
7.744101881980895996e-01,9.738696098327636719e+00
8.721809983253479004e-01,9.829205513000488281e+00
4.329511523246765137e-01,3.476752042770385742e+00
1.726476073265075684e+00,1.265567016601562500e+01
3.629917502403259277e-01,4.870818138122558594e+00
1.001178026199340820e+00,8.551573753356933594e+00
9.248269200325012207e-01,9.767659187316894531e+00
9.535606503486633301e-01,7.812713146209716797e+00
9.850409030914306641e-01,8.549612045288085938e+00
1.927905678749084473e-01,9.596605896949768066e-01
1.304150938987731934e+00,1.177958774566650391e+01
-3.565939962863922119e-01,4.857742309570312500e+00
9.011455178260803223e-01,6.073020935058593750e+00
4.187199845910072327e-02,8.297264099121093750e+00
9.891946911811828613e-01,9.411328315734863281e+00
1.313542366027832031e+00,1.093711948394775391e+01
-1.560827493667602539e-01,6.221617698669433594e+00
1.156448006629943848e+00,9.098715782165527344e+00
-3.156726658344268799e-01,6.201120376586914062e+00
2.002891063690185547e+00,1.497995948791503906e+01
-7.038193941116333008e-02,3.494151830673217773e+00
8.678346872329711914e-01,9.581601142883300781e+00
-4.866311252117156982e-01,8.047461509704589844e+00
1.809418797492980957e-01,4.074034690856933594e+00
5.913210511207580566e-01,6.571310043334960938e+00
1.016420960426330566e+00,4.930644989013671875e+00
1.016509652137756348e+00,8.632151603698730469e+00
1.190966367721557617e+00,1.043140316009521484e+01
1.030777931213378906e+00,1.253758335113525391e+01
6.606279015541076660e-01,6.917180061340332031e+00
8.860446810722351074e-01,8.493908882141113281e+00
2.432676851749420166e-01,5.793385505676269531e+00
1.345715761184692383e+00,1.028407192230224609e+01
-2.887081801891326904e-01,5.538673400878906250e+00
-1.484712362289428711e-01,6.303273677825927734e+00
3.477805256843566895e-01,5.545753479003906250e+00
1.098337888717651367e+00,8.985507011413574219e+00
7.386091947555541992e-01,9.986046791076660156e+00
4.640698730945587158e-01,9.359088897705078125e+00
-5.389919877052307129e-01,3.465106725692749023e+00
1.331287026405334473e+00,9.593453407287597656e+00
4.803429543972015381e-01,5.480210781097412109e+00
8.382745385169982910e-01,1.005336666107177734e+01
-5.132073760032653809e-01,5.870953083038330078e+00
2.859019041061401367e-01,3.549895048141479492e+00
5.735020041465759277e-01,7.387067317962646484e+00
1.079011321067810059e+00,9.043644905090332031e+00
9.280222654342651367e-02,3.778222560882568359e+00
1.393292069435119629e+00,1.215036487579345703e+01
-5.543897151947021484e-01,2.153372526168823242e+00
1.820528879761695862e-02,4.275597572326660156e+00
9.224492311477661133e-02,8.692810058593750000e+00
9.363082051277160645e-02,6.130364418029785156e+00
1.199244260787963867e-01,4.608161926269531250e+00
3.798739910125732422e-01,6.296484470367431641e+00
4.676910340785980225e-01,5.642214775085449219e+00
-4.433438777923583984e-01,2.446042060852050781e+00
-1.669229865074157715e-01,3.622584581375122070e+00
7.782256603240966797e-01,1.117831707000732422e+01
1.000755786895751953e+00,8.708468437194824219e+00
1.154970645904541016e+00,9.875250816345214844e+00
3.155579864978790283e-01,4.530390739440917969e+00
1.360085606575012207e+00,1.258458042144775391e+01
8.999499678611755371e-01,1.002755260467529297e+01
6.425009965896606445e-01,9.609980583190917969e+00
4.435541927814483643e-01,7.020537376403808594e+00
1.146686375141143799e-01,5.729270935058593750e+00
9.467819333076477051e-01,1.070310878753662109e+01
-4.252456128597259521e-01,7.788591384887695312e+00
-4.550891742110252380e-02,3.806132555007934570e+00
7.723469138145446777e-01,7.803945541381835938e+00
1.005750894546508789e+00,5.917621612548828125e+00
2.994250655174255371e-01,3.744796514511108398e+00
5.083323121070861816e-01,6.510359764099121094e+00
1.102354526519775391e+00,1.102218914031982422e+01
1.817906498908996582e-01,3.227099895477294922e+00
6.354586482048034668e-01,7.139399528503417969e+00
-2.472006902098655701e-02,6.594659805297851562e+00
1.486985564231872559e+00,1.199633312225341797e+01
9.201124310493469238e-01,7.331869125366210938e+00
7.619053721427917480e-01,9.060664176940917969e+00
7.398629188537597656e-01,7.947115898132324219e+00
2.204316854476928711e-01,6.155614852905273438e+00
8.157367110252380371e-01,8.723376274108886719e+00
1.886188685894012451e-01,6.980378627777099609e+00
7.063570022583007812e-01,5.650169372558593750e+00
4.209432601928710938e-01,4.032175064086914062e+00
-2.633752822875976562e-01,6.641997337341308594e+00
-7.835693955421447754e-01,6.279078483581542969e+00
1.045718193054199219e+00,6.487813472747802734e+00
-1.790122985839843750e-01,6.335735321044921875e+00
1.623342633247375488e+00,1.210548686981201172e+01
-1.733639836311340332e-01,6.334871292114257812e+00
1.079492926597595215e+00,6.663846015930175781e+00
4.231229722499847412e-01,9.244832992553710938e+00
-5.637329220771789551e-01,4.165743827819824219e+00
5.587914586067199707e-01,6.207595348358154297e+00
7.725543975830078125e-01,1.169608688354492188e+01
7.713965177536010742e-01,6.250428676605224609e+00
-1.272866129875183105e-01,7.400954723358154297e+00
2.894320785999298096e-01,5.236558914184570312e+00
-4.837433099746704102e-01,6.492714881896972656e+00
4.970000386238098145e-01,6.113648414611816406e+00
9.034941196441650391e-01,8.312960624694824219e+00
1.071385979652404785e+00,8.813520431518554688e+00
1.005366086959838867e+00,8.975021362304687500e+00
8.525282144546508789e-01,8.852162361145019531e+00
1.063369750976562500e+00,9.118451118469238281e+00
1.307143807411193848e+00,1.327408123016357422e+01
1.307905197143554688e+00,1.217708206176757812e+01
7.839244604110717773e-01,8.168379783630371094e+00
3.641206622123718262e-01,4.707081794738769531e+00
1.260220885276794434e+00,1.334140682220458984e+01
5.647029876708984375e-01,6.430322647094726562e+00
-2.248478531837463379e-01,5.764835357666015625e+00
5.633726716041564941e-01,4.877702713012695312e+00
1.154018759727478027e+00,8.750739097595214844e+00
5.719885230064392090e-01,7.738729476928710938e+00
6.642223000526428223e-01,6.740465164184570312e+00
1.126468181610107422e+00,1.160873699188232422e+01
7.844766378402709961e-01,8.812509536743164062e+00
2.426808178424835205e-01,8.641311645507812500e+00
5.758758187294006348e-01,9.109634399414062500e+00
5.418280959129333496e-01,5.974586963653564453e+00
-4.603020548820495605e-01,2.598536968231201172e+00
-6.838025450706481934e-01,5.494823455810546875e+00
9.710678458213806152e-01,5.819362163543701172e+00
3.012728989124298096e-01,6.572710514068603516e+00
1.570249915122985840e+00,1.092860317230224609e+01
9.331741929054260254e-01,9.895790100097656250e+00
3.797341585159301758e-01,8.722150802612304688e+00
3.482163548469543457e-01,5.342462539672851562e+00
8.241804242134094238e-01,5.553901672363281250e+00
9.054670929908752441e-01,7.075790405273437500e+00
4.758438840508460999e-02,6.722340583801269531e+00
2.436824798583984375e+00,1.457021236419677734e+01
9.962938427925109863e-01,8.429382324218750000e+00
9.113684296607971191e-01,8.390578269958496094e+00
-4.211280643939971924e-01,2.685070335865020752e-01
-2.994434535503387451e-01,5.827779769897460938e+00
6.989429593086242676e-01,7.308580398559570312e+00
-3.589628040790557861e-01,6.363761901855468750e+00
7.770765423774719238e-01,9.237749099731445312e+00
-7.332869172096252441e-01,3.277897596359252930e+00
-1.167763948440551758e+00,5.172164916992187500e+00
1.003137350082397461e+00,7.693239212036132812e+00
1.013489484786987305e+00,9.470393180847167969e+00
6.702923178672790527e-01,6.969195365905761719e+00
-8.526112437248229980e-01,6.324436187744140625e+00
-1.024349808692932129e+00,1.828764319419860840e+00
-2.117435336112976074e-01,3.069480180740356445e+00
-4.863221645355224609e-01,3.338477373123168945e+00
-5.064221024513244629e-01,2.664342641830444336e+00
7.496019005775451660e-01,5.018900871276855469e+00
8.768662810325622559e-01,8.261664390563964844e+00
6.289849281311035156e-01,6.139741897583007812e+00
1.012993454933166504e-01,2.444701433181762695e+00
1.188197731971740723e+00,7.719326019287109375e+00
7.302206754684448242e-01,7.638749599456787109e+00
1.358668208122253418e+00,8.221333503723144531e+00
-8.216572403907775879e-01,5.731391906738281250e+00
1.102582514286041260e-01,8.820841789245605469e+00
1.049536585807800293e+00,1.112909221649169922e+01
-6.883683800697326660e-01,4.341518402099609375e+00
4.062551259994506836e-01,4.403413772583007812e+00
1.509866118431091309e-01,5.765206336975097656e+00
8.379741907119750977e-01,6.516273498535156250e+00
6.362542510032653809e-01,7.291789054870605469e+00
1.269210815429687500e+00,1.028721714019775391e+01
5.373672842979431152e-01,7.982133865356445312e+00
8.537742495536804199e-01,8.903601646423339844e+00
6.807466149330139160e-01,8.841103553771972656e+00
-7.544814944267272949e-01,5.192879199981689453e+00
1.314070105552673340e+00,1.080809879302978516e+01
7.399383783340454102e-01,8.653057098388671875e+00
1.075049042701721191e+00,1.108113670349121094e+01
-1.811756491661071777e-01,5.562273025512695312e+00
-6.468553543090820312e-01,1.216813176870346069e-01
8.240925669670104980e-01,2.272541284561157227e+00
7.907087802886962891e-01,6.726440429687500000e+00
9.917523264884948730e-01,6.968388557434082031e+00
7.485241293907165527e-01,9.861149787902832031e+00
6.320050358772277832e-02,7.239973068237304688e+00
7.118680477142333984e-01,8.614836692810058594e+00
3.605358004570007324e-01,5.783168315887451172e+00
4.764226675033569336e-01,5.864110946655273438e+00
2.373527884483337402e-01,3.970131397247314453e+00
9.094572663307189941e-01,1.097379016876220703e+01
9.368262290954589844e-01,1.088397693634033203e+01
-1.128019690513610840e-01,3.192608356475830078e+00
-9.436589479446411133e-02,3.869722604751586914e+00
-2.213869690895080566e-01,6.630517959594726562e+00
-5.202472805976867676e-01,3.598247766494750977e+00
-3.627981543540954590e-01,3.081283092498779297e+00
1.913935244083404541e-01,8.158364295959472656e+00
1.509048342704772949e+00,1.314532089233398438e+01
8.219595551490783691e-01,9.350046157836914062e+00
3.388873040676116943e-01,7.543393135070800781e+00
7.055763602256774902e-01,4.603791713714599609e+00
1.064934611320495605e+00,9.168858528137207031e+00
1.102760791778564453e+00,9.852697372436523438e+00
-3.167392313480377197e-01,5.784707069396972656e+00
8.044033646583557129e-01,8.094786643981933594e+00
2.548122778534889221e-02,5.336161613464355469e+00
6.781925559043884277e-01,5.907213211059570312e+00
1.437645435333251953e+00,1.075513744354248047e+01
9.525753855705261230e-01,8.312098503112792969e+00
1.144893884658813477e+00,1.258979892730712891e+01
5.769520401954650879e-01,8.085287094116210938e+00
1.137647628784179688e-01,6.974597930908203125e+00
8.329696059226989746e-01,8.096982955932617188e+00
1.268788337707519531e+00,9.430680274963378906e+00
4.205912351608276367e-01,6.744235038757324219e+00
1.119651317596435547e+00,1.063942432403564453e+01
1.523619055747985840e+00,1.109631443023681641e+01
8.129943013191223145e-01,7.560132503509521484e+00
5.900461077690124512e-01,5.087786674499511719e+00
2.505388855934143066e-01,6.076230049133300781e+00
3.989248275756835938e-01,7.298326015472412109e+00
1.025152206420898438e-01,6.690066337585449219e+00
1.825164258480072021e-01,7.492127895355224609e+00
-6.276414990425109863e-01,1.632770895957946777e+00
1.199746251106262207e+00,1.037923431396484375e+01
-2.654158696532249451e-02,2.111680746078491211e+00
-1.563720107078552246e-01,6.921957969665527344e+00
1.766181588172912598e+00,1.293116378784179688e+01
8.655340075492858887e-01,1.034839630126953125e+01
-8.333759307861328125e-01,1.734530091285705566e+00
1.031764268875122070e+00,6.736166000366210938e+00
-6.886434555053710938e-02,4.985156059265136719e+00
6.612785458564758301e-01,8.911732673645019531e+00
1.566397070884704590e+00,1.128022098541259766e+01
8.910092711448669434e-01,9.562059402465820312e+00
-1.499648094177246094e-01,5.631613731384277344e+00
1.051887869834899902e+00,9.412041664123535156e+00
5.034203529357910156e-01,6.047760963439941406e+00
4.935175552964210510e-02,5.953460216522216797e+00
6.600125432014465332e-01,6.301913261413574219e+00
-4.370777904987335205e-01,1.955879479646682739e-01
1.676259875297546387e+00,1.475357723236083984e+01
-5.790480971336364746e-01,2.165509909391403198e-01
1.100821614265441895e+00,1.049542236328125000e+01
5.731595754623413086e-01,6.219251632690429688e+00
7.568194270133972168e-01,9.511013984680175781e+00
6.755395531654357910e-01,8.003156661987304688e+00
-4.695364236831665039e-01,4.895840644836425781e+00
7.811380028724670410e-01,6.362909317016601562e+00
2.015581130981445312e-01,7.087693214416503906e+00
1.158060431480407715e+00,7.915212631225585938e+00
1.958965659141540527e-01,3.993524789810180664e+00
-1.068999767303466797e-01,4.486416816711425781e+00
1.605061054229736328e+00,1.328364372253417969e+01
6.607620120048522949e-01,6.840317726135253906e+00
-3.888986706733703613e-01,3.569374322891235352e+00
3.595454096794128418e-01,7.369313240051269531e+00
1.414249539375305176e+00,9.799686431884765625e+00
1.585283637046813965e+00,1.224654579162597656e+01
3.473491072654724121e-01,6.552380084991455078e+00
5.128556862473487854e-02,4.276297092437744141e+00
6.264350414276123047e-01,8.607378959655761719e+00
3.017856478691101074e-01,7.421167850494384766e+00
1.163851141929626465e+00,9.198657035827636719e+00
1.614205837249755859e-01,8.657116889953613281e+00
-1.830272078514099121e-01,2.221107244491577148e+00
1.551926434040069580e-01,5.687345504760742188e+00
9.297677278518676758e-01,6.942097663879394531e+00
-7.621619701385498047e-01,5.319322109222412109e+00
9.391069412231445312e-02,2.476012229919433594e+00
1.210847616195678711e+00,7.155436992645263672e+00
5.232762098312377930e-01,5.837078094482421875e+00
3.249224126338958740e-01,4.247242450714111328e+00
-3.906645476818084717e-01,5.358516693115234375e+00
1.003229260444641113e+00,1.245705509185791016e+01
6.786440014839172363e-01,7.133646011352539062e+00
-2.938460707664489746e-01,2.204674005508422852e+00
-4.444590210914611816e-01,1.606890678405761719e+00
8.436919450759887695e-01,7.085701942443847656e+00
-1.317168772220611572e-01,7.992396354675292969e+00
9.588065147399902344e-01,6.753023147583007812e+00
8.584767580032348633e-02,6.824643135070800781e+00
1.628304600715637207e+00,1.477608013153076172e+01
2.751889228820800781e-01,2.041497945785522461e+00
2.087385654449462891e-01,6.223036766052246094e+00
-1.461953520774841309e-01,4.169729709625244141e+00
-7.780885696411132812e-01,4.787552833557128906e+00
1.069346189498901367e+00,8.950805664062500000e+00
5.317152142524719238e-01,6.209560394287109375e+00
8.730568885803222656e-01,7.652964115142822266e+00
-2.972498163580894470e-02,6.730167388916015625e+00
1.104531049728393555e+00,1.064882946014404297e+01
4.884023666381835938e-01,7.062335014343261719e+00
8.758382201194763184e-01,6.848017692565917969e+00
6.089671850204467773e-01,7.288633823394775391e+00
8.591246604919433594e-01,7.890138149261474609e+00
-1.685785353183746338e-01,7.003944396972656250e+00
-3.384927213191986084e-01,4.789027214050292969e+00
1.113221764564514160e+00,1.146748447418212891e+01
9.139601588249206543e-01,5.909625053405761719e+00
5.956060290336608887e-01,6.361927986145019531e+00
7.726822495460510254e-01,7.158460140228271484e+00
1.111662864685058594e+00,1.166952323913574219e+01
1.341572105884552002e-01,5.643574714660644531e+00
6.458145976066589355e-01,6.833422183990478516e+00
3.464410603046417236e-01,7.853039741516113281e+00
7.794061303138732910e-01,6.126703262329101562e+00
7.941057682037353516e-01,7.953212261199951172e+00
-7.967751622200012207e-01,6.051360964775085449e-01
-6.178703624755144119e-03,6.767700672149658203e+00
1.181735396385192871e+00,9.378527641296386719e+00
8.908811956644058228e-03,8.099115371704101562e+00
-7.734100222587585449e-01,4.982643127441406250e+00
8.743665814399719238e-01,8.036733627319335938e+00
2.569679498672485352e+00,1.605420303344726562e+01
2.005493640899658203e-01,6.935585975646972656e+00
1.357945203781127930e-01,6.876935958862304688e+00
9.609937667846679688e-02,2.218838691711425781e+00
9.927561879158020020e-01,8.692868232727050781e+00
-1.436180472373962402e-01,6.338028907775878906e+00
1.543853580951690674e-01,8.441657066345214844e+00
4.974660873413085938e-01,6.913105964660644531e+00
9.293177723884582520e-01,5.622554779052734375e+00
-4.165853857994079590e-01,6.714788913726806641e+00
-3.447496891021728516e-01,5.063346862792968750e+00
1.617947101593017578e+00,1.281623554229736328e+01
6.732613444328308105e-01,6.550487995147705078e+00
9.910570979118347168e-01,6.372014045715332031e+00
9.740630984306335449e-01,9.963937759399414062e+00
-8.925387263298034668e-02,7.057261943817138672e+00
1.276419758796691895e-01,1.942695975303649902e+00
-8.251772522926330566e-01,3.013115167617797852e+00
2.704283595085144043e-01,6.256787300109863281e+00
-6.369162201881408691e-01,1.875860571861267090e+00
6.735422015190124512e-01,9.581521034240722656e+00
1.315182149410247803e-01,6.349642276763916016e+00
4.116787314414978027e-01,8.770648002624511719e+00
9.585207700729370117e-01,1.145305347442626953e+01
1.032521128654479980e+00,1.158348178863525391e+01
4.618310332298278809e-01,5.648589134216308594e+00
1.305946469306945801e+00,9.641655921936035156e+00
3.296598196029663086e-01,4.586213588714599609e+00
1.214251041412353516e+00,8.025038719177246094e+00
1.100036859512329102e+00,8.129576683044433594e+00
6.883373856544494629e-01,5.975080490112304688e+00
3.708787560462951660e-01,8.985090255737304688e+00
4.167584776878356934e-01,7.242629528045654297e+00
1.022235035896301270e+00,7.160548686981201172e+00
1.169954657554626465e+00,8.974308967590332031e+00
4.282019734382629395e-01,9.543307304382324219e+00
7.922402024269104004e-01,8.193384170532226562e+00
8.660047054290771484e-01,8.750070571899414062e+00
4.500682055950164795e-01,6.404579162597656250e+00
-8.162574768066406250e-01,1.774303555488586426e+00
-5.231118798255920410e-01,1.023676037788391113e+00
3.115865886211395264e-01,7.290111064910888672e+00
-5.443614348769187927e-02,5.838897705078125000e+00
-2.458603084087371826e-01,7.495750904083251953e+00
-1.050948500633239746e-01,1.010013675689697266e+01
3.036791682243347168e-01,6.716182708740234375e+00
1.000597596168518066e+00,6.511260032653808594e+00
6.522977352142333984e-01,7.977377891540527344e+00
1.837789177894592285e+00,1.402555751800537109e+01
1.867245435714721680e-01,7.018799304962158203e+00
3.658919036388397217e-01,6.825176239013671875e+00
-5.789837241172790527e-01,5.896341323852539062e+00
2.392691850662231445e+00,1.525702190399169922e+01
3.857118189334869385e-01,4.019515037536621094e+00
7.703477740287780762e-01,1.123114299774169922e+01
1.201040267944335938e+00,8.028525352478027344e+00
7.263130545616149902e-01,6.470009326934814453e+00
-5.407305359840393066e-01,4.868180274963378906e+00
6.492331027984619141e-01,5.890236854553222656e+00
5.258613824844360352e-01,5.745470046997070312e+00
1.356384754180908203e-01,7.843521118164062500e+00
9.143335819244384766e-01,9.981070518493652344e+00
4.852282106876373291e-01,5.768526554107666016e+00
5.523871183395385742e-01,8.663981437683105469e+00
7.986099720001220703e-01,6.873030185699462891e+00
8.481568098068237305e-02,5.197000503540039062e+00
-6.889334321022033691e-01,2.577987670898437500e+00
1.757108569145202637e-01,4.313977718353271484e+00
2.074307575821876526e-02,5.374240875244140625e+00
-1.006532609462738037e-01,6.866235733032226562e+00
8.744376897811889648e-01,7.161826133728027344e+00
8.451907038688659668e-01,6.023038864135742188e+00
1.783469319343566895e-01,4.171338081359863281e+00
6.476402878761291504e-01,8.649552345275878906e+00
3.476826250553131104e-01,7.210082054138183594e+00
-4.619177579879760742e-01,6.724386215209960938e+00
7.212114930152893066e-01,6.828025817871093750e+00
2.060517072677612305e-01,3.890311002731323242e+00
4.574491083621978760e-01,4.690615653991699219e+00
1.425794005393981934e+00,1.076506328582763672e+01
1.158580899238586426e+00,6.296734809875488281e+00
3.158579468727111816e-01,7.533734798431396484e+00
5.344741344451904297e-01,6.493051528930664062e+00
5.757957100868225098e-01,2.736598491668701172e+00
1.066343307495117188e+00,9.487790107727050781e+00
-6.153236031532287598e-01,2.759189128875732422e+00
1.560498356819152832e+00,1.038560199737548828e+01
4.794270992279052734e-01,6.639518737792968750e+00
9.372732639312744141e-01,9.527116775512695312e+00
5.682117119431495667e-02,5.034713745117187500e+00
8.450656533241271973e-01,6.249906539916992188e+00
1.056074976921081543e+00,9.031903266906738281e+00
7.802870869636535645e-01,9.911763191223144531e+00
7.670971155166625977e-01,9.485081672668457031e+00
2.332205772399902344e-01,2.639652729034423828e+00
-7.202813029289245605e-01,2.009782552719116211e+00
4.776302259415388107e-03,6.796445369720458984e+00
1.035426735877990723e+00,6.754907608032226562e+00
7.545179724693298340e-01,1.144438648223876953e+01
1.248515844345092773e-01,5.067698478698730469e+00
8.535621762275695801e-01,8.808516502380371094e+00
-3.426753580570220947e-01,3.167125225067138672e+00
1.614905953407287598e+00,1.126847267150878906e+01
1.031330585479736328e+00,8.214553833007812500e+00
6.030238866806030273e-01,4.248958110809326172e+00
1.005046129226684570e+00,1.019255733489990234e+01
6.794655323028564453e-01,7.426843643188476562e+00
9.339290857315063477e-02,9.113325119018554688e+00
1.261396765708923340e+00,8.425135612487792969e+00
5.588469281792640686e-02,7.364752769470214844e+00
1.074618697166442871e+00,1.035493087768554688e+01
-4.601706266403198242e-01,4.462883949279785156e+00
-7.560849785804748535e-01,4.181732177734375000e+00
5.492604374885559082e-01,8.528022766113281250e+00
6.467396616935729980e-01,6.971035957336425781e+00
1.725399136543273926e+00,1.379660415649414062e+01
-5.649746656417846680e-01,9.298083305358886719e+00
-3.300659656524658203e-01,3.850679159164428711e+00
7.525365352630615234e-01,7.356051445007324219e+00
6.457385420799255371e-01,7.851391792297363281e+00
8.356878161430358887e-01,8.569159507751464844e+00
8.573329448699951172e-01,7.051625251770019531e+00
-6.494164466857910156e-01,2.848263502120971680e+00
1.432778239250183105e+00,1.091685676574707031e+01
7.658936381340026855e-01,8.492198944091796875e+00
5.123139023780822754e-01,8.871018409729003906e+00
1.317405104637145996e+00,1.079706478118896484e+01
8.733282685279846191e-01,1.091126918792724609e+01
1.356990456581115723e+00,1.205249118804931641e+01
-2.690964341163635254e-01,4.153484344482421875e+00
7.069786190986633301e-01,5.944772720336914062e+00
1.284986853599548340e+00,1.082137107849121094e+01
8.093054294586181641e-01,8.411060333251953125e+00
2.637166976928710938e-01,4.885576248168945312e+00
5.607697367668151855e-01,7.174695968627929688e+00
1.016227483749389648e+00,6.747833728790283203e+00
-2.921405434608459473e-01,5.438107490539550781e+00
7.888466715812683105e-01,5.587711334228515625e+00
1.224926114082336426e-01,3.908991336822509766e+00
1.935687899589538574e+00,1.372907924652099609e+01
-5.703408718109130859e-01,5.093396186828613281e+00
1.036437749862670898e+00,1.158338832855224609e+01
1.074841499328613281e+00,1.182415294647216797e+01
4.118326306343078613e-01,9.860642433166503906e+00
5.177072286605834961e-01,4.867231845855712891e+00
6.493260860443115234e-01,1.037836360931396484e+01
-5.390690565109252930e-01,7.764038562774658203e+00
7.087171077728271484e-02,7.532607555389404297e+00
7.994257807731628418e-01,7.177016258239746094e+00
1.216449618339538574e+00,1.083757305145263672e+01
-6.197150349617004395e-01,2.622961282730102539e+00
2.086498737335205078e-01,4.610685348510742188e+00
8.725324273109436035e-01,1.169770336151123047e+01
6.609109044075012207e-01,7.364202022552490234e+00
1.287516951560974121e+00,8.922574043273925781e+00
1.031193375587463379e+00,8.387095451354980469e+00
2.479268312454223633e-01,6.286026954650878906e+00
-1.926781833171844482e-01,4.788286209106445312e+00
1.143187880516052246e+00,8.902994155883789062e+00
1.008221983909606934e+00,6.862041473388671875e+00
-4.611027836799621582e-01,6.005469322204589844e+00
-3.769737109541893005e-02,1.615499854087829590e+00
-1.011273145675659180e+00,2.111228704452514648e+00
2.667929530143737793e-01,2.390258073806762695e+00
2.228870987892150879e-01,4.801777839660644531e+00
4.516682401299476624e-02,6.888947963714599609e+00
9.036404490470886230e-01,7.843194007873535156e+00
1.099708557128906250e+00,7.108256340026855469e+00
1.171059846878051758e+00,1.000995254516601562e+01
8.539771437644958496e-01,9.484629631042480469e+00
1.561639308929443359e+00,1.065609073638916016e+01
9.451952576637268066e-01,5.785880565643310547e+00
-5.492116808891296387e-01,5.511187553405761719e+00
-1.511388719081878662e-01,7.109418869018554688e+00
7.703557014465332031e-01,6.587931632995605469e+00
6.440048813819885254e-01,7.067342758178710938e+00
-2.658883929252624512e-01,3.702288866043090820e+00
3.420529365539550781e-01,1.010488986968994141e+01
7.479563951492309570e-01,7.363173007965087891e+00
-1.164643764495849609e-01,6.523856163024902344e+00
1.690737605094909668e-01,1.004905033111572266e+01
1.343486547470092773e+00,1.028189945220947266e+01
6.920005679130554199e-01,8.287980079650878906e+00
-9.112567901611328125e-01,5.817371368408203125e+00
9.973222613334655762e-01,7.982667922973632812e+00
4.297496974468231201e-01,8.606017112731933594e+00
-4.489395618438720703e-01,6.085152626037597656e+00
5.660631656646728516e-01,4.512191772460937500e+00
1.345780372619628906e+00,1.117784786224365234e+01
1.535585403442382812e+00,1.153931045532226562e+01
6.878269910812377930e-01,7.618710517883300781e+00
3.255856931209564209e-01,6.228907585144042969e+00
3.275352120399475098e-01,5.205808639526367188e+00
1.385146021842956543e+00,9.874802589416503906e+00
4.276920557022094727e-01,9.505660057067871094e+00
6.716479659080505371e-01,9.451472282409667969e+00
4.028097391128540039e-01,8.463770866394042969e+00
8.453426957130432129e-01,8.133641242980957031e+00
-3.693854808807373047e-01,3.000133991241455078e+00
2.128379642963409424e-01,7.686412334442138672e+00
1.416135787963867188e+00,1.240068054199218750e+01
4.273172616958618164e-01,7.261935234069824219e+00
1.081833481788635254e+00,1.026782608032226562e+01
1.699308753013610840e+00,1.396136569976806641e+01
1.304898381233215332e+00,7.338357448577880859e+00
2.895031571388244629e-01,4.682295322418212891e+00
-9.012225866317749023e-01,8.615878105163574219e+00
7.712609767913818359e-01,6.461028575897216797e+00
4.207045733928680420e-01,6.936857700347900391e+00
3.444024026393890381e-01,9.383507728576660156e+00
2.684508562088012695e-01,6.717275619506835938e+00
6.442078948020935059e-01,9.177367210388183594e+00
1.270092606544494629e+00,8.895058631896972656e+00
-6.270666718482971191e-01,2.486410856246948242e+00
1.036446452140808105e+00,8.626833915710449219e+00
1.014372348785400391e+00,1.270137691497802734e+01
1.416311860084533691e-01,7.175555229187011719e+00
-1.541800498962402344e-01,6.071259021759033203e+00
5.106790065765380859e-01,5.065273284912109375e+00
1.299238324165344238e+00,1.138250446319580078e+01
-3.809403479099273682e-01,7.857138633728027344e+00
1.355674862861633301e+00,1.151277637481689453e+01
-9.426183700561523438e-01,6.372727870941162109e+00
1.012257933616638184e+00,8.643731117248535156e+00
-7.445377111434936523e-02,3.729594707489013672e+00
9.300439357757568359e-01,9.288151741027832031e+00
6.619542837142944336e-02,2.887200593948364258e+00
1.364848256111145020e+00,9.673975944519042969e+00
1.801556944847106934e-01,4.942381381988525391e+00
-6.705833673477172852e-01,5.498112201690673828e+00
5.121482014656066895e-01,8.643101692199707031e+00
7.650094628334045410e-01,9.583615303039550781e+00
-4.851233363151550293e-01,2.117149353027343750e+00
1.171046376228332520e+00,1.104071140289306641e+01
9.689504504203796387e-01,6.643187999725341797e+00
7.029669880867004395e-01,7.760698795318603516e+00
8.811263442039489746e-01,8.086011886596679688e+00
7.247996330261230469e-01,8.473251342773437500e+00
8.929751515388488770e-01,9.144164085388183594e+00
3.856002092361450195e-01,4.956751823425292969e+00
8.349472284317016602e-02,7.536117553710937500e+00
6.171944141387939453e-01,8.162000656127929688e+00
2.942090630531311035e-01,4.711024284362792969e+00
4.976618289947509766e-01,6.113626480102539062e+00
-1.870893836021423340e-01,6.122383594512939453e+00
8.211606144905090332e-01,6.519474029541015625e+00
9.107571840286254883e-02,3.727649927139282227e+00
-4.652453064918518066e-01,4.016993522644042969e+00
2.815588712692260742e-01,6.975129127502441406e+00
-3.484163880348205566e-01,4.179994583129882812e+00
2.108955979347229004e-01,6.978233337402343750e+00
1.618833661079406738e+00,1.339160823822021484e+01
5.769803524017333984e-01,3.758400678634643555e+00
8.177129626274108887e-01,8.929343223571777344e+00
2.314526140689849854e-01,4.939667224884033203e+00
1.303254961967468262e+00,7.553661346435546875e+00
9.629637598991394043e-01,9.088238716125488281e+00
1.217548727989196777e+00,1.163939285278320312e+01
-3.920337855815887451e-01,8.132950782775878906e+00
1.618064045906066895e-01,1.362342476844787598e+00
4.589388370513916016e-01,7.836612701416015625e+00
2.064154148101806641e-01,3.425239324569702148e+00
2.866934537887573242e-01,4.107608318328857422e+00
1.862650156021118164e+00,1.382813739776611328e+01
-6.080180406570434570e-01,2.904203176498413086e+00
9.563834071159362793e-01,7.081464290618896484e+00
3.281992673873901367e-01,4.155383586883544922e+00
1.041903257369995117e+00,1.184025859832763672e+01
2.618588685989379883e+00,1.542245388031005859e+01
3.837654292583465576e-01,5.289660453796386719e+00
1.545346856117248535e+00,9.679291725158691406e+00
6.373588442802429199e-01,6.740951538085937500e+00
6.020613908767700195e-01,9.318909645080566406e+00
6.555784344673156738e-01,6.763004302978515625e+00
2.744454443454742432e-01,7.586012840270996094e+00
8.686306476593017578e-01,9.732773780822753906e+00
5.782945156097412109e-01,6.921126365661621094e+00
1.376329958438873291e-01,8.524142265319824219e+00
9.350402355194091797e-01,6.293725490570068359e+00
-6.896209716796875000e-02,6.057096004486083984e+00
7.261495590209960938e-01,6.467898368835449219e+00
8.828940987586975098e-01,9.735090255737304688e+00
-4.372895061969757080e-01,1.780998349189758301e+00
-9.659903645515441895e-01,6.427462577819824219e+00
1.067760467529296875e+00,1.228064250946044922e+01
8.546329736709594727e-01,6.102537631988525391e+00
6.546322107315063477e-01,8.049562454223632812e+00
6.195377707481384277e-01,5.165303230285644531e+00
8.353229761123657227e-01,8.111227989196777344e+00
-1.795699000358581543e-01,4.239516258239746094e+00
-4.600015878677368164e-01,4.536347389221191406e+00
-2.587515115737915039e-01,2.809068679809570312e+00
6.409909129142761230e-01,6.783178329467773438e+00
-5.898419022560119629e-01,4.412340819835662842e-01
1.033338546752929688e+00,7.658125877380371094e+00
2.115759134292602539e+00,1.591081809997558594e+01
2.318449914455413818e-01,4.771368026733398438e+00
-6.941697597503662109e-01,4.420123100280761719e+00
-4.892196655273437500e-01,7.302827835083007812e+00
1.675756216049194336e+00,8.595605850219726562e+00
-3.577010035514831543e-01,9.709175229072570801e-01
3.010209202766418457e-01,6.496463298797607422e+00
-1.451331377029418945e-01,4.634406089782714844e+00
-1.923515796661376953e-01,1.974785447120666504e+00
4.963036477565765381e-01,6.380262851715087891e+00
-2.403212785720825195e-01,6.251007080078125000e+00
-5.527920126914978027e-01,6.075508117675781250e+00
5.205236077308654785e-01,5.282967090606689453e+00
1.257538318634033203e+00,1.181758975982666016e+01
1.249651789665222168e+00,8.517502784729003906e+00
7.385822534561157227e-01,1.213812541961669922e+01
7.858767509460449219e-01,6.890601634979248047e+00
5.645332932472229004e-01,5.320151805877685547e+00
2.259769439697265625e-01,4.394597053527832031e+00
9.924890398979187012e-01,7.125353336334228516e+00
6.828292012214660645e-01,8.061816215515136719e+00
1.018875837326049805e+00,7.727894783020019531e+00
-6.865772604942321777e-01,3.481327533721923828e+00
8.145191073417663574e-01,1.056896495819091797e+01
6.878473162651062012e-01,8.940571784973144531e+00
3.962839022278785706e-02,6.591464996337890625e+00
-1.579844355583190918e-01,3.636282444000244141e+00
1.065815687179565430e+00,9.005705833435058594e+00
1.009028196334838867e+00,1.268883800506591797e+01
4.158007204532623291e-01,7.036012649536132812e+00
6.345971226692199707e-01,8.437675476074218750e+00
-5.017389655113220215e-01,1.927010893821716309e+00
6.044529080390930176e-01,7.576741218566894531e+00
-6.596143841743469238e-01,1.016161918640136719e+00
6.748912930488586426e-01,7.287192344665527344e+00
-7.175534963607788086e-02,3.358411073684692383e+00
2.830726280808448792e-02,6.405894279479980469e+00
7.615756392478942871e-01,5.970247268676757812e+00
2.014098405838012695e+00,1.118143749237060547e+01
1.177595734596252441e+00,1.009016036987304688e+01
6.968547105789184570e-01,7.730688095092773438e+00
1.603220105171203613e-01,6.695022583007812500e+00
-3.208021223545074463e-01,5.427028656005859375e+00
1.124022960662841797e+00,8.070885658264160156e+00
-1.409815549850463867e-01,2.861267328262329102e+00
-1.233456134796142578e-01,4.499591827392578125e+00
-8.406769633293151855e-01,5.820143699645996094e+00
3.955926895141601562e-01,7.061094284057617188e+00
1.046247482299804688e+00,6.602705955505371094e+00
7.246097922325134277e-01,6.066988945007324219e+00
9.037217497825622559e-01,9.612315177917480469e+00
1.573882579803466797e+00,6.732229709625244141e+00
1.084084272384643555e+00,1.045964908599853516e+01
8.677662611007690430e-01,7.858205795288085938e+00
2.037346661090850830e-01,4.656577587127685547e+00
-6.148603186011314392e-02,6.356377601623535156e+00
7.314643859863281250e-01,6.273668289184570312e+00
4.989602565765380859e-01,6.201485633850097656e+00
-7.006868720054626465e-01,1.441408991813659668e+00
-3.256528973579406738e-01,3.148598194122314453e+00
7.044886946678161621e-01,9.810105323791503906e+00
3.342893123626708984e-01,7.023382663726806641e+00
1.927233576774597168e+00,1.446945381164550781e+01
6.726928353309631348e-01,7.041510105133056641e+00
9.560453891754150391e-02,9.335909843444824219e+00
1.127965450286865234e-01,4.982515811920166016e+00
-6.514996886253356934e-01,5.646460056304931641e+00
7.835494875907897949e-01,2.864082574844360352e+00
-6.741148233413696289e-02,4.881791114807128906e+00
1.648402094841003418e+00,1.420038318634033203e+01
5.103549361228942871e-01,7.315098285675048828e+00
1.968201696872711182e-01,4.169608116149902344e+00
5.493284463882446289e-01,9.657317161560058594e+00
6.974945664405822754e-01,1.009302806854248047e+01
1.069559574127197266e+00,8.022447586059570312e+00
1.734769105911254883e+00,1.290449810028076172e+01
4.521801769733428955e-01,7.885109901428222656e+00
-1.031534194946289062e+00,5.866924762725830078e+00
1.639177203178405762e+00,1.279148292541503906e+01
1.080710649490356445e+00,9.022931098937988281e+00
3.767829537391662598e-01,7.785811424255371094e+00
9.608849883079528809e-01,8.792523384094238281e+00
1.147564172744750977e+00,9.415726661682128906e+00
1.019510626792907715e+00,6.896074295043945312e+00
-5.708403587341308594e-01,2.622866392135620117e+00
6.028475165367126465e-01,5.303745746612548828e+00
1.090730786323547363e+00,9.362233161926269531e+00
3.212897777557373047e-01,8.672677040100097656e+00
6.007494330406188965e-01,7.555492401123046875e+00
2.600038051605224609e-01,4.993408203125000000e+00
8.592785000801086426e-01,6.660634040832519531e+00
8.809084296226501465e-01,8.719599723815917969e+00
4.349200129508972168e-01,8.853625297546386719e+00
-8.598899841308593750e-01,3.330684423446655273e+00
8.796337842941284180e-01,6.351412296295166016e+00
-1.493975818157196045e-01,5.643419265747070312e+00
9.733859896659851074e-01,6.066910266876220703e+00
9.869867563247680664e-02,3.962430715560913086e+00
1.247799038887023926e+00,9.481698036193847656e+00
-3.194520175457000732e-01,3.050941705703735352e+00
9.368469119071960449e-01,6.893753528594970703e+00
-3.485172688961029053e-01,2.842155218124389648e+00
3.931550681591033936e-01,5.766215801239013672e+00
1.065805673599243164e+00,1.007564449310302734e+01
-4.678784608840942383e-01,1.524984717369079590e+00
5.835418701171875000e-01,1.137672710418701172e+01
7.951650619506835938e-01,6.058858871459960938e+00
1.763389706611633301e-01,7.000699996948242188e+00
-3.161645531654357910e-01,3.122425317764282227e+00
-1.078982949256896973e-01,1.805166244506835938e+00
5.347295403480529785e-01,8.612788200378417969e+00
8.564454317092895508e-01,5.760936260223388672e+00
-7.883846759796142578e-02,7.241707801818847656e+00
1.121186137199401855e+00,1.218877029418945312e+01
7.476407885551452637e-01,9.039873123168945312e+00
6.530472040176391602e-01,9.809043884277343750e+00
4.059544801712036133e-01,5.346830368041992188e+00
-7.056426405906677246e-01,5.160216331481933594e+00
1.654176712036132812e-01,8.531753540039062500e+00
-7.430288791656494141e-01,1.834554433822631836e+00
-2.478646636009216309e-01,1.647843956947326660e+00
1.401652574539184570e+00,1.124894523620605469e+01
-3.296846747398376465e-01,7.622550010681152344e+00
9.080463647842407227e-01,6.579304695129394531e+00
6.019994616508483887e-01,5.605012416839599609e+00
1.807458996772766113e-01,6.221276760101318359e+00
8.553842902183532715e-01,6.214734077453613281e+00
-3.179776072502136230e-01,4.356466293334960938e+00
-7.537350058555603027e-01,2.913665771484375000e+00
1.038731217384338379e+00,8.396325111389160156e+00
7.966829538345336914e-01,1.020810413360595703e+01
1.558038353919982910e+00,1.137216663360595703e+01
6.376697421073913574e-01,5.111262798309326172e+00
1.482168078422546387e+00,1.294767284393310547e+01
9.004984498023986816e-01,5.311465263366699219e+00
1.769833087921142578e+00,1.255023574829101562e+01
1.273567795753479004e+00,1.224681377410888672e+01
-3.301175832748413086e-01,3.595913171768188477e+00
1.074195027351379395e+00,7.677746772766113281e+00
3.759574890136718750e-01,9.973195075988769531e+00
3.807071447372436523e-01,8.572374343872070312e+00
-6.731590628623962402e-02,8.246600151062011719e+00
6.972882747650146484e-01,6.063769340515136719e+00
3.605962991714477539e-01,4.340928077697753906e+00
1.005683779716491699e+00,7.402591705322265625e+00
1.220669031143188477e+00,1.203217411041259766e+01
1.318655610084533691e-01,5.777889728546142578e+00
-4.384071826934814453e-01,7.318194210529327393e-02
-4.585595130920410156e-01,3.946439504623413086e+00
5.296606197953224182e-02,8.172760963439941406e+00
1.216854572296142578e+00,1.096555042266845703e+01
8.633929491043090820e-01,8.426798820495605469e+00
5.579379200935363770e-01,6.478988647460937500e+00
1.196309447288513184e+00,7.878513336181640625e+00
-1.124864220619201660e-01,5.524427413940429688e+00
3.906209170818328857e-01,3.217833757400512695e+00
1.088634133338928223e+00,6.123759269714355469e+00
1.108142256736755371e+00,8.251465797424316406e+00
-2.792542576789855957e-01,3.159245729446411133e+00
-3.894287347793579102e-01,6.372115135192871094e+00
8.996226191520690918e-01,5.424993038177490234e+00
1.579667329788208008e-01,6.066527843475341797e+00
6.341459155082702637e-01,4.717013359069824219e+00
5.919975042343139648e-01,4.171415328979492188e+00
8.187936544418334961e-01,1.028125858306884766e+01
1.010891079902648926e+00,6.755820751190185547e+00
5.707120299339294434e-01,8.873549461364746094e+00
5.809475183486938477e-01,6.826848030090332031e+00
3.750184178352355957e-01,5.389754772186279297e+00
-2.768619060516357422e-01,3.679860115051269531e+00
3.137317299842834473e-01,6.855278015136718750e+00
1.291956782341003418e+00,9.492573738098144531e+00
1.270424962043762207e+00,8.073149681091308594e+00
2.173055410385131836e+00,1.463362216949462891e+01
1.513705849647521973e-01,8.832326889038085938e+00
1.171283245086669922e+00,8.641000747680664062e+00
4.671377316117286682e-02,9.658014774322509766e-01
6.630337834358215332e-01,1.027356147766113281e+01
-3.052960932254791260e-01,3.998227357864379883e+00
-3.281185328960418701e-01,3.481047868728637695e+00
4.683542847633361816e-01,8.222653388977050781e+00
7.966207861900329590e-01,9.626675605773925781e+00
4.851034879684448242e-01,7.176876544952392578e+00
1.272890925407409668e+00,1.036466503143310547e+01
7.534888386726379395e-01,8.484417915344238281e+00
1.273634910583496094e+00,1.279512310028076172e+01
-5.545342564582824707e-01,3.567237377166748047e+00
2.744831740856170654e-01,6.967623710632324219e+00
9.262174367904663086e-01,8.543803215026855469e+00
1.761305630207061768e-01,6.384617805480957031e+00
9.108418226242065430e-01,1.066792392730712891e+01
1.421210527420043945e+00,9.946093559265136719e+00
5.853105187416076660e-01,9.029558181762695312e+00
2.196345567703247070e+00,1.366582584381103516e+01
5.245054364204406738e-01,7.208014488220214844e+00
-4.696322381496429443e-01,2.747914075851440430e+00
9.924417734146118164e-02,3.986317634582519531e+00
1.131853461265563965e+00,1.146791362762451172e+01
2.363159418106079102e+00,1.557650852203369141e+01
-4.683543145656585693e-01,7.143766880035400391e-01
-6.819618344306945801e-01,3.007824897766113281e+00
1.198472142219543457e+00,1.024136447906494141e+01
1.215135216712951660e+00,7.967119693756103516e+00
-1.364232301712036133e-01,7.550061225891113281e+00
1.115713953971862793e+00,9.044178009033203125e+00
8.522377014160156250e-01,6.530028343200683594e+00
-1.591227650642395020e-01,3.972501277923583984e+00
1.094740271568298340e+00,8.357568740844726562e+00
1.188881278038024902e+00,1.160878276824951172e+01
4.435812830924987793e-01,8.183450698852539062e+00
-5.732938647270202637e-01,5.388889312744140625e+00
1.561757326126098633e-01,7.500051975250244141e+00
4.501810669898986816e-01,8.668256759643554688e+00
5.774834156036376953e-01,9.832941055297851562e+00
-6.533509492874145508e-02,6.282651424407958984e+00
8.778388500213623047e-01,9.660315513610839844e+00
2.750975847244262695e+00,1.484228610992431641e+01
8.987779021263122559e-01,8.366534233093261719e+00
1.492088913917541504e+00,9.559362411499023438e+00
7.147226929664611816e-01,5.779913425445556641e+00
1.083409428596496582e+00,7.993968486785888672e+00
-2.005767226219177246e-01,3.238728284835815430e+00
9.182990193367004395e-01,7.865957736968994141e+00
9.806104302406311035e-01,9.557995796203613281e+00
1.149487733840942383e+00,1.081744098663330078e+01
1.020719885826110840e+00,9.227588653564453125e+00
6.012169122695922852e-01,9.063379287719726562e+00
-3.461475372314453125e-01,4.607312202453613281e+00
3.891243636608123779e-01,3.827256202697753906e+00
-8.976536393165588379e-01,2.083827733993530273e+00
9.514074921607971191e-01,7.309450149536132812e+00
1.023551702499389648e+00,7.184380054473876953e+00
7.197210788726806641e-01,1.073053073883056641e+01
8.318106532096862793e-01,8.907209396362304688e+00
1.156140685081481934e+00,9.193169593811035156e+00
-2.590810880064964294e-02,6.879685401916503906e+00
-1.032601952552795410e+00,2.436432123184204102e+00
-1.894921660423278809e-01,3.252584218978881836e+00
-4.266370534896850586e-01,1.220419764518737793e+00
-4.194941222667694092e-01,9.178509712219238281e+00
7.674536705017089844e-01,9.638003349304199219e+00
5.928770303726196289e-01,6.978738784790039062e+00
4.127858877182006836e-01,6.675356864929199219e+00
3.704476356506347656e-01,9.433413505554199219e+00
3.588687777519226074e-01,6.968772888183593750e+00
4.895611405372619629e-01,3.173536777496337891e+00
4.418149292469024658e-01,1.199051952362060547e+01
8.214278817176818848e-01,8.386482238769531250e+00
4.881056249141693115e-01,5.482495784759521484e+00
8.975247740745544434e-01,6.843731880187988281e+00
9.042683243751525879e-01,1.117416477203369141e+01
1.133389353752136230e+00,9.548887252807617188e+00
4.156615734100341797e-01,6.005517959594726562e+00
1.045016646385192871e+00,9.667183876037597656e+00
2.288791909813880920e-02,7.853866577148437500e+00
1.048002362251281738e+00,7.410857200622558594e+00
9.615746140480041504e-01,6.838138580322265625e+00
3.644598424434661865e-01,4.385082721710205078e+00
1.227243900299072266e+00,8.846510887145996094e+00
1.016136705875396729e-01,9.093834877014160156e+00
1.075605392456054688e+00,7.623901367187500000e+00
9.829435944557189941e-01,6.982376098632812500e+00
5.276936665177345276e-02,3.970432519912719727e+00
8.419632315635681152e-01,1.164005565643310547e+01
1.208910346031188965e+00,1.084722423553466797e+01
3.461116552352905273e-01,6.422318458557128906e+00
-3.043707925826311111e-03,6.607118129730224609e+00
-2.979223430156707764e-01,3.503533124923706055e+00
1.931811928749084473e+00,1.314179897308349609e+01
1.275956988334655762e+00,9.500606536865234375e+00
5.649682283401489258e-01,4.880668640136718750e+00
5.335076451301574707e-01,6.977212429046630859e+00
2.737278118729591370e-02,4.368521690368652344e+00
9.373251348733901978e-03,5.336880207061767578e+00
-4.958133101463317871e-01,4.799605369567871094e+00
-1.861386299133300781e-01,4.022905826568603516e+00
2.643902897834777832e-01,2.063357591629028320e+00
9.636290073394775391e-01,6.966676712036132812e+00
4.974794983863830566e-01,7.582813262939453125e+00
-8.304519057273864746e-01,4.099859714508056641e+00
1.323437690734863281e+00,1.326672458648681641e+01
4.867140054702758789e-01,7.126480102539062500e+00
6.203834414482116699e-01,7.432328224182128906e+00
6.236098408699035645e-01,6.675389289855957031e+00
-4.810198545455932617e-01,5.586359977722167969e+00
2.093486934900283813e-01,1.013620090484619141e+01
7.916424870491027832e-01,5.875297546386718750e+00
-4.443238079547882080e-01,1.461846113204956055e+00
1.304826140403747559e+00,9.732798576354980469e+00
3.830338120460510254e-01,5.509387969970703125e+00
6.038906574249267578e-01,5.433790206909179688e+00
-1.783603057265281677e-02,3.862292051315307617e+00
7.731429934501647949e-01,7.559197425842285156e+00
-3.916965126991271973e-01,2.047354936599731445e+00
3.169475197792053223e-01,6.139736175537109375e+00
-4.624604806303977966e-02,6.932800769805908203e+00
9.723955392837524414e-01,7.415493965148925781e+00
7.636471390724182129e-01,6.573320388793945312e+00
1.748920798301696777e+00,1.310602283477783203e+01
1.670317053794860840e+00,1.236402988433837891e+01
1.253377676010131836e+00,1.089775943756103516e+01
1.431243419647216797e-01,4.265609741210937500e+00
1.187823891639709473e+00,4.990219593048095703e+00
-4.894231855869293213e-01,5.469076633453369141e-01
6.343936324119567871e-01,8.214890480041503906e+00
6.705230474472045898e-02,5.673654556274414062e+00
5.620008707046508789e-01,9.763555526733398438e+00
1.100622653961181641e+00,7.460827350616455078e+00
-3.318070769309997559e-01,3.723304748535156250e+00
3.842795267701148987e-02,3.975712776184082031e+00
1.202573060989379883e+00,8.321294784545898438e+00
7.931837439537048340e-01,8.182797431945800781e+00
8.581352233886718750e-02,4.811350822448730469e+00
1.023446679115295410e+00,6.599430084228515625e+00
6.500252485275268555e-01,8.467902183532714844e+00
8.440802693367004395e-01,6.998564720153808594e+00
7.459763884544372559e-01,7.141515731811523438e+00
3.782023489475250244e-01,1.065125656127929688e+01
6.920911669731140137e-01,7.957856655120849609e+00
6.655459403991699219e-01,8.730381965637207031e+00
-5.003368258476257324e-01,4.126397132873535156e+00
2.054761052131652832e-01,6.662067413330078125e+00
-1.325162872672080994e-02,8.492177009582519531e+00
1.652725815773010254e+00,1.157272720336914062e+01
1.132393240928649902e+00,7.877355575561523438e+00
1.066142439842224121e+00,1.020996379852294922e+01
1.265757679939270020e-01,4.065297126770019531e+00
7.015606760978698730e-01,9.281243324279785156e+00
1.148780465126037598e+00,9.640135765075683594e+00
2.603375017642974854e-01,8.323569297790527344e+00
-4.281834959983825684e-01,5.370028495788574219e+00
3.822963237762451172e-01,7.643694400787353516e+00
-2.652516961097717285e-01,1.435019493103027344e+00
-8.591312170028686523e-02,5.384480953216552734e+00
5.656794905662536621e-01,7.768305778503417969e+00
4.476645886898040771e-01,6.986604690551757812e+00
2.500334382057189941e-01,4.200312614440917969e+00
2.337085485458374023e+00,1.465008640289306641e+01
3.504741564393043518e-02,5.507469177246093750e+00
9.016599655151367188e-01,9.605109214782714844e+00
7.714452147483825684e-01,8.830199241638183594e+00
4.417222738265991211e-01,7.492225646972656250e+00
-2.498429641127586365e-02,7.030578613281250000e+00
-5.137264356017112732e-02,5.681594848632812500e+00
1.164020657539367676e+00,1.035843372344970703e+01
4.066430330276489258e-01,8.304793357849121094e+00
6.838359236717224121e-01,6.381085395812988281e+00
-6.529062986373901367e-01,6.065679073333740234e+00
1.125939965248107910e+00,1.177934932708740234e+01
-1.498665511608123779e-01,5.615365982055664062e+00
1.852041840553283691e+00,1.385094356536865234e+01
3.767166137695312500e-01,5.616451740264892578e+00
1.167844533920288086e+00,1.150248813629150391e+01
5.120656490325927734e-01,4.576999187469482422e+00
-3.818207606673240662e-02,8.540387153625488281e+00
4.357508420944213867e-01,7.922485351562500000e+00
1.464656710624694824e+00,1.215012931823730469e+01
1.262172341346740723e+00,6.212501525878906250e+00
9.015208482742309570e-02,7.761569499969482422e+00
9.992985129356384277e-01,1.094478130340576172e+01
5.795342326164245605e-01,8.083494186401367188e+00
-2.698898911476135254e-01,5.800255775451660156e+00
1.091154217720031738e+00,9.773146629333496094e+00
3.549013137817382812e-01,7.151172161102294922e+00
3.457658290863037109e-01,7.009889602661132812e+00
8.958509564399719238e-01,1.015848827362060547e+01
2.129406929016113281e-01,7.764836311340332031e+00
4.391254782676696777e-01,4.781543254852294922e+00
9.601854085922241211e-01,7.876909732818603516e+00
8.653922677040100098e-01,6.168309211730957031e+00
7.142995595932006836e-01,4.334066390991210938e+00
1.169992923736572266e+00,6.658777236938476562e+00
2.301401272416114807e-02,3.176882982254028320e+00
7.975750565528869629e-01,8.444290161132812500e+00
6.635167598724365234e-01,5.703635215759277344e+00
2.905561923980712891e-01,7.694011211395263672e+00
-7.890087366104125977e-02,5.417308807373046875e+00
5.895088315010070801e-01,2.600003957748413086e+00
1.255214333534240723e+00,8.563544273376464844e+00
-5.233481526374816895e-01,2.975077867507934570e+00
-4.313823282718658447e-01,5.813222885131835938e+00
1.484956383705139160e+00,1.225148773193359375e+01
3.567838072776794434e-01,1.802056431770324707e+00
5.734950676560401917e-02,4.601157665252685547e+00
2.990679144859313965e-01,5.786886692047119141e+00
3.397055864334106445e-01,5.668751716613769531e+00
9.649212360382080078e-01,6.114914417266845703e+00
-9.442621469497680664e-02,4.563673973083496094e+00
5.132568255066871643e-02,6.486681938171386719e+00
9.116442203521728516e-01,9.099642753601074219e+00
8.770531415939331055e-02,3.152825117111206055e+00
1.067373991012573242e+00,1.042526245117187500e+01
4.986274838447570801e-01,5.658982276916503906e+00
1.272356629371643066e+00,9.742545127868652344e+00
8.785718083381652832e-01,5.400127887725830078e+00
8.754854798316955566e-01,7.223175048828125000e+00
6.971364021301269531e-01,7.813287734985351562e+00
1.499042153358459473e+00,1.127435302734375000e+01
-3.952393233776092529e-01,4.940358161926269531e+00
-3.813360333442687988e-01,6.409370422363281250e+00
-3.258951902389526367e-01,5.791495323181152344e+00
-5.891504883766174316e-01,5.528374671936035156e+00
4.305453896522521973e-01,1.069839859008789062e+01
1.284333586692810059e+00,9.644755363464355469e+00
1.320613265037536621e+00,1.105906009674072266e+01
9.641788005828857422e-01,7.673462390899658203e+00
1.250437140464782715e+00,1.160876369476318359e+01
1.127647399902343750e+00,9.825772285461425781e+00
9.271132946014404297e-01,6.041117668151855469e+00
8.241584300994873047e-01,8.062304496765136719e+00
1.081897258758544922e+00,7.430597782135009766e+00
1.654096245765686035e+00,1.100752830505371094e+01
-8.851259350776672363e-01,6.963894844055175781e+00
-1.437627896666526794e-02,6.012282371520996094e+00
7.814759612083435059e-01,8.634593009948730469e+00
4.997597038745880127e-01,9.010913848876953125e+00
9.459720253944396973e-01,1.028777503967285156e+01
2.199414074420928955e-01,6.130285263061523438e+00
8.856458663940429688e-01,6.814776420593261719e+00
-5.831350088119506836e-01,1.717100501060485840e+00
-3.511999845504760742e-01,5.622393608093261719e+00
-3.884719610214233398e-01,1.085340380668640137e+00
2.021428108215332031e+00,1.198785114288330078e+01
1.185343742370605469e+00,1.009247303009033203e+01
1.795891404151916504e+00,1.401592731475830078e+01
-5.988722667098045349e-02,5.571181297302246094e+00
-4.573583230376243591e-02,6.031579017639160156e+00
-6.776167750358581543e-01,1.005783200263977051e+00
4.874111711978912354e-01,4.869292736053466797e+00
8.486334681510925293e-01,1.153277587890625000e+01
1.039373755455017090e+00,9.593230247497558594e+00
-2.888720855116844177e-02,1.652925729751586914e+00
4.276406168937683105e-01,6.173754692077636719e+00
-7.221072912216186523e-02,1.904827952384948730e+00
-4.390851259231567383e-01,6.053201675415039062e+00
-2.165910322219133377e-03,6.763578414916992188e+00
8.541251420974731445e-01,8.662078857421875000e+00
1.045987010002136230e-01,3.824135541915893555e+00
1.268549323081970215e+00,7.649993419647216797e+00
1.020734429359436035e+00,1.194516468048095703e+01
5.062327384948730469e-01,9.026386260986328125e+00
9.293928742408752441e-01,4.255036830902099609e+00
6.111156344413757324e-01,9.496864318847656250e+00
9.748887419700622559e-01,7.907144546508789062e+00
-3.493809327483177185e-02,4.667513847351074219e+00
-2.719846963882446289e-01,4.520606040954589844e+00
5.681714415550231934e-01,5.564647674560546875e+00
1.139287114143371582e+00,1.043994331359863281e+01
1.048358201980590820e+00,9.341057777404785156e+00
2.844979763031005859e-01,2.367022275924682617e+00
1.072283148765563965e+00,1.132530879974365234e+01
1.396958708763122559e+00,9.599379539489746094e+00
-1.571392416954040527e-01,5.209946632385253906e+00
2.173015177249908447e-01,1.008928489685058594e+01
-8.368837833404541016e-02,5.064678668975830078e+00
8.994227051734924316e-01,7.861004352569580078e+00
8.542111515998840332e-01,1.130739116668701172e+01
2.216148614883422852e+00,1.303767204284667969e+01
1.001068949699401855e+00,9.407164573669433594e+00
7.466382384300231934e-01,7.862267494201660156e+00
-3.424948081374168396e-02,8.325638771057128906e+00
2.100686132907867432e-01,6.581436157226562500e+00
1.271635890007019043e-01,7.203758716583251953e+00
6.910132765769958496e-01,9.403294563293457031e+00
7.469133734703063965e-01,6.325837612152099609e+00
2.094829559326171875e+00,1.348464107513427734e+01
-1.204134225845336914e-01,8.176731109619140625e+00
1.037300705909729004e+00,5.993838787078857422e+00
5.285757184028625488e-01,7.130912780761718750e+00
6.263225674629211426e-01,6.333369255065917969e+00
-5.965977311134338379e-01,7.108573436737060547e+00
1.089916348457336426e+00,5.561289787292480469e+00
-2.991393208503723145e-01,6.080384254455566406e+00
8.412845730781555176e-01,6.793357849121093750e+00
2.209163084626197815e-02,6.937250137329101562e+00
-7.563025951385498047e-01,5.061284542083740234e+00
1.016737461090087891e+00,6.663596153259277344e+00
5.517421960830688477e-01,4.105839729309082031e+00
1.054340124130249023e+00,1.182542133331298828e+01
3.375197052955627441e-01,6.128424644470214844e+00
9.830929636955261230e-01,1.161946201324462891e+01
1.581813454627990723e+00,1.287680339813232422e+01
8.322628140449523926e-01,1.044708633422851562e+01
1.062881588935852051e+00,1.128696537017822266e+01
6.449747681617736816e-01,1.001045131683349609e+01
1.070455312728881836e+00,7.067524909973144531e+00
-6.908985972404479980e-01,4.726961612701416016e+00
-3.265851363539695740e-02,2.986669540405273438e+00
-4.590703845024108887e-01,2.198047399520874023e+00
8.117313981056213379e-01,8.113135337829589844e+00
6.941760182380676270e-01,8.053569793701171875e+00
4.865442216396331787e-01,6.316426277160644531e+00
1.115027070045471191e+00,6.928671836853027344e+00
-1.710487306118011475e-01,6.676409721374511719e+00
2.768718898296356201e-01,4.914921760559082031e+00
-7.136247754096984863e-01,5.473086357116699219e+00
3.334189355373382568e-01,7.542596340179443359e+00
3.734250962734222412e-01,4.082457542419433594e+00
9.861292243003845215e-01,6.007059097290039062e+00
8.652595281600952148e-01,6.201692104339599609e+00
7.603622078895568848e-01,9.235233306884765625e+00
-3.927971124649047852e-01,3.837378978729248047e+00
4.751205816864967346e-02,3.891646862030029297e+00
5.384751558303833008e-01,6.648644447326660156e+00
2.640785574913024902e-01,5.785915374755859375e+00
1.273755669593811035e+00,1.174360752105712891e+01
5.377551913261413574e-01,8.106102943420410156e+00
8.318554162979125977e-01,9.423922538757324219e+00
-2.178549394011497498e-02,6.272064685821533203e+00
-2.137655615806579590e-01,6.880862236022949219e+00
5.379536747932434082e-01,7.084016799926757812e+00
-9.411352276802062988e-01,2.938107967376708984e+00
4.837574362754821777e-01,8.000639915466308594e+00
4.758736193180084229e-01,4.298604011535644531e+00
-5.578822493553161621e-01,2.508662462234497070e+00
2.383563518524169922e+00,1.475713348388671875e+01
8.424399495124816895e-01,9.697145462036132812e+00
-2.717654705047607422e-01,3.060425996780395508e+00
1.501838088035583496e+00,1.208297061920166016e+01
9.619387984275817871e-01,6.223356246948242188e+00
-2.423427104949951172e-01,6.249560832977294922e+00
1.110629796981811523e+00,9.469750404357910156e+00
8.765888810157775879e-01,9.349541664123535156e+00
1.086420893669128418e+00,1.118035793304443359e+01
7.711573243141174316e-01,6.558674335479736328e+00
-2.983517646789550781e-01,1.444877028465270996e+00
4.925059676170349121e-01,4.336729049682617188e+00
1.178880333900451660e+00,1.162424468994140625e+01
4.397623836994171143e-01,3.946796894073486328e+00
8.304550051689147949e-01,6.090448856353759766e+00
3.022348284721374512e-01,9.324161529541015625e+00
9.292620420455932617e-01,7.559000968933105469e+00
8.226837515830993652e-01,6.808547973632812500e+00
-3.030861616134643555e-01,1.029902458190917969e+00
1.021588742733001709e-01,6.282613277435302734e+00
-5.770202875137329102e-01,4.372368335723876953e+00
9.908710122108459473e-01,1.085024738311767578e+01
9.732616543769836426e-01,6.517267704010009766e+00
8.129035830497741699e-01,8.062330245971679688e+00
5.804723873734474182e-02,7.327855110168457031e+00
4.679937660694122314e-01,5.900850296020507812e+00
9.945255517959594727e-01,7.337395191192626953e+00
-3.898526430130004883e-01,6.119087219238281250e+00
-7.154535055160522461e-01,2.006346464157104492e+00
6.630390286445617676e-01,8.765606880187988281e+00
6.549719572067260742e-01,9.391424179077148438e+00
1.026488661766052246e+00,9.764315605163574219e+00
1.426826119422912598e+00,1.194164943695068359e+01
4.728803932666778564e-01,1.001550102233886719e+01
-6.845033764839172363e-01,5.858536720275878906e+00
8.778993040323257446e-03,4.862099647521972656e+00
1.036304354667663574e+00,9.609929084777832031e+00
2.218778729438781738e-01,4.834780216217041016e+00
8.888593316078186035e-01,8.451787948608398438e+00
8.808723688125610352e-01,5.197213172912597656e+00
7.155100703239440918e-01,1.125502395629882812e+01
1.055258154869079590e+00,1.065867519378662109e+01
9.156650304794311523e-02,4.552600860595703125e+00
7.119125723838806152e-01,8.775095939636230469e+00
5.140548348426818848e-01,7.731216430664062500e+00
-7.369813043624162674e-03,7.926107883453369141e+00
-2.809181213378906250e-01,1.772386908531188965e+00
1.051012873649597168e+00,8.379356384277343750e+00
8.662104010581970215e-01,9.637597084045410156e+00
1.333181858062744141e-01,9.994877815246582031e+00
7.378695607185363770e-01,9.274039268493652344e+00
8.609423637390136719e-01,9.292189598083496094e+00
1.359065890312194824e+00,1.279794216156005859e+01
1.260312438011169434e+00,1.196645355224609375e+01
5.238342285156250000e-01,8.208386421203613281e+00
-4.004122316837310791e-01,2.351224660873413086e+00
1.311441779136657715e+00,9.255846977233886719e+00
-5.868743062019348145e-01,2.081723451614379883e+00
1.411472558975219727e-01,6.789015769958496094e+00
-8.011627197265625000e-01,3.881641626358032227e+00
4.698269963264465332e-01,6.697722434997558594e+00
8.687313199043273926e-01,6.822747230529785156e+00
8.486934900283813477e-01,8.362145423889160156e+00
1.003454923629760742e+00,8.330378532409667969e+00
9.160017371177673340e-01,1.506054210662841797e+01
-8.877980709075927734e-02,4.914905548095703125e+00
5.816670060157775879e-01,7.814816951751708984e+00
-3.207226693630218506e-01,3.606539487838745117e+00
1.052010655403137207e+00,9.470890998840332031e+00
1.176434755325317383e+00,1.066156291961669922e+01
1.901372075080871582e-01,9.625245094299316406e+00
-5.177146792411804199e-01,8.214737772941589355e-01
3.628353476524353027e-01,6.694736480712890625e+00
5.824751257896423340e-01,3.452937364578247070e+00
7.725605368614196777e-01,9.185042381286621094e+00
3.202481269836425781e-01,5.375144004821777344e+00
2.226400971412658691e-01,7.692178726196289062e+00
-7.944393754005432129e-01,6.713867187500000000e+00
1.874817013740539551e-01,5.282017707824707031e+00
9.102119803428649902e-01,9.729298591613769531e+00
8.030188083648681641e-01,9.172757148742675781e+00
-4.141957163810729980e-01,5.372304439544677734e+00
8.100062012672424316e-01,6.421700477600097656e+00
1.479647040367126465e+00,1.290528488159179688e+01
-2.435897886753082275e-01,6.004408836364746094e+00
1.877636164426803589e-01,1.090051937103271484e+01
-5.622924566268920898e-01,2.312872648239135742e+00
7.513378262519836426e-01,1.078067684173583984e+01
1.665777340531349182e-02,5.827982425689697266e+00
1.006920099258422852e+00,9.984988212585449219e+00
2.135450243949890137e-01,3.354900121688842773e+00
-7.895974516868591309e-01,2.162959575653076172e+00
1.297034859657287598e+00,9.858924865722656250e+00
7.278454899787902832e-01,1.064220428466796875e+01
9.564205408096313477e-01,1.140863513946533203e+01
6.048261523246765137e-01,9.323847770690917969e+00
8.954175710678100586e-01,5.802466392517089844e+00
3.103712201118469238e-01,5.497722625732421875e+00
-4.289224445819854736e-01,4.755384922027587891e+00
1.725611686706542969e-01,6.729105949401855469e+00
1.755888700485229492e+00,1.362021923065185547e+01
7.422231435775756836e-01,9.133740425109863281e+00
-7.703853249549865723e-01,3.335259258747100830e-01
-6.832469105720520020e-01,2.860800027847290039e+00
9.867340326309204102e-01,1.031102085113525391e+01
1.240825295448303223e+00,7.037062168121337891e+00
-5.189523696899414062e-01,2.862945318222045898e+00
1.036140799522399902e+00,6.157714843750000000e+00
7.228938937187194824e-01,9.247331619262695312e+00
3.043189644813537598e-01,7.923034667968750000e+00
-6.720083951950073242e-02,7.526045799255371094e+00
1.157123684883117676e+00,9.393737792968750000e+00
-1.897903680801391602e-01,6.268737792968750000e+00
7.325669527053833008e-01,4.223038196563720703e+00
9.676840305328369141e-01,7.971547126770019531e+00
-6.541627049446105957e-01,2.597049951553344727e+00
5.076414346694946289e-01,7.671258926391601562e+00
2.530107736587524414e+00,1.454746532440185547e+01
-3.519682586193084717e-01,8.513249397277832031e+00
1.072258353233337402e-01,7.794091701507568359e+00
1.057698130607604980e+00,9.984837532043457031e+00
1.179218411445617676e+00,1.082072734832763672e+01
5.844995379447937012e-01,7.323750019073486328e+00
6.498629450798034668e-01,6.596590042114257812e+00
3.613164126873016357e-01,6.906353950500488281e+00
9.806304574012756348e-01,8.536892890930175781e+00
3.516237735748291016e-01,4.563577651977539062e+00
-6.272283792495727539e-01,1.547897458076477051e+00
-2.524273991584777832e-01,3.670030832290649414e+00
7.056487202644348145e-01,1.113135433197021484e+01
-1.267955899238586426e-01,5.043942928314208984e+00
1.036025404930114746e+00,1.327880573272705078e+01
1.679419159889221191e+00,1.440554523468017578e+01
6.165906786918640137e-01,7.666417598724365234e+00
1.484823584556579590e+00,9.103796005249023438e+00
-3.658697605133056641e-01,3.491084337234497070e+00
-2.449866849929094315e-03,6.051237583160400391e+00
7.148198485374450684e-01,9.833745956420898438e+00
1.126282095909118652e+00,1.133128738403320312e+01
9.752733707427978516e-01,7.276099681854248047e+00
5.850648283958435059e-01,9.082297325134277344e+00
1.128575444221496582e+00,9.449892997741699219e+00
9.711647629737854004e-01,7.925439357757568359e+00
3.393232226371765137e-01,4.664323806762695312e+00
9.612868428230285645e-01,7.032028675079345703e+00
6.117376089096069336e-01,6.226510047912597656e+00
-4.677346348762512207e-01,5.641304969787597656e+00
1.281709194183349609e+00,5.991535186767578125e+00
-1.362110972404479980e-01,4.076925754547119141e+00
4.185396432876586914e-01,4.639315605163574219e+00
7.207472920417785645e-01,8.037604331970214844e+00
-1.437303423881530762e-01,2.909047365188598633e+00
-2.431057095527648926e-01,4.535677433013916016e+00
4.365501701831817627e-01,8.662260055541992188e+00
-1.165069103240966797e+00,6.556575775146484375e+00
7.058635354042053223e-01,3.628355264663696289e+00
1.442151188850402832e+00,1.197263050079345703e+01
-6.430388092994689941e-01,5.530483722686767578e+00
-6.652953028678894043e-01,2.398078918457031250e+00
6.297291517257690430e-01,8.645621299743652344e+00
1.853122115135192871e-01,2.609076738357543945e+00
1.108385920524597168e+00,1.179435348510742188e+01
-7.548320889472961426e-01,2.147376775741577148e+00
7.499448657035827637e-01,9.585467338562011719e+00
4.033653438091278076e-01,5.775833129882812500e+00
-6.883061528205871582e-01,1.355147361755371094e+00
-5.811610817909240723e-01,4.451735496520996094e+00
5.538238286972045898e-01,5.307325839996337891e+00
1.093765139579772949e+00,1.214971446990966797e+01
1.671353340148925781e+00,1.500012302398681641e+01
8.576098680496215820e-01,5.599739074707031250e+00
4.219304621219635010e-01,9.011284828186035156e+00
7.521337270736694336e-01,5.905166149139404297e+00
-1.125865578651428223e-01,5.026272296905517578e+00
-5.621347427368164062e-01,1.975267410278320312e+00
3.036450147628784180e-01,4.421863555908203125e+00
1.376868844032287598e+00,1.135011863708496094e+01
-7.965516448020935059e-01,5.633426189422607422e+00
-8.266121149063110352e-02,7.592990398406982422e+00
-3.208697140216827393e-01,2.482990503311157227e+00
9.529233574867248535e-01,1.010096168518066406e+01
8.014709353446960449e-01,6.987844944000244141e+00
7.693763971328735352e-01,6.075045108795166016e+00
8.978183865547180176e-01,6.599459171295166016e+00
1.278666377067565918e+00,9.417708396911621094e+00
1.109424233436584473e-01,5.596299171447753906e+00
6.087050214409828186e-02,7.805037498474121094e+00
-4.465865492820739746e-01,1.514177203178405762e+00
-2.085270285606384277e-01,4.275441169738769531e+00
2.844448089599609375e-01,4.235326766967773438e+00
9.509684443473815918e-01,6.718191146850585938e+00
-4.597264155745506287e-02,3.657111406326293945e+00
1.369669318199157715e+00,5.531847953796386719e+00
-3.290893733501434326e-01,7.228635787963867188e+00
9.546825289726257324e-01,1.031835079193115234e+01
6.618023514747619629e-01,5.538667678833007812e+00
6.205887198448181152e-01,6.051202774047851562e+00
8.602688908576965332e-01,1.123851108551025391e+01
8.386560082435607910e-01,8.003763198852539062e+00
5.977877378463745117e-01,1.094173908233642578e+01
8.413290381431579590e-01,3.416741371154785156e+00
7.189909815788269043e-01,5.565194129943847656e+00
8.163697123527526855e-01,7.935057640075683594e+00
-4.703851044178009033e-01,7.086780071258544922e+00
3.449297547340393066e-01,4.805982589721679688e+00
1.065177917480468750e+00,6.242289066314697266e+00
6.376630663871765137e-01,8.823049545288085938e+00
9.397675395011901855e-01,9.643471717834472656e+00
-1.056467890739440918e-01,4.662184238433837891e+00
8.925577402114868164e-01,7.088630676269531250e+00
-8.449125289916992188e-01,3.794138193130493164e+00
-5.410440564155578613e-01,3.801376104354858398e+00
1.060312032699584961e+00,8.519482612609863281e+00
8.290095925331115723e-01,1.167178630828857422e+01
-5.235471129417419434e-01,2.414564847946166992e+00
8.960533142089843750e-01,7.586649894714355469e+00
2.251370847225189209e-01,6.787552356719970703e+00
1.090038537979125977e+00,8.656437873840332031e+00
-6.805176138877868652e-01,2.836772680282592773e+00
3.134292736649513245e-02,3.865408658981323242e+00
5.829075574874877930e-01,4.866085529327392578e+00
-7.357209920883178711e-02,4.108620166778564453e+00
1.247445464134216309e+00,9.252633094787597656e+00
7.757490873336791992e-02,7.385696411132812500e+00
1.187841057777404785e+00,1.151082324981689453e+01
1.012635231018066406e+00,8.481330871582031250e+00
1.140196800231933594e+00,7.377246856689453125e+00
7.387025356292724609e-01,8.758963584899902344e+00
2.012993693351745605e-01,3.720831394195556641e+00
7.111304402351379395e-01,4.380335807800292969e+00
2.238754034042358398e-01,4.708024501800537109e+00
2.210261106491088867e+00,1.487328433990478516e+01
5.202429890632629395e-01,6.457229137420654297e+00
1.075625419616699219e+00,9.878019332885742188e+00
1.232559323310852051e+00,1.173320293426513672e+01
8.192833662033081055e-01,6.209538936614990234e+00
5.071811676025390625e-01,3.187917232513427734e+00
1.110714316368103027e+00,9.837424278259277344e+00
1.248036503791809082e+00,1.106107044219970703e+01
1.247710362076759338e-02,5.649180412292480469e+00
5.015612244606018066e-01,6.220252990722656250e+00
3.691396713256835938e-01,5.423340320587158203e+00
1.563318848609924316e+00,1.068213748931884766e+01
6.766912341117858887e-01,9.286154747009277344e+00
9.905917048454284668e-01,1.053505420684814453e+01
1.226381897926330566e+00,9.162578582763671875e+00
1.886419296264648438e+00,1.282540798187255859e+01
6.887876391410827637e-01,5.839561462402343750e+00
1.824771881103515625e+00,1.364944744110107422e+01
2.976405993103981018e-02,4.614043712615966797e+00
1.217689394950866699e+00,9.741497039794921875e+00
1.449062526226043701e-01,8.592770576477050781e+00
-5.243211388587951660e-01,2.906599283218383789e+00
7.844565510749816895e-01,4.928852081298828125e+00
5.728741288185119629e-01,9.451409339904785156e+00
1.148972511291503906e+00,8.306904792785644531e+00
9.058194756507873535e-01,7.915372848510742188e+00
-2.030575871467590332e-01,3.737529039382934570e+00
1.230856776237487793e+00,6.818675041198730469e+00
1.190337352454662323e-04,1.865516781806945801e+00
1.022506237030029297e+00,9.245201110839843750e+00
2.315364122390747070e+00,1.597267246246337891e+01
6.896660327911376953e-01,1.188764476776123047e+01
1.930352330207824707e+00,1.480178928375244141e+01
1.027080059051513672e+00,9.277739524841308594e+00
7.388120889663696289e-02,4.593602657318115234e+00
1.616851210594177246e+00,1.270000553131103516e+01
-4.673185944557189941e-01,2.511583805084228516e+00
1.154110431671142578e+00,1.127285385131835938e+01
1.224977731704711914e+00,1.151371288299560547e+01
1.165483117103576660e+00,1.242228412628173828e+01
1.595918178558349609e+00,1.131984233856201172e+01
1.279649615287780762e+00,8.388199806213378906e+00
7.897899150848388672e-01,9.009256362915039062e+00
7.987561225891113281e-01,5.663143634796142578e+00
7.095816135406494141e-01,8.323043823242187500e+00
9.655331969261169434e-01,9.593589782714843750e+00
8.321101069450378418e-01,6.379664897918701172e+00
9.505979418754577637e-01,9.703061103820800781e+00
1.787691473960876465e+00,1.344145679473876953e+01
9.038279652595520020e-01,1.028204822540283203e+01
7.749718427658081055e-01,1.016738224029541016e+01
7.002264857292175293e-01,4.234577178955078125e+00
6.722947359085083008e-01,4.247480392456054688e+00
8.633527755737304688e-01,7.479661941528320312e+00
6.416863799095153809e-01,4.692340850830078125e+00
5.122861862182617188e-01,3.611981153488159180e+00
1.153700947761535645e+00,1.101255893707275391e+01
2.781515717506408691e-01,5.427089691162109375e+00
1.150795221328735352e+00,9.251863479614257812e+00
3.860859572887420654e-01,7.273786067962646484e+00
-4.849443733692169189e-01,6.027882575988769531e+00
1.106056094169616699e+00,9.540536880493164062e+00
9.020994901657104492e-01,6.247691631317138672e+00
1.487572431564331055e+00,1.070674419403076172e+01
-8.283979296684265137e-01,2.786741971969604492e+00
1.046292066574096680e+00,1.120576190948486328e+01
1.049587130546569824e+00,7.390408515930175781e+00
9.898468852043151855e-01,6.703408718109130859e+00
2.235266864299774170e-01,7.038060188293457031e+00
2.780435979366302490e-01,5.266798973083496094e+00
1.054648280143737793e+00,9.805996894836425781e+00
5.986642837524414062e-01,8.305590629577636719e+00
6.733625531196594238e-01,9.926402091979980469e+00
1.363835573196411133e+00,1.034362697601318359e+01
-3.993808850646018982e-02,2.461880445480346680e+00
9.081103205680847168e-01,9.548099517822265625e+00
1.064043641090393066e+00,8.233747482299804688e+00
-3.185737431049346924e-01,5.227611541748046875e+00
1.002710580825805664e+00,6.901412963867187500e+00
-1.690992116928100586e-01,1.351330637931823730e+00
2.873706221580505371e-01,4.630396842956542969e+00
1.287434935569763184e+00,1.050909137725830078e+01
8.413530588150024414e-01,8.623302459716796875e+00
4.759909212589263916e-01,8.307112693786621094e+00
-2.286427840590476990e-02,2.972266674041748047e+00
6.629590988159179688e-01,6.251624107360839844e+00
-7.628367543220520020e-01,2.034194231033325195e+00
1.031478047370910645e-01,4.623740196228027344e+00
1.815816164016723633e-01,1.871116161346435547e+00
2.283732295036315918e-01,7.378229141235351562e+00
5.653787255287170410e-01,1.196319770812988281e+01
2.969658970832824707e-01,9.954806327819824219e+00
9.696553349494934082e-01,6.803785324096679688e+00
2.454628348350524902e-01,5.942344665527343750e+00
-1.858132779598236084e-01,5.748995780944824219e+00
7.043927311897277832e-01,9.386687278747558594e+00
1.469861984252929688e+00,1.113431835174560547e+01
1.117722392082214355e-01,4.062900543212890625e+00
-4.174774512648582458e-02,1.447562098503112793e+00
1.551432013511657715e+00,1.177334117889404297e+01
1.481717467308044434e+00,1.323427867889404297e+01
5.014014840126037598e-01,1.048120403289794922e+01
-7.771515250205993652e-01,1.903126358985900879e+00
1.152965188026428223e+00,7.760008335113525391e+00
2.684218287467956543e-01,5.019402503967285156e+00
-4.083491861820220947e-01,7.392834663391113281e+00
-8.010960221290588379e-01,3.722947359085083008e+00
4.628444314002990723e-01,6.514550209045410156e+00
-2.093679606914520264e-01,5.812805175781250000e+00
6.780859827995300293e-01,9.200493812561035156e+00
5.162226557731628418e-01,5.571948051452636719e+00
4.409493505954742432e-01,1.000910663604736328e+01
-3.782960772514343262e-01,3.394529581069946289e+00
7.297129034996032715e-01,8.252038955688476562e+00
-2.349357903003692627e-01,4.400848865509033203e+00
4.919529855251312256e-01,4.826736450195312500e+00
-3.273082971572875977e-01,5.558766841888427734e+00
1.141567826271057129e-01,3.873545885086059570e+00
1.003116607666015625e+00,7.890648841857910156e+00
1.020920634269714355e+00,7.694326400756835938e+00
3.521147370338439941e-01,5.447355270385742188e+00
1.704148650169372559e-01,8.535504341125488281e+00
1.043117523193359375e+00,8.532016754150390625e+00
1.421455979347229004e+00,7.487443447113037109e+00
1.187228441238403320e+00,1.113875102996826172e+01
6.537743210792541504e-01,6.808199882507324219e+00
2.988455891609191895e-01,4.274142742156982422e+00
2.761551737785339355e-01,2.516077756881713867e+00
-8.110213279724121094e-02,5.909289836883544922e+00
-4.054965972900390625e-01,4.747009754180908203e+00
9.293177723884582520e-02,7.648616790771484375e+00
9.427903294563293457e-01,8.963891029357910156e+00
8.722832202911376953e-01,5.820024967193603516e+00
8.960533738136291504e-01,1.008712768554687500e+01
6.009815335273742676e-01,7.269685745239257812e+00
-4.510815739631652832e-01,2.599445104598999023e+00
4.654408991336822510e-01,6.190121650695800781e+00
7.450158596038818359e-01,1.119835376739501953e+01
5.716757774353027344e-01,4.544727325439453125e+00
1.269593596458435059e+00,1.053448486328125000e+01
1.056038737297058105e+00,1.282502079010009766e+01
-7.511577606201171875e-01,5.682486534118652344e+00
1.058555245399475098e+00,7.931410312652587891e+00
-5.527875423431396484e-01,8.048270225524902344e+00
6.859148740768432617e-01,6.799042701721191406e+00
1.113303899765014648e+00,8.129693984985351562e+00
9.866425395011901855e-01,8.327279090881347656e+00
1.268041729927062988e+00,8.624512672424316406e+00
8.880847096443176270e-01,8.010381698608398438e+00
8.875359892845153809e-01,5.692455291748046875e+00
1.417998433113098145e+00,1.133333683013916016e+01
9.706812500953674316e-01,7.755953788757324219e+00
9.218823313713073730e-01,8.812762260437011719e+00
1.745161414146423340e+00,1.168367481231689453e+01
1.141683578491210938e+00,6.826506614685058594e+00
2.943271771073341370e-02,4.114630699157714844e+00
8.239031434059143066e-01,6.321890354156494141e+00
7.337454557418823242e-01,8.043733596801757812e+00
7.435577511787414551e-01,8.461223602294921875e+00
4.300988093018531799e-02,8.234965324401855469e+00
-9.888333082199096680e-02,4.057539463043212891e+00
5.156045556068420410e-01,6.192307949066162109e+00
1.481381773948669434e+00,1.198170471191406250e+01
2.037877216935157776e-02,5.643312931060791016e+00
8.082114458084106445e-01,7.029522895812988281e+00
1.928909420967102051e-01,7.119327545166015625e+00
1.001475334167480469e+00,8.087840080261230469e+00
1.251463770866394043e+00,1.150806140899658203e+01
1.164572119712829590e+00,6.017649650573730469e+00
3.856320977210998535e-01,6.109106540679931641e+00
2.897459268569946289e-01,6.525857448577880859e+00
-2.055845260620117188e-01,2.345296859741210938e+00
-2.899434566497802734e-01,1.731360912322998047e+00
1.144456267356872559e-01,4.901946067810058594e+00
1.424437880516052246e+00,1.061107540130615234e+01
5.215328335762023926e-01,9.322598457336425781e+00
-7.550927400588989258e-01,1.647940516471862793e+00
1.149295568466186523e+00,8.402146339416503906e+00
1.302919983863830566e-01,1.514328837394714355e+00
8.995861411094665527e-01,6.002871513366699219e+00
3.129081726074218750e-01,6.288272857666015625e+00
2.683196365833282471e-01,3.699293851852416992e+00
1.298432350158691406e+00,7.327462196350097656e+00
8.373986482620239258e-01,7.847278594970703125e+00
4.612829089164733887e-01,4.749850749969482422e+00
-2.547529339790344238e-01,5.855044364929199219e+00
1.239906907081604004e+00,1.089873123168945312e+01
8.152543902397155762e-01,5.741090774536132812e+00
7.155652642250061035e-01,6.526479721069335938e+00
4.171190857887268066e-01,6.048371791839599609e+00
1.480047106742858887e+00,1.258830261230468750e+01
1.726778745651245117e-01,4.470124244689941406e+00
2.593119144439697266e-01,6.026403427124023438e+00
1.061598956584930420e-01,6.498798370361328125e+00
1.055378079414367676e+00,6.538077831268310547e+00
1.783605217933654785e+00,1.188842201232910156e+01
-4.496095478534698486e-01,1.933899044990539551e+00
6.684507131576538086e-01,9.306153297424316406e+00
-5.209361910820007324e-01,1.261952280998229980e+00
1.354098796844482422e+00,1.005906677246093750e+01
6.948125958442687988e-01,7.933687686920166016e+00
1.834874391555786133e+00,1.233892726898193359e+01
8.951304554939270020e-01,7.294332504272460938e+00
1.446898818016052246e+00,1.180628490447998047e+01
-1.742092370986938477e-01,3.467195987701416016e+00
6.748288869857788086e-02,5.939011573791503906e+00
4.251679778099060059e-01,8.688195228576660156e+00
6.983128190040588379e-01,9.148427009582519531e+00
-2.417148649692535400e-01,4.831706047058105469e+00
-1.899859011173248291e-01,5.894633769989013672e+00
-7.865963578224182129e-01,1.447219014167785645e+00
1.049177646636962891e+00,7.029722690582275391e+00
8.811842799186706543e-01,8.076687812805175781e+00
-7.612444162368774414e-01,3.273986577987670898e+00
2.577657997608184814e-01,7.841982841491699219e+00
1.205055832862854004e+00,9.370718955993652344e+00
-1.929346621036529541e-01,6.536525249481201172e+00
1.904932856559753418e-01,3.781179666519165039e+00
-6.948559880256652832e-01,2.595474243164062500e+00
5.068306326866149902e-01,5.345038414001464844e+00
1.505662083625793457e+00,1.270198917388916016e+01
1.060189843177795410e+00,5.749409675598144531e+00
5.160287022590637207e-01,3.808209419250488281e+00
7.195277214050292969e-01,6.376521110534667969e+00
1.147424101829528809e+00,7.541291236877441406e+00
4.862855076789855957e-01,6.757049560546875000e+00
-3.739294130355119705e-03,6.399911403656005859e+00
-1.085838675498962402e-01,4.157649993896484375e+00
4.144833981990814209e-01,7.081985473632812500e+00
-1.879892349243164062e-01,5.104354381561279297e+00
9.889760613441467285e-01,1.040230655670166016e+01
8.489929437637329102e-01,7.216570854187011719e+00
1.018694996833801270e+00,7.961847305297851562e+00
7.704969048500061035e-01,8.326827049255371094e+00
2.277670145034790039e+00,1.576918029785156250e+01
9.203353524208068848e-01,8.142111778259277344e+00
1.882661223411560059e+00,1.420791339874267578e+01
-1.536352634429931641e-01,5.906584739685058594e+00
5.121468901634216309e-01,6.097856521606445312e+00
1.121897459030151367e+00,1.305114078521728516e+01
1.221997618675231934e+00,9.011183738708496094e+00
-5.097597241401672363e-01,3.149747848510742188e+00
6.628494858741760254e-01,7.706211566925048828e+00
1.134550452232360840e+00,8.957388877868652344e+00
-6.414329409599304199e-01,2.681383848190307617e+00
1.074167132377624512e+00,6.351018905639648438e+00
6.116869449615478516e-01,8.689904212951660156e+00
9.482377171516418457e-01,7.350332260131835938e+00
-2.393521666526794434e-01,3.653668165206909180e+00
7.366833090782165527e-01,6.236104011535644531e+00
2.306922078132629395e-01,9.355502128601074219e+00
8.940601348876953125e-01,1.082146358489990234e+01
1.286158680915832520e+00,1.183947086334228516e+01
1.076203465461730957e+00,1.155182361602783203e+01
1.045839071273803711e+00,1.065002632141113281e+01
5.747480988502502441e-01,5.714106559753417969e+00
9.249977469444274902e-01,6.705739974975585938e+00
-4.501648843288421631e-01,5.510702610015869141e+00
3.719569444656372070e-01,8.882335662841796875e+00
5.813533663749694824e-01,5.835087299346923828e+00
5.794489979743957520e-01,5.748113155364990234e+00
1.150601744651794434e+00,9.703768730163574219e+00
1.061644554138183594e-01,5.505471229553222656e+00
1.461851596832275391e-01,6.521304607391357422e+00
6.129022240638732910e-01,6.037484169006347656e+00
1.186917185783386230e+00,7.247341156005859375e+00
1.116266608238220215e+00,9.780045509338378906e+00
4.855458736419677734e-01,7.750180244445800781e+00
-1.625283658504486084e-01,7.462422847747802734e+00
1.400153756141662598e+00,9.647878646850585938e+00
7.603840827941894531e-01,8.789879798889160156e+00
5.993321537971496582e-01,8.820285797119140625e+00
6.011463403701782227e-01,6.072181701660156250e+00
8.939525485038757324e-01,5.862872600555419922e+00
-3.537231311202049255e-02,5.656497955322265625e+00
7.501509189605712891e-01,6.820712089538574219e+00
-1.034489274024963379e-01,4.358133792877197266e+00
1.991020083427429199e+00,1.379011821746826172e+01
1.029908895492553711e+00,7.577574253082275391e+00
1.481086373329162598e+00,9.456486701965332031e+00
3.647344708442687988e-01,6.042989730834960938e+00
6.554523110389709473e-01,8.756828308105468750e+00
7.021494507789611816e-01,6.920486450195312500e+00
1.346920251846313477e+00,1.010407924652099609e+01
3.585343360900878906e-01,9.815636634826660156e+00
1.980901360511779785e-01,3.260889291763305664e+00
9.014762043952941895e-01,9.459930419921875000e+00
-1.882070899009704590e-01,3.812019824981689453e+00
8.375668525695800781e-02,7.459424972534179688e+00
2.113284826278686523e+00,1.446939563751220703e+01
1.473365783691406250e+00,1.114204216003417969e+01
-2.362275719642639160e-01,7.409517288208007812e+00
9.425095915794372559e-01,1.000239086151123047e+01
-3.181169331073760986e-01,5.871681213378906250e+00
9.635127782821655273e-01,7.281405925750732422e+00
3.727811947464942932e-02,6.781002521514892578e+00
7.403228282928466797e-01,8.565415382385253906e+00
6.913802027702331543e-01,5.692294120788574219e+00
-1.323909759521484375e-01,5.815798759460449219e+00
7.343972325325012207e-01,6.514256954193115234e+00
1.662010326981544495e-02,6.209858894348144531e+00
-9.334474802017211914e-02,5.649890899658203125e+00
6.930168271064758301e-01,6.676040649414062500e+00
-5.630082488059997559e-01,7.564973831176757812e+00
9.678246974945068359e-01,9.817734718322753906e+00
1.392924785614013672e+00,1.127197742462158203e+01
9.450989961624145508e-02,7.694585800170898438e+00
5.032500028610229492e-01,6.558465480804443359e+00
-5.355297327041625977e-01,4.116376876831054688e+00
1.419137120246887207e+00,1.032655620574951172e+01
6.312417387962341309e-01,7.435807704925537109e+00
-2.382600307464599609e-01,6.592499732971191406e+00
-8.081836104393005371e-01,6.811318993568420410e-01
1.548490881919860840e+00,1.181173133850097656e+01
2.215061187744140625e-01,7.064318656921386719e+00
7.662549018859863281e-01,5.598576068878173828e+00
7.991492152214050293e-01,8.404648780822753906e+00
5.951330065727233887e-01,9.986874580383300781e+00
1.050820708274841309e+00,1.080989742279052734e+01
1.297789812088012695e-01,7.462394237518310547e+00
9.466813206672668457e-01,7.450270175933837891e+00
5.110159516334533691e-01,4.683802604675292969e+00
9.667931199073791504e-01,9.935074806213378906e+00
7.074949145317077637e-01,4.471420288085937500e+00
-1.628177762031555176e-01,6.234147071838378906e+00
7.820978760719299316e-01,8.242984771728515625e+00
8.070029020309448242e-01,6.841884136199951172e+00
7.831228375434875488e-01,5.678854465484619141e+00
-2.869943380355834961e-01,5.977098464965820312e+00
-5.936269760131835938e-01,5.576441764831542969e+00
1.438277363777160645e-01,5.948284149169921875e+00
1.702013891190290451e-03,7.038080215454101562e+00
1.659221947193145752e-01,8.540339469909667969e+00
-4.238792657852172852e-01,4.554381370544433594e+00
9.183687567710876465e-01,9.035427093505859375e+00
1.580232501029968262e+00,1.055013561248779297e+01
1.508674144744873047e+00,1.185911369323730469e+01
6.822983622550964355e-01,7.974748611450195312e+00
8.526272773742675781e-01,8.591636657714843750e+00
1.224655747413635254e+00,1.042143630981445312e+01
7.406141161918640137e-01,7.305132865905761719e+00
6.420893669128417969e-01,7.855960369110107422e+00
-4.377500414848327637e-01,3.825074911117553711e+00
-3.677455782890319824e-01,6.395458221435546875e+00
8.199208974838256836e-01,6.999575614929199219e+00
1.011705994606018066e+00,6.221461296081542969e+00
2.470708191394805908e-01,6.674002647399902344e+00
-6.550185680389404297e-01,7.425547122955322266e+00
-2.242814004421234131e-01,6.028130054473876953e+00
1.057041883468627930e-01,4.558500289916992188e+00
2.534419775009155273e+00,1.422512245178222656e+01
-7.434675693511962891e-01,6.672212481498718262e-01
7.311864495277404785e-01,4.987729072570800781e+00
-2.586649060249328613e-01,3.912095785140991211e+00
9.287250638008117676e-01,9.463973045349121094e+00
-2.023566365242004395e-01,4.254166126251220703e+00
8.779414296150207520e-01,9.091589927673339844e+00
6.531671285629272461e-01,8.050364494323730469e+00
1.127886414527893066e+00,5.952366828918457031e+00
9.051110148429870605e-01,5.825884342193603516e+00
-2.318570017814636230e-01,7.711730480194091797e+00
6.299489736557006836e-01,7.253762245178222656e+00
-3.276114165782928467e-01,2.789465665817260742e+00
7.745743989944458008e-01,7.024394512176513672e+00
1.052819609642028809e+00,9.329323768615722656e+00
1.218522667884826660e+00,8.945940017700195312e+00
-3.213865756988525391e-01,1.065166950225830078e+00
-6.201987862586975098e-01,3.061184644699096680e+00
5.763477683067321777e-01,6.302961349487304688e+00
5.586639046669006348e-01,6.034288406372070312e+00
7.510202527046203613e-01,6.801449775695800781e+00
4.125588238239288330e-01,3.286033391952514648e+00
5.327037572860717773e-01,4.799485683441162109e+00
1.300781369209289551e+00,1.180555820465087891e+01
3.934617340564727783e-01,6.250027656555175781e+00
1.370625257492065430e+00,1.035149860382080078e+01
1.586921095848083496e+00,1.107932472229003906e+01
7.328855395317077637e-01,8.061373710632324219e+00
8.945970535278320312e-01,7.510709762573242188e+00
3.873370885848999023e-01,7.820389747619628906e+00
-6.818844676017761230e-01,1.728130221366882324e+00
4.734764993190765381e-01,5.596975326538085938e+00
9.646552205085754395e-01,8.136799812316894531e+00
6.738676428794860840e-01,7.197856903076171875e+00
6.881307959556579590e-01,5.544957160949707031e+00
1.239026427268981934e+00,1.100737094879150391e+01
8.821125626564025879e-01,6.108129501342773438e+00
-5.141100287437438965e-01,2.304555892944335938e+00
-5.958830118179321289e-01,8.016170501708984375e+00
1.457991600036621094e-01,6.270813465118408203e+00
4.247421920299530029e-01,6.269160270690917969e+00
2.452586889266967773e-01,7.522161483764648438e+00
2.405144274234771729e-01,4.272818565368652344e+00
5.624814629554748535e-01,6.841306686401367188e+00
2.025372028350830078e+00,1.507559204101562500e+01
6.523432135581970215e-01,1.096022319793701172e+01
4.867488741874694824e-01,8.851349830627441406e+00
4.600127935409545898e-01,7.235649108886718750e+00
5.288174748420715332e-01,1.071392822265625000e+01
1.974177956581115723e-01,6.738289833068847656e+00
3.518626093864440918e-01,9.644839286804199219e+00
9.803898334503173828e-01,8.459256172180175781e+00
6.764349341392517090e-02,6.602702140808105469e+00
9.644849300384521484e-01,7.323467731475830078e+00
-3.430553898215293884e-02,8.500437736511230469e+00
-5.517531037330627441e-01,1.988126635551452637e+00
1.210832357406616211e+00,6.495812892913818359e+00
1.037378430366516113e+00,1.111295318603515625e+01
6.842327713966369629e-01,7.242646217346191406e+00
4.058313071727752686e-01,5.673808574676513672e+00
1.138949871063232422e+00,1.337529277801513672e+01
1.014979958534240723e+00,9.756796836853027344e+00
8.931155800819396973e-01,9.671397209167480469e+00
-2.365097999572753906e-01,6.172825336456298828e+00
-8.973099589347839355e-01,6.462903976440429688e+00
1.054164290428161621e+00,9.123535156250000000e+00
8.266030550003051758e-01,5.621153354644775391e+00
2.482107162475585938e+00,1.541095924377441406e+01
1.396248817443847656e+00,9.844647407531738281e+00
1.897523045539855957e+00,1.367502498626708984e+01
5.400388240814208984e-01,6.376793861389160156e+00
1.378047108650207520e+00,9.088689804077148438e+00
-5.494330525398254395e-01,4.215986728668212891e+00
8.672899603843688965e-01,8.814627647399902344e+00
1.205124139785766602e+00,1.219066143035888672e+01
-5.095205903053283691e-01,4.191102981567382812e+00
4.067474901676177979e-01,7.829464912414550781e+00
-2.456470131874084473e-01,1.234863400459289551e+00
2.568194866180419922e-01,3.971283912658691406e+00
4.483755230903625488e-01,8.100152015686035156e+00
7.352052330970764160e-01,1.023552799224853516e+01
1.563584923744201660e+00,1.293795013427734375e+01
1.017518877983093262e+00,7.540890693664550781e+00
3.440950512886047363e-01,9.020825386047363281e+00
9.279977679252624512e-01,1.189294338226318359e+01
1.077105998992919922e+00,1.140730762481689453e+01
2.044967412948608398e+00,1.436002826690673828e+01
9.792512655258178711e-01,1.156212139129638672e+01
1.649729013442993164e-01,7.294015407562255859e+00
1.330882906913757324e+00,9.659840583801269531e+00
-7.694724798202514648e-01,1.498298764228820801e+00
8.531752973794937134e-03,3.848328351974487305e+00
9.860400557518005371e-01,8.320881843566894531e+00
2.107340574264526367e+00,1.423279476165771484e+01
1.797350168228149414e+00,1.469250392913818359e+01
9.828564524650573730e-01,8.367693901062011719e+00
-1.340709328651428223e-01,3.738265275955200195e+00
-2.234535515308380127e-01,6.397552490234375000e+00
9.104281067848205566e-01,7.911850452423095703e+00
1.024989366531372070e+00,6.544155120849609375e+00
-3.842061161994934082e-01,1.275848269462585449e+00
-2.346478402614593506e-01,4.686296463012695312e+00
1.003707289695739746e+00,1.009274768829345703e+01
5.925728678703308105e-01,6.395909309387207031e+00
8.594617247581481934e-01,6.391147136688232422e+00
2.067993879318237305e+00,1.382768917083740234e+01
1.203426361083984375e+00,1.064106845855712891e+01
9.214861989021301270e-01,8.260819435119628906e+00
-5.850905776023864746e-01,4.989210128784179688e+00
1.583165228366851807e-01,5.848075866699218750e+00
8.497099280357360840e-01,1.147539424896240234e+01
2.441722154617309570e-01,4.974078655242919922e+00
6.824001073837280273e-01,7.971089363098144531e+00
1.147331833839416504e+00,6.131609916687011719e+00
4.600300192832946777e-01,5.148853302001953125e+00
9.812663197517395020e-01,1.039238452911376953e+01
7.283865213394165039e-01,7.790246009826660156e+00
1.413643479347229004e+00,1.004071426391601562e+01
2.388559341430664062e+00,1.290544414520263672e+01
1.359651923179626465e+00,8.905392646789550781e+00
7.561159729957580566e-01,4.210204124450683594e+00
8.458980917930603027e-01,7.931001663208007812e+00
6.519526839256286621e-01,1.038920593261718750e+01
1.134243845939636230e+00,1.202779865264892578e+01
-6.849092245101928711e-01,2.731536149978637695e+00
1.825279593467712402e-01,6.588919460773468018e-02
6.820302009582519531e-01,7.045320034027099609e+00
-3.813461363315582275e-01,3.097133159637451172e+00
1.210667252540588379e+00,1.010715770721435547e+01
6.337532401084899902e-02,7.937103271484375000e+00
3.873253241181373596e-02,3.596687078475952148e+00
1.159906744956970215e+00,9.302294731140136719e+00
-2.845017313957214355e-01,5.842541694641113281e+00
-2.001078128814697266e-01,5.148253440856933594e+00
2.386779546737670898e+00,1.437199687957763672e+01
9.612391591072082520e-01,9.690423011779785156e+00
1.040540575981140137e+00,7.719109535217285156e+00
3.248129785060882568e-01,5.648051261901855469e+00
2.890501916408538818e-01,3.181220769882202148e+00
-1.275521144270896912e-02,5.295432090759277344e+00
2.810673117637634277e-01,8.171248435974121094e+00
4.681801795959472656e-01,8.238421440124511719e+00
8.409742712974548340e-01,1.351619529724121094e+01
1.139963507652282715e+00,1.342052173614501953e+01
6.800540685653686523e-01,5.535672187805175781e+00
7.817167043685913086e-02,2.636036634445190430e+00
5.491217970848083496e-01,1.137502956390380859e+01
7.384191751480102539e-01,5.903492450714111328e+00
9.870606660842895508e-01,1.206238031387329102e+00
7.185945510864257812e-01,8.101681709289550781e+00
2.134882450103759766e+00,1.435762786865234375e+01
5.341585278511047363e-01,6.369607925415039062e+00
4.883047938346862793e-01,6.203356266021728516e+00
8.039067983627319336e-01,9.295371055603027344e+00
9.258591532707214355e-01,9.635220527648925781e+00
7.951012253761291504e-01,7.342247486114501953e+00
2.769947424530982971e-02,5.860099315643310547e+00
-5.083020925521850586e-01,3.906908512115478516e+00
-7.018694877624511719e-01,5.176769256591796875e+00
1.175552725791931152e+00,1.242744541168212891e+01
-8.458992838859558105e-02,5.877025127410888672e+00
-2.329771220684051514e-01,6.279625892639160156e+00
4.650425314903259277e-01,6.331860542297363281e+00
1.101718068122863770e+00,6.210510253906250000e+00
6.959319710731506348e-01,7.046798706054687500e+00
6.483854055404663086e-01,6.041681289672851562e+00
8.181232810020446777e-01,7.531638145446777344e+00
3.476623892784118652e-01,5.453163146972656250e+00
9.128037840127944946e-03,4.024763107299804688e+00
2.179076373577117920e-01,4.567384243011474609e+00
1.462625265121459961e+00,1.204383563995361328e+01
7.171311974525451660e-02,7.322995662689208984e+00
1.543379426002502441e-01,3.741845130920410156e+00
-5.832318663597106934e-01,6.623705863952636719e+00
7.194287180900573730e-01,1.141081523895263672e+01
7.893429994583129883e-01,7.050383567810058594e+00
8.398259282112121582e-01,7.404420852661132812e+00
4.808696508407592773e-01,1.009130287170410156e+01
8.002165555953979492e-01,7.785333633422851562e+00
6.888452451676130295e-03,4.176869392395019531e+00
-4.502159357070922852e-01,3.821368932723999023e+00
2.098284959793090820e+00,1.349978351593017578e+01
6.733732819557189941e-01,9.921902656555175781e+00
1.295959234237670898e+00,1.037601852416992188e+01
7.005057334899902344e-01,7.570717811584472656e+00
1.844282388687133789e+00,1.420775318145751953e+01
1.040760040283203125e+00,8.893877029418945312e+00
1.042550444602966309e+00,7.669101715087890625e+00
-2.273628711700439453e-01,7.251464366912841797e+00
7.431840896606445312e-02,6.307446002960205078e+00
1.346872210502624512e+00,1.295157527923583984e+01
-8.133262991905212402e-01,3.772076368331909180e+00
1.251939415931701660e+00,9.720788955688476562e+00
8.038067817687988281e-01,5.933100700378417969e+00
1.180680632591247559e+00,9.151066780090332031e+00
7.564480304718017578e-01,9.214426994323730469e+00
1.986272692680358887e+00,1.410208320617675781e+01
-4.020577296614646912e-02,4.702755928039550781e+00
4.378972649574279785e-01,6.856589317321777344e+00
5.581523776054382324e-01,7.372789382934570312e+00
4.011676311492919922e-01,5.125699043273925781e+00
1.091807007789611816e+00,8.426671028137207031e+00
1.104068398475646973e+00,7.970424652099609375e+00
1.151177167892456055e+00,5.517542362213134766e+00
5.329135656356811523e-01,7.968149185180664062e+00
9.843413233757019043e-01,1.034452342987060547e+01
3.725338876247406006e-01,7.275739669799804688e+00
3.176350891590118408e-01,6.600753784179687500e+00
6.975182890892028809e-01,8.655764579772949219e+00
7.553755640983581543e-01,6.560154914855957031e+00
-1.318175196647644043e-01,3.283384084701538086e+00
3.399601280689239502e-01,4.878019332885742188e+00
9.185588955879211426e-01,1.192170619964599609e+01
9.455385804176330566e-01,7.365480899810791016e+00
1.377958416938781738e+00,1.007185268402099609e+01
6.309014558792114258e-01,8.388306617736816406e+00
8.816291689872741699e-01,1.142168140411376953e+01
9.862174391746520996e-01,8.034853935241699219e+00
-2.551155090332031250e-01,5.234912872314453125e+00
4.813699424266815186e-01,6.295510768890380859e+00
-2.715527638792991638e-02,6.630455970764160156e+00
-3.781186938285827637e-01,6.090985774993896484e+00
1.454660773277282715e+00,7.622060298919677734e+00
7.184371352195739746e-02,7.070353984832763672e+00
9.042447209358215332e-01,9.203083992004394531e+00
1.371591329574584961e+00,1.169324398040771484e+01
5.917075276374816895e-01,8.915280342102050781e+00
6.201358437538146973e-01,7.956091880798339844e+00
2.664495408535003662e-01,5.962432861328125000e+00
6.936380863189697266e-01,8.299470901489257812e+00
1.066272854804992676e+00,1.253468418121337891e+01
-5.716498494148254395e-01,5.023460388183593750e+00
8.017767071723937988e-01,8.301056861877441406e+00
1.102684259414672852e+00,9.498105049133300781e+00
1.082794785499572754e+00,1.102240943908691406e+01
6.462649106979370117e-01,6.482896804809570312e+00
-2.923447191715240479e-01,4.303710937500000000e+00
1.051311373710632324e+00,8.794093132019042969e+00
3.483347892761230469e-01,1.115413951873779297e+01
8.825011849403381348e-01,7.279153347015380859e+00
1.715666428208351135e-02,4.182070255279541016e+00
-5.817382931709289551e-01,1.370480179786682129e+00
1.152141213417053223e+00,8.483005523681640625e+00
4.077560603618621826e-01,5.784796714782714844e+00
1.032297015190124512e+00,8.526703834533691406e+00
1.456431865692138672e+00,8.686655044555664062e+00
6.130596399307250977e-01,9.414878845214843750e+00
-1.346888542175292969e-01,4.703680038452148438e+00
1.098280906677246094e+00,9.930051803588867188e+00
4.704436063766479492e-01,4.956489562988281250e+00
6.314498782157897949e-01,5.293946266174316406e+00
5.164098143577575684e-01,6.966357231140136719e+00
7.034524679183959961e-01,1.071067905426025391e+01
7.942096590995788574e-01,8.230674743652343750e+00
7.043702602386474609e-01,1.017337322235107422e+01
2.132662832736968994e-01,5.865342617034912109e+00
-7.601933479309082031e-01,3.943165063858032227e+00
-3.003129959106445312e-01,3.213661909103393555e+00
5.625424385070800781e-01,6.757397174835205078e+00
-7.392346858978271484e-02,4.525046348571777344e+00
-2.027412056922912598e-01,6.409055709838867188e+00
3.288504183292388916e-01,7.263982772827148438e+00
1.045447111129760742e+00,9.960623741149902344e+00
1.362550854682922363e+00,9.832554817199707031e+00
4.961006343364715576e-01,7.950559139251708984e+00
2.358672022819519043e-01,5.178004741668701172e+00
7.410656809806823730e-01,7.462599754333496094e+00
8.863365650177001953e-01,8.299221992492675781e+00
1.158213615417480469e+00,6.848826408386230469e+00
7.161349654197692871e-01,1.078300571441650391e+01
-2.801960334181785583e-02,7.072233200073242188e+00
6.357936263084411621e-01,6.436743736267089844e+00
-5.751610994338989258e-01,3.436462879180908203e+00
1.035819530487060547e+00,1.056874561309814453e+01
8.870081305503845215e-01,5.759202003479003906e+00
7.874725461006164551e-01,8.415088653564453125e+00
-7.776644229888916016e-01,2.091807842254638672e+00
3.728533163666725159e-02,4.030893325805664062e+00
4.154014587402343750e-01,7.269105911254882812e+00
-4.776051640510559082e-01,2.823841333389282227e+00
9.887687563896179199e-01,1.072434711456298828e+01
1.120141521096229553e-02,8.478847503662109375e+00
-8.245277404785156250e-02,5.805896282196044922e+00
8.010693192481994629e-01,8.408032417297363281e+00
-8.456498980522155762e-01,4.566071510314941406e+00
2.839061617851257324e-01,5.851471424102783203e+00
-3.780369758605957031e-01,2.471440792083740234e+00
8.887168169021606445e-01,8.275665283203125000e+00
7.924693822860717773e-01,4.830854892730712891e+00
-3.715149760246276855e-01,1.499458789825439453e+00
2.970344424247741699e-01,5.905205249786376953e+00
9.655765891075134277e-01,1.208539295196533203e+01
4.636644124984741211e-01,8.191327095031738281e+00
1.907616138458251953e+00,1.403270339965820312e+01
1.505344510078430176e+00,1.000648021697998047e+01
1.482369899749755859e-01,2.847901105880737305e+00
-1.550765037536621094e-01,3.318396329879760742e+00
-1.719646453857421875e-01,3.211484670639038086e+00
5.278178453445434570e-01,4.908734560012817383e-01
7.955666184425354004e-01,8.565413475036621094e+00
6.255930662155151367e-01,6.401038169860839844e+00
8.725879788398742676e-01,5.926641941070556641e+00
3.150284290313720703e-01,6.045130729675292969e+00
1.217582225799560547e+00,9.818194389343261719e+00
2.862922847270965576e-01,9.864183425903320312e+00
8.795027136802673340e-01,8.619672775268554688e+00
1.117482781410217285e+00,9.166608810424804688e+00
9.639768600463867188e-01,7.717112541198730469e+00
1.119204640388488770e+00,1.234924030303955078e+01
5.723723769187927246e-01,7.850607395172119141e+00
8.841925263404846191e-01,4.541522026062011719e+00
4.198128357529640198e-02,2.151858091354370117e+00
7.809457182884216309e-01,5.961328506469726562e+00
1.195340752601623535e+00,9.675213813781738281e+00
1.002303361892700195e+00,8.131711006164550781e+00
9.678196310997009277e-01,9.767136573791503906e+00
2.463052749633789062e+00,1.480889034271240234e+01
7.363476157188415527e-01,7.296281337738037109e+00
6.644154787063598633e-01,9.802237510681152344e+00
5.301453471183776855e-01,3.834289312362670898e+00
8.220860958099365234e-01,1.166784954071044922e+01
1.241328239440917969e+00,8.891305923461914062e+00
2.808036804199218750e-01,4.725935459136962891e+00
5.414459705352783203e-01,6.030557632446289062e+00
4.441697001457214355e-01,8.725224494934082031e+00
8.418243527412414551e-01,7.670404434204101562e+00
6.473901867866516113e-01,9.017142295837402344e+00
7.445804476737976074e-01,8.211709976196289062e+00
1.192352890968322754e+00,1.125805759429931641e+01
4.511615335941314697e-01,7.669107913970947266e+00
-1.202238798141479492e-01,6.065378665924072266e+00
6.361121535301208496e-01,8.553350448608398438e+00
1.707695960998535156e+00,1.119303321838378906e+01
7.982426285743713379e-01,9.127481460571289062e+00
8.257174491882324219e-01,8.156949043273925781e+00
3.470438420772552490e-01,3.304458856582641602e+00
1.028439283370971680e+00,8.893874168395996094e+00
-3.485326766967773438e-01,5.481905460357666016e+00
3.347986340522766113e-01,9.976168632507324219e+00
1.561528801918029785e+00,1.278161907196044922e+01
9.015070796012878418e-01,1.009244441986083984e+01
-5.853301882743835449e-01,4.914810180664062500e+00
-1.567198038101196289e-01,2.959713697433471680e+00
4.552705883979797363e-01,4.745546340942382812e+00
4.733184576034545898e-01,8.104222297668457031e+00
3.520744442939758301e-01,6.086627960205078125e+00
6.792173385620117188e-01,9.047207832336425781e+00
5.556281208992004395e-01,5.736822128295898438e+00
9.352325797080993652e-01,6.581962585449218750e+00
8.019904494285583496e-01,7.760762214660644531e+00
2.468254566192626953e-01,5.161165237426757812e+00
5.705242156982421875e-01,4.790232181549072266e+00
9.882032275199890137e-01,4.906530380249023438e+00
-3.713669180870056152e-01,3.468500375747680664e+00
8.780046105384826660e-01,1.057669162750244141e+01
9.348179697990417480e-01,6.963078498840332031e+00
7.420212626457214355e-01,7.107348918914794922e+00
9.278982877731323242e-01,1.108832263946533203e+01
3.405627906322479248e-01,2.907936811447143555e+00
7.407815456390380859e-01,1.176035785675048828e+01
2.064859867095947266e-01,8.708307266235351562e+00
1.103402495384216309e+00,7.035755634307861328e+00
7.127947807312011719e-01,8.786827087402343750e+00
1.172185540199279785e+00,6.989666938781738281e+00
5.149546544998884201e-03,5.457982540130615234e+00
1.766075491905212402e+00,1.369321346282958984e+01
2.228636026382446289e+00,1.374891090393066406e+01
4.011667370796203613e-01,8.959136009216308594e+00
1.198675513267517090e+00,6.423882007598876953e+00
5.290647745132446289e-01,6.733667373657226562e+00
4.792469143867492676e-01,9.014359474182128906e+00
9.426308274269104004e-01,5.179326057434082031e+00
3.612788915634155273e-01,7.098244667053222656e+00
-9.083399176597595215e-02,5.721267223358154297e+00
7.776435017585754395e-01,4.873911380767822266e+00
9.637821912765502930e-01,8.559166908264160156e+00
1.169408917427062988e+00,1.079579639434814453e+01
1.125803828239440918e+00,8.964060783386230469e+00
4.432788491249084473e-01,6.320652484893798828e+00
9.206779599189758301e-01,7.933828353881835938e+00
6.130149364471435547e-01,6.461153507232666016e+00
6.518768668174743652e-01,5.990083694458007812e+00
1.152250170707702637e-01,4.317929267883300781e+00
5.606552362442016602e-01,4.935782432556152344e+00
3.454006016254425049e-01,7.029357910156250000e+00
-5.521751642227172852e-01,2.386046648025512695e+00
6.542287468910217285e-01,6.516759872436523438e+00
1.089633822441101074e+00,5.641845703125000000e+00
1.041362643241882324e+00,1.001262664794921875e+01
1.662058711051940918e+00,1.182031917572021484e+01
6.784225106239318848e-01,8.468227386474609375e+00
5.849362015724182129e-01,8.119137763977050781e+00
2.880386114120483398e+00,1.471968936920166016e+01
7.995656132698059082e-01,7.949507713317871094e+00
1.748243451118469238e+00,1.197228145599365234e+01
7.676041126251220703e-01,6.916384696960449219e+00
1.340197443962097168e+00,1.130372047424316406e+01
4.908122718334197998e-01,7.224770069122314453e+00
-4.779106080532073975e-01,2.967426776885986328e+00
6.192733645439147949e-01,9.396227836608886719e+00
2.888677120208740234e-01,6.880209922790527344e+00
2.415795326232910156e-01,8.603743553161621094e+00
7.520180940628051758e-01,6.536418437957763672e+00
6.293491721153259277e-01,7.014584064483642578e+00
1.226753830909729004e+00,1.328299999237060547e+01
7.616714239120483398e-01,7.760048389434814453e+00
9.128770828247070312e-01,7.791029930114746094e+00
-2.500253319740295410e-01,6.426389694213867188e+00
-7.654455304145812988e-01,7.526701688766479492e-01
3.754892945289611816e-01,6.078877449035644531e+00
7.222592234611511230e-01,6.401907920837402344e+00
1.112338185310363770e+00,9.188952445983886719e+00
6.288506388664245605e-01,6.046949386596679688e+00
2.854436337947845459e-01,8.314461708068847656e+00
7.293951511383056641e-01,5.966734886169433594e+00
-2.129517793655395508e-01,4.241337299346923828e+00
5.961582064628601074e-01,3.842221975326538086e+00
2.750648558139801025e-01,6.100982666015625000e+00
2.347555160522460938e-01,4.731898307800292969e+00
3.050838112831115723e-01,8.325524330139160156e+00
1.131416320800781250e+00,1.284395408630371094e+01
1.051034450531005859e+00,8.339492797851562500e+00
8.122726082801818848e-01,9.721518516540527344e+00
-2.938378155231475830e-01,3.721936464309692383e+00
5.282393097877502441e-01,9.268559455871582031e+00
5.543925762176513672e-01,7.584127902984619141e+00
2.080223560333251953e-01,2.809804916381835938e+00
7.564181089401245117e-01,1.205619239807128906e+01
7.534773349761962891e-01,6.603558540344238281e+00
-1.959559619426727295e-01,5.102461814880371094e+00
-7.150092720985412598e-01,6.149578094482421875e-01
6.646797060966491699e-01,7.195562362670898438e+00
-8.715997934341430664e-01,2.312546014785766602e+00
2.301516771316528320e+00,1.468223667144775391e+01
1.479397892951965332e+00,1.130805110931396484e+01
-1.134460568428039551e-01,1.943352341651916504e+00
1.335195064544677734e+00,1.095574951171875000e+01
5.559806227684020996e-01,6.464602947235107422e+00
2.991339862346649170e-01,4.572830677032470703e+00
8.482803702354431152e-01,7.776659011840820312e+00
7.955605983734130859e-01,5.801418304443359375e+00
-2.061601877212524414e-01,2.819423913955688477e+00
1.049239993095397949e+00,1.052751255035400391e+01
3.951006829738616943e-01,6.297124862670898438e+00
-1.361541152000427246e-01,6.408816337585449219e+00
1.077912688255310059e+00,7.632765293121337891e+00
5.131894350051879883e-01,8.381863594055175781e+00
4.175424575805664062e-01,5.131463527679443359e+00
1.292442798614501953e+00,6.248188018798828125e+00
-7.571900486946105957e-01,5.945101737976074219e+00
-5.746197104454040527e-01,3.343631505966186523e+00
-2.789708971977233887e-01,2.517742156982421875e+00
3.990154862403869629e-01,4.284631252288818359e+00
6.970970630645751953e-01,7.939833164215087891e+00
6.342222094535827637e-01,6.014420986175537109e+00
-1.910452842712402344e-01,4.265983104705810547e+00
5.866854190826416016e-01,6.615607738494873047e+00
7.892438173294067383e-01,8.604792594909667969e+00
3.446245193481445312e-01,7.261169433593750000e+00
9.331006407737731934e-01,7.183507919311523438e+00
7.436679601669311523e-01,6.551868915557861328e+00
1.235964775085449219e+00,9.123422622680664062e+00
8.577244281768798828e-01,8.003073692321777344e+00
-5.227451324462890625e-01,2.298820257186889648e+00
1.587747097015380859e+00,1.231261920928955078e+01
2.680218219757080078e-01,9.311778068542480469e+00
9.216094613075256348e-01,5.928521633148193359e+00
4.073330163955688477e-01,8.676423072814941406e+00
1.072852134704589844e+00,8.646679878234863281e+00
-1.221888884902000427e-02,2.299116849899291992e+00
-5.089957714080810547e-01,2.373574018478393555e+00
1.075487732887268066e+00,1.164602088928222656e+01
-7.654150724411010742e-01,2.422521829605102539e+00
7.460529208183288574e-01,1.021435260772705078e+01
1.015310049057006836e+00,7.016579627990722656e+00
6.511700749397277832e-01,5.909607887268066406e+00
2.593595266342163086e+00,1.494206237792968750e+01
7.287861108779907227e-01,7.742629051208496094e+00
1.316284298896789551e+00,1.059255504608154297e+01
5.865216627717018127e-02,5.252404689788818359e+00
-5.452288985252380371e-01,3.246515035629272461e+00
4.603706002235412598e-01,6.325992584228515625e+00
6.598659157752990723e-01,9.431298255920410156e+00
1.240158796310424805e+00,7.844033241271972656e+00
8.528934717178344727e-01,1.156859493255615234e+01
7.026274800300598145e-01,9.020252227783203125e+00
3.515845537185668945e-01,6.259315967559814453e+00
7.919785380363464355e-01,7.400172710418701172e+00
-1.673194766044616699e-01,4.832129478454589844e+00
-1.740007996559143066e-01,3.668264627456665039e+00
9.226869940757751465e-01,4.806404113769531250e+00
4.337009191513061523e-01,8.127722740173339844e+00
-7.445304989814758301e-01,4.508881092071533203e+00
-6.388246417045593262e-01,6.193336009979248047e+00
3.531948328018188477e-01,8.344690322875976562e+00
4.632066488265991211e-01,6.272365570068359375e+00
7.404748797416687012e-01,1.033853054046630859e+01
1.576545357704162598e+00,1.184630012512207031e+01
-7.942915558815002441e-01,1.777261853218078613e+00
1.101980805397033691e+00,7.673016548156738281e+00
9.239793419837951660e-01,9.045655250549316406e+00
3.507501482963562012e-01,8.173551559448242188e+00
-3.717904910445213318e-02,7.044653892517089844e+00
6.866003274917602539e-01,8.727489471435546875e+00
1.037122607231140137e+00,8.313187599182128906e+00
9.649502635002136230e-01,9.151211738586425781e+00
8.967851400375366211e-01,7.923525333404541016e+00
6.287978291511535645e-01,4.881719112396240234e+00
1.475218653678894043e+00,1.146978092193603516e+01
8.387619853019714355e-01,4.982222557067871094e+00
8.746249079704284668e-01,9.326277732849121094e+00
-8.927520364522933960e-03,4.044434547424316406e+00
6.982451081275939941e-01,1.098248004913330078e+01
1.232971429824829102e+00,1.050791645050048828e+01
1.149694561958312988e+00,1.095541286468505859e+01
7.398761510848999023e-01,7.195496559143066406e+00
7.925124764442443848e-01,8.061289787292480469e+00
9.153924584388732910e-01,1.096766090393066406e+01
7.961427569389343262e-01,1.005742931365966797e+01
7.957604527473449707e-01,6.984970092773437500e+00
9.428375959396362305e-01,1.058923816680908203e+01
5.509022474288940430e-01,4.922636032104492188e+00
3.417421281337738037e-01,6.607123374938964844e+00
-3.741676807403564453e-01,6.489440441131591797e+00
3.228750824928283691e-01,6.968094825744628906e+00
-4.785110950469970703e-01,2.399522066116333008e+00
-5.635028705000877380e-02,7.086023807525634766e+00
2.502122521400451660e-01,6.420436382293701172e+00
1.081617951393127441e+00,6.318969726562500000e+00
5.608970522880554199e-01,4.351652145385742188e+00
1.007091403007507324e+00,3.415456533432006836e+00
9.599118828773498535e-01,9.869284629821777344e+00
2.816762328147888184e-01,4.454686641693115234e+00
9.949334859848022461e-01,5.491275787353515625e+00
1.392720699310302734e+00,5.483040332794189453e+00
9.356302022933959961e-01,6.236907005310058594e+00
1.096926093101501465e+00,5.672285079956054688e+00
-9.139686822891235352e-02,2.855270624160766602e+00
1.213822245597839355e+00,9.331131935119628906e+00
3.482604026794433594e-01,7.503452301025390625e+00
2.529245615005493164e+00,1.635961151123046875e+01
1.126137971878051758e+00,9.257208824157714844e+00
-3.883474469184875488e-01,2.868387699127197266e+00
1.042736768722534180e-01,1.119826912879943848e+00
6.751695871353149414e-01,8.766551017761230469e+00
1.077033281326293945e+00,8.595323562622070312e+00
1.051516294479370117e+00,6.763910770416259766e+00
5.524244904518127441e-01,4.048336029052734375e+00
-1.374459564685821533e-01,6.241803646087646484e+00
1.621164917945861816e+00,1.198977851867675781e+01
4.416399896144866943e-01,6.210209369659423828e+00
6.930767893791198730e-01,1.090855407714843750e+01
1.098129272460937500e+00,8.883057594299316406e+00
3.610060811042785645e-01,6.436307430267333984e+00
7.806413173675537109e-01,5.824007987976074219e+00
6.312522292137145996e-02,7.155468463897705078e+00
8.064610362052917480e-01,7.634084701538085938e+00
6.091665625572204590e-01,4.406460762023925781e+00
7.762928605079650879e-01,1.026444244384765625e+01
1.148624062538146973e+00,1.028048229217529297e+01
9.053880572319030762e-01,4.837359905242919922e+00
1.306360244750976562e+00,8.675974845886230469e+00
7.454544901847839355e-01,8.582015037536621094e+00
4.082738757133483887e-01,5.769757270812988281e+00
7.890410423278808594e-01,5.915536880493164062e+00
8.556108474731445312e-01,5.461712837219238281e+00
-1.314427852630615234e-01,1.592852473258972168e+00
2.480973005294799805e+00,1.466081142425537109e+01
1.388917922973632812e+00,1.127234745025634766e+01
1.033133149147033691e+00,6.593063354492187500e+00
-8.095472455024719238e-01,3.481507062911987305e+00
3.473312035202980042e-02,4.166969299316406250e+00
1.045374274253845215e-01,8.260272026062011719e+00
-1.689126491546630859e-01,3.142678022384643555e+00
-1.239133477210998535e-01,5.560498237609863281e+00
-8.549833893775939941e-01,2.376876115798950195e+00
-3.969331383705139160e-01,2.979138851165771484e+00
-1.785725951194763184e-01,2.956171274185180664e+00
9.248035550117492676e-01,6.124272346496582031e+00
8.120162487030029297e-01,9.110518455505371094e+00
8.046693801879882812e-01,6.922580242156982422e+00
1.015979051589965820e-01,4.258193016052246094e+00
8.098382353782653809e-01,8.450036048889160156e+00
-1.487191319465637207e-01,6.182420730590820312e+00
-2.861290276050567627e-01,5.518922328948974609e+00
-4.281778931617736816e-01,7.924572944641113281e+00
1.047735095024108887e+00,8.492718696594238281e+00
-4.744809493422508240e-02,5.438620567321777344e+00
3.960694074630737305e-01,6.520061969757080078e+00
8.704970479011535645e-01,7.182643890380859375e+00
5.713947415351867676e-01,7.815062046051025391e+00
-6.215997934341430664e-01,4.452459335327148438e+00
8.669647574424743652e-01,1.154757022857666016e+01
1.244030833244323730e+00,1.388522052764892578e+01
-2.982890233397483826e-02,7.211152553558349609e+00
-2.373606562614440918e-01,5.773795127868652344e+00
9.395602345466613770e-01,1.016210842132568359e+01
8.709097504615783691e-01,6.246925354003906250e+00
-1.632726192474365234e-01,4.043626785278320312e+00
6.292537450790405273e-01,6.806009292602539062e+00
1.651592135429382324e+00,1.340923881530761719e+01
-6.731552481651306152e-01,2.528905630111694336e+00
-4.927726387977600098e-01,3.340401887893676758e+00
-3.602167963981628418e-01,5.890211582183837891e+00
6.958389878273010254e-01,9.796753883361816406e+00
-4.981096982955932617e-01,6.433670043945312500e+00
1.201441884040832520e+00,1.185358142852783203e+01
-3.456139564514160156e-01,6.558206081390380859e+00
7.104765772819519043e-01,3.775568485260009766e+00
-8.006298542022705078e-02,5.199740886688232422e+00
4.975088238716125488e-01,1.094493007659912109e+01
-6.467563509941101074e-01,1.555919289588928223e+00
1.309145808219909668e+00,1.117392158508300781e+01
3.250586688518524170e-01,4.384614467620849609e+00
1.071159958839416504e+00,7.840462684631347656e+00
1.871242523193359375e-01,3.584378957748413086e+00
-7.510336041450500488e-01,3.177666902542114258e+00
-7.351168990135192871e-01,4.148207664489746094e+00
8.280653357505798340e-01,9.835741996765136719e+00
8.442297577857971191e-01,9.197768211364746094e+00
1.502807974815368652e+00,9.945008277893066406e+00
1.380985081195831299e-01,8.518788337707519531e+00
1.036940336227416992e+00,9.170409202575683594e+00
-1.073662042617797852e-01,7.377254962921142578e+00
-4.831385612487792969e-01,3.950161695480346680e+00
5.675504803657531738e-01,3.806628227233886719e+00
6.628667712211608887e-01,9.065123558044433594e+00
5.486468672752380371e-01,4.983518123626708984e+00
9.143753647804260254e-01,9.538768768310546875e+00
1.102876901626586914e+00,1.166701984405517578e+01
-3.414636552333831787e-01,7.863012313842773438e+00
1.822515368461608887e+00,1.113856124877929688e+01
7.092737555503845215e-01,5.754848480224609375e+00
9.588182568550109863e-01,6.346222400665283203e+00
6.993263363838195801e-01,1.160258102416992188e+01
4.809997975826263428e-01,7.674747467041015625e+00
6.293051838874816895e-01,7.415528297424316406e+00
7.465941309928894043e-01,8.004391670227050781e+00
1.696814894676208496e-01,7.135200977325439453e+00
2.221011877059936523e+00,1.445290756225585938e+01
7.186508178710937500e-01,7.280271053314208984e+00
1.311960816383361816e+00,1.303215885162353516e+01
-2.675020098686218262e-01,6.008079528808593750e+00
-5.472737178206443787e-02,5.815517425537109375e+00
1.350445866584777832e+00,1.052880954742431641e+01
9.282408356666564941e-01,7.488483905792236328e+00
-5.370768904685974121e-01,4.536797523498535156e+00
9.233043789863586426e-01,9.806399345397949219e+00
-2.727622389793395996e-01,5.517490386962890625e+00
7.962612509727478027e-01,9.499477386474609375e+00
-7.753064632415771484e-01,5.360045909881591797e+00
9.338506460189819336e-01,9.087574958801269531e+00
2.113128900527954102e-01,6.535251617431640625e+00
-1.494075655937194824e-01,3.871519565582275391e-01
-3.004440069198608398e-01,1.226089000701904297e+00
9.715042710304260254e-01,8.430199623107910156e+00
6.759640574455261230e-02,1.097943973541259766e+01
9.098832607269287109e-01,6.764684677124023438e+00
1.111489057540893555e+00,9.270154953002929688e+00
9.377090334892272949e-01,9.993459701538085938e+00
2.208191528916358948e-02,6.027053833007812500e+00
7.017487287521362305e-02,5.517417430877685547e+00
1.033254742622375488e+00,7.583852291107177734e+00
8.824853301048278809e-01,5.764958858489990234e+00
9.545439481735229492e-01,8.540960311889648438e+00
3.569487333297729492e-01,4.504508495330810547e+00
5.816645026206970215e-01,5.174036979675292969e+00
-1.692904829978942871e-01,2.397688388824462891e+00
1.515910029411315918e+00,1.275301837921142578e+01
8.069596290588378906e-01,1.079830932617187500e+01
8.078048825263977051e-01,7.601678371429443359e+00
1.375976800918579102e+00,1.267609691619873047e+01
1.039020776748657227e+00,8.102322578430175781e+00
8.693152666091918945e-01,7.172428607940673828e+00
1.078721165657043457e+00,1.062620830535888672e+01
9.493517875671386719e-01,7.959448814392089844e+00
4.447715282440185547e-01,6.902743816375732422e+00
-3.577494248747825623e-02,3.684643507003784180e+00
-4.276142418384552002e-01,3.276922464370727539e+00
7.042086720466613770e-01,1.023104572296142578e+01
5.114459395408630371e-01,8.183863639831542969e+00
7.266731858253479004e-01,7.168745517730712891e+00
7.732971310615539551e-01,8.160194396972656250e+00
7.960534691810607910e-01,5.891719818115234375e+00
9.464014768600463867e-01,5.863636493682861328e+00
9.536847472190856934e-01,9.379779815673828125e+00
3.732898831367492676e-01,5.910053253173828125e+00
-3.773858249187469482e-01,6.090802669525146484e+00
-1.007923483848571777e-01,7.002602577209472656e+00
2.279067933559417725e-01,8.051370620727539062e+00
6.173881702125072479e-04,7.865227222442626953e+00
-2.957643270492553711e-01,4.386095046997070312e+00
5.196301341056823730e-01,8.234677314758300781e+00
8.437627553939819336e-01,6.037355899810791016e+00
7.966815829277038574e-01,1.095480251312255859e+01
1.047792077064514160e+00,1.133593082427978516e+01
3.037770390510559082e-01,8.119612693786621094e+00
9.346858859062194824e-01,7.708047389984130859e+00
-1.827224493026733398e-01,7.828701019287109375e+00
4.886046350002288818e-01,8.736014366149902344e+00
9.871043562889099121e-01,9.970624923706054688e+00
9.843826293945312500e-02,4.895889282226562500e+00
-7.826554179191589355e-01,2.763900995254516602e+00
1.321027874946594238e+00,9.922074317932128906e+00
1.276430726051330566e+00,9.907741546630859375e+00
1.077345132827758789e+00,7.200797080993652344e+00
1.707549691200256348e-01,3.736326456069946289e+00
1.180243492126464844e+00,1.036333465576171875e+01
5.048158168792724609e-01,7.161937236785888672e+00
7.408598065376281738e-01,8.923559188842773438e+00
8.409934639930725098e-01,8.746922492980957031e+00
-7.316411137580871582e-01,2.641562700271606445e+00
8.727854490280151367e-01,8.864389419555664062e+00
7.187681794166564941e-01,4.633539199829101562e+00
7.279183268547058105e-01,6.214601039886474609e+00
2.234269976615905762e-01,5.481251716613769531e+00
5.147683024406433105e-01,7.888674736022949219e+00
8.790812492370605469e-01,5.715106010437011719e+00
1.060749053955078125e+00,1.091041469573974609e+01
4.154147505760192871e-01,8.289675712585449219e+00
-1.762441992759704590e-01,2.963343381881713867e+00
9.170513749122619629e-01,9.103895187377929688e+00
-2.272959649562835693e-01,5.918633460998535156e+00
1.260992527008056641e+00,1.222701358795166016e+01
-8.499047160148620605e-02,7.208953857421875000e+00
2.207876443862915039e+00,1.397241497039794922e+01
4.796554148197174072e-01,2.526830911636352539e+00
-7.228591442108154297e-01,2.671208143234252930e+00
9.491527676582336426e-01,9.472309112548828125e+00
-3.289940357208251953e-01,6.319807052612304688e+00
-2.650178968906402588e-01,3.386943101882934570e+00
5.893756747245788574e-01,4.559980392456054688e+00
9.175856709480285645e-01,7.044270038604736328e+00
-1.837574839591979980e-01,6.779897689819335938e+00
9.598476290702819824e-01,8.472517967224121094e+00
6.179571747779846191e-01,4.080430507659912109e+00
-5.132748484611511230e-01,5.475782394409179688e+00
4.792212843894958496e-01,6.669746398925781250e+00
2.417810261249542236e-01,7.471980094909667969e+00
5.527122616767883301e-01,4.546971321105957031e+00
-3.141470849514007568e-01,7.112564086914062500e+00
7.688205242156982422e-01,6.523280143737792969e+00
1.103308320045471191e+00,8.619748115539550781e+00
-5.628192052245140076e-02,2.419636011123657227e+00
6.315017342567443848e-01,4.833540916442871094e+00
2.562331557273864746e-01,6.208397865295410156e+00
1.196428418159484863e+00,9.957674026489257812e+00
3.967526257038116455e-01,6.357140064239501953e+00
-4.716186523437500000e-01,4.403426170349121094e+00
1.122242808341979980e+00,7.965775966644287109e+00
4.256653785705566406e-01,7.882307052612304688e+00
7.205740213394165039e-01,7.317243099212646484e+00
1.034528255462646484e+00,9.674923896789550781e+00
-4.230089187622070312e-01,5.859416007995605469e+00
7.345896363258361816e-01,2.555197238922119141e+00
7.589060664176940918e-01,1.026437664031982422e+01
-2.199806869029998779e-01,4.709568023681640625e+00
4.620786905288696289e-01,4.128876209259033203e+00
7.396762967109680176e-01,7.784922599792480469e+00
6.018480658531188965e-01,7.510450363159179688e+00
3.063355684280395508e-01,4.417184352874755859e+00
-1.650830507278442383e-01,4.620880126953125000e+00
6.667026877403259277e-01,7.661432266235351562e+00
-1.475896239280700684e-01,4.457280158996582031e+00
6.149168610572814941e-01,1.005163288116455078e+01
2.904300391674041748e-01,6.783366203308105469e+00
2.975298166275024414e-01,8.893117904663085938e+00
1.072852611541748047e-01,3.758586168289184570e+00
1.399664878845214844e+00,1.187418556213378906e+01
5.834760069847106934e-01,6.519942283630371094e+00
1.124365925788879395e+00,1.184009838104248047e+01
-3.400653228163719177e-02,3.995155572891235352e+00
2.234905958175659180e-01,6.996501922607421875e+00
1.320348501205444336e+00,9.526055335998535156e+00
3.758994340896606445e-01,5.142317771911621094e+00
2.380841016769409180e+00,1.453762054443359375e+01
1.544773697853088379e+00,1.146112346649169922e+01
6.526662707328796387e-01,9.147281646728515625e+00
1.160711646080017090e+00,7.376426696777343750e+00
1.018475651741027832e+00,8.211148262023925781e+00
7.769044637680053711e-01,6.592215538024902344e+00
5.471016764640808105e-01,7.013925552368164062e+00
1.908718347549438477e-01,3.452076911926269531e+00
1.199663281440734863e+00,1.036710929870605469e+01
9.644817709922790527e-01,9.301374435424804688e+00
6.688552498817443848e-01,9.179797172546386719e+00
7.278221249580383301e-01,2.825881481170654297e+00
4.032115936279296875e-01,4.619148254394531250e+00
9.573077559471130371e-01,7.859498977661132812e+00
9.492128491401672363e-01,9.541953086853027344e+00
1.435680389404296875e+00,1.300695133209228516e+01
1.381838321685791016e+00,1.155534458160400391e+01
1.060494422912597656e+00,9.886646270751953125e+00
1.474988102912902832e+00,1.274817752838134766e+01
8.970488905906677246e-01,1.119322299957275391e+01
1.209354043006896973e+00,8.987886428833007812e+00
6.973717808723449707e-01,8.963799476623535156e+00
3.334754705429077148e-01,6.311587333679199219e+00
4.903190433979034424e-01,3.333362102508544922e+00
1.352588534355163574e-01,3.931567668914794922e+00
8.794312477111816406e-01,8.852976799011230469e+00
5.089663267135620117e-01,8.154864311218261719e+00
9.970042109489440918e-01,1.045372867584228516e+01
-8.534602522850036621e-01,2.250674962997436523e+00
4.746737778186798096e-01,6.792615890502929688e+00
1.173002481460571289e+00,1.075858879089355469e+01
6.206307411193847656e-01,2.784838914871215820e+00
1.207870364189147949e+00,1.184471035003662109e+01
6.688438653945922852e-01,4.616485595703125000e+00
1.411537528038024902e-01,3.878426074981689453e+00
1.124684810638427734e-01,3.069071769714355469e+00
7.150229215621948242e-01,5.844084739685058594e+00
1.015503883361816406e+00,8.061108589172363281e+00
7.897354364395141602e-01,6.352288246154785156e+00
-2.352102994918823242e-01,7.041022300720214844e+00
5.410429835319519043e-01,9.802041053771972656e+00
-2.838952541351318359e-01,3.631932020187377930e+00
1.190398335456848145e+00,6.435553550720214844e+00
7.704489827156066895e-01,7.246274948120117188e+00
1.077679991722106934e-01,4.542919158935546875e+00
4.152929782867431641e-01,6.312462806701660156e+00
6.826236248016357422e-01,6.670058250427246094e+00
-1.793914660811424255e-02,2.874665975570678711e+00
8.030238747596740723e-01,6.915209770202636719e+00
4.044165015220642090e-01,9.970725059509277344e+00
-3.990261554718017578e-01,2.844867467880249023e+00
-2.227049693465232849e-02,4.456589698791503906e+00
-5.962916016578674316e-01,3.706840276718139648e+00
4.427226781845092773e-01,9.464285850524902344e+00
-8.092799782752990723e-01,4.556121826171875000e-01
6.222111582756042480e-01,6.715159416198730469e+00
5.631387829780578613e-01,3.929160594940185547e+00
1.069752573966979980e+00,8.691216468811035156e+00
1.112082600593566895e+00,8.239773750305175781e+00
1.091506838798522949e+00,9.128397941589355469e+00
1.112980365753173828e+00,9.968382835388183594e+00
-3.173876404762268066e-01,5.095644950866699219e+00
8.916477560997009277e-01,1.061814975738525391e+01
-2.532140612602233887e-01,1.426883578300476074e+00
-3.930592536926269531e-01,4.112791061401367188e+00
1.046142101287841797e+00,9.631396293640136719e+00
3.018630146980285645e-01,3.719199419021606445e+00
5.652736425399780273e-01,7.405221462249755859e+00
-6.308942437171936035e-01,3.179105043411254883e+00
1.072325468063354492e+00,7.512026786804199219e+00
9.412204623222351074e-01,9.672759056091308594e+00
3.422789573669433594e-01,6.632812500000000000e+00
9.354054331779479980e-01,1.021128940582275391e+01
4.018741250038146973e-01,8.156663894653320312e+00
6.953024268150329590e-01,7.059946060180664062e+00
7.342728376388549805e-01,8.799770355224609375e+00
9.225648641586303711e-01,8.994421958923339844e+00
-1.263561248779296875e-01,5.307011127471923828e+00
1.242677092552185059e+00,1.082404899597167969e+01
1.067933082580566406e+00,5.712921619415283203e+00
4.343211054801940918e-01,4.415438175201416016e+00
-6.984359025955200195e-02,6.463015079498291016e+00
1.232014536857604980e+00,1.376939678192138672e+01
7.218040227890014648e-01,6.668803691864013672e+00
1.040176987648010254e+00,9.518923759460449219e+00
-5.284160971641540527e-01,3.810081720352172852e+00
-5.531951785087585449e-01,2.756076097488403320e+00
-1.620804667472839355e-01,7.085490226745605469e+00
1.064120531082153320e-01,4.266435146331787109e+00
5.609691515564918518e-02,6.814277648925781250e+00
1.195002198219299316e-01,3.634821653366088867e+00
7.344027161598205566e-01,9.790299415588378906e+00
-6.685763597488403320e-02,4.711206436157226562e+00
9.080439209938049316e-01,8.368820190429687500e+00
9.210492968559265137e-01,7.368285179138183594e+00
2.293332219123840332e-01,3.898669958114624023e+00
2.845484614372253418e-01,4.158463478088378906e+00
1.248619437217712402e+00,1.030788707733154297e+01
-5.322875380516052246e-01,2.417147159576416016e+00
-2.228634357452392578e-01,5.402468204498291016e+00
1.210688114166259766e+00,1.103505229949951172e+01
1.044607281684875488e+00,7.840556144714355469e+00
7.404150366783142090e-01,9.380370140075683594e+00
9.098442792892456055e-01,9.350428581237792969e+00
6.590275764465332031e-01,6.451683998107910156e+00
6.187650561332702637e-01,6.519261360168457031e+00
8.740624785423278809e-01,5.996134757995605469e+00
8.217930793762207031e-01,8.620553016662597656e+00
-9.470260143280029297e-02,3.769751548767089844e+00
1.032714605331420898e+00,1.112202167510986328e+01
1.125586509704589844e+00,9.355221748352050781e+00
7.142780423164367676e-01,5.817618370056152344e+00
6.592484116554260254e-01,3.567724943161010742e+00
4.119223654270172119e-01,6.984404563903808594e+00
6.012760400772094727e-01,7.052616119384765625e+00
9.740751385688781738e-01,6.857170104980468750e+00
8.762428760528564453e-01,6.250105857849121094e+00
1.001511454582214355e+00,6.725822925567626953e+00
1.523936748504638672e+00,1.550377178192138672e+01
7.129021286964416504e-01,5.419849872589111328e+00
-1.815437078475952148e-01,3.235978364944458008e+00
6.471191048622131348e-01,8.396924018859863281e+00
1.514174103736877441e+00,1.086875057220458984e+01
1.584462642669677734e+00,1.080952358245849609e+01
3.241450786590576172e-01,8.428181648254394531e+00
-5.289978384971618652e-01,4.242951393127441406e+00
9.605861902236938477e-01,9.324201583862304688e+00
1.226621866226196289e-01,4.159417152404785156e+00
5.717679858207702637e-01,6.356384277343750000e+00
4.272235631942749023e-01,4.984659194946289062e+00
-2.879666090011596680e-01,3.603634119033813477e+00
7.561629414558410645e-01,9.278064727783203125e+00
8.447306156158447266e-01,6.971016407012939453e+00
5.864872336387634277e-01,6.561642169952392578e+00
4.974755346775054932e-01,6.093379974365234375e+00
4.807279109954833984e-01,2.693791866302490234e+00
6.802885532379150391e-01,8.811005592346191406e+00
4.548857808113098145e-01,9.260598182678222656e+00
3.742289543151855469e-01,4.685501098632812500e+00
-3.448662757873535156e-01,2.821459054946899414e+00
1.870933771133422852e-01,5.712015151977539062e+00
-6.906484365463256836e-01,3.612840414047241211e+00
7.904686927795410156e-01,6.251782417297363281e+00
-7.308658678084611893e-03,5.867397785186767578e+00
9.820703864097595215e-01,4.802344799041748047e+00
-6.875084042549133301e-01,4.420083045959472656e+00
6.016218066215515137e-01,6.300697326660156250e+00
4.707902669906616211e-01,8.361357688903808594e+00
4.818657934665679932e-01,8.051201820373535156e+00
5.284166932106018066e-01,2.236840009689331055e+00
8.918132185935974121e-01,6.253249645233154297e+00
8.783068060874938965e-01,5.756727218627929688e+00
6.435810923576354980e-01,9.673532485961914062e+00
2.355943918228149414e-01,1.012189006805419922e+01
7.653117775917053223e-01,7.550296783447265625e+00
1.057622790336608887e+00,1.027419376373291016e+01
2.073275446891784668e-01,3.855462789535522461e+00
2.986211776733398438e-01,5.961385250091552734e+00
6.477683186531066895e-01,9.233086585998535156e+00
6.747209429740905762e-01,8.725180625915527344e+00
4.509901702404022217e-01,1.003890514373779297e+01
1.416171669960021973e+00,1.007433032989501953e+01
9.325968027114868164e-01,7.652554512023925781e+00
-3.044458329677581787e-01,4.220214843750000000e+00
8.741740584373474121e-01,6.250211715698242188e+00
4.681370854377746582e-01,6.945104122161865234e+00
9.505214095115661621e-01,6.781753540039062500e+00
3.737583756446838379e-01,1.149602222442626953e+01
2.879966199398040771e-01,8.860095024108886719e+00
1.003960847854614258e+00,9.041842460632324219e+00
-4.063791930675506592e-01,4.876626968383789062e+00
2.483293771743774414e+00,1.541299819946289062e+01
9.524611234664916992e-01,7.580142498016357422e+00
3.018819689750671387e-01,5.588121414184570312e+00
-5.182680208235979080e-03,7.000833034515380859e+00
2.247155085206031799e-02,6.148977756500244141e+00
6.116804853081703186e-02,6.862087249755859375e+00
5.076378583908081055e-01,1.011519145965576172e+01
8.390192389488220215e-01,6.819401741027832031e+00
-2.725018858909606934e-01,1.123240375518798828e+01
7.231531143188476562e-01,9.798924446105957031e+00
-1.393285393714904785e-01,3.326753377914428711e+00
6.204856634140014648e-01,6.978888511657714844e+00
9.693118333816528320e-01,8.478768348693847656e+00
1.486692667007446289e+00,9.716903686523437500e+00
7.826510071754455566e-01,5.337488174438476562e+00
1.503386378288269043e+00,1.416529750823974609e+01
1.281910061836242676e+00,5.220043182373046875e+00
8.011245131492614746e-01,6.413481712341308594e+00
1.795957565307617188e+00,1.102465534210205078e+01
1.315135136246681213e-02,5.783190250396728516e+00
-6.353819370269775391e-02,4.176164627075195312e+00
1.682541251182556152e+00,1.087811279296875000e+01
4.451990723609924316e-01,7.158660411834716797e+00
1.024046301841735840e+00,6.367608070373535156e+00
-8.425901532173156738e-01,2.819356679916381836e+00
6.417670845985412598e-01,5.964971542358398438e+00
1.166085958480834961e+00,8.716389656066894531e+00
6.391962766647338867e-01,7.482968330383300781e+00
7.496355772018432617e-01,8.820543289184570312e+00
-3.241318464279174805e-01,3.491477727890014648e+00
-5.015729665756225586e-01,2.331097841262817383e+00
1.183269143104553223e+00,1.279168605804443359e+01
1.189463973045349121e+00,8.967825889587402344e+00
-1.305646896362304688e-01,5.137123107910156250e+00
-1.146467626094818115e-01,5.476443290710449219e+00
1.816806495189666748e-01,5.532571315765380859e+00
2.792420983314514160e-01,7.719903469085693359e+00
5.013107657432556152e-01,6.628820419311523438e+00
7.265475392341613770e-01,8.794526100158691406e+00
3.309181928634643555e-01,7.104957580566406250e+00
3.954514563083648682e-01,4.437143325805664062e+00
-5.514410734176635742e-01,3.861943483352661133e+00
1.312724351882934570e+00,9.093147277832031250e+00
6.638851165771484375e-01,7.179052352905273438e+00
4.159411489963531494e-01,7.557341575622558594e+00
-3.806379064917564392e-02,7.328732490539550781e+00
6.197242140769958496e-01,5.751142501831054688e+00
1.437008500099182129e+00,1.031043529510498047e+01
2.801638841629028320e-01,4.100930690765380859e+00
-4.122659862041473389e-01,3.748623609542846680e+00
1.330401659011840820e+00,1.134568500518798828e+01
3.810477629303932190e-02,4.265151500701904297e+00
-2.050059661269187927e-02,4.405661582946777344e+00
8.053664118051528931e-03,7.370258331298828125e+00
-6.604893207550048828e-01,4.331772804260253906e+00
-6.586483716964721680e-01,4.026187896728515625e+00
1.202705502510070801e+00,1.171932125091552734e+01
9.536880254745483398e-02,4.855446338653564453e+00
5.513747334480285645e-01,6.414414405822753906e+00
1.004231333732604980e+00,9.194992065429687500e+00
8.448197245597839355e-01,6.358239173889160156e+00
9.287510514259338379e-01,8.710660934448242188e+00
1.251729011535644531e+00,1.005921649932861328e+01
7.082777619361877441e-01,5.530076980590820312e+00
2.426866769790649414e+00,1.468292236328125000e+01
8.209094405174255371e-01,7.964694976806640625e+00
6.678268909454345703e-01,8.212882041931152344e+00
8.793192505836486816e-01,8.883919715881347656e+00
5.602480173110961914e-01,6.558570861816406250e+00
-1.519456803798675537e-01,5.407240390777587891e+00
-5.737856030464172363e-01,9.904460906982421875e-01
-6.058917045593261719e-01,2.711655855178833008e+00
-5.507158637046813965e-01,1.980646014213562012e+00
-2.538099884986877441e-01,3.343300342559814453e+00
7.074641585350036621e-01,1.164122486114501953e+01
5.198081731796264648e-01,7.218315601348876953e+00
1.081660032272338867e+00,7.206618785858154297e+00
1.225048184394836426e+00,9.997464179992675781e+00
7.026661038398742676e-01,1.020485496520996094e+01
-9.729260206222534180e-02,5.597394943237304688e+00
6.147214174270629883e-01,7.883943557739257812e+00
9.492370486259460449e-01,1.091926765441894531e+01
1.981827616691589355e-01,5.798250198364257812e+00
2.978844940662384033e-01,7.260619640350341797e+00
1.285529255867004395e+00,1.033292675018310547e+01
2.216898202896118164e-01,5.904894351959228516e+00
-1.014816641807556152e+00,1.334136128425598145e+00
1.015733003616333008e+00,6.498512268066406250e+00
3.873639106750488281e-01,6.967776298522949219e+00
4.101287722587585449e-01,7.558163642883300781e+00
1.122782349586486816e+00,6.353629112243652344e+00
7.939599752426147461e-01,5.950127124786376953e+00
1.769037842750549316e-01,5.709253787994384766e+00
2.286850214004516602e-01,4.894769668579101562e+00
9.777680635452270508e-01,7.693626880645751953e+00
7.213321328163146973e-01,6.189132690429687500e+00
1.298642277717590332e+00,1.135988903045654297e+01
6.541798710823059082e-01,6.813259601593017578e+00
8.647385239601135254e-01,6.147583484649658203e+00
-7.346665263175964355e-01,2.636192798614501953e+00
8.789488673210144043e-01,8.294759750366210938e+00
9.469546675682067871e-01,6.601831912994384766e+00
1.135955452919006348e+00,1.068790340423583984e+01
1.030070900917053223e+00,5.966200828552246094e+00
1.426528096199035645e-01,2.780713319778442383e+00
1.108877301216125488e+00,8.518378257751464844e+00
1.977858245372772217e-01,7.145821571350097656e+00
7.886567711830139160e-01,9.459591865539550781e+00
4.673081338405609131e-01,7.392611980438232422e+00
-5.521745085716247559e-01,7.459818840026855469e+00
9.106242060661315918e-01,7.242451667785644531e+00
1.308606982231140137e+00,1.222103214263916016e+01
-4.947300553321838379e-01,2.494376182556152344e+00
-1.419053971767425537e-01,7.877048492431640625e+00
7.275862693786621094e-01,9.927433967590332031e+00
2.930998504161834717e-01,6.318322181701660156e+00
1.005214095115661621e+00,6.298804283142089844e+00
7.361731529235839844e-01,6.131496429443359375e+00
8.625135421752929688e-01,1.015070819854736328e+01
9.004908800125122070e-01,5.721664428710937500e+00
1.418973326683044434e+00,1.110155773162841797e+01
-8.688569068908691406e-02,6.511719703674316406e+00
4.607899487018585205e-01,5.328039169311523438e+00
9.918246865272521973e-01,9.270247459411621094e+00
3.177161514759063721e-01,7.706700325012207031e+00
7.019069790840148926e-01,1.391285991668701172e+01
5.810294747352600098e-01,6.118468284606933594e+00
1.171516537666320801e+00,1.044084835052490234e+01
1.024878740310668945e+00,7.777659416198730469e+00
7.461054921150207520e-01,8.327527046203613281e+00
5.716932192444801331e-02,4.414996623992919922e+00
9.026934504508972168e-01,1.103311920166015625e+01
-2.810601890087127686e-01,7.328495979309082031e+00
7.055605053901672363e-01,6.215848922729492188e+00
1.467182993888854980e+00,1.150351047515869141e+01
1.356094837188720703e+00,1.151730251312255859e+01
1.199738383293151855e+00,1.012669181823730469e+01
3.925732672214508057e-01,7.169092178344726562e+00
1.127985119819641113e+00,1.147428894042968750e+01
8.429626226425170898e-01,7.646121978759765625e+00
1.015618443489074707e+00,1.068294811248779297e+01
1.048889517784118652e+00,9.285041809082031250e+00
5.193470716476440430e-01,4.393115520477294922e+00
2.166917324066162109e-01,3.194314718246459961e+00
6.659766435623168945e-01,1.150866222381591797e+01
5.009997263550758362e-02,5.542663574218750000e+00
8.876720070838928223e-01,5.619581699371337891e+00
-3.344495296478271484e-01,5.631469726562500000e+00
8.369946479797363281e-01,6.185389518737792969e+00
8.457809090614318848e-01,9.108595848083496094e+00
-8.820903301239013672e-02,8.955597877502441406e+00
2.159494757652282715e-01,3.078004121780395508e+00
1.820618748664855957e+00,1.249006938934326172e+01
1.082796454429626465e+00,8.861512184143066406e+00
4.606419205665588379e-01,6.320426464080810547e+00
2.285880088806152344e+00,1.362473392486572266e+01
5.878816843032836914e-01,5.982419967651367188e+00
5.722362399101257324e-01,7.726005554199218750e+00
1.379893660545349121e+00,1.241856288909912109e+01
-3.570315241813659668e-01,2.829896926879882812e+00
8.920273780822753906e-01,8.873184204101562500e+00
8.744715452194213867e-01,6.321385860443115234e+00
-5.282522439956665039e-01,9.516810774803161621e-01
1.648773074150085449e+00,1.388909149169921875e+01
1.268848299980163574e+00,9.627267837524414062e+00
1.667736411094665527e+00,1.099091625213623047e+01
3.250507712364196777e-01,8.581436157226562500e+00
7.158726453781127930e-01,6.626145362854003906e+00
-8.059361577033996582e-01,2.655263423919677734e+00
1.819678425788879395e+00,1.480093669891357422e+01
8.484800457954406738e-01,8.446566581726074219e+00
-1.502221450209617615e-02,1.159628033638000488e+00
1.450458407402038574e+00,1.152722167968750000e+01
8.141294121742248535e-01,7.869142532348632812e+00
6.350477337837219238e-01,7.033114433288574219e+00
-7.967849373817443848e-01,2.289982080459594727e+00
7.038666009902954102e-01,9.506811141967773438e+00
1.467194437980651855e+00,9.494019508361816406e+00
7.139314413070678711e-01,8.173302650451660156e+00
9.081873893737792969e-01,8.044781684875488281e+00
-1.871519982814788818e-01,4.727743148803710938e+00
1.091512084007263184e+00,7.642368316650390625e+00
1.085655689239501953e+00,9.362259864807128906e+00
7.442763447761535645e-01,7.532250404357910156e+00
5.084624886512756348e-01,7.343416690826416016e+00
7.381193637847900391e-01,8.458586692810058594e+00
-2.446448430418968201e-02,3.977780342102050781e+00
7.892111539840698242e-01,1.001477527618408203e+01
7.035738229751586914e-01,8.210698127746582031e+00
-3.881126269698143005e-02,6.988062858581542969e+00
7.915442585945129395e-01,6.596381187438964844e+00
-4.536270499229431152e-01,4.330041885375976562e+00
5.508466362953186035e-01,1.103968715667724609e+01
3.327911198139190674e-01,3.121456861495971680e+00
2.332084476947784424e-01,6.938563823699951172e+00
-8.352496027946472168e-01,1.303599476814270020e+00
-3.303107246756553650e-02,6.906639099121093750e+00
-8.632107377052307129e-01,1.629514932632446289e+00
2.270607650279998779e-01,7.270977020263671875e+00
1.059888601303100586e+00,7.330598831176757812e+00
1.440149664878845215e+00,1.230536746978759766e+01
7.877790331840515137e-01,8.012129783630371094e+00
3.002226948738098145e-01,6.172903060913085938e+00
1.122633218765258789e-01,1.047415065765380859e+01
-9.154363274574279785e-01,2.370562314987182617e+00
-6.355154514312744141e-01,2.848254442214965820e+00
8.401491045951843262e-01,6.311311721801757812e+00
-6.941381096839904785e-02,6.379367828369140625e+00
3.275833129882812500e-01,5.801157474517822266e+00
-5.412239432334899902e-01,3.951738595962524414e+00
3.741330504417419434e-01,5.722959518432617188e+00
1.175703167915344238e+00,6.526231765747070312e+00
-3.580714464187622070e-01,4.198081016540527344e+00
5.597648620605468750e-01,9.619563102722167969e+00
1.057996630668640137e+00,1.021104335784912109e+01
-9.144103527069091797e-02,3.694895029067993164e+00
-7.548090536147356033e-03,4.449514389038085938e+00
-7.897912859916687012e-01,2.797236680984497070e+00
6.464070081710815430e-02,3.231901168823242188e+00
-4.913760423660278320e-01,5.815934658050537109e+00
8.234185576438903809e-01,7.031793117523193359e+00
-2.294771671295166016e-01,2.256420850753784180e+00
6.604769825935363770e-02,6.614327430725097656e+00
7.915114760398864746e-01,7.056699752807617188e+00
-4.176707565784454346e-01,4.289995193481445312e+00
1.091272234916687012e+00,9.725727081298828125e+00
-3.225214481353759766e-01,5.842023849487304688e+00
7.753788232803344727e-01,7.154310703277587891e+00
2.041479825973510742e+00,1.497868537902832031e+01
1.138245940208435059e+00,7.828711986541748047e+00
5.250228047370910645e-01,7.259046554565429688e+00
3.745470643043518066e-01,6.031970024108886719e+00
7.393801212310791016e-01,1.220429515838623047e+01
1.408200263977050781e+00,1.176580715179443359e+01
1.165915250778198242e+00,1.181189632415771484e+01
-6.804910898208618164e-01,5.223283767700195312e+00
9.060060977935791016e-01,7.523162841796875000e+00
1.080813646316528320e+00,7.696461677551269531e+00
7.390481829643249512e-01,6.142801284790039062e+00
6.773338913917541504e-01,2.381628751754760742e+00
-5.783457756042480469e-01,3.939587831497192383e+00
2.213848829269409180e+00,1.417118072509765625e+01
3.655764758586883545e-01,6.290323734283447266e+00
2.522262334823608398e+00,1.583325672149658203e+01
-1.922702416777610779e-02,7.474778652191162109e+00
9.095728993415832520e-01,8.399207115173339844e+00
7.902957797050476074e-01,5.804566383361816406e+00
7.231849431991577148e-01,5.232908248901367188e+00
9.554849267005920410e-01,1.043254947662353516e+01
3.138780593872070312e-01,1.032957077026367188e+01
-3.814464211463928223e-01,5.502393722534179688e+00
8.036708831787109375e-01,7.227528572082519531e+00
-3.553921580314636230e-01,5.751758098602294922e+00
1.709106445312500000e+00,1.141165924072265625e+01
5.311928391456604004e-01,9.976756095886230469e+00
9.287351369857788086e-01,9.144318580627441406e+00
2.558825016021728516e-01,4.370250701904296875e+00
8.161554932594299316e-01,8.713095664978027344e+00
5.531871914863586426e-01,5.816056728363037109e+00
1.225441932678222656e+00,8.498126029968261719e+00
1.149198293685913086e+00,6.131127357482910156e+00
1.093778252601623535e+00,9.514666557312011719e+00
9.669734835624694824e-01,1.141604709625244141e+01
6.320379376411437988e-01,5.180459022521972656e+00
8.787512183189392090e-01,8.290485382080078125e+00
1.152907609939575195e+00,8.946755409240722656e+00
-2.346280217170715332e-01,4.373585700988769531e+00
1.306838750839233398e+00,9.808032035827636719e+00
8.344199657440185547e-01,6.124672412872314453e+00
1.151302576065063477e+00,1.000436782836914062e+01
5.629826188087463379e-01,9.830721855163574219e+00
-5.975567698478698730e-01,2.792818546295166016e+00
4.027485847473144531e-01,9.115631103515625000e+00
9.493729472160339355e-01,8.510809898376464844e+00
-2.771189212799072266e-01,6.858622074127197266e+00
9.724170565605163574e-01,1.247825527191162109e+01
1.210457086563110352e+00,9.223544120788574219e+00
-2.390879392623901367e-01,3.315248727798461914e+00
1.480012059211730957e+00,1.144832897186279297e+01
1.080104708671569824e+00,8.712718963623046875e+00
2.895302176475524902e-01,5.715961933135986328e+00
3.351391553878784180e-01,7.680214881896972656e+00
-2.235374748706817627e-01,6.926987648010253906e+00
8.865363001823425293e-01,9.909942626953125000e+00
1.016920447349548340e+00,1.091380023956298828e+01
1.200900673866271973e+00,1.452432346343994141e+01
3.719758391380310059e-01,2.754462480545043945e+00
7.273516654968261719e-01,3.993675947189331055e+00
-1.427595913410186768e-01,5.315247535705566406e+00
1.016661897301673889e-02,6.906483173370361328e+00
-4.034417271614074707e-01,1.960207939147949219e+00
6.648164987564086914e-01,6.027357101440429688e+00
1.453190743923187256e-01,7.487390995025634766e+00
-5.168592557311058044e-02,2.553938388824462891e+00
9.855074286460876465e-01,1.335533332824707031e+01
1.509652614593505859e+00,1.356911563873291016e+01
2.615368366241455078e-01,6.346333503723144531e+00
1.025858998298645020e+00,3.758294820785522461e+00
8.616860508918762207e-01,9.062755584716796875e+00
5.946017503738403320e-01,7.371400833129882812e+00
-3.208288550376892090e-01,6.079579353332519531e+00
-7.254127860069274902e-01,2.224849462509155273e+00
1.212885260581970215e+00,1.030061626434326172e+01
6.620365381240844727e-02,2.406643152236938477e+00
-5.244506597518920898e-01,3.952666997909545898e+00
1.420223593711853027e+00,7.852168083190917969e+00
9.008902907371520996e-01,6.405118465423583984e+00
8.728091716766357422e-01,5.224045753479003906e+00
6.574692130088806152e-01,1.008754158020019531e+01
1.594180583953857422e+00,9.492471694946289062e+00
-3.872989416122436523e-01,6.139905452728271484e+00
9.910126328468322754e-01,9.961372375488281250e+00
-6.864590048789978027e-01,5.339765548706054688e+00
8.496811985969543457e-01,7.696537494659423828e+00
8.087007403373718262e-01,5.918903350830078125e+00
1.157924771308898926e+00,8.814252853393554688e+00
1.942738175392150879e+00,1.290477561950683594e+01
-1.851524114608764648e-01,2.532662153244018555e+00
1.093020439147949219e+00,9.956254005432128906e+00
2.954273521900177002e-01,4.852298259735107422e+00
1.563811421394348145e+00,1.106965541839599609e+01
6.564142107963562012e-01,6.801796913146972656e+00
4.875594750046730042e-02,2.796572446823120117e+00
7.547059655189514160e-02,6.124802589416503906e+00
1.729278564453125000e-01,4.868229389190673828e+00
3.875248134136199951e-01,8.633197784423828125e+00
6.206061244010925293e-01,6.044095993041992188e+00
1.506546616554260254e+00,6.056760787963867188e+00
1.426107048988342285e+00,1.152749156951904297e+01
-4.097511172294616699e-01,5.155398845672607422e+00
4.650196731090545654e-01,6.003274917602539062e+00
-1.504649817943572998e-01,9.433226585388183594e+00
-2.288697957992553711e-01,3.393235921859741211e+00
7.395049929618835449e-01,7.698883056640625000e+00
4.411466717720031738e-01,7.103535175323486328e+00
-7.576706409454345703e-01,1.948267966508865356e-01
2.146849632263183594e-01,6.456927299499511719e+00
1.344161033630371094e+00,1.102680683135986328e+01
4.927017688751220703e-01,7.428472995758056641e+00
2.198563218116760254e-01,7.240622997283935547e+00
6.412034034729003906e-01,7.877614021301269531e+00
1.523862004280090332e+00,1.312058162689208984e+01
1.852235436439514160e+00,1.049605369567871094e+01
-5.970049500465393066e-01,3.201821804046630859e+00
5.290374159812927246e-01,7.479549884796142578e+00
8.780629038810729980e-01,5.264282226562500000e+00
1.005477905273437500e+00,8.381992340087890625e+00
9.279833436012268066e-01,7.391348838806152344e+00
-1.360948085784912109e-01,5.923400878906250000e+00
-5.072574019432067871e-01,4.509001731872558594e+00
1.050163507461547852e-01,7.676546096801757812e+00
6.964165568351745605e-01,6.203764438629150391e+00
8.884494900703430176e-01,1.026255607604980469e+01
1.508157610893249512e+00,1.134727764129638672e+01
7.553824782371520996e-01,8.364121437072753906e+00
2.035517692565917969e-01,3.814899682998657227e+00
1.771392822265625000e-01,4.110097885131835938e+00
3.004114925861358643e-01,8.618893623352050781e+00
-5.927520617842674255e-02,4.601088523864746094e+00
6.655228137969970703e-01,6.384244918823242188e+00
1.092976927757263184e+00,9.335551261901855469e+00
-2.570252418518066406e-01,5.875423431396484375e+00
1.376182436943054199e-01,5.741958618164062500e+00
-7.557734251022338867e-01,2.317124366760253906e+00
1.275836348533630371e+00,1.133004665374755859e+01
-7.347308993339538574e-01,5.461753845214843750e+00
-3.776439651846885681e-02,6.608815193176269531e+00
5.577890276908874512e-01,7.901699066162109375e+00
1.088805079460144043e+00,1.014817905426025391e+01
7.337020635604858398e-01,8.228586196899414062e+00
9.862302541732788086e-01,7.461550235748291016e+00
2.571507990360260010e-01,3.881408452987670898e+00
3.117011189460754395e-01,6.287493705749511719e+00
9.104319810867309570e-01,8.227511405944824219e+00
-8.646497726440429688e-01,3.740746736526489258e+00
2.851623594760894775e-01,6.861015319824218750e+00
1.092362284660339355e+00,8.643180847167968750e+00
4.531878829002380371e-01,6.011135578155517578e+00
1.140106797218322754e+00,9.144725799560546875e+00
8.717675805091857910e-01,6.704439163208007812e+00
8.707622289657592773e-01,6.053644180297851562e+00
1.420066118240356445e+00,1.351677322387695312e+01
6.814954876899719238e-01,9.109400749206542969e+00
1.118764281272888184e+00,6.535782337188720703e+00
3.719142675399780273e-01,8.315629959106445312e+00
-4.168982207775115967e-01,1.522387385368347168e+00
4.072445034980773926e-01,8.227848052978515625e+00
3.155576586723327637e-01,6.945067405700683594e+00
1.116493225097656250e+00,9.661238670349121094e+00
2.671995162963867188e-01,4.640799522399902344e+00
7.078698873519897461e-01,1.037904262542724609e+01
-3.763470053672790527e-01,4.093754768371582031e+00
2.536453008651733398e-01,3.086330175399780273e+00
-3.745241165161132812e-01,1.901873946189880371e+00
6.664133071899414062e-01,1.026664829254150391e+01
-5.804002881050109863e-01,4.250101566314697266e+00
-4.235633313655853271e-01,4.047172546386718750e+00
3.683665692806243896e-01,6.397054672241210938e+00
8.644099831581115723e-01,9.088791847229003906e+00
8.280798792839050293e-01,6.464811325073242188e+00
-1.956557631492614746e-01,8.422955513000488281e+00
-3.263117074966430664e-01,5.524374008178710938e+00
6.805818676948547363e-01,8.486660957336425781e+00
4.018297195434570312e-01,5.767121791839599609e+00
1.187063455581665039e+00,7.732813358306884766e+00
-3.239369094371795654e-01,4.326214790344238281e+00
2.739954367280006409e-02,7.445124626159667969e+00
-6.524348855018615723e-01,3.827928543090820312e+00
8.541168570518493652e-01,6.077541828155517578e+00
1.177273750305175781e+00,9.974989891052246094e+00
1.063516378402709961e+00,1.119111537933349609e+01
-3.302275761961936951e-02,6.875364303588867188e+00
9.537475705146789551e-01,6.815321922302246094e+00
1.071336030960083008e+00,5.513369083404541016e+00
-1.107926368713378906e-01,3.838320493698120117e+00
1.716458678245544434e+00,1.359271526336669922e+01
1.383318305015563965e+00,1.302781295776367188e+01
1.210087910294532776e-02,5.630338668823242188e+00
2.601588368415832520e-01,8.286100387573242188e+00
1.106753945350646973e+00,6.786341190338134766e+00
4.113987982273101807e-01,6.429347991943359375e+00
9.950174689292907715e-01,8.291543006896972656e+00
9.919706732034683228e-03,4.309067249298095703e+00
-9.247469902038574219e-02,3.971256494522094727e+00
9.524784684181213379e-01,6.371210575103759766e+00
-2.073323130607604980e-01,7.851915359497070312e+00
1.093179106712341309e+00,7.897130966186523438e+00
1.903342008590698242e-01,6.320919990539550781e+00
1.014636635780334473e+00,1.035938453674316406e+01
1.035278558731079102e+00,5.100351333618164062e+00
1.088175177574157715e+00,1.236920833587646484e+01
8.240599632263183594e-01,7.667007446289062500e+00
-1.601185202598571777e-01,1.390093684196472168e+00
1.493041872978210449e+00,1.419091320037841797e+01
3.637586534023284912e-01,6.056658267974853516e+00
8.095487356185913086e-01,7.103834152221679688e+00
8.696234822273254395e-01,9.052549362182617188e+00
3.352910652756690979e-02,4.422554016113281250e+00
9.600370526313781738e-01,5.435017585754394531e+00
-5.223914980888366699e-01,2.365017652511596680e+00
5.214377641677856445e-01,3.619141340255737305e+00
1.434966683387756348e+00,1.211297798156738281e+01
8.034067749977111816e-01,6.233638763427734375e+00
6.343812942504882812e-01,6.317732810974121094e+00
1.273649096488952637e+00,9.086901664733886719e+00
-1.477765664458274841e-02,6.217733383178710938e+00
1.590541958808898926e+00,1.479435253143310547e+01
1.108040571212768555e+00,1.053612804412841797e+01
1.077197074890136719e+00,7.976603031158447266e+00
3.848810493946075439e-01,2.915826320648193359e+00
2.506843507289886475e-01,7.782388210296630859e+00
7.359163165092468262e-01,1.025940227508544922e+01
1.181028962135314941e+00,1.091623020172119141e+01
1.005038619041442871e+00,6.522790908813476562e+00
8.934662938117980957e-01,8.894284248352050781e+00
8.021500706672668457e-01,7.722925186157226562e+00
5.913773551583290100e-02,7.810250759124755859e+00
2.534966766834259033e-01,8.739359855651855469e+00
1.717037200927734375e+00,1.161556720733642578e+01
6.040906310081481934e-01,4.763834953308105469e+00
3.573578596115112305e-01,3.959720134735107422e+00
8.173875212669372559e-01,7.330441951751708984e+00
-2.010419666767120361e-01,7.470478057861328125e+00
1.593009352684020996e+00,1.267033100128173828e+01
7.416542768478393555e-01,6.518793106079101562e+00
3.724831640720367432e-01,6.003842353820800781e+00
9.547965526580810547e-01,8.210429191589355469e+00
1.245212793350219727e+00,1.107361507415771484e+01
9.475576877593994141e-01,7.259199142456054688e+00
9.704332351684570312e-01,8.580626487731933594e+00
2.937114611268043518e-02,5.119197845458984375e+00
4.397260248661041260e-01,8.275053024291992188e+00
2.641705274581909180e-01,6.479106426239013672e+00
2.219085693359375000e-01,5.841726779937744141e+00
7.684750556945800781e-01,5.841000556945800781e+00
7.434971928596496582e-01,5.124993801116943359e+00
4.435106515884399414e-01,4.453213691711425781e+00
1.005086779594421387e+00,1.057154941558837891e+01
-6.559247970581054688e-01,4.043215751647949219e+00
1.006749868392944336e+00,8.944552421569824219e+00
1.099321722984313965e+00,9.922433853149414062e+00
-6.885022521018981934e-01,1.940730333328247070e+00
-3.817903995513916016e-01,5.621029853820800781e+00
2.958310544490814209e-01,4.488715648651123047e+00
7.602482438087463379e-01,1.051833820343017578e+01
-5.010634064674377441e-01,3.817526817321777344e+00
9.778599143028259277e-01,1.087299633026123047e+01
5.582746267318725586e-01,7.926125526428222656e+00
-3.587607145309448242e-01,5.657511711120605469e+00
8.350273966789245605e-01,6.397758007049560547e+00
3.614973127841949463e-01,7.771231651306152344e+00
8.181129097938537598e-01,9.313835144042968750e+00
-5.695607066154479980e-01,2.628150701522827148e+00
1.180919051170349121e+00,9.257081031799316406e+00
1.247321963310241699e+00,9.943336486816406250e+00
1.184231758117675781e+00,1.086631393432617188e+01
-5.601227879524230957e-01,8.271504402160644531e+00
6.441575288772583008e-02,8.719272613525390625e+00
-6.844657063484191895e-01,1.444016098976135254e+00
2.772194519639015198e-02,5.028228759765625000e+00
-8.605331182479858398e-02,2.924287557601928711e+00
1.151952147483825684e-01,7.022744178771972656e+00
2.314186990261077881e-01,3.942656517028808594e+00
-8.876799345016479492e-01,4.627760648727416992e-01
-2.810268998146057129e-01,5.960714340209960938e+00
-4.569971188902854919e-02,8.496567726135253906e+00
6.528693437576293945e-02,5.571316719055175781e+00
9.512998461723327637e-01,9.977399826049804688e+00
5.151379704475402832e-01,7.614290714263916016e+00
1.336707949638366699e+00,1.343559551239013672e+01
-8.858877420425415039e-01,2.448502302169799805e+00
1.125337958335876465e+00,1.016558170318603516e+01
-3.145477771759033203e-01,4.787402629852294922e+00
4.536140561103820801e-01,6.180403709411621094e+00
6.515939831733703613e-01,6.023889541625976562e+00
8.535191416740417480e-01,6.999802589416503906e+00
2.975042164325714111e-01,7.503677368164062500e+00
7.613128423690795898e-01,7.032290458679199219e+00
1.740630030632019043e+00,1.458395481109619141e+01
1.690671205520629883e+00,1.311994266510009766e+01
-6.972303390502929688e-01,4.551073074340820312e+00
4.716295376420021057e-02,2.787489652633666992e+00
8.134554028511047363e-01,7.902123451232910156e+00
-4.118537530303001404e-02,5.276029109954833984e+00
9.268445372581481934e-01,9.202261924743652344e+00
-3.379089236259460449e-01,3.019882917404174805e+00
5.127734541893005371e-01,1.080799293518066406e+01
8.062066435813903809e-01,8.086628913879394531e+00
-6.682075858116149902e-01,1.409653782844543457e+00
1.472456455230712891e-01,7.323137283325195312e+00
-3.983514308929443359e-01,4.024101734161376953e+00
8.879728317260742188e-01,6.390753269195556641e+00
3.556104004383087158e-01,6.444622993469238281e+00
1.741679191589355469e+00,1.352339172363281250e+01
-1.165117621421813965e-01,5.673342704772949219e+00
-9.352806210517883301e-01,4.953600883483886719e+00
8.344757556915283203e-01,7.376972675323486328e+00
-3.380355536937713623e-01,6.039069175720214844e+00
9.921468496322631836e-01,6.137881755828857422e+00
9.252003431320190430e-01,5.798164844512939453e+00
-4.522105455398559570e-01,2.376196146011352539e+00
-9.864717721939086914e-02,2.220547914505004883e+00
-1.104791760444641113e-01,6.061957836151123047e+00
8.063958287239074707e-01,5.462758064270019531e+00
5.439313650131225586e-01,5.177501678466796875e+00
5.423951745033264160e-01,8.437680244445800781e+00
-3.934537991881370544e-02,5.943310737609863281e+00
1.104103088378906250e+00,1.000407695770263672e+01
-7.246754765510559082e-01,2.782037258148193359e+00
1.282907605171203613e+00,1.043436527252197266e+01
4.413878321647644043e-01,7.271935462951660156e+00
6.183097958564758301e-01,6.545014381408691406e+00
-3.533999919891357422e-01,6.057042598724365234e+00
1.353051304817199707e+00,1.033366584777832031e+01
7.729701995849609375e-01,5.713676452636718750e+00
6.385448575019836426e-01,8.745327949523925781e+00
7.142537236213684082e-01,1.069427776336669922e+01
3.457907736301422119e-01,7.813389778137207031e+00
8.182370066642761230e-01,9.063031196594238281e+00
4.227192699909210205e-01,7.113593101501464844e+00
9.000656604766845703e-01,7.838199615478515625e+00
-3.757971227169036865e-01,7.791378021240234375e+00
-2.419950067996978760e-01,6.391284465789794922e+00
5.081681013107299805e-01,5.237174987792968750e+00
1.395503044128417969e+00,1.193280601501464844e+01
8.911727070808410645e-01,6.721857547760009766e+00
-4.549276828765869141e-01,5.229141235351562500e+00
5.487908124923706055e-01,8.100914955139160156e+00
-6.925668120384216309e-01,2.533151865005493164e+00
8.400583267211914062e-01,1.054030036926269531e+01
-5.228762626647949219e-01,4.099123954772949219e+00
1.260859727859497070e+00,9.281176567077636719e+00
8.414024710655212402e-01,1.400755214691162109e+01
3.592884540557861328e-01,4.434384346008300781e+00
7.201914191246032715e-01,9.117590904235839844e+00
-2.454727888107299805e-01,5.570559501647949219e+00
-5.410943031311035156e-01,1.594913005828857422e+00
7.546965479850769043e-01,7.583334922790527344e+00
-6.992935538291931152e-01,1.436660736799240112e-01
-7.610939145088195801e-01,1.368190646171569824e+00
-3.915695548057556152e-01,5.241305828094482422e+00
-6.030723452568054199e-01,3.703696250915527344e+00
-3.179730176925659180e-01,5.493859767913818359e+00
2.999240532517433167e-02,4.921690464019775391e+00
1.278506278991699219e+00,1.115998172760009766e+01
1.391633629798889160e+00,5.819818019866943359e+00
1.130252838134765625e+00,1.107336521148681641e+01
1.130291461944580078e+00,7.624413490295410156e+00
1.136575698852539062e+00,1.030483722686767578e+01
4.372495785355567932e-02,3.468604564666748047e+00
2.094298601150512695e-01,7.474394142627716064e-02
9.134812951087951660e-01,7.804746150970458984e+00
4.827517867088317871e-01,6.217999935150146484e+00
5.799739360809326172e-01,7.023609638214111328e+00
3.007559776306152344e-01,5.576139926910400391e+00
1.055786728858947754e+00,1.072520542144775391e+01
8.939964771270751953e-01,8.612146377563476562e+00
3.689380586147308350e-01,6.810205459594726562e+00
4.388218820095062256e-01,5.038540840148925781e+00
8.055912852287292480e-01,9.294614791870117188e+00
6.404005885124206543e-01,9.119605064392089844e+00
-5.976026877760887146e-02,5.817473888397216797e+00
-5.777366757392883301e-01,5.474563598632812500e+00
-8.499366641044616699e-01,3.302221536636352539e+00
3.885709643363952637e-01,4.873897075653076172e+00
8.259499073028564453e-02,2.728829145431518555e+00
9.622014760971069336e-01,9.731138229370117188e+00
6.678397655487060547e-01,7.625767707824707031e+00
3.409231901168823242e-01,8.323714256286621094e+00
7.683271765708923340e-01,9.063305854797363281e+00
8.407562971115112305e-02,4.590107440948486328e+00
9.298416972160339355e-01,9.794488906860351562e+00
1.039500355720520020e+00,8.796288490295410156e+00
-1.377820596098899841e-02,7.511445045471191406e+00
1.248567700386047363e-01,4.613611698150634766e+00
9.194630384445190430e-01,5.705458164215087891e+00
8.201315402984619141e-01,8.024637222290039062e+00
-3.617661595344543457e-01,5.769064426422119141e+00
3.730693161487579346e-01,4.805708885192871094e+00
4.194983839988708496e-01,6.173475265502929688e+00
2.984255924820899963e-02,5.829687118530273438e+00
1.566590905189514160e+00,1.053312015533447266e+01
6.370721459388732910e-01,6.549175262451171875e+00
1.321516990661621094e+00,1.257097339630126953e+01
1.172267913818359375e+00,7.537034034729003906e+00
9.739834666252136230e-01,9.745733261108398438e+00
7.703325748443603516e-01,1.037028980255126953e+01
1.020421981811523438e+00,6.821846961975097656e+00
8.193052411079406738e-01,5.980511665344238281e+00
5.080976486206054688e-01,5.521434783935546875e+00
2.196468114852905273e+00,1.407324886322021484e+01
-4.160854220390319824e-01,4.629952430725097656e+00
8.318483829498291016e-02,3.782630205154418945e+00
1.437629580497741699e+00,9.872569084167480469e+00
1.128972053527832031e+00,9.678332328796386719e+00
1.001502871513366699e+00,9.061150550842285156e+00
1.024135828018188477e+00,8.473694801330566406e+00
1.029192447662353516e+00,5.648694992065429688e+00
1.432556509971618652e+00,1.120077991485595703e+01
-2.883056998252868652e-01,7.063323974609375000e+00
1.119470953941345215e+00,1.136671829223632812e+01
5.723445415496826172e-01,7.146368026733398438e+00
2.969720363616943359e-01,4.204546213150024414e-01
-7.307147979736328125e-02,5.433670997619628906e+00
2.638506889343261719e-01,8.460688591003417969e+00
4.867725372314453125e-01,8.985211372375488281e+00
1.127149939537048340e+00,7.763336658477783203e+00
9.103334546089172363e-01,9.142006874084472656e+00
2.464357018470764160e-01,3.307424306869506836e+00
4.201860427856445312e-01,3.860609054565429688e+00
1.151980042457580566e+00,1.048168849945068359e+01
6.420955061912536621e-01,5.932351112365722656e+00
1.057972550392150879e+00,7.227276802062988281e+00
4.778451025485992432e-01,7.944178104400634766e+00
1.758833825588226318e-01,6.416018962860107422e+00
8.928843140602111816e-01,1.151034069061279297e+01
5.232551693916320801e-01,4.741074562072753906e+00
1.005354046821594238e+00,1.006750679016113281e+01
7.143825292587280273e-02,3.864002227783203125e+00
2.772016227245330811e-01,5.669946193695068359e+00
6.092414259910583496e-01,7.689777851104736328e+00
5.511135458946228027e-01,5.206285953521728516e+00
1.826383948326110840e+00,1.336166286468505859e+01
1.672378480434417725e-01,4.854771137237548828e+00
1.491990327835083008e+00,1.002603149414062500e+01
5.126526355743408203e-01,6.380827903747558594e+00
2.836953103542327881e-01,8.507851600646972656e+00
3.387996554374694824e-01,9.243741989135742188e+00
1.498288154602050781e+00,1.035396480560302734e+01
1.078334569931030273e+00,8.286416053771972656e+00
6.424989700317382812e-01,8.736416816711425781e+00
7.530609965324401855e-01,8.522505760192871094e+00
7.947326302528381348e-01,5.115922927856445312e+00
6.437191367149353027e-01,8.316625595092773438e+00
7.904627919197082520e-01,9.666606903076171875e+00
7.531241774559020996e-01,9.529543876647949219e+00
4.029292762279510498e-01,7.352422237396240234e+00
6.165785789489746094e-01,7.438719272613525391e+00
-2.964993715286254883e-01,2.874309301376342773e+00
9.871380925178527832e-01,8.895610809326171875e+00
1.015132546424865723e+00,1.020087146759033203e+01
5.998355150222778320e-01,6.042851448059082031e+00
1.528357267379760742e-01,4.656593322753906250e+00
6.098919510841369629e-01,5.769460678100585938e+00
1.032617211341857910e+00,1.031098175048828125e+01
2.168022990226745605e-01,1.566144108772277832e+00
9.343351125717163086e-01,9.409203529357910156e+00
1.093551278114318848e+00,8.786679267883300781e+00
-1.837930083274841309e-01,2.643789529800415039e+00
1.287733197212219238e+00,1.011006641387939453e+01
1.023539304733276367e+00,9.592293739318847656e+00
1.709293246269226074e+00,1.184564113616943359e+01
8.231973052024841309e-01,8.862070083618164062e+00
-3.681690096855163574e-01,7.144392013549804688e+00
-1.605552434921264648e-01,6.967402935028076172e+00
-3.030766844749450684e-01,3.173117399215698242e+00
7.152597904205322266e-01,9.859118461608886719e+00
1.013786792755126953e+00,9.473139762878417969e+00
7.261747717857360840e-01,7.774143695831298828e+00
9.675880670547485352e-01,2.129700183868408203e+00
1.255195498466491699e+00,1.285580158233642578e+01
3.226256370544433594e-01,8.442631721496582031e+00
1.345106720924377441e+00,6.334350109100341797e+00
1.029563188552856445e+00,9.542968750000000000e+00
-4.432881474494934082e-01,6.562639236450195312e+00
1.128593087196350098e+00,6.702208518981933594e+00
1.744714140892028809e+00,1.371204280853271484e+01
1.004570484161376953e+00,7.165448188781738281e+00
8.525518178939819336e-01,7.431344985961914062e+00
8.146564364433288574e-01,6.086174488067626953e+00
7.465788125991821289e-01,7.558340549468994141e+00
1.327107071876525879e+00,9.925898551940917969e+00
5.908527970314025879e-01,8.915854454040527344e+00
7.336276769638061523e-02,3.957394123077392578e+00
5.764959454536437988e-01,6.902463912963867188e+00
7.790458202362060547e-01,6.834607124328613281e+00
-1.936575770378112793e-01,2.375591039657592773e+00
8.815901875495910645e-01,7.238952159881591797e+00
6.153585910797119141e-01,9.426402091979980469e+00
1.205056428909301758e+00,8.946718215942382812e+00
3.446902036666870117e-01,7.182189941406250000e+00
7.383326292037963867e-01,1.050442218780517578e+01
5.501990318298339844e-01,7.427467346191406250e+00
6.394298672676086426e-01,1.042632961273193359e+01
9.553292393684387207e-01,6.533673286437988281e+00
8.967145085334777832e-01,1.017799854278564453e+01
6.638614535331726074e-01,6.090049743652343750e+00
4.490510821342468262e-01,9.010204315185546875e+00
1.206058382987976074e+00,1.022060680389404297e+01
8.909560441970825195e-01,1.083616352081298828e+01
3.437000215053558350e-01,6.728278160095214844e+00
1.201083421707153320e+00,9.183373451232910156e+00
5.796986222267150879e-01,1.045899295806884766e+01
8.127576708793640137e-01,6.886275291442871094e+00
1.190096735954284668e+00,1.075990962982177734e+01
2.741525888442993164e+00,1.480953788757324219e+01
-5.893596634268760681e-02,6.863889694213867188e+00
7.123055458068847656e-01,8.331505775451660156e+00
-1.138894557952880859e-01,5.882984638214111328e+00
2.899062633514404297e-01,5.859960079193115234e+00
7.538403868675231934e-01,1.112751293182373047e+01
6.977556347846984863e-01,5.902863025665283203e+00
2.334490418434143066e-01,3.263705253601074219e+00
-2.394312322139739990e-01,4.829782485961914062e+00
8.360278606414794922e-01,7.797435283660888672e+00
4.170610308647155762e-01,7.392138481140136719e+00
2.723357975482940674e-01,4.806498527526855469e+00
7.245899438858032227e-01,7.963281631469726562e+00
1.167526364326477051e+00,1.261134529113769531e+01
9.081301093101501465e-01,5.784174442291259766e+00
9.128554463386535645e-01,1.097495937347412109e+01
6.518235206604003906e-01,6.075616359710693359e+00
9.087744355201721191e-02,5.750152587890625000e+00
5.325706601142883301e-01,7.932787895202636719e+00
-5.472295284271240234e-01,2.104496002197265625e+00
-4.170459136366844177e-02,4.533150672912597656e+00
1.274626255035400391e+00,1.055402278900146484e+01
8.566426634788513184e-01,6.171112537384033203e+00
9.450344443321228027e-01,1.003689575195312500e+01
1.469457387924194336e+00,1.434008502960205078e+01
1.039512515068054199e+00,6.964542388916015625e+00
4.399124383926391602e-01,7.448922157287597656e+00
1.381158947944641113e+00,1.003607654571533203e+01
7.200532555580139160e-01,1.106193923950195312e+01
4.512446522712707520e-01,4.911441326141357422e+00
3.412226140499114990e-01,6.546041011810302734e+00
1.716621756553649902e+00,1.105145549774169922e+01
7.683250904083251953e-01,6.859034061431884766e+00
-2.577419877052307129e-01,2.627962589263916016e+00
8.334171175956726074e-01,9.961857795715332031e+00
9.903847575187683105e-01,7.707429885864257812e+00
8.991684317588806152e-01,8.155179977416992188e+00
3.634932041168212891e-01,4.022992610931396484e+00
8.997575044631958008e-01,1.201693058013916016e+01
1.502482652664184570e+00,1.283802986145019531e+01
7.872883081436157227e-01,8.108094215393066406e+00
1.604651212692260742e+00,1.473897361755371094e+01
5.466763377189636230e-01,9.657312393188476562e+00
2.090906858444213867e+00,1.406924152374267578e+01
2.091872096061706543e-01,2.651143550872802734e+00
1.450867295265197754e+00,1.036164951324462891e+01
7.744074463844299316e-01,8.324012756347656250e+00
2.113586962223052979e-01,5.618062019348144531e+00
1.855390071868896484e-01,6.769047737121582031e+00
9.082412123680114746e-01,8.210793495178222656e+00
9.432872533798217773e-01,9.626944541931152344e+00
9.493225812911987305e-02,5.920598506927490234e+00
6.798779368400573730e-01,7.909338951110839844e+00
-4.815066754817962646e-01,5.984873771667480469e+00
6.814906001091003418e-01,6.894085407257080078e+00
-6.211217045783996582e-01,1.603227853775024414e+00
1.131266713142395020e+00,1.205603504180908203e+01
6.093754172325134277e-01,5.956387996673583984e+00
6.397823691368103027e-01,1.019356918334960938e+01
3.780503273010253906e-01,6.510572910308837891e+00
5.234605073928833008e-01,6.884552001953125000e+00
4.724195003509521484e-01,8.582759857177734375e+00
1.197933554649353027e+00,9.761480331420898438e+00
-3.839114308357238770e-01,5.933983802795410156e+00
1.828859329223632812e+00,1.232210445404052734e+01
1.068909287452697754e+00,1.062965869903564453e+01
6.654272675514221191e-01,1.046795940399169922e+01
-3.265707790851593018e-01,5.959714889526367188e+00
9.980263113975524902e-01,8.282784461975097656e+00
1.393923759460449219e+00,1.158266830444335938e+01
-6.332573294639587402e-01,4.704491615295410156e+00
-7.486218214035034180e-02,2.287014245986938477e+00
9.473381638526916504e-01,7.912172794342041016e+00
-2.839439213275909424e-01,3.258508920669555664e+00
4.893981516361236572e-01,8.638397216796875000e+00
1.028802871704101562e+00,1.012866115570068359e+01
-2.394459247589111328e-01,8.134208619594573975e-02
9.944757819175720215e-01,9.148682594299316406e+00
1.973518133163452148e-01,3.992553234100341797e+00
-1.654954552650451660e-01,6.587068557739257812e+00
1.523908853530883789e+00,1.213812255859375000e+01
3.910871744155883789e-01,9.225599288940429688e+00
2.708828821778297424e-02,7.439112663269042969e+00
4.944578409194946289e-01,5.775226593017578125e+00
5.203017592430114746e-01,5.209660530090332031e+00
4.885781407356262207e-01,7.980734348297119141e+00
-6.172424554824829102e-01,6.863618850708007812e+00
1.840261816978454590e-01,4.251564025878906250e+00
7.928896546363830566e-01,5.971620559692382812e+00
8.629345297813415527e-01,9.117090225219726562e+00
1.473608016967773438e-01,7.443829536437988281e+00
1.110314846038818359e+00,6.617701530456542969e+00
8.376949429512023926e-01,1.370554447174072266e+01
8.742777705192565918e-01,6.501214981079101562e+00
1.664104819297790527e+00,1.122143936157226562e+01
7.588886618614196777e-01,1.055943584442138672e+01
1.579358577728271484e+00,1.216391277313232422e+01
1.842667341232299805e+00,1.504880428314208984e+01
1.184384465217590332e+00,7.320234775543212891e+00
-1.669653058052062988e-01,2.750355958938598633e+00
8.443632125854492188e-01,9.228759765625000000e+00
1.081978201866149902e+00,5.074788093566894531e+00
-4.442706406116485596e-01,4.158615112304687500e+00
-4.572439789772033691e-01,5.776659965515136719e+00
7.574400305747985840e-01,9.897040367126464844e+00
-2.506642937660217285e-01,6.423501014709472656e+00
6.991701722145080566e-01,6.172363281250000000e+00
1.049228191375732422e+00,9.344955444335937500e+00
5.929321423172950745e-02,3.996093988418579102e+00
9.202855229377746582e-01,6.618372440338134766e+00
4.567699432373046875e-01,6.943353652954101562e+00
3.522438108921051025e-01,6.291987419128417969e+00
-5.696657299995422363e-01,3.632127761840820312e+00
8.269262313842773438e-01,9.406033515930175781e+00
1.109242558479309082e+00,8.447854042053222656e+00
6.897082924842834473e-02,7.572435855865478516e+00
5.571289658546447754e-01,7.167503833770751953e+00
6.418706774711608887e-01,9.712079048156738281e+00
4.057679176330566406e-01,7.277823448181152344e+00
-3.933423385024070740e-02,2.503589153289794922e+00
8.664431571960449219e-01,6.551163673400878906e+00
1.021591305732727051e+00,1.076681041717529297e+01
9.458270668983459473e-01,9.499434471130371094e+00
-9.457254409790039062e-02,3.761912107467651367e+00
9.550625681877136230e-01,9.558615684509277344e+00
1.106181502342224121e+00,7.852390289306640625e+00
7.302941083908081055e-01,6.537497520446777344e+00
5.557784438133239746e-01,9.604098320007324219e+00
1.682030081748962402e+00,1.216762447357177734e+01
2.962374985218048096e-01,6.453563213348388672e+00
1.009565472602844238e+00,7.796480655670166016e+00
-1.972857713699340820e-01,7.570892810821533203e+00
3.842942118644714355e-01,5.098605155944824219e+00
-5.134746432304382324e-01,4.609530448913574219e+00
4.205122590065002441e-01,1.982838511466979980e+00
6.750020980834960938e-01,8.969295501708984375e+00
8.950160145759582520e-01,5.843285083770751953e+00
4.793631136417388916e-01,5.525102615356445312e+00
9.604201912879943848e-01,1.106985378265380859e+01
1.659029364585876465e+00,1.101780223846435547e+01
-5.679087638854980469e-01,2.997412919998168945e+00
1.707785725593566895e+00,1.481439685821533203e+01
4.175268411636352539e-01,5.228381156921386719e+00
-9.165909886360168457e-02,5.969799041748046875e+00
-1.133834719657897949e-01,6.030073642730712891e+00
-8.245438337326049805e-02,6.358182430267333984e+00
3.933224454522132874e-02,8.174769401550292969e+00
1.118242621421813965e+00,9.699015617370605469e+00
-9.440414309501647949e-01,2.454136610031127930e+00
-1.801335439085960388e-02,5.544141769409179688e+00
5.235562324523925781e-01,8.489290237426757812e+00
1.217228531837463379e+00,9.546441078186035156e+00
7.109234929084777832e-01,5.893215179443359375e+00
9.738991260528564453e-01,1.008369350433349609e+01
1.160405993461608887e+00,1.191443634033203125e+01
-4.148820638656616211e-01,2.517055273056030273e+00
9.458286762237548828e-01,8.962793350219726562e+00
1.292178750038146973e+00,1.102752017974853516e+01
5.137235522270202637e-01,6.996988296508789062e+00
6.476376056671142578e-01,7.951073169708251953e+00
3.774112462997436523e-01,8.639813423156738281e+00
1.161490082740783691e-01,5.899909496307373047e+00
6.377954483032226562e-01,8.190343856811523438e+00
1.968860030174255371e-01,2.865754604339599609e+00
5.740228295326232910e-01,8.099755287170410156e+00
1.085996508598327637e+00,9.314351081848144531e+00
1.233926892280578613e+00,1.046608257293701172e+01
2.130897045135498047e-01,5.816279411315917969e+00
-5.771092772483825684e-01,4.111683368682861328e+00
1.326948165893554688e+00,1.035606575012207031e+01
-6.023983359336853027e-01,3.232392787933349609e+00
3.582421541213989258e-01,5.113348960876464844e+00
-4.717358648777008057e-01,4.455976486206054688e+00
-7.209864854812622070e-01,3.706027269363403320e+00
-2.937511205673217773e-01,1.040065884590148926e+00
-1.936610341072082520e-01,4.358815670013427734e+00
5.867564082145690918e-01,1.006613922119140625e+01
-1.577149033546447754e-01,4.271642684936523438e+00
9.530609846115112305e-02,6.253865242004394531e+00
7.355278730392456055e-02,5.976238250732421875e+00
6.475911736488342285e-01,6.196548461914062500e+00
8.765999674797058105e-01,8.186510086059570312e+00
5.767752528190612793e-01,5.903750419616699219e+00
1.149068593978881836e+00,9.151820182800292969e+00
1.154806613922119141e+00,1.000710964202880859e+01
1.984777450561523438e-01,7.550838470458984375e+00
1.027028679847717285e+00,7.888249397277832031e+00
8.010473847389221191e-01,7.650956153869628906e+00
4.173564910888671875e-01,6.814789772033691406e+00
6.315448284149169922e-01,5.309789657592773438e+00
3.037122189998626709e-01,7.053303241729736328e+00
4.173609614372253418e-01,8.293568611145019531e+00
-1.796819567680358887e-01,2.333191156387329102e+00
3.203494846820831299e-01,7.077154159545898438e+00
7.644066214561462402e-01,8.444230079650878906e+00
1.278109669685363770e+00,1.123103141784667969e+01
2.116720080375671387e-01,4.557929992675781250e+00
5.401611924171447754e-01,4.024057865142822266e+00
9.557994604110717773e-01,7.397712707519531250e+00
1.109677433967590332e+00,9.539593696594238281e+00
1.431564211845397949e+00,1.133731269836425781e+01
8.861748576164245605e-01,6.550964355468750000e+00
8.750461935997009277e-01,5.792428016662597656e+00
5.071436762809753418e-01,6.280002593994140625e+00
1.352428793907165527e+00,9.340441703796386719e+00
5.817037224769592285e-01,6.337713718414306641e+00
9.739890694618225098e-01,7.989529132843017578e+00
1.014877796173095703e+00,1.037625598907470703e+01
6.062461733818054199e-01,9.326424598693847656e+00
6.653664112091064453e-01,7.101231575012207031e+00
8.758904337882995605e-01,1.070044326782226562e+01
2.580760717391967773e-01,7.344136238098144531e+00
-6.956297159194946289e-01,6.167051315307617188e+00
8.981570601463317871e-01,8.986525535583496094e+00
1.955665051937103271e-01,8.059187889099121094e+00
1.042842149734497070e+00,1.071429157257080078e+01
1.671927094459533691e+00,1.404008007049560547e+01
-8.534872531890869141e-01,4.959058761596679688e+00
-4.412976503372192383e-01,2.654978990554809570e+00
-6.224184855818748474e-02,4.513826370239257812e+00
4.953036308288574219e-01,8.015444755554199219e+00
-4.153967499732971191e-01,6.724572658538818359e+00
5.821774601936340332e-01,6.621373176574707031e+00
4.128843843936920166e-01,8.500547409057617188e+00
6.697034239768981934e-01,6.054125785827636719e+00
1.285147786140441895e+00,1.054039001464843750e+01
9.898678660392761230e-01,5.716770648956298828e+00
3.293441832065582275e-01,8.760888099670410156e+00
9.424054026603698730e-01,8.019134521484375000e+00
1.241881251335144043e+00,1.020839977264404297e+01
3.671744838356971741e-02,8.072201728820800781e+00
5.551530122756958008e-01,1.157005405426025391e+01
2.034327983856201172e-01,1.015491366386413574e+00
9.327923059463500977e-01,1.060082340240478516e+01
1.986058115959167480e+00,1.417586994171142578e+01
2.720404863357543945e-01,4.794321060180664062e+00
1.921465754508972168e+00,1.331397724151611328e+01
7.831109166145324707e-01,8.500027656555175781e+00
4.783632755279541016e-01,5.579666614532470703e+00
9.720216393470764160e-01,7.969770908355712891e+00
1.393965840339660645e+00,1.181023502349853516e+01
8.482856154441833496e-01,8.569866180419921875e+00
1.474217534065246582e+00,1.040123462677001953e+01
4.531624913215637207e-01,4.615040779113769531e+00
6.258696913719177246e-01,1.205286407470703125e+01
2.314230203628540039e-01,6.805155754089355469e+00
-6.291494965553283691e-01,2.271350145339965820e+00
9.960227608680725098e-01,1.177758884429931641e+01
2.491087093949317932e-02,5.233411788940429688e+00
-3.751787543296813965e-01,5.781236648559570312e+00
3.565002977848052979e-01,9.135518074035644531e+00
8.188502192497253418e-01,8.586795806884765625e+00
6.451535820960998535e-01,9.142659187316894531e+00
1.177746057510375977e+00,9.626042366027832031e+00
1.144666552543640137e+00,7.817671775817871094e+00
1.239401474595069885e-02,3.151929378509521484e+00
5.377224683761596680e-01,7.834949493408203125e+00
4.975450038909912109e-01,2.128237009048461914e+00
4.761180281639099121e-01,6.718278408050537109e+00
-4.537841081619262695e-01,1.024535894393920898e+00
8.389449715614318848e-01,9.505074501037597656e+00
2.984367311000823975e-01,1.004403781890869141e+01
3.038864135742187500e-01,7.848666191101074219e+00
6.918204426765441895e-01,8.512679100036621094e+00
-5.607662200927734375e-01,3.828789472579956055e+00
-1.972982585430145264e-01,6.451773643493652344e+00
-2.843727469444274902e-01,1.190713763236999512e+00
8.762341141700744629e-01,9.655524253845214844e+00
1.318770527839660645e+00,7.729501724243164062e+00
1.015618443489074707e+00,9.209244728088378906e+00
-6.110039539635181427e-04,6.685006141662597656e+00
6.920164227485656738e-01,5.754266738891601562e+00
-5.400300621986389160e-01,3.569279670715332031e+00
8.849233388900756836e-02,4.287202835083007812e+00
5.299211144447326660e-01,4.342784881591796875e+00
-5.681577324867248535e-01,3.139441251754760742e+00
1.441169381141662598e-01,5.047549724578857422e+00
9.382219910621643066e-01,8.282843589782714844e+00
-6.822188496589660645e-01,3.942001104354858398e+00
1.737073063850402832e+00,1.378596210479736328e+01
1.863278508186340332e+00,1.495723819732666016e+01
-6.446891427040100098e-01,2.545516729354858398e+00
6.454765200614929199e-01,4.114481925964355469e+00
1.209359049797058105e+00,1.158968353271484375e+01
2.683100476861000061e-02,7.599355220794677734e+00
1.007389783859252930e+00,7.773972511291503906e+00
8.152946829795837402e-01,9.598981857299804688e+00
2.322227239608764648e+00,1.474130439758300781e+01
1.432778000831604004e+00,1.260746479034423828e+01
3.161269798874855042e-02,7.480814933776855469e+00
-3.837613165378570557e-01,4.052339553833007812e+00
4.636964797973632812e-01,1.085938930511474609e+01
1.073223352432250977e+00,8.779583930969238281e+00
8.919462561607360840e-01,8.639149665832519531e+00
-4.045917987823486328e-01,3.768299818038940430e+00
1.291279673576354980e+00,1.013382625579833984e+01
4.689925014972686768e-01,8.230208396911621094e+00
5.235431790351867676e-01,8.370898246765136719e+00
-3.125093579292297363e-01,5.646893501281738281e+00
9.171344637870788574e-01,1.079082775115966797e+01
-2.225905284285545349e-02,4.036961555480957031e+00
4.700693190097808838e-01,8.409319877624511719e+00
-2.383881807327270508e-01,6.184082031250000000e+00
2.248845815658569336e+00,1.435567569732666016e+01
-4.326603412628173828e-01,7.484041690826416016e+00
1.116452813148498535e-01,2.691630363464355469e+00
1.135139822959899902e+00,1.100051021575927734e+01
1.472001433372497559e+00,1.165199375152587891e+01
1.018381476402282715e+00,6.578912734985351562e+00
1.125680208206176758e+00,1.017703914642333984e+01
3.305871486663818359e-01,3.072084188461303711e+00
-6.259871125221252441e-01,3.520932435989379883e+00
-6.616857647895812988e-01,3.670131444931030273e+00
-5.407846570014953613e-01,4.310649871826171875e+00
1.104312062263488770e+00,9.390073776245117188e+00
5.206568837165832520e-01,8.489611625671386719e+00
6.761172413825988770e-01,1.210421657562255859e+01
9.246284961700439453e-01,8.968036651611328125e+00
-4.106360301375389099e-02,3.040689229965209961e+00
1.476738929748535156e+00,1.252307033538818359e+01
2.603887319564819336e-01,6.123148918151855469e+00
-6.985676884651184082e-01,3.581025898456573486e-01
9.210038781166076660e-01,6.537065029144287109e+00
1.386122345924377441e+00,9.437472343444824219e+00
9.986837506294250488e-01,8.298612594604492188e+00
-2.621212601661682129e-01,1.061869025230407715e+00
-7.718434929847717285e-02,7.353261947631835938e+00
3.299183025956153870e-02,3.912066221237182617e+00
2.093334436416625977e+00,1.464425086975097656e+01
8.866809010505676270e-01,6.931185722351074219e+00
-6.199833471328020096e-03,5.528848171234130859e+00
9.621626734733581543e-01,1.002685642242431641e+01
1.531830906867980957e+00,1.200458431243896484e+01
-5.528017282485961914e-01,5.267540931701660156e+00
1.157486081123352051e+00,1.284445762634277344e+01
8.962408304214477539e-01,7.147008419036865234e+00
5.708078145980834961e-01,7.664513587951660156e+00
8.796229958534240723e-01,9.520441055297851562e+00
1.073266267776489258e+00,1.091094493865966797e+01
8.249771595001220703e-02,2.748460531234741211e+00
5.398446917533874512e-01,7.370354652404785156e+00
4.699118435382843018e-01,5.821541786193847656e+00
1.648084044456481934e+00,1.220270633697509766e+01
-5.157547816634178162e-02,5.657110214233398438e+00
8.425838351249694824e-01,7.170465469360351562e+00
4.602800011634826660e-01,8.677550315856933594e+00
-3.782099783420562744e-01,4.145086288452148438e+00
-7.686626315116882324e-01,6.529371738433837891e+00
5.840777754783630371e-01,6.262235641479492188e+00
1.024747610092163086e+00,5.971130847930908203e+00
7.978425025939941406e-01,7.115513801574707031e+00
1.640787422657012939e-01,4.894271850585937500e+00
-5.526141524314880371e-01,9.606094956398010254e-01
4.340242445468902588e-01,5.810104370117187500e+00
9.958263039588928223e-01,6.208593845367431641e+00
1.131207227706909180e+00,1.116082191467285156e+01
9.923753142356872559e-01,1.178373622894287109e+01
2.580807209014892578e-01,4.199896812438964844e+00
3.555130362510681152e-01,8.953682899475097656e+00
7.138704061508178711e-01,7.365633010864257812e+00
-2.432726919651031494e-01,6.182689666748046875e+00
1.831909716129302979e-01,7.274686336517333984e+00
9.296323060989379883e-01,8.885200500488281250e+00
-6.147397756576538086e-01,2.355123043060302734e+00
-5.842005833983421326e-02,3.936826229095458984e+00
1.588504791259765625e+00,1.172165203094482422e+01
6.915453076362609863e-01,7.534412384033203125e+00
1.417251825332641602e+00,1.109245204925537109e+01
6.902103424072265625e-01,8.361264228820800781e+00
1.284450769424438477e+00,1.103161716461181641e+01
5.800929665565490723e-01,5.371096611022949219e+00
-4.653937220573425293e-01,6.236673355102539062e+00
9.080688953399658203e-01,3.230425596237182617e+00
9.225853085517883301e-01,7.434327125549316406e+00
1.102562665939331055e+00,8.680252075195312500e+00
4.154083728790283203e-01,5.716413497924804688e+00
9.564659595489501953e-01,6.239212036132812500e+00
4.608449935913085938e-01,9.224007606506347656e+00
9.029827713966369629e-01,8.710183143615722656e+00
2.155537843704223633e+00,1.174507999420166016e+01
8.315131068229675293e-01,1.229412460327148438e+01
2.510002553462982178e-01,6.016517639160156250e+00
3.550807237625122070e-01,7.313386917114257812e+00
1.227407574653625488e+00,1.171404743194580078e+01
-9.793358445167541504e-01,3.867319107055664062e+00
1.050608754158020020e-01,7.347320079803466797e+00
-4.645758867263793945e-01,7.108301520347595215e-01
2.003784656524658203e+00,1.459530067443847656e+01
5.897949934005737305e-01,8.114625930786132812e+00
4.720308780670166016e-01,9.777530670166015625e+00
1.006529688835144043e+00,6.044342041015625000e+00
-6.500490307807922363e-01,2.310381412506103516e+00
9.887817502021789551e-01,7.082371711730957031e+00
8.542041182518005371e-01,8.779923439025878906e+00
1.242123007774353027e+00,9.549941062927246094e+00
2.307336628437042236e-01,6.891375541687011719e+00
6.625233292579650879e-01,6.875797271728515625e+00
4.213833808898925781e-01,7.694862842559814453e+00
4.412869215011596680e-01,1.043835067749023438e+01
-5.297587513923645020e-01,4.824289798736572266e+00
7.032846212387084961e-01,6.123229980468750000e+00
-6.724038124084472656e-01,4.306410789489746094e+00
2.452167570590972900e-01,7.558227539062500000e+00
5.598114132881164551e-01,5.363019466400146484e+00
8.653169870376586914e-01,8.659010887145996094e+00
1.111388579010963440e-02,6.717487335205078125e+00
4.187800884246826172e-01,5.795171737670898438e+00
1.014519810676574707e+00,8.415497779846191406e+00
-6.110625267028808594e-01,4.003457069396972656e+00
1.353997349739074707e+00,1.088185405731201172e+01
7.561527490615844727e-01,6.221730709075927734e+00
7.488411664962768555e-02,4.129623889923095703e+00
-6.582598090171813965e-01,2.360869884490966797e+00
4.081241488456726074e-01,3.840174973011016846e-01
6.683401465415954590e-01,7.179382801055908203e+00
8.865196704864501953e-01,6.648412227630615234e+00
9.427507519721984863e-01,8.164835929870605469e+00
5.002338290214538574e-01,6.823562622070312500e+00
8.526158332824707031e-01,9.497707366943359375e+00
-3.878456354141235352e-01,3.001693010330200195e+00
3.203993141651153564e-01,1.639313817024230957e+00
-1.222634613513946533e-01,7.404364585876464844e+00
6.482427120208740234e-01,9.341645240783691406e+00
5.941451787948608398e-01,5.852934837341308594e+00
4.649051129817962646e-01,8.314272880554199219e+00
-2.547959089279174805e-01,7.465383529663085938e+00
7.437518835067749023e-01,7.996810913085937500e+00
9.533584713935852051e-01,1.193821430206298828e+01
1.926367282867431641e-01,6.577287673950195312e+00
-9.062337875366210938e-02,7.046691894531250000e+00
-4.531989097595214844e-01,4.387413024902343750e+00
6.796538829803466797e-01,7.421598434448242188e+00
1.622013449668884277e-01,4.168817996978759766e+00
8.158622384071350098e-01,6.396018981933593750e+00
1.322538852691650391e-01,6.195045471191406250e+00
-8.052918314933776855e-01,2.955947160720825195e+00
1.390787661075592041e-01,5.079836845397949219e+00
1.410856842994689941e+00,1.076479625701904297e+01
4.239703714847564697e-01,6.748690128326416016e+00
9.723109602928161621e-01,9.428563117980957031e+00
-3.827307820320129395e-01,7.599389076232910156e+00
5.003829598426818848e-01,4.859219551086425781e+00
8.506760001182556152e-01,6.673336982727050781e+00
1.904605925083160400e-01,7.791805267333984375e+00
6.707906126976013184e-01,7.028645992279052734e+00
9.247758984565734863e-01,1.032888507843017578e+01
7.229879498481750488e-01,9.394930839538574219e+00
5.347861647605895996e-01,8.236330986022949219e+00
7.138218879699707031e-01,9.121557235717773438e+00
3.631452322006225586e-01,7.564307212829589844e+00
1.183044910430908203e+00,1.005376720428466797e+01
1.495137333869934082e+00,1.221993732452392578e+01
-7.345846891403198242e-01,4.357150077819824219e+00
8.788568377494812012e-01,6.911108970642089844e+00
-6.037741899490356445e-01,3.321101903915405273e+00
1.045233130455017090e+00,7.228198528289794922e+00
1.481053948402404785e+00,1.288217163085937500e+01
6.191453933715820312e-01,7.398113250732421875e+00
5.648801326751708984e-01,6.152921676635742188e+00
4.151233136653900146e-01,5.607895374298095703e+00
4.257064759731292725e-01,2.700679540634155273e+00
1.758404374122619629e-01,7.273337841033935547e+00
-4.788033068180084229e-01,3.758176326751708984e+00
4.844722747802734375e-01,7.992599487304687500e+00
1.688897252082824707e+00,1.089867210388183594e+01
4.441371262073516846e-01,6.376035690307617188e+00
4.922231435775756836e-01,5.119302749633789062e+00
5.080587044358253479e-02,5.965424537658691406e+00
8.448237180709838867e-02,7.940191268920898438e+00
1.202210783958435059e+00,1.246823120117187500e+01
6.035072207450866699e-01,7.313837051391601562e+00
9.240236878395080566e-01,9.067005157470703125e+00
1.740884065628051758e+00,1.405623340606689453e+01
2.273917570710182190e-02,6.474503517150878906e+00
5.944380164146423340e-01,5.859599590301513672e+00
1.098661303520202637e+00,8.652173995971679688e+00
-5.180010199546813965e-01,7.305925369262695312e+00
-5.791638493537902832e-01,1.317490786314010620e-01
3.603504598140716553e-01,7.705026626586914062e+00
1.065570354461669922e+00,6.529240131378173828e+00
-8.426985740661621094e-01,4.861477851867675781e+00
5.762886404991149902e-01,1.029619407653808594e+01
7.698778510093688965e-01,4.761010169982910156e+00
5.693439841270446777e-01,8.428643226623535156e+00
8.453167080879211426e-01,6.668975830078125000e+00
7.300958037376403809e-01,6.812568187713623047e+00
-5.696353316307067871e-01,7.608192920684814453e+00
3.499565422534942627e-01,5.251295089721679688e+00
7.133117914199829102e-01,5.111764907836914062e+00
8.455399870872497559e-01,6.387287139892578125e+00
-4.911570847034454346e-01,6.475209236145019531e+00
5.631635785102844238e-01,5.145964622497558594e+00
5.100059509277343750e-01,5.280774116516113281e+00
4.860771074891090393e-02,3.745096921920776367e+00
2.454070448875427246e-01,6.098468303680419922e+00
1.091802000999450684e+00,1.021530055999755859e+01
-1.497961282730102539e-01,6.034691810607910156e+00
-5.409154295921325684e-01,4.227381706237792969e+00
1.627215743064880371e+00,1.292333889007568359e+01
1.049711108207702637e+00,6.118700027465820312e+00
9.134253263473510742e-01,6.828089714050292969e+00
6.490071415901184082e-01,6.727528572082519531e+00
6.664040684700012207e-01,5.752040863037109375e+00
8.410267233848571777e-01,9.034193992614746094e+00
-2.332760691642761230e-01,3.645856857299804688e+00
9.899781942367553711e-01,8.064682960510253906e+00
-8.144942112267017365e-04,6.342623233795166016e+00
7.655112147331237793e-01,1.004057979583740234e+01
8.011420369148254395e-01,6.545726299285888672e+00
-8.613613843917846680e-01,3.082421064376831055e+00
8.645836710929870605e-01,8.474760055541992188e+00
8.952375054359436035e-01,7.184813499450683594e+00
8.831338882446289062e-01,7.194478034973144531e+00
6.058600917458534241e-02,8.425943374633789062e+00
1.036290526390075684e-01,6.138246536254882812e+00
1.569831013679504395e+00,1.309442996978759766e+01
1.385364055633544922e+00,1.094624710083007812e+01
7.977911233901977539e-01,6.980455398559570312e+00
2.266659140586853027e-01,6.669858932495117188e+00
-6.275114417076110840e-01,4.365965843200683594e+00
4.494472742080688477e-01,9.266152381896972656e+00
-2.839165627956390381e-01,7.994435310363769531e+00
7.011318206787109375e-02,8.056773185729980469e+00
9.283303022384643555e-01,8.005782127380371094e+00
-6.109966635704040527e-01,8.165739059448242188e+00
1.309064507484436035e+00,1.272209358215332031e+01
1.004408121109008789e+00,1.070137500762939453e+01
7.978245615959167480e-01,9.175867080688476562e+00
6.588978767395019531e-01,7.747190475463867188e+00
1.373068094253540039e+00,1.173147869110107422e+01
9.767567515373229980e-01,1.024585247039794922e+01
7.935222983360290527e-01,6.857651233673095703e+00
6.946561932563781738e-01,5.784251689910888672e+00
4.126086831092834473e-01,6.796470165252685547e+00
-3.064230084419250488e-01,3.630445957183837891e+00
1.255046606063842773e+00,1.014761447906494141e+01
-4.026037082076072693e-02,8.048518300056457520e-01
5.730229020118713379e-01,8.559682846069335938e+00
1.766487956047058105e-01,2.184042215347290039e+00
5.317670702934265137e-01,9.943688392639160156e+00
-6.508890986442565918e-01,4.991484642028808594e+00
8.483427762985229492e-01,6.667125701904296875e+00
9.685871005058288574e-01,8.582410812377929688e+00
-9.272736310958862305e-01,1.546121716499328613e+00
1.172459244728088379e+00,9.542214393615722656e+00
8.702928423881530762e-01,4.622141838073730469e+00
1.917162537574768066e-01,5.793217658996582031e+00
-8.578175902366638184e-01,1.461352944374084473e+00
6.981454491615295410e-01,4.694424629211425781e+00
8.316234946250915527e-01,9.599316596984863281e+00
1.020212411880493164e+00,8.897194862365722656e+00
6.364802718162536621e-01,1.251185703277587891e+01
1.106078386306762695e+00,9.759747505187988281e+00
3.445573449134826660e-01,6.032066345214843750e+00
1.213660359382629395e+00,9.818091392517089844e+00
1.920710206031799316e+00,1.291425514221191406e+01
7.476511597633361816e-01,6.098260879516601562e+00
1.173781991004943848e+00,6.751008033752441406e+00
1.491642832756042480e+00,1.140799427032470703e+01
-1.724717617034912109e-01,7.476083755493164062e+00
4.532678723335266113e-01,4.970824241638183594e+00
-2.368677258491516113e-01,5.801434516906738281e+00
-3.226431608200073242e-01,5.121573448181152344e+00
9.501776099205017090e-01,9.171481132507324219e+00
-5.661082863807678223e-01,2.896502733230590820e+00
1.092393755912780762e+00,8.507305145263671875e+00
1.117074608802795410e+00,9.194140434265136719e+00
9.170344471931457520e-02,6.975284576416015625e+00
-4.595571160316467285e-01,4.640388488769531250e+00
2.020829617977142334e-01,8.821865081787109375e+00
4.556508362293243408e-01,3.833220481872558594e+00
-7.581486105918884277e-01,5.635266780853271484e+00
1.028781771659851074e+00,8.799026489257812500e+00
1.136118650436401367e+00,7.178146362304687500e+00
1.190663814544677734e+00,1.065647315979003906e+01
1.600935578346252441e+00,9.772312164306640625e+00
1.319983124732971191e+00,1.075562763214111328e+01
9.324232935905456543e-01,1.037894916534423828e+01
-9.314082860946655273e-01,9.990081191062927246e-01
-5.530055165290832520e-01,6.444270133972167969e+00
1.167948603630065918e+00,1.051695156097412109e+01
-6.404557824134826660e-01,1.863551020622253418e+00
-1.795322299003601074e-01,3.693839788436889648e+00
2.494151115417480469e+00,1.548081970214843750e+01
2.661263227462768555e+00,1.530277919769287109e+01
-3.722653985023498535e-01,2.809044837951660156e+00
1.855142951011657715e+00,1.221055603027343750e+01
4.593349993228912354e-01,7.562814712524414062e+00
-7.915437221527099609e-01,1.275597572326660156e+00
1.022953033447265625e+00,1.052823162078857422e+01
1.003039240837097168e+00,5.588038444519042969e+00
1.042879462242126465e+00,1.060984611511230469e+01
7.830687165260314941e-01,2.942280054092407227e+00
8.588704466819763184e-01,8.664427757263183594e+00
-4.166078567504882812e-01,5.699884414672851562e+00
1.017806172370910645e+00,9.053188323974609375e+00
1.416878461837768555e+00,7.267503261566162109e+00
3.908753767609596252e-02,8.410232543945312500e+00
-3.134534358978271484e-01,7.554461002349853516e+00
-1.028622984886169434e-01,7.431782722473144531e+00
-1.461022719740867615e-02,5.403979301452636719e+00
5.025072097778320312e-01,8.391677856445312500e+00
9.036413431167602539e-01,9.511375427246093750e+00
4.718886613845825195e-01,7.040565013885498047e+00
-5.959467887878417969e-01,1.923937052488327026e-01
3.505707681179046631e-01,8.682015419006347656e+00
2.308840990066528320e+00,1.468727779388427734e+01
5.091324821114540100e-02,6.359720230102539062e+00
1.490216851234436035e-01,6.217545986175537109e+00
1.040431141853332520e+00,7.089428901672363281e+00
-6.266692280769348145e-01,4.829011261463165283e-01
-9.335834383964538574e-01,2.364383459091186523e+00
5.831040143966674805e-01,3.780511140823364258e+00
1.290088534355163574e+00,1.232023906707763672e+01
-1.905727386474609375e-01,5.628452301025390625e+00
9.465977549552917480e-02,8.065256118774414062e+00
6.028384566307067871e-01,6.007949829101562500e+00
-2.508693337440490723e-01,3.548979759216308594e+00
1.275669813156127930e+00,1.078365325927734375e+01
2.474412024021148682e-01,3.705265998840332031e+00
9.611391425132751465e-01,9.497933387756347656e+00
-1.322580575942993164e-01,6.010529041290283203e+00
2.585928201675415039e+00,1.497563457489013672e+01
6.015952229499816895e-01,5.926907539367675781e+00
6.541733145713806152e-01,7.209900856018066406e+00
4.104497730731964111e-01,5.833153724670410156e+00
-8.790044784545898438e-01,2.417028188705444336e+00
3.441973924636840820e-01,7.438432693481445312e+00
3.591437041759490967e-01,4.132397651672363281e+00
9.610444307327270508e-01,7.647094249725341797e+00
6.305775046348571777e-01,6.009285926818847656e+00
1.619493365287780762e-01,8.396406173706054688e+00
7.169418931007385254e-01,8.002575874328613281e+00
7.823719382286071777e-01,6.206655979156494141e+00
6.030323505401611328e-01,6.723679542541503906e+00
-4.248133301734924316e-01,6.157183647155761719e+00
1.111883521080017090e+00,9.708624839782714844e+00
1.681527495384216309e+00,1.361400127410888672e+01
-2.979667782783508301e-01,6.287003040313720703e+00
-8.058911561965942383e-01,3.336744308471679688e+00
2.148574113845825195e+00,1.433161926269531250e+01
1.028495907783508301e+00,4.820050239562988281e+00
8.396103978157043457e-01,7.774433135986328125e+00
-4.386298358440399170e-01,6.363732337951660156e+00
9.650638699531555176e-01,1.009413814544677734e+01
1.502569913864135742e-01,6.764532089233398438e+00
9.558188915252685547e-01,5.836010932922363281e+00
1.746050119400024414e-01,8.255705833435058594e+00
-3.183627128601074219e-01,4.107711791992187500e+00
3.457618057727813721e-01,6.978914737701416016e+00
1.067290067672729492e+00,8.145916938781738281e+00
-2.241180241107940674e-01,5.394093036651611328e+00
-1.874498128890991211e-01,3.964795589447021484e+00
-1.596283018589019775e-01,7.827327728271484375e+00
1.180218696594238281e+00,8.033084869384765625e+00
5.044038295745849609e-01,7.575998306274414062e+00
2.115786671638488770e-01,6.888832092285156250e+00
7.028743624687194824e-01,5.478911399841308594e+00
9.159138798713684082e-01,8.386694908142089844e+00
-8.919888734817504883e-02,6.458906173706054688e+00
1.002827048301696777e+00,7.401479244232177734e+00
7.333927750587463379e-01,8.390632629394531250e+00
1.060707092285156250e+00,8.050082206726074219e+00
-1.489637494087219238e-01,1.082196593284606934e+00
4.090087711811065674e-01,4.880913257598876953e+00
5.613228678703308105e-01,9.649088859558105469e+00
5.829781666398048401e-02,8.765922546386718750e+00
9.092819094657897949e-01,8.965449333190917969e+00
4.794523715972900391e-01,5.983758449554443359e+00
-1.391485035419464111e-01,5.230187416076660156e+00
4.418392181396484375e-01,4.055623054504394531e+00
4.505572915077209473e-01,3.664803266525268555e+00
-1.965413689613342285e-01,2.506089210510253906e+00
7.671522498130798340e-01,8.845006942749023438e+00
5.039322376251220703e-01,6.860991954803466797e+00
5.316151380538940430e-01,5.870932102203369141e+00
1.953655481338500977e-01,9.024326324462890625e+00
1.223790526390075684e+00,9.683570861816406250e+00
7.929814457893371582e-01,5.465465545654296875e+00
1.489672064781188965e+00,1.357483577728271484e+01
-8.818384259939193726e-03,6.089065074920654297e+00
-2.882880866527557373e-01,3.401768922805786133e+00
7.639433741569519043e-01,1.149443435668945312e+01
1.178435802459716797e+00,9.555008888244628906e+00
3.138475120067596436e-01,8.185645103454589844e+00
1.022360920906066895e-01,4.325604915618896484e+00
-1.258790120482444763e-02,4.626781463623046875e+00
3.211862146854400635e-01,6.234374523162841797e+00
9.708007574081420898e-01,5.245344161987304688e+00
-5.442623496055603027e-01,4.563862800598144531e+00
-2.811018824577331543e-01,6.691495895385742188e+00
5.383515357971191406e-01,1.082755374908447266e+01
1.035748481750488281e+00,7.086744308471679688e+00
-7.940697669982910156e-02,7.416218757629394531e+00
1.523228526115417480e+00,8.666180610656738281e+00
3.256672993302345276e-02,2.553596735000610352e+00
1.079972624778747559e+00,9.953394889831542969e+00
1.189480543136596680e+00,7.882011413574218750e+00
8.183866143226623535e-01,7.310429096221923828e+00
-6.195491552352905273e-01,4.006582260131835938e+00
1.002377033233642578e+00,1.170122051239013672e+01
5.995593667030334473e-01,8.166535377502441406e+00
-5.968205928802490234e-01,3.843938589096069336e+00
-6.971111297607421875e-01,4.667705059051513672e+00
9.567579627037048340e-02,9.601035118103027344e+00
-4.827019572257995605e-01,2.334587335586547852e+00
6.066429615020751953e-01,9.654049873352050781e+00
1.597975611686706543e+00,1.303995227813720703e+01
9.343739151954650879e-01,7.259193420410156250e+00
8.162185549736022949e-01,4.846422195434570312e+00
-1.706153154373168945e-01,8.831666946411132812e+00
4.495990648865699768e-02,6.637193679809570312e+00
1.017561554908752441e+00,1.025895977020263672e+01
1.560515046119689941e+00,1.221565246582031250e+01
5.771175622940063477e-01,9.610048294067382812e+00
2.780079245567321777e-01,1.932098746299743652e+00
3.024109303951263428e-01,8.076979637145996094e+00
6.872549653053283691e-02,7.677985191345214844e+00
1.025771379470825195e+00,1.039689445495605469e+01
1.180513024330139160e+00,9.214513778686523438e+00
1.122144222259521484e+00,9.938576698303222656e+00
9.222016930580139160e-01,5.304150581359863281e+00
1.045133590698242188e+00,9.014922142028808594e+00
8.566088676452636719e-01,7.029415130615234375e+00
7.039570212364196777e-01,5.672858715057373047e+00
9.758979082107543945e-01,5.757206916809082031e+00
1.240998208522796631e-01,7.361124038696289062e+00
4.576401412487030029e-01,8.139725685119628906e+00
1.554321289062500000e+00,1.198755073547363281e+01
1.022408246994018555e+00,7.789772987365722656e+00
3.846534490585327148e-01,7.902267932891845703e+00
1.166810870170593262e+00,7.635759830474853516e+00
7.697493433952331543e-01,5.803113460540771484e+00
1.131481051445007324e+00,9.639773368835449219e+00
1.409993410110473633e+00,1.118337535858154297e+01
1.064764380455017090e+00,9.591486930847167969e+00
1.204333007335662842e-01,6.648728847503662109e+00
2.765388190746307373e-01,6.139882087707519531e+00
-2.462235279381275177e-04,5.197958469390869141e+00
-4.972677826881408691e-01,2.268412351608276367e+00
-2.568510770797729492e-01,5.262655258178710938e+00
1.798558235168457031e+00,1.390257740020751953e+01
7.419155836105346680e-01,8.849688529968261719e+00
5.896895527839660645e-01,7.783041954040527344e+00
3.751166760921478271e-01,6.315862655639648438e+00
-3.123436868190765381e-01,4.823233604431152344e+00
8.954914212226867676e-01,1.117275714874267578e+01
5.754148364067077637e-01,8.102309226989746094e+00
1.639857411384582520e+00,1.233104610443115234e+01
4.349026083946228027e-01,1.102071475982666016e+01
8.879072070121765137e-01,7.259277343750000000e+00
-6.295630335807800293e-02,6.826811790466308594e+00
2.754587829113006592e-01,8.727355957031250000e+00
1.298489093780517578e+00,1.084093284606933594e+01
2.486640810966491699e-01,6.749667644500732422e+00
1.315122723579406738e+00,8.684538841247558594e+00
5.839228034019470215e-01,3.945134878158569336e+00
1.152384996414184570e+00,5.120854377746582031e+00
3.591174483299255371e-01,1.010836029052734375e+01
9.000673294067382812e-01,5.245115756988525391e+00
-6.489750146865844727e-01,4.943318843841552734e+00
6.012641787528991699e-01,5.670563697814941406e+00
7.193933129310607910e-01,7.870271682739257812e+00
-1.985350251197814941e-01,8.645975112915039062e+00
1.215617299079895020e+00,9.587205886840820312e+00
2.654327154159545898e-01,9.134347915649414062e+00
4.143464267253875732e-01,4.769279479980468750e+00
9.804714322090148926e-01,7.518801689147949219e+00
5.695127248764038086e-01,5.717003822326660156e+00
2.416842222213745117e+00,1.535690402984619141e+01
3.563343584537506104e-01,7.477676391601562500e+00
-4.172849953174591064e-01,3.956439256668090820e+00
5.237929821014404297e-01,4.741815090179443359e+00
-4.701796770095825195e-01,2.115765571594238281e+00
7.649498581886291504e-01,7.505244731903076172e+00
1.482233643531799316e+00,1.294910144805908203e+01
3.436146974563598633e-01,5.108560562133789062e+00
-4.429228603839874268e-01,3.171059846878051758e+00
1.048415780067443848e+00,9.076797485351562500e+00
1.115878462791442871e+00,8.424959182739257812e+00
8.674975037574768066e-01,6.367519855499267578e+00
3.845803737640380859e-01,7.076002120971679688e+00
-2.768439054489135742e-01,4.521547317504882812e+00
1.343642711639404297e+00,1.223153972625732422e+01
1.340043902397155762e+00,1.057724857330322266e+01
7.792217731475830078e-01,7.846882820129394531e+00
5.762809514999389648e-01,9.917641639709472656e+00
-2.657436132431030273e-01,6.515446662902832031e+00
6.653149127960205078e-01,9.618277549743652344e+00
1.249819636344909668e+00,8.606352806091308594e+00
5.929877758026123047e-01,7.800324440002441406e+00
5.970609784126281738e-01,6.168016433715820312e+00
-5.775780081748962402e-01,4.761682510375976562e+00
-4.603186249732971191e-01,4.196219444274902344e+00
-4.319392144680023193e-01,2.570984840393066406e+00
3.694519773125648499e-02,6.292454719543457031e+00
-6.584622263908386230e-01,2.629852056503295898e+00
-2.384133040904998779e-01,5.153785228729248047e+00
9.938213229179382324e-01,5.049615859985351562e+00
1.088648438453674316e+00,1.061515808105468750e+01
9.490692615509033203e-02,4.326208114624023438e+00
5.966469645500183105e-01,8.571690559387207031e+00
6.291955113410949707e-01,6.935863494873046875e+00
5.564280152320861816e-01,8.082343101501464844e+00
1.189456582069396973e+00,8.674160003662109375e+00
-3.837032318115234375e-01,2.491988182067871094e+00
1.593101024627685547e-01,7.295813560485839844e+00
1.164516091346740723e+00,8.523503303527832031e+00
5.364878773689270020e-01,6.807135581970214844e+00
6.258335113525390625e-01,8.888701438903808594e+00
5.383551716804504395e-01,6.140104770660400391e+00
8.635795712471008301e-01,6.848577022552490234e+00
-6.232847571372985840e-01,4.240621566772460938e+00
6.330458521842956543e-01,7.408474922180175781e+00
-6.572170853614807129e-01,5.462632179260253906e+00
8.568720817565917969e-01,8.785684585571289062e+00
7.732383012771606445e-01,7.541245460510253906e+00
-1.966364085674285889e-01,6.624792575836181641e+00
1.001972794532775879e+00,1.221442031860351562e+01
7.755320668220520020e-01,9.068703651428222656e+00
2.873525381088256836e+00,1.493919372558593750e+01
4.251959621906280518e-01,3.854867219924926758e+00
-5.648362636566162109e-01,5.644378662109375000e+00
-1.560324057936668396e-02,6.086428642272949219e+00
9.251512289047241211e-01,7.596823215484619141e+00
-1.110624670982360840e-01,5.627492904663085938e+00
-5.906307101249694824e-01,5.078547000885009766e+00
1.132561683654785156e+00,1.164519309997558594e+01
3.687970340251922607e-01,4.806834697723388672e+00
1.040799617767333984e+00,8.058213233947753906e+00
4.318823218345642090e-01,6.235771656036376953e+00
1.018638134002685547e+00,8.458998680114746094e+00
1.761688292026519775e-01,9.318482398986816406e+00
1.001676797866821289e+00,8.969765663146972656e+00
9.836677908897399902e-01,6.879178047180175781e+00
1.595958828926086426e+00,1.210119056701660156e+01
1.013813853263854980e+00,9.342837333679199219e+00
9.152070879936218262e-01,8.705597877502441406e+00
3.421540260314941406e-01,6.831708431243896484e+00
-3.413883745670318604e-01,7.660461425781250000e+00
-4.499569535255432129e-01,3.631387472152709961e+00
3.458327054977416992e-01,4.859663963317871094e+00
-4.026949405670166016e-01,3.474363803863525391e+00
6.104179024696350098e-01,7.021677494049072266e+00
-5.746076703071594238e-01,6.686653137207031250e+00
1.024587035179138184e+00,9.123918533325195312e+00
-5.380193591117858887e-01,1.715241670608520508e+00
-6.387822628021240234e-01,6.127068042755126953e+00
9.258016943931579590e-01,7.367590427398681641e+00
1.622150182723999023e+00,1.367753696441650391e+01
9.323841929435729980e-01,8.748876571655273438e+00
1.072788357734680176e+00,8.535566329956054688e+00
5.519903898239135742e-01,9.705197334289550781e+00
7.148479819297790527e-01,9.341159820556640625e+00
4.055127799510955811e-01,6.140494346618652344e+00
4.899496436119079590e-01,7.122381687164306641e+00
3.609570860862731934e-01,6.893083572387695312e+00
-6.241094470024108887e-01,2.623766422271728516e+00
1.064507484436035156e+00,6.460070610046386719e+00
8.190793395042419434e-01,6.688177585601806641e+00
6.069451570510864258e-01,5.783244609832763672e+00
6.580374836921691895e-01,4.282806873321533203e+00
1.718341708183288574e+00,1.392913436889648438e+01
-3.965459465980529785e-01,5.563282012939453125e+00
9.472841620445251465e-01,7.851108074188232422e+00
6.935720443725585938e-01,9.968441963195800781e+00
1.114573717117309570e+00,1.322248077392578125e+01
2.910754978656768799e-01,3.140409231185913086e+00
1.251888632774353027e+00,9.307887077331542969e+00
6.466763615608215332e-01,6.048499107360839844e+00
1.175252914428710938e+00,1.008026981353759766e+01
-7.093305587768554688e-01,3.362336874008178711e+00
9.969061017036437988e-01,5.815891265869140625e+00
1.073846697807312012e+00,7.386132240295410156e+00
2.691235244274139404e-01,4.101571559906005859e+00
2.457988560199737549e-01,4.743340969085693359e+00
1.000514864921569824e+00,1.118802356719970703e+01
-3.861129283905029297e-01,4.480441093444824219e+00
4.092705622315406799e-02,7.972992897033691406e+00
1.145050287246704102e+00,9.288016319274902344e+00
-9.178385138511657715e-01,2.821106910705566406e+00
7.013180851936340332e-01,5.676052093505859375e+00
9.030566811561584473e-01,7.889566421508789062e+00
1.378209590911865234e+00,1.173820781707763672e+01
-8.731045722961425781e-01,2.646479606628417969e+00
8.670148849487304688e-01,9.100104331970214844e+00
-6.736363768577575684e-01,4.622392654418945312e+00
3.217901587486267090e-01,5.149969100952148438e+00
9.409178495407104492e-01,7.515810012817382812e+00
4.757352173328399658e-01,6.278213500976562500e+00
9.953046441078186035e-01,8.499466896057128906e+00
9.187557101249694824e-01,9.698372840881347656e+00
5.230249762535095215e-01,5.651275634765625000e+00
1.289217174053192139e-01,1.011999797821044922e+01
4.942857921123504639e-01,8.489398002624511719e+00
4.480921030044555664e-01,9.155924797058105469e+00
-3.681854307651519775e-01,5.731073379516601562e+00
1.052116990089416504e+00,8.327123641967773438e+00
4.768740534782409668e-01,8.345692634582519531e+00
3.028430044651031494e-01,4.184020996093750000e+00
-6.307321786880493164e-02,5.976984500885009766e+00
1.629139184951782227e-01,3.307130813598632812e+00
-2.521855235099792480e-01,1.383190274238586426e+00
1.014590024948120117e+00,8.980178833007812500e+00
-1.485713720321655273e-01,6.646253585815429688e+00
4.975194334983825684e-01,8.327332496643066406e+00
6.859653592109680176e-01,6.047882556915283203e+00
2.078268289566040039e+00,1.399769592285156250e+01
8.402526974678039551e-01,8.242377281188964844e+00
4.110235571861267090e-01,8.235236167907714844e+00
6.927372217178344727e-01,6.489480018615722656e+00
-8.303136229515075684e-01,3.369302988052368164e+00
-5.604429841041564941e-01,5.269501686096191406e+00
6.254943013191223145e-01,7.858287811279296875e+00
4.334629774093627930e-01,6.087950706481933594e+00
1.689378380775451660e+00,1.214943218231201172e+01
2.555582821369171143e-01,6.673301696777343750e+00
2.390100359916687012e-01,3.195710182189941406e+00
5.564387440681457520e-01,7.873932361602783203e+00
8.445056676864624023e-01,8.770613670349121094e+00
6.712293624877929688e-02,3.012732267379760742e+00
-4.789894446730613708e-02,4.498836517333984375e+00
-3.225870728492736816e-01,7.547894954681396484e+00
-2.580916881561279297e-01,7.313005447387695312e+00
1.561405062675476074e+00,1.155676174163818359e+01
6.040458679199218750e-01,5.486802101135253906e+00
7.709348201751708984e-02,6.592097282409667969e+00
5.370466113090515137e-01,8.792439460754394531e+00
9.493929743766784668e-01,7.991940021514892578e+00
1.648315072059631348e+00,1.144653987884521484e+01
1.277159333229064941e+00,1.010250854492187500e+01
9.005635380744934082e-01,8.242378234863281250e+00
1.664844393730163574e+00,1.117486286163330078e+01
1.045111101120710373e-03,5.634426116943359375e+00
5.698943734169006348e-01,5.738890647888183594e+00
2.902216017246246338e-01,6.248710632324218750e+00
-3.349010348320007324e-01,1.036416530609130859e+00
7.934706807136535645e-01,6.763146400451660156e+00
2.884519472718238831e-02,3.658942461013793945e+00
7.971051335334777832e-01,8.982234954833984375e+00
8.092443346977233887e-01,9.587018013000488281e+00
-8.080202341079711914e-02,5.339931488037109375e+00
1.113481044769287109e+00,7.921303272247314453e+00
1.921648383140563965e-01,4.714316368103027344e+00
1.014940142631530762e+00,6.108733654022216797e+00
9.371004700660705566e-01,1.121045398712158203e+01
1.201930880546569824e+00,1.096168041229248047e+01
8.785988092422485352e-01,6.120275497436523438e+00
1.916372537612915039e+00,1.318051719665527344e+01
1.124895811080932617e+00,7.185206890106201172e+00
1.119878888130187988e+00,4.805204391479492188e+00
1.273638367652893066e+00,1.032972717285156250e+01
5.030433535575866699e-01,8.038697242736816406e+00
3.484182059764862061e-01,2.620899915695190430e+00
1.806739568710327148e+00,1.270731067657470703e+01
-9.577639698982238770e-01,2.572759389877319336e+00
2.219997167587280273e+00,1.422834682464599609e+01
1.385727763175964355e+00,9.432410240173339844e+00
-5.384553670883178711e-01,5.710512638092041016e+00
7.052844166755676270e-01,9.713500022888183594e+00
1.310322403907775879e+00,1.047053813934326172e+01
7.757117152214050293e-01,7.490014553070068359e+00
8.191771507263183594e-01,8.498516082763671875e+00
1.090600132942199707e+00,1.024339580535888672e+01
9.911292195320129395e-01,8.962737083435058594e+00
1.069587826728820801e+00,1.036770153045654297e+01
-5.865969061851501465e-01,6.530216217041015625e+00
6.005766987800598145e-01,7.116855144500732422e+00
3.132842779159545898e-01,8.369426727294921875e+00
5.917046666145324707e-01,8.586290359497070312e+00
4.881466627120971680e-01,6.820207118988037109e+00
9.747908711433410645e-01,9.531092643737792969e+00
1.193336129188537598e+00,8.302123069763183594e+00
-4.052024483680725098e-01,5.551517963409423828e+00
-1.636200547218322754e-01,5.656736850738525391e+00
9.885841012001037598e-01,7.402360439300537109e+00
1.281545519828796387e+00,9.292836189270019531e+00
1.069746971130371094e+00,8.643456459045410156e+00
8.861698508262634277e-01,7.796141624450683594e+00
-8.202528357505798340e-01,3.618345975875854492e+00
1.929426789283752441e+00,1.123861122131347656e+01
-7.312524914741516113e-01,3.098067045211791992e+00
9.861077666282653809e-01,1.075636196136474609e+01
2.783176004886627197e-01,3.700791597366333008e+00
-7.099881768226623535e-01,2.571932077407836914e+00
-3.202635049819946289e-01,6.820594310760498047e+00
9.169475436210632324e-01,9.765370368957519531e+00
9.518141150474548340e-01,6.957537651062011719e+00
-2.902126014232635498e-01,8.377137184143066406e+00
4.012889564037322998e-01,3.688106536865234375e+00
1.190523266792297363e+00,1.102269077301025391e+01
7.868655323982238770e-01,5.536167144775390625e+00
-1.446314454078674316e-01,3.422652721405029297e+00
8.081501126289367676e-01,1.056898593902587891e+01
1.162879109382629395e+00,1.234687805175781250e+01
-4.854221045970916748e-01,8.381054878234863281e+00
5.298007726669311523e-01,1.022175598144531250e+01
7.757399678230285645e-01,5.946432590484619141e+00
4.369196891784667969e-01,3.877714395523071289e+00
4.390912652015686035e-01,8.353986740112304688e+00
6.131030321121215820e-01,6.515993595123291016e+00
-3.399666845798492432e-01,2.637877702713012695e+00
7.226571440696716309e-01,7.707310676574707031e+00
1.790649533271789551e+00,1.501476383209228516e+01
4.811891913414001465e-01,1.029562664031982422e+01
-6.515055894851684570e-02,3.414103269577026367e+00
1.210832238197326660e+00,1.179202651977539062e+01
7.913314700126647949e-01,5.266815185546875000e+00
2.433147728443145752e-01,4.310765266418457031e+00
4.632517099380493164e-01,9.322885513305664062e+00
-6.274417042732238770e-01,2.869177579879760742e+00
4.175416827201843262e-01,4.679016590118408203e+00
8.173424601554870605e-01,8.684609413146972656e+00
4.632085561752319336e-01,6.895535945892333984e+00
-3.060446977615356445e-01,5.360651016235351562e+00
5.356329679489135742e-01,4.732747554779052734e+00
6.287873387336730957e-01,7.344096183776855469e+00
1.112569928169250488e+00,1.065656375885009766e+01
9.353943467140197754e-01,7.097127914428710938e+00
8.829246163368225098e-01,8.338141441345214844e+00
6.632362008094787598e-01,8.182311058044433594e+00
-3.976927399635314941e-01,4.284476280212402344e+00
1.242241024971008301e+00,1.119787693023681641e+01
-1.069104671478271484e-01,3.761605501174926758e+00
6.830259561538696289e-01,6.572799682617187500e+00
-4.162706136703491211e-01,2.087223768234252930e+00
1.026689767837524414e+00,7.193134307861328125e+00
1.331000626087188721e-01,7.716797828674316406e+00
8.032184839248657227e-02,4.570524215698242188e+00
1.196329891681671143e-01,7.622950553894042969e+00
4.254392683506011963e-01,7.022530555725097656e+00
-8.120113015174865723e-01,3.434537410736083984e+00
1.655719280242919922e-01,5.738987445831298828e+00
1.023047327995300293e+00,6.169657707214355469e+00
5.474655032157897949e-01,6.198532104492187500e+00
1.256693959236145020e+00,9.108012199401855469e+00
1.205235838890075684e+00,1.016830062866210938e+01
9.845369458198547363e-01,9.243412971496582031e+00
1.117621898651123047e+00,1.009768009185791016e+01
9.103372097015380859e-01,7.743245124816894531e+00
6.127688884735107422e-01,1.055527496337890625e+01
8.394545912742614746e-01,8.139389991760253906e+00
1.301555275917053223e+00,1.086143207550048828e+01
3.519752621650695801e-01,7.674686431884765625e+00
1.181138515472412109e+00,9.682654380798339844e+00
1.145614385604858398e-01,2.853854417800903320e+00
9.983165264129638672e-01,7.040246009826660156e+00
1.119959473609924316e+00,1.242198181152343750e+01
-4.134819507598876953e-01,7.460300922393798828e+00
3.346354141831398010e-02,4.250825405120849609e+00
6.552875638008117676e-01,9.846871376037597656e+00
5.602776408195495605e-01,5.686373710632324219e+00
1.157821059226989746e+00,9.134552955627441406e+00
1.058929681777954102e+00,9.639055252075195312e+00
9.461374878883361816e-01,2.634708166122436523e+00
1.216209173202514648e+00,7.101191997528076172e+00
-5.689657330513000488e-01,5.117368698120117188e+00
3.255935609340667725e-01,4.138809680938720703e+00
1.898646056652069092e-01,7.139954566955566406e+00
1.984111666679382324e-01,4.954467773437500000e+00
9.207085967063903809e-01,8.121423721313476562e+00
1.169309496879577637e+00,1.173179721832275391e+01
1.092526555061340332e+00,7.256516933441162109e+00
6.017920374870300293e-01,6.500421524047851562e+00
1.095328688621520996e+00,9.939182281494140625e+00
5.558632612228393555e-01,9.224845886230468750e+00
1.096458792686462402e+00,9.092169761657714844e+00
4.536350071430206299e-01,1.053526973724365234e+01
-2.946259379386901855e-01,3.664772748947143555e+00
6.267700195312500000e-01,7.012241363525390625e+00
1.353514671325683594e+00,1.144201183319091797e+01
-3.123267590999603271e-01,3.742003917694091797e+00
1.582087874412536621e-01,6.664823055267333984e+00
9.014847278594970703e-01,6.202033996582031250e+00
-1.242250800132751465e-01,4.833641529083251953e+00
-3.973227366805076599e-02,3.936788797378540039e+00
2.890403866767883301e-01,4.032851696014404297e+00
5.260156989097595215e-01,9.380832672119140625e+00
7.550716996192932129e-01,9.089053153991699219e+00
-3.119560778141021729e-01,5.657369613647460938e+00
7.716462016105651855e-01,8.066149711608886719e+00
1.155508399009704590e+00,9.894352912902832031e+00
7.065151929855346680e-01,4.717718601226806641e+00
-2.148869633674621582e-01,5.114363670349121094e+00
2.309454381465911865e-01,6.524130344390869141e+00
5.408973097801208496e-01,1.015487003326416016e+01
9.615512490272521973e-01,1.164338970184326172e+01
1.484321713447570801e+00,1.194886493682861328e+01
6.525996327400207520e-01,5.821365356445312500e+00
1.091817259788513184e+00,9.395279884338378906e+00
1.359005212783813477e+00,1.189811611175537109e+01
-6.656423211097717285e-01,2.419236898422241211e+00
-1.092227101325988770e-01,4.164063930511474609e+00
1.235124111175537109e+00,8.207570075988769531e+00
8.649306893348693848e-01,1.140984821319580078e+01
2.224875092506408691e-01,5.147438049316406250e+00
-6.989730596542358398e-01,6.495296478271484375e+00
5.610554814338684082e-01,5.255846977233886719e+00
-3.856370747089385986e-01,1.679979085922241211e+00
6.480485796928405762e-01,5.089276790618896484e+00
3.411398530006408691e-01,3.823463678359985352e+00
1.065991997718811035e+00,8.942567825317382812e+00
8.999124169349670410e-01,7.278017997741699219e+00
-5.576281547546386719e-01,3.911492109298706055e+00
3.238820135593414307e-01,3.092197656631469727e+00
9.711830019950866699e-01,7.722128391265869141e+00
1.040374040603637695e-01,3.169029951095581055e+00
1.293147683143615723e+00,1.015711212158203125e+01
3.106168210506439209e-01,8.543295860290527344e+00
-7.621788978576660156e-01,5.486997604370117188e+00
9.251897931098937988e-01,5.934539318084716797e+00
1.137695312500000000e+00,8.645859718322753906e+00
9.502907395362854004e-01,7.480582714080810547e+00
1.135113000869750977e+00,7.008917808532714844e+00
5.102797150611877441e-01,4.648435592651367188e+00
1.568569540977478027e+00,1.021370220184326172e+01
1.204126477241516113e+00,1.064776611328125000e+01
7.161666154861450195e-01,6.231269836425781250e+00
1.456704497337341309e+00,1.302998447418212891e+01
6.940022110939025879e-01,6.756804943084716797e+00
-2.123970985412597656e-01,2.524567842483520508e+00
8.753166198730468750e-01,9.536172866821289062e+00
2.781489193439483643e-01,8.373763084411621094e+00
1.279339194297790527e+00,6.089022159576416016e+00
-2.796172723174095154e-02,6.386492729187011719e+00
4.644649326801300049e-01,7.830590248107910156e+00
1.092518210411071777e+00,7.923837661743164062e+00
6.742402315139770508e-01,9.311136245727539062e+00
-4.180870056152343750e-01,5.894182205200195312e+00
-3.302189111709594727e-01,5.908322334289550781e+00
1.073215246200561523e+00,9.543993949890136719e+00
9.991219043731689453e-01,8.827504158020019531e+00
5.359119549393653870e-02,4.212961196899414062e+00
6.181477904319763184e-01,7.401741504669189453e+00
9.724501967430114746e-01,6.771239280700683594e+00
1.356094002723693848e+00,5.952746391296386719e+00
1.001110196113586426e+00,7.150822162628173828e+00
1.053090333938598633e+00,5.871348381042480469e+00
9.262961745262145996e-01,8.123913764953613281e+00
-3.229160308837890625e-01,4.336094856262207031e+00
4.715317860245704651e-02,6.743483066558837891e+00
7.114607691764831543e-01,8.051466941833496094e+00
7.931965589523315430e-02,3.949975490570068359e+00
1.132060289382934570e-01,3.866464376449584961e+00
-6.615119576454162598e-01,5.181334018707275391e+00
1.050082087516784668e+00,8.444568634033203125e+00
-7.620971798896789551e-01,3.586383104324340820e+00
2.171703577041625977e-01,8.755411148071289062e+00
1.078944325447082520e+00,6.071328163146972656e+00
9.608172178268432617e-01,1.132462787628173828e+01
-4.169517382979393005e-02,6.158999443054199219e+00
1.060099244117736816e+00,5.800589561462402344e+00
9.514651298522949219e-01,9.068565368652343750e+00
2.507597580552101135e-02,5.333621501922607422e+00
9.766763448715209961e-01,6.766615390777587891e+00
1.311381101608276367e+00,1.141532039642333984e+01
1.671631336212158203e-01,9.413897514343261719e+00
1.666611313819885254e+00,1.306372261047363281e+01
2.368932664394378662e-01,6.086421966552734375e+00
1.870132088661193848e-01,8.977370262145996094e+00
7.611641287803649902e-02,8.646860122680664062e+00
1.468425393104553223e-01,3.922031641006469727e+00
5.902815461158752441e-01,5.749174118041992188e+00
1.854469180107116699e+00,1.178024005889892578e+01
2.082543611526489258e+00,1.353546810150146484e+01
-5.674811005592346191e-01,5.820369720458984375e+00
1.111926674842834473e+00,9.405629158020019531e+00
8.308679461479187012e-01,8.537564277648925781e+00
1.239495158195495605e+00,1.032516002655029297e+01
6.974653601646423340e-01,7.714859008789062500e+00
1.217366099357604980e+00,1.022688388824462891e+01
9.632665514945983887e-01,8.321215629577636719e+00
7.326768040657043457e-01,5.995666027069091797e+00
4.909004569053649902e-01,4.516668319702148438e+00
-3.234920203685760498e-01,7.337872505187988281e+00
4.152848124504089355e-01,5.767479896545410156e+00
-5.065094828605651855e-01,2.360946893692016602e+00
3.241737484931945801e-01,4.753859519958496094e+00
8.947537541389465332e-01,9.105362892150878906e+00
4.835706949234008789e-01,3.077207803726196289e+00
8.964642882347106934e-01,8.719659805297851562e+00
8.113417029380798340e-01,7.846545219421386719e+00
-4.298876523971557617e-01,1.687117218971252441e+00
6.335271000862121582e-01,9.349186897277832031e+00
2.103062868118286133e+00,1.408051395416259766e+01
-5.301750302314758301e-01,5.133335113525390625e+00
-1.139297187328338623e-01,6.446886062622070312e+00
2.773584425449371338e-01,5.213208675384521484e+00
8.035544753074645996e-01,9.722926139831542969e+00
2.929750978946685791e-01,4.320932865142822266e+00
-3.253418803215026855e-01,3.268118619918823242e+00
-6.838901042938232422e-01,3.836033582687377930e+00
4.158201515674591064e-01,6.114332199096679688e+00
-8.059281706809997559e-01,1.480081915855407715e+00
-4.194436073303222656e-01,4.263633251190185547e+00
-2.978354692459106445e-01,3.790234088897705078e+00
1.187721967697143555e+00,5.648623466491699219e+00
-1.719456911087036133e-01,5.856472015380859375e+00
-1.901892721652984619e-01,6.200476169586181641e+00
3.573752343654632568e-01,8.109344482421875000e+00
-8.172941803932189941e-01,1.924708366394042969e+00
1.017284393310546875e+00,6.140360832214355469e+00
1.565217375755310059e-01,7.585802078247070312e+00
-1.331778466701507568e-01,6.191190719604492188e+00
-1.131611466407775879e-01,3.973551034927368164e+00
1.261584758758544922e+00,9.767707824707031250e+00
7.141306996345520020e-02,6.297617912292480469e+00
-4.779755696654319763e-02,6.479631423950195312e+00
1.146581530570983887e+00,1.036398029327392578e+01
1.018666744232177734e+00,1.075397014617919922e+01
5.563699603080749512e-01,7.724821090698242188e+00
-5.150997042655944824e-01,5.473486423492431641e+00
5.312976241111755371e-01,3.546844482421875000e+00
5.691763162612915039e-01,6.373710632324218750e+00
1.054325699806213379e+00,5.851665496826171875e+00
1.500606894493103027e+00,1.328502845764160156e+01
-5.304664373397827148e-01,6.467947006225585938e+00
2.692659795284271240e-01,6.281602859497070312e+00
1.598162651062011719e-01,4.963439941406250000e+00
3.646064400672912598e-01,8.883262634277343750e+00
1.753177762031555176e+00,1.410460758209228516e+01
-2.223875820636749268e-01,7.617888927459716797e+00
4.886788725852966309e-01,6.490168571472167969e+00
9.953846335411071777e-01,1.085965824127197266e+01
8.236677646636962891e-01,8.876602172851562500e+00
-2.173490524291992188e-01,4.602889060974121094e+00
9.196919202804565430e-01,9.943018913269042969e+00
3.937586545944213867e-01,1.003818893432617188e+01
-7.414561510086059570e-02,5.415052890777587891e+00
6.241216063499450684e-01,4.102563858032226562e+00
6.713039278984069824e-01,5.605113506317138672e+00
1.700027585029602051e-01,7.841107368469238281e+00
5.678715705871582031e-01,8.841341972351074219e+00
7.270587086677551270e-01,6.290389060974121094e+00
5.673628449440002441e-01,6.577862739562988281e+00
-7.169132828712463379e-01,3.723443746566772461e+00
8.463836312294006348e-01,9.429081916809082031e+00
-4.805620312690734863e-01,5.633128166198730469e+00
7.761607766151428223e-01,6.434323310852050781e+00
5.023317337036132812e-01,5.332120895385742188e+00
3.932640552520751953e-01,8.686743736267089844e+00
1.443391203880310059e+00,1.303453540802001953e+01
9.808121323585510254e-01,1.078863525390625000e+01
1.100721001625061035e+00,6.277325630187988281e+00
-4.384968876838684082e-01,3.176494836807250977e+00
-8.727151155471801758e-02,5.007038116455078125e+00
-3.364941179752349854e-01,2.775257587432861328e+00
1.105685710906982422e+00,8.488781929016113281e+00
7.684500813484191895e-01,8.512658119201660156e+00
1.660757184028625488e+00,1.334123134613037109e+01
3.450593948364257812e-01,4.504238128662109375e+00
1.029291749000549316e+00,7.862183570861816406e+00
1.037036418914794922e+00,8.662919998168945312e+00
1.346482992172241211e+00,1.111725711822509766e+01
6.693523526191711426e-01,8.882961273193359375e+00
5.607268810272216797e-01,6.402215957641601562e+00
-2.188890278339385986e-01,5.737319469451904297e+00
9.384268522262573242e-01,5.938686370849609375e+00
9.507228732109069824e-01,8.017091751098632812e+00
1.000076293945312500e+00,8.661183357238769531e+00
1.473814129829406738e+00,1.230152606964111328e+01
1.530011534690856934e+00,1.272353458404541016e+01
8.669185638427734375e-01,5.891598224639892578e+00
-4.142888188362121582e-01,4.370862007141113281e+00
7.268871665000915527e-01,8.618553161621093750e+00
1.807112336158752441e+00,1.481691455841064453e+01
1.203421592712402344e+00,1.000080871582031250e+01
1.037221074104309082e+00,9.361043930053710938e+00
7.654090523719787598e-01,7.144793033599853516e+00
2.060237228870391846e-01,4.095995903015136719e+00
6.660939455032348633e-01,7.650970935821533203e+00
1.239216446876525879e+00,1.252090549468994141e+01
2.242075204849243164e+00,1.501109504699707031e+01
2.861243963241577148e+00,1.590161132812500000e+01
5.628380551934242249e-02,6.099209308624267578e+00
1.331286549568176270e+00,8.483323097229003906e+00
7.152357101440429688e-01,6.367067337036132812e+00
-5.724864825606346130e-02,4.508398056030273438e+00
1.808303594589233398e-01,5.279130935668945312e+00
1.039683103561401367e+00,9.044471740722656250e+00
1.615713596343994141e+00,1.266729068756103516e+01
5.039684772491455078e-01,6.236248970031738281e+00
8.929623961448669434e-01,8.263247489929199219e+00
2.450315654277801514e-01,6.976092338562011719e+00
1.130278944969177246e+00,8.851793289184570312e+00
9.277381300926208496e-01,7.764200687408447266e+00
9.663575291633605957e-01,6.751124382019042969e+00
1.471241712570190430e-01,7.797789573669433594e+00
1.269300103187561035e+00,1.186293411254882812e+01
1.390451073646545410e+00,1.336626338958740234e+01
1.214042305946350098e-01,3.943854808807373047e+00
8.424482941627502441e-01,9.379895210266113281e+00
1.784755587577819824e+00,1.159832286834716797e+01
9.062727093696594238e-01,6.714112758636474609e+00
1.081244468688964844e+00,7.647847175598144531e+00
1.768868088722229004e+00,1.417257595062255859e+01
1.972312331199645996e+00,1.452427768707275391e+01
1.013690114021301270e+00,8.832074165344238281e+00
2.220947742462158203e+00,1.534661006927490234e+01
3.216805756092071533e-01,8.327538490295410156e+00
-1.913799345493316650e-01,5.483836174011230469e+00
9.445975422859191895e-01,1.019805812835693359e+01
8.613688349723815918e-01,8.714983940124511719e+00
1.359216272830963135e-01,6.898829936981201172e+00
1.257243990898132324e+00,1.039867115020751953e+01
-4.972615838050842285e-01,5.863548278808593750e+00
1.262346506118774414e+00,9.168744087219238281e+00
1.254166007041931152e+00,1.012322998046875000e+01
-5.080857872962951660e-01,8.568697929382324219e+00
2.412036180496215820e+00,1.537444114685058594e+01
1.203107714653015137e+00,9.736918449401855469e+00
1.407330632209777832e+00,6.922061920166015625e+00
2.344701766967773438e+00,1.562850666046142578e+01
3.906441107392311096e-02,6.316722869873046875e+00
-6.125021576881408691e-01,5.489166736602783203e+00
8.200228214263916016e-01,7.472473621368408203e+00
-1.996848583221435547e-01,5.300878524780273438e+00
3.134091794490814209e-01,5.886039257049560547e+00
7.480491399765014648e-01,5.397742748260498047e+00
7.268268465995788574e-01,8.496465682983398438e+00
-3.035092949867248535e-01,6.369637489318847656e+00
1.248569488525390625e-01,2.464107275009155273e+00
4.438526928424835205e-01,5.215753555297851562e+00
1.145290732383728027e+00,1.277874279022216797e+01
7.485111355781555176e-01,1.128244209289550781e+01
9.779034256935119629e-01,8.558152198791503906e+00
-9.006124734878540039e-02,7.686609268188476562e+00
1.500872731208801270e+00,1.169724941253662109e+01
8.794759511947631836e-01,8.663376808166503906e+00
1.661952733993530273e-01,4.021115303039550781e+00
-6.161930561065673828e-01,1.197449803352355957e+00
5.706851482391357422e-01,7.231163024902343750e+00
7.725846171379089355e-01,6.483115673065185547e+00
3.421588242053985596e-01,7.273222923278808594e+00
8.988587856292724609e-01,5.896424293518066406e+00
-2.775509357452392578e-01,3.547871589660644531e+00
1.141097784042358398e+00,8.220235824584960938e+00
-7.738822102546691895e-01,4.711840629577636719e+00
6.531168222427368164e-01,6.526707649230957031e+00
7.060759067535400391e-01,4.456027030944824219e+00
-1.185563802719116211e-01,2.261975288391113281e+00
-2.427514195442199707e-01,5.184824943542480469e+00
9.587578177452087402e-01,7.396184921264648438e+00
5.016180276870727539e-01,7.974505901336669922e+00
1.710111498832702637e-01,3.400598287582397461e+00
2.364427745342254639e-01,6.835358619689941406e+00
-5.481580495834350586e-01,4.885630607604980469e+00
5.325060486793518066e-01,5.933836936950683594e+00
5.166703835129737854e-02,5.222490310668945312e+00
5.782545804977416992e-01,6.167189598083496094e+00
1.779004931449890137e+00,1.188948535919189453e+01
9.180328845977783203e-01,8.605381965637207031e+00
5.250955820083618164e-01,2.186637163162231445e+00
1.141638636589050293e+00,9.014794349670410156e+00
-7.026706337928771973e-01,6.747544407844543457e-01
1.792490959167480469e+00,1.209069442749023438e+01
-6.100824475288391113e-01,9.522901535034179688e+00
5.639591813087463379e-01,1.005857276916503906e+01
1.113283514976501465e+00,6.216080665588378906e+00
9.189826846122741699e-01,7.160771846771240234e+00
5.313846468925476074e-01,6.847270965576171875e+00
1.305041193962097168e+00,1.057830524444580078e+01
6.654689311981201172e-01,8.214239120483398438e+00
1.957490563392639160e+00,1.439704036712646484e+01
6.015641093254089355e-01,6.689348220825195312e+00
-4.751339554786682129e-01,4.418699264526367188e+00
7.313495278358459473e-01,7.134841442108154297e+00
-1.150782108306884766e-01,3.659204483032226562e+00
1.027137398719787598e+00,6.291208267211914062e+00
3.539611101150512695e-01,8.353054046630859375e+00
7.819264531135559082e-01,4.424329757690429688e+00
1.240265965461730957e-01,3.786408185958862305e+00
9.343871474266052246e-02,7.840885639190673828e+00
7.121525406837463379e-01,6.752583026885986328e+00
9.064698815345764160e-01,7.495717525482177734e+00
4.486909508705139160e-01,6.870978832244873047e+00
9.610333442687988281e-01,6.855809688568115234e+00
8.889764547348022461e-01,8.514052391052246094e+00
1.503714442253112793e+00,1.216635799407958984e+01
3.888440504670143127e-02,4.635331153869628906e+00
1.212643980979919434e+00,9.572592735290527344e+00
9.414011836051940918e-01,7.968413352966308594e+00
3.809157609939575195e-01,9.095626831054687500e+00
5.685283541679382324e-01,4.292670249938964844e+00
1.081987619400024414e+00,9.402180671691894531e+00
7.878049612045288086e-01,8.622433662414550781e+00
1.298847913742065430e+00,8.680793762207031250e+00
-9.441852569580078125e-02,5.212122440338134766e+00
4.430540800094604492e-01,6.509001731872558594e+00
-7.284051775932312012e-01,1.877503514289855957e+00
1.015796780586242676e+00,9.792738914489746094e+00
1.090418696403503418e+00,8.845454216003417969e+00
1.931176185607910156e-01,2.123992681503295898e+00
4.766708612442016602e-01,5.112279891967773438e+00
2.758134305477142334e-01,7.108413696289062500e+00
-9.123086929321289062e-01,7.323538780212402344e+00
1.273683071136474609e+00,9.295539855957031250e+00
6.719185709953308105e-01,9.617069244384765625e+00
1.026630520820617676e+00,1.046658611297607422e+01
-8.555066585540771484e-02,5.745216846466064453e+00
6.686003804206848145e-01,7.900424003601074219e+00
3.942688703536987305e-01,7.699597358703613281e+00
5.937332287430763245e-02,4.617481708526611328e+00
2.138523817062377930e+00,1.407282924652099609e+01
9.626889824867248535e-01,7.063883781433105469e+00
9.400978684425354004e-01,9.538146972656250000e+00
9.143545031547546387e-01,8.977131843566894531e+00
-5.316459760069847107e-02,8.292652130126953125e+00
-6.287809014320373535e-01,1.946970075368881226e-01
-3.103671669960021973e-01,3.766745328903198242e+00
5.919920206069946289e-01,5.163115024566650391e+00
6.833503246307373047e-01,6.592286109924316406e+00
9.715115427970886230e-01,1.151763629913330078e+01
7.002296447753906250e-01,8.777747154235839844e+00
-2.715089619159698486e-01,5.469483375549316406e+00
1.157987713813781738e-01,3.969356298446655273e+00
1.091159462928771973e+00,9.828495979309082031e+00
3.617949783802032471e-01,4.043330192565917969e+00
1.765552442520856857e-03,3.838965892791748047e+00
3.172517195343971252e-02,3.706834793090820312e+00
8.205857872962951660e-01,8.921751976013183594e+00
1.753944754600524902e+00,1.390322399139404297e+01
-6.792235970497131348e-01,4.196000099182128906e+00
1.347129344940185547e+00,1.212786960601806641e+01
4.271551966667175293e-01,4.650339603424072266e+00
1.075914382934570312e+00,9.362625122070312500e+00
-7.937011718750000000e-01,3.397063493728637695e+00
5.882229208946228027e-01,6.053516387939453125e+00
8.942377567291259766e-01,1.042024230957031250e+01
3.595590591430664062e-01,4.388600349426269531e+00
1.175271868705749512e+00,6.811888694763183594e+00
1.211246609687805176e+00,9.740125656127929688e+00
1.161657691001892090e+00,9.090400695800781250e+00
1.176859736442565918e+00,1.017727184295654297e+01
2.195793688297271729e-01,7.033431053161621094e+00
5.256315469741821289e-01,4.232454776763916016e+00
1.339622855186462402e+00,9.493523597717285156e+00
4.183916747570037842e-01,4.228530883789062500e+00
-2.996350526809692383e-01,4.425561904907226562e+00
4.329544305801391602e-01,8.306777000427246094e+00
5.887435674667358398e-01,6.857066154479980469e+00
4.941394031047821045e-01,8.387322425842285156e+00
2.053002119064331055e-01,5.169636726379394531e+00
6.981984972953796387e-01,5.028247356414794922e+00
9.968696236610412598e-01,1.018060874938964844e+01
2.019297480583190918e-01,6.848746299743652344e+00
8.694073557853698730e-01,9.590348243713378906e+00
1.098790526390075684e+00,1.049096584320068359e+01
-1.500495374202728271e-01,5.582104682922363281e+00
9.049590826034545898e-01,9.985974311828613281e+00
4.967725574970245361e-01,6.731477737426757812e+00
2.284744501113891602e+00,1.465748596191406250e+01
4.835069775581359863e-01,1.083038806915283203e+01
7.120965719223022461e-01,8.534007072448730469e+00
6.323803067207336426e-01,5.911520004272460938e+00
1.077064871788024902e-01,5.491703987121582031e+00
9.948676228523254395e-01,8.798585891723632812e+00
5.467531681060791016e-01,7.518228530883789062e+00
4.524982869625091553e-01,4.374125480651855469e+00
6.825451254844665527e-01,6.363779067993164062e+00
6.159804463386535645e-01,6.781494617462158203e+00
9.000356197357177734e-01,8.943860054016113281e+00
-2.236523032188415527e-01,6.082036018371582031e+00
3.894302248954772949e-01,6.511141300201416016e+00
6.486308574676513672e-02,6.919597625732421875e+00
9.915792346000671387e-01,8.018397331237792969e+00
4.369699060916900635e-01,2.811474800109863281e+00
8.319690823554992676e-01,9.200764656066894531e+00
6.879625916481018066e-01,7.183332920074462891e+00
1.322647690773010254e+00,7.533834934234619141e+00
-2.044481635093688965e-01,5.047166824340820312e+00
-7.637709975242614746e-01,3.448327481746673584e-01
1.580864787101745605e-01,4.978244304656982422e+00
7.879258990287780762e-01,6.413165092468261719e+00
1.278020739555358887e-01,5.343890666961669922e+00
-4.847699031233787537e-02,5.543529987335205078e+00
9.748842120170593262e-01,9.756962776184082031e+00
1.370322942733764648e+00,7.805919647216796875e+00
-5.439255833625793457e-01,3.881556272506713867e+00
-4.217296540737152100e-01,3.174098253250122070e+00
1.138329029083251953e+00,8.454894065856933594e+00
-1.827686429023742676e-01,3.546797513961791992e+00
5.744512677192687988e-01,5.051413536071777344e+00
1.295815110206604004e+00,1.032659244537353516e+01
3.017121255397796631e-01,7.548576354980468750e+00
1.125099539756774902e+00,1.272412776947021484e+01
5.058614611625671387e-01,7.080995559692382812e+00
1.216300725936889648e+00,1.117150211334228516e+01
6.122205257415771484e-01,6.968466281890869141e+00
5.072405934333801270e-01,7.902513504028320312e+00
1.019345521926879883e+00,1.098666286468505859e+01
3.966522216796875000e-01,4.943884849548339844e+00
1.060314536094665527e+00,7.531671524047851562e+00
1.183486580848693848e+00,6.612326622009277344e+00
1.431197524070739746e-01,5.230072975158691406e+00
8.494100570678710938e-01,1.096045780181884766e+01
7.242954373359680176e-01,8.574145317077636719e+00
-3.162818551063537598e-01,3.377533197402954102e+00
5.036484003067016602e-01,7.517532348632812500e+00
6.761433482170104980e-01,4.991646289825439453e+00
-4.213814735412597656e-01,3.861039400100708008e+00
5.059002637863159180e-01,6.636287689208984375e+00
2.347618818283081055e+00,1.399683570861816406e+01
6.717762351036071777e-01,6.828159809112548828e+00
2.421886324882507324e-01,4.015908718109130859e+00
1.816572546958923340e-01,5.631643295288085938e+00
-2.681630477309226990e-02,3.738854646682739258e+00
1.170475006103515625e+00,8.936280250549316406e+00
-2.128714919090270996e-01,3.642377853393554688e+00
1.299026012420654297e+00,1.029693508148193359e+01
-7.184557318687438965e-01,1.958975672721862793e+00
-1.826009154319763184e-01,4.372829437255859375e+00
-6.947508454322814941e-01,1.282159805297851562e+00
1.381434321403503418e+00,1.064427185058593750e+01
-5.914298295974731445e-01,5.510378837585449219e+00
5.735817551612854004e-01,9.043980598449707031e+00
-3.718903660774230957e-01,4.533215045928955078e+00
1.284492969512939453e+00,1.063838481903076172e+01
1.099546790122985840e+00,8.781531333923339844e+00
8.114260435104370117e-01,5.772247314453125000e+00
-5.234666466712951660e-01,1.665987133979797363e+00
4.067507088184356689e-01,6.310930728912353516e+00
9.638664126396179199e-01,8.029744148254394531e+00
-7.764872312545776367e-01,1.570305466651916504e+00
1.158023953437805176e+00,9.430669784545898438e+00
1.079079866409301758e+00,1.076569747924804688e+01
9.913206100463867188e-01,9.901995658874511719e+00
6.562136411666870117e-01,9.306204795837402344e+00
1.098192572593688965e+00,7.630784034729003906e+00
8.711406588554382324e-01,6.075022697448730469e+00
4.243287742137908936e-01,6.755530357360839844e+00
1.933006942272186279e-01,5.997435569763183594e+00
-7.297857403755187988e-01,2.192326635122299194e-01
6.555023789405822754e-01,8.775241851806640625e+00
1.125244498252868652e+00,9.195710182189941406e+00
7.831558585166931152e-01,7.559818267822265625e+00
-4.617897272109985352e-01,4.052788734436035156e+00
6.518272161483764648e-01,7.169379234313964844e+00
-5.466749072074890137e-01,3.130196809768676758e+00
3.544108867645263672e-01,6.154880523681640625e+00
1.056026577949523926e+00,9.396521568298339844e+00
-1.748468279838562012e-01,3.841689825057983398e+00
9.397373795509338379e-01,9.863608360290527344e+00
-1.990479528903961182e-01,4.762335777282714844e+00
9.468846917152404785e-01,9.494505882263183594e+00
-7.632267475128173828e-02,5.587615013122558594e+00
-4.831518232822418213e-01,1.248775720596313477e+00
8.631890416145324707e-01,8.453899383544921875e+00
2.467176914215087891e-01,5.580713272094726562e+00
9.832045435905456543e-01,1.109396934509277344e+01
2.263044595718383789e+00,1.477935218811035156e+01
2.535192966461181641e+00,1.651477432250976562e+01
7.755470275878906250e-01,2.970448493957519531e+00
9.224813580513000488e-01,3.931304454803466797e+00
1.349459528923034668e+00,1.013741016387939453e+01
1.297339320182800293e+00,1.074749851226806641e+01
4.972849786281585693e-01,8.396416664123535156e+00
-7.043754458427429199e-01,3.151223421096801758e+00
-1.832350492477416992e-01,4.086783409118652344e+00
4.937745928764343262e-01,8.567013740539550781e+00
8.048356771469116211e-01,9.641446113586425781e+00
5.939834713935852051e-01,7.915590286254882812e+00
2.813130989670753479e-02,4.344335556030273438e+00
1.930782437324523926e+00,1.417067050933837891e+01
7.737811207771301270e-01,7.577274322509765625e+00
2.297920703887939453e+00,1.386998081207275391e+01
6.526603102684020996e-01,1.073944377899169922e+01
3.810080289840698242e-01,3.987582445144653320e+00
3.570220470428466797e-01,5.361818313598632812e+00
1.200501561164855957e+00,8.551274299621582031e+00
2.794704139232635498e-01,4.730716705322265625e+00
-3.612250089645385742e-01,3.668115377426147461e+00
2.301372885704040527e-01,4.739211082458496094e+00
5.816782712936401367e-01,7.211032390594482422e+00
7.578418254852294922e-01,4.882681369781494141e+00
-6.455984432250261307e-03,8.153401374816894531e+00
8.065977692604064941e-01,7.359323501586914062e+00
7.506960034370422363e-01,7.593031406402587891e+00
8.211181759834289551e-01,6.297862052917480469e+00
1.331364631652832031e+00,1.002208614349365234e+01
2.373888492584228516e-01,9.511005401611328125e+00
6.833821535110473633e-02,8.008887290954589844e+00
-6.438795924186706543e-01,2.566390275955200195e+00
-5.889820680022239685e-02,2.032608509063720703e+00
-8.420142531394958496e-01,2.916437149047851562e+00
3.079688921570777893e-02,3.975755929946899414e+00
9.271864891052246094e-01,6.090050697326660156e+00
9.707899689674377441e-01,9.053848266601562500e+00
9.587790966033935547e-01,5.738477230072021484e+00
1.344873547554016113e+00,1.134202098846435547e+01
1.073184609413146973e+00,1.024324512481689453e+01
6.584047675132751465e-01,6.865332603454589844e+00
5.214112401008605957e-01,8.663397789001464844e+00
9.767799973487854004e-01,8.690876960754394531e+00
3.407285511493682861e-01,6.736614227294921875e+00
9.237517714500427246e-01,6.557041645050048828e+00
-3.965447545051574707e-01,3.835175275802612305e+00
-1.997756361961364746e-01,4.080161094665527344e+00
4.273411035537719727e-01,2.272474765777587891e+00
1.178874135017395020e+00,9.070738792419433594e+00
5.744891166687011719e-01,9.595926284790039062e+00
-3.712872564792633057e-01,3.643215894699096680e+00
1.130318880081176758e+00,7.540420532226562500e+00
1.332587242126464844e+00,9.823904037475585938e+00
2.451288938522338867e+00,1.450532054901123047e+01
2.248362779617309570e+00,1.454629898071289062e+01
7.992238402366638184e-01,7.561426639556884766e+00
-6.587797999382019043e-01,5.210129737854003906e+00
1.478065848350524902e-01,5.258533954620361328e+00
4.378523230552673340e-01,2.542436838150024414e+00
3.851005136966705322e-01,7.423343658447265625e+00
7.076552510261535645e-01,4.983429908752441406e+00
9.688773751258850098e-01,9.300762176513671875e+00
-3.880093991756439209e-01,5.111082553863525391e+00
1.021190881729125977e+00,7.406344413757324219e+00
1.069678425788879395e+00,1.222376537322998047e+01
3.138308227062225342e-01,8.159193992614746094e+00
8.817709088325500488e-01,5.703125000000000000e+00
1.108892083168029785e+00,8.382708549499511719e+00
8.929975628852844238e-01,8.445010185241699219e+00
1.632625222206115723e+00,1.237672710418701172e+01
2.226927042007446289e+00,1.561782646179199219e+01
6.626400351524353027e-01,8.044394493103027344e+00
1.205053687095642090e+00,7.557559967041015625e+00
1.277198076248168945e+00,1.143632698059082031e+01
1.545498847961425781e+00,1.393331432342529297e+01
7.674743533134460449e-01,7.834221839904785156e+00
1.736914813518524170e-01,4.992029666900634766e+00
-8.935499787330627441e-01,2.817016601562500000e+00
2.986831068992614746e-01,4.807785034179687500e+00
6.115584969520568848e-01,7.037604331970214844e+00
5.904952883720397949e-01,7.127006053924560547e+00
8.758162260055541992e-01,6.452451705932617188e+00
1.188211202621459961e+00,1.079177188873291016e+01
-6.287724375724792480e-01,4.586265563964843750e+00
5.351871848106384277e-01,1.087255668640136719e+01
1.498733758926391602e-01,3.832811832427978516e+00
9.679262042045593262e-01,8.381034851074218750e+00
3.855592012405395508e-01,3.894203424453735352e+00
4.430996179580688477e-01,5.648132324218750000e+00
-2.503125071525573730e-01,3.936353683471679688e+00
8.746439218521118164e-02,6.510717391967773438e+00
2.256782770156860352e+00,1.464373874664306641e+01
5.353285670280456543e-01,6.143585205078125000e+00
1.126627087593078613e+00,7.186333179473876953e+00
-9.142541885375976562e-02,5.534759521484375000e+00
1.405788660049438477e-01,6.633036613464355469e+00
-4.080579578876495361e-01,5.910232067108154297e+00
7.929302453994750977e-01,9.596714973449707031e+00
6.982139945030212402e-01,8.271340370178222656e+00
8.895373940467834473e-01,1.202837181091308594e+01
7.089836001396179199e-01,5.118144989013671875e+00
2.949239611625671387e-01,7.895329475402832031e+00
2.968298792839050293e-01,3.656355142593383789e+00
9.503796696662902832e-01,6.221231460571289062e+00
8.188834786415100098e-01,8.226418495178222656e+00
9.917463660240173340e-01,8.902964591979980469e+00
-3.617053851485252380e-02,6.377947330474853516e+00
6.965247988700866699e-01,7.465788722038269043e-01
7.027515769004821777e-01,4.893418788909912109e+00
5.317649245262145996e-01,7.941792011260986328e+00
1.261544108390808105e+00,7.753605842590332031e+00
2.795916199684143066e-01,4.317884445190429688e+00
7.335852384567260742e-01,6.215991973876953125e+00
3.245596289634704590e-01,5.562324047088623047e+00
-5.314460396766662598e-01,4.231956005096435547e+00
-2.383870482444763184e-01,3.575947046279907227e+00
6.128621697425842285e-01,4.566759109497070312e+00
4.692905247211456299e-01,6.687861919403076172e+00
6.395441293716430664e-01,9.006399154663085938e+00
8.893835544586181641e-01,7.921786785125732422e+00
-3.257080912590026855e-01,4.945174217224121094e+00
8.317213058471679688e-01,8.286147117614746094e+00
4.208360314369201660e-01,5.390473365783691406e+00
-1.959048509597778320e-01,3.387727022171020508e+00
9.777640700340270996e-01,4.236289024353027344e+00
-3.439335227012634277e-01,3.538236856460571289e+00
5.210170745849609375e-01,4.638713359832763672e+00
1.034208059310913086e+00,8.664717674255371094e+00
4.213701188564300537e-01,8.323942184448242188e+00
5.278373137116432190e-02,5.550704956054687500e+00
9.127646684646606445e-02,5.147885322570800781e+00
-9.050365537405014038e-03,2.008255004882812500e+00
2.073101282119750977e+00,1.191126632690429688e+01
-4.510963559150695801e-01,4.181775093078613281e+00
-6.398562788963317871e-01,3.179475069046020508e-01
1.421700000762939453e+00,1.228467655181884766e+01
-4.083740115165710449e-01,4.200858116149902344e+00
7.941458225250244141e-01,8.201881408691406250e+00
6.563585400581359863e-01,7.768690109252929688e+00
1.260739564895629883e+00,9.952264785766601562e+00
6.787617802619934082e-01,4.835493087768554688e+00
4.841569662094116211e-01,7.541349411010742188e+00
5.645019412040710449e-01,8.409005165100097656e+00
2.376727461814880371e-01,6.271609306335449219e+00
-3.176382184028625488e-01,5.454221725463867188e+00
5.690917372703552246e-01,5.097638607025146484e+00
1.164634943008422852e+00,9.368787765502929688e+00
-2.388076484203338623e-01,5.240774631500244141e+00
4.375464916229248047e-01,6.488968849182128906e+00
5.588485598564147949e-01,1.140015029907226562e+01
-1.052704453468322754e-01,6.073356628417968750e+00
6.066154837608337402e-01,4.339512825012207031e+00
7.977216839790344238e-01,9.141172409057617188e+00
1.052006483078002930e+00,9.120627403259277344e+00
9.304961562156677246e-01,5.897036075592041016e+00
5.618062019348144531e-01,7.516160964965820312e+00
1.878739893436431885e-01,9.011695861816406250e+00
7.340669631958007812e-01,7.636082649230957031e+00
7.401151657104492188e-01,6.125573158264160156e+00
1.123833060264587402e+00,9.514327049255371094e+00
8.439772725105285645e-01,1.048781681060791016e+01
-1.746861338615417480e-01,3.242395401000976562e+00
9.064680933952331543e-01,9.217635154724121094e+00
-6.125807166099548340e-01,5.281332015991210938e+00
8.440731763839721680e-01,7.752326965332031250e+00
-5.707340240478515625e-01,5.655117511749267578e+00
4.318168759346008301e-01,7.249396800994873047e+00
7.770686745643615723e-01,6.520784378051757812e+00
-7.334670424461364746e-02,7.304249763488769531e+00
1.109995484352111816e+00,5.540185928344726562e+00
4.823813438415527344e-01,5.709721088409423828e+00
3.680483698844909668e-01,8.316010475158691406e+00
1.076980829238891602e+00,7.002403259277343750e+00
3.638006746768951416e-01,3.865881443023681641e+00
5.334284901618957520e-01,7.784585475921630859e+00
2.324186265468597412e-01,5.338205337524414062e+00
-1.492336392402648926e-01,4.708321094512939453e+00
-4.015254378318786621e-01,6.091732978820800781e+00
1.191449880599975586e+00,9.889796257019042969e+00
4.563025236129760742e-01,6.044744491577148438e+00
7.462427616119384766e-01,9.323136329650878906e+00
5.968428030610084534e-02,8.104422569274902344e+00
-5.553524494171142578e-01,4.220104217529296875e+00
-4.811269044876098633e-01,6.073608875274658203e+00
8.034172058105468750e-01,7.626403808593750000e+00
5.080226659774780273e-01,5.710898399353027344e+00
1.270599722862243652e+00,9.402424812316894531e+00
1.014936089515686035e+00,8.683054924011230469e+00
-3.129027485847473145e-01,8.376354217529296875e+00
1.579773306846618652e+00,9.200562477111816406e+00
8.999525904655456543e-01,1.020201301574707031e+01
-3.516544103622436523e-01,3.502381145954132080e-01
-6.476643085479736328e-01,3.858027696609497070e+00
1.212925791740417480e+00,9.273810386657714844e+00
3.995631635189056396e-01,7.528565406799316406e+00
5.194089412689208984e-01,4.039807319641113281e+00
-8.419004678726196289e-01,7.015392303466796875e+00
1.256193876266479492e+00,1.151146221160888672e+01
-4.315387606620788574e-01,4.508418083190917969e+00
6.623967885971069336e-01,8.510090827941894531e+00
1.088773727416992188e+00,9.249988555908203125e+00
5.318256616592407227e-01,5.156702041625976562e+00
8.614605069160461426e-01,7.924067497253417969e+00
1.654044032096862793e+00,1.023631095886230469e+01
3.381103649735450745e-02,5.905411243438720703e+00
8.158714771270751953e-01,1.002775573730468750e+01
-5.001363158226013184e-01,4.542749404907226562e+00
9.551065564155578613e-01,9.361079216003417969e+00
-5.095871165394783020e-05,6.601629257202148438e+00
1.222219824790954590e+00,1.062972927093505859e+01
1.056681156158447266e+00,7.275300025939941406e+00
1.062480568885803223e+00,9.235038757324218750e+00
3.464906811714172363e-01,7.009551525115966797e+00
1.166572809219360352e+00,1.089325428009033203e+01
8.608447313308715820e-01,9.149451255798339844e+00
1.191295504570007324e+00,1.048732280731201172e+01
1.033062338829040527e+00,1.234581565856933594e+01
1.224406361579895020e+00,1.077812194824218750e+01
1.779739618301391602e+00,1.310306453704833984e+01
3.328557908535003662e-01,5.064566612243652344e+00
1.349103569984436035e+00,1.230662441253662109e+01
-1.654862761497497559e-01,1.818085551261901855e+00
9.347634911537170410e-01,1.001604366302490234e+01
1.382408857345581055e+00,1.159601688385009766e+01
1.308511137962341309e+00,1.010865879058837891e+01
-2.777934968471527100e-01,5.974147796630859375e+00
6.129186749458312988e-01,8.142831802368164062e+00
-3.390722274780273438e-01,5.206321716308593750e+00
7.662948966026306152e-01,8.259500503540039062e+00
-9.061104059219360352e-02,7.282086372375488281e+00
5.281559824943542480e-01,4.762923717498779297e+00
1.012735128402709961e+00,9.648464202880859375e+00
-5.573381781578063965e-01,2.867733001708984375e+00
6.642119288444519043e-01,9.023933410644531250e+00
4.474813044071197510e-01,5.900231361389160156e+00
-8.138583302497863770e-01,3.012491464614868164e+00
8.508751988410949707e-01,8.486396789550781250e+00
9.634858965873718262e-01,6.068151473999023438e+00
4.009819924831390381e-01,8.473525047302246094e+00
3.961101472377777100e-01,6.393436431884765625e+00
9.921967983245849609e-01,8.256203651428222656e+00
2.081773281097412109e-01,3.993604183197021484e+00
1.719012856483459473e+00,1.266396617889404297e+01
1.100227236747741699e+00,1.108824729919433594e+01
9.312158823013305664e-01,9.818037986755371094e+00
3.317162990570068359e-01,7.299252510070800781e+00
1.805577874183654785e-01,4.709934711456298828e+00
1.142507195472717285e+00,1.158358669281005859e+01
3.116371631622314453e-01,7.403194904327392578e+00
2.403232753276824951e-01,3.667676210403442383e+00
6.422320604324340820e-01,8.497143745422363281e+00
4.330153167247772217e-01,4.670028686523437500e+00
5.429769158363342285e-01,7.205490589141845703e+00
-6.974712610244750977e-01,4.592777252197265625e+00
-4.015206918120384216e-02,5.612911224365234375e+00
1.222350239753723145e+00,1.011648654937744141e+01
4.468153715133666992e-01,4.864838123321533203e+00
1.404806613922119141e+00,1.292032432556152344e+01
4.434523880481719971e-01,7.185969829559326172e+00
7.981014847755432129e-01,7.040075302124023438e+00
-2.909479737281799316e-01,4.007769584655761719e+00
2.150024652481079102e+00,1.379917430877685547e+01
1.205739736557006836e+00,8.791693687438964844e+00
9.764085412025451660e-01,7.751257896423339844e+00
5.991648435592651367e-01,8.504803657531738281e+00
7.737022042274475098e-01,6.755559921264648438e+00
6.110171675682067871e-01,8.833099365234375000e+00
7.837558388710021973e-01,9.701485633850097656e+00
-8.914184570312500000e-02,7.716083526611328125e+00
9.279599785804748535e-01,1.023807048797607422e+01
1.237451076507568359e+00,1.393973636627197266e+01
8.321930766105651855e-01,9.673663139343261719e+00
-6.292133927345275879e-01,2.519935846328735352e+00
9.424692988395690918e-01,1.066154575347900391e+01
5.085666775703430176e-01,1.043133258819580078e+01
7.739295363426208496e-01,8.234037399291992188e+00
-6.903350949287414551e-01,1.271370768547058105e+00
8.215553760528564453e-01,9.663796424865722656e+00
3.623153865337371826e-01,9.339418411254882812e+00
7.236081957817077637e-01,8.066738128662109375e+00
5.562558770179748535e-01,6.840843200683593750e+00
-9.081190228462219238e-01,1.766112208366394043e+00
1.414115190505981445e+00,9.705576896667480469e+00
1.178146243095397949e+00,1.006840896606445312e+01
1.555418610572814941e+00,1.155687808990478516e+01
1.323449730873107910e+00,8.013368606567382812e+00
8.302550911903381348e-01,8.700202941894531250e+00
4.200999736785888672e-01,7.043670654296875000e+00
-2.463744282722473145e-01,2.640064239501953125e+00
8.482386469841003418e-01,9.246390342712402344e+00
1.082285642623901367e-01,5.926233291625976562e+00
1.013618350028991699e+00,9.821347236633300781e+00
2.221008837223052979e-01,7.815279483795166016e+00
8.051652312278747559e-01,1.238477039337158203e+01
-3.366742134094238281e-01,4.860628604888916016e+00
-4.411558210849761963e-01,7.334669113159179688e+00
1.182878732681274414e+00,1.180787086486816406e+01
4.493851065635681152e-01,7.114249229431152344e+00
8.833299875259399414e-01,5.794866085052490234e+00
1.215685248374938965e+00,9.208378791809082031e+00
6.237856149673461914e-01,7.134625434875488281e+00
8.254466056823730469e-01,6.485264778137207031e+00
1.014003634452819824e+00,7.803739547729492188e+00
3.759099543094635010e-01,7.777703285217285156e+00
-2.355979084968566895e-01,3.065616846084594727e+00
3.371437489986419678e-01,6.472307682037353516e+00
9.596696496009826660e-01,9.221200942993164062e+00
-5.193301439285278320e-01,3.182582139968872070e+00
-7.014459371566772461e-02,5.165771484375000000e+00
-2.515868544578552246e-01,2.218230485916137695e+00
-1.522544920444488525e-01,7.526336669921875000e+00
7.743516564369201660e-01,1.026484489440917969e+01
1.127919316291809082e+00,1.015746021270751953e+01
1.127004146575927734e+00,6.164021015167236328e+00
1.011808514595031738e+00,9.081240653991699219e+00
-1.090731620788574219e-01,5.070982933044433594e+00
7.131898999214172363e-01,4.754028797149658203e+00
-4.979544505476951599e-02,7.744751930236816406e+00
-2.786394674330949783e-03,4.807001113891601562e+00
1.130995869636535645e+00,7.800329208374023438e+00
1.058898806571960449e+00,8.641610145568847656e+00
5.297432541847229004e-01,8.268836021423339844e+00
5.989933609962463379e-01,6.236205577850341797e+00
3.881646096706390381e-01,6.048265457153320312e+00
4.025431275367736816e-01,6.830701828002929688e+00
-4.321964383125305176e-01,4.032790184020996094e+00
-5.483248829841613770e-01,4.040792465209960938e+00
7.166306376457214355e-01,6.187668800354003906e+00
4.902797043323516846e-01,9.154544830322265625e+00
2.803299129009246826e-01,4.453279018402099609e+00
-8.223192095756530762e-01,2.433927297592163086e+00
6.373566985130310059e-01,7.396900653839111328e+00
-2.416389584541320801e-01,4.751071929931640625e+00
3.580198287963867188e-01,2.973621129989624023e+00
5.454571247100830078e-01,9.594519615173339844e+00
5.022498965263366699e-01,4.450517654418945312e+00
6.830221414566040039e-01,6.232836723327636719e+00
9.824035763740539551e-01,1.193695640563964844e+01
-4.527727961540222168e-01,2.491193056106567383e+00
1.351486206054687500e+00,1.346259593963623047e+01
-1.266170740127563477e-01,3.933852434158325195e+00
7.404261231422424316e-01,6.130711555480957031e+00
-5.674715042114257812e-01,5.615956306457519531e+00
7.836906313896179199e-01,6.561357975006103516e+00
8.412252068519592285e-01,6.497736454010009766e+00
1.680120825767517090e+00,1.287007713317871094e+01
9.258297085762023926e-01,9.304656028747558594e+00
6.005094647407531738e-01,1.159080028533935547e+01
2.489016532897949219e+00,1.554396343231201172e+01
-4.910136461257934570e-01,7.003208637237548828e+00
3.046420514583587646e-01,5.819391727447509766e+00
-5.557917952537536621e-01,3.002694368362426758e+00
7.767263334244489670e-03,6.371290683746337891e+00
-5.549530386924743652e-01,2.775198698043823242e+00
1.028286933898925781e+00,6.163172721862792969e+00
2.945733964443206787e-01,8.441113471984863281e+00
3.647335469722747803e-01,3.039952516555786133e+00
-6.598117947578430176e-01,2.360319852828979492e+00
8.419086337089538574e-01,1.152171993255615234e+01
4.872913956642150879e-01,3.966091156005859375e+00
1.198554635047912598e-01,2.417704343795776367e+00
4.863513112068176270e-01,6.938076496124267578e+00
5.455102324485778809e-01,3.579826593399047852e+00
2.198927700519561768e-01,5.793812274932861328e+00
6.546621918678283691e-01,5.822432994842529297e+00
5.484700798988342285e-01,8.103479385375976562e+00
9.299799799919128418e-01,6.148529529571533203e+00
4.593137502670288086e-01,6.027431488037109375e+00
5.346778035163879395e-01,8.079790115356445312e+00
9.563044905662536621e-01,9.203003883361816406e+00
4.250386357307434082e-01,5.945956230163574219e+00
7.510892748832702637e-01,1.087285995483398438e+01
-4.052181541919708252e-01,4.477113723754882812e+00
-3.959683775901794434e-01,5.940189361572265625e+00
9.816173315048217773e-01,5.595607280731201172e+00
2.630650401115417480e-01,2.048062324523925781e+00
8.887436985969543457e-01,8.086730003356933594e+00
8.095228075981140137e-01,6.512144088745117188e+00
4.891691505908966064e-01,6.090195655822753906e+00
9.914311766624450684e-01,6.724425315856933594e+00
6.232869625091552734e-01,6.131919860839843750e+00
-6.631689667701721191e-01,9.313160777091979980e-01
1.719726920127868652e+00,1.306501865386962891e+01
1.194141387939453125e+00,7.014868736267089844e+00
-1.351706385612487793e-01,5.051050186157226562e+00
-6.818920373916625977e-01,3.216742515563964844e+00
1.011693358421325684e+00,5.384130954742431641e+00
2.357450723648071289e+00,1.444252872467041016e+01
1.271462440490722656e+00,8.351118087768554688e+00
1.280625224113464355e+00,9.248038291931152344e+00
7.495495676994323730e-01,6.962881088256835938e+00
3.113891780376434326e-01,3.346195459365844727e+00
9.106186628341674805e-01,8.273414611816406250e+00
8.925335407257080078e-01,9.829461097717285156e+00
7.711516022682189941e-01,7.922932624816894531e+00
1.038256566971540451e-03,4.161275863647460938e+00
1.236715912818908691e+00,9.762549400329589844e+00
3.109120726585388184e-01,1.010306739807128906e+01
9.138486385345458984e-01,5.497673034667968750e+00
9.478095173835754395e-01,6.494566440582275391e+00
8.045169115066528320e-01,8.597799301147460938e+00
8.882801532745361328e-01,8.281057357788085938e+00
1.366234198212623596e-02,4.459160327911376953e+00
2.230161428451538086e-01,6.744929313659667969e+00
1.479988217353820801e+00,8.415302276611328125e+00
1.685869336128234863e+00,1.202462291717529297e+01
9.158110022544860840e-01,5.822753906250000000e+00
5.215182900428771973e-01,6.381757736206054688e+00
9.958606362342834473e-01,1.007600116729736328e+01
1.072381377220153809e+00,7.827550888061523438e+00
1.668775200843811035e+00,1.117921447753906250e+01
-2.298989295959472656e-01,6.098011493682861328e+00
-7.690305113792419434e-01,5.238917350769042969e+00
1.024108290672302246e+00,9.292571067810058594e+00
5.261406302452087402e-01,5.514708042144775391e+00
-4.587564468383789062e-01,4.278391361236572266e+00
1.017120599746704102e+00,7.954349040985107422e+00
1.308310151100158691e+00,1.018076896667480469e+01
1.245389282703399658e-01,7.285155773162841797e+00
3.942050337791442871e-01,7.382215499877929688e+00
7.699664235115051270e-01,5.938183307647705078e+00
5.692697763442993164e-01,3.031521558761596680e+00
5.636739134788513184e-01,1.234911632537841797e+01
1.154103517532348633e+00,5.921032428741455078e+00
6.500853300094604492e-01,8.371439933776855469e+00
-6.478723287582397461e-01,2.194555044174194336e+00
1.100073695182800293e+00,6.060884475708007812e+00
-3.714703321456909180e-01,2.623249292373657227e+00
9.235267043113708496e-01,9.425156593322753906e+00
-4.685756284743547440e-03,6.245058536529541016e+00
-4.356911182403564453e-01,2.527018308639526367e+00
1.077695012092590332e+00,8.870386123657226562e+00
1.023643136024475098e+00,1.183269596099853516e+01
9.973323941230773926e-01,9.111201286315917969e+00
9.774540662765502930e-01,9.849225997924804688e+00
1.428392529487609863e+00,1.070763111114501953e+01
2.808545231819152832e-01,2.656607389450073242e+00
1.026944518089294434e-01,2.545406341552734375e+00
8.377787470817565918e-01,7.008640289306640625e+00
-3.721570372581481934e-01,2.291350126266479492e+00
1.022642493247985840e+00,1.010037136077880859e+01
1.022480845451354980e+00,7.960885047912597656e+00
-5.682854056358337402e-01,5.230865478515625000e+00
-5.403367877006530762e-01,2.859558105468750000e+00
8.755438327789306641e-01,4.804512023925781250e+00
-4.957590103149414062e-01,3.970127582550048828e+00
1.011022567749023438e+00,1.156854343414306641e+01
4.570007696747779846e-02,4.665038108825683594e+00
1.286996006965637207e+00,1.308311557769775391e+01
1.193612933158874512e+00,5.716508865356445312e+00
1.045690178871154785e+00,5.636077404022216797e+00
6.272066235542297363e-01,1.042866611480712891e+01
2.158421277999877930e-01,7.585657119750976562e+00
-3.772783279418945312e-01,5.400086402893066406e+00
4.445329606533050537e-01,6.182495594024658203e+00
-6.642382740974426270e-01,4.812955379486083984e+00
4.409538209438323975e-01,5.486943244934082031e+00
8.954316973686218262e-01,5.598017692565917969e+00
8.672320246696472168e-01,9.002320289611816406e+00
-1.960266232490539551e-01,2.165229320526123047e+00
1.092012524604797363e+00,6.735013008117675781e+00
1.194441080093383789e+00,1.007914543151855469e+01
1.060240149497985840e+00,8.267058372497558594e+00
-1.874134540557861328e-01,4.972963333129882812e+00
9.504500776529312134e-03,2.139425039291381836e+00
5.293535590171813965e-01,6.674917221069335938e+00
1.842696547508239746e+00,1.073720645904541016e+01
1.078088402748107910e+00,6.439929008483886719e+00
1.216894507408142090e+00,8.370615959167480469e+00
1.080985665321350098e-01,4.272014141082763672e+00
4.870089888572692871e-01,7.224755764007568359e+00
-7.634726166725158691e-01,3.513229131698608398e+00
-1.024891734123229980e+00,2.931094408035278320e+00
2.513206601142883301e-01,6.313329219818115234e+00
7.171373367309570312e-01,6.477564334869384766e+00
1.632397770881652832e-01,2.037972450256347656e+00
-8.303719162940979004e-01,6.450270652770996094e+00
5.303388833999633789e-01,1.182975172996520996e+00
7.577309012413024902e-01,1.011351680755615234e+01
4.478961601853370667e-02,5.486347198486328125e+00
7.913152575492858887e-01,4.242524147033691406e+00
8.554503321647644043e-01,1.064986705780029297e+01
6.000736355781555176e-01,8.844043731689453125e+00
9.816421866416931152e-01,7.272497177124023438e+00
1.203743219375610352e+00,1.021105766296386719e+01
1.077358484268188477e+00,6.060529232025146484e+00
7.234295606613159180e-01,5.738339900970458984e+00
1.218857049942016602e+00,1.067955303192138672e+01
9.415808320045471191e-01,1.033580684661865234e+01
7.030069231986999512e-01,6.088768959045410156e+00
8.242455720901489258e-01,4.685522079467773438e+00
8.759413361549377441e-01,8.747195243835449219e+00
3.931019306182861328e-01,6.774109840393066406e+00
7.356328368186950684e-01,6.037703037261962891e+00
8.979254961013793945e-01,9.006690025329589844e+00
1.271445155143737793e+00,1.112522125244140625e+01
9.577270746231079102e-01,6.231724739074707031e+00
7.276346683502197266e-01,5.898442268371582031e+00
5.105838775634765625e-01,5.978278636932373047e+00
-1.181686818599700928e-01,5.743597984313964844e+00
-1.106021404266357422e-01,4.549795627593994141e+00
-1.557158827781677246e-01,2.880089521408081055e+00
1.198281288146972656e+00,8.626828193664550781e+00
5.877433419227600098e-01,6.872767448425292969e+00
-3.288819193840026855e-01,4.444127082824707031e+00
-6.435702443122863770e-01,4.530837535858154297e+00
-1.769004762172698975e-01,4.906705379486083984e+00
2.657380402088165283e-01,2.991332769393920898e+00
1.125694990158081055e+00,1.114433956146240234e+01
9.986369013786315918e-01,8.020012855529785156e+00
2.832056581974029541e-01,6.326250553131103516e+00
1.079947590827941895e+00,8.705458641052246094e+00
4.395444989204406738e-01,6.709748268127441406e+00
9.198167920112609863e-02,8.160662651062011719e+00
5.701435208320617676e-01,5.885931968688964844e+00
6.295476555824279785e-01,7.538452148437500000e+00
1.276161074638366699e+00,9.339720726013183594e+00
3.371056914329528809e-01,7.879020690917968750e+00
7.300532460212707520e-01,6.473945617675781250e+00
1.558914065361022949e+00,1.165128231048583984e+01
1.136093020439147949e+00,7.997379302978515625e+00
7.387145757675170898e-01,7.116572856903076172e+00
5.142928361892700195e-01,6.837091445922851562e+00
8.571135997772216797e-01,1.110914993286132812e+01
1.699315607547760010e-01,9.551646232604980469e+00
1.099481284618377686e-01,5.725291252136230469e+00
-5.522797703742980957e-01,3.527292013168334961e+00
2.155761122703552246e-01,7.709234237670898438e+00
5.991889834403991699e-01,8.950592994689941406e+00
1.109910488128662109e+00,6.986479759216308594e+00
4.426907598972320557e-01,4.163785457611083984e+00
1.904239058494567871e-01,2.703922033309936523e+00
1.218698263168334961e+00,8.355665206909179688e+00
-6.461075544357299805e-01,5.959917068481445312e+00
6.889824271202087402e-01,6.484579086303710938e+00
1.331527352333068848e+00,1.134584522247314453e+01
8.286156654357910156e-01,8.349131584167480469e+00
5.057697296142578125e-01,8.429599761962890625e+00
5.615341067314147949e-01,5.880239486694335938e+00
6.900371909141540527e-01,7.205523014068603516e+00
-1.465291380882263184e-01,5.209115505218505859e+00
1.527543187141418457e+00,1.231902599334716797e+01
8.646073937416076660e-01,5.713244438171386719e+00
-1.267283782362937927e-02,5.088062286376953125e+00
2.433691918849945068e-01,3.584830760955810547e+00
8.187493085861206055e-01,7.195537567138671875e+00
5.511649847030639648e-01,6.736320495605468750e+00
4.218133091926574707e-01,6.005673885345458984e+00
5.302227735519409180e-01,8.216900825500488281e+00
6.429074406623840332e-01,9.039189338684082031e+00
1.088466048240661621e+00,9.032299995422363281e+00
2.124229073524475098e-01,4.747014999389648438e+00
9.752431511878967285e-01,1.033986759185791016e+01
-4.833977222442626953e-01,4.997060775756835938e+00
9.956138730049133301e-01,1.090192222595214844e+01
1.096468091011047363e+00,6.467150211334228516e+00
3.289805948734283447e-01,6.444433212280273438e+00
-3.124880492687225342e-01,3.418269634246826172e+00
1.457376360893249512e+00,1.353019237518310547e+01
9.837588071823120117e-01,9.652512550354003906e+00
1.000451207160949707e+00,8.680318832397460938e+00
7.847241759300231934e-01,1.037526416778564453e+01
5.878517031669616699e-01,4.884776115417480469e+00
1.039777755737304688e+00,9.920738220214843750e+00
1.058938503265380859e+00,9.946602821350097656e+00
-4.420277774333953857e-01,1.823959708213806152e+00
-7.433705925941467285e-01,3.589510917663574219e+00
-3.000707030296325684e-01,3.481542825698852539e+00
9.606379866600036621e-01,6.701714992523193359e+00
1.267949223518371582e+00,9.949094772338867188e+00
1.359770655632019043e+00,9.404876708984375000e+00
7.946988344192504883e-01,5.597439765930175781e+00
1.151075482368469238e+00,8.661747932434082031e+00
1.120938062667846680e-01,6.281273841857910156e+00
-2.522106170654296875e-01,1.929128766059875488e+00
4.443300664424896240e-01,6.046266078948974609e+00
7.937191128730773926e-01,9.326352119445800781e+00
1.114881396293640137e+00,8.884255409240722656e+00
1.600773930549621582e+00,1.007450962066650391e+01
-5.074668526649475098e-01,1.317280173301696777e+00
6.281391978263854980e-01,7.444720268249511719e+00
-9.085251688957214355e-01,2.394255399703979492e+00
1.554109692573547363e+00,1.232804965972900391e+01
-7.713358998298645020e-01,4.244396209716796875e+00
7.548485994338989258e-01,6.381067276000976562e+00
3.467053174972534180e-01,3.785044193267822266e+00
-2.789387106895446777e-01,6.522510528564453125e+00
-2.899239063262939453e-01,5.936271667480468750e+00
9.925282597541809082e-01,9.633589744567871094e+00
4.739272594451904297e-01,6.643610000610351562e+00
4.710930287837982178e-01,6.166303634643554688e+00
6.702432036399841309e-01,5.981631278991699219e+00
1.767810463905334473e+00,1.187409591674804688e+01
-3.279795646667480469e-01,1.431417107582092285e+00
-3.097050786018371582e-01,2.071830272674560547e+00
-9.646612405776977539e-02,4.381748676300048828e+00
1.013254523277282715e+00,1.185388660430908203e+01
1.056320786476135254e+00,1.011557197570800781e+01
7.830834388732910156e-01,6.978488922119140625e+00
-5.616542696952819824e-01,2.952296495437622070e+00
-3.593539819121360779e-02,5.934589385986328125e+00
8.414918780326843262e-01,9.594033241271972656e+00
8.521884679794311523e-01,7.362517833709716797e+00
1.385108113288879395e+00,1.251371669769287109e+01
5.978448987007141113e-01,4.094711303710937500e+00
1.088471412658691406e+00,6.227046966552734375e+00
1.546436071395874023e+00,1.175886631011962891e+01
-3.119927272200584412e-02,4.219098567962646484e+00
4.835966527462005615e-01,7.179855346679687500e+00
4.787641763687133789e-01,9.987490653991699219e+00
-5.970072150230407715e-01,1.267971515655517578e+00
1.032283782958984375e+00,9.872920036315917969e+00
4.113483726978302002e-01,3.838334083557128906e+00
5.763672590255737305e-01,6.853137969970703125e+00
7.793354988098144531e-02,6.648221015930175781e+00
3.580874577164649963e-02,2.904669284820556641e+00
9.904833436012268066e-01,7.320746421813964844e+00
6.600543260574340820e-01,7.788691520690917969e+00
3.828743696212768555e-01,3.229985952377319336e+00
4.403796792030334473e-01,1.356037020683288574e+00
1.142204523086547852e+00,1.200226974487304688e+01
-6.916621327400207520e-02,9.840577125549316406e+00
7.604749798774719238e-01,8.208459854125976562e+00
1.994620203971862793e+00,1.379423236846923828e+01
9.832276701927185059e-01,5.598471164703369141e+00
-5.253628492355346680e-01,6.127544403076171875e+00
9.877031445503234863e-01,7.105103969573974609e+00
4.725900590419769287e-01,3.935530900955200195e+00
-3.332709670066833496e-01,9.636710286140441895e-01
-2.892789244651794434e-01,6.366161346435546875e+00
1.070868372917175293e+00,1.009535980224609375e+01
-4.592438340187072754e-01,5.324878692626953125e+00
1.041092872619628906e+00,1.078803253173828125e+01
1.215445995330810547e+00,7.533225059509277344e+00
5.934647917747497559e-01,9.504850387573242188e+00
1.104894042015075684e+00,1.011551189422607422e+01
1.216154217720031738e+00,1.206282424926757812e+01
-8.690462708473205566e-01,1.051976203918457031e+00
8.162062764167785645e-01,8.333134651184082031e+00
3.493986129760742188e-01,5.755194664001464844e+00
4.415479004383087158e-01,6.590008735656738281e+00
6.989065092056989670e-03,5.493658542633056641e+00
5.870943069458007812e-01,7.654209136962890625e+00
1.199635863304138184e+00,1.004569435119628906e+01
8.112574815750122070e-01,5.917096138000488281e+00
2.356644570827484131e-01,6.914895534515380859e+00
8.012774586677551270e-01,5.746215343475341797e+00
1.320382356643676758e-01,3.743604660034179688e+00
6.329186558723449707e-01,6.770143508911132812e+00
-3.223693966865539551e-01,4.388964653015136719e+00
9.746035933494567871e-01,6.275324821472167969e+00
-2.012207508087158203e-01,4.869981765747070312e+00
6.413792967796325684e-01,7.061612606048583984e+00
1.145227074623107910e+00,8.203551292419433594e+00
2.161554694175720215e-01,4.569896697998046875e+00
9.781814217567443848e-01,1.146421337127685547e+01
1.109361648559570312e-01,7.209858894348144531e+00
1.463827967643737793e+00,1.190628814697265625e+01
7.474282383918762207e-01,6.947495460510253906e+00
-6.847563385963439941e-01,1.667898058891296387e+00
1.150103449821472168e+00,5.055018901824951172e+00
-4.458775520324707031e-01,3.351478815078735352e+00
-4.616100192070007324e-01,5.360350131988525391e+00
1.872557103633880615e-01,7.429532527923583984e+00
7.563375234603881836e-01,9.685363769531250000e+00
-6.007250864058732986e-03,5.457571029663085938e+00
1.167672872543334961e+00,7.455713748931884766e+00
9.781042337417602539e-01,7.763107299804687500e+00
5.168570280075073242e-01,5.356022357940673828e+00
-5.930624604225158691e-01,5.886322021484375000e+00
5.482605099678039551e-01,6.783187866210937500e+00
5.506618618965148926e-01,6.045860290527343750e+00
6.197460293769836426e-01,5.938823223114013672e+00
5.471146479249000549e-02,4.657798290252685547e+00
-2.447719573974609375e-01,3.537876129150390625e+00
9.033669233322143555e-01,8.282917976379394531e+00
6.933040022850036621e-01,1.013810443878173828e+01
5.877197384834289551e-01,5.933535099029541016e+00
4.732072949409484863e-01,8.857238769531250000e+00
8.452231287956237793e-01,8.081322669982910156e+00
8.565252423286437988e-01,9.451254844665527344e+00
1.315914988517761230e+00,9.387328147888183594e+00
9.513642191886901855e-01,1.029091548919677734e+01
3.897796869277954102e-01,8.803581237792968750e+00
9.497330188751220703e-01,6.916790008544921875e+00
1.016519904136657715e+00,6.772318840026855469e+00
5.810261368751525879e-01,5.789424419403076172e+00
7.180570363998413086e-01,8.242039680480957031e+00
1.154956936836242676e+00,7.538736820220947266e+00
6.861736178398132324e-01,5.868966102600097656e+00
-6.579772830009460449e-01,5.190899848937988281e+00
9.191183447837829590e-01,9.100077629089355469e+00
1.103668093681335449e+00,5.596604824066162109e+00
2.540692090988159180e-01,3.874141216278076172e+00
-1.069352030754089355e+00,6.220947742462158203e+00
4.540650248527526855e-01,6.125114440917968750e+00
1.134575724601745605e+00,5.828984737396240234e+00
9.243935942649841309e-01,5.980255126953125000e+00
9.199553728103637695e-01,1.018159198760986328e+01
1.344884157180786133e+00,1.193133926391601562e+01
8.674480915069580078e-01,6.766755580902099609e+00
9.718280434608459473e-01,7.013698577880859375e+00
-4.586976394057273865e-02,2.633552551269531250e+00
6.347648501396179199e-01,7.834718704223632812e+00
1.027684330940246582e+00,9.678280830383300781e+00
8.743845820426940918e-01,5.483922481536865234e+00
5.043932199478149414e-01,6.727074623107910156e+00
-3.599791526794433594e-01,4.279828071594238281e+00
-2.302974089980125427e-02,5.113303184509277344e+00
5.980603098869323730e-01,8.628746986389160156e+00
-1.662574410438537598e-01,5.495122432708740234e+00
1.382057785987854004e+00,8.782283782958984375e+00
8.453747630119323730e-01,9.429560661315917969e+00
1.892853856086730957e+00,1.201049423217773438e+01
4.691263437271118164e-01,7.155101776123046875e+00
7.522559762001037598e-01,6.292978286743164062e+00
1.240010619163513184e+00,1.179808902740478516e+01
9.923644065856933594e-01,8.831648826599121094e+00
1.682032644748687744e-01,9.039872169494628906e+00
-3.445587158203125000e-01,3.437564134597778320e+00
2.673819363117218018e-01,6.014508724212646484e+00
1.592550277709960938e-01,9.152112960815429688e+00
-6.853200793266296387e-01,4.599005222320556641e+00
1.560169756412506104e-01,7.461666107177734375e+00
-3.846609219908714294e-02,7.044274330139160156e+00
4.894263744354248047e-01,7.714365482330322266e+00
2.787519097328186035e-01,3.984231948852539062e+00
1.241667270660400391e-01,6.130993843078613281e+00
-4.470933675765991211e-01,3.918415784835815430e+00
-1.889517903327941895e-01,4.080604553222656250e+00
9.758401513099670410e-01,5.830957412719726562e+00
1.683624267578125000e+00,1.260393047332763672e+01
4.421300590038299561e-01,8.281937599182128906e+00
-5.633775591850280762e-01,5.474970817565917969e+00
5.483993291854858398e-01,7.260218143463134766e+00
1.588486075401306152e+00,1.276343631744384766e+01
1.278689503669738770e-01,5.845186233520507812e+00
8.853681087493896484e-01,6.301781654357910156e+00
9.211647510528564453e-01,5.616182327270507812e+00
-5.436751246452331543e-01,5.897191047668457031e+00
9.330341219902038574e-02,9.385162353515625000e+00
6.950613856315612793e-01,6.103491306304931641e+00
7.917011380195617676e-01,7.427886962890625000e+00
7.940222620964050293e-01,8.057380676269531250e+00
9.922319650650024414e-01,8.003658294677734375e+00
-5.936088562011718750e-01,3.639798879623413086e+00
1.232942104339599609e+00,9.119280815124511719e+00
8.946399688720703125e-01,5.774980068206787109e+00
4.882268011569976807e-01,3.487214326858520508e+00
7.788148522377014160e-01,6.360001564025878906e+00
1.382888853549957275e-01,7.101677894592285156e+00
8.640856146812438965e-01,9.800518989562988281e+00
7.167772650718688965e-01,7.352345943450927734e+00
4.155773222446441650e-01,3.007906675338745117e+00
4.181331396102905273e-01,7.522723674774169922e+00
3.187471330165863037e-01,6.818114757537841797e+00
-2.213885784149169922e-01,7.598814010620117188e+00
1.428143858909606934e+00,1.195933818817138672e+01
-3.592718243598937988e-01,3.502426862716674805e+00
3.744446337223052979e-01,6.558518409729003906e+00
7.868371009826660156e-01,5.953413486480712891e+00
4.203101694583892822e-01,5.854730606079101562e+00
7.104317545890808105e-01,6.956744670867919922e+00
-6.980644464492797852e-01,3.153766393661499023e+00
1.447495222091674805e+00,1.125850772857666016e+01
7.899940013885498047e-01,5.693402290344238281e+00
-8.482494950294494629e-01,8.490171432495117188e-01
2.784162163734436035e-01,4.904174804687500000e+00
8.043309450149536133e-01,8.476335525512695312e+00
1.032773017883300781e+00,8.875168800354003906e+00
2.810816168785095215e-01,4.241553783416748047e+00
8.342551589012145996e-01,7.015024662017822266e+00
8.690186142921447754e-01,8.879206657409667969e+00
3.405830860137939453e-01,4.809754848480224609e+00
2.417007684707641602e-01,9.380793571472167969e+00
-1.354508996009826660e-01,2.363205194473266602e+00
1.136901021003723145e+00,9.918601989746093750e+00
8.392378091812133789e-01,7.231415748596191406e+00
1.040009975433349609e+00,9.320477485656738281e+00
2.009770572185516357e-01,5.918040752410888672e+00
1.634735822677612305e+00,1.300395107269287109e+01
2.792851626873016357e-01,3.246136903762817383e+00
8.989925980567932129e-01,6.089962959289550781e+00
6.829864382743835449e-01,4.719702720642089844e+00
7.388174533843994141e-01,9.949824333190917969e+00
5.100238323211669922e-01,8.498349189758300781e+00
1.168490529060363770e+00,1.014684963226318359e+01
8.910288214683532715e-01,8.742239952087402344e+00
1.141648292541503906e+00,1.173604202270507812e+01
8.613619804382324219e-01,8.107563018798828125e+00
1.140640377998352051e+00,9.187634468078613281e+00
5.978875756263732910e-01,4.102024078369140625e+00
3.308197259902954102e-01,6.459432601928710938e+00
-9.095715880393981934e-01,4.554286956787109375e+00
-7.286943197250366211e-01,2.547408580780029297e+00
-6.122601032257080078e-01,3.294256448745727539e+00
-7.023279070854187012e-01,1.421329379081726074e+00
-1.875972151756286621e-01,5.017931461334228516e+00
1.578905224800109863e+00,1.217311382293701172e+01
1.283666014671325684e+00,9.740697860717773438e+00
-3.480612039566040039e-01,9.852938652038574219e-01
-3.587517142295837402e-01,3.743075609207153320e+00
-6.673755049705505371e-01,2.799661636352539062e+00
1.124778687953948975e-01,6.166056156158447266e+00
1.271585226058959961e-01,7.487916469573974609e+00
-1.492699980735778809e-01,3.619592666625976562e+00
2.343436002731323242e+00,1.506857013702392578e+01
-1.022292375564575195e-01,5.218959808349609375e+00
3.231839537620544434e-01,5.853814125061035156e+00
-3.340155482292175293e-01,3.802041530609130859e+00
6.803804636001586914e-01,7.257785797119140625e+00
-8.677163124084472656e-01,4.059679031372070312e+00
1.617265820503234863e+00,1.185845947265625000e+01
-4.918838143348693848e-01,5.907253265380859375e+00
1.264472842216491699e+00,1.153862953186035156e+01
-1.478003859519958496e-01,4.080428600311279297e+00
-3.439384400844573975e-01,6.715931415557861328e+00
-5.752894282341003418e-01,2.006347656250000000e+00
1.040193915367126465e+00,1.117505836486816406e+01
-7.277630567550659180e-01,6.203859329223632812e+00
1.330479621887207031e+00,1.208891773223876953e+01
-5.012422427535057068e-02,5.276218414306640625e+00
7.193101644515991211e-01,6.101955413818359375e+00
7.274141311645507812e-01,8.219656944274902344e+00
2.392475008964538574e-01,1.820508003234863281e+00
9.153308868408203125e-01,9.266415596008300781e+00
1.013883471488952637e+00,7.043559074401855469e+00
1.857412457466125488e+00,1.207854175567626953e+01
3.801985085010528564e-01,4.772164821624755859e+00
-5.071602463722229004e-01,2.957895755767822266e+00
1.251358032226562500e+00,1.138237190246582031e+01
-2.201699614524841309e-01,2.399505376815795898e+00
8.505435585975646973e-01,8.242052078247070312e+00
8.201063871383666992e-01,6.088681697845458984e+00
-5.636759400367736816e-01,4.151995182037353516e+00
2.623451128602027893e-02,7.992279529571533203e+00
1.502243399620056152e+00,9.751393318176269531e+00
1.126261591911315918e+00,1.052151298522949219e+01
1.170773267745971680e+00,7.396527290344238281e+00
8.572189211845397949e-01,1.021585845947265625e+01
-1.170662641525268555e-01,9.745413780212402344e+00
2.490668296813964844e-01,1.989809393882751465e+00
1.305733561515808105e+00,1.328944969177246094e+01
1.293526530265808105e+00,1.093065357208251953e+01
7.841791510581970215e-01,9.262762069702148438e+00
1.338125109672546387e+00,8.807024955749511719e+00
7.995399832725524902e-01,7.267417907714843750e+00
6.280127763748168945e-01,5.980423927307128906e+00
9.898678064346313477e-01,8.178891181945800781e+00
5.908620953559875488e-01,6.918883323669433594e+00
-7.825311273336410522e-03,1.449680209159851074e+00
6.084925532341003418e-01,5.146500587463378906e+00
-6.409375071525573730e-01,2.989372253417968750e+00
9.885179400444030762e-01,1.028244495391845703e+01
5.122612118721008301e-01,8.937264442443847656e+00
2.328728437423706055e+00,1.380992984771728516e+01
9.145579934120178223e-01,8.637049674987792969e+00
-3.586277365684509277e-01,4.217902183532714844e+00
7.859972119331359863e-01,6.487752914428710938e+00
7.048531770706176758e-01,6.655980587005615234e+00
1.406989693641662598e+00,1.046775913238525391e+01
-6.092787981033325195e-01,8.228518486022949219e+00
3.738821446895599365e-01,8.605914115905761719e+00
1.523657202720642090e+00,1.344318008422851562e+01
-5.943654775619506836e-01,4.310255050659179688e+00
-2.632217407226562500e-01,2.434165239334106445e+00
9.586566090583801270e-01,9.959648132324218750e+00
8.333130478858947754e-01,7.497946262359619141e+00
1.763050675392150879e+00,1.147856616973876953e+01
1.114096760749816895e+00,6.420365333557128906e+00
3.818542137742042542e-02,4.513802528381347656e+00
9.245203137397766113e-01,8.872488975524902344e+00
5.099947452545166016e-01,8.289977073669433594e+00
8.840212821960449219e-01,8.195391654968261719e+00
-2.766288220882415771e-01,3.588682889938354492e+00
1.273672461509704590e+00,6.535317897796630859e+00
4.024103283882141113e-01,2.686618089675903320e+00
1.085633873939514160e+00,7.616172790527343750e+00
1.587233066558837891e+00,1.476578521728515625e+01
7.562118172645568848e-01,7.591083526611328125e+00
-5.310172438621520996e-01,5.485856056213378906e+00
5.326437354087829590e-01,8.457131385803222656e+00
1.963014602661132812e-01,2.392168760299682617e+00
1.082600235939025879e+00,9.093197822570800781e+00
1.542082428932189941e-01,6.007192611694335938e+00
9.436596632003784180e-01,6.417613983154296875e+00
9.488351941108703613e-01,7.307564258575439453e+00
6.910991668701171875e-01,7.484968662261962891e+00
2.139394998550415039e+00,1.525604534149169922e+01
4.756164848804473877e-01,5.555362701416015625e+00
6.648085117340087891e-01,9.669919013977050781e+00
9.975127577781677246e-01,1.133077907562255859e+01
1.287828326225280762e+00,1.023038101196289062e+01
6.451287865638732910e-01,7.034982681274414062e+00
7.933282256126403809e-01,8.687774658203125000e+00
9.036349654197692871e-01,7.938589572906494141e+00
7.825624346733093262e-01,6.114090919494628906e+00
-4.930806756019592285e-01,6.529107093811035156e+00
9.365552663803100586e-02,6.529897689819335938e+00
7.380326390266418457e-01,5.948455810546875000e+00
-2.165479660034179688e-01,7.463642120361328125e+00
7.053866982460021973e-01,6.112668037414550781e+00
9.736943244934082031e-01,7.567071437835693359e+00
5.345067977905273438e-01,5.843076705932617188e+00
9.523604512214660645e-01,7.516187191009521484e+00
1.061539530754089355e+00,8.586539268493652344e+00
7.634788751602172852e-01,8.136579513549804688e+00
-7.263756990432739258e-01,2.095366239547729492e+00
9.760460257530212402e-01,7.112757682800292969e+00
1.631911158561706543e+00,1.276031780242919922e+01
8.379688858985900879e-01,7.873496055603027344e+00
3.312409222126007080e-01,4.648697853088378906e+00
1.068600058555603027e+00,9.436114311218261719e+00
3.279818892478942871e-01,6.437161445617675781e+00
6.210106983780860901e-02,6.812080383300781250e+00
3.678452670574188232e-01,6.105958938598632812e+00
8.764821887016296387e-01,6.143646240234375000e+00
3.271626830101013184e-01,1.717699885368347168e+00
7.518600821495056152e-01,7.701725006103515625e+00
-3.908387422561645508e-01,3.217247962951660156e+00
-8.334559202194213867e-01,2.345402956008911133e+00
1.743178367614746094e-01,4.697134971618652344e+00
6.215991377830505371e-01,3.602115869522094727e+00
-1.703629791736602783e-01,7.077135086059570312e+00
7.654969096183776855e-01,5.835050106048583984e+00
1.186770573258399963e-02,3.305327653884887695e+00
9.706905484199523926e-01,1.065893650054931641e+01
-3.335101604461669922e-01,4.056285858154296875e+00
-2.399288415908813477e-01,4.685555934906005859e+00
8.818364739418029785e-01,7.535462379455566406e+00
1.037329792976379395e+00,1.275059795379638672e+01
1.207035303115844727e+00,1.011131191253662109e+01
-5.933059453964233398e-01,2.361150026321411133e+00
-2.658372819423675537e-01,6.897842407226562500e+00
7.626965641975402832e-01,1.024958992004394531e+01
5.134873986244201660e-01,5.495424270629882812e+00
-1.380997896194458008e-01,3.069082021713256836e+00
6.706231236457824707e-01,6.462405204772949219e+00
1.402827382087707520e+00,1.183579158782958984e+01
-4.713953733444213867e-01,6.015293121337890625e+00
2.553551197052001953e-01,2.260777473449707031e+00
-2.263114452362060547e-01,4.513494968414306641e+00
-2.361757159233093262e-01,3.459838628768920898e+00
-5.965932011604309082e-01,7.190796852111816406e+00
9.141849875450134277e-01,8.344981193542480469e+00
7.649783492088317871e-01,8.356968879699707031e+00
6.301623582839965820e-01,7.784136772155761719e+00
4.062007963657379150e-01,1.032496929168701172e+01
-6.938038468360900879e-01,2.444476127624511719e+00
4.102609157562255859e-01,9.011366844177246094e+00
9.192231893539428711e-01,7.644364356994628906e+00
7.932794690132141113e-01,8.114062309265136719e+00
5.536420345306396484e-01,9.630977630615234375e+00
5.030334591865539551e-01,8.293250083923339844e+00
-4.132773876190185547e-01,6.772636413574218750e+00
5.865717530250549316e-01,8.032163619995117188e+00
-1.276680827140808105e-01,3.944520235061645508e+00
1.977659463882446289e-01,4.556565284729003906e+00
9.262425899505615234e-01,1.310035228729248047e+01
2.838123738765716553e-01,4.959815025329589844e+00
1.179650902748107910e+00,1.282758617401123047e+01
7.196614742279052734e-01,7.313036441802978516e+00
-2.167823910713195801e-01,4.457601547241210938e+00
1.155120134353637695e+00,9.848295211791992188e+00
2.445638179779052734e-01,5.343919754028320312e+00
2.650126218795776367e-01,4.522945404052734375e+00
1.111910223960876465e+00,9.201062202453613281e+00
-1.805390715599060059e-01,4.811878204345703125e+00
5.283471941947937012e-01,6.046346664428710938e+00
1.450892329216003418e+00,1.442133808135986328e+01
2.552104368805885315e-02,5.419533252716064453e+00
6.422254443168640137e-02,1.088906192779541016e+01
9.508017450571060181e-03,6.837374687194824219e+00
-8.945304155349731445e-01,3.011735677719116211e+00
9.503163695335388184e-01,8.546545982360839844e+00
-7.253007292747497559e-01,2.108266115188598633e+00
4.194972813129425049e-01,5.633648872375488281e+00
-3.038733899593353271e-01,6.077292442321777344e+00
-3.810015041381120682e-03,7.884112358093261719e+00
8.645955324172973633e-01,7.481152534484863281e+00
7.495560050010681152e-01,8.574336051940917969e+00
6.489982008934020996e-01,6.976829528808593750e+00
1.421391367912292480e+00,9.020627975463867188e+00
-1.835525929927825928e-01,4.828578948974609375e+00
4.343975782394409180e-01,7.113235473632812500e+00
5.617304444313049316e-01,6.084460735321044922e+00
9.781586527824401855e-01,8.481257438659667969e+00
2.961498498916625977e-01,6.653802394866943359e+00
8.096202015876770020e-01,8.361436843872070312e+00
-5.338703989982604980e-01,4.521470546722412109e+00
1.176015019416809082e+00,9.402952194213867188e+00
1.030006766319274902e+00,8.204763412475585938e+00
4.109711349010467529e-01,8.070355415344238281e+00
8.637588620185852051e-01,1.015097522735595703e+01
-1.161897778511047363e-01,6.243128776550292969e+00
1.350003004074096680e+00,1.037419223785400391e+01
1.102572441101074219e+00,9.728453636169433594e+00
-7.826685905456542969e-01,6.827075958251953125e+00
-6.189671158790588379e-01,3.776163578033447266e+00
-1.011459708213806152e+00,2.132141351699829102e+00
1.763708710670471191e+00,1.273167324066162109e+01
3.742532730102539062e-01,5.833002090454101562e+00
9.677183032035827637e-01,7.883901119232177734e+00
1.525544226169586182e-01,9.510054588317871094e+00
1.080166935920715332e+00,1.115370273590087891e+01
4.083059728145599365e-01,4.988781452178955078e+00
5.038352012634277344e-01,7.026790618896484375e+00
8.400547504425048828e-02,7.654662132263183594e+00
7.252799868583679199e-01,5.370558738708496094e+00
6.250436305999755859e-01,1.026406383514404297e+01
9.104367494583129883e-01,6.426880359649658203e+00
-6.284244656562805176e-01,7.426432609558105469e+00
5.155224204063415527e-01,3.589646577835083008e+00
5.229055285453796387e-01,1.210255527496337891e+01
1.056824564933776855e+00,7.405329704284667969e+00
1.928267180919647217e-01,7.620936870574951172e+00
8.132350444793701172e-01,1.029308032989501953e+01
3.198746442794799805e-01,4.276666641235351562e+00
1.274078965187072754e+00,8.098294258117675781e+00
1.321841359138488770e+00,8.534748077392578125e+00
1.484834671020507812e+00,1.189343070983886719e+01
-5.187143087387084961e-01,3.036952733993530273e+00
5.375548005104064941e-01,7.898920536041259766e+00
7.697474956512451172e-01,5.835409641265869141e+00
3.059975802898406982e-01,2.897556543350219727e+00
1.117888331413269043e+00,1.013729572296142578e+01
4.031111001968383789e-01,8.212918281555175781e+00
-5.889375805854797363e-01,3.552732944488525391e+00
8.472346067428588867e-01,8.766066551208496094e+00
1.544743180274963379e+00,1.198165988922119141e+01
1.898843646049499512e-01,7.740721702575683594e+00
3.377415835857391357e-01,1.100654888153076172e+01
9.501915574073791504e-01,9.172477722167968750e+00
7.009676098823547363e-02,6.614762306213378906e+00
-5.068305134773254395e-01,3.281193494796752930e+00
-5.707698687911033630e-02,1.332548618316650391e+00
3.664706945419311523e-01,6.148962020874023438e+00
1.595696568489074707e+00,1.139684963226318359e+01
3.878380060195922852e-01,8.460217475891113281e+00
6.852163672447204590e-01,6.903014183044433594e+00
1.205390810966491699e+00,9.626345634460449219e+00
1.471990823745727539e+00,9.381321907043457031e+00
1.489261746406555176e+00,1.252142143249511719e+01
1.331668972969055176e+00,1.358367061614990234e+01
-2.979854941368103027e-01,3.111110448837280273e+00
1.108709931373596191e+00,1.218771648406982422e+01
-7.340031862258911133e-02,4.686575412750244141e+00
-4.287607073783874512e-01,5.815880775451660156e+00
-1.614584922790527344e-01,5.633565902709960938e+00
1.046794533729553223e+00,1.032645320892333984e+01
5.195932984352111816e-01,7.520039558410644531e+00
2.335559725761413574e-01,3.362779140472412109e+00
9.599424004554748535e-01,8.308588027954101562e+00
-2.300659418106079102e-01,1.456754207611083984e+00
1.332676768302917480e+00,9.539744377136230469e+00
-9.444278478622436523e-02,5.120833396911621094e+00
1.215119838714599609e+00,6.728383064270019531e+00
6.474673151969909668e-01,6.509517669677734375e+00
3.740775883197784424e-01,7.591834068298339844e+00
4.880006313323974609e-01,7.574987888336181641e+00
1.487689614295959473e+00,1.152493286132812500e+01
-7.567956447601318359e-01,1.665348291397094727e+00
6.506074070930480957e-01,5.293365001678466797e+00
9.160966277122497559e-01,6.703406810760498047e+00
4.301344156265258789e-01,6.512727737426757812e+00
7.679558396339416504e-01,5.906106472015380859e+00
6.483356356620788574e-01,9.547527313232421875e+00
1.139971852302551270e+00,1.063887310028076172e+01
3.341138958930969238e-01,5.938815116882324219e+00
8.945506811141967773e-01,7.571252346038818359e+00
-3.854290246963500977e-01,1.970333933830261230e+00
7.860779166221618652e-01,7.469434261322021484e+00
9.366567730903625488e-01,6.213605880737304688e+00
-3.029931485652923584e-01,3.558905363082885742e+00
-1.066365540027618408e-01,6.650930404663085938e+00
6.191483139991760254e-01,6.050353050231933594e+00
2.216735780239105225e-01,4.377053260803222656e+00
8.742958307266235352e-01,1.044845294952392578e+01
-7.805450558662414551e-01,2.575886011123657227e+00
9.545038342475891113e-01,8.531125068664550781e+00
-5.152805447578430176e-01,5.584897994995117188e+00
9.947475790977478027e-01,5.651217937469482422e+00
1.815773010253906250e+00,1.102537631988525391e+01
1.186303853988647461e+00,1.147727489471435547e+01
6.376270651817321777e-01,1.001245784759521484e+01
9.814921021461486816e-01,5.988356590270996094e+00
1.642905592918395996e+00,1.244197940826416016e+01
-9.436870217323303223e-01,2.061846971511840820e+00
9.261277318000793457e-01,9.980551719665527344e+00
4.307275116443634033e-01,6.322787284851074219e+00
1.179861187934875488e+00,1.018739032745361328e+01
-4.581069350242614746e-01,4.581274688243865967e-01
8.532369136810302734e-01,9.890696525573730469e+00
-4.481227397918701172e-01,8.582165837287902832e-01
9.999296665191650391e-01,5.225202083587646484e+00
-8.398228883743286133e-02,4.210959434509277344e+00
-2.549538612365722656e-01,7.029829978942871094e+00
4.649102091789245605e-01,9.204113006591796875e+00
-3.687610924243927002e-01,2.308992624282836914e+00
9.645079374313354492e-01,7.294400691986083984e+00
1.260507225990295410e+00,9.312724113464355469e+00
-2.411644458770751953e-01,4.343334674835205078e+00
2.717353105545043945e-01,6.310312747955322266e+00
7.879585623741149902e-01,6.207671165466308594e+00
7.919165492057800293e-01,9.188787460327148438e+00
-3.726641535758972168e-01,3.785288572311401367e+00
7.967873811721801758e-01,6.351022720336914062e+00
1.718326449394226074e+00,1.400043201446533203e+01
6.657375693321228027e-01,1.043151664733886719e+01
3.850485682487487793e-01,4.741287231445312500e+00
2.020386755466461182e-01,6.291501998901367188e+00
8.756875395774841309e-01,8.890397071838378906e+00
-2.567349076271057129e-01,3.918051958084106445e+00
-7.170823216438293457e-02,7.636001586914062500e+00
-4.445075690746307373e-01,4.747629165649414062e+00
1.376092791557312012e+00,1.315831661224365234e+01
1.277577400207519531e+00,1.002481174468994141e+01
-5.965040326118469238e-01,2.920480966567993164e+00
9.931837320327758789e-01,8.139752388000488281e+00
2.038876295089721680e+00,1.452502059936523438e+01
1.291990876197814941e-01,3.738430976867675781e+00
1.515136063098907471e-01,5.170342445373535156e+00
2.050708532333374023e+00,1.340992355346679688e+01
1.344164490699768066e+00,8.828932762145996094e+00
1.045228600502014160e+00,5.336392879486083984e+00
1.276348710060119629e+00,9.489338874816894531e+00
-2.762047648429870605e-01,1.538911461830139160e+00
1.876477241516113281e+00,1.371017360687255859e+01
7.144531011581420898e-01,8.784324645996093750e+00
1.742249131202697754e+00,1.362205219268798828e+01
9.082396626472473145e-01,6.566321849822998047e+00
2.315042018890380859e-01,6.883555412292480469e+00
2.616415321826934814e-01,6.045654773712158203e+00
-5.640595778822898865e-02,4.189747810363769531e+00
1.073612093925476074e+00,6.753303527832031250e+00
1.220568299293518066e+00,1.345251941680908203e+01
-4.766597449779510498e-01,1.180849671363830566e+00
7.698941230773925781e-01,7.116543769836425781e+00
5.625817179679870605e-01,1.099373626708984375e+01
-4.292635619640350342e-01,7.000241756439208984e+00
-1.578965783119201660e-01,4.851106643676757812e+00
7.440339922904968262e-01,8.236041069030761719e+00
6.677472591400146484e-02,7.354045391082763672e+00
3.518134951591491699e-01,1.128820133209228516e+01
-4.452406987547874451e-02,6.044827461242675781e+00
4.084310829639434814e-01,7.472741127014160156e+00
-2.851680815219879150e-01,3.102319002151489258e+00
7.108840942382812500e-01,6.931730270385742188e+00
6.256181597709655762e-01,7.616178035736083984e+00
-1.231891810894012451e-01,5.897717475891113281e+00
1.081838488578796387e+00,1.059434604644775391e+01
4.864188432693481445e-01,4.684365272521972656e+00
5.373416543006896973e-01,5.115307807922363281e+00
-5.406263470649719238e-01,4.298020839691162109e+00
9.536242485046386719e-01,7.509549140930175781e+00
4.871881380677223206e-02,5.049691677093505859e+00
1.235990405082702637e+00,9.275894165039062500e+00
-9.739469885826110840e-01,3.326972723007202148e+00
-4.367202147841453552e-02,5.405147552490234375e+00
2.571127712726593018e-01,7.644227027893066406e+00
1.097977995872497559e+00,8.575718879699707031e+00
6.338347792625427246e-01,5.959709167480468750e+00
-7.050458788871765137e-01,1.106584429740905762e+00
1.066163182258605957e+00,1.014907550811767578e+01
1.620911359786987305e-01,3.681555509567260742e+00
1.007935523986816406e+00,5.437255859375000000e+00
1.364199638366699219e+00,7.281236648559570312e+00
-1.991508007049560547e-01,6.927691936492919922e+00
-4.066876173019409180e-01,6.063099861145019531e+00
1.064817070960998535e+00,7.231908798217773438e+00
-8.883934617042541504e-01,3.934640645980834961e+00
-4.322239458560943604e-01,5.451578617095947266e+00
1.496971964836120605e+00,9.576289176940917969e+00
-6.183632016181945801e-01,7.962023735046386719e+00
-6.469960808753967285e-01,2.847293615341186523e+00
-4.437239468097686768e-01,2.218016862869262695e+00
1.485419645905494690e-02,1.859237074851989746e+00
1.224209547042846680e+00,1.036650466918945312e+01
-6.049155592918395996e-01,2.325340747833251953e+00
-3.074742555618286133e-01,5.466239929199218750e+00
8.814894556999206543e-01,9.348608016967773438e+00
7.819802165031433105e-01,8.979931831359863281e+00
1.871850371360778809e+00,1.368697357177734375e+01
8.463875055313110352e-01,5.934429645538330078e+00
1.408469796180725098e+00,1.100226497650146484e+01
6.886110901832580566e-01,4.432835102081298828e+00
1.069877266883850098e+00,7.735619544982910156e+00
1.395962357521057129e+00,1.388381481170654297e+01
1.452392637729644775e-01,7.090031623840332031e+00
5.478674769401550293e-01,8.051124572753906250e+00
-4.486983641982078552e-02,6.009635448455810547e+00
2.300307452678680420e-01,6.616031646728515625e+00
1.561671853065490723e+00,1.350103759765625000e+01
-6.760336756706237793e-01,3.615874767303466797e+00
9.158198237419128418e-01,6.025649070739746094e+00
8.653092980384826660e-01,5.884821891784667969e+00
-1.942048668861389160e-01,6.139110565185546875e+00
-1.051237583160400391e-01,4.948992252349853516e+00
5.326003432273864746e-01,6.878710746765136719e+00
1.560429453849792480e+00,1.028188705444335938e+01
1.131766200065612793e+00,8.768283843994140625e+00
1.359652638435363770e+00,1.115483570098876953e+01
6.171303987503051758e-01,4.444064140319824219e+00
9.473077654838562012e-01,6.247159481048583984e+00
5.428285598754882812e-01,7.838540554046630859e+00
4.757595360279083252e-01,5.706515312194824219e+00
5.546571016311645508e-01,5.669655323028564453e+00
1.197800636291503906e+00,9.040591239929199219e+00
6.986094117164611816e-01,3.444837570190429688e+00
7.470820546150207520e-01,7.793143272399902344e+00
1.111338019371032715e+00,9.280375480651855469e+00
8.958783149719238281e-01,5.995525360107421875e+00
4.308813214302062988e-01,5.748387336730957031e+00
8.310176134109497070e-01,5.848873138427734375e+00
6.898860335350036621e-01,8.225174903869628906e+00
-6.799277383834123611e-03,7.020617485046386719e+00
1.342558979988098145e+00,1.312553977966308594e+01
9.302495121955871582e-01,9.599307060241699219e+00
9.880447983741760254e-01,9.585410118103027344e+00
1.816844820976257324e+00,1.395961761474609375e+01
1.811128497123718262e+00,1.292887306213378906e+01
7.025378346443176270e-01,1.131710815429687500e+01
1.064340233802795410e+00,7.076398849487304688e+00
4.441367685794830322e-01,5.804619789123535156e+00
2.734161317348480225e-01,6.766250610351562500e+00
1.489381432533264160e+00,1.247078609466552734e+01
6.785947084426879883e-01,8.291934013366699219e+00
3.301808536052703857e-01,3.695552587509155273e+00
2.283905744552612305e-01,7.399072647094726562e+00
3.636552989482879639e-01,7.798768043518066406e+00
1.023307442665100098e-01,4.547326087951660156e+00
3.471880257129669189e-01,4.714160442352294922e+00
1.934815049171447754e-01,4.658953666687011719e+00
-7.302648425102233887e-01,3.422096490859985352e+00
6.614938974380493164e-01,5.920861721038818359e+00
-8.691129088401794434e-01,3.149695396423339844e+00
7.706211805343627930e-01,7.099613189697265625e+00
5.939707756042480469e-01,8.360868453979492188e+00
7.365419864654541016e-01,6.987960815429687500e+00
1.332295775413513184e+00,1.184656047821044922e+01
4.662331938743591309e-01,6.650776386260986328e+00
1.263120889663696289e+00,1.005868625640869141e+01
-6.238977909088134766e-01,3.833128452301025391e+00
1.831907033920288086e-01,3.808292865753173828e+00
9.593099951744079590e-01,6.359565258026123047e+00
-2.206539809703826904e-01,5.017629623413085938e+00
1.408211231231689453e+00,1.071961116790771484e+01
7.620186209678649902e-01,7.941637992858886719e+00
3.023496568202972412e-01,7.269676685333251953e+00
1.598656058311462402e+00,1.263138294219970703e+01
-9.089466333389282227e-01,1.688462018966674805e+00
2.424556612968444824e-01,3.943450212478637695e+00
8.581159710884094238e-01,9.697245597839355469e+00
6.917316317558288574e-01,6.121453642845153809e-01
1.104681849479675293e+00,1.182462310791015625e+01
9.425833821296691895e-01,1.144589138031005859e+01
8.130323290824890137e-01,6.277982711791992188e+00
7.212871909141540527e-01,5.495300769805908203e+00
2.826134562492370605e-01,5.187366485595703125e+00
1.867323040962219238e+00,1.377515697479248047e+01
1.376124262809753418e+00,1.095186901092529297e+01
9.383197426795959473e-01,6.003568172454833984e+00
1.464075222611427307e-02,6.211543083190917969e+00
4.855919480323791504e-01,7.401125907897949219e+00
-3.335587382316589355e-01,6.594376087188720703e+00
2.176835834980010986e-01,6.186073303222656250e+00
1.509538650512695312e+00,9.774806976318359375e+00
6.511501073837280273e-01,7.427929401397705078e+00
-1.893061101436614990e-01,9.137369155883789062e+00
5.266572237014770508e-01,5.088541984558105469e+00
1.429394960403442383e+00,1.102742862701416016e+01
7.171224951744079590e-01,7.436421394348144531e+00
1.209512829780578613e+00,9.623940467834472656e+00
-4.566059112548828125e-01,2.427252054214477539e+00
7.511175870895385742e-01,7.054809570312500000e+00
9.454718232154846191e-01,7.182903289794921875e+00
9.989112019538879395e-01,9.197127342224121094e+00
1.111971735954284668e+00,8.556303024291992188e+00
-6.734015941619873047e-01,2.857919454574584961e+00
1.312047243118286133e+00,9.305276870727539062e+00
-6.994319558143615723e-01,1.879312038421630859e+00
3.854534029960632324e-01,7.158772468566894531e+00
1.066957831382751465e+00,8.161786079406738281e+00
3.319427371025085449e-01,5.820742607116699219e+00
1.722671031951904297e+00,1.273957443237304688e+01
1.250676512718200684e+00,8.728811264038085938e+00
1.202618956565856934e+00,9.788358688354492188e+00
8.629481196403503418e-01,6.764264106750488281e+00
2.903412580490112305e-01,9.630880355834960938e+00
5.631343722343444824e-01,3.868666410446166992e+00
5.786125063896179199e-01,6.040586471557617188e+00
5.886586308479309082e-01,6.095096588134765625e+00
1.422104597091674805e+00,1.080040645599365234e+01
9.957609772682189941e-01,7.339148521423339844e+00
-4.595422372221946716e-02,5.875624656677246094e+00
1.056308507919311523e+00,9.269924163818359375e+00
9.822800755500793457e-01,1.149834537506103516e+01
8.939639925956726074e-01,7.297572612762451172e+00
1.076241850852966309e+00,9.417330741882324219e+00
4.706901609897613525e-01,7.852627754211425781e+00
7.117722034454345703e-01,8.210682868957519531e+00
7.367417812347412109e-01,9.904356002807617188e+00
6.071858406066894531e-01,9.910146713256835938e+00
-6.553954482078552246e-01,6.623042106628417969e+00
7.510802149772644043e-01,6.877696037292480469e+00
8.306497335433959961e-02,4.302680015563964844e+00
5.220353007316589355e-01,5.962735176086425781e+00
8.195443749427795410e-01,3.554044961929321289e+00
-2.738774120807647705e-01,6.586325645446777344e+00
-5.195268392562866211e-01,2.762478590011596680e-01
1.100332856178283691e+00,8.968488693237304688e+00
-6.031476259231567383e-01,4.749783992767333984e+00
1.609824895858764648e+00,1.289350318908691406e+01
1.110276579856872559e+00,1.098056316375732422e+01
-1.092087030410766602e-01,3.477077245712280273e+00
4.270386695861816406e-01,6.840344429016113281e+00
-6.766805052757263184e-01,8.296169638633728027e-01
-6.979761719703674316e-01,3.623489856719970703e+00
1.015942096710205078e+00,1.103825569152832031e+01
1.274497866630554199e+00,1.084535026550292969e+01
6.658118367195129395e-01,7.245857715606689453e+00
1.482176899909973145e+00,1.223677539825439453e+01
-6.153572201728820801e-01,4.834916591644287109e+00
-4.391728639602661133e-01,6.848367691040039062e+00
1.047968864440917969e+00,9.413750648498535156e+00
1.277914047241210938e+00,1.058505439758300781e+01
7.950942516326904297e-01,6.437891960144042969e+00
6.556020379066467285e-01,8.050370216369628906e+00
1.422109603881835938e+00,1.157830333709716797e+01
6.325045228004455566e-01,8.589567184448242188e+00
-2.188037931919097900e-01,4.888980865478515625e+00
1.262228131294250488e+00,9.436134338378906250e+00
1.424584627151489258e+00,9.057452201843261719e+00
1.542335629463195801e+00,1.306823062896728516e+01
6.559591889381408691e-01,5.380108833312988281e+00
1.753967404365539551e-01,7.101841926574707031e+00
6.427874565124511719e-01,7.518705368041992188e+00
1.229758858680725098e+00,1.110457324981689453e+01
-1.116554737091064453e-01,6.764260292053222656e+00
8.669752478599548340e-01,7.320656776428222656e+00
1.216147065162658691e+00,8.832372665405273438e+00
-2.814878225326538086e-01,4.017580509185791016e+00
3.643765449523925781e-01,6.631468296051025391e+00
-1.025382876396179199e-01,6.492179870605468750e+00
7.226578593254089355e-01,9.837907791137695312e+00
7.601354122161865234e-01,9.456167221069335938e+00
2.847276329994201660e-01,7.061793327331542969e+00
4.458211362361907959e-01,7.473045349121093750e+00
1.783063173294067383e+00,1.450191879272460938e+01
9.375547766685485840e-01,9.869444847106933594e+00
-9.418932795524597168e-01,7.331466674804687500e-01
5.475268959999084473e-01,5.137121200561523438e+00
2.819593548774719238e-01,6.695955753326416016e+00
3.184566795825958252e-01,4.678164005279541016e+00
9.342829585075378418e-01,8.874299049377441406e+00
8.371970057487487793e-01,8.300924301147460938e+00
7.955431342124938965e-01,1.010033321380615234e+01
1.319192051887512207e+00,1.087945079803466797e+01
1.067453384399414062e+00,1.185928726196289062e+01
9.033018350601196289e-01,7.092514991760253906e+00
1.962748169898986816e-01,4.036166667938232422e+00
6.765190958976745605e-01,4.925187110900878906e+00
7.025370001792907715e-01,7.009166240692138672e+00
-5.051346421241760254e-01,6.199249267578125000e+00
6.994667649269104004e-01,8.778085708618164062e+00
8.883427977561950684e-01,6.757732391357421875e+00
6.402021646499633789e-02,8.776472091674804688e+00
-1.548660397529602051e-01,4.353664398193359375e+00
-8.750469088554382324e-01,3.527941942214965820e+00
1.119031071662902832e+00,1.103140354156494141e+01
6.397521495819091797e-01,6.187915325164794922e+00
8.444846272468566895e-01,7.103787422180175781e+00
1.789948344230651855e-01,3.256656885147094727e+00
4.922477602958679199e-01,3.144447088241577148e+00
5.337218642234802246e-01,7.846466064453125000e+00
-1.866592764854431152e-01,7.113305091857910156e+00
6.216171663254499435e-03,6.088558197021484375e+00
6.897631566971540451e-03,6.492502212524414062e+00
8.853154778480529785e-01,7.093666076660156250e+00
8.551329374313354492e-01,8.600535392761230469e+00
-2.229810357093811035e-01,2.964905738830566406e+00
1.145997405052185059e+00,8.494758605957031250e+00
6.719053387641906738e-01,6.094681739807128906e+00
1.226681113243103027e+00,7.690196990966796875e+00
8.619517087936401367e-01,9.268317222595214844e+00
-9.761229157447814941e-02,6.045992851257324219e+00
5.338383316993713379e-01,8.722872734069824219e+00
-8.738198876380920410e-02,6.078979492187500000e+00
1.186971306800842285e+00,9.841553688049316406e+00
1.010925173759460449e-01,3.978078842163085938e+00
2.363708972930908203e+00,1.650730133056640625e+01
7.722239494323730469e-01,4.833288192749023438e+00
4.795631170272827148e-01,3.785893440246582031e+00
-4.837253689765930176e-01,5.671268463134765625e+00
6.214863657951354980e-01,9.150685310363769531e+00
9.992514252662658691e-01,8.295746803283691406e+00
7.795794010162353516e-01,9.418948173522949219e+00
1.012992858886718750e-01,7.131177902221679688e+00
-5.746202468872070312e-01,3.714662551879882812e+00
5.640252232551574707e-01,5.671360969543457031e+00
9.548491835594177246e-01,8.613724708557128906e+00
-5.277809221297502518e-03,4.423094272613525391e+00
3.814971745014190674e-01,5.793555259704589844e+00
-5.400918722152709961e-01,2.359075307846069336e+00
5.770415663719177246e-01,6.993305683135986328e+00
2.165859043598175049e-01,5.547549247741699219e+00
4.911828637123107910e-01,6.487963199615478516e+00
-2.536984384059906006e-01,7.499200820922851562e+00
1.082494497299194336e+00,8.104859352111816406e+00
1.776747107505798340e-01,6.565711975097656250e+00
1.063486456871032715e+00,1.027054119110107422e+01
2.146075010299682617e+00,1.574681758880615234e+01
1.229144811630249023e+00,9.523845672607421875e+00
2.681076899170875549e-02,7.624151706695556641e+00
8.019747138023376465e-01,7.337099552154541016e+00
1.426142930984497070e+00,9.761580467224121094e+00
1.310551047325134277e+00,1.100885200500488281e+01
1.069998502731323242e+00,9.401898384094238281e+00
9.620005488395690918e-01,9.200165748596191406e+00
1.045995950698852539e+00,1.166154956817626953e+01
1.547784805297851562e+00,1.072017192840576172e+01
3.865431547164916992e-01,5.157349586486816406e+00
1.358101010322570801e+00,1.150870800018310547e+01
1.431079387664794922e+00,7.228935241699218750e+00
1.042958498001098633e+00,7.593779563903808594e+00
-7.996103167533874512e-01,6.132926940917968750e+00
9.133583903312683105e-01,8.796975135803222656e+00
5.145824551582336426e-01,5.780889511108398438e+00
6.671128273010253906e-01,6.607149124145507812e+00
1.681688189506530762e+00,1.126492786407470703e+01
-1.009876132011413574e+00,3.066391706466674805e+00
1.874881982803344727e-01,7.589489459991455078e+00
7.270358204841613770e-01,6.946881294250488281e+00
4.982466101646423340e-01,2.441293954849243164e+00
9.750893712043762207e-01,1.253679561614990234e+01
8.097213506698608398e-01,6.386862754821777344e+00
2.461203336715698242e+00,1.520047664642333984e+01
1.122277855873107910e+00,9.708310127258300781e+00
1.453328967094421387e+00,1.303470706939697266e+01
1.224980711936950684e+00,7.894475936889648438e+00
1.233589529991149902e+00,9.577269554138183594e+00
5.217069759964942932e-02,3.526692390441894531e+00
1.523579955101013184e-01,7.201253890991210938e+00
3.274776339530944824e-01,8.837633132934570312e+00
-1.463037133216857910e-01,7.022816658020019531e+00
6.151875257492065430e-01,7.748652458190917969e+00
1.773225665092468262e-01,9.228075027465820312e+00
3.927614688873291016e-01,6.703909873962402344e+00
9.467552900314331055e-01,7.491829395294189453e+00
1.442573428153991699e+00,1.003232288360595703e+01
4.671705141663551331e-02,7.949007987976074219e+00
7.754694819450378418e-01,8.745302200317382812e+00
5.627378821372985840e-01,6.297228336334228516e+00
3.026485815644264221e-02,5.608952522277832031e+00
-3.325164616107940674e-01,6.126585006713867188e+00
8.442866206169128418e-01,9.466542243957519531e+00
-6.722891926765441895e-01,3.351358175277709961e+00
1.349573254585266113e+00,1.289356899261474609e+01
2.151601910591125488e-01,5.724639892578125000e+00
1.022256731986999512e+00,7.485351562500000000e+00
1.008967995643615723e+00,9.961398124694824219e+00
-8.810991048812866211e-02,4.071699619293212891e+00
2.073688507080078125e+00,1.330423259735107422e+01
1.116244554519653320e+00,7.520813941955566406e+00
3.728562593460083008e-01,4.406683921813964844e+00
-2.433618307113647461e-01,4.346423149108886719e+00
1.325580239295959473e+00,7.878306865692138672e+00
1.169491648674011230e+00,1.049885845184326172e+01
3.644298613071441650e-01,8.101533889770507812e+00
6.109909415245056152e-01,6.152424812316894531e+00
7.134892344474792480e-01,5.271879196166992188e+00
-6.177559494972229004e-01,2.753038883209228516e+00
1.170904517173767090e+00,1.037525367736816406e+01
-8.633151054382324219e-01,3.184031248092651367e+00
5.343073606491088867e-01,5.881004333496093750e+00
1.131312727928161621e+00,8.893334388732910156e+00
-6.957845091819763184e-01,1.602709889411926270e+00
9.353827238082885742e-01,9.432974815368652344e+00
3.713094294071197510e-01,6.905384063720703125e+00
7.924284338951110840e-01,9.722203254699707031e+00
9.641991257667541504e-01,1.085370159149169922e+01
1.073338627815246582e+00,8.374189376831054688e+00
1.447261214256286621e+00,7.712684154510498047e+00
1.166324615478515625e+00,1.036318111419677734e+01
1.711348772048950195e+00,1.343421649932861328e+01
-2.899075150489807129e-01,4.671751022338867188e+00
6.229757666587829590e-01,7.742356300354003906e+00
9.947286844253540039e-01,7.882168769836425781e+00
1.637549996376037598e+00,1.254661846160888672e+01
9.502519369125366211e-01,7.641723155975341797e+00
6.728757619857788086e-01,9.172197341918945312e+00
-2.196422219276428223e-01,5.590400695800781250e+00
1.639756917953491211e+00,1.159246826171875000e+01
-1.972144246101379395e-01,5.702770233154296875e+00
6.280863881111145020e-01,5.467930316925048828e+00
5.982238054275512695e-01,6.019533157348632812e+00
-5.316377878189086914e-01,4.315268993377685547e+00
8.104181289672851562e-01,6.767020225524902344e+00
-3.350629210472106934e-01,5.493677139282226562e+00
1.134659528732299805e+00,8.918190002441406250e+00
3.835923671722412109e-01,5.910261631011962891e+00
2.090386152267456055e-01,4.882452964782714844e+00
5.103741884231567383e-01,7.065378189086914062e+00
4.905519485473632812e-01,5.776606559753417969e+00
8.746997714042663574e-01,8.444846153259277344e+00
1.170966267585754395e+00,1.007386779785156250e+01
7.629637122154235840e-01,8.406556129455566406e+00
3.700340390205383301e-01,4.583796024322509766e+00
1.034961581230163574e+00,9.327221870422363281e+00
-2.662908658385276794e-02,3.388550043106079102e+00
1.201028466224670410e+00,1.056051826477050781e+01
-6.323153376579284668e-01,3.534822702407836914e+00
1.048688054084777832e+00,1.119678306579589844e+01
6.675269603729248047e-01,9.387095451354980469e+00
7.630459666252136230e-01,8.976926803588867188e+00
1.049852609634399414e+00,5.834918022155761719e+00
-4.664998650550842285e-01,3.833996057510375977e+00
1.656082272529602051e+00,1.063245201110839844e+01
8.161690831184387207e-01,9.416176795959472656e+00
-1.893618702888488770e-01,4.007181644439697266e+00
1.249471783638000488e+00,1.026087856292724609e+01
-7.991197705268859863e-01,3.950004816055297852e+00
-2.743160352110862732e-02,1.581189036369323730e+00
1.044169068336486816e+00,9.322344779968261719e+00
5.795665383338928223e-01,6.410114288330078125e+00
7.245241403579711914e-01,8.313498497009277344e+00
1.554553270339965820e+00,1.085475826263427734e+01
3.235100805759429932e-01,5.905801773071289062e+00
1.940393820405006409e-02,7.302367687225341797e+00
-6.220300197601318359e-01,2.868469953536987305e+00
7.974118590354919434e-01,6.151543617248535156e+00
9.033359885215759277e-01,4.210665225982666016e+00
7.775406241416931152e-01,8.631463050842285156e+00
7.736544013023376465e-01,8.199727058410644531e+00
9.903044700622558594e-01,9.427563667297363281e+00
9.634477496147155762e-01,1.368998622894287109e+01
6.624196767807006836e-01,6.821717262268066406e+00
-4.818017184734344482e-01,5.977814674377441406e+00
1.093067526817321777e+00,8.276411056518554688e+00
-4.385489821434020996e-01,4.891222000122070312e+00
-6.393802165985107422e-02,2.580223798751831055e+00
8.170738816261291504e-01,8.099387168884277344e+00
6.700884699821472168e-01,5.182488918304443359e+00
5.805355906486511230e-01,8.492115974426269531e+00
7.129620313644409180e-01,6.597666740417480469e+00
9.857442378997802734e-01,7.213376045227050781e+00
7.022061944007873535e-01,6.409062862396240234e+00
-3.269204497337341309e-01,2.917627096176147461e+00
1.266014218330383301e+00,9.797299385070800781e+00
-5.071790218353271484e-01,2.454631805419921875e+00
1.185683727264404297e+00,9.631978988647460938e+00
1.301410794258117676e+00,9.949082374572753906e+00
5.773761272430419922e-01,8.144546508789062500e+00
8.550540804862976074e-01,6.986677169799804688e+00
6.577246189117431641e-01,5.640947341918945312e+00
1.110164999961853027e+00,1.051164436340332031e+01
9.223858714103698730e-01,1.041280078887939453e+01
4.312220811843872070e-01,5.716628074645996094e+00
8.077622056007385254e-01,8.532879829406738281e+00
1.297163367271423340e-01,6.427572250366210938e+00
1.142081618309020996e+00,1.056239223480224609e+01
1.569390654563903809e+00,1.213060474395751953e+01
-5.334038138389587402e-01,4.222566604614257812e+00
7.317433357238769531e-01,6.400870323181152344e+00
2.060593962669372559e-01,3.900622844696044922e+00
1.232039332389831543e+00,1.049551677703857422e+01
9.623120427131652832e-01,1.007472801208496094e+01
-4.599558934569358826e-02,7.103584289550781250e+00
1.623553872108459473e+00,1.554100894927978516e+01
1.062942862510681152e+00,7.667608261108398438e+00
1.220719456672668457e+00,1.304284191131591797e+01
8.984660506248474121e-01,9.099295616149902344e+00
-2.883144617080688477e-01,5.942735195159912109e+00
1.439583182334899902e+00,1.375189781188964844e+01
9.378906488418579102e-01,9.625272750854492188e+00
-6.117969155311584473e-01,2.348305940628051758e+00
1.417178630828857422e+00,9.852178573608398438e+00
4.797596931457519531e-01,4.324139595031738281e+00
-7.177931666374206543e-01,7.251157283782958984e+00
9.077322483062744141e-02,5.799803733825683594e+00
-2.840186357498168945e-01,7.901852607727050781e+00
8.284427523612976074e-01,5.932112693786621094e+00
6.400635838508605957e-01,7.696215629577636719e+00
7.411091923713684082e-01,6.382359504699707031e+00
-6.524860858917236328e-02,4.524463653564453125e+00
1.355770230293273926e+00,1.255602645874023438e+01
-2.120144963264465332e-01,3.810816526412963867e+00
6.166370511054992676e-01,9.519732475280761719e+00
5.517843645066022873e-03,3.113656044006347656e+00
1.003436565399169922e+00,5.898289680480957031e+00
5.858209729194641113e-01,8.258944511413574219e+00
5.608781576156616211e-01,4.257892131805419922e+00
7.102704048156738281e-02,7.166730880737304688e+00
9.362215399742126465e-01,7.684394836425781250e+00
6.389351487159729004e-01,9.146529197692871094e+00
-2.103770375251770020e-01,4.024750232696533203e+00
5.891628861427307129e-01,6.166226387023925781e+00
8.528319597244262695e-01,6.631488800048828125e+00
7.801491022109985352e-01,7.223678588867187500e+00
3.525753319263458252e-01,8.651099205017089844e+00
-5.054569840431213379e-01,2.145950794219970703e+00
1.093718290328979492e+00,6.770186424255371094e+00
8.696349263191223145e-01,9.192549705505371094e+00
9.752745628356933594e-01,7.947274208068847656e+00
-5.393418073654174805e-01,8.482033729553222656e+00
9.572865962982177734e-01,9.238949775695800781e+00
1.458604812622070312e+00,1.009563350677490234e+01
1.721934080123901367e-01,8.286983489990234375e+00
1.079796195030212402e+00,1.007862949371337891e+01
3.920811116695404053e-01,6.827076435089111328e+00
5.482831001281738281e-01,5.856652736663818359e+00
-9.688705205917358398e-02,5.700499534606933594e+00
1.178685188293457031e+00,9.529588699340820312e+00
9.815621376037597656e-01,1.090882778167724609e+01
8.557729125022888184e-01,3.392494916915893555e+00
1.410224437713623047e+00,1.152484798431396484e+01
4.584354460239410400e-01,7.824846744537353516e+00
-4.026766121387481689e-01,5.370266914367675781e+00
1.390448808670043945e+00,1.000752735137939453e+01
-8.006244897842407227e-01,6.833145141601562500e+00
3.546428680419921875e-01,6.581918716430664062e+00
-9.020036458969116211e-02,2.733772277832031250e+00
9.617398381233215332e-01,6.608655452728271484e+00
8.719294667243957520e-01,6.447210788726806641e+00
-4.084090292453765869e-01,5.091989040374755859e+00
8.375706076622009277e-01,7.850620269775390625e+00
8.475692272186279297e-01,6.653271198272705078e+00
-3.059154450893402100e-01,6.956922531127929688e+00
-7.925278544425964355e-01,3.227778196334838867e+00
1.073516726493835449e+00,9.686001777648925781e+00
8.367562294006347656e-01,6.197005748748779297e+00
1.822170972824096680e+00,1.407205009460449219e+01
7.675649523735046387e-01,8.306308746337890625e+00
9.913195967674255371e-01,9.775904655456542969e+00
4.797743558883666992e-01,6.843091011047363281e+00
7.877600789070129395e-01,8.148675918579101562e+00
3.531754016876220703e-01,2.748429179191589355e-01
8.756238222122192383e-02,5.493552684783935547e+00
1.428232669830322266e+00,1.066833877563476562e+01
7.223775982856750488e-02,5.910248279571533203e+00
1.021034717559814453e-01,8.396910667419433594e+00
-4.717034697532653809e-01,5.332264423370361328e+00
2.357833981513977051e-01,5.755142211914062500e+00
1.206539034843444824e+00,9.178204536437988281e+00
3.112772107124328613e-01,4.589645862579345703e+00
-9.262931942939758301e-01,5.583340644836425781e+00
6.986166834831237793e-01,8.914860725402832031e+00
9.191654920578002930e-01,1.007390117645263672e+01
9.491358995437622070e-01,9.654734611511230469e+00
-7.529314160346984863e-01,3.148194313049316406e+00
1.989606618881225586e-01,6.870713233947753906e+00
-7.210602164268493652e-01,7.056801319122314453e+00
-1.841425523161888123e-02,3.899321794509887695e+00
5.703604221343994141e-01,7.453330039978027344e+00
5.217439532279968262e-01,6.163289546966552734e+00
1.303876757621765137e+00,7.420599460601806641e+00
1.083105683326721191e+00,9.408516883850097656e+00
1.064428091049194336e+00,1.019675159454345703e+01
3.775095939636230469e-01,8.189759254455566406e+00
-7.624778747558593750e-01,2.233382225036621094e+00
-3.408666849136352539e-01,5.562374114990234375e+00
4.480549991130828857e-01,7.568638801574707031e+00
8.983350992202758789e-01,1.026209163665771484e+01
1.204880833625793457e+00,9.305085182189941406e+00
-2.371053695678710938e-01,7.077197551727294922e+00
-1.983062028884887695e-01,6.443810939788818359e+00
8.922073245048522949e-01,6.733707427978515625e+00
9.346378445625305176e-01,1.067974376678466797e+01
1.157003760337829590e+00,9.695398330688476562e+00
7.051575183868408203e-01,7.596236228942871094e+00
3.290938138961791992e-01,5.000878334045410156e+00
7.956481575965881348e-01,8.705949783325195312e+00
3.539884984493255615e-01,6.599386215209960938e+00
1.134608507156372070e+00,8.914766311645507812e+00
1.750707998871803284e-02,5.670334815979003906e+00
2.767663896083831787e-01,5.160033702850341797e+00
-1.495507955551147461e-01,1.783475041389465332e+00
-1.958114802837371826e-01,6.832375049591064453e+00
6.472292821854352951e-03,5.616160392761230469e+00
9.095218777656555176e-02,8.593720436096191406e+00
1.040627956390380859e+00,1.035800838470458984e+01
-1.437147855758666992e-01,5.575557708740234375e+00
6.422937512397766113e-01,6.309023857116699219e+00
6.415036320686340332e-01,6.421262741088867188e+00
9.402335286140441895e-01,9.122044563293457031e+00
5.516496896743774414e-01,6.737329483032226562e+00
9.576377272605895996e-01,6.289092063903808594e+00
9.108151197433471680e-01,9.989418983459472656e+00
1.842262446880340576e-01,6.783504486083984375e+00
1.101985931396484375e+00,8.430446624755859375e+00
-4.871730208396911621e-01,5.653594017028808594e+00
-7.940816879272460938e-02,6.872613430023193359e+00
1.864400506019592285e-01,4.840947151184082031e+00
1.417967915534973145e+00,8.418388366699218750e+00
9.898565411567687988e-01,8.545692443847656250e+00
-7.562183737754821777e-01,2.854018449783325195e+00
-4.440715909004211426e-01,1.594317793846130371e+00
1.051505804061889648e-01,6.787248611450195312e+00
6.079274415969848633e-01,7.861017227172851562e+00
1.311805844306945801e+00,9.552123069763183594e+00
1.035876512527465820e+00,7.659000873565673828e+00
-2.323749065399169922e-01,3.627931118011474609e+00
8.151549696922302246e-01,7.855016231536865234e+00
9.969469308853149414e-01,8.223519325256347656e+00
6.091076731681823730e-01,1.119468784332275391e+01
-4.996013045310974121e-01,2.741525888442993164e+00
8.946372866630554199e-01,9.956576347351074219e+00
1.032573938369750977e+00,1.096470642089843750e+01
1.073149681091308594e+00,5.690346717834472656e+00
-2.071145176887512207e-01,6.430325031280517578e+00
1.001404166221618652e+00,6.710909843444824219e+00
1.351585984230041504e+00,7.603679180145263672e+00
8.504698276519775391e-01,7.198756217956542969e+00
5.035123825073242188e-01,8.428121566772460938e+00
5.093752145767211914e-01,4.118521690368652344e+00
-1.572691202163696289e-01,7.597214221954345703e+00
9.709836840629577637e-01,9.303523063659667969e+00
2.599381506443023682e-01,6.539175033569335938e+00
2.352596521377563477e-01,4.630440711975097656e+00
1.024959921836853027e+00,9.321608543395996094e+00
6.341114640235900879e-01,6.384530067443847656e+00
7.011912465095520020e-01,8.805726051330566406e+00
2.737057507038116455e-01,8.141601562500000000e+00
-7.432419061660766602e-02,5.532724857330322266e+00
2.671606540679931641e-01,3.064602851867675781e+00
-6.068455800414085388e-02,5.841700553894042969e+00
1.140049695968627930e-01,7.796184539794921875e+00
8.473282456398010254e-01,1.176996898651123047e+01
1.034620523452758789e+00,5.185100555419921875e+00
-3.746512234210968018e-01,1.969658017158508301e+00
2.268453836441040039e+00,1.418859386444091797e+01
1.269048094749450684e+00,1.109503459930419922e+01
1.731104031205177307e-02,2.626092195510864258e+00
9.512615799903869629e-01,9.226689338684082031e+00
3.941257297992706299e-01,8.474361419677734375e+00
1.388922095298767090e+00,1.175940036773681641e+01
8.469324707984924316e-01,8.925936698913574219e+00
9.149129390716552734e-01,9.665498733520507812e+00
6.271571516990661621e-01,6.204342842102050781e+00
1.029575467109680176e+00,1.157120800018310547e+01
8.293619155883789062e-01,5.803136348724365234e+00
1.712494969367980957e+00,1.454944515228271484e+01
3.120959997177124023e-01,3.274244070053100586e+00
1.643767952919006348e-01,1.276638031005859375e+00
1.270036220550537109e+00,1.113042449951171875e+01
8.864262700080871582e-01,7.326303482055664062e+00
6.499928236007690430e-01,3.000444173812866211e+00
-5.086660981178283691e-01,2.909528493881225586e+00
4.677456617355346680e-01,1.098257923126220703e+01
3.804918527603149414e-01,6.023214340209960938e+00
-3.276284635066986084e-01,6.633168220520019531e+00
2.621382847428321838e-02,5.857458591461181641e+00
7.504187822341918945e-01,6.690590858459472656e+00
1.055822253227233887e+00,8.927347183227539062e+00
8.947088718414306641e-01,9.249523162841796875e+00
1.925345957279205322e-01,4.928195476531982422e+00
-4.541486203670501709e-01,1.945111602544784546e-01
1.247386932373046875e-01,8.375994682312011719e+00
2.780240774154663086e-01,2.920167207717895508e+00
-8.005416989326477051e-01,2.278399705886840820e+00
1.264509797096252441e+00,1.183994770050048828e+01
6.678232550621032715e-01,7.320473670959472656e+00
1.082391738891601562e+00,6.179030418395996094e+00
9.360836148262023926e-01,6.478711605072021484e+00
1.116384625434875488e+00,9.034967422485351562e+00
8.373349308967590332e-01,7.225592613220214844e+00
1.090934872627258301e+00,7.664713382720947266e+00
6.377763152122497559e-01,6.881878852844238281e+00
-8.682417869567871094e-02,3.852812767028808594e+00
9.219974875450134277e-01,9.906395912170410156e+00
9.307240247726440430e-01,8.325782775878906250e+00
1.133279085159301758e+00,8.510430335998535156e+00
1.017271637916564941e+00,1.224329090118408203e+01
9.142859578132629395e-01,7.588328361511230469e+00
5.415832400321960449e-01,9.282793998718261719e+00
8.723900318145751953e-01,9.258088111877441406e+00
7.045894265174865723e-01,6.785185813903808594e+00
3.820770680904388428e-01,8.585322380065917969e+00
1.088269710540771484e+00,6.642637729644775391e+00
1.172398328781127930e+00,7.815363407135009766e+00
1.306992053985595703e+00,9.643885612487792969e+00
3.917765989899635315e-02,7.318448066711425781e+00
-5.332254767417907715e-01,2.453956842422485352e+00
-2.203403115272521973e-01,7.894435405731201172e+00
8.441877961158752441e-01,6.201684951782226562e+00
1.074300289154052734e+00,8.021072387695312500e+00
2.607204616069793701e-01,6.893926620483398438e+00
2.915485799312591553e-01,8.606437683105468750e+00
1.074238538742065430e+00,9.837088584899902344e+00
9.461554288864135742e-01,1.193801403045654297e+01
-5.503785610198974609e-01,6.594692230224609375e+00
8.444921374320983887e-01,7.339474201202392578e+00
5.167934298515319824e-01,7.995471000671386719e+00
4.532586932182312012e-01,5.093572616577148438e+00
2.014198601245880127e-01,4.838300228118896484e+00
7.335800528526306152e-01,7.197633743286132812e+00
5.964896678924560547e-01,3.837836265563964844e+00
-1.144808158278465271e-02,4.713093757629394531e+00
4.320284724235534668e-01,8.265566825866699219e+00
7.293379902839660645e-01,8.334828376770019531e+00
1.442764997482299805e+00,1.128541564941406250e+01
1.064499974250793457e+00,1.001804828643798828e+01
8.059912323951721191e-01,7.855591773986816406e+00
3.506322801113128662e-01,6.035758495330810547e+00
-6.248915195465087891e-01,1.877091288566589355e+00
-2.427096366882324219e-01,4.477870941162109375e+00
1.190793395042419434e+00,8.953175544738769531e+00
7.243652939796447754e-01,8.852587699890136719e+00
5.801953673362731934e-01,8.723944664001464844e+00
1.091244220733642578e+00,6.549727439880371094e+00
4.386071860790252686e-01,7.190741539001464844e+00
1.076573133468627930e+00,7.429532051086425781e+00
8.848181366920471191e-02,6.444995403289794922e+00
-2.240145206451416016e-01,4.469937324523925781e+00
1.053915023803710938e+00,8.239308357238769531e+00
1.224289059638977051e+00,7.190215587615966797e+00
-2.715591192245483398e-01,5.011058330535888672e+00
4.561279416084289551e-01,6.950416564941406250e+00
1.981881380081176758e+00,1.240805149078369141e+01
1.155468106269836426e+00,9.158696174621582031e+00
1.224937915802001953e+00,8.645744323730468750e+00
-7.182257771492004395e-01,6.007205963134765625e+00
-1.520315408706665039e-01,3.205050230026245117e+00
1.426551938056945801e+00,1.150704193115234375e+01
1.142280101776123047e+00,8.702943801879882812e+00
-1.160364747047424316e-01,6.477474212646484375e+00
-1.977416276931762695e-01,5.327258110046386719e+00
7.842076420783996582e-01,7.929610729217529297e+00
-4.787690341472625732e-01,4.411745071411132812e+00
-8.410251140594482422e-02,3.859613180160522461e+00
7.347738146781921387e-01,7.222865104675292969e+00
7.918505072593688965e-01,1.030492877960205078e+01
-7.377874255180358887e-01,2.528945207595825195e+00
3.044898509979248047e-01,5.731794357299804688e+00
4.444360136985778809e-01,3.861061811447143555e+00
4.956533908843994141e-01,1.125423812866210938e+01
9.326536655426025391e-01,7.580886840820312500e+00
-5.383176207542419434e-01,5.190721511840820312e+00
1.002578973770141602e+00,1.001612663269042969e+01
7.095564007759094238e-01,7.022948741912841797e+00
1.305774450302124023e-01,4.179195880889892578e+00
4.407254233956336975e-02,7.062735080718994141e+00
5.873792767524719238e-01,9.709096908569335938e+00
8.250006437301635742e-01,1.066002559661865234e+01
6.108332872390747070e-01,9.192725181579589844e+00
7.447859048843383789e-01,6.236220359802246094e+00
8.952167630195617676e-02,8.953888893127441406e+00
-4.451441764831542969e-01,3.381039381027221680e+00
7.553732991218566895e-01,9.737110137939453125e+00
-1.470826864242553711e-01,4.145867824554443359e+00
2.205765485763549805e+00,1.588129043579101562e+01
9.285992980003356934e-01,5.876842498779296875e+00
3.752522468566894531e-01,6.815486431121826172e+00
1.127061843872070312e+00,1.090259075164794922e+01
-1.191683113574981689e-01,5.601375102996826172e+00
1.398606002330780029e-01,6.981777191162109375e+00
1.953776478767395020e-01,4.333783149719238281e+00
2.403511404991149902e-01,3.598141431808471680e+00
7.542316317558288574e-01,1.167126846313476562e+01
1.132393479347229004e+00,8.413689613342285156e+00
9.826136231422424316e-01,6.232557773590087891e+00
-8.326166868209838867e-02,1.936115860939025879e+00
-8.367905020713806152e-01,9.397253990173339844e+00
-1.288845241069793701e-01,7.093507766723632812e+00
1.119576573371887207e+00,1.001361179351806641e+01
4.965428709983825684e-01,6.255901336669921875e+00
9.734115004539489746e-01,7.494184494018554688e+00
1.454188823699951172e-01,9.064710617065429688e+00
4.164005815982818604e-01,5.798592567443847656e+00
-7.229019999504089355e-01,3.506727457046508789e+00
6.836939454078674316e-01,1.114588737487792969e+01
6.230765953660011292e-02,3.119818449020385742e+00
-5.437167882919311523e-01,5.698620676994323730e-01
8.307269811630249023e-01,6.310212135314941406e+00
6.757693886756896973e-01,7.163216590881347656e+00
-7.107468247413635254e-01,1.465182900428771973e+00
1.395914435386657715e+00,1.031567287445068359e+01
3.620103001594543457e-01,7.585454463958740234e+00
3.244579434394836426e-01,7.210377216339111328e+00
1.814517378807067871e-01,7.193052768707275391e+00
7.806456685066223145e-01,9.423459053039550781e+00
5.481961965560913086e-01,6.156638622283935547e+00
7.235376238822937012e-01,5.822006702423095703e+00
7.427501082420349121e-01,4.416425704956054688e+00
1.022742390632629395e+00,1.174449253082275391e+01
8.515580296516418457e-01,9.986464500427246094e+00
3.490592837333679199e-01,4.493459224700927734e+00
-2.293187007308006287e-02,4.720826148986816406e+00
8.551951050758361816e-01,1.014675521850585938e+01
6.300749778747558594e-01,6.088543891906738281e+00
4.644057154655456543e-01,8.033533096313476562e+00
1.095306992530822754e+00,1.015822124481201172e+01
4.503709375858306885e-01,4.189715385437011719e+00
7.247542738914489746e-01,9.306512832641601562e+00
1.009922862052917480e+00,6.419555664062500000e+00
-3.702870011329650879e-01,6.609411239624023438e+00
1.508235812187194824e+00,1.234800815582275391e+01
6.069369316101074219e-01,7.383335590362548828e+00
6.176261305809020996e-01,6.355699539184570312e+00
7.616284489631652832e-01,1.061975669860839844e+01
-6.593372225761413574e-01,5.065456390380859375e+00
9.677705764770507812e-01,9.059766769409179688e+00
3.576351702213287354e-01,6.796842575073242188e+00
2.688632607460021973e-01,4.336530685424804688e+00
3.585866689682006836e-01,3.846477270126342773e+00
6.014385223388671875e-01,9.114392280578613281e+00
1.053737998008728027e+00,1.001245403289794922e+01
9.128631949424743652e-01,8.782944679260253906e+00
3.243013620376586914e-01,3.741874933242797852e+00
9.091512560844421387e-01,6.825037479400634766e+00
-2.508482933044433594e-01,2.953624010086059570e+00
3.861699700355529785e-01,4.486121177673339844e+00
6.561795473098754883e-01,5.327353477478027344e+00
-9.232593178749084473e-01,2.004828214645385742e+00
9.916521310806274414e-01,6.763461112976074219e+00
7.167252302169799805e-01,1.100502300262451172e+01
1.029686570167541504e+00,7.353145599365234375e+00
8.222119212150573730e-01,6.933935165405273438e+00
7.576853036880493164e-01,8.328445434570312500e+00
-5.093362648040056229e-03,7.905979633331298828e+00
8.168004155158996582e-01,1.203221225738525391e+01
7.284260392189025879e-01,3.989304304122924805e+00
-3.486346006393432617e-01,4.212440490722656250e+00
1.507418870925903320e+00,1.377758884429931641e+01
6.401657462120056152e-01,5.876273632049560547e+00
6.635790467262268066e-01,8.955333709716796875e+00
2.553017139434814453e-01,6.222242832183837891e+00
1.159711003303527832e+00,8.915076255798339844e+00
1.167904138565063477e+00,1.381985950469970703e+01
1.442157268524169922e+00,1.129270648956298828e+01
2.393832802772521973e-01,2.071035623550415039e+00
7.115157246589660645e-01,6.418825149536132812e+00
1.126071572303771973e+00,1.015762233734130859e+01
1.269333958625793457e+00,1.067646789550781250e+01
1.841254830360412598e-01,5.159411430358886719e+00
4.666742086410522461e-01,7.388492107391357422e+00
2.416189312934875488e-01,5.182792663574218750e+00
1.151084661483764648e+00,7.589687347412109375e+00
2.211603879928588867e+00,1.514524745941162109e+01
-6.160164475440979004e-01,2.167714834213256836e+00
-4.350246787071228027e-01,3.728147506713867188e+00
-1.521795988082885742e-01,7.468184471130371094e+00
8.486414551734924316e-01,8.741297721862792969e+00
9.483775496482849121e-01,3.440430879592895508e+00
9.820269942283630371e-01,7.553581714630126953e+00
4.628149569034576416e-01,6.352880954742431641e+00
5.073738694190979004e-01,5.996687889099121094e+00
-3.702147006988525391e-01,3.845347642898559570e+00
-1.320847496390342712e-02,6.708931446075439453e+00
1.036748170852661133e+00,7.791979789733886719e+00
-4.887198805809020996e-01,4.503118515014648438e+00
1.081339001655578613e+00,5.775146961212158203e+00
8.803525567054748535e-01,6.479298591613769531e+00
1.404500126838684082e+00,1.287540721893310547e+01
4.891713559627532959e-01,7.031798839569091797e+00
3.012536168098449707e-01,4.947541236877441406e+00
3.737411499023437500e-01,5.743567466735839844e+00
-8.319082260131835938e-01,1.649608254432678223e+00
9.500629305839538574e-01,8.040146827697753906e+00
1.079787611961364746e+00,8.894104957580566406e+00
7.921666502952575684e-01,6.327257156372070312e+00
1.212337851524353027e+00,9.184782981872558594e+00
2.205839157104492188e-01,4.127845764160156250e+00
1.434310674667358398e+00,1.194117069244384766e+01
1.017632722854614258e+00,7.648680686950683594e+00
1.074776172637939453e+00,5.490097522735595703e+00
9.338826537132263184e-01,5.629462242126464844e+00
1.206097722053527832e+00,1.126750469207763672e+01
8.857032060623168945e-01,8.602622032165527344e+00
-6.182903647422790527e-01,4.682389259338378906e+00
7.340155243873596191e-01,7.886360168457031250e+00
7.275146842002868652e-01,7.371660232543945312e+00
-7.197636961936950684e-01,1.002243638038635254e+00
1.280841708183288574e+00,9.993954658508300781e+00
-3.117207884788513184e-01,1.721832871437072754e+00
8.374598622322082520e-01,1.237951278686523438e+01
1.055580735206604004e+00,1.122630405426025391e+01
7.332525849342346191e-01,7.305399417877197266e+00
8.759441971778869629e-01,8.108429908752441406e+00
7.740445137023925781e-01,6.813525199890136719e+00
-2.727392017841339111e-01,6.275400161743164062e+00
1.516830801963806152e+00,1.032711505889892578e+01
-3.291099369525909424e-01,3.675575971603393555e+00
8.773895502090454102e-01,8.546948432922363281e+00
1.340847730636596680e+00,9.621159553527832031e+00
2.657043933868408203e-01,6.792201042175292969e+00
6.403569579124450684e-01,6.353017330169677734e+00
7.005473375320434570e-01,9.092232704162597656e+00
6.665806174278259277e-01,8.166105270385742188e+00
7.668383121490478516e-01,8.392413139343261719e+00
1.225551843643188477e+00,9.017843246459960938e+00
1.294659256935119629e+00,1.036547756195068359e+01
8.456131815910339355e-01,7.427390098571777344e+00
8.577259778976440430e-01,8.114092826843261719e+00
1.026397109031677246e+00,1.110995578765869141e+01
1.435557007789611816e-01,8.434748649597167969e+00
5.142043232917785645e-01,4.925840377807617188e+00
1.035100102424621582e+00,7.482894897460937500e+00
1.903252601623535156e+00,1.462666034698486328e+01
1.213278412818908691e+00,6.391467094421386719e+00
7.533735632896423340e-01,1.130529880523681641e+01
-2.873116359114646912e-02,3.918968439102172852e+00
1.065101265907287598e+00,9.509966850280761719e+00
9.720589518547058105e-01,8.826049804687500000e+00
1.894564926624298096e-01,6.163199901580810547e+00
1.056205272674560547e+00,1.068316650390625000e+01
1.250792503356933594e+00,1.315596485137939453e+01
8.899714350700378418e-01,6.471118927001953125e+00
5.571526661515235901e-02,4.979661941528320312e+00
-4.321362376213073730e-01,6.073599815368652344e+00
1.353141069412231445e+00,1.157661628723144531e+01
4.966516494750976562e-01,1.133156871795654297e+01
1.317861199378967285e+00,1.052285099029541016e+01
-7.689809799194335938e-02,5.539361000061035156e+00
-6.101095303893089294e-02,1.081351757049560547e+01
4.962547123432159424e-01,9.750514030456542969e+00
5.693345665931701660e-01,8.288308143615722656e+00
8.643673062324523926e-01,6.530433654785156250e+00
8.193892240524291992e-02,2.830411866307258606e-02
1.256963491439819336e+00,9.692142486572265625e+00
9.399343729019165039e-01,6.689992427825927734e+00
-3.016268014907836914e-01,6.200531482696533203e+00
1.049242615699768066e+00,1.131194019317626953e+01
1.621513009071350098e+00,1.035383701324462891e+01
9.776303172111511230e-01,9.885988235473632812e+00
-9.792035818099975586e-02,4.237504005432128906e+00
8.775738477706909180e-01,8.948050498962402344e+00
-7.895585149526596069e-03,3.273005962371826172e+00
6.817115545272827148e-01,6.832695007324218750e+00
-2.299854159355163574e-01,7.111238479614257812e+00
1.189593076705932617e+00,1.351321697235107422e+01
1.013168931007385254e+00,8.446913719177246094e+00
2.568644583225250244e-01,4.018605232238769531e+00
-5.663760304450988770e-01,4.646049499511718750e+00
1.093732237815856934e+00,8.997807502746582031e+00
-1.267793178558349609e-01,3.892969846725463867e+00
1.771751325577497482e-03,1.941561818122863770e+00
9.659218788146972656e-02,5.070283889770507812e+00
4.460146427154541016e-01,5.310620784759521484e+00
-4.535652399063110352e-01,2.489033460617065430e+00
4.818987250328063965e-01,7.537153720855712891e+00
1.623848557472229004e+00,1.197984218597412109e+01
6.338534951210021973e-01,8.809417724609375000e+00
3.180480599403381348e-01,5.757970809936523438e+00
8.748988509178161621e-01,4.129408836364746094e+00
1.143901228904724121e+00,9.113230705261230469e+00
5.641674399375915527e-01,5.403035163879394531e+00
3.934058845043182373e-01,7.669319152832031250e+00
4.081637859344482422e-01,7.337575912475585938e+00
7.671738266944885254e-01,6.731550693511962891e+00
1.408543229103088379e+00,1.116016101837158203e+01
5.903158783912658691e-01,7.685281753540039062e+00
-9.352189302444458008e-02,7.526702880859375000e+00
1.194621920585632324e+00,1.333056354522705078e+01
8.665584921836853027e-01,8.014201164245605469e+00
3.241796791553497314e-01,6.881377220153808594e+00
-4.631337244063615799e-03,6.558043479919433594e+00
7.414776682853698730e-01,1.188264656066894531e+01
2.207723855972290039e-01,3.845375537872314453e+00
4.164666533470153809e-01,6.215684890747070312e+00
-9.990438818931579590e-02,5.904140949249267578e+00
8.482139110565185547e-01,9.063824653625488281e+00
8.325126767158508301e-01,7.036062717437744141e+00
9.803388714790344238e-01,1.075298595428466797e+01
-1.177249550819396973e-01,5.571545600891113281e+00
9.990763664245605469e-02,8.046111106872558594e+00
1.205964446067810059e+00,8.351544380187988281e+00
-2.757703065872192383e-01,5.242430686950683594e+00
8.073149323463439941e-01,7.138370513916015625e+00
3.202424049377441406e-01,5.077775001525878906e+00
8.168715238571166992e-02,7.961194992065429688e+00
2.067719697952270508e-01,2.670636653900146484e+00
6.282994151115417480e-01,7.108181476593017578e+00
1.045094251632690430e+00,8.038004875183105469e+00
1.287801146507263184e+00,9.934678077697753906e+00
8.353491425514221191e-01,7.300709724426269531e+00
1.074856996536254883e+00,6.571435451507568359e+00
9.645397067070007324e-01,1.047067356109619141e+01
3.643833100795745850e-01,5.096853256225585938e+00
1.185679554939270020e+00,7.838501453399658203e+00
1.760235801339149475e-02,6.622002601623535156e+00
-3.792475461959838867e-01,2.236380815505981445e+00
1.245983123779296875e+00,7.934512615203857422e+00
1.201926350593566895e+00,9.250445365905761719e+00
2.833805382251739502e-01,5.792994499206542969e+00
1.668070197105407715e+00,1.355043601989746094e+01
-6.996211409568786621e-01,9.786365628242492676e-01
5.787046551704406738e-01,4.925673484802246094e+00
7.827076911926269531e-01,6.617980957031250000e+00
1.710879921913146973e+00,1.374541187286376953e+01
-9.816855192184448242e-02,5.267470836639404297e+00
1.005959630012512207e+00,4.386491775512695312e+00
8.764935135841369629e-01,1.025071334838867188e+01
7.538918256759643555e-01,5.516108512878417969e+00
2.464852929115295410e-01,4.816532135009765625e+00
-4.441934451460838318e-02,6.092938423156738281e+00
-7.532283067703247070e-01,7.006172537803649902e-01
1.999328732490539551e-01,7.747467756271362305e-01
1.151826024055480957e+00,9.173760414123535156e+00
-4.562891721725463867e-01,5.701224327087402344e+00
-7.576639652252197266e-01,5.114148139953613281e+00
1.029645919799804688e+00,8.624482154846191406e+00
1.196105957031250000e+00,1.031824779510498047e+01
1.080462098121643066e+00,4.905861854553222656e+00
1.180408835411071777e+00,8.432172775268554688e+00
6.707869172096252441e-01,2.940214157104492188e+00
9.255866408348083496e-01,1.208481407165527344e+01
1.360724091529846191e+00,6.173280715942382812e+00
6.278885006904602051e-01,3.977446794509887695e+00
-3.173740506172180176e-01,5.571122169494628906e+00
4.881087243556976318e-01,6.019986629486083984e+00
1.188892006874084473e+00,7.239677906036376953e+00
1.100687980651855469e-01,5.428711414337158203e+00
-6.493332982063293457e-01,1.238376498222351074e+00
1.428137660026550293e+00,1.080089092254638672e+01
2.510914504528045654e-01,5.954915046691894531e+00
5.147787928581237793e-01,6.680888652801513672e+00
5.636891722679138184e-01,1.010372638702392578e+01
3.145890235900878906e-01,6.188564300537109375e+00
1.037908196449279785e+00,6.485810279846191406e+00
9.889009594917297363e-01,6.348300933837890625e+00
1.626100838184356689e-01,4.941642761230468750e+00
3.794283047318458557e-02,6.121648788452148438e+00
9.378277063369750977e-01,9.628243446350097656e+00
-4.042825102806091309e-01,3.374806642532348633e+00
-1.874944195151329041e-02,8.270142555236816406e+00
1.012772440910339355e+00,8.113646507263183594e+00
-2.130174040794372559e-01,1.112442165613174438e-01
-4.617626667022705078e-01,4.887990951538085938e+00
5.189611315727233887e-01,4.178066253662109375e+00
6.764624714851379395e-01,6.480126380920410156e+00
8.883728981018066406e-01,1.094596099853515625e+01
4.331781864166259766e-01,8.464079856872558594e+00
1.033880949020385742e+00,1.092287349700927734e+01
9.723417162895202637e-01,1.144096279144287109e+01
8.201746344566345215e-01,5.225889682769775391e+00
-2.097545862197875977e-01,3.625908613204956055e+00
-1.709088683128356934e-01,3.263731002807617188e+00
4.777867794036865234e-01,9.630259513854980469e+00
2.298575639724731445e-01,7.071054458618164062e+00
3.921939432621002197e-01,2.299415111541748047e+00
6.286546587944030762e-01,8.451252937316894531e+00
1.236252665519714355e+00,1.004470062255859375e+01
7.382435202598571777e-01,7.648084640502929688e+00
1.191241741180419922e+00,9.058708190917968750e+00
1.256636619567871094e+00,9.996677398681640625e+00
5.313760042190551758e-01,6.328706741333007812e+00
3.593729138374328613e-01,2.050162076950073242e+00
8.263334035873413086e-01,6.524415969848632812e+00
7.461178302764892578e-02,7.226801872253417969e+00
5.351930260658264160e-01,6.184786796569824219e+00
4.641913175582885742e-01,6.933166503906250000e+00
-5.113467574119567871e-01,3.447714090347290039e+00
7.759018540382385254e-01,8.068521499633789062e+00
4.477086067199707031e-01,5.510919570922851562e+00
-6.194184422492980957e-01,3.314585447311401367e+00
1.353742241859436035e+00,5.859798908233642578e+00
6.454672217369079590e-01,4.926891326904296875e+00
3.247925043106079102e-01,1.149305248260498047e+01
5.232226252555847168e-01,6.324247360229492188e+00
9.431231021881103516e-02,5.023021697998046875e+00
6.850504875183105469e-02,3.782684326171875000e+00
1.003413081169128418e+00,1.164012241363525391e+01
9.586797952651977539e-01,9.749197959899902344e+00
-5.217545852065086365e-02,2.590579032897949219e+00
4.709643498063087463e-02,5.737589836120605469e+00
8.789871335029602051e-01,7.190474033355712891e+00
5.432665720582008362e-02,1.068840694427490234e+01
8.978209495544433594e-01,8.108217239379882812e+00
5.347535610198974609e-01,7.064640045166015625e+00
-5.428760871291160583e-02,3.159135103225708008e+00
5.504355430603027344e-01,3.331844329833984375e+00
-2.657238543033599854e-01,4.248915672302246094e+00
9.821634292602539062e-01,7.611486434936523438e+00
3.128877580165863037e-01,4.518964767456054688e+00
9.179896712303161621e-01,7.241031169891357422e+00
-6.641519069671630859e-02,3.884063482284545898e+00
-5.504296422004699707e-01,5.777404785156250000e+00
2.068899273872375488e-01,3.710007429122924805e+00
-1.450572013854980469e-01,7.447983741760253906e+00
9.314712285995483398e-01,6.123430252075195312e+00
-6.079525351524353027e-01,1.236592292785644531e+00
-7.431586980819702148e-01,1.484383702278137207e+00
7.572918534278869629e-01,8.894025802612304688e+00
1.221656203269958496e+00,9.852311134338378906e+00
-1.055850148200988770e+00,1.917837142944335938e+00
6.485205292701721191e-01,9.036232948303222656e+00
-7.335485816001892090e-01,1.936443328857421875e+00
9.825008511543273926e-01,8.452134132385253906e+00
1.713345885276794434e+00,1.013602733612060547e+01
6.265534758567810059e-01,6.111913681030273438e+00
1.043066978454589844e-01,9.742315292358398438e+00
4.698514938354492188e-01,6.364809036254882812e+00
2.775432467460632324e-01,4.287480831146240234e+00
4.924688115715980530e-02,7.289404869079589844e+00
-3.445864617824554443e-01,6.941478729248046875e+00
1.169831633567810059e+00,1.094785022735595703e+01
1.034277915954589844e+00,1.133254909515380859e+01
2.143149614334106445e+00,1.548946571350097656e+01
-1.616513431072235107e-01,5.983716964721679688e+00
7.837210297584533691e-01,6.515866279602050781e+00
6.642689108848571777e-01,1.068327045440673828e+01
1.488035798072814941e+00,1.197918033599853516e+01
-1.051028728485107422e+00,2.437521696090698242e+00
8.897292017936706543e-01,6.511183738708496094e+00
1.100754141807556152e+00,7.222576141357421875e+00
9.733647108078002930e-02,6.435091018676757812e+00
7.848448157310485840e-01,6.444666862487792969e+00
9.642883539199829102e-01,7.147915840148925781e+00
1.025778293609619141e+00,5.274092197418212891e+00
4.876476228237152100e-01,1.024065494537353516e+01
-3.507707118988037109e-01,4.460461139678955078e+00
1.109541058540344238e-01,5.787131309509277344e+00
1.841807737946510315e-02,7.122585296630859375e+00
7.016995549201965332e-01,1.208263111114501953e+01
2.979028820991516113e-01,6.535794734954833984e+00
6.289281249046325684e-01,6.613782882690429688e+00
5.432720780372619629e-01,6.440192222595214844e+00
1.165438055992126465e+00,9.728308677673339844e+00
-2.419859766960144043e-01,5.797597765922546387e-01
5.634466409683227539e-01,8.719886779785156250e+00
1.925272464752197266e+00,1.401568698883056641e+01
1.005019664764404297e+00,9.979227066040039062e+00
-1.705144047737121582e-01,5.928826332092285156e+00
7.213709950447082520e-01,1.000040149688720703e+01
-2.096371054649353027e-01,2.269376993179321289e+00
4.930985867977142334e-01,7.200223922729492188e+00
5.769208073616027832e-01,6.266862392425537109e+00
4.965243637561798096e-01,7.538790702819824219e+00
3.606736361980438232e-01,7.932610034942626953e+00
4.111386537551879883e-01,6.134364604949951172e+00
-2.722730338573455811e-01,4.305060863494873047e+00
4.147184267640113831e-02,8.801699638366699219e+00
1.059099555015563965e+00,6.552585601806640625e+00
9.063390493392944336e-01,7.622184276580810547e+00
2.070750713348388672e+00,1.432717132568359375e+01
3.972738683223724365e-01,5.637957096099853516e+00
6.246123909950256348e-01,4.689464092254638672e+00
-3.543514609336853027e-01,5.445169806480407715e-01
-1.005852103233337402e+00,6.467548370361328125e+00
8.762088418006896973e-01,6.938340663909912109e+00
2.720783054828643799e-01,4.788330078125000000e+00
9.888173937797546387e-01,6.317799568176269531e+00
6.692145466804504395e-01,5.068521976470947266e+00
9.145494103431701660e-01,8.872047424316406250e+00
5.316453576087951660e-01,9.947875022888183594e+00
3.166666328907012939e-01,3.589355230331420898e+00
4.305482506752014160e-01,4.559581756591796875e+00
8.476472496986389160e-01,8.949118614196777344e+00
6.868864297866821289e-01,7.587899208068847656e+00
2.892098426818847656e-01,6.717967987060546875e+00
2.623773515224456787e-01,5.525220870971679688e+00
8.383372426033020020e-01,6.886469841003417969e+00
-8.192793130874633789e-01,4.342203140258789062e+00
-8.920886516571044922e-01,2.894820690155029297e+00
1.228057265281677246e+00,8.755007743835449219e+00
-5.872079133987426758e-01,1.807210803031921387e+00
-8.106287568807601929e-03,4.735815048217773438e+00
1.394297957420349121e+00,1.103327941894531250e+01
-7.735537886619567871e-01,2.451217889785766602e+00
-2.022586762905120850e-01,8.680371284484863281e+00
3.845983743667602539e-01,5.578688621520996094e+00
-2.905686497688293457e-01,2.466214418411254883e+00
1.099581360816955566e+00,5.945537567138671875e+00
1.398887515068054199e+00,1.082149505615234375e+01
2.295965552330017090e-01,1.017708683013916016e+01
1.424830675125122070e+00,8.472434043884277344e+00
8.310783505439758301e-01,9.850935935974121094e+00
5.492177605628967285e-01,7.782837867736816406e+00
-2.193738818168640137e-01,4.782044887542724609e+00
7.769300341606140137e-01,7.524284362792968750e+00
1.539993882179260254e+00,1.178495788574218750e+01
2.415988445281982422e-01,8.487604141235351562e+00
1.240205168724060059e+00,7.904080390930175781e+00
-2.267382144927978516e-01,5.386796951293945312e+00
2.316405177116394043e-01,7.627600193023681641e+00
-2.912281453609466553e-01,5.898387908935546875e+00
1.267552495002746582e+00,9.759222984313964844e+00
1.083005547523498535e+00,8.522657394409179688e+00
2.880753874778747559e-01,2.910559177398681641e+00
5.993536114692687988e-01,6.256043434143066406e+00
7.148509025573730469e-01,6.884282112121582031e+00
-8.404417634010314941e-01,4.796083450317382812e+00
3.657742738723754883e-01,7.395625114440917969e+00
-6.591387391090393066e-01,2.648554086685180664e+00
1.516131758689880371e-01,4.913530349731445312e+00
7.622512578964233398e-01,7.326383590698242188e+00
9.231228232383728027e-01,6.392840385437011719e+00
7.665584087371826172e-01,7.995437145233154297e+00
1.070699572563171387e+00,1.062442111968994141e+01
8.505926132202148438e-01,1.624492645263671875e+01
9.264824986457824707e-01,7.387126922607421875e+00
1.137809634208679199e+00,1.147978496551513672e+01
2.889366149902343750e-01,5.865837097167968750e+00
1.050310492515563965e+00,1.043509769439697266e+01
2.367807626724243164e-01,8.321592330932617188e+00
-2.745342254638671875e-01,3.998643398284912109e+00
8.980593085289001465e-01,1.078239059448242188e+01
1.050374984741210938e+00,9.489796638488769531e+00
5.144763588905334473e-01,8.790318489074707031e+00
-5.523434281349182129e-01,4.345708847045898438e+00
4.372878074645996094e-01,4.450084686279296875e+00
5.004624724388122559e-01,8.099891662597656250e+00
1.052105545997619629e+00,6.732743263244628906e+00
9.508690834045410156e-01,7.851571083068847656e+00
8.271853923797607422e-01,6.410509586334228516e+00
2.335107699036598206e-02,2.870230913162231445e+00
-3.931827843189239502e-01,1.862547397613525391e+00
6.610379219055175781e-01,7.043956756591796875e+00
-4.817165136337280273e-01,5.347569465637207031e+00
2.828761637210845947e-01,4.037855625152587891e+00
1.082167506217956543e+00,7.653759956359863281e+00
1.124813437461853027e+00,8.238980293273925781e+00
8.215904235839843750e-01,7.109543800354003906e+00
4.517549276351928711e-01,9.017258644104003906e+00
1.302982687950134277e+00,1.314174365997314453e+01
2.084655761718750000e-01,7.259407997131347656e+00
-2.625517249107360840e-01,5.755950450897216797e+00
6.300060153007507324e-01,6.525419235229492188e+00
1.207344651222229004e+00,1.117008876800537109e+01
9.556563496589660645e-01,6.755047798156738281e+00
5.817472338676452637e-01,8.606404304504394531e+00
1.284757494926452637e+00,7.210319519042968750e+00
8.161916136741638184e-01,8.945738792419433594e+00
-7.704009413719177246e-01,2.797347784042358398e+00
1.699804425239562988e+00,1.404873752593994141e+01
3.379258811473846436e-01,6.439460754394531250e+00
2.924876809120178223e-01,6.439042568206787109e+00
2.640631198883056641e-01,3.825653314590454102e+00
7.671785950660705566e-01,7.454836368560791016e+00
7.519989609718322754e-01,7.130946159362792969e+00
7.138403654098510742e-01,8.724596977233886719e+00
1.010112404823303223e+00,8.447411537170410156e+00
5.481022596359252930e-01,4.952938556671142578e+00
5.421299114823341370e-02,5.932757377624511719e+00
1.694546461105346680e+00,1.186986446380615234e+01
1.139705300331115723e+00,1.121298789978027344e+01
1.184925317764282227e+00,8.091305732727050781e+00
1.044346332550048828e+00,5.418846130371093750e+00
1.597179651260375977e+00,1.135000514984130859e+01
-7.348511815071105957e-01,3.626071691513061523e+00
5.465992093086242676e-01,6.848594665527343750e+00
1.109929442405700684e+00,7.799952507019042969e+00
6.509631276130676270e-01,6.570046901702880859e+00
5.519840121269226074e-01,7.208784103393554688e+00
-3.442246019840240479e-01,5.498216629028320312e+00
4.701197147369384766e-01,6.278498649597167969e+00
-4.732864722609519958e-02,3.969090700149536133e+00
4.410502910614013672e-01,7.577070236206054688e+00
4.725030660629272461e-01,6.066275119781494141e+00
4.860778450965881348e-01,1.792709231376647949e+00
-1.444402933120727539e-01,2.436965465545654297e+00
6.589318513870239258e-01,9.990397453308105469e+00
1.168893575668334961e+00,9.188815116882324219e+00
1.799867749214172363e-01,7.475563049316406250e+00
-3.250643610954284668e-01,3.619569540023803711e+00
5.805214047431945801e-01,5.991651535034179688e+00
1.092780232429504395e+00,1.188851737976074219e+01
9.409084916114807129e-01,1.111325454711914062e+01
8.415971994400024414e-01,7.186310768127441406e+00
1.091853141784667969e+00,1.029184436798095703e+01
-7.375558018684387207e-01,5.901704788208007812e+00
6.847254037857055664e-01,8.665806770324707031e+00
1.617232799530029297e+00,1.335484790802001953e+01
5.028398036956787109e-01,6.931731700897216797e+00
8.275394439697265625e-01,6.824298381805419922e+00
1.044126391410827637e+00,8.429375648498535156e+00
-1.030181646347045898e-01,4.564080238342285156e+00
1.124843239784240723e+00,4.948639869689941406e+00
1.348200201988220215e+00,1.135051250457763672e+01
-2.782590389251708984e-01,3.714010477066040039e+00
-3.780592083930969238e-01,4.173140048980712891e+00
6.525612473487854004e-01,6.413678169250488281e+00
-2.535653114318847656e-01,2.760496377944946289e+00
-5.963011384010314941e-01,6.407260894775390625e+00
4.795270264148712158e-01,5.583416461944580078e+00
4.551573693752288818e-01,1.100863933563232422e+01
4.258329272270202637e-01,3.970327138900756836e+00
6.989756822586059570e-01,6.595675468444824219e+00
9.127954840660095215e-01,8.344790458679199219e+00
2.674084603786468506e-01,7.310514450073242188e+00
4.750178754329681396e-01,8.324603080749511719e+00
1.032984614372253418e+00,7.093720912933349609e+00
-4.262690544128417969e-01,5.538588523864746094e+00
1.152956247329711914e+00,6.907418251037597656e+00
3.327411115169525146e-01,6.794247627258300781e+00
9.481050372123718262e-01,5.787377357482910156e+00
5.544078946113586426e-01,4.284492492675781250e+00
4.956818222999572754e-01,5.315392494201660156e+00
1.223049044609069824e+00,8.198853492736816406e+00
1.377013921737670898e+00,1.111468410491943359e+01
9.216443896293640137e-01,9.917442321777343750e+00
2.376801252365112305e+00,1.428518390655517578e+01
1.429710745811462402e+00,1.068774890899658203e+01
1.064979791641235352e+00,7.410646438598632812e+00
9.329076409339904785e-01,7.361583709716796875e+00
5.194519758224487305e-01,7.229041099548339844e+00
5.460031628608703613e-01,5.992194175720214844e+00
7.063912749290466309e-01,1.023546123504638672e+01
1.019118189811706543e+00,9.338264465332031250e+00
7.509462237358093262e-01,9.415456771850585938e+00
8.182579278945922852e-01,7.079119682312011719e+00
6.775885224342346191e-01,7.128743171691894531e+00
8.815038204193115234e-02,6.274960517883300781e+00
8.710269927978515625e-01,9.855206489562988281e+00
4.874273538589477539e-01,9.599334716796875000e+00
-6.792728900909423828e-01,2.505988836288452148e+00
7.986060976982116699e-01,9.301676750183105469e+00
-6.195774674415588379e-01,3.514955043792724609e+00
8.384574651718139648e-01,4.236248970031738281e+00
2.701599895954132080e-01,6.062515258789062500e+00
8.338522911071777344e-01,9.024174690246582031e+00
2.546650543808937073e-02,3.561872243881225586e+00
1.010659337043762207e+00,6.465086936950683594e+00
8.837508559226989746e-01,8.420973777770996094e+00
5.231470465660095215e-01,4.783699989318847656e+00
1.003556251525878906e+00,7.578963756561279297e+00
-2.381514310836791992e-01,7.987439632415771484e+00
-2.084415778517723083e-02,7.288528442382812500e+00
8.037537932395935059e-01,6.989257812500000000e+00
2.253054380416870117e-01,5.866438388824462891e+00
6.103737950325012207e-01,6.478346824645996094e+00
5.930777192115783691e-01,8.752563476562500000e+00
3.107828497886657715e-01,8.839430809020996094e+00
-1.303977370262145996e-01,1.464794516563415527e+00
1.165940165519714355e+00,5.914490699768066406e+00
-2.049234509468078613e-01,2.257324934005737305e+00
8.369347453117370605e-01,7.372945308685302734e+00
6.898295283317565918e-01,9.474516868591308594e+00
8.415020704269409180e-01,7.620580673217773438e+00
5.187484622001647949e-01,4.863077163696289062e+00
3.364335894584655762e-01,6.565405368804931641e+00
1.028602480888366699e+00,9.636831283569335938e+00
9.437186121940612793e-01,1.162982845306396484e+01
1.101519584655761719e+00,7.605573177337646484e+00
-7.478101253509521484e-01,7.226707458496093750e+00
9.848355054855346680e-01,1.046424198150634766e+01
-7.038693428039550781e-01,3.667486190795898438e+00
7.844485044479370117e-01,9.182864189147949219e+00
9.921178221702575684e-01,6.549605369567871094e+00
5.692623853683471680e-01,9.666567802429199219e+00
2.671339511871337891e-01,8.787535667419433594e+00
7.930233478546142578e-01,6.333458900451660156e+00
1.205330848693847656e+00,1.105086803436279297e+01
4.541443884372711182e-01,8.730627059936523438e+00
-7.199025154113769531e-02,3.553019523620605469e+00
3.281955122947692871e-01,5.057816982269287109e+00
5.283447504043579102e-01,5.219654083251953125e+00
-6.167175173759460449e-01,2.075191974639892578e+00
2.285376489162445068e-01,4.619283676147460938e+00
8.800628185272216797e-01,7.360768318176269531e+00
8.905865550041198730e-01,9.135903358459472656e+00
5.253800153732299805e-01,3.963601589202880859e+00
2.529629945755004883e+00,1.535829448699951172e+01
1.169503569602966309e+00,1.382568264007568359e+01
1.485925197601318359e+00,9.436057090759277344e+00
-5.111147761344909668e-01,8.686389327049255371e-01
3.636536598205566406e-01,8.512305259704589844e+00
5.831490755081176758e-01,8.868601799011230469e+00
6.309670209884643555e-01,1.045075321197509766e+01
-4.868629574775695801e-01,5.369021415710449219e+00
1.093715548515319824e+00,1.019714641571044922e+01
4.072617292404174805e-01,7.346410274505615234e+00
8.394472599029541016e-01,6.087548732757568359e+00
6.695930957794189453e-01,7.349472045898437500e+00
4.873508810997009277e-01,7.027068614959716797e+00
3.782113492488861084e-01,7.970685005187988281e+00
1.162808299064636230e+00,1.080244636535644531e+01
2.091947793960571289e+00,1.369579696655273438e+01
5.975521802902221680e-01,7.282576560974121094e+00
1.401485800743103027e+00,1.216999340057373047e+01
7.541227936744689941e-01,7.466293334960937500e+00
-4.754298552870750427e-02,3.499000310897827148e+00
7.750537395477294922e-01,1.158806228637695312e+01
-4.827870726585388184e-01,3.437750339508056641e+00
9.808486104011535645e-01,9.863622665405273438e+00
1.260923743247985840e+00,1.178896427154541016e+01
1.845796704292297363e-01,4.710311889648437500e+00
1.002941250801086426e+00,8.308610916137695312e+00
1.380795836448669434e+00,1.017792987823486328e+01
-7.459540367126464844e-01,1.379084467887878418e+00
-2.286519408226013184e-01,2.419462442398071289e+00
-7.489880919456481934e-01,2.077486753463745117e+00
-6.971731781959533691e-01,-2.016375586390495300e-02
4.260177314281463623e-01,7.022325038909912109e+00
1.140675902366638184e+00,1.002054500579833984e+01
8.935156464576721191e-01,1.020176410675048828e+01
5.054968595504760742e-01,9.841191291809082031e+00
-6.663696169853210449e-01,5.847514867782592773e-01
1.487660050392150879e+00,1.072305583953857422e+01
6.715000271797180176e-01,7.809724807739257812e+00
3.093309104442596436e-01,4.699313640594482422e+00
8.237428069114685059e-01,9.399695396423339844e+00
5.788850188255310059e-01,4.610061168670654297e+00
7.883717417716979980e-01,8.197916984558105469e+00
1.687741518020629883e+00,1.158835411071777344e+01
-6.947839260101318359e-02,5.898349285125732422e+00
-3.084036707878112793e-01,4.482921600341796875e+00
6.878643035888671875e-01,7.525556564331054688e+00
9.957526922225952148e-01,8.827548980712890625e+00
1.455446004867553711e+00,1.286311054229736328e+01
4.548164904117584229e-01,6.913870811462402344e+00
1.413064002990722656e+00,1.055097866058349609e+01
4.932467937469482422e-01,5.919735908508300781e+00
-3.057560324668884277e-01,2.612773418426513672e+00
9.960289597511291504e-01,8.923727989196777344e+00
7.494256496429443359e-01,5.806705474853515625e+00
9.663197994232177734e-01,6.494804859161376953e+00
2.679521217942237854e-02,5.947115898132324219e+00
4.135831594467163086e-01,6.301750183105468750e+00
7.807309031486511230e-01,9.463421821594238281e+00
-3.575174510478973389e-01,1.977575421333312988e+00
4.483582377433776855e-01,4.901345252990722656e+00
1.488716483116149902e+00,1.308088970184326172e+01
1.071658611297607422e+00,8.183238029479980469e+00
-4.670408368110656738e-01,3.604294538497924805e+00
1.684768795967102051e+00,1.419985580444335938e+01
8.600327968597412109e-01,6.250464439392089844e+00
-4.416890144348144531e-01,3.168362140655517578e+00
-3.811472281813621521e-02,5.407160758972167969e+00
3.081711530685424805e-01,8.414710044860839844e+00
1.631672501564025879e+00,1.064754390716552734e+01
1.012126445770263672e+00,8.778891563415527344e+00
1.391723155975341797e+00,8.923411369323730469e+00
1.305419564247131348e+00,9.944526672363281250e+00
3.450427353382110596e-01,5.155918121337890625e+00
-6.155254244804382324e-01,3.603171348571777344e+00
1.502660751342773438e+00,1.325824642181396484e+01
7.020667195320129395e-01,9.207995414733886719e+00
4.196142554283142090e-01,4.785287857055664062e+00
-3.924946486949920654e-01,7.854962944984436035e-01
9.264163374900817871e-01,6.529512405395507812e+00
4.784807562828063965e-01,4.720554828643798828e+00
2.560693398118019104e-02,5.803525924682617188e+00
-6.240549683570861816e-01,1.869607567787170410e+00
6.557871103286743164e-01,8.867944717407226562e+00
9.576806426048278809e-01,1.037059688568115234e+01
1.277418136596679688e+00,1.161530208587646484e+01
9.570821523666381836e-01,5.412518024444580078e+00
4.825698733329772949e-01,8.859903335571289062e+00
7.929663658142089844e-01,7.359192848205566406e+00
-2.341497540473937988e-01,5.731618881225585938e+00
1.009794712066650391e+00,9.018120765686035156e+00
8.256959319114685059e-01,6.368214607238769531e+00
7.854603528976440430e-01,6.319856643676757812e+00
1.454812288284301758e-01,5.451878547668457031e+00
9.763086438179016113e-01,9.473935127258300781e+00
1.021795392036437988e+00,1.127371692657470703e+01
9.078220129013061523e-01,7.339036941528320312e+00
1.206567645072937012e+00,6.341512680053710938e+00
4.340843856334686279e-01,1.003361225128173828e+01
5.776318311691284180e-01,8.742025375366210938e+00
9.932261109352111816e-01,8.186765670776367188e+00
1.705830216407775879e+00,1.203923416137695312e+01
1.295670509338378906e+00,1.246753025054931641e+01
5.175380110740661621e-01,5.014963150024414062e+00
1.589720249176025391e+00,1.279453182220458984e+01
1.564937949180603027e+00,1.343238735198974609e+01
1.559716105461120605e+00,9.270024299621582031e+00
1.359611749649047852e-01,6.847854614257812500e+00
-3.777394294738769531e-01,5.096245288848876953e+00
-4.133019149303436279e-01,8.985249400138854980e-01
-5.216413736343383789e-01,3.831068992614746094e+00
1.314326643943786621e+00,1.127822208404541016e+01
3.314542174339294434e-01,6.194364070892333984e+00
7.991939187049865723e-01,9.751143455505371094e+00
-3.334694728255271912e-02,6.427487373352050781e+00
3.831293284893035889e-01,7.716736793518066406e+00
9.565398097038269043e-01,9.054679870605468750e+00
-4.895489811897277832e-01,4.571283340454101562e+00
5.922046303749084473e-01,5.356220722198486328e+00
6.229509115219116211e-01,5.092015266418457031e+00
2.866973280906677246e-01,2.112603187561035156e+00
1.151498675346374512e+00,6.405898571014404297e+00
1.212035894393920898e+00,8.058607101440429688e+00
1.474160328507423401e-02,4.230794906616210938e+00
7.696059346199035645e-01,8.589672088623046875e+00
2.956134974956512451e-01,4.609323024749755859e+00
8.334430456161499023e-01,8.536266326904296875e+00
3.790679872035980225e-01,5.928222656250000000e+00
1.416652083396911621e+00,1.222366809844970703e+01
1.042410373687744141e+00,9.532847404479980469e+00
1.085106730461120605e+00,8.288048744201660156e+00
1.047326207160949707e+00,8.085680961608886719e+00
3.196488618850708008e-01,5.991355895996093750e+00
1.722793340682983398e+00,1.327993488311767578e+01
2.642816677689552307e-02,5.633552074432373047e+00
-4.800819754600524902e-01,2.983526468276977539e+00
1.304756164550781250e+00,8.621474266052246094e+00
5.038641691207885742e-01,6.396726608276367188e+00
-4.081350192427635193e-02,8.190363883972167969e+00
2.064705610275268555e+00,1.495816040039062500e+01
6.925969719886779785e-01,5.744864463806152344e+00
-2.526766359806060791e-01,4.107087135314941406e+00
8.099765181541442871e-01,7.098010063171386719e+00
1.366635560989379883e-01,4.123023509979248047e+00
8.320987820625305176e-01,7.809023857116699219e+00
1.409677028656005859e+00,8.903731346130371094e+00
1.060296654701232910e+00,8.154290199279785156e+00
5.018557906150817871e-01,6.780863761901855469e+00
-8.671176433563232422e-02,4.817298412322998047e+00
1.074358701705932617e+00,1.087091922760009766e+01
9.400287270545959473e-01,8.844615936279296875e+00
4.245716035366058350e-01,7.975869178771972656e+00
-7.249340415000915527e-01,3.565860986709594727e+00
1.052906155586242676e+00,6.070900917053222656e+00
-3.596647381782531738e-01,1.107289505004882812e+01
2.059478998184204102e+00,1.408729648590087891e+01
5.892678499221801758e-01,6.953280925750732422e+00
7.021425366401672363e-01,6.632925033569335938e+00
6.278625726699829102e-01,5.976465225219726562e+00
1.523678660392761230e+00,1.292192173004150391e+01
1.203582882881164551e+00,8.538712501525878906e+00
1.753135800361633301e+00,1.350925445556640625e+01
4.698814749717712402e-01,7.348054409027099609e+00
1.011708617210388184e+00,7.602447032928466797e+00
8.090928196907043457e-01,1.073307514190673828e+01
5.228025317192077637e-01,7.108479499816894531e+00
8.467390537261962891e-01,6.644743919372558594e+00
-5.336624011397361755e-02,4.068284034729003906e+00
1.850417852401733398e-01,6.555180549621582031e+00
-8.242109417915344238e-01,2.861065626144409180e+00
-6.489263772964477539e-01,2.936980009078979492e+00
8.437637090682983398e-01,5.147994995117187500e+00
7.534950375556945801e-01,7.997916698455810547e+00
2.810113131999969482e-01,5.962781906127929688e+00
-7.037668824195861816e-01,3.284776926040649414e+00
1.308774232864379883e+00,1.286169147491455078e+01
1.972647309303283691e+00,1.432639217376708984e+01
8.975297212600708008e-02,5.473941326141357422e+00
1.218451380729675293e+00,9.167925834655761719e+00
8.630259633064270020e-01,1.021011638641357422e+01
1.020684361457824707e+00,5.725266933441162109e+00
8.672782778739929199e-01,5.831592559814453125e+00
1.290802597999572754e+00,1.115881156921386719e+01
-2.763354182243347168e-01,2.765898466110229492e+00
5.582653880119323730e-01,4.121568679809570312e+00
8.417642116546630859e-01,4.048924922943115234e+00
4.715922754257917404e-03,5.574748039245605469e+00
5.896909832954406738e-01,7.166097640991210938e+00
8.973336219787597656e-01,8.600392341613769531e+00
-4.172598943114280701e-02,4.596940040588378906e+00
1.231038928031921387e+00,5.396170616149902344e+00
1.181788921356201172e+00,1.099850273132324219e+01
-2.169711589813232422e-01,6.535005569458007812e+00
-2.698927745223045349e-02,6.127156257629394531e+00
-2.950113713741302490e-01,2.920801639556884766e+00
5.753623247146606445e-01,6.009985923767089844e+00
3.551473915576934814e-01,7.809550285339355469e+00
1.579857766628265381e-01,7.678625583648681641e+00
-6.958293318748474121e-01,1.683004260063171387e+00
6.949403882026672363e-01,3.106894254684448242e+00
1.097010254859924316e+00,8.643933296203613281e+00
1.029976725578308105e+00,9.178582191467285156e+00
1.126574754714965820e+00,7.888974666595458984e+00
1.075446128845214844e+00,7.182793140411376953e+00
-1.012481749057769775e-01,7.596683502197265625e+00
1.114544510841369629e+00,1.057834434509277344e+01
1.212924361228942871e+00,1.144668769836425781e+01
2.192286849021911621e-01,4.513972759246826172e+00
8.676817417144775391e-01,1.037719440460205078e+01
-3.641144633293151855e-01,1.901897907257080078e+00
1.355626463890075684e+00,1.184933090209960938e+01
-6.521565914154052734e-01,4.097080230712890625e+00
1.004951477050781250e+00,6.076292037963867188e+00
-5.580992102622985840e-01,4.556549549102783203e+00
1.081537127494812012e+00,8.629010200500488281e+00
-8.961041569709777832e-01,1.002466201782226562e+00
4.857336878776550293e-01,1.014406681060791016e+01
-8.977937698364257812e-02,6.173192977905273438e+00
1.799359023571014404e-01,6.803070068359375000e+00
7.472431063652038574e-01,5.319335937500000000e+00
7.718546390533447266e-01,9.882714271545410156e+00
2.772196531295776367e-01,2.808489561080932617e+00
4.209026098251342773e-01,6.009672164916992188e+00
8.045065402984619141e-02,5.371681213378906250e+00
3.119720220565795898e-01,4.229880332946777344e+00
1.833672165870666504e+00,1.571327114105224609e+01
8.119774460792541504e-01,6.058610916137695312e+00
1.196751117706298828e+00,9.236958503723144531e+00
2.930783629417419434e-01,5.243023872375488281e+00
3.959239423274993896e-01,5.990665912628173828e+00
1.009129166603088379e+00,9.744324684143066406e+00
-6.352339982986450195e-01,7.158144950866699219e+00
9.367448687553405762e-01,8.431107521057128906e+00
6.950305104255676270e-01,6.840515136718750000e+00
-2.134155035018920898e-01,4.804834365844726562e+00
7.145918607711791992e-01,6.930644989013671875e+00
1.068379640579223633e+00,9.240944862365722656e+00
4.152147173881530762e-01,6.177083015441894531e+00
9.375414252281188965e-02,8.602685928344726562e+00
1.459897041320800781e+00,8.615359306335449219e+00
-5.986694693565368652e-01,4.294199943542480469e+00
9.775196909904479980e-01,8.614089965820312500e+00
5.701496005058288574e-01,7.537976264953613281e+00
9.047998785972595215e-01,8.385034561157226562e+00
8.319066762924194336e-01,1.163504600524902344e+01
1.201739907264709473e+00,8.588057518005371094e+00
3.614764511585235596e-01,3.910007715225219727e+00
4.761213362216949463e-01,6.317471027374267578e+00
3.773660659790039062e-01,8.521651268005371094e+00
3.596695065498352051e-01,4.975051879882812500e+00
2.674870789051055908e-01,5.218016624450683594e+00
5.636681914329528809e-01,5.902208805084228516e+00
1.080466747283935547e+00,6.692239284515380859e+00
8.664311766624450684e-01,8.770877838134765625e+00
1.167629122734069824e+00,1.102974700927734375e+01
8.543096780776977539e-01,8.850307464599609375e+00
3.372401893138885498e-01,5.878056526184082031e+00
-3.073620796203613281e-01,4.341660499572753906e+00
2.351473569869995117e-01,6.205329418182373047e+00
1.094252586364746094e+00,5.723923206329345703e+00
6.622701287269592285e-01,6.900529861450195312e+00
3.963496685028076172e-01,7.006538391113281250e+00
9.067548513412475586e-01,6.973485946655273438e+00
-2.511410117149353027e-01,3.571495771408081055e+00
5.594504475593566895e-01,1.006661796569824219e+01
9.402385354042053223e-01,9.912827491760253906e+00
4.791206717491149902e-01,9.613667488098144531e+00
1.181501984596252441e+00,1.140175914764404297e+01
8.369024395942687988e-01,6.099057674407958984e+00
1.591327786445617676e+00,1.530310153961181641e+01
8.840298652648925781e-02,7.772947311401367188e+00
3.860554695129394531e-01,8.346699714660644531e+00
-5.873199105262756348e-01,2.356524705886840820e+00
5.133848786354064941e-01,4.532699584960937500e+00
5.520715117454528809e-01,6.347996234893798828e+00
1.969057917594909668e-01,6.269503593444824219e+00
1.721084117889404297e-01,5.703321456909179688e+00
-3.947104215621948242e-01,5.377964973449707031e+00
9.664376974105834961e-01,8.502459526062011719e+00
7.176977992057800293e-01,7.675511360168457031e+00
1.438156366348266602e-01,5.156160354614257812e+00
4.966195225715637207e-01,8.171035766601562500e+00
-1.063045579940080643e-03,2.684121847152709961e+00
1.440806150436401367e+00,1.232549190521240234e+01
-2.834324836730957031e-01,4.422802448272705078e+00
3.440585434436798096e-01,5.911741256713867188e+00
1.549998641014099121e+00,1.235329055786132812e+01
-7.463399767875671387e-01,3.812982320785522461e+00
8.777287602424621582e-01,7.103338718414306641e+00
-1.914109587669372559e-01,4.114009857177734375e+00
1.000721096992492676e+00,6.913623809814453125e+00
8.773061633110046387e-01,9.171970367431640625e+00
3.571377694606781006e-01,4.247289657592773438e+00
1.637886404991149902e+00,1.434658908843994141e+01
-2.649818062782287598e-01,2.527736902236938477e+00
-8.845317363739013672e-02,5.339859962463378906e+00
1.964418888092041016e-01,6.477356433868408203e+00
9.890633821487426758e-01,1.021368503570556641e+01
1.343407273292541504e+00,9.333008766174316406e+00
-1.571906208992004395e-01,7.544013023376464844e+00
3.369211554527282715e-01,9.254872322082519531e+00
8.046278357505798340e-01,7.318554878234863281e+00
1.779276967048645020e+00,1.268285655975341797e+01
5.046389102935791016e-01,6.105602264404296875e+00
4.364119172096252441e-01,7.541965961456298828e+00
8.934554457664489746e-01,7.269268989562988281e+00
5.631582140922546387e-01,6.658002853393554688e+00
7.159671783447265625e-01,8.783970832824707031e+00
1.067985296249389648e+00,9.305487632751464844e+00
9.058401584625244141e-01,9.909724235534667969e+00
1.169668793678283691e+00,9.173573493957519531e+00
8.261488080024719238e-01,7.900333404541015625e+00
9.838771224021911621e-01,1.041981220245361328e+01
2.766525745391845703e-01,5.916516304016113281e+00
1.545205116271972656e-01,5.311565399169921875e+00
1.063797950744628906e+00,8.151582717895507812e+00
1.187226414680480957e+00,9.698326110839843750e+00
1.678426861763000488e+00,1.127510166168212891e+01
1.109281301498413086e+00,9.215298652648925781e+00
1.203899145126342773e+00,8.701804161071777344e+00
1.081091403961181641e+00,1.008516216278076172e+01
8.035057187080383301e-01,9.462330937385559082e-01
2.080699205398559570e-01,3.385909557342529297e+00
1.093504548072814941e+00,1.049700927734375000e+01
8.660139441490173340e-01,6.969100475311279297e+00
6.154197454452514648e-01,6.386198997497558594e+00
7.653172016143798828e-01,8.697468757629394531e+00
1.437773406505584717e-01,5.196894645690917969e+00
9.177944660186767578e-01,8.401011466979980469e+00
1.274689078330993652e+00,8.203614234924316406e+00
4.038599431514739990e-01,9.753736495971679688e+00
-5.356933474540710449e-01,3.116206169128417969e+00
1.654841899871826172e-01,7.737060070037841797e+00
1.152091026306152344e+00,1.115022754669189453e+01
2.889052629470825195e-01,5.125916481018066406e+00
2.620599865913391113e-01,4.068278312683105469e+00
1.372977614402770996e+00,1.245241641998291016e+01
-5.853145718574523926e-01,5.854255199432373047e+00
1.274219155311584473e+00,8.750262260437011719e+00
1.615795373916625977e+00,1.398037815093994141e+01
6.719840168952941895e-01,6.370323181152343750e+00
7.232550978660583496e-01,8.357641220092773438e+00
-7.537421584129333496e-01,4.107004165649414062e+00
8.368210196495056152e-01,7.747806549072265625e+00
8.813866376876831055e-01,5.981970787048339844e+00
4.207098484039306641e-01,5.770942687988281250e+00
1.413916945457458496e-01,7.196204185485839844e+00
1.130488395690917969e+00,7.785438537597656250e+00
1.057581424713134766e+00,8.010250091552734375e+00
6.104403138160705566e-01,8.993713378906250000e+00
2.022386193275451660e-01,5.849104881286621094e+00
-8.357357978820800781e-02,4.378501892089843750e+00
-3.348307609558105469e-01,4.217283725738525391e+00
1.495987176895141602e-01,5.781658172607421875e+00
6.777989864349365234e-01,8.884797096252441406e+00
-1.875093281269073486e-01,8.353152275085449219e+00
8.858895301818847656e-01,8.214392662048339844e+00
9.940180182456970215e-01,9.310181617736816406e+00
7.795819640159606934e-01,8.492366790771484375e+00
7.009402513504028320e-01,6.379249572753906250e+00
1.081024527549743652e+00,1.143757438659667969e+01
1.756551384925842285e+00,1.115367794036865234e+01
5.582997202873229980e-01,7.500390052795410156e+00
-4.297701120376586914e-01,6.596891880035400391e+00
1.017009377479553223e+00,6.986267089843750000e+00
1.187177300453186035e-01,5.002303600311279297e+00
1.539317250251770020e+00,1.229098224639892578e+01
-7.693070173263549805e-02,2.752107858657836914e+00
1.572156548500061035e-01,2.626575231552124023e+00
-3.948122859001159668e-01,5.803999423980712891e+00
2.858552932739257812e-01,9.171593666076660156e+00
6.371644735336303711e-01,8.336192131042480469e+00
-2.516382560133934021e-02,6.425470352172851562e+00
2.360942602157592773e+00,1.301096248626708984e+01
-5.049630403518676758e-01,3.844429016113281250e+00
1.251633524894714355e+00,8.536851882934570312e+00
1.452527999877929688e+00,1.190396499633789062e+01
2.217375755310058594e+00,1.388389110565185547e+01
1.251999139785766602e-01,1.053262424468994141e+01
8.528396487236022949e-01,1.012965869903564453e+01
-5.166702270507812500e-01,6.055065631866455078e+00
8.971786499023437500e-02,2.064729213714599609e+00
2.834075093269348145e-01,4.630056381225585938e+00
-4.746260344982147217e-01,7.008387565612792969e+00
1.510022282600402832e+00,1.153238010406494141e+01
1.191728711128234863e+00,1.201336669921875000e+01
-7.876290082931518555e-01,1.130455255508422852e+00
1.054394617676734924e-02,4.949261665344238281e+00
-3.747008442878723145e-01,5.644989013671875000e+00
-5.386095643043518066e-01,3.123942136764526367e+00
-2.499834299087524414e-01,7.568272590637207031e+00
1.118927359580993652e+00,1.177150917053222656e+01
1.049667477607727051e+00,1.030799007415771484e+01
7.408624887466430664e-01,9.475490570068359375e+00
1.031922578811645508e+00,7.352063655853271484e+00
1.001665711402893066e+00,6.281255722045898438e+00
1.098525404930114746e+00,6.166997909545898438e+00
3.024952709674835205e-01,2.692360162734985352e+00
-7.073445320129394531e-01,8.843849301338195801e-01
1.292034268379211426e+00,1.355866527557373047e+01
1.190636277198791504e+00,6.976465225219726562e+00
6.743066906929016113e-01,6.199329853057861328e+00
6.339190602302551270e-01,7.559872150421142578e+00
-2.522076070308685303e-01,4.605400562286376953e+00
6.608797907829284668e-01,5.190653800964355469e+00
1.829558610916137695e-01,4.937169551849365234e+00
-2.438023090362548828e-01,6.646752357482910156e+00
6.377474069595336914e-01,7.192438125610351562e+00
1.024794578552246094e-01,6.557271003723144531e+00
1.537638187408447266e+00,1.383892726898193359e+01
-5.600226521492004395e-01,3.558480739593505859e+00
1.671001911163330078e-01,5.199414253234863281e+00
6.714439988136291504e-01,1.015682029724121094e+01
1.248336911201477051e+00,9.802591323852539062e+00
2.283564209938049316e-01,7.123720169067382812e+00
1.621676087379455566e+00,1.244577407836914062e+01
-5.088780522346496582e-01,2.807157039642333984e+00
7.173585295677185059e-01,7.581962108612060547e+00
6.698138117790222168e-01,6.184738159179687500e+00
1.148048758506774902e+00,7.454755783081054688e+00
9.706367254257202148e-01,8.403326988220214844e+00
5.996688604354858398e-01,4.441603660583496094e+00
6.682996153831481934e-01,9.366734504699707031e+00
7.299315929412841797e-02,6.457098007202148438e+00
1.607516884803771973e+00,1.226608371734619141e+01
-8.047169446945190430e-02,4.284164905548095703e+00
3.603835105895996094e-01,4.938895225524902344e+00
-1.343141794204711914e-01,5.226975440979003906e+00
1.228510737419128418e+00,8.390221595764160156e+00
8.300540447235107422e-01,4.300468921661376953e+00
3.907600045204162598e-01,9.735159873962402344e+00
6.500474214553833008e-01,8.803197860717773438e+00
-3.983913064002990723e-01,3.243464946746826172e+00
1.603139936923980713e-01,6.235246658325195312e+00
5.663084983825683594e-01,7.499242782592773438e+00
2.536945044994354248e-01,9.282891273498535156e+00
4.559845626354217529e-01,6.638231277465820312e+00
1.330090880393981934e+00,9.555791854858398438e+00
9.415554404258728027e-01,6.132199287414550781e+00
-6.651563644409179688e-01,1.267513155937194824e+00
7.571997046470642090e-01,6.724910259246826172e+00
3.683005273342132568e-01,5.281150817871093750e+00
-1.750278100371360779e-02,2.882349729537963867e+00
-3.336125239729881287e-02,4.231622695922851562e+00
7.554060816764831543e-01,6.005615234375000000e+00
8.994669914245605469e-01,9.161732673645019531e+00
4.644262492656707764e-01,8.224174499511718750e+00
-1.438360214233398438e-01,4.695402622222900391e+00
-3.721216917037963867e-01,6.764982342720031738e-01
8.309030532836914062e-01,9.442592620849609375e+00
7.158765792846679688e-01,6.425549507141113281e+00
4.649838209152221680e-01,9.666815757751464844e+00
7.544479966163635254e-01,9.301776885986328125e+00
9.145856499671936035e-01,6.256432056427001953e+00
1.595897316932678223e+00,1.223581218719482422e+01
8.280211687088012695e-01,8.285264015197753906e+00
-2.899402379989624023e-01,1.506095528602600098e+00
5.644987225532531738e-01,2.381455898284912109e+00
9.865499138832092285e-01,6.305486679077148438e+00
-2.884282767772674561e-01,7.735898971557617188e+00
-9.383468627929687500e-01,3.360935449600219727e+00
6.038439273834228516e-01,8.461571693420410156e+00
-7.808001637458801270e-01,2.840176820755004883e+00
1.148074150085449219e+00,1.030140781402587891e+01
8.535891771316528320e-01,9.827075004577636719e+00
7.549218535423278809e-01,9.220971107482910156e+00
1.548072218894958496e+00,1.189856719970703125e+01
9.009522199630737305e-01,7.259911060333251953e+00
1.195892333984375000e+00,1.029221630096435547e+01
9.698405861854553223e-01,9.449349403381347656e+00
1.014502406120300293e+00,9.420346260070800781e+00
4.835597872734069824e-01,8.294611930847167969e+00
6.458032131195068359e-02,4.208248138427734375e+00
4.360376894474029541e-01,6.065773487091064453e+00
1.110069870948791504e+00,1.075338649749755859e+01
-7.264992594718933105e-01,5.127095699310302734e+00
1.281472802162170410e+00,9.864176750183105469e+00
9.590594172477722168e-01,6.619224071502685547e+00
6.465858817100524902e-01,5.539719581604003906e+00
-1.661803126335144043e-01,7.340490341186523438e+00
5.496411919593811035e-01,5.400853157043457031e+00
1.937887370586395264e-01,5.448251724243164062e+00
7.913420796394348145e-01,8.298174858093261719e+00
-2.557821869850158691e-01,4.755250453948974609e+00
-1.936940848827362061e-01,4.630214691162109375e+00
-3.767720460891723633e-01,3.423797845840454102e+00
8.999212384223937988e-01,9.033569335937500000e+00
1.071183562278747559e+00,9.644495964050292969e+00
7.113783955574035645e-01,7.176687240600585938e+00
3.945168852806091309e-01,9.145239830017089844e+00
5.213982462882995605e-01,5.112698554992675781e+00
-2.793829441070556641e-01,2.859785795211791992e+00
-3.044917583465576172e-01,3.760248422622680664e+00
-8.179124444723129272e-03,6.444620132446289062e+00
1.137415766716003418e+00,9.129626274108886719e+00
2.418233454227447510e-01,4.722429752349853516e+00
1.174654364585876465e+00,1.310961532592773438e+01
-4.940489530563354492e-01,4.055693149566650391e+00
6.244245767593383789e-01,6.186840534210205078e+00
1.161491274833679199e+00,7.846120357513427734e+00
-8.570116758346557617e-02,4.233271598815917969e+00
-3.417442739009857178e-01,4.686158180236816406e+00
1.022714972496032715e+00,5.879086494445800781e+00
6.510099768638610840e-01,5.999107360839843750e+00
6.434128284454345703e-01,9.013934135437011719e+00
9.143372178077697754e-01,1.079517078399658203e+01
7.491139769554138184e-01,5.619839668273925781e+00
6.407451033592224121e-01,5.790839672088623047e+00
1.384657382965087891e+00,1.090472888946533203e+01
9.379014372825622559e-01,7.608122825622558594e+00
2.666532695293426514e-01,7.388023376464843750e+00
1.356731057167053223e+00,1.006617069244384766e+01
1.088574409484863281e+00,9.401576995849609375e+00
-4.198499321937561035e-01,5.754179000854492188e+00
8.391326665878295898e-01,7.645553112030029297e+00
-7.029217481613159180e-02,2.512994050979614258e+00
1.576054811477661133e+00,1.256681919097900391e+01
1.079404950141906738e+00,6.976221084594726562e+00
-7.194914221763610840e-01,3.053000211715698242e+00
1.995043754577636719e+00,1.489205646514892578e+01
5.222306028008460999e-02,6.262568473815917969e+00
9.510119557380676270e-01,8.827174186706542969e+00
