2.534047126770019531e+00,2.561410188674926758e+00
2.598205566406250000e+00,2.595766305923461914e+00
1.337635993957519531e+00,3.394641637802124023e+00
2.902270793914794922e+00,-3.926588058471679688e+00
1.848286986351013184e+00,3.086989164352416992e+00
1.749226093292236328e+00,3.294876337051391602e+00
1.963629245758056641e+00,3.168298006057739258e+00
1.598539471626281738e+00,3.378950595855712891e+00
2.176614046096801758e+00,2.987376928329467773e+00
2.446530818939208984e+00,2.649712085723876953e+00
1.889733076095581055e+00,2.961981534957885742e+00
1.744683861732482910e+00,3.088467597961425781e+00
2.321426868438720703e+00,2.556152582168579102e+00
2.062752723693847656e+00,3.051742315292358398e+00
2.047244787216186523e+00,3.017216682434082031e+00
1.610105991363525391e+00,2.935398340225219727e+00
2.281974554061889648e+00,2.772510290145874023e+00
1.508702039718627930e+00,3.109197139739990234e+00
1.364146471023559570e+00,3.493046522140502930e+00
3.098388433456420898e+00,1.673567771911621094e+00
1.803189754486083984e+00,3.257076025009155273e+00
3.910243272781372070e+00,-2.423805952072143555e+00
1.679869651794433594e+00,3.027566432952880859e+00
2.192601680755615234e+00,2.772736310958862305e+00
1.409376144409179688e+00,3.356675624847412109e+00
1.638631343841552734e+00,3.139750719070434570e+00
1.557342648506164551e+00,3.215749979019165039e+00
2.003906965255737305e+00,3.009172677993774414e+00
1.955508112907409668e+00,3.094364881515502930e+00
1.487869739532470703e+00,3.019182682037353516e+00
1.672188758850097656e+00,3.168390035629272461e+00
1.660748004913330078e+00,3.258184671401977539e+00
1.416862249374389648e+00,3.129142045974731445e+00
3.973079442977905273e+00,-1.987068414688110352e+00
1.541080713272094727e+00,3.187604188919067383e+00
1.577809929847717285e+00,3.320965051651000977e+00
3.783298969268798828e+00,-2.881495714187622070e+00
3.486939668655395508e+00,-3.401546478271484375e+00
1.506182909011840820e+00,3.231441259384155273e+00
1.857683181762695312e+00,3.104485273361206055e+00
1.765218257904052734e+00,3.299823284149169922e+00
1.465723037719726562e+00,3.320095062255859375e+00
2.643337011337280273e+00,2.433547258377075195e+00
1.643064141273498535e+00,3.251616716384887695e+00
1.293024301528930664e+00,3.464634656906127930e+00
4.005371570587158203e+00,-2.088284015655517578e+00
1.974911808967590332e+00,3.075989007949829102e+00
1.708003520965576172e+00,3.235201597213745117e+00
1.870460391044616699e+00,2.959744453430175781e+00
2.951232433319091797e+00,1.905879616737365723e+00
2.361330509185791016e+00,2.794829368591308594e+00
2.404644012451171875e+00,2.645586252212524414e+00
3.180299282073974609e+00,1.937314152717590332e+00
3.007317304611206055e+00,2.059017419815063477e+00
1.987353086471557617e+00,3.152742385864257812e+00
2.339794158935546875e+00,2.718940019607543945e+00
1.548067569732666016e+00,3.377346277236938477e+00
2.424233198165893555e+00,2.571586370468139648e+00
1.450264215469360352e+00,3.215762853622436523e+00
1.540410876274108887e+00,3.334985971450805664e+00
1.631034135818481445e+00,3.234811544418334961e+00
2.170903205871582031e+00,2.817934989929199219e+00
4.041174411773681641e+00,-1.668682694435119629e+00
2.296885013580322266e+00,2.809335470199584961e+00
4.166001796722412109e+00,-1.163643598556518555e+00
2.107936859130859375e+00,2.896374464035034180e+00
1.428734302520751953e+00,3.236780881881713867e+00
1.539466381072998047e+00,3.350643157958984375e+00
3.370561361312866211e+00,1.531937599182128906e+00
2.370350837707519531e+00,2.688727140426635742e+00
1.588167667388916016e+00,3.103882551193237305e+00
1.568426132202148438e+00,3.302577733993530273e+00
1.603230834007263184e+00,3.179516077041625977e+00
1.347331047058105469e+00,3.367109060287475586e+00
2.593843936920166016e+00,2.410933732986450195e+00
1.666616916656494141e+00,3.258431196212768555e+00
1.794068098068237305e+00,3.340268850326538086e+00
2.772833824157714844e+00,2.421692132949829102e+00
1.225176334381103516e+00,3.630419731140136719e+00
1.738410472869873047e+00,2.985069990158081055e+00
2.151422739028930664e+00,3.006155252456665039e+00
1.492219924926757812e+00,3.496612310409545898e+00
2.066784858703613281e+00,3.053455591201782227e+00
3.222063064575195312e+00,-3.696532249450683594e+00
1.620050191879272461e+00,3.306370973587036133e+00
1.816975712776184082e+00,3.194782018661499023e+00
3.224689483642578125e+00,1.758308649063110352e+00
1.511399745941162109e+00,3.276290178298950195e+00
1.656267642974853516e+00,3.150287628173828125e+00
1.924626111984252930e+00,2.986518383026123047e+00
1.488784074783325195e+00,3.267484903335571289e+00
1.790792465209960938e+00,3.169028043746948242e+00
1.576162099838256836e+00,3.142314195632934570e+00
1.844913721084594727e+00,3.201237440109252930e+00
2.236128330230712891e+00,2.736282110214233398e+00
1.664371967315673828e+00,3.257977485656738281e+00
3.750704526901245117e+00,-3.153290510177612305e+00
2.316444396972656250e+00,2.752522230148315430e+00
2.131625652313232422e+00,2.825428724288940430e+00
2.253021001815795898e+00,2.898667097091674805e+00
2.481127738952636719e+00,2.583413839340209961e+00
1.686360359191894531e+00,3.226122617721557617e+00
1.513662338256835938e+00,3.287143945693969727e+00
1.534672260284423828e+00,3.415993928909301758e+00
1.982113122940063477e+00,3.131155252456665039e+00
3.439665317535400391e+00,-3.429824113845825195e+00
1.863768935203552246e+00,3.007728576660156250e+00
2.313141345977783203e+00,2.606792449951171875e+00
4.080231189727783203e+00,-1.981009840965270996e-01
1.736839771270751953e+00,3.275697469711303711e+00
1.568194866180419922e+00,3.272305488586425781e+00
1.310846328735351562e+00,3.521475791931152344e+00
1.539011955261230469e+00,3.036263704299926758e+00
1.512593865394592285e+00,3.303772926330566406e+00
1.499733448028564453e+00,3.292672157287597656e+00
2.032087802886962891e+00,3.009629011154174805e+00
1.574038743972778320e+00,3.115931749343872070e+00
1.818261265754699707e+00,3.002513885498046875e+00
2.046910762786865234e+00,2.935698270797729492e+00
1.528174877166748047e+00,3.294078588485717773e+00
1.420723557472229004e+00,3.040524721145629883e+00
2.948451757431030273e+00,2.056001186370849609e+00
1.510477185249328613e+00,3.168524503707885742e+00
1.543543338775634766e+00,3.320678472518920898e+00
1.500079393386840820e+00,3.279639244079589844e+00
1.302970647811889648e+00,3.215633630752563477e+00
1.911433219909667969e+00,3.166047573089599609e+00
1.711473703384399414e+00,3.227538108825683594e+00
1.667407989501953125e+00,3.271611928939819336e+00
2.263919830322265625e+00,2.965385198593139648e+00
1.535333156585693359e+00,3.271897077560424805e+00
1.285098075866699219e+00,3.429015398025512695e+00
1.552412271499633789e+00,3.253648996353149414e+00
2.463176727294921875e+00,2.520171880722045898e+00
3.353635787963867188e+00,-3.687035799026489258e+00
1.483430743217468262e+00,3.272906780242919922e+00
2.227452754974365234e+00,3.009545087814331055e+00
1.760542988777160645e+00,3.154515981674194336e+00
1.792421460151672363e+00,3.278635501861572266e+00
1.520671129226684570e+00,3.203136682510375977e+00
2.635822296142578125e+00,2.430917024612426758e+00
2.017287731170654297e+00,2.914120435714721680e+00
1.424874424934387207e+00,3.339787721633911133e+00
1.639664888381958008e+00,3.205007791519165039e+00
2.293987751007080078e+00,2.928260087966918945e+00
2.181269407272338867e+00,2.722923517227172852e+00
2.128123760223388672e+00,2.857121229171752930e+00
2.075983285903930664e+00,2.965411424636840820e+00
1.404887080192565918e+00,3.289560794830322266e+00
1.814966320991516113e+00,3.000711441040039062e+00
1.615303039550781250e+00,3.257364749908447266e+00
2.772655010223388672e+00,2.264937639236450195e+00
1.899885654449462891e+00,3.240039348602294922e+00
1.520057201385498047e+00,3.269306659698486328e+00
2.096108436584472656e+00,3.029349565505981445e+00
1.859526991844177246e+00,2.932432889938354492e+00
2.161038875579833984e+00,2.796748161315917969e+00
2.016816616058349609e+00,3.150844335556030273e+00
1.792425632476806641e+00,3.128741502761840820e+00
2.111197471618652344e+00,2.962970972061157227e+00
4.129247188568115234e+00,-1.347348332405090332e+00
3.672060489654541016e+00,-3.133497476577758789e+00
3.458708286285400391e+00,-3.479639291763305664e+00
1.539290070533752441e+00,3.235670089721679688e+00
1.673821568489074707e+00,3.200038433074951172e+00
3.788806200027465820e+00,-2.993217229843139648e+00
1.395999431610107422e+00,3.192287206649780273e+00
1.515457749366760254e+00,3.387465476989746094e+00
1.529754042625427246e+00,3.337193012237548828e+00
4.106857299804687500e+00,-6.573166251182556152e-01
1.457920789718627930e+00,3.377584934234619141e+00
3.454999685287475586e+00,-3.568721055984497070e+00
3.885990381240844727e+00,-2.907084941864013672e+00
2.025885581970214844e+00,3.216464281082153320e+00
2.742487907409667969e+00,2.352293491363525391e+00
2.439951419830322266e+00,2.627668619155883789e+00
1.875061154365539551e+00,3.055646896362304688e+00
1.809239387512207031e+00,3.169481515884399414e+00
1.780216097831726074e+00,3.241313695907592773e+00
1.621833086013793945e+00,3.132459163665771484e+00
1.933773040771484375e+00,3.112593889236450195e+00
2.368770122528076172e+00,2.536561489105224609e+00
1.567067980766296387e+00,3.299023389816284180e+00
4.160037517547607422e+00,-3.786214292049407959e-01
1.417963981628417969e+00,3.330320835113525391e+00
2.345736742019653320e+00,2.532845258712768555e+00
1.657533407211303711e+00,3.353375673294067383e+00
3.902915716171264648e+00,-1.516910076141357422e+00
1.625640749931335449e+00,3.271312475204467773e+00
1.718388676643371582e+00,3.203921079635620117e+00
1.783171415328979492e+00,3.133849859237670898e+00
1.660786747932434082e+00,3.241087913513183594e+00
1.631461143493652344e+00,3.277103424072265625e+00
1.952663779258728027e+00,3.007659673690795898e+00
4.101974010467529297e+00,-1.436692953109741211e+00
4.108689785003662109e+00,-1.744174480438232422e+00
1.780645608901977539e+00,3.055883407592773438e+00
1.592903852462768555e+00,3.224186182022094727e+00
1.920887589454650879e+00,3.155970811843872070e+00
2.246568202972412109e+00,2.668174028396606445e+00
1.526770114898681641e+00,3.419645786285400391e+00
4.132343292236328125e+00,-2.263170003890991211e+00
1.252542138099670410e+00,3.466863870620727539e+00
1.679955840110778809e+00,3.250070333480834961e+00
2.439980506896972656e+00,2.588109254837036133e+00
2.012298107147216797e+00,3.115178823471069336e+00
3.804874420166015625e+00,-2.896916151046752930e+00
3.325987577438354492e+00,1.390544176101684570e+00
1.661168336868286133e+00,3.279182672500610352e+00
2.166978359222412109e+00,2.742207765579223633e+00
3.961750745773315430e+00,-2.500783443450927734e+00
2.682208299636840820e+00,2.451817274093627930e+00
3.237468719482421875e+00,1.651551008224487305e+00
1.793575286865234375e+00,3.122309684753417969e+00
1.447960138320922852e+00,3.336461067199707031e+00
1.695546388626098633e+00,3.228860139846801758e+00
1.627625346183776855e+00,3.171103477478027344e+00
1.652016639709472656e+00,3.068076848983764648e+00
1.865040779113769531e+00,3.185641527175903320e+00
1.680140256881713867e+00,3.113989591598510742e+00
1.050643920898437500e+00,3.579967498779296875e+00
3.704358577728271484e+00,1.065855741500854492e+00
2.210821628570556641e+00,2.813439130783081055e+00
1.750063180923461914e+00,3.188897609710693359e+00
4.048113346099853516e+00,-5.182077288627624512e-01
1.557818055152893066e+00,3.071606636047363281e+00
1.472024321556091309e+00,3.085022449493408203e+00
2.149222135543823242e+00,2.917891025543212891e+00
1.607561111450195312e+00,3.305252790451049805e+00
1.337520956993103027e+00,3.267976760864257812e+00
1.653456449508666992e+00,3.133362054824829102e+00
1.910945177078247070e+00,3.087961673736572266e+00
1.683273792266845703e+00,3.237703800201416016e+00
2.221376657485961914e+00,2.799277782440185547e+00
1.866435050964355469e+00,3.049230098724365234e+00
1.806659460067749023e+00,3.157416105270385742e+00
1.842541813850402832e+00,3.115615844726562500e+00
1.777634382247924805e+00,3.195924520492553711e+00
1.487424731254577637e+00,3.179079771041870117e+00
1.466351032257080078e+00,3.347337007522583008e+00
1.900403857231140137e+00,3.073983192443847656e+00
1.538147211074829102e+00,3.081242322921752930e+00
1.747381210327148438e+00,3.047103166580200195e+00
2.427580833435058594e+00,2.566941976547241211e+00
1.846722245216369629e+00,3.108077526092529297e+00
1.669062137603759766e+00,3.194104909896850586e+00
3.942460536956787109e+00,-2.204533576965332031e+00
2.466872453689575195e+00,2.570398569107055664e+00
2.252029418945312500e+00,2.727423191070556641e+00
1.984992742538452148e+00,2.925484895706176758e+00
1.880712628364562988e+00,3.058141946792602539e+00
2.106650829315185547e+00,2.935744762420654297e+00
3.443494081497192383e+00,-3.502937555313110352e+00
1.528978466987609863e+00,3.115564823150634766e+00
2.000363588333129883e+00,3.140398263931274414e+00
9.977959394454956055e-01,3.470481157302856445e+00
1.669261455535888672e+00,3.189410924911499023e+00
1.361137151718139648e+00,3.313374280929565430e+00
1.639497280120849609e+00,3.079872131347656250e+00
1.425204515457153320e+00,3.335904121398925781e+00
3.247756719589233398e+00,1.861106991767883301e+00
3.983040332794189453e+00,-2.066057920455932617e+00
1.820412278175354004e+00,3.088430166244506836e+00
1.572337627410888672e+00,3.291439294815063477e+00
3.358908176422119141e+00,1.671381950378417969e+00
1.671046733856201172e+00,3.126001596450805664e+00
1.982104539871215820e+00,3.076967000961303711e+00
1.490168333053588867e+00,3.189115524291992188e+00
1.410362482070922852e+00,3.393684148788452148e+00
1.745124459266662598e+00,3.149547338485717773e+00
1.753214597702026367e+00,3.252086639404296875e+00
3.902870416641235352e+00,-2.688527345657348633e+00
2.413284301757812500e+00,2.608083486557006836e+00
1.609942555427551270e+00,3.266692399978637695e+00
3.972882986068725586e+00,-2.547688722610473633e+00
2.044747114181518555e+00,2.862008810043334961e+00
3.780700206756591797e+00,7.846938967704772949e-01
3.995028972625732422e+00,-1.586197853088378906e+00
1.934549927711486816e+00,3.043569803237915039e+00
1.816393971443176270e+00,3.204803705215454102e+00
1.393732428550720215e+00,3.278274297714233398e+00
1.488062143325805664e+00,3.324593067169189453e+00
1.792476534843444824e+00,3.132845401763916016e+00
4.103594303131103516e+00,-1.603954792022705078e+00
1.830203175544738770e+00,3.116233348846435547e+00
1.537180185317993164e+00,3.370774030685424805e+00
1.834858775138854980e+00,3.248159408569335938e+00
1.655564785003662109e+00,3.230172395706176758e+00
1.691217184066772461e+00,3.251784801483154297e+00
1.535651445388793945e+00,3.341452836990356445e+00
1.646487593650817871e+00,3.316597700119018555e+00
1.521290302276611328e+00,3.356993913650512695e+00
2.035563945770263672e+00,2.990085840225219727e+00
3.330886840820312500e+00,1.696414470672607422e+00
1.487519741058349609e+00,3.351358175277709961e+00
4.099861621856689453e+00,-1.721206426620483398e+00
1.639719009399414062e+00,3.235589742660522461e+00
2.258622169494628906e+00,2.657748937606811523e+00
1.539695143699645996e+00,3.293069362640380859e+00
2.545509338378906250e+00,2.432439804077148438e+00
1.981232404708862305e+00,2.994958639144897461e+00
1.991061925888061523e+00,2.970239162445068359e+00
1.403136491775512695e+00,3.303287744522094727e+00
2.554378509521484375e+00,2.634212493896484375e+00
1.466658592224121094e+00,3.203974008560180664e+00
4.074785709381103516e+00,-3.467636704444885254e-01
1.527948141098022461e+00,3.252306222915649414e+00
2.217404365539550781e+00,2.791245698928833008e+00
1.865735650062561035e+00,3.104071855545043945e+00
1.684020042419433594e+00,3.267398595809936523e+00
1.891387104988098145e+00,3.236182212829589844e+00
2.176901340484619141e+00,2.818995237350463867e+00
1.835006952285766602e+00,3.083199739456176758e+00
1.684647083282470703e+00,3.178877592086791992e+00
3.362194538116455078e+00,1.550134181976318359e+00
1.549024581909179688e+00,3.347572326660156250e+00
1.962506532669067383e+00,2.958368539810180664e+00
1.293804407119750977e+00,3.364725351333618164e+00
2.028961658477783203e+00,2.979111194610595703e+00
1.984022498130798340e+00,2.917810916900634766e+00
1.847391366958618164e+00,3.123185396194458008e+00
4.255603313446044922e+00,-7.480481266975402832e-01
1.850192546844482422e+00,3.257934331893920898e+00
1.751709699630737305e+00,3.140069246292114258e+00
2.239975452423095703e+00,2.667393445968627930e+00
1.282415509223937988e+00,3.387051820755004883e+00
2.579609870910644531e+00,2.495985269546508789e+00
2.163428544998168945e+00,2.786063432693481445e+00
1.850386023521423340e+00,2.987056493759155273e+00
2.239045858383178711e+00,2.844751596450805664e+00
2.297107219696044922e+00,2.837553977966308594e+00
1.496181368827819824e+00,3.422780275344848633e+00
1.635476827621459961e+00,3.206397294998168945e+00
2.253626823425292969e+00,2.759235620498657227e+00
1.750480651855468750e+00,3.257429599761962891e+00
3.957267045974731445e+00,-2.467150926589965820e+00
4.225216388702392578e+00,-8.968754410743713379e-01
1.795570373535156250e+00,3.030834674835205078e+00
3.848605394363403320e+00,-2.601641654968261719e+00
2.592401981353759766e+00,2.626459836959838867e+00
2.145534515380859375e+00,2.874732255935668945e+00
1.798572421073913574e+00,3.089124917984008789e+00
2.482511520385742188e+00,2.708705663681030273e+00
4.230609416961669922e+00,-1.055089950561523438e+00
3.192505121231079102e+00,2.004557609558105469e+00
1.649510622024536133e+00,3.296015501022338867e+00
2.424117565155029297e+00,2.479021072387695312e+00
2.961934804916381836e+00,2.293161630630493164e+00
1.491432428359985352e+00,3.505048274993896484e+00
1.427822351455688477e+00,3.271895170211791992e+00
1.942188978195190430e+00,3.155943632125854492e+00
1.330290436744689941e+00,3.338233709335327148e+00
1.866490602493286133e+00,2.960510969161987305e+00
2.006700038909912109e+00,3.154337644577026367e+00
1.766640186309814453e+00,3.269419908523559570e+00
2.111850976943969727e+00,2.917997121810913086e+00
1.783099412918090820e+00,3.023765087127685547e+00
2.893770217895507812e+00,2.128199338912963867e+00
2.026023864746093750e+00,2.841756105422973633e+00
1.568267107009887695e+00,3.307207345962524414e+00
2.201338529586791992e+00,2.721463203430175781e+00
2.340367555618286133e+00,2.773284673690795898e+00
1.732192397117614746e+00,3.243826627731323242e+00
3.968879938125610352e+00,-2.503268957138061523e+00
2.167965650558471680e+00,2.852900505065917969e+00
1.351288080215454102e+00,3.562952756881713867e+00
2.378458976745605469e+00,2.724676847457885742e+00
2.305847644805908203e+00,2.722746849060058594e+00
1.629597902297973633e+00,3.264147996902465820e+00
1.762116432189941406e+00,3.113144159317016602e+00
1.625347256660461426e+00,3.213396072387695312e+00
3.987068176269531250e+00,-2.075893640518188477e+00
2.499901533126831055e+00,2.522909879684448242e+00
2.865194797515869141e+00,2.093037366867065430e+00
2.506358861923217773e+00,2.338443279266357422e+00
2.183158397674560547e+00,2.835898160934448242e+00
1.852935433387756348e+00,3.021339178085327148e+00
1.810776114463806152e+00,3.143934488296508789e+00
1.695726275444030762e+00,3.326380491256713867e+00
1.357257843017578125e+00,3.460018873214721680e+00
2.038460731506347656e+00,2.847000360488891602e+00
1.607499241828918457e+00,3.333564281463623047e+00
1.703230381011962891e+00,3.355673789978027344e+00
1.526001214981079102e+00,3.340061426162719727e+00
2.282900333404541016e+00,2.849436044692993164e+00
1.456475377082824707e+00,3.353558063507080078e+00
1.508311629295349121e+00,3.039553403854370117e+00
1.890004277229309082e+00,3.106381416320800781e+00
1.696972608566284180e+00,3.156230449676513672e+00
2.049930095672607422e+00,2.851396799087524414e+00
2.023347377777099609e+00,3.054038286209106445e+00
2.390643119812011719e+00,2.700324535369873047e+00
3.520681142807006836e+00,1.351381063461303711e+00
1.771917343139648438e+00,3.135306358337402344e+00
2.616972208023071289e+00,2.408992767333984375e+00
2.128605842590332031e+00,2.966391563415527344e+00
1.556929826736450195e+00,3.354314327239990234e+00
2.012200117111206055e+00,3.029542684555053711e+00
1.573941349983215332e+00,3.369816780090332031e+00
1.509992718696594238e+00,3.317642450332641602e+00
3.191999912261962891e+00,1.782629013061523438e+00
1.870602250099182129e+00,3.069289922714233398e+00
2.049611806869506836e+00,2.948213815689086914e+00
2.488617420196533203e+00,2.600422620773315430e+00
2.008096218109130859e+00,2.974719762802124023e+00
3.785422801971435547e+00,8.176563382148742676e-01
1.955504536628723145e+00,2.968485832214355469e+00
1.975151658058166504e+00,2.929960966110229492e+00
4.015526294708251953e+00,-2.241461038589477539e+00
1.257140874862670898e+00,3.194321870803833008e+00
1.661214351654052734e+00,3.211707830429077148e+00
1.799256086349487305e+00,3.103142738342285156e+00
2.002011775970458984e+00,2.903226613998413086e+00
3.682374954223632812e+00,-3.331082820892333984e+00
1.578405857086181641e+00,3.218867063522338867e+00
1.677363157272338867e+00,3.141385316848754883e+00
3.089464426040649414e+00,1.882312059402465820e+00
1.546718478202819824e+00,3.355460166931152344e+00
3.101877212524414062e+00,1.876271963119506836e+00
2.284562349319458008e+00,2.726613521575927734e+00
1.819882154464721680e+00,3.130987405776977539e+00
2.773381710052490234e+00,2.304717779159545898e+00
1.890469074249267578e+00,2.883436203002929688e+00
2.074988603591918945e+00,3.047126531600952148e+00
2.862395286560058594e+00,2.101788997650146484e+00
2.320631265640258789e+00,2.484139442443847656e+00
1.678673982620239258e+00,3.186736345291137695e+00
2.223481178283691406e+00,2.633797883987426758e+00
2.643898010253906250e+00,2.284991979598999023e+00
3.515790224075317383e+00,1.357782840728759766e+00
1.836426258087158203e+00,3.176656961441040039e+00
2.440364360809326172e+00,2.501554250717163086e+00
3.961797475814819336e+00,-2.281160593032836914e+00
3.040952205657958984e+00,1.929547548294067383e+00
1.972501277923583984e+00,3.052170038223266602e+00
1.880440711975097656e+00,3.423221826553344727e+00
1.934295415878295898e+00,2.740612268447875977e+00
3.472391605377197266e+00,1.292188167572021484e+00
1.525966644287109375e+00,3.282343626022338867e+00
1.633947610855102539e+00,3.349567174911499023e+00
3.797204971313476562e+00,9.684042930603027344e-01
1.592461585998535156e+00,3.258552551269531250e+00
2.345051765441894531e+00,2.506504774093627930e+00
1.667471408843994141e+00,3.070368051528930664e+00
2.873775720596313477e+00,2.025422811508178711e+00
1.612230896949768066e+00,3.218331813812255859e+00
1.803615808486938477e+00,3.152851343154907227e+00
1.674455404281616211e+00,3.186577558517456055e+00
2.329018592834472656e+00,2.680096387863159180e+00
2.280033111572265625e+00,3.006489515304565430e+00
1.507190108299255371e+00,3.219003915786743164e+00
1.764269113540649414e+00,3.079367399215698242e+00
1.667693376541137695e+00,3.209093093872070312e+00
2.549829959869384766e+00,2.680503606796264648e+00
2.169146537780761719e+00,2.706805944442749023e+00
4.208786487579345703e+00,-1.063505411148071289e+00
2.229155540466308594e+00,2.730397701263427734e+00
1.650642871856689453e+00,3.149548292160034180e+00
1.483274698257446289e+00,3.471594095230102539e+00
1.551679730415344238e+00,3.277936220169067383e+00
1.430267572402954102e+00,3.427361488342285156e+00
2.767120838165283203e+00,2.352301359176635742e+00
1.697751879692077637e+00,3.163648128509521484e+00
4.116408348083496094e+00,-1.293279290199279785e+00
4.134708881378173828e+00,-8.634958863258361816e-01
1.642326951026916504e+00,3.208568334579467773e+00
4.072448253631591797e+00,-3.175777196884155273e-01
1.401035070419311523e+00,3.300672292709350586e+00
2.374655008316040039e+00,2.478357315063476562e+00
1.388228416442871094e+00,3.536119461059570312e+00
1.428834319114685059e+00,3.415052652359008789e+00
4.073913097381591797e+00,-3.367260470986366272e-02
1.756731986999511719e+00,3.087227344512939453e+00
2.140902519226074219e+00,2.674251794815063477e+00
1.495159149169921875e+00,3.371599912643432617e+00
1.355888962745666504e+00,3.372466325759887695e+00
1.842264294624328613e+00,3.217606782913208008e+00
1.867147564888000488e+00,3.138274431228637695e+00
1.637105703353881836e+00,3.263832807540893555e+00
1.696078658103942871e+00,3.307223796844482422e+00
1.947811365127563477e+00,3.000628948211669922e+00
3.505505561828613281e+00,-3.545753955841064453e+00
1.515432715415954590e+00,3.406100749969482422e+00
1.562887430191040039e+00,3.239641427993774414e+00
1.501393079757690430e+00,3.334114551544189453e+00
1.920125365257263184e+00,3.085053205490112305e+00
1.995779871940612793e+00,2.988710403442382812e+00
1.645722150802612305e+00,3.057922601699829102e+00
2.102950811386108398e+00,2.783404588699340820e+00
3.791144371032714844e+00,-3.158056497573852539e+00
1.705432057380676270e+00,3.254868745803833008e+00
1.586319446563720703e+00,3.279354095458984375e+00
2.703523159027099609e+00,2.175557136535644531e+00
4.101892948150634766e+00,-1.778141975402832031e+00
2.175232887268066406e+00,2.827440023422241211e+00
1.749253153800964355e+00,3.311370611190795898e+00
1.920245528221130371e+00,2.924773931503295898e+00
1.718405485153198242e+00,3.202287912368774414e+00
2.138881444931030273e+00,2.934777021408081055e+00
2.328182458877563477e+00,2.751155138015747070e+00
1.821954250335693359e+00,3.100601911544799805e+00
1.767071008682250977e+00,3.200644731521606445e+00
2.363765001296997070e+00,2.829406976699829102e+00
2.060130596160888672e+00,2.823084831237792969e+00
4.106996536254882812e+00,-1.358103394508361816e+00
2.031035900115966797e+00,2.926685094833374023e+00
1.565348386764526367e+00,3.108343839645385742e+00
3.356339454650878906e+00,-3.631081104278564453e+00
2.394604206085205078e+00,2.798192739486694336e+00
1.530012369155883789e+00,3.178399562835693359e+00
1.498689770698547363e+00,3.326279401779174805e+00
1.703094840049743652e+00,3.171345949172973633e+00
2.347877025604248047e+00,2.811003208160400391e+00
1.471197605133056641e+00,3.413853883743286133e+00
1.762255072593688965e+00,3.058759212493896484e+00
1.362825870513916016e+00,3.365872621536254883e+00
1.500740528106689453e+00,3.256475687026977539e+00
2.042580366134643555e+00,3.001707792282104492e+00
1.539668798446655273e+00,3.274278402328491211e+00
2.030259609222412109e+00,2.839736223220825195e+00
2.460035800933837891e+00,2.570238351821899414e+00
1.341916322708129883e+00,3.448256731033325195e+00
1.620221853256225586e+00,3.216259956359863281e+00
1.462885856628417969e+00,3.164532423019409180e+00
2.183976650238037109e+00,2.763645887374877930e+00
1.617103815078735352e+00,3.169112443923950195e+00
2.056576728820800781e+00,3.022918224334716797e+00
2.139926433563232422e+00,2.903971672058105469e+00
1.705691933631896973e+00,3.073129415512084961e+00
1.878026485443115234e+00,2.995334386825561523e+00
1.944747686386108398e+00,3.097547292709350586e+00
1.741165399551391602e+00,3.210393667221069336e+00
2.523618221282958984e+00,2.526175975799560547e+00
4.069773197174072266e+00,-2.115392923355102539e+00
2.007180929183959961e+00,2.939744234085083008e+00
3.030279159545898438e+00,2.078258275985717773e+00
1.765925049781799316e+00,3.211915969848632812e+00
1.884375333786010742e+00,3.108740806579589844e+00
1.598213911056518555e+00,3.303699731826782227e+00
1.483299493789672852e+00,3.239892244338989258e+00
2.929565191268920898e+00,2.108982801437377930e+00
1.849127650260925293e+00,3.146069288253784180e+00
1.898991227149963379e+00,3.094318866729736328e+00
1.542055845260620117e+00,3.336226224899291992e+00
3.376277446746826172e+00,1.678909063339233398e+00
2.145585060119628906e+00,3.134340763092041016e+00
3.250683546066284180e+00,1.486450195312500000e+00
2.395245075225830078e+00,2.629930496215820312e+00
1.759119868278503418e+00,3.308199882507324219e+00
1.433695673942565918e+00,3.267804861068725586e+00
2.648037433624267578e+00,2.375522851943969727e+00
3.514451980590820312e+00,1.490849375724792480e+00
1.614980101585388184e+00,3.454289674758911133e+00
4.150256156921386719e+00,-1.632661938667297363e+00
1.771499633789062500e+00,3.226427078247070312e+00
1.655082225799560547e+00,3.129391908645629883e+00
1.752995371818542480e+00,3.259335279464721680e+00
2.545334815979003906e+00,2.539049863815307617e+00
2.498136758804321289e+00,2.398541212081909180e+00
1.636138796806335449e+00,3.307261705398559570e+00
2.083330631256103516e+00,2.814141035079956055e+00
1.641581296920776367e+00,3.337579965591430664e+00
1.530451059341430664e+00,3.282373189926147461e+00
1.708146333694458008e+00,3.271356582641601562e+00
1.972713708877563477e+00,2.953902959823608398e+00
1.943263053894042969e+00,2.871689796447753906e+00
1.742053270339965820e+00,3.195691823959350586e+00
1.668678879737854004e+00,3.243673324584960938e+00
1.187356829643249512e+00,3.444120645523071289e+00
1.722240924835205078e+00,3.124447822570800781e+00
1.905411005020141602e+00,2.993807554244995117e+00
4.133071422576904297e+00,-1.229183197021484375e+00
2.146986007690429688e+00,3.092079401016235352e+00
2.239873647689819336e+00,2.870847463607788086e+00
2.259715080261230469e+00,2.721114397048950195e+00
1.429488182067871094e+00,3.288234949111938477e+00
1.663464426994323730e+00,3.313858747482299805e+00
2.111712217330932617e+00,2.756160974502563477e+00
1.908186197280883789e+00,3.082634210586547852e+00
2.027333498001098633e+00,3.119933843612670898e+00
3.054835796356201172e+00,2.159834623336791992e+00
3.238932132720947266e+00,-3.807448387145996094e+00
2.335937500000000000e+00,2.786599636077880859e+00
3.656319856643676758e+00,-3.045284986495971680e+00
1.732515692710876465e+00,3.196901559829711914e+00
1.518896341323852539e+00,3.423268556594848633e+00
1.659572839736938477e+00,3.222407102584838867e+00
1.564099073410034180e+00,3.214379787445068359e+00
1.385989427566528320e+00,3.330113887786865234e+00
2.233652353286743164e+00,2.929899454116821289e+00
2.030778408050537109e+00,3.099701881408691406e+00
3.642094612121582031e+00,8.743158578872680664e-01
1.670910835266113281e+00,3.108727693557739258e+00
1.757288455963134766e+00,3.079298257827758789e+00
1.066867113113403320e+00,3.532492160797119141e+00
1.397401571273803711e+00,3.340953111648559570e+00
2.113786935806274414e+00,2.781067848205566406e+00
1.731456637382507324e+00,3.179654836654663086e+00
2.054058074951171875e+00,2.910905599594116211e+00
2.359314918518066406e+00,2.558502197265625000e+00
2.587043523788452148e+00,2.442642450332641602e+00
1.715607523918151855e+00,3.159713506698608398e+00
1.617823839187622070e+00,3.208971261978149414e+00
3.762360095977783203e+00,-3.088222742080688477e+00
2.223608493804931641e+00,2.917951107025146484e+00
1.958312511444091797e+00,3.085395812988281250e+00
1.963760972023010254e+00,3.211206912994384766e+00
1.339890003204345703e+00,3.189355134963989258e+00
2.548176765441894531e+00,2.641907215118408203e+00
1.617488145828247070e+00,3.139313459396362305e+00
2.507663726806640625e+00,2.452425241470336914e+00
2.448283195495605469e+00,2.676890134811401367e+00
1.579481720924377441e+00,3.004312753677368164e+00
2.033201217651367188e+00,3.016154527664184570e+00
2.031817913055419922e+00,3.019423246383666992e+00
2.718837261199951172e+00,2.149705410003662109e+00
3.110583305358886719e+00,-4.006355762481689453e+00
4.075373172760009766e+00,-1.563159942626953125e+00
4.086727142333984375e+00,-1.447581410408020020e+00
3.199938774108886719e+00,-3.744874954223632812e+00
2.157994985580444336e+00,2.976721525192260742e+00
2.716911792755126953e+00,2.185640335083007812e+00
3.976491928100585938e+00,-2.058096647262573242e+00
2.350001096725463867e+00,2.589181423187255859e+00
2.204092741012573242e+00,2.691879749298095703e+00
2.019427537918090820e+00,3.028275728225708008e+00
3.862737178802490234e+00,9.426913261413574219e-01
2.571589946746826172e+00,2.541441440582275391e+00
3.586244583129882812e+00,-3.107871294021606445e+00
2.259565591812133789e+00,2.876720666885375977e+00
2.544060707092285156e+00,2.322195768356323242e+00
1.692096590995788574e+00,3.109143495559692383e+00
2.074653863906860352e+00,2.907410860061645508e+00
1.570169687271118164e+00,3.181227922439575195e+00
1.609585404396057129e+00,3.211332559585571289e+00
1.627839326858520508e+00,3.111349344253540039e+00
1.695523142814636230e+00,3.090728998184204102e+00
3.564641952514648438e+00,-3.231481790542602539e+00
3.203587055206298828e+00,1.851372122764587402e+00
2.199895143508911133e+00,2.853903532028198242e+00
1.480518221855163574e+00,3.320277690887451172e+00
3.083238363265991211e+00,-3.810963869094848633e+00
2.016244649887084961e+00,2.929877281188964844e+00
1.885611772537231445e+00,3.090172052383422852e+00
1.469310760498046875e+00,3.261061429977416992e+00
1.573409318923950195e+00,3.257380008697509766e+00
1.363237500190734863e+00,3.383450269699096680e+00
1.536853790283203125e+00,3.371921777725219727e+00
2.002801418304443359e+00,3.049204587936401367e+00
1.817732572555541992e+00,3.093298435211181641e+00
1.911698102951049805e+00,3.218369007110595703e+00
1.972114086151123047e+00,2.894899368286132812e+00
1.764717936515808105e+00,3.189749240875244141e+00
2.223016500473022461e+00,2.797328710556030273e+00
1.524748921394348145e+00,3.230058670043945312e+00
1.786652803421020508e+00,3.093119859695434570e+00
3.412889480590820312e+00,1.577071428298950195e+00
1.429670333862304688e+00,3.381374597549438477e+00
1.831026315689086914e+00,3.165169715881347656e+00
2.409199476242065430e+00,2.715278625488281250e+00
1.546365022659301758e+00,3.360948324203491211e+00
1.834430456161499023e+00,2.983766317367553711e+00
2.311015605926513672e+00,2.721583843231201172e+00
2.224802732467651367e+00,2.739058732986450195e+00
3.389957427978515625e+00,-3.554990053176879883e+00
1.992772340774536133e+00,3.191890954971313477e+00
3.920773506164550781e+00,-2.726183414459228516e+00
1.760509967803955078e+00,3.032977819442749023e+00
2.051803350448608398e+00,3.131702661514282227e+00
1.343708992004394531e+00,3.450219631195068359e+00
3.895030021667480469e+00,-2.245737791061401367e+00
2.111130237579345703e+00,2.875604391098022461e+00
1.810895800590515137e+00,3.208863019943237305e+00
3.814819097518920898e+00,-2.820893049240112305e+00
1.682288169860839844e+00,3.039590597152709961e+00
1.517585754394531250e+00,3.321410417556762695e+00
1.678592443466186523e+00,3.221209049224853516e+00
1.705686450004577637e+00,3.245259046554565430e+00
1.723078012466430664e+00,3.104758024215698242e+00
1.649483442306518555e+00,3.186582326889038086e+00
1.919187307357788086e+00,2.992985486984252930e+00
1.593151330947875977e+00,3.273840188980102539e+00
1.552136063575744629e+00,3.347272157669067383e+00
4.011777400970458984e+00,-2.069554090499877930e+00
2.188805103302001953e+00,2.927094936370849609e+00
1.590652227401733398e+00,3.319769620895385742e+00
1.791004180908203125e+00,3.226750850677490234e+00
1.710451841354370117e+00,3.004208326339721680e+00
1.619048118591308594e+00,3.257939577102661133e+00
1.835958719253540039e+00,3.224220275878906250e+00
2.065186262130737305e+00,2.882045030593872070e+00
1.802240133285522461e+00,3.331706285476684570e+00
3.982421159744262695e+00,-2.685118436813354492e+00
2.156892776489257812e+00,2.877196073532104492e+00
1.594446659088134766e+00,3.188400506973266602e+00
1.888092517852783203e+00,3.122146844863891602e+00
1.672728538513183594e+00,3.221420764923095703e+00
1.519657731056213379e+00,3.445778608322143555e+00
3.699266433715820312e+00,-3.134226083755493164e+00
1.753916978836059570e+00,3.400471687316894531e+00
1.995792865753173828e+00,2.935709714889526367e+00
3.605691909790039062e+00,-3.108493804931640625e+00
1.798609018325805664e+00,3.168093919754028320e+00
2.317513942718505859e+00,2.933490991592407227e+00
2.878436565399169922e+00,1.941846132278442383e+00
1.708241224288940430e+00,3.144883871078491211e+00
1.866520762443542480e+00,2.917047023773193359e+00
1.992971777915954590e+00,2.926498174667358398e+00
2.754808425903320312e+00,2.400632143020629883e+00
1.661497950553894043e+00,3.157615900039672852e+00
3.340388536453247070e+00,-3.734800338745117188e+00
3.690747261047363281e+00,1.160875797271728516e+00
4.064728260040283203e+00,-1.865881443023681641e+00
1.480359792709350586e+00,3.437139749526977539e+00
2.428405284881591797e+00,2.647589445114135742e+00
1.707129597663879395e+00,3.387933731079101562e+00
3.289507389068603516e+00,-3.813008546829223633e+00
2.149265766143798828e+00,2.891814708709716797e+00
1.744065523147583008e+00,3.273770570755004883e+00
1.759845972061157227e+00,3.274288892745971680e+00
1.706031799316406250e+00,3.088328838348388672e+00
2.303891658782958984e+00,2.666356325149536133e+00
1.887318253517150879e+00,3.084186792373657227e+00
1.933443546295166016e+00,3.007687091827392578e+00
1.854485154151916504e+00,3.234026193618774414e+00
2.008389234542846680e+00,3.021220684051513672e+00
1.475661277770996094e+00,3.298092603683471680e+00
1.946275711059570312e+00,2.937954664230346680e+00
2.253834247589111328e+00,2.780334234237670898e+00
1.632290840148925781e+00,3.261723995208740234e+00
1.511204719543457031e+00,3.233099699020385742e+00
3.956340074539184570e+00,-2.434899330139160156e+00
2.189894199371337891e+00,2.592487812042236328e+00
1.692537665367126465e+00,3.278484582901000977e+00
1.949848651885986328e+00,3.104326963424682617e+00
2.188458442687988281e+00,2.985589265823364258e+00
2.030018568038940430e+00,2.876812696456909180e+00
1.321955561637878418e+00,3.556479215621948242e+00
3.975214481353759766e+00,-1.253128290176391602e+00
1.622486114501953125e+00,3.168222665786743164e+00
4.075242519378662109e+00,-4.745103716850280762e-01
1.958931922912597656e+00,2.962095499038696289e+00
4.213518619537353516e+00,-1.702149271965026855e+00
2.066698551177978516e+00,2.998507976531982422e+00
2.865066289901733398e+00,2.156424760818481445e+00
1.440772294998168945e+00,3.371063947677612305e+00
1.776505947113037109e+00,3.142593622207641602e+00
1.856094002723693848e+00,3.149710893630981445e+00
4.129675388336181641e+00,-1.729078292846679688e+00
2.147189855575561523e+00,2.949775695800781250e+00
2.224894762039184570e+00,2.700569391250610352e+00
1.840167045593261719e+00,3.156052350997924805e+00
3.350857734680175781e+00,-3.650390863418579102e+00
1.910228967666625977e+00,3.164727449417114258e+00
2.182089805603027344e+00,2.766103982925415039e+00
1.841783404350280762e+00,3.145548105239868164e+00
1.594422936439514160e+00,3.252724885940551758e+00
3.786766052246093750e+00,8.380094170570373535e-01
1.812057375907897949e+00,3.028632402420043945e+00
1.481268167495727539e+00,3.519649267196655273e+00
1.930134654045104980e+00,2.881790876388549805e+00
2.212306499481201172e+00,3.060445308685302734e+00
2.318250656127929688e+00,2.768943548202514648e+00
1.651021003723144531e+00,3.176015853881835938e+00
3.839589118957519531e+00,-2.984267473220825195e+00
1.544955372810363770e+00,3.345059156417846680e+00
2.611427783966064453e+00,2.269426345825195312e+00
1.415765762329101562e+00,3.224097967147827148e+00
2.904803991317749023e+00,2.218689680099487305e+00
2.157606601715087891e+00,2.737946271896362305e+00
1.279291868209838867e+00,3.432978391647338867e+00
2.647220134735107422e+00,2.418189525604248047e+00
1.714878797531127930e+00,3.294199228286743164e+00
2.043334484100341797e+00,3.041265726089477539e+00
3.214498281478881836e+00,1.895912408828735352e+00
2.533066749572753906e+00,2.490734815597534180e+00
2.063571453094482422e+00,2.735707998275756836e+00
3.289676189422607422e+00,-3.605664253234863281e+00
1.472805023193359375e+00,3.437120914459228516e+00
1.914265871047973633e+00,3.105000257492065430e+00
1.794237494468688965e+00,3.246745347976684570e+00
1.481071233749389648e+00,3.260799169540405273e+00
2.084896087646484375e+00,3.062491655349731445e+00
1.897166013717651367e+00,3.089051246643066406e+00
2.409270048141479492e+00,2.491399526596069336e+00
1.672660350799560547e+00,3.150734186172485352e+00
1.756257295608520508e+00,3.234728097915649414e+00
1.234951972961425781e+00,3.191795349121093750e+00
3.844720602035522461e+00,-3.044782161712646484e+00
2.843808174133300781e+00,2.040556192398071289e+00
9.355678558349609375e-01,3.507813692092895508e+00
2.677487850189208984e+00,2.462798118591308594e+00
2.128364324569702148e+00,3.010240316390991211e+00
2.542781829833984375e+00,2.508020162582397461e+00
1.951838612556457520e+00,3.081534147262573242e+00
2.108695030212402344e+00,2.882368803024291992e+00
4.084083080291748047e+00,-3.950639069080352783e-01
4.097684383392333984e+00,-1.928035259246826172e+00
1.955310106277465820e+00,3.120543241500854492e+00
2.560664653778076172e+00,2.356985330581665039e+00
1.598372936248779297e+00,3.028573751449584961e+00
1.832508563995361328e+00,3.089264154434204102e+00
1.913836240768432617e+00,3.080079317092895508e+00
1.877178311347961426e+00,3.031222581863403320e+00
1.613412499427795410e+00,3.336501598358154297e+00
1.438495397567749023e+00,3.377340078353881836e+00
2.216581583023071289e+00,2.839297294616699219e+00
1.584960222244262695e+00,3.321250915527343750e+00
1.745977640151977539e+00,3.206279993057250977e+00
2.180866241455078125e+00,2.879400491714477539e+00
1.517187833786010742e+00,3.266623735427856445e+00
2.798995018005371094e+00,2.537701129913330078e+00
2.428451538085937500e+00,2.495497465133666992e+00
2.969854116439819336e+00,1.866032600402832031e+00
1.923653244972229004e+00,3.113845109939575195e+00
2.150916576385498047e+00,2.926111459732055664e+00
3.590884685516357422e+00,1.346514105796813965e+00
1.674203872680664062e+00,3.387777090072631836e+00
2.242380142211914062e+00,2.780386686325073242e+00
1.742484569549560547e+00,3.238757610321044922e+00
1.852567911148071289e+00,3.003277063369750977e+00
1.966087341308593750e+00,2.835934877395629883e+00
3.314991950988769531e+00,1.862553596496582031e+00
2.103497028350830078e+00,2.849343061447143555e+00
3.100324630737304688e+00,1.900200724601745605e+00
1.962718725204467773e+00,2.943610429763793945e+00
2.003928661346435547e+00,3.013392686843872070e+00
2.338970184326171875e+00,2.709911823272705078e+00
1.540737152099609375e+00,3.315378904342651367e+00
2.469260931015014648e+00,2.656578063964843750e+00
2.612734317779541016e+00,2.356600522994995117e+00
1.899811387062072754e+00,3.212849378585815430e+00
1.423730611801147461e+00,3.443719625473022461e+00
2.527641773223876953e+00,2.503913164138793945e+00
2.803042888641357422e+00,2.221928834915161133e+00
1.768100976943969727e+00,3.289803266525268555e+00
3.094226837158203125e+00,-3.990167379379272461e+00
1.395163655281066895e+00,3.310458898544311523e+00
2.328646659851074219e+00,2.642527103424072266e+00
2.119923591613769531e+00,2.807841539382934570e+00
2.602738380432128906e+00,2.458289384841918945e+00
3.846456766128540039e+00,-2.926723718643188477e+00
1.353781938552856445e+00,3.327913999557495117e+00
2.193507194519042969e+00,2.715799570083618164e+00
2.083578348159790039e+00,3.030094385147094727e+00
3.592808246612548828e+00,1.274713754653930664e+00
1.609803080558776855e+00,3.209381818771362305e+00
2.133051156997680664e+00,2.887212276458740234e+00
1.941511631011962891e+00,3.032340288162231445e+00
1.790443897247314453e+00,3.132052183151245117e+00
1.369839429855346680e+00,3.275245428085327148e+00
1.838145017623901367e+00,3.018606424331665039e+00
1.494848728179931641e+00,3.161919832229614258e+00
2.269911527633666992e+00,2.762386560440063477e+00
3.534798860549926758e+00,-3.494366407394409180e+00
1.272054553031921387e+00,3.453297138214111328e+00
1.947656035423278809e+00,3.069019556045532227e+00
3.075567960739135742e+00,-3.915838956832885742e+00
1.942894101142883301e+00,2.937146186828613281e+00
1.406636238098144531e+00,3.473949909210205078e+00
1.442008495330810547e+00,3.245806932449340820e+00
3.924968719482421875e+00,3.642639219760894775e-01
1.688110828399658203e+00,3.053577184677124023e+00
2.138643503189086914e+00,2.949723243713378906e+00
1.626874566078186035e+00,3.270798921585083008e+00
1.928976655006408691e+00,3.065720796585083008e+00
1.938214302062988281e+00,3.131636142730712891e+00
1.797940254211425781e+00,3.089708089828491211e+00
1.975739598274230957e+00,2.889456748962402344e+00
2.380009174346923828e+00,2.768294095993041992e+00
2.139687538146972656e+00,2.794775247573852539e+00
2.698673963546752930e+00,2.446201562881469727e+00
2.287880182266235352e+00,2.786128759384155273e+00
1.641449093818664551e+00,3.293892621994018555e+00
1.918265342712402344e+00,3.060661077499389648e+00
2.777657270431518555e+00,2.384424924850463867e+00
2.285018205642700195e+00,2.871781587600708008e+00
1.713839054107666016e+00,3.229211091995239258e+00
1.574051380157470703e+00,3.168614149093627930e+00
1.571434736251831055e+00,3.304234504699707031e+00
1.525310754776000977e+00,3.442587852478027344e+00
1.789142131805419922e+00,3.072393655776977539e+00
4.020699977874755859e+00,-2.066282510757446289e+00
1.955184936523437500e+00,2.898001670837402344e+00
3.464310169219970703e+00,-3.337895631790161133e+00
1.599646091461181641e+00,3.189417123794555664e+00
1.662981510162353516e+00,3.182493448257446289e+00
1.499765396118164062e+00,3.428064107894897461e+00
1.765703201293945312e+00,3.158470392227172852e+00
1.757317543029785156e+00,3.311029911041259766e+00
1.494262456893920898e+00,3.329599618911743164e+00
1.500408887863159180e+00,3.210046052932739258e+00
1.480281233787536621e+00,3.308025836944580078e+00
1.674527645111083984e+00,3.224972009658813477e+00
2.270822763442993164e+00,2.815325975418090820e+00
1.884389042854309082e+00,3.132128715515136719e+00
3.889469146728515625e+00,4.938060641288757324e-01
1.361604452133178711e+00,3.360590696334838867e+00
1.710101366043090820e+00,3.253576993942260742e+00
1.528695821762084961e+00,3.385739088058471680e+00
1.931372165679931641e+00,3.077458143234252930e+00
2.114600896835327148e+00,2.977426528930664062e+00
1.626021862030029297e+00,3.282569408416748047e+00
2.817605495452880859e+00,2.383748054504394531e+00
2.432901620864868164e+00,2.655625104904174805e+00
1.222260236740112305e+00,3.427309513092041016e+00
1.825033187866210938e+00,2.969455480575561523e+00
3.072234869003295898e+00,1.960719466209411621e+00
1.854808688163757324e+00,3.011667966842651367e+00
2.230826377868652344e+00,2.594051361083984375e+00
1.517888903617858887e+00,3.172212362289428711e+00
1.632252573966979980e+00,3.205250740051269531e+00
1.580013036727905273e+00,3.303289651870727539e+00
3.469438552856445312e+00,-3.498787641525268555e+00
3.890899181365966797e+00,-2.692006349563598633e+00
2.280802488327026367e+00,2.743876218795776367e+00
1.627309083938598633e+00,3.235466957092285156e+00
1.589511871337890625e+00,3.238327503204345703e+00
3.242882966995239258e+00,-3.727865457534790039e+00
2.039547920227050781e+00,2.968491077423095703e+00
2.252949714660644531e+00,2.785462617874145508e+00
2.401661872863769531e+00,2.589968919754028320e+00
2.078168392181396484e+00,2.879535913467407227e+00
1.687811017036437988e+00,3.277684450149536133e+00
3.566817522048950195e+00,-3.369274139404296875e+00
2.435863494873046875e+00,2.450903654098510742e+00
2.817250251770019531e+00,2.337588787078857422e+00
1.662057280540466309e+00,3.181936979293823242e+00
3.221934556961059570e+00,-3.775856733322143555e+00
3.466008901596069336e+00,1.541071653366088867e+00
1.939296603202819824e+00,3.104749441146850586e+00
2.098897218704223633e+00,2.982103109359741211e+00
1.564898610115051270e+00,3.412537336349487305e+00
1.586771249771118164e+00,3.220676660537719727e+00
1.651069402694702148e+00,3.250517129898071289e+00
1.515118122100830078e+00,3.331024885177612305e+00
3.211387157440185547e+00,-3.804032087326049805e+00
1.786166667938232422e+00,3.254155397415161133e+00
3.774875402450561523e+00,-3.065770864486694336e+00
3.881834983825683594e+00,-2.607570409774780273e+00
3.446161508560180664e+00,1.458936214447021484e+00
1.790016651153564453e+00,3.137737035751342773e+00
2.160097122192382812e+00,2.940256834030151367e+00
2.006459712982177734e+00,2.984121561050415039e+00
3.904488563537597656e+00,-2.586933374404907227e+00
1.414921641349792480e+00,3.357789993286132812e+00
2.311942815780639648e+00,2.729344129562377930e+00
4.031909942626953125e+00,-1.682984352111816406e+00
2.734128475189208984e+00,2.232850313186645508e+00
2.197473049163818359e+00,2.790723085403442383e+00
1.670945882797241211e+00,3.093825578689575195e+00
2.023084163665771484e+00,3.003878355026245117e+00
1.204243421554565430e+00,3.585570335388183594e+00
2.440315485000610352e+00,2.596375703811645508e+00
1.934751987457275391e+00,2.997955083847045898e+00
1.860925912857055664e+00,2.895980596542358398e+00
1.657099008560180664e+00,3.153652667999267578e+00
1.481480836868286133e+00,3.358860254287719727e+00
2.798621892929077148e+00,2.356737852096557617e+00
1.350070953369140625e+00,3.426696062088012695e+00
2.285812854766845703e+00,2.907761335372924805e+00
4.191108226776123047e+00,-6.976957917213439941e-01
2.765358924865722656e+00,2.399273633956909180e+00
1.594894170761108398e+00,3.291911125183105469e+00
1.881897926330566406e+00,3.163213014602661133e+00
2.435596704483032227e+00,2.786491155624389648e+00
3.769479274749755859e+00,-3.059653759002685547e+00
1.647292375564575195e+00,3.332295179367065430e+00
1.413451552391052246e+00,3.313998937606811523e+00
2.566528320312500000e+00,2.506484985351562500e+00
1.750752449035644531e+00,3.244355916976928711e+00
1.585199236869812012e+00,3.152982950210571289e+00
1.629011750221252441e+00,3.272875070571899414e+00
2.043481588363647461e+00,2.891719102859497070e+00
1.828553318977355957e+00,3.098901510238647461e+00
1.473668813705444336e+00,3.411674499511718750e+00
2.060486793518066406e+00,2.889669418334960938e+00
1.931055784225463867e+00,3.208527326583862305e+00
4.087217807769775391e+00,-1.442848801612854004e+00
1.787699222564697266e+00,3.210879325866699219e+00
2.052660226821899414e+00,2.969719886779785156e+00
2.175831794738769531e+00,2.937122344970703125e+00
1.524857044219970703e+00,3.293980836868286133e+00
1.802707672119140625e+00,3.184063434600830078e+00
2.159616231918334961e+00,2.902858257293701172e+00
1.550749063491821289e+00,3.356354236602783203e+00
1.753414154052734375e+00,3.132857084274291992e+00
1.756643891334533691e+00,3.017020940780639648e+00
4.052731513977050781e+00,-2.148480176925659180e+00
2.505821466445922852e+00,2.610427379608154297e+00
4.061933994293212891e+00,-2.126372098922729492e+00
1.130410909652709961e+00,3.063766241073608398e+00
2.656881809234619141e+00,2.263417243957519531e+00
2.014974594116210938e+00,2.877547979354858398e+00
3.686649799346923828e+00,-3.133887767791748047e+00
3.470842361450195312e+00,-3.404792070388793945e+00
2.205805301666259766e+00,2.857840776443481445e+00
1.953103303909301758e+00,3.079348802566528320e+00
1.478918910026550293e+00,3.410501480102539062e+00
1.905589103698730469e+00,3.028114557266235352e+00
4.119681835174560547e+00,-1.834424734115600586e+00
3.288468837738037109e+00,1.934456348419189453e+00
1.665441751480102539e+00,3.208100080490112305e+00
1.638896346092224121e+00,3.103758335113525391e+00
1.919499158859252930e+00,3.130512237548828125e+00
1.731633186340332031e+00,3.088139772415161133e+00
4.011079311370849609e+00,-2.344941854476928711e+00
3.795639514923095703e+00,-3.095038175582885742e+00
2.985298633575439453e+00,2.096358060836791992e+00
1.591343164443969727e+00,3.247447729110717773e+00
1.517467379570007324e+00,3.341402292251586914e+00
2.208735227584838867e+00,2.897492647171020508e+00
2.574134111404418945e+00,2.584933757781982422e+00
2.057723522186279297e+00,2.889046430587768555e+00
2.116708278656005859e+00,2.994706869125366211e+00
1.593253254890441895e+00,3.287376642227172852e+00
1.930055975914001465e+00,2.971923589706420898e+00
1.544016718864440918e+00,3.226498603820800781e+00
4.241737842559814453e+00,-1.272821068763732910e+00
1.361834526062011719e+00,3.437562704086303711e+00
1.494746088981628418e+00,3.127951383590698242e+00
1.495251655578613281e+00,3.372564554214477539e+00
3.612824440002441406e+00,-3.348748922348022461e+00
3.767360210418701172e+00,-2.890848875045776367e+00
2.967868804931640625e+00,2.080481767654418945e+00
3.668515920639038086e+00,-3.245304584503173828e+00
4.093654155731201172e+00,-3.982077836990356445e-01
3.633534908294677734e+00,-3.326488971710205078e+00
2.094278812408447266e+00,2.793825626373291016e+00
1.832560300827026367e+00,3.165506601333618164e+00
1.625473499298095703e+00,3.214694976806640625e+00
2.011927604675292969e+00,3.005516767501831055e+00
1.493430137634277344e+00,3.301230669021606445e+00
2.054932117462158203e+00,2.938979387283325195e+00
3.373464107513427734e+00,-3.727671861648559570e+00
1.730886816978454590e+00,3.288551092147827148e+00
1.942609310150146484e+00,3.034178018569946289e+00
1.187448263168334961e+00,3.413364410400390625e+00
2.043641805648803711e+00,3.039764642715454102e+00
1.819637775421142578e+00,3.187589883804321289e+00
1.751731872558593750e+00,3.027172327041625977e+00
1.643132328987121582e+00,3.154059171676635742e+00
1.894623160362243652e+00,2.987344026565551758e+00
1.398387432098388672e+00,3.349811315536499023e+00
1.743533134460449219e+00,3.245840787887573242e+00
1.561993956565856934e+00,3.295514822006225586e+00
1.790765404701232910e+00,3.174374341964721680e+00
4.016932010650634766e+00,6.001953408122062683e-02
1.496772766113281250e+00,3.400372505187988281e+00
1.668734669685363770e+00,3.383193492889404297e+00
1.508561015129089355e+00,3.188940525054931641e+00
4.088846206665039062e+00,1.310206204652786255e-01
1.863143920898437500e+00,3.012314081192016602e+00
1.782449126243591309e+00,3.238983631134033203e+00
1.603061318397521973e+00,3.450635194778442383e+00
2.675859689712524414e+00,2.382482767105102539e+00
2.267619132995605469e+00,2.695490598678588867e+00
2.265513420104980469e+00,2.635397195816040039e+00
1.626135110855102539e+00,3.272102117538452148e+00
1.653796076774597168e+00,3.132769346237182617e+00
1.509533643722534180e+00,3.481388568878173828e+00
1.650372982025146484e+00,3.161415815353393555e+00
4.108414173126220703e+00,-1.238393783569335938e+00
1.699923157691955566e+00,3.195893049240112305e+00
1.485495924949645996e+00,3.305295228958129883e+00
1.532463073730468750e+00,3.370191335678100586e+00
2.060970306396484375e+00,3.091831922531127930e+00
1.677781820297241211e+00,3.275047063827514648e+00
1.861528396606445312e+00,3.030452489852905273e+00
1.585219264030456543e+00,3.015771150588989258e+00
2.162479877471923828e+00,2.838099718093872070e+00
1.492013573646545410e+00,3.009697914123535156e+00
1.498013496398925781e+00,3.306585073471069336e+00
2.121639251708984375e+00,2.832752227783203125e+00
1.624974966049194336e+00,3.285862684249877930e+00
1.386781454086303711e+00,3.393259286880493164e+00
3.974961757659912109e+00,-2.649174928665161133e+00
2.338128089904785156e+00,2.671904802322387695e+00
1.772841811180114746e+00,3.096212387084960938e+00
1.572985529899597168e+00,3.307459354400634766e+00
3.217249870300292969e+00,1.893615245819091797e+00
1.467230796813964844e+00,3.461608886718750000e+00
3.862238883972167969e+00,-2.809657812118530273e+00
1.160906791687011719e+00,3.417997121810913086e+00
1.622681617736816406e+00,3.248402118682861328e+00
1.833781719207763672e+00,3.131596326828002930e+00
1.489571928977966309e+00,3.350208759307861328e+00
1.926160097122192383e+00,3.060191392898559570e+00
1.472234845161437988e+00,3.414763212203979492e+00
2.997663021087646484e+00,2.187021732330322266e+00
1.399898529052734375e+00,3.367092370986938477e+00
1.683410644531250000e+00,3.116791963577270508e+00
1.996366620063781738e+00,2.745038032531738281e+00
1.927029132843017578e+00,2.992945671081542969e+00
1.513870477676391602e+00,3.187314748764038086e+00
1.770594477653503418e+00,3.360931634902954102e+00
1.434344291687011719e+00,3.395219802856445312e+00
1.850987911224365234e+00,3.070927858352661133e+00
2.874299526214599609e+00,2.309199571609497070e+00
3.548922777175903320e+00,1.375669598579406738e+00
1.593307971954345703e+00,3.366739749908447266e+00
1.971098423004150391e+00,3.067232131958007812e+00
1.761175394058227539e+00,3.226160287857055664e+00
2.152818918228149414e+00,2.850625276565551758e+00
3.643541097640991211e+00,-3.277159690856933594e+00
1.456969022750854492e+00,3.292974233627319336e+00
3.733371019363403320e+00,-2.988130331039428711e+00
2.435065984725952148e+00,2.567498922348022461e+00
2.552546024322509766e+00,2.550327539443969727e+00
2.560504913330078125e+00,2.624984979629516602e+00
2.151233673095703125e+00,2.764730691909790039e+00
1.959858655929565430e+00,3.053117752075195312e+00
1.942818880081176758e+00,2.963828325271606445e+00
2.763972759246826172e+00,2.541398286819458008e+00
2.177075624465942383e+00,2.692975759506225586e+00
1.597077846527099609e+00,3.179235219955444336e+00
1.459552764892578125e+00,3.269840955734252930e+00
1.555142402648925781e+00,3.262532949447631836e+00
2.263639211654663086e+00,3.002698183059692383e+00
2.394784927368164062e+00,2.653566122055053711e+00
2.388392925262451172e+00,2.533808469772338867e+00
1.579473733901977539e+00,3.166087627410888672e+00
1.833556890487670898e+00,3.125010490417480469e+00
1.673108220100402832e+00,3.235625743865966797e+00
1.367134213447570801e+00,3.507364034652709961e+00
2.515240669250488281e+00,2.535078763961791992e+00
1.772257804870605469e+00,3.136522293090820312e+00
1.816517591476440430e+00,3.195521116256713867e+00
2.642518997192382812e+00,2.343553543090820312e+00
1.555127859115600586e+00,3.313309669494628906e+00
1.676891446113586426e+00,3.246726751327514648e+00
1.520924568176269531e+00,3.361892461776733398e+00
2.146250247955322266e+00,2.880884885787963867e+00
1.305973052978515625e+00,3.491378545761108398e+00
1.842675328254699707e+00,3.116243362426757812e+00
1.713697552680969238e+00,3.254898071289062500e+00
1.930132746696472168e+00,3.066725015640258789e+00
4.098094463348388672e+00,-9.395527243614196777e-01
1.456113815307617188e+00,3.326208829879760742e+00
1.869433641433715820e+00,3.287683010101318359e+00
1.997087001800537109e+00,3.115429639816284180e+00
1.886275172233581543e+00,3.034731864929199219e+00
1.626358509063720703e+00,3.108200550079345703e+00
1.757793307304382324e+00,3.141881704330444336e+00
1.851557254791259766e+00,3.055240631103515625e+00
2.242601633071899414e+00,2.773772716522216797e+00
2.020527839660644531e+00,2.995301008224487305e+00
3.151437044143676758e+00,-3.765475511550903320e+00
1.912562131881713867e+00,3.105421304702758789e+00
3.176774740219116211e+00,1.810176968574523926e+00
1.522379636764526367e+00,3.224054574966430664e+00
1.817386269569396973e+00,3.183294296264648438e+00
4.157670497894287109e+00,-3.022463321685791016e-01
1.335493445396423340e+00,3.524133205413818359e+00
1.551027297973632812e+00,3.378854990005493164e+00
1.819687962532043457e+00,2.807763814926147461e+00
2.030320644378662109e+00,2.989309549331665039e+00
1.402411460876464844e+00,3.475406885147094727e+00
1.622142791748046875e+00,3.237583398818969727e+00
1.497322082519531250e+00,3.315999746322631836e+00
1.208644032478332520e+00,3.382760286331176758e+00
1.646474123001098633e+00,3.171208620071411133e+00
1.623491406440734863e+00,3.244878530502319336e+00
1.997805237770080566e+00,3.022057533264160156e+00
1.637037277221679688e+00,3.138117790222167969e+00
1.841364622116088867e+00,3.064188718795776367e+00
3.709032297134399414e+00,-3.255115747451782227e+00
2.475580930709838867e+00,2.597268819808959961e+00
1.399571776390075684e+00,3.428725481033325195e+00
1.800139904022216797e+00,3.092823743820190430e+00
2.020140409469604492e+00,3.090270757675170898e+00
2.042902231216430664e+00,3.099244356155395508e+00
1.828678846359252930e+00,3.068059921264648438e+00
1.509508490562438965e+00,3.361577749252319336e+00
1.798903465270996094e+00,3.221819162368774414e+00
3.395250082015991211e+00,1.270571708679199219e+00
1.576151132583618164e+00,3.283105134963989258e+00
1.752234220504760742e+00,3.131846189498901367e+00
2.568966865539550781e+00,2.285464048385620117e+00
1.753005146980285645e+00,3.207531213760375977e+00
3.544855117797851562e+00,1.403052210807800293e+00
1.538377165794372559e+00,3.259829282760620117e+00
1.398957133293151855e+00,3.328278303146362305e+00
2.579793930053710938e+00,2.556231021881103516e+00
2.233887195587158203e+00,2.596800565719604492e+00
1.791404128074645996e+00,3.128699541091918945e+00
2.243966579437255859e+00,2.828035831451416016e+00
1.928638458251953125e+00,2.916206598281860352e+00
3.269489526748657227e+00,1.613357663154602051e+00
1.938078284263610840e+00,3.160165071487426758e+00
1.927690744400024414e+00,2.862539291381835938e+00
4.073790073394775391e+00,-1.310068130493164062e+00
1.845104455947875977e+00,3.154597520828247070e+00
2.076366901397705078e+00,2.984318017959594727e+00
1.838828802108764648e+00,3.026499509811401367e+00
1.584997773170471191e+00,3.210165500640869141e+00
3.950282573699951172e+00,-2.271807193756103516e+00
2.432662963867187500e+00,2.676953315734863281e+00
1.841792821884155273e+00,3.262013673782348633e+00
2.321719646453857422e+00,2.737604379653930664e+00
1.458125829696655273e+00,3.318390130996704102e+00
4.007304668426513672e+00,-3.051030449569225311e-03
2.563201904296875000e+00,2.574301242828369141e+00
2.250481128692626953e+00,2.715668201446533203e+00
2.132160663604736328e+00,2.857062578201293945e+00
1.330929279327392578e+00,3.246557235717773438e+00
2.050813198089599609e+00,2.947896242141723633e+00
3.981739282608032227e+00,-1.931891202926635742e+00
1.915302157402038574e+00,3.047067165374755859e+00
4.111849308013916016e+00,-3.122112751007080078e-01
2.033331394195556641e+00,3.134827375411987305e+00
2.056311845779418945e+00,2.853570938110351562e+00
3.534039497375488281e+00,-3.339884042739868164e+00
1.587834715843200684e+00,3.244632959365844727e+00
1.649554610252380371e+00,3.090107202529907227e+00
1.663661003112792969e+00,3.233211755752563477e+00
1.116592645645141602e+00,3.478866815567016602e+00
1.780875802040100098e+00,3.039662122726440430e+00
2.439447402954101562e+00,2.644727706909179688e+00
3.520947933197021484e+00,1.402504920959472656e+00
3.914038658142089844e+00,-2.742889881134033203e+00
1.781119585037231445e+00,3.087040424346923828e+00
1.520663499832153320e+00,3.131028413772583008e+00
1.497038960456848145e+00,3.297496080398559570e+00
3.638332843780517578e+00,-3.265575170516967773e+00
1.655829071998596191e+00,3.117115736007690430e+00
1.561566472053527832e+00,3.177042245864868164e+00
4.158980846405029297e+00,-9.586384892463684082e-01
3.780650377273559570e+00,-3.056419134140014648e+00
1.883284807205200195e+00,3.035263299942016602e+00
2.602950572967529297e+00,2.293332815170288086e+00
1.452419996261596680e+00,3.322654962539672852e+00
1.426556110382080078e+00,3.355036973953247070e+00
1.771471738815307617e+00,3.240384340286254883e+00
2.185839176177978516e+00,2.926161050796508789e+00
1.893574357032775879e+00,3.171460151672363281e+00
2.450532913208007812e+00,2.564375400543212891e+00
1.753277659416198730e+00,3.056027650833129883e+00
1.665879249572753906e+00,3.323208808898925781e+00
1.764026165008544922e+00,3.031048059463500977e+00
2.195255756378173828e+00,2.760411500930786133e+00
2.414649724960327148e+00,2.599010229110717773e+00
1.753813266754150391e+00,3.329386234283447266e+00
3.337934494018554688e+00,-3.680629491806030273e+00
1.837948203086853027e+00,3.191267490386962891e+00
4.047590255737304688e+00,-1.867061972618103027e+00
1.577428221702575684e+00,3.301347970962524414e+00
1.402166366577148438e+00,3.302642822265625000e+00
2.305015563964843750e+00,2.680430173873901367e+00
1.568822741508483887e+00,3.212505102157592773e+00
2.501403331756591797e+00,2.476618766784667969e+00
3.948967456817626953e+00,-2.178542375564575195e+00
1.609234690666198730e+00,3.246045351028442383e+00
2.316044330596923828e+00,2.745198726654052734e+00
1.440052747726440430e+00,3.295031547546386719e+00
2.041795015335083008e+00,2.883176803588867188e+00
2.220380544662475586e+00,2.850177526473999023e+00
1.521611928939819336e+00,3.177752733230590820e+00
1.839211463928222656e+00,3.124413728713989258e+00
1.607541441917419434e+00,3.327462673187255859e+00
3.839014053344726562e+00,-2.694533109664916992e+00
3.044481992721557617e+00,2.031942605972290039e+00
1.851029634475708008e+00,3.074312925338745117e+00
1.641434550285339355e+00,3.196257829666137695e+00
1.910131692886352539e+00,2.903034210205078125e+00
1.713888406753540039e+00,3.079132318496704102e+00
1.855401039123535156e+00,3.112178087234497070e+00
1.939635157585144043e+00,2.793668031692504883e+00
1.204811811447143555e+00,3.479206323623657227e+00
2.772369861602783203e+00,2.119693040847778320e+00
1.605912923812866211e+00,3.232008695602416992e+00
1.525816917419433594e+00,3.271174430847167969e+00
1.412289977073669434e+00,3.450536012649536133e+00
1.781976699829101562e+00,3.215735673904418945e+00
3.377220630645751953e+00,-3.585116863250732422e+00
2.277383327484130859e+00,2.635138273239135742e+00
1.805130124092102051e+00,2.923381090164184570e+00
3.491634130477905273e+00,-3.527449369430541992e+00
4.181674480438232422e+00,-6.608502864837646484e-01
1.808526635169982910e+00,3.261271238327026367e+00
1.916129231452941895e+00,2.975065946578979492e+00
1.595420598983764648e+00,3.200358629226684570e+00
1.681536316871643066e+00,3.278083562850952148e+00
1.996142745018005371e+00,3.006078958511352539e+00
2.753421545028686523e+00,2.169650077819824219e+00
1.511010408401489258e+00,3.309787511825561523e+00
1.618241548538208008e+00,3.211238622665405273e+00
1.556673645973205566e+00,3.204510450363159180e+00
3.146905422210693359e+00,1.884716391563415527e+00
1.494554281234741211e+00,3.384921312332153320e+00
2.492193698883056641e+00,2.572659969329833984e+00
3.430404424667358398e+00,-3.562616825103759766e+00
1.675644397735595703e+00,3.284600973129272461e+00
2.119326353073120117e+00,2.924256563186645508e+00
4.023597240447998047e+00,-1.328625440597534180e+00
1.479393243789672852e+00,3.346704959869384766e+00
1.979184269905090332e+00,3.094664573669433594e+00
1.506648302078247070e+00,3.261181354522705078e+00
1.752678275108337402e+00,3.262835741043090820e+00
2.039494991302490234e+00,3.060923337936401367e+00
3.103523492813110352e+00,-3.779460430145263672e+00
1.404207468032836914e+00,3.439747571945190430e+00
1.516490459442138672e+00,3.160796880722045898e+00
2.491524696350097656e+00,2.526871442794799805e+00
2.300474643707275391e+00,2.898563146591186523e+00
2.054554700851440430e+00,3.099693059921264648e+00
3.003140926361083984e+00,1.982907056808471680e+00
1.758600950241088867e+00,3.182999849319458008e+00
2.309099197387695312e+00,2.826688528060913086e+00
1.596315383911132812e+00,3.326897621154785156e+00
2.326149463653564453e+00,2.467921972274780273e+00
1.774402141571044922e+00,3.158452749252319336e+00
2.157919406890869141e+00,2.789712429046630859e+00
2.511871337890625000e+00,2.565183877944946289e+00
2.519294261932373047e+00,2.542255163192749023e+00
1.595784664154052734e+00,3.310458898544311523e+00
1.687956690788269043e+00,3.179230928421020508e+00
1.737624406814575195e+00,3.270834207534790039e+00
1.601057767868041992e+00,3.390537261962890625e+00
1.953803181648254395e+00,3.074069499969482422e+00
1.941957712173461914e+00,3.175822973251342773e+00
1.554822444915771484e+00,3.178702831268310547e+00
1.909613370895385742e+00,3.114625215530395508e+00
1.761294722557067871e+00,3.214478492736816406e+00
1.660104990005493164e+00,3.188117265701293945e+00
2.378323793411254883e+00,2.830958366394042969e+00
2.140945911407470703e+00,2.848796129226684570e+00
3.912851572036743164e+00,-2.689392805099487305e+00
1.894484281539916992e+00,3.026377916336059570e+00
2.192919731140136719e+00,2.741162061691284180e+00
3.850604534149169922e+00,9.875558018684387207e-01
3.635451316833496094e+00,1.268087863922119141e+00
3.088658094406127930e+00,1.921128988265991211e+00
1.468552589416503906e+00,3.153679132461547852e+00
3.148514747619628906e+00,1.906267523765563965e+00
3.507853507995605469e+00,-3.420076370239257812e+00
1.890617012977600098e+00,3.001778841018676758e+00
2.214106559753417969e+00,2.786781549453735352e+00
1.658277511596679688e+00,3.166344881057739258e+00
4.214728355407714844e+00,-5.701876282691955566e-01
1.469842076301574707e+00,3.230738878250122070e+00
3.562638521194458008e+00,-3.383564233779907227e+00
2.089830875396728516e+00,2.994316816329956055e+00
1.683315038681030273e+00,3.346909284591674805e+00
2.291959285736083984e+00,2.530491113662719727e+00
1.502752065658569336e+00,3.250262260437011719e+00
1.920386552810668945e+00,3.010505914688110352e+00
1.865184187889099121e+00,3.037909269332885742e+00
1.797333717346191406e+00,3.191045522689819336e+00
1.707145929336547852e+00,3.359899759292602539e+00
1.737143516540527344e+00,3.148080587387084961e+00
3.189339637756347656e+00,1.790497779846191406e+00
2.150693416595458984e+00,2.920515775680541992e+00
2.227420330047607422e+00,2.732922315597534180e+00
2.265683174133300781e+00,2.836090087890625000e+00
1.691593766212463379e+00,3.422956705093383789e+00
2.148278474807739258e+00,2.874647378921508789e+00
1.508837699890136719e+00,3.182543277740478516e+00
2.156298160552978516e+00,2.889019966125488281e+00
1.863496661186218262e+00,3.009677171707153320e+00
1.766420006752014160e+00,3.085867643356323242e+00
2.555599689483642578e+00,2.454376459121704102e+00
1.276981234550476074e+00,3.384073972702026367e+00
1.950094103813171387e+00,2.943234682083129883e+00
1.583655118942260742e+00,3.259907960891723633e+00
1.348997116088867188e+00,3.394467592239379883e+00
1.271154999732971191e+00,3.420711517333984375e+00
4.146266937255859375e+00,-9.170253276824951172e-01
1.794121742248535156e+00,3.231201648712158203e+00
3.959325075149536133e+00,-2.492648601531982422e+00
2.039693117141723633e+00,2.965916156768798828e+00
1.873437047004699707e+00,3.083847761154174805e+00
2.968309879302978516e+00,2.141329526901245117e+00
1.771493792533874512e+00,2.874040842056274414e+00
1.848252296447753906e+00,3.086023807525634766e+00
3.006126403808593750e+00,2.103455305099487305e+00
1.706578254699707031e+00,3.235853672027587891e+00
1.985117316246032715e+00,3.003297567367553711e+00
1.694301962852478027e+00,3.304867267608642578e+00
3.257030725479125977e+00,-3.767301797866821289e+00
1.748284459114074707e+00,3.132656335830688477e+00
2.021751403808593750e+00,2.925728559494018555e+00
1.819307684898376465e+00,2.989886999130249023e+00
1.840764403343200684e+00,3.079002857208251953e+00
1.650539517402648926e+00,3.323013782501220703e+00
4.147970676422119141e+00,-1.165704011917114258e+00
2.327021360397338867e+00,2.810271501541137695e+00
1.930347442626953125e+00,3.085665702819824219e+00
2.237774848937988281e+00,2.660030603408813477e+00
2.154778480529785156e+00,2.973754644393920898e+00
1.546175122261047363e+00,3.207253932952880859e+00
2.253251075744628906e+00,2.781202554702758789e+00
3.260421276092529297e+00,1.903396606445312500e+00
1.758140563964843750e+00,3.251245260238647461e+00
3.178028583526611328e+00,1.801403284072875977e+00
2.065654754638671875e+00,2.928690671920776367e+00
2.332891225814819336e+00,2.816404819488525391e+00
3.278851032257080078e+00,-3.755174398422241211e+00
1.830564737319946289e+00,3.066619634628295898e+00
2.999359130859375000e+00,2.054612398147583008e+00
1.678345918655395508e+00,3.297353029251098633e+00
1.622296214103698730e+00,3.093480348587036133e+00
3.491492271423339844e+00,-3.397586345672607422e+00
1.603992581367492676e+00,3.143483400344848633e+00
4.135786533355712891e+00,-6.809438467025756836e-01
3.123384952545166016e+00,1.981126308441162109e+00
1.555495619773864746e+00,3.371337652206420898e+00
1.579468488693237305e+00,3.378784179687500000e+00
4.104316234588623047e+00,-1.155740022659301758e+00
1.993993282318115234e+00,3.067253112792968750e+00
2.582373142242431641e+00,2.451925516128540039e+00
1.712186098098754883e+00,3.318319082260131836e+00
1.594674825668334961e+00,3.162552118301391602e+00
2.576750993728637695e+00,2.505066156387329102e+00
1.597460865974426270e+00,3.371744155883789062e+00
1.573197007179260254e+00,3.338928937911987305e+00
1.740916252136230469e+00,3.284960031509399414e+00
2.907805919647216797e+00,2.252952337265014648e+00
2.091099023818969727e+00,2.868093013763427734e+00
2.182427883148193359e+00,2.861352205276489258e+00
3.028423547744750977e+00,1.996326804161071777e+00
1.813899993896484375e+00,3.106005191802978516e+00
3.056074142456054688e+00,-3.955232620239257812e+00
1.682163715362548828e+00,3.223129987716674805e+00
1.864298820495605469e+00,3.193845033645629883e+00
1.472368001937866211e+00,3.314240455627441406e+00
1.860731482505798340e+00,3.100712299346923828e+00
1.909290313720703125e+00,3.056730985641479492e+00
2.386282682418823242e+00,2.762870311737060547e+00
3.079700469970703125e+00,2.040288448333740234e+00
1.709529757499694824e+00,3.128568410873413086e+00
2.456111192703247070e+00,2.761072397232055664e+00
2.305841207504272461e+00,2.808838605880737305e+00
1.571112513542175293e+00,3.327522516250610352e+00
1.653274297714233398e+00,3.247336387634277344e+00
2.134202480316162109e+00,2.895540714263916016e+00
2.317004203796386719e+00,2.708103418350219727e+00
2.356109142303466797e+00,2.680453777313232422e+00
2.365191459655761719e+00,2.653775453567504883e+00
3.602795839309692383e+00,-3.341615200042724609e+00
1.599690198898315430e+00,3.244833230972290039e+00
3.968146324157714844e+00,-2.162187337875366211e+00
1.584084391593933105e+00,3.295379400253295898e+00
1.607400298118591309e+00,3.212913274765014648e+00
1.607338070869445801e+00,3.412578105926513672e+00
1.952671766281127930e+00,3.166398048400878906e+00
2.099385261535644531e+00,2.878427743911743164e+00
2.125562906265258789e+00,2.842220067977905273e+00
2.719560623168945312e+00,2.375908136367797852e+00
1.626535892486572266e+00,3.156878232955932617e+00
1.874883890151977539e+00,3.071377992630004883e+00
2.141321420669555664e+00,2.973022460937500000e+00
2.252100944519042969e+00,2.668604373931884766e+00
3.435822248458862305e+00,-3.590948820114135742e+00
1.535096883773803711e+00,3.133389711380004883e+00
2.150271415710449219e+00,2.960586309432983398e+00
1.676737427711486816e+00,3.296571493148803711e+00
1.950723171234130859e+00,3.109932899475097656e+00
1.668696641921997070e+00,3.171434640884399414e+00
1.820102691650390625e+00,3.301890611648559570e+00
2.081912279129028320e+00,2.763950347900390625e+00
1.494955778121948242e+00,3.272150278091430664e+00
1.541417956352233887e+00,3.203447103500366211e+00
2.606979846954345703e+00,2.567671537399291992e+00
1.830778956413269043e+00,3.273271799087524414e+00
1.526370525360107422e+00,3.358226060867309570e+00
1.846510171890258789e+00,2.934477090835571289e+00
1.654266357421875000e+00,3.245263814926147461e+00
1.507171988487243652e+00,3.244495630264282227e+00
1.568316340446472168e+00,3.319025039672851562e+00
4.012547969818115234e+00,-2.128723382949829102e+00
1.887287855148315430e+00,2.951453924179077148e+00
2.220237255096435547e+00,2.744760513305664062e+00
1.603806495666503906e+00,3.171146631240844727e+00
1.781400561332702637e+00,3.196906566619873047e+00
1.616566061973571777e+00,3.276468038558959961e+00
1.462755441665649414e+00,3.462917327880859375e+00
3.420480728149414062e+00,-3.498702049255371094e+00
1.991872906684875488e+00,2.971994876861572266e+00
1.575319528579711914e+00,3.169839143753051758e+00
3.666376590728759766e+00,5.797421336174011230e-01
2.657855987548828125e+00,2.455869913101196289e+00
4.091600894927978516e+00,-1.912046194076538086e+00
1.401274919509887695e+00,3.335492372512817383e+00
4.140649318695068359e+00,-8.998602032661437988e-01
4.008328437805175781e+00,-1.812278270721435547e+00
1.674978733062744141e+00,3.235602855682373047e+00
1.456176519393920898e+00,3.404884576797485352e+00
1.433741211891174316e+00,3.246347188949584961e+00
1.892925977706909180e+00,3.088660955429077148e+00
3.833637952804565430e+00,-2.809859037399291992e+00
2.144501209259033203e+00,2.951024293899536133e+00
2.100203990936279297e+00,3.077308416366577148e+00
2.165867328643798828e+00,2.954436779022216797e+00
2.681775093078613281e+00,2.312486886978149414e+00
1.577401161193847656e+00,3.258168697357177734e+00
1.487980723381042480e+00,3.421647787094116211e+00
1.972246766090393066e+00,3.019520044326782227e+00
3.033325433731079102e+00,2.233834743499755859e+00
1.363095283508300781e+00,3.381616115570068359e+00
2.517087459564208984e+00,2.479992628097534180e+00
2.322953224182128906e+00,2.777846097946166992e+00
3.055521965026855469e+00,2.143708705902099609e+00
3.410822391510009766e+00,-3.591220140457153320e+00
1.616662979125976562e+00,3.223014593124389648e+00
2.752502918243408203e+00,2.260061502456665039e+00
1.707478523254394531e+00,3.340274095535278320e+00
1.549814343452453613e+00,3.273835420608520508e+00
2.039438962936401367e+00,3.052064657211303711e+00
2.198630332946777344e+00,2.710247755050659180e+00
4.163914203643798828e+00,-6.569508910179138184e-01
1.641695022583007812e+00,3.381488561630249023e+00
1.592041611671447754e+00,3.303053379058837891e+00
3.520839452743530273e+00,-3.412430763244628906e+00
1.654992699623107910e+00,3.252166032791137695e+00
1.758731722831726074e+00,3.077209711074829102e+00
1.650900602340698242e+00,3.156971693038940430e+00
2.089569091796875000e+00,2.896611928939819336e+00
1.610680818557739258e+00,3.213884830474853516e+00
1.514476537704467773e+00,3.322367906570434570e+00
1.541695594787597656e+00,3.196012496948242188e+00
1.476452231407165527e+00,3.376435279846191406e+00
2.230403423309326172e+00,2.682637453079223633e+00
1.579696893692016602e+00,3.211374282836914062e+00
1.677495241165161133e+00,3.151866197586059570e+00
2.548850059509277344e+00,2.463276624679565430e+00
1.494283676147460938e+00,3.382655143737792969e+00
1.678059339523315430e+00,3.122415304183959961e+00
1.628029584884643555e+00,3.254199266433715820e+00
2.083917856216430664e+00,3.037120580673217773e+00
1.644555330276489258e+00,3.190075635910034180e+00
4.064531326293945312e+00,-1.509751558303833008e+00
3.803214073181152344e+00,8.393142223358154297e-01
1.968492746353149414e+00,3.145166397094726562e+00
1.554660558700561523e+00,3.271798849105834961e+00
1.658033847808837891e+00,3.366255760192871094e+00
3.509383440017700195e+00,-3.387697458267211914e+00
2.227322101593017578e+00,2.690804243087768555e+00
1.780404806137084961e+00,3.109660148620605469e+00
1.992134571075439453e+00,2.930971860885620117e+00
2.041887044906616211e+00,3.016055345535278320e+00
1.449759960174560547e+00,3.483627319335937500e+00
1.477736949920654297e+00,3.403268337249755859e+00
1.377109885215759277e+00,3.368092298507690430e+00
1.545452713966369629e+00,3.215915679931640625e+00
1.900154113769531250e+00,3.075329065322875977e+00
3.444127321243286133e+00,1.795837044715881348e+00
1.729261636734008789e+00,3.251891851425170898e+00
1.965406179428100586e+00,3.127575635910034180e+00
1.324783086776733398e+00,3.381190538406372070e+00
1.713159918785095215e+00,3.098316192626953125e+00
1.528244972229003906e+00,3.272754669189453125e+00
1.957145094871520996e+00,3.165264844894409180e+00
4.142832756042480469e+00,-1.652705311775207520e+00
1.765683174133300781e+00,3.306212663650512695e+00
2.706896305084228516e+00,2.330002307891845703e+00
1.382479906082153320e+00,3.386023044586181641e+00
2.229867696762084961e+00,2.783191442489624023e+00
3.129893064498901367e+00,1.796885013580322266e+00
1.704385280609130859e+00,3.208989381790161133e+00
2.375656843185424805e+00,2.723739385604858398e+00
3.861091613769531250e+00,-2.868707418441772461e+00
1.707859992980957031e+00,3.193071603775024414e+00
1.956973552703857422e+00,2.912987470626831055e+00
1.436530232429504395e+00,3.289022445678710938e+00
3.613202095031738281e+00,-3.350267171859741211e+00
1.647087812423706055e+00,3.194743871688842773e+00
1.721299409866333008e+00,3.170115232467651367e+00
1.992641329765319824e+00,3.031285047531127930e+00
1.452654361724853516e+00,3.385441541671752930e+00
1.685530066490173340e+00,3.171700239181518555e+00
1.828079581260681152e+00,3.024692773818969727e+00
1.874276876449584961e+00,2.991088867187500000e+00
1.828028678894042969e+00,3.196880102157592773e+00
2.686038970947265625e+00,2.378319263458251953e+00
1.947139501571655273e+00,3.031422376632690430e+00
1.713645696640014648e+00,3.169998884201049805e+00
1.785002350807189941e+00,3.214178085327148438e+00
1.224733352661132812e+00,3.513479709625244141e+00
1.621240615844726562e+00,3.287803888320922852e+00
1.893558979034423828e+00,3.113024473190307617e+00
1.720736384391784668e+00,3.108226299285888672e+00
2.753692388534545898e+00,2.172815561294555664e+00
1.701278328895568848e+00,3.118928432464599609e+00
2.508818626403808594e+00,2.643888711929321289e+00
4.239587306976318359e+00,-7.996858954429626465e-01
1.690131664276123047e+00,3.374576091766357422e+00
1.638800144195556641e+00,3.065606594085693359e+00
1.477359294891357422e+00,3.469369173049926758e+00
3.540122509002685547e+00,-3.488023757934570312e+00
2.017275333404541016e+00,2.848538637161254883e+00
2.547649383544921875e+00,2.259833574295043945e+00
2.048141479492187500e+00,2.833085298538208008e+00
2.073489665985107422e+00,2.936400175094604492e+00
3.980740070343017578e+00,-2.194954872131347656e+00
2.137181282043457031e+00,2.896282196044921875e+00
1.491066694259643555e+00,3.201648950576782227e+00
2.123162269592285156e+00,2.817635297775268555e+00
1.410139441490173340e+00,3.300777196884155273e+00
2.204460144042968750e+00,2.759257316589355469e+00
1.644872665405273438e+00,3.246178865432739258e+00
1.939893841743469238e+00,2.969522237777709961e+00
2.197304725646972656e+00,2.567615747451782227e+00
2.131856441497802734e+00,2.818875074386596680e+00
2.267687320709228516e+00,2.793167829513549805e+00
1.778341054916381836e+00,3.224753141403198242e+00
1.957311391830444336e+00,3.205168485641479492e+00
1.668381094932556152e+00,3.267709970474243164e+00
1.627213954925537109e+00,3.269149065017700195e+00
3.582888126373291016e+00,-3.291192770004272461e+00
4.112338542938232422e+00,-1.589980125427246094e+00
2.111141204833984375e+00,2.955370664596557617e+00
1.343467712402343750e+00,3.483632802963256836e+00
1.675683498382568359e+00,3.196301698684692383e+00
2.405570030212402344e+00,2.557630300521850586e+00
4.013668537139892578e+00,3.953797817230224609e-01
3.674948692321777344e+00,-3.283015489578247070e+00
1.545004725456237793e+00,3.269895315170288086e+00
1.368339300155639648e+00,3.416785478591918945e+00
2.111234188079833984e+00,3.036471605300903320e+00
1.486925959587097168e+00,3.515136957168579102e+00
1.487501144409179688e+00,3.268879890441894531e+00
1.862294435501098633e+00,3.294367074966430664e+00
1.748554825782775879e+00,3.254235982894897461e+00
3.233696937561035156e+00,1.798475265502929688e+00
2.306777715682983398e+00,2.550540208816528320e+00
1.472164392471313477e+00,3.368957281112670898e+00
2.089912414550781250e+00,2.915728330612182617e+00
1.408249139785766602e+00,3.368059873580932617e+00
2.089752435684204102e+00,2.949948072433471680e+00
2.119116306304931641e+00,2.902864456176757812e+00
3.712725162506103516e+00,-3.194277524948120117e+00
2.797466993331909180e+00,2.142565965652465820e+00
2.872138977050781250e+00,2.271641969680786133e+00
1.506971001625061035e+00,3.350924253463745117e+00
2.189773082733154297e+00,2.819588661193847656e+00
1.600937128067016602e+00,3.110019445419311523e+00
3.752327442169189453e+00,1.085565686225891113e+00
2.312288999557495117e+00,2.661939382553100586e+00
1.866947412490844727e+00,3.475393295288085938e+00
2.272694349288940430e+00,2.805347919464111328e+00
1.843387603759765625e+00,3.152110815048217773e+00
1.563968896865844727e+00,3.180106401443481445e+00
2.097100257873535156e+00,3.013989210128784180e+00
2.203726768493652344e+00,2.971413850784301758e+00
1.637907266616821289e+00,3.184364080429077148e+00
3.057303428649902344e+00,2.157001972198486328e+00
1.826150894165039062e+00,3.093461036682128906e+00
1.371287941932678223e+00,3.344171285629272461e+00
1.638556003570556641e+00,3.405173063278198242e+00
1.656534552574157715e+00,3.193131208419799805e+00
2.192327499389648438e+00,2.857410669326782227e+00
1.744340777397155762e+00,3.272226572036743164e+00
1.949670910835266113e+00,3.130120515823364258e+00
2.422020435333251953e+00,2.832177162170410156e+00
2.620140552520751953e+00,2.466616630554199219e+00
1.697776436805725098e+00,3.087031602859497070e+00
4.015618801116943359e+00,3.569228947162628174e-01
4.104504108428955078e+00,-1.383715748786926270e+00
1.607021808624267578e+00,3.378084897994995117e+00
2.232500076293945312e+00,2.680562257766723633e+00
1.736102938652038574e+00,3.350769996643066406e+00
2.176235198974609375e+00,2.678239345550537109e+00
1.646282434463500977e+00,3.219734191894531250e+00
4.126321315765380859e+00,-6.040920615196228027e-01
2.011968135833740234e+00,3.081178903579711914e+00
1.228536844253540039e+00,3.444312810897827148e+00
1.990855216979980469e+00,2.926216363906860352e+00
2.343029022216796875e+00,2.793106317520141602e+00
2.161098718643188477e+00,2.814252614974975586e+00
1.647035241127014160e+00,3.080899238586425781e+00
1.505458831787109375e+00,3.285601377487182617e+00
1.815705060958862305e+00,3.126110315322875977e+00
1.446240425109863281e+00,3.385882139205932617e+00
2.110024452209472656e+00,2.853123188018798828e+00
1.753043889999389648e+00,2.995388746261596680e+00
1.636413455009460449e+00,3.170315742492675781e+00
1.599428415298461914e+00,3.084767818450927734e+00
2.148085832595825195e+00,2.951734304428100586e+00
1.855176806449890137e+00,3.173884630203247070e+00
3.822633028030395508e+00,8.582019805908203125e-01
1.704304575920104980e+00,3.034038782119750977e+00
2.189013004302978516e+00,3.013133764266967773e+00
1.818283438682556152e+00,3.066554546356201172e+00
1.881767749786376953e+00,3.189912557601928711e+00
1.331191182136535645e+00,3.445148706436157227e+00
1.401655912399291992e+00,3.249282836914062500e+00
1.579022526741027832e+00,3.345407247543334961e+00
3.091206550598144531e+00,-3.864954948425292969e+00
2.338580846786499023e+00,2.728575468063354492e+00
1.656095027923583984e+00,3.239135742187500000e+00
1.333728909492492676e+00,3.430014848709106445e+00
1.766621351242065430e+00,3.261133909225463867e+00
1.515261888504028320e+00,3.206438302993774414e+00
2.075693368911743164e+00,3.007562398910522461e+00
1.524250268936157227e+00,3.248805761337280273e+00
4.072409629821777344e+00,-2.223066538572311401e-01
2.185276985168457031e+00,2.662180185317993164e+00
2.202163457870483398e+00,2.823256731033325195e+00
1.928288817405700684e+00,2.936075687408447266e+00
1.425873517990112305e+00,3.341734170913696289e+00
1.965950965881347656e+00,3.101790904998779297e+00
1.804399251937866211e+00,3.218156099319458008e+00
2.977847099304199219e+00,2.143634080886840820e+00
2.471725702285766602e+00,2.604562520980834961e+00
1.284969329833984375e+00,3.411157608032226562e+00
3.776888847351074219e+00,-3.046209573745727539e+00
2.339190959930419922e+00,2.561514139175415039e+00
1.446924090385437012e+00,3.425320148468017578e+00
1.693240880966186523e+00,3.065730810165405273e+00
2.957400798797607422e+00,1.735254764556884766e+00
2.760072469711303711e+00,2.423674821853637695e+00
2.200120925903320312e+00,2.761887788772583008e+00
3.218459129333496094e+00,-3.677914381027221680e+00
2.088898420333862305e+00,2.862444639205932617e+00
1.913560390472412109e+00,3.041096925735473633e+00
1.702685475349426270e+00,3.173434495925903320e+00
1.808591365814208984e+00,3.197682142257690430e+00
2.495903015136718750e+00,2.551335573196411133e+00
1.676759958267211914e+00,3.131660223007202148e+00
3.688658952713012695e+00,-3.216093778610229492e+00
2.154230117797851562e+00,2.912814855575561523e+00
3.990857362747192383e+00,-1.852969408035278320e+00
3.242494106292724609e+00,-3.768239974975585938e+00
2.481293439865112305e+00,2.561097860336303711e+00
1.695737361907958984e+00,3.231126785278320312e+00
3.100644826889038086e+00,1.896764278411865234e+00
2.006174325942993164e+00,2.928018808364868164e+00
1.613232612609863281e+00,3.118289232254028320e+00
1.770719289779663086e+00,2.994108915328979492e+00
3.974385738372802734e+00,-2.122202396392822266e+00
1.671894550323486328e+00,3.243752241134643555e+00
1.646002292633056641e+00,3.278856992721557617e+00
3.165740489959716797e+00,1.883211851119995117e+00
2.294516324996948242e+00,2.927789211273193359e+00
1.750670313835144043e+00,3.203757047653198242e+00
1.614016532897949219e+00,3.132357358932495117e+00
1.818305253982543945e+00,3.147896766662597656e+00
1.881162166595458984e+00,3.043818235397338867e+00
2.831364870071411133e+00,2.210021734237670898e+00
2.871130466461181641e+00,2.062943696975708008e+00
2.691731452941894531e+00,2.377377271652221680e+00
1.780459403991699219e+00,3.201108932495117188e+00
3.309722423553466797e+00,-3.699479341506958008e+00
3.015795946121215820e+00,2.135759592056274414e+00
3.961740970611572266e+00,-2.268963336944580078e+00
1.717887401580810547e+00,3.216860055923461914e+00
1.428649187088012695e+00,3.445059061050415039e+00
1.863412618637084961e+00,3.164267063140869141e+00
1.552152037620544434e+00,3.269743204116821289e+00
1.359446167945861816e+00,3.461517572402954102e+00
4.025269508361816406e+00,-1.710234165191650391e+00
1.605068683624267578e+00,3.243095636367797852e+00
1.604472875595092773e+00,3.131448268890380859e+00
1.911039710044860840e+00,3.031392812728881836e+00
1.733755826950073242e+00,3.280734777450561523e+00
2.543800354003906250e+00,2.548632383346557617e+00
1.169576525688171387e+00,3.521992921829223633e+00
1.800818562507629395e+00,3.273445844650268555e+00
1.768923282623291016e+00,3.034842729568481445e+00
1.821293354034423828e+00,3.058808803558349609e+00
3.502946853637695312e+00,-3.312397718429565430e+00
1.858659148216247559e+00,3.075290203094482422e+00
1.682969570159912109e+00,3.308608293533325195e+00
1.699734687805175781e+00,3.192229509353637695e+00
1.543339967727661133e+00,3.302211999893188477e+00
3.345287322998046875e+00,1.556326985359191895e+00
1.949648857116699219e+00,3.200221061706542969e+00
1.547116756439208984e+00,3.196601152420043945e+00
2.007436275482177734e+00,2.971323251724243164e+00
1.752486228942871094e+00,2.988824605941772461e+00
2.378954887390136719e+00,2.589704990386962891e+00
2.078348159790039062e+00,2.824292898178100586e+00
1.432002425193786621e+00,3.446992874145507812e+00
1.838163733482360840e+00,3.122229814529418945e+00
1.788569569587707520e+00,3.169989347457885742e+00
1.522785902023315430e+00,3.340964555740356445e+00
1.533448219299316406e+00,3.225060939788818359e+00
1.506592273712158203e+00,3.278548002243041992e+00
1.615247964859008789e+00,3.215156793594360352e+00
2.295099496841430664e+00,2.899729967117309570e+00
1.796908736228942871e+00,3.021874666213989258e+00
1.830849409103393555e+00,3.015486955642700195e+00
1.842569112777709961e+00,3.153525590896606445e+00
1.427663087844848633e+00,3.282084465026855469e+00
1.671423673629760742e+00,3.186387538909912109e+00
2.566103935241699219e+00,2.584697484970092773e+00
1.885392904281616211e+00,3.146375179290771484e+00
3.190014600753784180e+00,-3.653684377670288086e+00
3.083617687225341797e+00,1.895774126052856445e+00
2.669251441955566406e+00,2.340639829635620117e+00
2.325041055679321289e+00,2.728195190429687500e+00
1.896701574325561523e+00,3.181395292282104492e+00
1.868795394897460938e+00,3.039381265640258789e+00
3.417876243591308594e+00,1.574400901794433594e+00
1.006816744804382324e+00,3.386453390121459961e+00
3.057344436645507812e+00,1.978412508964538574e+00
2.106501817703247070e+00,3.047766447067260742e+00
2.657623291015625000e+00,2.227041721343994141e+00
4.188706874847412109e+00,-1.171145915985107422e+00
1.408119440078735352e+00,3.251766443252563477e+00
1.501291990280151367e+00,3.363477945327758789e+00
1.570812106132507324e+00,3.147945880889892578e+00
2.775504827499389648e+00,-4.092989921569824219e+00
2.085180282592773438e+00,2.923236608505249023e+00
1.905223369598388672e+00,3.152653455734252930e+00
4.038513183593750000e+00,3.987271711230278015e-02
1.701640367507934570e+00,3.246683120727539062e+00
1.539227604866027832e+00,3.132929563522338867e+00
2.313161611557006836e+00,2.932792425155639648e+00
1.866801261901855469e+00,3.066583633422851562e+00
4.183935642242431641e+00,-1.772145748138427734e+00
2.537544727325439453e+00,2.425062179565429688e+00
1.358925461769104004e+00,3.472226858139038086e+00
1.985119581222534180e+00,2.837512731552124023e+00
1.559257030487060547e+00,3.250331640243530273e+00
1.632936239242553711e+00,3.265739917755126953e+00
1.516328215599060059e+00,3.137282133102416992e+00
3.979724407196044922e+00,-1.743348717689514160e+00
1.714180231094360352e+00,3.110532522201538086e+00
3.822592973709106445e+00,-3.032339334487915039e+00
2.215287685394287109e+00,2.728041410446166992e+00
2.724573850631713867e+00,2.415697813034057617e+00
1.906104207038879395e+00,3.002148866653442383e+00
1.475543260574340820e+00,3.267231225967407227e+00
2.017543315887451172e+00,2.843858957290649414e+00
3.736914396286010742e+00,8.120962977409362793e-01
1.543428182601928711e+00,3.305041074752807617e+00
3.773765087127685547e+00,-3.002066850662231445e+00
2.009067773818969727e+00,2.962487936019897461e+00
1.812715291976928711e+00,3.347120523452758789e+00
1.971364617347717285e+00,2.979696273803710938e+00
1.976347923278808594e+00,2.962635040283203125e+00
1.706874251365661621e+00,3.071229696273803711e+00
3.142864704132080078e+00,-3.719093084335327148e+00
3.641285896301269531e+00,-3.307581663131713867e+00
1.717747092247009277e+00,3.191686630249023438e+00
2.094224452972412109e+00,2.899809598922729492e+00
1.848225951194763184e+00,3.174981594085693359e+00
1.654252052307128906e+00,3.291450738906860352e+00
1.893862247467041016e+00,2.951102018356323242e+00
2.015137195587158203e+00,3.103948831558227539e+00
4.038296222686767578e+00,-1.841446161270141602e+00
1.750455975532531738e+00,3.249191522598266602e+00
1.637004494667053223e+00,3.387293577194213867e+00
1.573538541793823242e+00,3.322216749191284180e+00
1.470234155654907227e+00,3.399069070816040039e+00
2.421759605407714844e+00,2.499265432357788086e+00
2.167471408843994141e+00,2.890159606933593750e+00
1.912563920021057129e+00,3.063426256179809570e+00
2.374634265899658203e+00,2.773252010345458984e+00
2.342330455780029297e+00,2.728775262832641602e+00
2.035161495208740234e+00,3.037704467773437500e+00
1.842512845993041992e+00,3.146263837814331055e+00
1.768214225769042969e+00,3.222779035568237305e+00
3.125246524810791016e+00,-3.911288976669311523e+00
2.193449497222900391e+00,2.810113906860351562e+00
2.302685260772705078e+00,2.628339052200317383e+00
1.382875204086303711e+00,3.186892986297607422e+00
1.345141291618347168e+00,3.450593709945678711e+00
1.493715763092041016e+00,3.594190359115600586e+00
3.856364965438842773e+00,-2.844821691513061523e+00
2.605900764465332031e+00,2.425466299057006836e+00
1.566604256629943848e+00,3.279515981674194336e+00
1.920989990234375000e+00,3.058736801147460938e+00
2.363778591156005859e+00,2.848898172378540039e+00
2.947716712951660156e+00,-3.926653146743774414e+00
1.522895812988281250e+00,3.086476802825927734e+00
1.423458814620971680e+00,3.316116094589233398e+00
1.963292479515075684e+00,3.183116674423217773e+00
1.873386502265930176e+00,3.034219026565551758e+00
2.009048938751220703e+00,2.762698411941528320e+00
2.873549699783325195e+00,-3.989375591278076172e+00
3.548806428909301758e+00,-3.359107255935668945e+00
1.595330357551574707e+00,3.356228590011596680e+00
2.929920196533203125e+00,2.405391931533813477e+00
1.586388230323791504e+00,3.224029779434204102e+00
2.380468368530273438e+00,2.509905576705932617e+00
1.519793748855590820e+00,3.561788320541381836e+00
2.544802665710449219e+00,2.585025548934936523e+00
4.040761470794677734e+00,-1.775069475173950195e+00
1.692332267761230469e+00,3.269685745239257812e+00
1.716482996940612793e+00,3.166976690292358398e+00
1.836052894592285156e+00,3.093638181686401367e+00
1.390794157981872559e+00,3.273861169815063477e+00
1.543510198593139648e+00,3.451522588729858398e+00
4.165965080261230469e+00,-5.282133221626281738e-01
3.724297285079956055e+00,-3.007708311080932617e+00
1.422940731048583984e+00,3.368969678878784180e+00
1.487710952758789062e+00,3.430901288986206055e+00
1.349201560020446777e+00,3.549511909484863281e+00
1.733443856239318848e+00,3.271927595138549805e+00
1.713320612907409668e+00,3.173231601715087891e+00
1.598436474800109863e+00,3.385371923446655273e+00
1.675052881240844727e+00,3.053976058959960938e+00
1.429222345352172852e+00,3.491836786270141602e+00
1.612885236740112305e+00,3.075903415679931641e+00
1.615898489952087402e+00,3.295970678329467773e+00
1.678069114685058594e+00,3.322910070419311523e+00
1.750932931900024414e+00,2.909880638122558594e+00
1.696728467941284180e+00,3.054933071136474609e+00
1.933913350105285645e+00,2.942427873611450195e+00
1.870872974395751953e+00,3.194447994232177734e+00
2.329439640045166016e+00,2.581495046615600586e+00
1.869181394577026367e+00,3.119043827056884766e+00
2.188844919204711914e+00,3.044549226760864258e+00
1.838670730590820312e+00,3.003806829452514648e+00
1.905177354812622070e+00,3.300998210906982422e+00
3.642036914825439453e+00,-3.232330083847045898e+00
1.085811018943786621e+00,3.417121171951293945e+00
1.434154987335205078e+00,3.293109178543090820e+00
2.038949012756347656e+00,2.925310850143432617e+00
1.899478197097778320e+00,3.115678548812866211e+00
1.906220555305480957e+00,3.132602691650390625e+00
1.416483402252197266e+00,3.292510986328125000e+00
1.465369939804077148e+00,3.335668802261352539e+00
3.417419672012329102e+00,-3.581008672714233398e+00
2.021688938140869141e+00,2.712926626205444336e+00
3.216570138931274414e+00,1.796223878860473633e+00
2.304564237594604492e+00,2.773583650588989258e+00
1.547862291336059570e+00,3.371766805648803711e+00
1.538558721542358398e+00,3.331876516342163086e+00
2.015978813171386719e+00,3.038968801498413086e+00
4.223379611968994141e+00,-6.786840558052062988e-01
1.867926001548767090e+00,3.122164726257324219e+00
1.626920700073242188e+00,3.323594808578491211e+00
1.398955225944519043e+00,3.296043634414672852e+00
3.454791545867919922e+00,-3.525613784790039062e+00
1.638617277145385742e+00,3.296020507812500000e+00
2.071890115737915039e+00,2.738122224807739258e+00
2.116037845611572266e+00,2.879095792770385742e+00
1.698216795921325684e+00,3.170375347137451172e+00
1.631510853767395020e+00,3.104148864746093750e+00
2.986549854278564453e+00,-3.933071374893188477e+00
1.357366442680358887e+00,3.380814552307128906e+00
4.044542789459228516e+00,4.149687290191650391e-01
1.836688876152038574e+00,3.040943622589111328e+00
2.071976184844970703e+00,2.952258348464965820e+00
1.453594923019409180e+00,3.466610193252563477e+00
1.750078797340393066e+00,3.184323549270629883e+00
4.009336471557617188e+00,-1.948811292648315430e+00
2.716389656066894531e+00,2.295007467269897461e+00
2.071181058883666992e+00,2.918929338455200195e+00
2.261937141418457031e+00,2.751455068588256836e+00
3.535987854003906250e+00,1.502006053924560547e+00
2.984002113342285156e+00,2.072863817214965820e+00
2.501402854919433594e+00,2.630587577819824219e+00
1.415988087654113770e+00,3.114346981048583984e+00
2.445545196533203125e+00,2.582737684249877930e+00
1.694444417953491211e+00,3.179404497146606445e+00
3.852112770080566406e+00,-3.067618131637573242e+00
1.755763411521911621e+00,3.295342206954956055e+00
1.487965822219848633e+00,3.418894052505493164e+00
1.425972700119018555e+00,3.371628046035766602e+00
2.638771057128906250e+00,2.542019605636596680e+00
1.997155427932739258e+00,2.972254991531372070e+00
1.655167818069458008e+00,3.279044866561889648e+00
3.510909080505371094e+00,-3.298904895782470703e+00
1.981373429298400879e+00,2.850107908248901367e+00
3.846180677413940430e+00,-3.010198116302490234e+00
4.131507396697998047e+00,-2.094410657882690430e+00
1.817239522933959961e+00,2.997395277023315430e+00
2.283860206604003906e+00,2.838256359100341797e+00
2.500211477279663086e+00,2.745890855789184570e+00
2.879917383193969727e+00,2.019470453262329102e+00
2.921736240386962891e+00,2.101096391677856445e+00
1.784510254859924316e+00,3.066293478012084961e+00
2.141494274139404297e+00,2.768490076065063477e+00
2.091904401779174805e+00,2.907616853713989258e+00
1.609643578529357910e+00,3.188233613967895508e+00
1.569574236869812012e+00,3.232523202896118164e+00
1.828394412994384766e+00,3.205796241760253906e+00
1.333077669143676758e+00,3.409758090972900391e+00
2.901271343231201172e+00,2.325722932815551758e+00
2.353455543518066406e+00,2.666853189468383789e+00
1.761501073837280273e+00,3.238630533218383789e+00
1.410435795783996582e+00,3.370942831039428711e+00
1.701326966285705566e+00,3.241189718246459961e+00
3.085454940795898438e+00,2.087846755981445312e+00
1.495389938354492188e+00,3.209472417831420898e+00
1.775742173194885254e+00,3.150892019271850586e+00
3.490486860275268555e+00,-3.408667325973510742e+00
4.071592330932617188e+00,1.679133027791976929e-01
3.252704620361328125e+00,-3.752093553543090820e+00
1.608787894248962402e+00,3.220681190490722656e+00
1.894686937332153320e+00,3.014523267745971680e+00
1.860924005508422852e+00,3.021961927413940430e+00
1.908524990081787109e+00,3.165300130844116211e+00
1.231676816940307617e+00,3.324857473373413086e+00
1.647719025611877441e+00,3.369682550430297852e+00
2.087011575698852539e+00,2.960244178771972656e+00
1.663953661918640137e+00,3.151619434356689453e+00
2.872801303863525391e+00,-4.008735179901123047e+00
1.743876457214355469e+00,3.116274595260620117e+00
2.030488014221191406e+00,2.981424331665039062e+00
2.335551261901855469e+00,2.640019178390502930e+00
1.969276309013366699e+00,2.977852106094360352e+00
2.385309219360351562e+00,2.643699169158935547e+00
2.295764446258544922e+00,2.713276863098144531e+00
1.655071735382080078e+00,3.032876014709472656e+00
2.457670450210571289e+00,2.717910051345825195e+00
4.037866115570068359e+00,-2.332805246114730835e-01
1.927880764007568359e+00,3.033365249633789062e+00
1.719459056854248047e+00,3.115716218948364258e+00
2.265179872512817383e+00,2.668276071548461914e+00
1.868777275085449219e+00,2.993280172348022461e+00
1.579619407653808594e+00,3.349585533142089844e+00
1.582001090049743652e+00,3.284806966781616211e+00
2.105478286743164062e+00,2.937801837921142578e+00
1.635090827941894531e+00,3.203878641128540039e+00
1.743643760681152344e+00,3.184179067611694336e+00
1.720611214637756348e+00,3.213909864425659180e+00
3.931862831115722656e+00,4.921548962593078613e-01
2.250687122344970703e+00,2.859631776809692383e+00
2.314802885055541992e+00,2.754674196243286133e+00
2.356063842773437500e+00,2.794017076492309570e+00
1.469041585922241211e+00,3.324764013290405273e+00
1.754322171211242676e+00,3.022333860397338867e+00
1.686310768127441406e+00,3.247558832168579102e+00
1.925384283065795898e+00,2.963037729263305664e+00
1.633020162582397461e+00,3.147978305816650391e+00
1.438858032226562500e+00,3.335851430892944336e+00
1.411481142044067383e+00,3.225153446197509766e+00
1.662336111068725586e+00,3.165310382843017578e+00
1.649988055229187012e+00,3.207812309265136719e+00
1.382275223731994629e+00,3.028798341751098633e+00
1.926241159439086914e+00,3.042787313461303711e+00
1.696083188056945801e+00,3.225950002670288086e+00
2.081603527069091797e+00,3.070899486541748047e+00
3.691764831542968750e+00,1.213247060775756836e+00
2.164499759674072266e+00,2.790199041366577148e+00
1.573850393295288086e+00,3.282401323318481445e+00
2.041624546051025391e+00,2.751144647598266602e+00
1.670591592788696289e+00,3.230657577514648438e+00
1.475923538208007812e+00,3.318927049636840820e+00
1.772870421409606934e+00,3.215780735015869141e+00
1.809300422668457031e+00,2.915019273757934570e+00
3.804853916168212891e+00,-2.959705114364624023e+00
1.360938072204589844e+00,3.345195055007934570e+00
2.227989196777343750e+00,2.714429855346679688e+00
2.508805036544799805e+00,2.453504800796508789e+00
2.456479310989379883e+00,2.447418928146362305e+00
3.524461746215820312e+00,-3.119125127792358398e+00
3.868272304534912109e+00,7.111475467681884766e-01
2.436105251312255859e+00,2.692754268646240234e+00
1.841480493545532227e+00,3.181287050247192383e+00
2.051337242126464844e+00,2.941395998001098633e+00
1.339014053344726562e+00,3.419821977615356445e+00
1.654098749160766602e+00,3.289331197738647461e+00
1.845263600349426270e+00,3.065438032150268555e+00
1.567654490470886230e+00,3.191158771514892578e+00
1.860927581787109375e+00,2.990883827209472656e+00
3.859786987304687500e+00,-2.747981309890747070e+00
1.782113075256347656e+00,3.207857608795166016e+00
1.976372122764587402e+00,2.945670366287231445e+00
1.883407831192016602e+00,3.046612977981567383e+00
2.164731502532958984e+00,2.802647590637207031e+00
2.010684490203857422e+00,2.989376306533813477e+00
1.723488092422485352e+00,3.101914405822753906e+00
1.978512287139892578e+00,2.902827024459838867e+00
4.037233829498291016e+00,-1.585617661476135254e+00
2.534910678863525391e+00,2.551970720291137695e+00
2.282988071441650391e+00,2.595581293106079102e+00
1.644009470939636230e+00,3.188686132431030273e+00
1.973385095596313477e+00,2.996383905410766602e+00
1.793088078498840332e+00,3.021146059036254883e+00
1.729274153709411621e+00,3.242185592651367188e+00
1.826858043670654297e+00,3.229304313659667969e+00
4.198697090148925781e+00,-1.314734458923339844e+00
1.474596261978149414e+00,3.225766658782958984e+00
1.511548876762390137e+00,3.395691156387329102e+00
1.908834934234619141e+00,3.200142145156860352e+00
2.232594966888427734e+00,2.743117094039916992e+00
1.800045728683471680e+00,3.140232324600219727e+00
2.578989028930664062e+00,2.512690305709838867e+00
1.973207235336303711e+00,3.036477804183959961e+00
2.198579788208007812e+00,3.015869379043579102e+00
2.709084749221801758e+00,2.497196197509765625e+00
1.280107855796813965e+00,3.471875905990600586e+00
3.906615257263183594e+00,-2.515259742736816406e+00
2.750265836715698242e+00,2.391108274459838867e+00
3.253852367401123047e+00,-3.704079866409301758e+00
2.170276165008544922e+00,2.817566394805908203e+00
2.177105903625488281e+00,2.795009613037109375e+00
2.097754955291748047e+00,3.002472639083862305e+00
1.624048829078674316e+00,3.134330272674560547e+00
3.940464973449707031e+00,-2.918197870254516602e+00
2.895682811737060547e+00,2.072744131088256836e+00
1.816103696823120117e+00,3.096538782119750977e+00
3.232007503509521484e+00,1.639372229576110840e+00
1.792263507843017578e+00,3.153363466262817383e+00
1.619162321090698242e+00,3.242135047912597656e+00
1.946437239646911621e+00,3.076585054397583008e+00
3.403493881225585938e+00,1.612855076789855957e+00
1.903943300247192383e+00,3.122353792190551758e+00
2.906023025512695312e+00,2.058715820312500000e+00
1.977546691894531250e+00,3.094630002975463867e+00
1.653444051742553711e+00,3.348088026046752930e+00
2.045108318328857422e+00,3.009861946105957031e+00
2.142106056213378906e+00,2.836449623107910156e+00
3.263664007186889648e+00,1.569197893142700195e+00
1.921558141708374023e+00,3.005112886428833008e+00
1.863479733467102051e+00,3.019961595535278320e+00
3.996648311614990234e+00,-1.868937730789184570e+00
1.445449233055114746e+00,3.202168703079223633e+00
1.727696895599365234e+00,3.264461755752563477e+00
2.019293069839477539e+00,3.007137537002563477e+00
1.314100503921508789e+00,3.300148725509643555e+00
2.633780002593994141e+00,2.611172914505004883e+00
1.433607459068298340e+00,3.389014244079589844e+00
1.645812869071960449e+00,3.349718093872070312e+00
2.305934190750122070e+00,2.819504499435424805e+00
1.707522511482238770e+00,3.250205039978027344e+00
1.348887205123901367e+00,3.262715816497802734e+00
3.161491632461547852e+00,1.950621008872985840e+00
2.347928524017333984e+00,2.685554742813110352e+00
2.471935272216796875e+00,2.669586896896362305e+00
1.942444324493408203e+00,3.089595556259155273e+00
2.004016399383544922e+00,2.832650423049926758e+00
1.521340370178222656e+00,3.269689321517944336e+00
1.898681879043579102e+00,2.976214885711669922e+00
2.393591403961181641e+00,2.601403474807739258e+00
1.761829614639282227e+00,3.168894052505493164e+00
2.048534870147705078e+00,3.114516973495483398e+00
3.902794837951660156e+00,-2.425694227218627930e+00
1.528543710708618164e+00,3.298387289047241211e+00
1.902688622474670410e+00,3.198508501052856445e+00
2.013717174530029297e+00,2.988502264022827148e+00
1.622667551040649414e+00,3.274049043655395508e+00
1.406466484069824219e+00,3.346958875656127930e+00
3.329409122467041016e+00,-3.603049755096435547e+00
2.142522335052490234e+00,2.895437240600585938e+00
1.809169888496398926e+00,3.258941411972045898e+00
1.647229075431823730e+00,3.194418191909790039e+00
1.312473177909851074e+00,3.460066795349121094e+00
1.824893474578857422e+00,3.034466505050659180e+00
2.033859014511108398e+00,2.988405704498291016e+00
2.251539230346679688e+00,2.736508131027221680e+00
2.718992948532104492e+00,2.381928682327270508e+00
1.783904790878295898e+00,3.348237514495849609e+00
3.273602247238159180e+00,-3.559856891632080078e+00
1.661188960075378418e+00,3.385820150375366211e+00
1.338522911071777344e+00,3.348665475845336914e+00
1.823491334915161133e+00,3.029427528381347656e+00
1.773590922355651855e+00,3.273541927337646484e+00
4.028109073638916016e+00,-1.839141368865966797e+00
1.748979330062866211e+00,3.235378980636596680e+00
1.860384225845336914e+00,3.041445016860961914e+00
2.224816799163818359e+00,2.869606733322143555e+00
1.405967116355895996e+00,3.395725965499877930e+00
2.479290485382080078e+00,2.606175661087036133e+00
1.833443760871887207e+00,3.190590620040893555e+00
3.634892463684082031e+00,-3.314726352691650391e+00
1.771578907966613770e+00,3.085854768753051758e+00
1.492482423782348633e+00,3.500570535659790039e+00
1.526618957519531250e+00,3.339447259902954102e+00
1.776496648788452148e+00,3.146598100662231445e+00
1.638049960136413574e+00,3.248495101928710938e+00
1.756702303886413574e+00,3.113473176956176758e+00
1.200798511505126953e+00,3.510396242141723633e+00
1.963685274124145508e+00,2.909928083419799805e+00
1.860267162322998047e+00,3.142277479171752930e+00
3.074081182479858398e+00,2.088129758834838867e+00
2.360239505767822266e+00,2.663037776947021484e+00
1.667189836502075195e+00,3.257425069808959961e+00
1.707338094711303711e+00,3.195714712142944336e+00
2.890537261962890625e+00,2.176364660263061523e+00
1.753137230873107910e+00,3.272482633590698242e+00
1.702665328979492188e+00,3.073453426361083984e+00
1.958434104919433594e+00,3.018668889999389648e+00
2.158520460128784180e+00,2.753069639205932617e+00
1.626576304435729980e+00,3.197208881378173828e+00
1.894159317016601562e+00,3.159810781478881836e+00
1.970538377761840820e+00,2.797172307968139648e+00
2.041340827941894531e+00,2.840229749679565430e+00
1.571318149566650391e+00,3.215969562530517578e+00
2.036167144775390625e+00,3.014485359191894531e+00
2.184030532836914062e+00,2.913756608963012695e+00
1.413751125335693359e+00,3.298822641372680664e+00
1.249692320823669434e+00,3.400250196456909180e+00
2.636962890625000000e+00,2.398416280746459961e+00
1.568585872650146484e+00,3.233668565750122070e+00
2.077360630035400391e+00,2.964339017868041992e+00
1.553726792335510254e+00,3.249192953109741211e+00
4.255008697509765625e+00,-9.624471068382263184e-01
1.580756902694702148e+00,3.364804506301879883e+00
4.087525844573974609e+00,-1.314791202545166016e+00
1.906883478164672852e+00,3.014966249465942383e+00
1.385873436927795410e+00,3.497993230819702148e+00
2.051045417785644531e+00,2.975898981094360352e+00
1.354447841644287109e+00,3.434766769409179688e+00
2.096804141998291016e+00,2.892230510711669922e+00
1.195523500442504883e+00,3.452261686325073242e+00
1.984214663505554199e+00,2.976438760757446289e+00
1.761089205741882324e+00,3.293568134307861328e+00
2.041807413101196289e+00,2.932676076889038086e+00
1.778007388114929199e+00,3.248153448104858398e+00
2.127986907958984375e+00,2.702206611633300781e+00
2.213990449905395508e+00,2.885229587554931641e+00
1.619287252426147461e+00,3.326021909713745117e+00
1.710829973220825195e+00,3.160385370254516602e+00
2.645833492279052734e+00,2.251217603683471680e+00
2.219797134399414062e+00,2.935759782791137695e+00
1.567415237426757812e+00,3.176059961318969727e+00
1.663899898529052734e+00,3.230124950408935547e+00
1.685538530349731445e+00,3.151812076568603516e+00
3.079449653625488281e+00,1.857534050941467285e+00
2.353962898254394531e+00,2.531142950057983398e+00
1.602111697196960449e+00,3.230109930038452148e+00
1.805088758468627930e+00,3.198996782302856445e+00
1.614267587661743164e+00,3.237725019454956055e+00
1.990211725234985352e+00,2.886436700820922852e+00
1.651476383209228516e+00,3.191657543182373047e+00
1.468315362930297852e+00,3.396078824996948242e+00
2.596770763397216797e+00,2.315376520156860352e+00
1.769178390502929688e+00,3.113917589187622070e+00
1.242760539054870605e+00,3.606438398361206055e+00
4.107670783996582031e+00,-3.010635077953338623e-01
1.609733343124389648e+00,3.179357767105102539e+00
3.002005577087402344e+00,2.205295085906982422e+00
1.894952774047851562e+00,3.144946813583374023e+00
1.469443082809448242e+00,3.267725706100463867e+00
1.889826297760009766e+00,3.073775529861450195e+00
2.361421108245849609e+00,2.548567295074462891e+00
2.735735416412353516e+00,2.285119056701660156e+00
1.565298080444335938e+00,3.337857723236083984e+00
2.403594017028808594e+00,2.856712579727172852e+00
2.416915416717529297e+00,2.694879770278930664e+00
2.177468299865722656e+00,2.760540246963500977e+00
3.175165891647338867e+00,-3.782866239547729492e+00
1.492823600769042969e+00,3.242708921432495117e+00
1.804350376129150391e+00,3.159130811691284180e+00
1.445320129394531250e+00,3.414912223815917969e+00
1.677414655685424805e+00,3.284413814544677734e+00
3.915423631668090820e+00,-2.238754987716674805e+00
8.310446739196777344e-01,3.407296895980834961e+00
2.185907125473022461e+00,2.979768991470336914e+00
1.860292434692382812e+00,3.011975765228271484e+00
1.819467544555664062e+00,3.075049877166748047e+00
1.113534927368164062e+00,3.341001272201538086e+00
2.065894126892089844e+00,2.715610265731811523e+00
2.186988830566406250e+00,2.853156805038452148e+00
1.693467140197753906e+00,3.085711717605590820e+00
2.203987836837768555e+00,2.685637235641479492e+00
2.471224069595336914e+00,2.628039121627807617e+00
1.897014260292053223e+00,3.091053724288940430e+00
1.904013633728027344e+00,3.144003868103027344e+00
2.531291961669921875e+00,2.524409055709838867e+00
2.739787101745605469e+00,2.503729104995727539e+00
1.739439964294433594e+00,3.198718309402465820e+00
2.786390542984008789e+00,2.464501857757568359e+00
1.209804773330688477e+00,3.363604307174682617e+00
1.414694070816040039e+00,3.276600122451782227e+00
1.648323297500610352e+00,3.371622085571289062e+00
1.301801562309265137e+00,3.461252450942993164e+00
2.033162355422973633e+00,3.042048215866088867e+00
1.715577602386474609e+00,3.043091058731079102e+00
2.127901077270507812e+00,2.884922742843627930e+00
2.010749816894531250e+00,2.752372741699218750e+00
2.098563671112060547e+00,2.881601572036743164e+00
1.544087171554565430e+00,3.362181186676025391e+00
2.014068365097045898e+00,3.016522169113159180e+00
1.703647732734680176e+00,3.086368799209594727e+00
1.320044398307800293e+00,3.332664728164672852e+00
2.233575344085693359e+00,2.748784780502319336e+00
1.667009234428405762e+00,3.124264001846313477e+00
1.798533558845520020e+00,3.204708337783813477e+00
1.475346326828002930e+00,3.388324737548828125e+00
3.953441619873046875e+00,-2.144871950149536133e+00
4.070994853973388672e+00,-2.259687423706054688e+00
2.548814535140991211e+00,2.485456943511962891e+00
2.302047729492187500e+00,2.762717962265014648e+00
1.519256949424743652e+00,3.334964990615844727e+00
1.430630683898925781e+00,3.313446521759033203e+00
1.519567966461181641e+00,3.362901926040649414e+00
1.697437524795532227e+00,3.288611173629760742e+00
2.559814929962158203e+00,2.354142904281616211e+00
2.656433105468750000e+00,2.426417112350463867e+00
1.603589534759521484e+00,3.245623350143432617e+00
1.575689792633056641e+00,3.307283401489257812e+00
2.079051494598388672e+00,3.027560472488403320e+00
3.525949716567993164e+00,-3.311015605926513672e+00
1.413201212882995605e+00,3.388113498687744141e+00
1.761612653732299805e+00,3.115337133407592773e+00
2.552649497985839844e+00,2.575433015823364258e+00
1.477372169494628906e+00,3.270020484924316406e+00
1.717103242874145508e+00,3.216710805892944336e+00
1.607889890670776367e+00,3.269587993621826172e+00
1.770238637924194336e+00,3.035280466079711914e+00
3.963592529296875000e+00,-2.400291681289672852e+00
2.036260604858398438e+00,2.926202774047851562e+00
2.196203947067260742e+00,2.715997934341430664e+00
1.552707791328430176e+00,3.197671651840209961e+00
1.812934398651123047e+00,3.005979776382446289e+00
2.085637569427490234e+00,2.958612442016601562e+00
3.744595766067504883e+00,-3.047705411911010742e+00
2.013556480407714844e+00,3.063661336898803711e+00
2.111843109130859375e+00,2.824059247970581055e+00
1.575695872306823730e+00,3.173043966293334961e+00
1.605426788330078125e+00,3.121306896209716797e+00
1.494586706161499023e+00,3.334924221038818359e+00
2.303505897521972656e+00,2.793353319168090820e+00
2.269431829452514648e+00,2.817940473556518555e+00
1.776638865470886230e+00,3.092151641845703125e+00
3.276719331741333008e+00,1.512498021125793457e+00
2.160249233245849609e+00,2.795857191085815430e+00
1.987039804458618164e+00,2.997780561447143555e+00
2.472275495529174805e+00,2.553892612457275391e+00
1.830126285552978516e+00,3.123366594314575195e+00
1.634086847305297852e+00,3.260718584060668945e+00
1.523302078247070312e+00,3.430881023406982422e+00
1.571715116500854492e+00,3.354285240173339844e+00
1.668590545654296875e+00,3.080841779708862305e+00
1.950896978378295898e+00,2.934192895889282227e+00
3.972058296203613281e+00,-1.721731662750244141e+00
1.396492004394531250e+00,3.512638807296752930e+00
1.948634028434753418e+00,3.116478919982910156e+00
1.611880660057067871e+00,3.405300855636596680e+00
1.715468049049377441e+00,3.133389472961425781e+00
3.222383499145507812e+00,1.804919242858886719e+00
1.899503231048583984e+00,3.092816352844238281e+00
1.654152154922485352e+00,3.165580511093139648e+00
2.367012500762939453e+00,2.662222623825073242e+00
2.127980947494506836e+00,2.852998733520507812e+00
1.597656250000000000e+00,3.266818761825561523e+00
1.854488372802734375e+00,3.083276748657226562e+00
1.939401745796203613e+00,3.062892675399780273e+00
1.628919243812561035e+00,3.295632123947143555e+00
3.960355758666992188e+00,-1.981126189231872559e+00
3.141792774200439453e+00,-3.877100706100463867e+00
1.412254810333251953e+00,3.281573057174682617e+00
3.704383850097656250e+00,-3.000139951705932617e+00
1.815187215805053711e+00,3.152945756912231445e+00
1.922221422195434570e+00,3.066672086715698242e+00
1.719031810760498047e+00,3.246519565582275391e+00
1.703141450881958008e+00,3.133549928665161133e+00
1.416799783706665039e+00,3.399345636367797852e+00
2.388151645660400391e+00,2.343885421752929688e+00
1.671509265899658203e+00,3.195323705673217773e+00
2.201817035675048828e+00,3.001908540725708008e+00
2.421702384948730469e+00,2.597055673599243164e+00
1.697780609130859375e+00,3.142773628234863281e+00
1.796752810478210449e+00,3.241600751876831055e+00
1.924566745758056641e+00,3.049855470657348633e+00
1.870036244392395020e+00,2.886906385421752930e+00
1.655233263969421387e+00,3.254061937332153320e+00
3.310068607330322266e+00,1.901250004768371582e+00
1.882294654846191406e+00,3.205818891525268555e+00
1.552851676940917969e+00,3.306256771087646484e+00
4.070006847381591797e+00,-1.487167835235595703e+00
1.780833005905151367e+00,3.152486085891723633e+00
1.497625946998596191e+00,3.470389604568481445e+00
2.859783172607421875e+00,2.206422090530395508e+00
1.557464718818664551e+00,3.065215826034545898e+00
2.770516872406005859e+00,2.353159189224243164e+00
2.175344467163085938e+00,2.825694322586059570e+00
2.689914226531982422e+00,2.306058168411254883e+00
1.369525790214538574e+00,3.374700307846069336e+00
3.480007171630859375e+00,-3.340469598770141602e+00
4.178757190704345703e+00,-1.053886175155639648e+00
4.067746162414550781e+00,-8.013443350791931152e-01
2.362523794174194336e+00,2.631808519363403320e+00
1.581537008285522461e+00,3.155909538269042969e+00
1.433541893959045410e+00,3.450268745422363281e+00
1.919588565826416016e+00,3.134664058685302734e+00
1.990046977996826172e+00,3.003021001815795898e+00
3.969834327697753906e+00,-2.011965990066528320e+00
1.896429896354675293e+00,3.193489313125610352e+00
1.316534638404846191e+00,3.489518404006958008e+00
1.929814100265502930e+00,3.133632421493530273e+00
1.581339955329895020e+00,3.233000993728637695e+00
1.508868575096130371e+00,3.325589895248413086e+00
3.785495281219482422e+00,-3.116271018981933594e+00
1.672824263572692871e+00,3.249257087707519531e+00
1.762348055839538574e+00,3.089055538177490234e+00
1.232102632522583008e+00,3.490228414535522461e+00
1.991112470626831055e+00,3.129028558731079102e+00
4.098366737365722656e+00,-4.019044041633605957e-01
2.008285999298095703e+00,2.908194303512573242e+00
1.448377251625061035e+00,3.382467985153198242e+00
1.655300617218017578e+00,3.331129789352416992e+00
1.589629292488098145e+00,3.258531332015991211e+00
2.597848415374755859e+00,2.402041196823120117e+00
1.688846230506896973e+00,3.096671342849731445e+00
2.100772380828857422e+00,2.877114057540893555e+00
1.514373302459716797e+00,3.255647182464599609e+00
1.585772991180419922e+00,3.092492341995239258e+00
1.659740924835205078e+00,3.287935018539428711e+00
2.132393121719360352e+00,2.985610246658325195e+00
1.685015678405761719e+00,3.193394422531127930e+00
1.725089669227600098e+00,3.235204458236694336e+00
1.688605189323425293e+00,3.236021995544433594e+00
1.841465950012207031e+00,3.097236394882202148e+00
2.047628402709960938e+00,2.917193651199340820e+00
1.536306142807006836e+00,3.368069410324096680e+00
3.919462442398071289e+00,-2.471285343170166016e+00
1.748678803443908691e+00,3.136469364166259766e+00
2.224136114120483398e+00,2.572860240936279297e+00
1.398520708084106445e+00,3.156591415405273438e+00
2.394394397735595703e+00,2.799101829528808594e+00
1.458475828170776367e+00,3.240264654159545898e+00
1.322140097618103027e+00,3.241089105606079102e+00
2.092756748199462891e+00,2.883932352066040039e+00
1.844278812408447266e+00,3.246620893478393555e+00
1.610299468040466309e+00,3.348062753677368164e+00
1.669977784156799316e+00,3.188337087631225586e+00
4.036884784698486328e+00,2.916787564754486084e-01
1.844807386398315430e+00,3.192026853561401367e+00
1.429973602294921875e+00,3.400564908981323242e+00
1.416239738464355469e+00,3.498442888259887695e+00
2.066037893295288086e+00,2.757319211959838867e+00
2.367041110992431641e+00,2.684569597244262695e+00
2.873522758483886719e+00,2.193611860275268555e+00
1.562530159950256348e+00,3.105458974838256836e+00
1.831290483474731445e+00,3.262673139572143555e+00
1.854872345924377441e+00,3.168255567550659180e+00
2.657957077026367188e+00,2.526810407638549805e+00
1.635599851608276367e+00,3.381135702133178711e+00
1.402354001998901367e+00,3.532093524932861328e+00
3.635822772979736328e+00,-3.251474380493164062e+00
1.509814739227294922e+00,3.184859514236450195e+00
1.832050204277038574e+00,3.134788274765014648e+00
1.723896026611328125e+00,3.058629989624023438e+00
1.586069941520690918e+00,3.246228933334350586e+00
1.530221223831176758e+00,3.298260927200317383e+00
1.446102380752563477e+00,3.292821884155273438e+00
1.537282228469848633e+00,3.395509958267211914e+00
1.588420271873474121e+00,3.432480096817016602e+00
2.401012897491455078e+00,2.415448427200317383e+00
2.374468803405761719e+00,2.648102045059204102e+00
2.372072219848632812e+00,2.754551172256469727e+00
2.293590307235717773e+00,2.789798021316528320e+00
2.468771457672119141e+00,2.605741262435913086e+00
3.963874340057373047e+00,-2.619183301925659180e+00
1.379161357879638672e+00,3.337347745895385742e+00
2.144490718841552734e+00,2.660996913909912109e+00
2.218140125274658203e+00,2.746974229812622070e+00
2.153045415878295898e+00,2.907004356384277344e+00
1.445566773414611816e+00,3.244836330413818359e+00
1.837437629699707031e+00,3.185767650604248047e+00
1.677396774291992188e+00,3.235106468200683594e+00
1.678637504577636719e+00,3.317108631134033203e+00
3.213672161102294922e+00,-3.694327831268310547e+00
3.325751066207885742e+00,-3.664329528808593750e+00
1.637420177459716797e+00,3.074412584304809570e+00
1.488157510757446289e+00,3.238201856613159180e+00
1.283189058303833008e+00,3.511291265487670898e+00
1.267966985702514648e+00,3.457249641418457031e+00
1.623258590698242188e+00,3.253578901290893555e+00
2.468591690063476562e+00,2.578900575637817383e+00
2.053048610687255859e+00,2.774189472198486328e+00
1.769169449806213379e+00,3.311636686325073242e+00
1.629899621009826660e+00,3.134894847869873047e+00
1.878750085830688477e+00,3.110934495925903320e+00
1.361128330230712891e+00,3.323507308959960938e+00
1.955839872360229492e+00,3.112608671188354492e+00
2.545055389404296875e+00,2.499094963073730469e+00
1.445237159729003906e+00,3.352315664291381836e+00
2.515664577484130859e+00,2.554762601852416992e+00
2.086004495620727539e+00,2.995603799819946289e+00
1.302954435348510742e+00,3.454067945480346680e+00
1.993878364562988281e+00,3.038806200027465820e+00
1.983770847320556641e+00,2.980297803878784180e+00
1.384192228317260742e+00,3.419835567474365234e+00
1.590245485305786133e+00,3.342287063598632812e+00
1.795493006706237793e+00,3.198672294616699219e+00
1.482027649879455566e+00,3.194471836090087891e+00
2.662682533264160156e+00,2.447991132736206055e+00
1.956708908081054688e+00,2.877956867218017578e+00
1.739573001861572266e+00,2.958673238754272461e+00
2.743599414825439453e+00,2.361020326614379883e+00
1.821216464042663574e+00,3.040459632873535156e+00
1.588700056076049805e+00,3.272703886032104492e+00
1.987568855285644531e+00,3.035306692123413086e+00
2.225190162658691406e+00,2.715890169143676758e+00
3.712918043136596680e+00,1.197974324226379395e+00
3.142390727996826172e+00,1.906280517578125000e+00
1.674584865570068359e+00,3.142798185348510742e+00
1.318230152130126953e+00,3.458249807357788086e+00
2.446494102478027344e+00,2.698427915573120117e+00
1.922319173812866211e+00,3.010320901870727539e+00
2.559460639953613281e+00,2.422009468078613281e+00
2.381400346755981445e+00,2.527877569198608398e+00
2.524538993835449219e+00,2.536631822586059570e+00
1.626462459564208984e+00,3.231352567672729492e+00
2.102489471435546875e+00,2.914541006088256836e+00
2.982203006744384766e+00,2.218783855438232422e+00
1.824967026710510254e+00,3.093850851058959961e+00
2.082839488983154297e+00,2.870965242385864258e+00
3.213997125625610352e+00,1.899071693420410156e+00
2.048640012741088867e+00,2.909798622131347656e+00
1.774676799774169922e+00,3.094901323318481445e+00
1.801500201225280762e+00,3.198487758636474609e+00
2.268570661544799805e+00,2.731275796890258789e+00
2.028438329696655273e+00,3.032789945602416992e+00
1.509871244430541992e+00,3.286799669265747070e+00
1.583560228347778320e+00,3.329726934432983398e+00
2.583500385284423828e+00,2.538506746292114258e+00
2.965063810348510742e+00,-3.925105810165405273e+00
1.704261660575866699e+00,3.117971658706665039e+00
2.333458662033081055e+00,2.736440896987915039e+00
1.511923074722290039e+00,3.460016012191772461e+00
1.813167095184326172e+00,3.243840456008911133e+00
2.329265117645263672e+00,2.662515878677368164e+00
2.823842048645019531e+00,2.224614858627319336e+00
2.936333656311035156e+00,2.205400705337524414e+00
1.961813211441040039e+00,3.064531564712524414e+00
4.015085220336914062e+00,2.214437276124954224e-01
1.694555163383483887e+00,3.361426591873168945e+00
1.795477986335754395e+00,3.021143436431884766e+00
1.337133884429931641e+00,3.312711477279663086e+00
2.715347528457641602e+00,2.538017511367797852e+00
1.518357038497924805e+00,3.295509099960327148e+00
1.721354484558105469e+00,3.190960645675659180e+00
4.075251102447509766e+00,-1.163352012634277344e+00
1.490664243698120117e+00,3.194461584091186523e+00
1.763793706893920898e+00,3.104360818862915039e+00
1.788642525672912598e+00,3.067353487014770508e+00
1.717608690261840820e+00,3.300673007965087891e+00
9.336186051368713379e-01,3.650275230407714844e+00
4.090071201324462891e+00,-7.938044071197509766e-01
1.751403808593750000e+00,3.139408111572265625e+00
1.803735971450805664e+00,3.230167627334594727e+00
3.900670289993286133e+00,-2.353158235549926758e+00
3.317082881927490234e+00,1.678501725196838379e+00
2.160623311996459961e+00,2.743953943252563477e+00
2.067898273468017578e+00,2.995692014694213867e+00
1.804873347282409668e+00,3.211664915084838867e+00
1.578750967979431152e+00,3.337279558181762695e+00
2.048048019409179688e+00,2.960299730300903320e+00
1.541940212249755859e+00,3.420334815979003906e+00
1.769396424293518066e+00,3.281979560852050781e+00
1.681432485580444336e+00,3.233388900756835938e+00
2.081385374069213867e+00,2.923719167709350586e+00
1.928997397422790527e+00,3.019893884658813477e+00
1.776809573173522949e+00,3.175268411636352539e+00
2.998333215713500977e+00,1.699916362762451172e+00
1.825564503669738770e+00,3.111828565597534180e+00
2.401250839233398438e+00,2.683359384536743164e+00
1.432523965835571289e+00,3.376085758209228516e+00
2.181804656982421875e+00,3.089855670928955078e+00
2.919444084167480469e+00,2.044248104095458984e+00
1.949841737747192383e+00,2.945105314254760742e+00
1.455078601837158203e+00,3.269821882247924805e+00
1.762748599052429199e+00,3.070318937301635742e+00
1.532510280609130859e+00,3.442451715469360352e+00
1.430959582328796387e+00,3.377577781677246094e+00
2.004898548126220703e+00,2.987927198410034180e+00
1.362993955612182617e+00,3.332360029220581055e+00
1.242800474166870117e+00,3.399690866470336914e+00
1.395704030990600586e+00,3.325421333312988281e+00
1.815139651298522949e+00,3.212661027908325195e+00
2.031957864761352539e+00,2.923834085464477539e+00
3.933151721954345703e+00,-2.261945009231567383e+00
2.044988155364990234e+00,2.829205513000488281e+00
1.497980833053588867e+00,3.373804807662963867e+00
1.700106263160705566e+00,3.171572685241699219e+00
2.145703315734863281e+00,3.056690931320190430e+00
2.157267570495605469e+00,2.862791538238525391e+00
1.598840713500976562e+00,3.227504730224609375e+00
1.786739826202392578e+00,3.123965978622436523e+00
2.279072761535644531e+00,2.729558229446411133e+00
2.243393659591674805e+00,2.765305995941162109e+00
1.406957864761352539e+00,3.400312662124633789e+00
3.406383514404296875e+00,-3.472375869750976562e+00
1.194112300872802734e+00,3.303951978683471680e+00
2.948602437973022461e+00,2.214488506317138672e+00
3.274391412734985352e+00,1.751300573348999023e+00
1.647985696792602539e+00,3.286854505538940430e+00
2.019398689270019531e+00,3.053610563278198242e+00
2.821427822113037109e+00,2.284947633743286133e+00
2.065377235412597656e+00,2.855886459350585938e+00
1.882564306259155273e+00,3.196748495101928711e+00
2.262241840362548828e+00,2.838245868682861328e+00
2.440537452697753906e+00,2.704810380935668945e+00
1.468197107315063477e+00,3.236914634704589844e+00
1.527388811111450195e+00,3.330130100250244141e+00
1.956257462501525879e+00,2.991769075393676758e+00
1.738677740097045898e+00,3.322870492935180664e+00
3.608829021453857422e+00,-3.375185012817382812e+00
1.391075968742370605e+00,3.369826555252075195e+00
1.932884812355041504e+00,3.101960897445678711e+00
1.546645641326904297e+00,3.298680543899536133e+00
1.398117423057556152e+00,3.396552085876464844e+00
2.048430204391479492e+00,3.012930154800415039e+00
1.703274369239807129e+00,3.052956819534301758e+00
1.146514654159545898e+00,3.425289392471313477e+00
4.097198963165283203e+00,-1.919421553611755371e+00
1.629297018051147461e+00,3.220039129257202148e+00
1.444911718368530273e+00,3.363926649093627930e+00
2.992198467254638672e+00,1.993214011192321777e+00
2.152432918548583984e+00,2.812341451644897461e+00
2.013720512390136719e+00,3.111958503723144531e+00
1.824900865554809570e+00,3.142362356185913086e+00
2.615874052047729492e+00,2.469293832778930664e+00
2.257322549819946289e+00,2.677758932113647461e+00
2.681982994079589844e+00,2.391953229904174805e+00
1.495838761329650879e+00,3.430310010910034180e+00
1.579849243164062500e+00,3.414005041122436523e+00
1.543663740158081055e+00,3.321084022521972656e+00
1.862899422645568848e+00,3.114722967147827148e+00
3.842993259429931641e+00,6.915525794029235840e-01
1.500456809997558594e+00,3.351204156875610352e+00
1.684031486511230469e+00,3.181076765060424805e+00
1.660802841186523438e+00,3.231481075286865234e+00
1.766014695167541504e+00,2.992424249649047852e+00
1.655155539512634277e+00,3.187549829483032227e+00
3.024593353271484375e+00,2.119841814041137695e+00
2.280754566192626953e+00,2.643982887268066406e+00
8.836772441864013672e-01,3.570132017135620117e+00
3.908497810363769531e+00,-2.750704765319824219e+00
1.892360806465148926e+00,2.991370677947998047e+00
1.417216062545776367e+00,3.362231492996215820e+00
1.653557419776916504e+00,3.197678804397583008e+00
1.510914921760559082e+00,3.369940996170043945e+00
2.412765502929687500e+00,2.699272871017456055e+00
2.385156869888305664e+00,2.633615970611572266e+00
4.042613506317138672e+00,-1.434666991233825684e+00
1.442366242408752441e+00,3.502562761306762695e+00
1.487166881561279297e+00,3.419221639633178711e+00
1.643477678298950195e+00,3.096629858016967773e+00
2.252701520919799805e+00,2.747619390487670898e+00
1.889781475067138672e+00,3.155832052230834961e+00
1.098981857299804688e+00,3.578242778778076172e+00
1.926359891891479492e+00,2.958657503128051758e+00
1.069109678268432617e+00,3.430933237075805664e+00
2.267022609710693359e+00,2.728297948837280273e+00
2.287151336669921875e+00,2.771095037460327148e+00
2.040677785873413086e+00,3.019287347793579102e+00
2.249899625778198242e+00,2.796117305755615234e+00
2.518324375152587891e+00,2.596757173538208008e+00
4.018661022186279297e+00,2.925300896167755127e-01
1.371319055557250977e+00,3.220039606094360352e+00
1.694572091102600098e+00,3.350167036056518555e+00
1.756164789199829102e+00,3.124525785446166992e+00
2.388561010360717773e+00,2.536396980285644531e+00
1.614893436431884766e+00,3.308026552200317383e+00
2.148855686187744141e+00,2.834818840026855469e+00
1.727499127388000488e+00,3.142618417739868164e+00
1.877009391784667969e+00,3.174010276794433594e+00
2.078091621398925781e+00,2.805586099624633789e+00
1.978281855583190918e+00,3.110699892044067383e+00
1.943935036659240723e+00,3.052393198013305664e+00
1.408468484878540039e+00,3.311650276184082031e+00
1.626867532730102539e+00,3.052468061447143555e+00
1.938005805015563965e+00,2.968929529190063477e+00
2.538094520568847656e+00,2.341676950454711914e+00
1.597088575363159180e+00,3.181250095367431641e+00
2.711166858673095703e+00,2.424513578414916992e+00
3.285887241363525391e+00,1.757953882217407227e+00
2.006305217742919922e+00,2.977184057235717773e+00
1.691562891006469727e+00,3.276821851730346680e+00
1.550363302230834961e+00,3.192426443099975586e+00
1.825245380401611328e+00,3.087188243865966797e+00
1.669232964515686035e+00,3.237836360931396484e+00
3.078574180603027344e+00,2.065232992172241211e+00
1.928721666336059570e+00,3.088867425918579102e+00
3.797205924987792969e+00,-2.879627466201782227e+00
3.355288028717041016e+00,1.489606976509094238e+00
1.687222480773925781e+00,3.346802949905395508e+00
2.040090084075927734e+00,3.005742788314819336e+00
1.196748852729797363e+00,3.329642772674560547e+00
3.544669866561889648e+00,-3.413031339645385742e+00
1.922498822212219238e+00,2.942916154861450195e+00
2.266794443130493164e+00,2.643639802932739258e+00
2.144738674163818359e+00,2.796769857406616211e+00
1.819114446640014648e+00,3.103169679641723633e+00
1.624451398849487305e+00,3.217075347900390625e+00
2.322139263153076172e+00,2.817732095718383789e+00
2.460197448730468750e+00,2.518058300018310547e+00
1.538166999816894531e+00,3.328952074050903320e+00
1.974557161331176758e+00,3.166069507598876953e+00
2.079985141754150391e+00,3.040210485458374023e+00
2.664012670516967773e+00,2.456593275070190430e+00
1.887779951095581055e+00,3.042486429214477539e+00
1.534485816955566406e+00,3.400324583053588867e+00
2.884426593780517578e+00,2.176098585128784180e+00
1.621354103088378906e+00,3.231899023056030273e+00
1.631375670433044434e+00,3.177177667617797852e+00
1.779231190681457520e+00,3.088132381439208984e+00
1.431158781051635742e+00,3.394436359405517578e+00
3.286920547485351562e+00,1.575535535812377930e+00
1.544197797775268555e+00,3.133654356002807617e+00
1.933193445205688477e+00,3.018081426620483398e+00
1.716376900672912598e+00,3.276293516159057617e+00
2.496949672698974609e+00,2.480036973953247070e+00
9.405857324600219727e-01,3.529228687286376953e+00
1.555081129074096680e+00,3.247462987899780273e+00
4.119417667388916016e+00,-1.578896284103393555e+00
1.716656208038330078e+00,3.186247348785400391e+00
3.870451927185058594e+00,-2.536756753921508789e+00
1.860286474227905273e+00,3.069885253906250000e+00
1.895189404487609863e+00,2.990348100662231445e+00
1.516257643699645996e+00,3.372786760330200195e+00
2.288850307464599609e+00,2.751299858093261719e+00
1.598560214042663574e+00,3.377663612365722656e+00
3.372182846069335938e+00,-3.605113983154296875e+00
2.247085094451904297e+00,2.786976575851440430e+00
1.540527462959289551e+00,3.396541118621826172e+00
2.054525375366210938e+00,2.929932355880737305e+00
1.491005301475524902e+00,3.308556556701660156e+00
1.363138198852539062e+00,3.339289903640747070e+00
3.588610649108886719e+00,1.429152011871337891e+00
3.809566974639892578e+00,-3.005996227264404297e+00
1.714207410812377930e+00,3.134743452072143555e+00
1.608487129211425781e+00,3.228078842163085938e+00
3.240230083465576172e+00,-3.727135181427001953e+00
1.644207477569580078e+00,3.365480184555053711e+00
1.498551368713378906e+00,3.330683946609497070e+00
1.271867871284484863e+00,3.390030622482299805e+00
3.887832403182983398e+00,-2.701280593872070312e+00
1.944448947906494141e+00,2.957475900650024414e+00
3.483146905899047852e+00,1.513845205307006836e+00
1.445489168167114258e+00,3.260146379470825195e+00
4.141829013824462891e+00,-5.355727672576904297e-01
3.280049324035644531e+00,-3.829038619995117188e+00
3.369959592819213867e+00,-3.594267129898071289e+00
2.148482322692871094e+00,3.026320695877075195e+00
1.678458929061889648e+00,3.279947519302368164e+00
2.148812055587768555e+00,3.001834630966186523e+00
1.411980032920837402e+00,3.397220611572265625e+00
1.485543012619018555e+00,3.339708089828491211e+00
2.081140041351318359e+00,2.890631198883056641e+00
1.416114687919616699e+00,3.364458322525024414e+00
4.092013835906982422e+00,-8.819282054901123047e-01
2.449839353561401367e+00,2.717089176177978516e+00
1.334420561790466309e+00,3.522312879562377930e+00
1.798833847045898438e+00,3.178159475326538086e+00
1.679095625877380371e+00,3.268845081329345703e+00
3.696764469146728516e+00,-3.036961317062377930e+00
1.696880102157592773e+00,3.226177930831909180e+00
1.792223215103149414e+00,2.973104000091552734e+00
1.855831146240234375e+00,2.988101005554199219e+00
1.713864326477050781e+00,3.230242013931274414e+00
1.640253543853759766e+00,3.104740381240844727e+00
2.041689395904541016e+00,3.015749454498291016e+00
3.034033298492431641e+00,2.067643404006958008e+00
1.929534196853637695e+00,3.168987989425659180e+00
1.776562571525573730e+00,3.107187509536743164e+00
1.590270638465881348e+00,3.136853694915771484e+00
1.559416532516479492e+00,3.205216646194458008e+00
2.411317825317382812e+00,2.750952005386352539e+00
2.266957521438598633e+00,2.777410268783569336e+00
3.931730031967163086e+00,-2.458702802658081055e+00
1.175814390182495117e+00,3.475075960159301758e+00
1.743704557418823242e+00,3.044564247131347656e+00
2.015621185302734375e+00,3.175238370895385742e+00
2.170539379119873047e+00,2.820867776870727539e+00
1.745256423950195312e+00,3.192848443984985352e+00
3.910127639770507812e+00,4.360023438930511475e-01
1.720926523208618164e+00,3.249127149581909180e+00
1.987213134765625000e+00,2.998064756393432617e+00
4.046950340270996094e+00,-2.018284797668457031e+00
1.484332680702209473e+00,3.377991676330566406e+00
2.170771121978759766e+00,2.811630964279174805e+00
2.383116245269775391e+00,2.494744539260864258e+00
4.073116779327392578e+00,-1.554250240325927734e+00
2.140048503875732422e+00,2.823371171951293945e+00
1.561193466186523438e+00,3.267814636230468750e+00
1.613295555114746094e+00,3.244971752166748047e+00
1.758431315422058105e+00,3.289634943008422852e+00
1.957190513610839844e+00,3.028357028961181641e+00
1.317028284072875977e+00,3.503278255462646484e+00
1.720151901245117188e+00,3.215086698532104492e+00
1.451963782310485840e+00,3.130962371826171875e+00
3.095333337783813477e+00,2.121630430221557617e+00
1.723482370376586914e+00,3.072354316711425781e+00
1.553483486175537109e+00,3.284856557846069336e+00
2.018504619598388672e+00,2.824673175811767578e+00
2.222611904144287109e+00,2.646410942077636719e+00
1.548282265663146973e+00,3.384296655654907227e+00
1.433180093765258789e+00,3.498454332351684570e+00
2.220773220062255859e+00,2.784289598464965820e+00
1.787988662719726562e+00,3.257041692733764648e+00
2.051227092742919922e+00,2.977057695388793945e+00
9.374414682388305664e-01,3.545989751815795898e+00
2.231575012207031250e+00,2.732445240020751953e+00
2.100418806076049805e+00,3.025240182876586914e+00
1.669041395187377930e+00,3.132070779800415039e+00
3.052477359771728516e+00,2.215804100036621094e+00
1.971343517303466797e+00,3.103398561477661133e+00
2.345889568328857422e+00,2.899233341217041016e+00
2.553371429443359375e+00,2.351376295089721680e+00
3.963059425354003906e+00,-2.442160367965698242e+00
1.974845528602600098e+00,2.989603281021118164e+00
1.414782404899597168e+00,3.501399755477905273e+00
2.161860942840576172e+00,2.842437744140625000e+00
3.904602289199829102e+00,-2.408213853836059570e+00
1.965540409088134766e+00,3.022413015365600586e+00
2.769769668579101562e+00,2.178418636322021484e+00
1.565272212028503418e+00,3.343327760696411133e+00
2.127628326416015625e+00,2.678062677383422852e+00
4.085393905639648438e+00,-1.561489582061767578e+00
1.487100005149841309e+00,3.248633146286010742e+00
2.420663595199584961e+00,2.646015405654907227e+00
2.754210472106933594e+00,2.207615852355957031e+00
1.964402675628662109e+00,3.198032617568969727e+00
3.116524219512939453e+00,-3.955569982528686523e+00
2.648290634155273438e+00,2.524115085601806641e+00
1.865573763847351074e+00,3.085022211074829102e+00
1.640026926994323730e+00,3.421705961227416992e+00
2.197249412536621094e+00,2.678868055343627930e+00
3.245238780975341797e+00,-3.751786470413208008e+00
1.317963123321533203e+00,3.463999509811401367e+00
2.203503370285034180e+00,2.760065317153930664e+00
1.636788249015808105e+00,3.265175580978393555e+00
1.917749524116516113e+00,2.968815565109252930e+00
4.038120746612548828e+00,-2.123278379440307617e+00
1.459402799606323242e+00,3.300717592239379883e+00
3.985143423080444336e+00,1.663572341203689575e-01
1.536352396011352539e+00,3.189725875854492188e+00
1.504236459732055664e+00,3.263014554977416992e+00
1.657874941825866699e+00,3.250867605209350586e+00
1.443702459335327148e+00,3.466473340988159180e+00
2.206333637237548828e+00,2.853653430938720703e+00
1.192384958267211914e+00,3.421678543090820312e+00
1.369372129440307617e+00,3.372511148452758789e+00
3.575190782546997070e+00,-3.388095617294311523e+00
3.250394821166992188e+00,-3.713334321975708008e+00
2.617388725280761719e+00,2.413397550582885742e+00
1.240797877311706543e+00,3.442980527877807617e+00
2.046235322952270508e+00,3.028597831726074219e+00
2.167151689529418945e+00,2.767726182937622070e+00
1.801253795623779297e+00,3.101355314254760742e+00
2.304473400115966797e+00,2.668452024459838867e+00
1.618059873580932617e+00,3.228771209716796875e+00
3.938987493515014648e+00,-2.312461614608764648e+00
2.076627969741821289e+00,2.786067247390747070e+00
1.762964844703674316e+00,3.147211790084838867e+00
2.085308551788330078e+00,3.059800386428833008e+00
2.541817188262939453e+00,2.503736019134521484e+00
1.734504580497741699e+00,3.117149114608764648e+00
3.940211057662963867e+00,-2.738817453384399414e+00
2.386063337326049805e+00,2.676336050033569336e+00
1.668913364410400391e+00,3.296493053436279297e+00
1.703674077987670898e+00,3.199077606201171875e+00
3.353204250335693359e+00,1.752185583114624023e+00
1.529133677482604980e+00,3.359605312347412109e+00
1.513284325599670410e+00,3.528954982757568359e+00
1.338006496429443359e+00,3.392863988876342773e+00
2.028107643127441406e+00,3.046174526214599609e+00
2.163489818572998047e+00,2.883662462234497070e+00
2.706830024719238281e+00,2.567227125167846680e+00
1.611987352371215820e+00,3.362914562225341797e+00
1.722254395484924316e+00,3.235694885253906250e+00
3.123440742492675781e+00,-3.846557378768920898e+00
3.658936738967895508e+00,-3.111082077026367188e+00
1.449534296989440918e+00,3.470795154571533203e+00
2.003126621246337891e+00,2.873861074447631836e+00
1.722841143608093262e+00,3.213523149490356445e+00
1.734844684600830078e+00,3.118329286575317383e+00
2.314972400665283203e+00,2.869522809982299805e+00
1.802376270294189453e+00,3.156354427337646484e+00
3.855380535125732422e+00,-2.797256708145141602e+00
2.472607851028442383e+00,2.637864351272583008e+00
2.135451316833496094e+00,2.959015846252441406e+00
3.527035474777221680e+00,-3.367512226104736328e+00
1.432510852813720703e+00,3.153610944747924805e+00
2.346808195114135742e+00,2.702475786209106445e+00
3.373217821121215820e+00,1.399899959564208984e+00
2.832354784011840820e+00,2.242531061172485352e+00
2.945947408676147461e+00,2.201053857803344727e+00
1.559093713760375977e+00,3.266285657882690430e+00
2.557272911071777344e+00,2.459249734878540039e+00
1.609494328498840332e+00,3.388835906982421875e+00
1.853989601135253906e+00,3.159283399581909180e+00
3.676053762435913086e+00,-3.227694749832153320e+00
1.885984301567077637e+00,2.863832950592041016e+00
3.648050546646118164e+00,-3.099723577499389648e+00
2.556565284729003906e+00,2.648119449615478516e+00
2.519347429275512695e+00,2.492710590362548828e+00
1.781883955001831055e+00,3.337420225143432617e+00
1.464653253555297852e+00,3.292132139205932617e+00
2.341752052307128906e+00,2.741599321365356445e+00
3.392863273620605469e+00,-3.599761724472045898e+00
1.447112798690795898e+00,3.321817636489868164e+00
1.839756488800048828e+00,3.046252489089965820e+00
2.758576869964599609e+00,2.188293695449829102e+00
1.542335987091064453e+00,3.280805826187133789e+00
1.681446909904479980e+00,3.219376087188720703e+00
2.158840417861938477e+00,2.792552709579467773e+00
2.176343917846679688e+00,2.846334695816040039e+00
2.813531398773193359e+00,2.246619462966918945e+00
1.626502037048339844e+00,3.292340993881225586e+00
1.666396379470825195e+00,3.201972961425781250e+00
1.513796210289001465e+00,3.393171072006225586e+00
1.951444625854492188e+00,3.062533378601074219e+00
1.807055234909057617e+00,3.137005090713500977e+00
1.646961450576782227e+00,3.030723810195922852e+00
2.403573989868164062e+00,2.839905023574829102e+00
1.539689660072326660e+00,3.357187271118164062e+00
2.197736263275146484e+00,2.842882871627807617e+00
1.603205800056457520e+00,3.315918684005737305e+00
2.757958173751831055e+00,2.157209634780883789e+00
2.250185012817382812e+00,2.913391351699829102e+00
1.978033542633056641e+00,3.066633701324462891e+00
1.775684833526611328e+00,3.117586851119995117e+00
3.288396358489990234e+00,-3.772878885269165039e+00
2.110620975494384766e+00,2.767417430877685547e+00
1.969795346260070801e+00,2.995735883712768555e+00
3.008714914321899414e+00,2.181342840194702148e+00
1.358511686325073242e+00,3.432309389114379883e+00
2.091030597686767578e+00,3.085065603256225586e+00
2.559780359268188477e+00,2.480327844619750977e+00
1.995223164558410645e+00,2.903010845184326172e+00
3.262574911117553711e+00,1.803325176239013672e+00
1.801679849624633789e+00,3.109140872955322266e+00
1.739389181137084961e+00,3.194464445114135742e+00
1.263397932052612305e+00,3.351732492446899414e+00
1.480099916458129883e+00,3.419073820114135742e+00
2.146696090698242188e+00,2.837006807327270508e+00
1.460154294967651367e+00,3.364381074905395508e+00
1.576846599578857422e+00,3.291994810104370117e+00
1.776577115058898926e+00,3.206340551376342773e+00
2.361951828002929688e+00,2.873202085494995117e+00
1.961180090904235840e+00,2.999315977096557617e+00
2.662826061248779297e+00,2.442117452621459961e+00
3.939601898193359375e+00,-2.284681081771850586e+00
2.244505167007446289e+00,2.868504285812377930e+00
4.158081531524658203e+00,-9.013813138008117676e-01
2.393329143524169922e+00,2.594966888427734375e+00
1.881458044052124023e+00,3.101461172103881836e+00
1.848073720932006836e+00,3.196309566497802734e+00
1.988204240798950195e+00,3.101548433303833008e+00
1.549605131149291992e+00,3.369913339614868164e+00
1.627383351325988770e+00,3.331909656524658203e+00
2.751537799835205078e+00,2.385241508483886719e+00
1.909292221069335938e+00,2.902593135833740234e+00
2.140381336212158203e+00,2.937330245971679688e+00
2.019372940063476562e+00,3.184065103530883789e+00
1.442902565002441406e+00,3.306165218353271484e+00
1.692027330398559570e+00,3.262353658676147461e+00
2.118294715881347656e+00,2.864042520523071289e+00
1.640532135963439941e+00,3.198759317398071289e+00
1.358074665069580078e+00,3.389004945755004883e+00
1.891007184982299805e+00,3.049069166183471680e+00
3.804659843444824219e+00,-2.808254003524780273e+00
1.217751741409301758e+00,3.337500572204589844e+00
1.507409334182739258e+00,3.372114419937133789e+00
1.849870920181274414e+00,3.070344686508178711e+00
1.703350663185119629e+00,3.285572290420532227e+00
1.548067808151245117e+00,3.189004659652709961e+00
1.576210498809814453e+00,3.307897567749023438e+00
3.458177804946899414e+00,-3.472469806671142578e+00
1.342004776000976562e+00,3.370165586471557617e+00
1.861145973205566406e+00,3.234975814819335938e+00
3.640662670135498047e+00,-3.272941112518310547e+00
2.047045230865478516e+00,2.887760639190673828e+00
1.547037124633789062e+00,3.354304552078247070e+00
1.947426080703735352e+00,3.118203639984130859e+00
1.734730243682861328e+00,3.239683628082275391e+00
1.945898056030273438e+00,3.102653264999389648e+00
1.447286844253540039e+00,3.287876844406127930e+00
2.826987266540527344e+00,2.344019651412963867e+00
2.093983888626098633e+00,3.035528898239135742e+00
2.411551713943481445e+00,2.531400918960571289e+00
2.256459951400756836e+00,2.867678642272949219e+00
1.396821379661560059e+00,3.353697061538696289e+00
2.627294301986694336e+00,2.470388412475585938e+00
1.919182896614074707e+00,3.166064739227294922e+00
4.064312458038330078e+00,-6.650028824806213379e-01
1.374387621879577637e+00,3.495783567428588867e+00
1.960357189178466797e+00,3.138697862625122070e+00
2.156537532806396484e+00,2.882087707519531250e+00
1.565196275711059570e+00,3.184078454971313477e+00
3.314141273498535156e+00,-3.591582298278808594e+00
2.074961185455322266e+00,3.012734651565551758e+00
2.162920951843261719e+00,2.919214963912963867e+00
2.524861812591552734e+00,2.562897443771362305e+00
2.144115686416625977e+00,2.826330661773681641e+00
2.241623640060424805e+00,2.750540971755981445e+00
1.620022535324096680e+00,3.219062566757202148e+00
1.433466196060180664e+00,3.209177255630493164e+00
2.616534948348999023e+00,2.357771635055541992e+00
3.758017539978027344e+00,-3.066513776779174805e+00
2.245046615600585938e+00,2.846095561981201172e+00
1.948700308799743652e+00,2.961065530776977539e+00
1.619896292686462402e+00,2.852740049362182617e+00
1.586547613143920898e+00,3.333197355270385742e+00
1.726880550384521484e+00,3.282947301864624023e+00
2.144474983215332031e+00,3.100199937820434570e+00
1.831301450729370117e+00,3.286126852035522461e+00
1.451024413108825684e+00,3.338051319122314453e+00
1.147278904914855957e+00,3.640181779861450195e+00
2.438202619552612305e+00,2.547931909561157227e+00
3.403525590896606445e+00,-3.476185560226440430e+00
1.958532810211181641e+00,3.046632528305053711e+00
1.726010560989379883e+00,3.245906352996826172e+00
1.866977095603942871e+00,3.202574491500854492e+00
1.921040654182434082e+00,3.096093654632568359e+00
1.638171911239624023e+00,3.268663644790649414e+00
2.184992313385009766e+00,2.751398324966430664e+00
1.756061911582946777e+00,3.083677530288696289e+00
1.529457926750183105e+00,3.209805727005004883e+00
2.481103420257568359e+00,2.656999826431274414e+00
2.151982307434082031e+00,2.742756605148315430e+00
2.085980415344238281e+00,2.843277931213378906e+00
2.571325302124023438e+00,2.550324678421020508e+00
2.050878763198852539e+00,2.992306947708129883e+00
2.100052118301391602e+00,3.033060312271118164e+00
3.967596054077148438e+00,-2.769897222518920898e+00
3.097795963287353516e+00,-3.884949922561645508e+00
1.694254755973815918e+00,3.235193967819213867e+00
4.092139244079589844e+00,-1.795984148979187012e+00
1.604369521141052246e+00,3.265314340591430664e+00
2.093974113464355469e+00,3.113697767257690430e+00
3.821068763732910156e+00,-2.591938018798828125e+00
2.118916988372802734e+00,2.841851472854614258e+00
2.958282470703125000e+00,2.169767141342163086e+00
2.137030839920043945e+00,2.950962543487548828e+00
1.878662824630737305e+00,2.972555875778198242e+00
2.684438228607177734e+00,2.359319448471069336e+00
1.664499282836914062e+00,3.246016263961791992e+00
1.970985770225524902e+00,3.161452531814575195e+00
3.035163402557373047e+00,2.066962480545043945e+00
1.287141919136047363e+00,3.445602178573608398e+00
1.808971285820007324e+00,3.245928049087524414e+00
1.761557817459106445e+00,3.109874010086059570e+00
1.726433277130126953e+00,3.195446252822875977e+00
1.642784714698791504e+00,3.245537042617797852e+00
1.279516935348510742e+00,3.385134935379028320e+00
2.007734298706054688e+00,3.058993339538574219e+00
2.138130426406860352e+00,2.993604898452758789e+00
1.844633817672729492e+00,3.140184402465820312e+00
1.997354507446289062e+00,3.091094255447387695e+00
1.732051610946655273e+00,3.103460073471069336e+00
1.985534071922302246e+00,3.090969562530517578e+00
1.579305052757263184e+00,3.361171722412109375e+00
1.462662935256958008e+00,3.278011083602905273e+00
1.623268127441406250e+00,3.187620878219604492e+00
2.484950065612792969e+00,2.433493375778198242e+00
1.435261487960815430e+00,3.205054044723510742e+00
1.683073282241821289e+00,3.119425058364868164e+00
1.687325239181518555e+00,3.149483442306518555e+00
2.394089460372924805e+00,2.613804101943969727e+00
2.435517787933349609e+00,2.603162288665771484e+00
1.597554087638854980e+00,3.194232463836669922e+00
1.633967757225036621e+00,3.128607988357543945e+00
1.932090044021606445e+00,3.093670606613159180e+00
1.800194263458251953e+00,3.156888961791992188e+00
1.468048572540283203e+00,3.356284141540527344e+00
1.524998068809509277e+00,3.327970266342163086e+00
1.861187100410461426e+00,3.185754299163818359e+00
1.612494945526123047e+00,3.122605562210083008e+00
1.959376811981201172e+00,3.148570775985717773e+00
1.241918206214904785e+00,3.475241422653198242e+00
1.833752751350402832e+00,2.992104053497314453e+00
1.616653561592102051e+00,3.205513238906860352e+00
1.779005646705627441e+00,3.170537710189819336e+00
1.929186224937438965e+00,3.067207336425781250e+00
2.395558834075927734e+00,2.683358907699584961e+00
2.599929809570312500e+00,2.475030660629272461e+00
1.338501214981079102e+00,3.377072095870971680e+00
1.615144133567810059e+00,3.126550912857055664e+00
1.991253852844238281e+00,3.090507984161376953e+00
4.214692592620849609e+00,-7.581767439842224121e-01
1.522226452827453613e+00,3.223102331161499023e+00
1.552257061004638672e+00,3.494184494018554688e+00
2.013792037963867188e+00,2.945883512496948242e+00
1.619066953659057617e+00,3.323075056076049805e+00
3.647335052490234375e+00,1.239180207252502441e+00
1.698956727981567383e+00,3.296682596206665039e+00
1.591145396232604980e+00,3.266965150833129883e+00
1.560167670249938965e+00,3.138071775436401367e+00
1.594762921333312988e+00,3.354760408401489258e+00
2.275747299194335938e+00,2.771439790725708008e+00
2.393951416015625000e+00,2.692900419235229492e+00
2.177587270736694336e+00,2.820029735565185547e+00
2.284921169281005859e+00,2.775243520736694336e+00
3.294345140457153320e+00,1.707675933837890625e+00
1.957246184349060059e+00,2.829038858413696289e+00
1.678610324859619141e+00,3.298658370971679688e+00
2.452889204025268555e+00,2.582698583602905273e+00
1.589495420455932617e+00,3.208340883255004883e+00
1.823324084281921387e+00,2.923454046249389648e+00
3.475068569183349609e+00,-3.538497686386108398e+00
2.554848194122314453e+00,2.463204622268676758e+00
2.069698333740234375e+00,2.816103696823120117e+00
1.412323594093322754e+00,3.315300941467285156e+00
1.852023363113403320e+00,3.088573217391967773e+00
3.941810131072998047e+00,-2.368355512619018555e+00
2.248402357101440430e+00,2.711035966873168945e+00
1.934313893318176270e+00,3.099560022354125977e+00
2.066053152084350586e+00,2.759926080703735352e+00
2.805128812789916992e+00,2.315275430679321289e+00
1.982117056846618652e+00,2.816731691360473633e+00
1.475679636001586914e+00,3.375529766082763672e+00
1.724035978317260742e+00,3.245823144912719727e+00
3.725153446197509766e+00,-3.179419040679931641e+00
1.714586615562438965e+00,3.257153511047363281e+00
2.544126987457275391e+00,2.391921520233154297e+00
2.154684066772460938e+00,2.982374906539916992e+00
3.621678829193115234e+00,-3.299276590347290039e+00
2.153317928314208984e+00,2.816914081573486328e+00
1.686787843704223633e+00,3.154554843902587891e+00
1.981183290481567383e+00,2.918712377548217773e+00
1.497070312500000000e+00,3.297743082046508789e+00
1.528979539871215820e+00,3.032986879348754883e+00
1.541160106658935547e+00,3.124080896377563477e+00
1.370092153549194336e+00,3.532207727432250977e+00
1.405572891235351562e+00,3.423333883285522461e+00
1.909712553024291992e+00,3.130336046218872070e+00
1.955320477485656738e+00,2.995277881622314453e+00
3.940608501434326172e+00,4.500121772289276123e-01
1.740408897399902344e+00,3.243418455123901367e+00
1.880499839782714844e+00,3.171958684921264648e+00
2.149937152862548828e+00,2.885364770889282227e+00
2.015351772308349609e+00,3.008726358413696289e+00
2.370773315429687500e+00,2.752386331558227539e+00
2.260567188262939453e+00,2.871701478958129883e+00
9.498405456542968750e-01,3.504186868667602539e+00
1.700587749481201172e+00,2.977176427841186523e+00
1.794103741645812988e+00,3.253635644912719727e+00
1.453764796257019043e+00,3.372220754623413086e+00
1.817441821098327637e+00,3.048152208328247070e+00
1.843925237655639648e+00,3.005431890487670898e+00
3.074036121368408203e+00,1.975617170333862305e+00
3.140959739685058594e+00,-3.909916162490844727e+00
1.404192686080932617e+00,3.360765218734741211e+00
3.121572256088256836e+00,-3.938719511032104492e+00
2.457967519760131836e+00,2.615504503250122070e+00
1.882402300834655762e+00,3.237808227539062500e+00
1.659461736679077148e+00,3.276685237884521484e+00
1.669289827346801758e+00,3.169155597686767578e+00
1.687318325042724609e+00,3.217443704605102539e+00
1.715925216674804688e+00,2.902765035629272461e+00
1.843297719955444336e+00,3.054034948348999023e+00
1.425354957580566406e+00,3.397914171218872070e+00
2.015987873077392578e+00,2.969543457031250000e+00
3.617970228195190430e+00,-3.385214328765869141e+00
1.669260025024414062e+00,3.304896116256713867e+00
3.547384500503540039e+00,-3.370809555053710938e+00
1.343856453895568848e+00,3.359574556350708008e+00
1.413778901100158691e+00,3.383623600006103516e+00
1.744563221931457520e+00,3.223837852478027344e+00
2.803761243820190430e+00,2.293814420700073242e+00
2.361570358276367188e+00,2.880051136016845703e+00
1.519103050231933594e+00,3.368729352951049805e+00
1.623344421386718750e+00,3.267673969268798828e+00
4.132497310638427734e+00,-1.729748725891113281e+00
1.591856479644775391e+00,3.219877004623413086e+00
2.167145967483520508e+00,2.719592809677124023e+00
1.903631806373596191e+00,3.050521850585937500e+00
1.732778549194335938e+00,3.204898118972778320e+00
2.153428554534912109e+00,2.793306827545166016e+00
1.753818750381469727e+00,3.232160091400146484e+00
1.936632633209228516e+00,3.141105413436889648e+00
3.723705291748046875e+00,-3.125207662582397461e+00
1.589963912963867188e+00,3.346252918243408203e+00
2.374346733093261719e+00,2.737354040145874023e+00
1.608296394348144531e+00,3.311265707015991211e+00
1.332259654998779297e+00,3.450686216354370117e+00
1.557647228240966797e+00,3.224735498428344727e+00
2.302313327789306641e+00,2.676797628402709961e+00
1.529770374298095703e+00,3.139604330062866211e+00
2.336060047149658203e+00,2.648942708969116211e+00
1.730131387710571289e+00,3.206486940383911133e+00
1.971138238906860352e+00,3.011970281600952148e+00
1.484290003776550293e+00,3.195050001144409180e+00
1.526515007019042969e+00,3.296046495437622070e+00
1.504012107849121094e+00,3.233285665512084961e+00
1.612159729003906250e+00,3.175796747207641602e+00
2.031394958496093750e+00,2.995205163955688477e+00
2.243470668792724609e+00,2.789633512496948242e+00
1.412491083145141602e+00,3.399457931518554688e+00
3.844810247421264648e+00,8.089074492454528809e-01
1.586017966270446777e+00,3.292782068252563477e+00
2.407909393310546875e+00,2.703294515609741211e+00
1.256214141845703125e+00,3.437080621719360352e+00
4.082720279693603516e+00,-2.168294042348861694e-01
1.461560010910034180e+00,3.242841243743896484e+00
1.956329584121704102e+00,3.095941543579101562e+00
1.720011234283447266e+00,3.020346641540527344e+00
1.148738622665405273e+00,3.418232440948486328e+00
3.498551368713378906e+00,1.306195735931396484e+00
3.152255058288574219e+00,1.916178941726684570e+00
1.491582989692687988e+00,3.366810083389282227e+00
1.804005384445190430e+00,3.175599813461303711e+00
1.592838168144226074e+00,3.285820722579956055e+00
1.946821928024291992e+00,3.078411817550659180e+00
1.462271213531494141e+00,3.386342287063598633e+00
1.689780831336975098e+00,3.150319814682006836e+00
1.516382575035095215e+00,3.323661088943481445e+00
2.316771268844604492e+00,2.760064363479614258e+00
1.241209030151367188e+00,3.351545095443725586e+00
2.379628896713256836e+00,2.579689025878906250e+00
1.986741900444030762e+00,3.122123956680297852e+00
2.014634132385253906e+00,2.920487642288208008e+00
1.862606763839721680e+00,3.104729890823364258e+00
3.557026386260986328e+00,-3.345155000686645508e+00
3.768225193023681641e+00,1.023884773254394531e+00
1.442920684814453125e+00,3.459131002426147461e+00
2.132401943206787109e+00,2.808226823806762695e+00
1.406853199005126953e+00,3.277758359909057617e+00
1.516564369201660156e+00,3.384690999984741211e+00
2.816449880599975586e+00,2.272355318069458008e+00
4.014691829681396484e+00,-2.337969779968261719e+00
2.271687030792236328e+00,2.708099365234375000e+00
1.612231016159057617e+00,3.180654525756835938e+00
1.573495745658874512e+00,3.303944349288940430e+00
2.225672960281372070e+00,2.897530317306518555e+00
2.346430778503417969e+00,2.704260349273681641e+00
1.697594404220581055e+00,3.066352128982543945e+00
1.774302721023559570e+00,3.213507652282714844e+00
1.699979424476623535e+00,3.205226898193359375e+00
1.677495718002319336e+00,3.273906469345092773e+00
1.675433874130249023e+00,3.062905311584472656e+00
2.277648448944091797e+00,2.540987253189086914e+00
1.838582515716552734e+00,3.040777921676635742e+00
1.617042303085327148e+00,3.126660585403442383e+00
1.708723306655883789e+00,3.262058019638061523e+00
2.742156028747558594e+00,2.284979343414306641e+00
2.444369077682495117e+00,2.610336065292358398e+00
2.044018983840942383e+00,2.994408369064331055e+00
1.555233478546142578e+00,3.373371362686157227e+00
2.061052560806274414e+00,3.000634908676147461e+00
1.877672314643859863e+00,3.256552219390869141e+00
4.006736278533935547e+00,-2.055339097976684570e+00
1.377225875854492188e+00,3.401378870010375977e+00
2.146337985992431641e+00,2.868332147598266602e+00
1.610751152038574219e+00,3.351980447769165039e+00
1.641198277473449707e+00,3.311284303665161133e+00
3.074056863784790039e+00,2.048086404800415039e+00
3.359867334365844727e+00,-3.634630441665649414e+00
3.514566421508789062e+00,-3.400687217712402344e+00
1.703829288482666016e+00,3.211771965026855469e+00
3.580324888229370117e+00,1.367444038391113281e+00
3.644466638565063477e+00,1.139881014823913574e+00
1.656606197357177734e+00,3.001602411270141602e+00
3.844078063964843750e+00,6.939249038696289062e-01
2.607395648956298828e+00,2.478746414184570312e+00
3.419291734695434570e+00,-3.560586690902709961e+00
1.598270535469055176e+00,3.281311035156250000e+00
3.365566253662109375e+00,-3.428661108016967773e+00
1.671235442161560059e+00,3.246052980422973633e+00
2.055238246917724609e+00,3.028797388076782227e+00
1.840604543685913086e+00,3.126765012741088867e+00
1.462003707885742188e+00,3.388854742050170898e+00
1.797517895698547363e+00,3.063944339752197266e+00
2.752511501312255859e+00,2.144675016403198242e+00
1.485485553741455078e+00,3.129940271377563477e+00
3.356516361236572266e+00,1.529660701751708984e+00
1.666641354560852051e+00,3.197664022445678711e+00
1.535254955291748047e+00,3.294546365737915039e+00
1.698653101921081543e+00,3.210749626159667969e+00
2.236345767974853516e+00,2.829899549484252930e+00
1.487661838531494141e+00,3.419713735580444336e+00
1.401196837425231934e+00,3.417299270629882812e+00
3.505391120910644531e+00,-3.311672925949096680e+00
1.945206642150878906e+00,2.952542304992675781e+00
1.843041419982910156e+00,3.121273279190063477e+00
2.239372730255126953e+00,2.675868749618530273e+00
2.051743984222412109e+00,3.117307186126708984e+00
1.477472186088562012e+00,3.357877969741821289e+00
1.655511736869812012e+00,3.303773164749145508e+00
2.181986808776855469e+00,2.676196575164794922e+00
1.833833932876586914e+00,3.050527811050415039e+00
3.859035491943359375e+00,-2.643692255020141602e+00
1.459908962249755859e+00,3.316782712936401367e+00
3.397538185119628906e+00,-3.525639295578002930e+00
2.302555561065673828e+00,2.559403657913208008e+00
1.815909624099731445e+00,3.044453859329223633e+00
1.340814352035522461e+00,3.477738380432128906e+00
1.601526737213134766e+00,3.152116537094116211e+00
1.712642431259155273e+00,3.137904882431030273e+00
1.655878186225891113e+00,3.127880334854125977e+00
1.782642960548400879e+00,3.336250543594360352e+00
1.607512116432189941e+00,3.106413602828979492e+00
2.003530979156494141e+00,2.954820871353149414e+00
2.280877590179443359e+00,2.736882448196411133e+00
1.579200029373168945e+00,3.154254436492919922e+00
1.489315271377563477e+00,3.269358634948730469e+00
1.363378286361694336e+00,3.334355592727661133e+00
1.633071660995483398e+00,3.257173776626586914e+00
2.062353372573852539e+00,2.845008611679077148e+00
1.859273910522460938e+00,3.093663692474365234e+00
2.036396980285644531e+00,2.886964321136474609e+00
1.232236385345458984e+00,3.443867444992065430e+00
2.450721740722656250e+00,2.551186800003051758e+00
1.678171873092651367e+00,3.283557176589965820e+00
2.111000537872314453e+00,2.845578670501708984e+00
1.867847084999084473e+00,3.051259756088256836e+00
1.775781989097595215e+00,3.144846677780151367e+00
1.477781057357788086e+00,3.366559028625488281e+00
4.078097820281982422e+00,-1.589842081069946289e+00
1.621510267257690430e+00,3.384478807449340820e+00
4.120968818664550781e+00,-1.744361162185668945e+00
1.648944616317749023e+00,3.143472909927368164e+00
1.690358877182006836e+00,3.247472763061523438e+00
1.523909807205200195e+00,3.229405879974365234e+00
1.192273497581481934e+00,3.431959152221679688e+00
1.602884411811828613e+00,3.317664623260498047e+00
1.669792652130126953e+00,3.215394258499145508e+00
1.646317481994628906e+00,3.310629129409790039e+00
1.529681444168090820e+00,3.203375339508056641e+00
1.989456057548522949e+00,2.935109853744506836e+00
1.766340732574462891e+00,3.089825868606567383e+00
1.647724390029907227e+00,3.105804443359375000e+00
1.150128602981567383e+00,3.552360296249389648e+00
3.252101421356201172e+00,-3.783812761306762695e+00
1.477558732032775879e+00,3.284353494644165039e+00
1.635501623153686523e+00,3.260537385940551758e+00
1.776914834976196289e+00,3.175730228424072266e+00
3.751618385314941406e+00,-3.170417547225952148e+00
3.105872392654418945e+00,-3.832423686981201172e+00
2.259960889816284180e+00,2.812318563461303711e+00
1.472063064575195312e+00,3.496861696243286133e+00
1.569536805152893066e+00,3.202369451522827148e+00
1.479865312576293945e+00,3.317342519760131836e+00
2.590749263763427734e+00,2.524883270263671875e+00
2.021312236785888672e+00,2.916388988494873047e+00
1.609790921211242676e+00,3.140792608261108398e+00
1.742515087127685547e+00,3.135992288589477539e+00
1.895121216773986816e+00,3.084009885787963867e+00
1.635962605476379395e+00,3.225874185562133789e+00
2.665394783020019531e+00,-4.078263759613037109e+00
2.225007534027099609e+00,2.371967077255249023e+00
1.746408700942993164e+00,3.228219747543334961e+00
2.244896411895751953e+00,2.953495264053344727e+00
1.747303009033203125e+00,3.310142517089843750e+00
3.204336166381835938e+00,1.844823360443115234e+00
1.604106187820434570e+00,3.260564804077148438e+00
1.585930109024047852e+00,3.302014589309692383e+00
1.344148039817810059e+00,3.454939603805541992e+00
2.248220443725585938e+00,2.666439294815063477e+00
1.488291025161743164e+00,3.192317247390747070e+00
4.177092075347900391e+00,-5.412217974662780762e-01
2.549165725708007812e+00,2.451613426208496094e+00
3.617147922515869141e+00,-3.282379865646362305e+00
1.600921273231506348e+00,3.216070413589477539e+00
2.411528348922729492e+00,2.800994396209716797e+00
1.238839983940124512e+00,3.305740118026733398e+00
1.482658863067626953e+00,3.307389974594116211e+00
3.631778478622436523e+00,1.086305737495422363e+00
1.616552591323852539e+00,3.363874912261962891e+00
1.721462249755859375e+00,3.161493062973022461e+00
1.817922711372375488e+00,3.063378810882568359e+00
1.704657793045043945e+00,3.047018051147460938e+00
1.934676289558410645e+00,3.142555475234985352e+00
2.893093824386596680e+00,2.112018108367919922e+00
3.293394804000854492e+00,-3.590779066085815430e+00
1.832141637802124023e+00,3.051577568054199219e+00
1.362259030342102051e+00,3.500138998031616211e+00
1.521695375442504883e+00,3.286694288253784180e+00
1.424865484237670898e+00,3.449933767318725586e+00
1.543705224990844727e+00,3.281927824020385742e+00
1.907340645790100098e+00,2.894254207611083984e+00
2.922166824340820312e+00,2.231258630752563477e+00
1.987370133399963379e+00,3.023697853088378906e+00
1.606142044067382812e+00,3.237708091735839844e+00
1.517474174499511719e+00,3.326944828033447266e+00
1.758558154106140137e+00,3.094505071640014648e+00
2.232476711273193359e+00,2.804363250732421875e+00
1.467003583908081055e+00,3.278757572174072266e+00
1.723840832710266113e+00,3.321861267089843750e+00
2.083415031433105469e+00,2.889576911926269531e+00
2.931476116180419922e+00,2.077357530593872070e+00
2.220921993255615234e+00,2.929587364196777344e+00
1.920598387718200684e+00,3.109264135360717773e+00
1.414941668510437012e+00,3.248977661132812500e+00
3.313651561737060547e+00,1.754309654235839844e+00
3.652467250823974609e+00,-3.116933584213256836e+00
3.814253330230712891e+00,-2.977230310440063477e+00
1.864829421043395996e+00,3.119687795639038086e+00
2.162137985229492188e+00,2.852036237716674805e+00
3.377739906311035156e+00,-3.384909152984619141e+00
1.562458634376525879e+00,3.279521226882934570e+00
9.334008097648620605e-01,3.306910037994384766e+00
3.744803905487060547e+00,-3.177102088928222656e+00
1.819321155548095703e+00,3.128859758377075195e+00
1.319322705268859863e+00,3.374045372009277344e+00
1.601108312606811523e+00,3.101224422454833984e+00
1.553225755691528320e+00,3.299424409866333008e+00
4.030469894409179688e+00,-1.917767286300659180e+00
1.625027537345886230e+00,3.157594919204711914e+00
2.982148170471191406e+00,-3.923019647598266602e+00
1.688116312026977539e+00,3.294146299362182617e+00
4.240971088409423828e+00,-9.445627331733703613e-01
2.340597152709960938e+00,2.503322124481201172e+00
1.476015567779541016e+00,3.260196924209594727e+00
4.057902812957763672e+00,-1.354076385498046875e+00
1.583811998367309570e+00,3.232084751129150391e+00
1.436387538909912109e+00,3.515779972076416016e+00
3.603250026702880859e+00,-3.267508745193481445e+00
1.556474924087524414e+00,3.109086036682128906e+00
2.177449941635131836e+00,2.795515775680541992e+00
1.632466316223144531e+00,3.342531919479370117e+00
1.822521805763244629e+00,3.024449110031127930e+00
1.835817694664001465e+00,3.230178117752075195e+00
1.925289869308471680e+00,3.090397596359252930e+00
1.316582322120666504e+00,3.304371833801269531e+00
1.403784275054931641e+00,3.376638650894165039e+00
3.590587139129638672e+00,-3.403465509414672852e+00
1.666928291320800781e+00,3.289591073989868164e+00
2.235120296478271484e+00,2.691319704055786133e+00
2.120926141738891602e+00,3.094343423843383789e+00
3.227199554443359375e+00,1.864651203155517578e+00
2.098381280899047852e+00,3.008955240249633789e+00
1.770355463027954102e+00,3.031750440597534180e+00
1.496595859527587891e+00,3.396379709243774414e+00
3.508697748184204102e+00,1.243086695671081543e+00
1.879214644432067871e+00,3.070547342300415039e+00
1.969015121459960938e+00,2.935229778289794922e+00
2.095409393310546875e+00,3.062862157821655273e+00
2.109745740890502930e+00,2.705365180969238281e+00
3.093008041381835938e+00,2.089331150054931641e+00
1.334522724151611328e+00,3.345586538314819336e+00
1.626961708068847656e+00,3.205689668655395508e+00
4.088670253753662109e+00,-1.650035262107849121e+00
2.088388204574584961e+00,2.965104341506958008e+00
1.500120639801025391e+00,3.372478723526000977e+00
1.915751934051513672e+00,2.950395822525024414e+00
1.397097349166870117e+00,3.341312170028686523e+00
4.250562191009521484e+00,-9.167584776878356934e-01
2.248442649841308594e+00,2.876152992248535156e+00
1.685000419616699219e+00,3.267169952392578125e+00
1.373371243476867676e+00,3.452331542968750000e+00
2.096509933471679688e+00,2.858410358428955078e+00
2.794972658157348633e+00,2.339623212814331055e+00
1.690566778182983398e+00,3.236672163009643555e+00
1.656242966651916504e+00,3.239667892456054688e+00
1.828670978546142578e+00,2.931033849716186523e+00
2.457824945449829102e+00,2.645318746566772461e+00
3.119187116622924805e+00,-3.767604827880859375e+00
1.551983833312988281e+00,3.252545118331909180e+00
2.006389141082763672e+00,3.029893159866333008e+00
1.499023675918579102e+00,3.302034854888916016e+00
4.171608448028564453e+00,-6.232933402061462402e-01
2.323894739151000977e+00,2.762864112854003906e+00
1.562153458595275879e+00,3.285863637924194336e+00
1.929803609848022461e+00,3.162722349166870117e+00
1.655202865600585938e+00,3.233904838562011719e+00
3.363230705261230469e+00,-3.592969655990600586e+00
1.985832214355468750e+00,2.998195648193359375e+00
1.943669438362121582e+00,3.061769962310791016e+00
2.216808557510375977e+00,2.909441232681274414e+00
1.772243976593017578e+00,3.092540025711059570e+00
1.746435880661010742e+00,3.188699483871459961e+00
1.894826650619506836e+00,3.078009605407714844e+00
3.137109518051147461e+00,2.087199926376342773e+00
1.647055864334106445e+00,3.302738189697265625e+00
2.212427616119384766e+00,2.874877214431762695e+00
3.326770305633544922e+00,1.586837768554687500e+00
3.751272439956665039e+00,-3.028754949569702148e+00
1.874624729156494141e+00,3.148944139480590820e+00
1.660661935806274414e+00,3.130107641220092773e+00
1.846490144729614258e+00,3.138340234756469727e+00
2.146818161010742188e+00,2.857411623001098633e+00
2.277382373809814453e+00,2.816741943359375000e+00
4.080452442169189453e+00,3.745300695300102234e-02
2.808457851409912109e+00,2.159707307815551758e+00
1.782211065292358398e+00,3.293784379959106445e+00
1.649212121963500977e+00,3.124688386917114258e+00
1.736168384552001953e+00,3.295110702514648438e+00
2.345773220062255859e+00,2.664887905120849609e+00
2.263076543807983398e+00,2.820281267166137695e+00
1.557281136512756348e+00,3.363007307052612305e+00
1.828026652336120605e+00,3.185099840164184570e+00
2.312831878662109375e+00,2.716659307479858398e+00
2.043068885803222656e+00,2.988794326782226562e+00
1.864183306694030762e+00,3.105449914932250977e+00
1.700097799301147461e+00,3.297154903411865234e+00
1.944463491439819336e+00,3.013170003890991211e+00
2.158629417419433594e+00,2.964506387710571289e+00
1.356300711631774902e+00,3.393692731857299805e+00
1.751104831695556641e+00,3.149854421615600586e+00
4.160002231597900391e+00,-1.487714171409606934e+00
1.526814341545104980e+00,3.305054426193237305e+00
3.972047328948974609e+00,6.366072297096252441e-01
1.939267277717590332e+00,3.064414739608764648e+00
3.392796993255615234e+00,1.253481149673461914e+00
4.059201717376708984e+00,-1.840986013412475586e+00
3.409712314605712891e+00,-3.549011468887329102e+00
1.860116958618164062e+00,3.222498655319213867e+00
1.641072630882263184e+00,3.311431169509887695e+00
1.235845446586608887e+00,3.458358049392700195e+00
1.744782805442810059e+00,3.258361577987670898e+00
3.658978700637817383e+00,9.020648598670959473e-01
2.015192508697509766e+00,2.992700338363647461e+00
1.947070002555847168e+00,3.053708791732788086e+00
1.843560457229614258e+00,2.973165750503540039e+00
1.684124946594238281e+00,3.168031454086303711e+00
1.710115909576416016e+00,3.072406768798828125e+00
1.565742015838623047e+00,3.268954515457153320e+00
1.977362275123596191e+00,3.161288022994995117e+00
3.095935106277465820e+00,2.116730213165283203e+00
1.740785956382751465e+00,3.084053516387939453e+00
2.078609466552734375e+00,3.078155755996704102e+00
1.668651819229125977e+00,3.205001831054687500e+00
1.818640470504760742e+00,3.134196281433105469e+00
2.123284816741943359e+00,3.026178598403930664e+00
1.681078433990478516e+00,3.139432191848754883e+00
1.832335591316223145e+00,3.064861536026000977e+00
1.639225244522094727e+00,3.213535547256469727e+00
1.636401176452636719e+00,3.174834251403808594e+00
3.693243026733398438e+00,-3.131733179092407227e+00
2.220644712448120117e+00,2.931220769882202148e+00
1.749987363815307617e+00,3.258107423782348633e+00
4.155171394348144531e+00,-6.879369616508483887e-01
3.832860946655273438e+00,-2.771286725997924805e+00
1.782318472862243652e+00,3.125174045562744141e+00
1.747449278831481934e+00,3.115546464920043945e+00
2.486863136291503906e+00,2.704813718795776367e+00
1.655048251152038574e+00,3.215691804885864258e+00
1.406611919403076172e+00,3.310538530349731445e+00
1.771437168121337891e+00,3.346715450286865234e+00
2.318809032440185547e+00,2.796301841735839844e+00
2.424156904220581055e+00,2.598524570465087891e+00
1.881808519363403320e+00,2.940295457839965820e+00
1.579619407653808594e+00,3.114259481430053711e+00
3.193198680877685547e+00,1.872263073921203613e+00
4.179736614227294922e+00,-8.913672566413879395e-01
1.439849376678466797e+00,3.421499490737915039e+00
2.090092658996582031e+00,2.912415266036987305e+00
2.137609481811523438e+00,2.775159597396850586e+00
1.737148880958557129e+00,3.101494550704956055e+00
1.490547657012939453e+00,3.458659410476684570e+00
1.941417932510375977e+00,3.174108743667602539e+00
4.016616344451904297e+00,-2.048332929611206055e+00
3.654479503631591797e+00,1.129729151725769043e+00
2.031237840652465820e+00,2.983853340148925781e+00
1.629600882530212402e+00,3.090202331542968750e+00
2.746980667114257812e+00,2.484977245330810547e+00
2.901231288909912109e+00,2.111062049865722656e+00
2.090192794799804688e+00,2.834764242172241211e+00
1.986134290695190430e+00,3.145129203796386719e+00
1.584842085838317871e+00,3.202454805374145508e+00
1.713765621185302734e+00,3.211819410324096680e+00
2.920624732971191406e+00,2.288825511932373047e+00
2.098639965057373047e+00,2.805352687835693359e+00
3.234735488891601562e+00,-3.628436326980590820e+00
2.049539327621459961e+00,2.790531873703002930e+00
4.039209365844726562e+00,-2.441987752914428711e+00
1.516357660293579102e+00,3.300728559494018555e+00
1.315508365631103516e+00,3.404547452926635742e+00
1.330432653427124023e+00,3.461337327957153320e+00
4.174837112426757812e+00,-9.785075783729553223e-01
2.560927391052246094e+00,2.338614225387573242e+00
1.916892290115356445e+00,3.094459295272827148e+00
1.570438623428344727e+00,3.131090402603149414e+00
1.994046449661254883e+00,3.190445661544799805e+00
2.011099100112915039e+00,2.906390666961669922e+00
3.878711700439453125e+00,-2.743982076644897461e+00
1.877508640289306641e+00,3.229744672775268555e+00
1.799980044364929199e+00,3.134318113327026367e+00
1.367912054061889648e+00,3.458946943283081055e+00
3.110353231430053711e+00,-3.794412374496459961e+00
2.983229160308837891e+00,2.161947488784790039e+00
3.673894405364990234e+00,-3.292523622512817383e+00
1.200248003005981445e+00,3.445994615554809570e+00
1.338486909866333008e+00,3.564050436019897461e+00
1.790147662162780762e+00,3.016314268112182617e+00
1.628436684608459473e+00,3.217697620391845703e+00
1.533186197280883789e+00,3.327869653701782227e+00
3.048842668533325195e+00,1.921345591545104980e+00
1.665375709533691406e+00,3.042377710342407227e+00
1.693985939025878906e+00,3.226260662078857422e+00
1.659323930740356445e+00,3.302355051040649414e+00
1.609262943267822266e+00,3.166515111923217773e+00
1.988881587982177734e+00,2.988876342773437500e+00
3.944855213165283203e+00,-2.426684856414794922e+00
4.153866291046142578e+00,-1.161169290542602539e+00
2.019588708877563477e+00,3.035865306854248047e+00
4.212666988372802734e+00,-7.752928733825683594e-01
2.579855203628540039e+00,2.435541152954101562e+00
1.415004253387451172e+00,3.512061119079589844e+00
2.981386184692382812e+00,1.960045695304870605e+00
3.406108140945434570e+00,1.886846303939819336e+00
1.821279287338256836e+00,3.109050273895263672e+00
2.183543682098388672e+00,2.928029775619506836e+00
3.782889127731323242e+00,-2.944651842117309570e+00
4.052981376647949219e+00,-1.968619346618652344e+00
1.653762102127075195e+00,3.256752729415893555e+00
1.609349489212036133e+00,3.151435136795043945e+00
1.450144648551940918e+00,3.458201646804809570e+00
1.749476194381713867e+00,3.200849294662475586e+00
2.126987457275390625e+00,2.954888820648193359e+00
1.591105937957763672e+00,3.187296867370605469e+00
1.862086772918701172e+00,3.226490020751953125e+00
2.392759084701538086e+00,2.370031118392944336e+00
1.851684093475341797e+00,3.101021051406860352e+00
1.420376300811767578e+00,3.466049909591674805e+00
2.359112262725830078e+00,2.872737646102905273e+00
2.010239124298095703e+00,2.980270862579345703e+00
1.464304327964782715e+00,3.342011213302612305e+00
1.304715514183044434e+00,3.399651288986206055e+00
2.214737892150878906e+00,2.851547956466674805e+00
1.161801815032958984e+00,3.421841859817504883e+00
1.839542031288146973e+00,3.090185642242431641e+00
3.399608373641967773e+00,1.659096479415893555e+00
1.683350920677185059e+00,3.271494150161743164e+00
2.338399410247802734e+00,2.759925365447998047e+00
1.880744934082031250e+00,3.027860879898071289e+00
2.973546028137207031e+00,2.143399715423583984e+00
1.968883395195007324e+00,3.161146163940429688e+00
2.210631370544433594e+00,2.781420946121215820e+00
1.785616874694824219e+00,3.070585250854492188e+00
2.313887834548950195e+00,2.656377315521240234e+00
2.474044799804687500e+00,2.749518156051635742e+00
1.850819945335388184e+00,2.863229513168334961e+00
1.950415015220642090e+00,3.060500144958496094e+00
1.935158133506774902e+00,3.023576498031616211e+00
1.708966970443725586e+00,3.188064336776733398e+00
1.364067435264587402e+00,3.411337614059448242e+00
2.392822027206420898e+00,2.596113443374633789e+00
1.862777352333068848e+00,3.138464212417602539e+00
2.024304628372192383e+00,3.147965192794799805e+00
1.907602787017822266e+00,2.954082489013671875e+00
3.238180637359619141e+00,1.769959449768066406e+00
1.612866163253784180e+00,3.402823686599731445e+00
2.052613973617553711e+00,2.905714273452758789e+00
1.732516527175903320e+00,3.148895978927612305e+00
4.239686012268066406e+00,-1.060312628746032715e+00
4.148667812347412109e+00,-1.256111860275268555e+00
1.638441443443298340e+00,3.402745962142944336e+00
4.130820751190185547e+00,-1.578759908676147461e+00
3.922322750091552734e+00,-2.882970094680786133e+00
2.367225646972656250e+00,2.806350231170654297e+00
2.266995906829833984e+00,2.909746408462524414e+00
1.466987848281860352e+00,3.248236417770385742e+00
3.908040046691894531e+00,-2.288717508316040039e+00
2.581837415695190430e+00,2.415805101394653320e+00
4.141026496887207031e+00,-6.260387301445007324e-01
3.598423004150390625e+00,1.263726949691772461e+00
3.661798238754272461e+00,-3.228980779647827148e+00
3.709210872650146484e+00,-3.207490682601928711e+00
2.994462966918945312e+00,2.110144376754760742e+00
1.794652462005615234e+00,3.180140733718872070e+00
1.924027204513549805e+00,2.941860675811767578e+00
1.525722742080688477e+00,3.160584688186645508e+00
1.904794454574584961e+00,3.056123971939086914e+00
3.650494098663330078e+00,-3.255145788192749023e+00
2.068734645843505859e+00,2.967395067214965820e+00
1.866700887680053711e+00,2.958160638809204102e+00
1.704763531684875488e+00,3.252092123031616211e+00
3.874987125396728516e+00,-2.743786096572875977e+00
1.730347156524658203e+00,3.288643121719360352e+00
1.864549040794372559e+00,2.983700513839721680e+00
2.454250335693359375e+00,2.707584619522094727e+00
2.020226240158081055e+00,3.118876218795776367e+00
2.468640804290771484e+00,2.523320913314819336e+00
1.436275243759155273e+00,3.361489295959472656e+00
3.955847978591918945e+00,-2.205034971237182617e+00
2.097386598587036133e+00,2.953098297119140625e+00
1.740434765815734863e+00,3.069099187850952148e+00
2.265889406204223633e+00,2.796261072158813477e+00
2.203664302825927734e+00,2.724568605422973633e+00
1.884963035583496094e+00,3.158534765243530273e+00
3.652362346649169922e+00,-3.216735601425170898e+00
1.619435787200927734e+00,3.310547590255737305e+00
1.515706300735473633e+00,3.361073970794677734e+00
1.601245164871215820e+00,3.170040845870971680e+00
1.434976816177368164e+00,3.488853693008422852e+00
1.629087924957275391e+00,3.068421125411987305e+00
1.699723243713378906e+00,2.851065397262573242e+00
2.102334737777709961e+00,2.950070619583129883e+00
1.960256457328796387e+00,3.046548128128051758e+00
1.792398691177368164e+00,3.019862413406372070e+00
1.419403791427612305e+00,3.448785781860351562e+00
2.208119869232177734e+00,2.935560464859008789e+00
1.634768009185791016e+00,3.103507518768310547e+00
2.977198600769042969e+00,2.002614736557006836e+00
3.760445117950439453e+00,6.918737888336181641e-01
1.845018267631530762e+00,3.250129461288452148e+00
1.887645125389099121e+00,3.013482570648193359e+00
4.113417148590087891e+00,-1.624435186386108398e+00
2.220620393753051758e+00,2.919939279556274414e+00
3.949159622192382812e+00,-1.794650435447692871e+00
3.144489765167236328e+00,1.818611025810241699e+00
1.780646920204162598e+00,3.180611133575439453e+00
1.620609760284423828e+00,3.269577741622924805e+00
2.145929813385009766e+00,2.939116716384887695e+00
1.666670799255371094e+00,3.157968044281005859e+00
2.125704765319824219e+00,2.840807199478149414e+00
1.669121026992797852e+00,3.212277173995971680e+00
1.978318572044372559e+00,3.086920499801635742e+00
1.983397364616394043e+00,3.158696889877319336e+00
1.790289282798767090e+00,3.053461551666259766e+00
1.729914784431457520e+00,3.323329210281372070e+00
2.209895372390747070e+00,2.728198051452636719e+00
1.708543896675109863e+00,3.215278863906860352e+00
1.753493547439575195e+00,3.040303468704223633e+00
1.863893270492553711e+00,3.108192920684814453e+00
1.448797821998596191e+00,3.363850116729736328e+00
2.188442468643188477e+00,2.963253021240234375e+00
1.770100593566894531e+00,3.147108316421508789e+00
1.770671367645263672e+00,3.328233003616333008e+00
1.882589101791381836e+00,3.164411544799804688e+00
1.781965970993041992e+00,3.141115427017211914e+00
2.946027278900146484e+00,2.083980321884155273e+00
1.632152318954467773e+00,3.294438362121582031e+00
2.294193029403686523e+00,2.721945524215698242e+00
2.438708066940307617e+00,2.747696161270141602e+00
1.830681681632995605e+00,3.125346422195434570e+00
1.323325872421264648e+00,3.484305381774902344e+00
1.593224883079528809e+00,3.336086034774780273e+00
1.699843645095825195e+00,3.208576679229736328e+00
1.572502970695495605e+00,3.210270166397094727e+00
1.673808932304382324e+00,3.172339677810668945e+00
3.790458917617797852e+00,-2.731002092361450195e+00
2.569698095321655273e+00,2.649214982986450195e+00
1.416044473648071289e+00,3.330609798431396484e+00
1.544523954391479492e+00,3.203869342803955078e+00
2.258179664611816406e+00,2.668332815170288086e+00
2.572263240814208984e+00,2.244619131088256836e+00
2.012475967407226562e+00,3.086234569549560547e+00
1.697016835212707520e+00,3.299600362777709961e+00
1.787492752075195312e+00,3.110428571701049805e+00
2.477351903915405273e+00,2.616225004196166992e+00
2.574624538421630859e+00,2.616977214813232422e+00
2.124343395233154297e+00,2.844298362731933594e+00
1.649635672569274902e+00,3.222038507461547852e+00
1.547935962677001953e+00,3.382989883422851562e+00
2.942940235137939453e+00,2.184870243072509766e+00
1.608438253402709961e+00,3.336805820465087891e+00
1.572967290878295898e+00,3.115854024887084961e+00
3.963379144668579102e+00,-2.732932329177856445e+00
3.848296642303466797e+00,8.551546335220336914e-01
1.615100741386413574e+00,3.274664402008056641e+00
2.101849555969238281e+00,2.851567029953002930e+00
2.283228635787963867e+00,2.872080087661743164e+00
1.904447555541992188e+00,3.212862253189086914e+00
4.209174633026123047e+00,-4.339375793933868408e-01
2.913222312927246094e+00,2.373003005981445312e+00
1.968218207359313965e+00,2.844522714614868164e+00
1.588748931884765625e+00,3.288376569747924805e+00
1.942022085189819336e+00,3.064391374588012695e+00
4.135628700256347656e+00,-1.527133226394653320e+00
1.444277524948120117e+00,3.250324249267578125e+00
2.134733200073242188e+00,2.890799760818481445e+00
1.815359354019165039e+00,3.089382410049438477e+00
1.993608117103576660e+00,2.866221189498901367e+00
1.493916511535644531e+00,3.261868715286254883e+00
1.758817315101623535e+00,3.165133476257324219e+00
2.005618572235107422e+00,3.142143487930297852e+00
1.394117951393127441e+00,3.381978034973144531e+00
1.615589499473571777e+00,3.204460859298706055e+00
1.530416011810302734e+00,3.221160888671875000e+00
2.249918699264526367e+00,2.890047788619995117e+00
1.507698774337768555e+00,3.162565469741821289e+00
1.766714334487915039e+00,3.127470016479492188e+00
2.364558935165405273e+00,2.533372640609741211e+00
1.420926332473754883e+00,3.111211061477661133e+00
2.212686061859130859e+00,2.736912965774536133e+00
1.626787781715393066e+00,3.237496614456176758e+00
1.701737642288208008e+00,3.225541353225708008e+00
2.703037977218627930e+00,2.407644033432006836e+00
1.160228013992309570e+00,3.432619333267211914e+00
1.831032276153564453e+00,3.152219533920288086e+00
1.921385884284973145e+00,3.249723672866821289e+00
1.521394729614257812e+00,3.275004625320434570e+00
1.697506427764892578e+00,3.186515569686889648e+00
1.934536576271057129e+00,3.068631410598754883e+00
2.284243345260620117e+00,2.715721368789672852e+00
1.696084260940551758e+00,3.042370557785034180e+00
1.499897480010986328e+00,3.382578134536743164e+00
2.779848814010620117e+00,-4.088716983795166016e+00
2.166167736053466797e+00,2.867682456970214844e+00
1.620173096656799316e+00,3.272827625274658203e+00
3.995322465896606445e+00,-1.861375331878662109e+00
2.043841123580932617e+00,2.904664993286132812e+00
1.523241519927978516e+00,3.484436273574829102e+00
1.777615785598754883e+00,3.255435705184936523e+00
1.534555792808532715e+00,3.288507699966430664e+00
2.314907312393188477e+00,2.650813817977905273e+00
2.298157691955566406e+00,2.671225309371948242e+00
1.823828339576721191e+00,2.936794996261596680e+00
4.145872592926025391e+00,-1.076885700225830078e+00
1.563250899314880371e+00,3.424382925033569336e+00
1.924396514892578125e+00,3.067561388015747070e+00
1.895003557205200195e+00,3.161578416824340820e+00
3.834710597991943359e+00,5.376157760620117188e-01
1.514483928680419922e+00,3.223639249801635742e+00
1.438620567321777344e+00,3.388359308242797852e+00
1.710155606269836426e+00,3.227415800094604492e+00
1.568034291267395020e+00,3.240461349487304688e+00
1.487742662429809570e+00,3.260667562484741211e+00
1.694224238395690918e+00,3.091556072235107422e+00
1.800848126411437988e+00,3.304300546646118164e+00
2.257997035980224609e+00,2.897583246231079102e+00
1.765698552131652832e+00,3.222009897232055664e+00
3.931468248367309570e+00,-1.941720724105834961e+00
1.986146807670593262e+00,2.927651882171630859e+00
2.017881393432617188e+00,2.891608953475952148e+00
1.938985347747802734e+00,3.059734582901000977e+00
1.671356678009033203e+00,3.234059810638427734e+00
1.829471111297607422e+00,3.102233648300170898e+00
1.294001221656799316e+00,3.474987745285034180e+00
4.005584239959716797e+00,2.573323249816894531e-01
4.013116359710693359e+00,-1.841621637344360352e+00
1.535881042480468750e+00,3.313754796981811523e+00
1.121512889862060547e+00,3.491700887680053711e+00
1.337029933929443359e+00,3.382010459899902344e+00
1.771206617355346680e+00,3.215981721878051758e+00
2.356250524520874023e+00,2.970868110656738281e+00
2.430530071258544922e+00,2.451182603836059570e+00
4.188302040100097656e+00,-1.170852780342102051e+00
2.855365753173828125e+00,2.252048015594482422e+00
2.516425609588623047e+00,2.389598608016967773e+00
2.161389350891113281e+00,2.689206361770629883e+00
1.835490345954895020e+00,3.263862848281860352e+00
2.785163402557373047e+00,2.365329027175903320e+00
3.255464792251586914e+00,1.848832607269287109e+00
2.730393648147583008e+00,2.191715240478515625e+00
1.407940149307250977e+00,3.480215311050415039e+00
2.165658473968505859e+00,2.591654062271118164e+00
1.929140090942382812e+00,3.105511903762817383e+00
1.938336133956909180e+00,3.108052968978881836e+00
1.747310876846313477e+00,3.235833406448364258e+00
2.995210647583007812e+00,2.040937423706054688e+00
3.384588956832885742e+00,-3.584486961364746094e+00
1.543292760848999023e+00,3.175881624221801758e+00
1.832340955734252930e+00,3.215573310852050781e+00
3.994731903076171875e+00,-1.975394845008850098e+00
2.052280902862548828e+00,3.079287767410278320e+00
4.048356533050537109e+00,-1.909977912902832031e+00
2.206759929656982422e+00,2.871405839920043945e+00
1.897425651550292969e+00,3.033129453659057617e+00
1.863991975784301758e+00,2.995290279388427734e+00
2.477365016937255859e+00,2.534819602966308594e+00
2.165132761001586914e+00,2.906910419464111328e+00
1.718274235725402832e+00,3.030936956405639648e+00
1.902158021926879883e+00,3.147081136703491211e+00
1.588609218597412109e+00,3.108858823776245117e+00
4.108818531036376953e+00,-8.790858387947082520e-01
2.136967658996582031e+00,2.810485839843750000e+00
2.447422742843627930e+00,2.528204441070556641e+00
1.910117268562316895e+00,3.046646356582641602e+00
2.902310609817504883e+00,2.144412279129028320e+00
2.057173490524291992e+00,2.900779724121093750e+00
2.312875270843505859e+00,2.829834222793579102e+00
3.008127450942993164e+00,1.983897686004638672e+00
1.133025407791137695e+00,3.503471136093139648e+00
1.687483787536621094e+00,3.138940334320068359e+00
2.025721073150634766e+00,2.840279817581176758e+00
1.504160642623901367e+00,3.497519254684448242e+00
2.349502325057983398e+00,2.632556676864624023e+00
2.083807468414306641e+00,2.942406892776489258e+00
1.618866324424743652e+00,3.178537130355834961e+00
1.447387337684631348e+00,3.417091131210327148e+00
1.511285662651062012e+00,3.221666812896728516e+00
1.548170924186706543e+00,3.229367971420288086e+00
1.390637397766113281e+00,3.408974885940551758e+00
1.759576439857482910e+00,3.123800992965698242e+00
1.316313743591308594e+00,3.466480970382690430e+00
2.497356891632080078e+00,2.610908746719360352e+00
1.652912616729736328e+00,3.333113670349121094e+00
2.581453323364257812e+00,2.313308000564575195e+00
1.398420333862304688e+00,3.481227636337280273e+00
4.085395336151123047e+00,-1.331534683704376221e-01
2.748288631439208984e+00,2.519720315933227539e+00
1.650388956069946289e+00,3.350401163101196289e+00
1.736859679222106934e+00,3.248657464981079102e+00
2.716972827911376953e+00,2.410557270050048828e+00
1.390198230743408203e+00,3.410502433776855469e+00
2.012022018432617188e+00,2.885518312454223633e+00
1.675186395645141602e+00,3.211780786514282227e+00
1.622454643249511719e+00,3.179277658462524414e+00
1.230677843093872070e+00,3.502518415451049805e+00
1.938388824462890625e+00,2.949116945266723633e+00
2.832885742187500000e+00,2.207626581192016602e+00
1.804659485816955566e+00,3.088608980178833008e+00
2.123785972595214844e+00,3.109017372131347656e+00
1.945806145668029785e+00,3.179111719131469727e+00
4.003841400146484375e+00,1.884037107229232788e-01
3.106321811676025391e+00,1.957382082939147949e+00
1.448631405830383301e+00,3.379637479782104492e+00
1.886701822280883789e+00,3.035492897033691406e+00
1.662195324897766113e+00,3.347874641418457031e+00
1.598511219024658203e+00,3.319055318832397461e+00
1.904935479164123535e+00,3.091449260711669922e+00
3.330406188964843750e+00,-3.613690853118896484e+00
2.176798105239868164e+00,2.897122144699096680e+00
1.675103425979614258e+00,3.157352209091186523e+00
1.658540725708007812e+00,3.074882745742797852e+00
1.872108697891235352e+00,3.224981069564819336e+00
4.154400825500488281e+00,-3.140599429607391357e-01
1.416423082351684570e+00,3.329909801483154297e+00
1.464887380599975586e+00,3.374415159225463867e+00
1.625606775283813477e+00,3.252157449722290039e+00
1.946787834167480469e+00,3.102548837661743164e+00
1.600389003753662109e+00,3.227167844772338867e+00
1.625022888183593750e+00,3.214946031570434570e+00
2.079142808914184570e+00,3.059337139129638672e+00
1.914146423339843750e+00,2.828308820724487305e+00
3.867148160934448242e+00,-2.740794897079467773e+00
2.031198740005493164e+00,2.974699258804321289e+00
1.931731700897216797e+00,3.045970678329467773e+00
1.520069837570190430e+00,3.354983091354370117e+00
1.990544319152832031e+00,3.007096052169799805e+00
2.658818244934082031e+00,2.194322109222412109e+00
1.525186896324157715e+00,3.087252140045166016e+00
2.065377712249755859e+00,2.885281324386596680e+00
2.271260738372802734e+00,2.860842466354370117e+00
3.623792886734008789e+00,-3.247304677963256836e+00
1.726082801818847656e+00,3.217906475067138672e+00
1.850267648696899414e+00,3.172351598739624023e+00
4.114956378936767578e+00,-1.308154344558715820e+00
1.933901071548461914e+00,3.149804592132568359e+00
1.793013334274291992e+00,3.124982118606567383e+00
3.719575166702270508e+00,9.513707160949707031e-01
1.780772089958190918e+00,3.170859575271606445e+00
1.314086914062500000e+00,3.408208847045898438e+00
1.862213373184204102e+00,2.991495847702026367e+00
1.427160024642944336e+00,3.408760070800781250e+00
3.288248538970947266e+00,1.644791364669799805e+00
1.601584076881408691e+00,3.093700647354125977e+00
3.468517065048217773e+00,1.481722831726074219e+00
3.306157588958740234e+00,-3.722548723220825195e+00
1.914075970649719238e+00,2.916824579238891602e+00
1.701642751693725586e+00,3.301898241043090820e+00
2.064103603363037109e+00,3.129594087600708008e+00
2.494484901428222656e+00,2.697598695755004883e+00
2.355874776840209961e+00,2.936189889907836914e+00
3.184000253677368164e+00,1.866223573684692383e+00
2.031615257263183594e+00,3.034727334976196289e+00
1.491923332214355469e+00,3.436932802200317383e+00
1.506334543228149414e+00,3.439817667007446289e+00
2.921485900878906250e+00,1.937620043754577637e+00
3.208533287048339844e+00,-3.900281667709350586e+00
1.807091116905212402e+00,3.086419582366943359e+00
1.654605150222778320e+00,3.301756620407104492e+00
1.808460235595703125e+00,3.313197135925292969e+00
1.386563301086425781e+00,3.430972099304199219e+00
4.128541469573974609e+00,-1.211438655853271484e+00
2.448956012725830078e+00,2.592200517654418945e+00
1.577053070068359375e+00,3.214519739151000977e+00
1.565875053405761719e+00,3.359778642654418945e+00
2.139117717742919922e+00,3.034525632858276367e+00
1.643166780471801758e+00,3.298629760742187500e+00
2.280615329742431641e+00,2.815278530120849609e+00
2.089730978012084961e+00,2.801242351531982422e+00
3.209614753723144531e+00,1.785619258880615234e+00
1.884844183921813965e+00,3.015688657760620117e+00
1.455596923828125000e+00,3.432939291000366211e+00
1.603227019309997559e+00,3.100687503814697266e+00
1.434815406799316406e+00,3.396410942077636719e+00
1.422655344009399414e+00,3.524444580078125000e+00
4.096850395202636719e+00,-1.842399597167968750e+00
3.512072324752807617e+00,-3.422401189804077148e+00
1.307048320770263672e+00,3.537041187286376953e+00
2.457902908325195312e+00,2.474754095077514648e+00
4.176560878753662109e+00,-1.888372778892517090e+00
1.884816169738769531e+00,2.971140146255493164e+00
1.899629712104797363e+00,3.160450696945190430e+00
2.075254440307617188e+00,2.906496763229370117e+00
1.719475269317626953e+00,3.088310003280639648e+00
1.769106149673461914e+00,3.210770845413208008e+00
1.701723933219909668e+00,3.182096242904663086e+00
3.724478006362915039e+00,8.918229341506958008e-01
1.697233200073242188e+00,3.196091413497924805e+00
1.704479217529296875e+00,3.166589975357055664e+00
1.298728704452514648e+00,3.432424545288085938e+00
1.505931854248046875e+00,3.288805961608886719e+00
1.570366859436035156e+00,3.490533590316772461e+00
1.642343401908874512e+00,3.386122226715087891e+00
2.153593063354492188e+00,2.872329473495483398e+00
4.196303367614746094e+00,-3.767724037170410156e-01
1.770639419555664062e+00,3.231949567794799805e+00
2.333505392074584961e+00,2.666486501693725586e+00
2.209154367446899414e+00,2.861201047897338867e+00
2.090314388275146484e+00,2.879333496093750000e+00
2.024945735931396484e+00,2.726464509963989258e+00
2.407201766967773438e+00,2.653716325759887695e+00
2.009984970092773438e+00,2.971766233444213867e+00
1.502683401107788086e+00,3.455945014953613281e+00
3.356495141983032227e+00,-3.638710021972656250e+00
1.380480051040649414e+00,3.254851818084716797e+00
1.481261849403381348e+00,3.199770450592041016e+00
1.804125547409057617e+00,3.201540708541870117e+00
2.360685348510742188e+00,2.665317773818969727e+00
1.318003654479980469e+00,3.460546493530273438e+00
1.935852169990539551e+00,3.098340034484863281e+00
2.115180492401123047e+00,2.820285320281982422e+00
3.976400852203369141e+00,-2.074506282806396484e+00
2.111934423446655273e+00,2.932396650314331055e+00
1.562708497047424316e+00,3.349555730819702148e+00
2.051325798034667969e+00,3.094460725784301758e+00
1.686151027679443359e+00,3.337733983993530273e+00
1.625029563903808594e+00,3.267386436462402344e+00
1.908833742141723633e+00,3.175951242446899414e+00
2.165525436401367188e+00,3.017697811126708984e+00
1.417035341262817383e+00,3.220444917678833008e+00
1.659942984580993652e+00,3.194863557815551758e+00
1.558103322982788086e+00,3.436399936676025391e+00
1.282749176025390625e+00,3.436206102371215820e+00
2.025216102600097656e+00,2.978491067886352539e+00
3.954485893249511719e+00,-2.616512298583984375e+00
2.068768501281738281e+00,2.833957672119140625e+00
1.640814304351806641e+00,3.242781877517700195e+00
1.909767985343933105e+00,3.121442317962646484e+00
1.684987902641296387e+00,3.438910722732543945e+00
1.736669421195983887e+00,3.246320247650146484e+00
3.984523296356201172e+00,4.043013975024223328e-02
2.128026485443115234e+00,2.954038381576538086e+00
2.000989437103271484e+00,2.961369514465332031e+00
2.721861124038696289e+00,2.369783878326416016e+00
3.810425043106079102e+00,8.226515650749206543e-01
1.661096215248107910e+00,3.363915920257568359e+00
1.693473100662231445e+00,3.237953901290893555e+00
1.883628845214843750e+00,2.944474220275878906e+00
1.961225271224975586e+00,2.826881408691406250e+00
1.631368160247802734e+00,3.288122415542602539e+00
3.071861982345581055e+00,1.865206360816955566e+00
3.437948942184448242e+00,-3.667639970779418945e+00
3.999878168106079102e+00,2.893161475658416748e-01
1.653890013694763184e+00,3.285884141921997070e+00
1.954023599624633789e+00,2.987260103225708008e+00
2.139706850051879883e+00,2.960967302322387695e+00
1.752010464668273926e+00,3.232665777206420898e+00
1.386601924896240234e+00,3.485010862350463867e+00
1.875574827194213867e+00,3.108441114425659180e+00
1.850946187973022461e+00,2.892417192459106445e+00
4.089478015899658203e+00,-1.098927378654479980e+00
1.540529012680053711e+00,3.449887514114379883e+00
1.439664721488952637e+00,3.257812261581420898e+00
2.912545442581176758e+00,2.289135694503784180e+00
1.569679617881774902e+00,3.173465013504028320e+00
1.853635311126708984e+00,3.183002471923828125e+00
1.823150634765625000e+00,3.252310037612915039e+00
1.621259808540344238e+00,3.250001668930053711e+00
1.721947073936462402e+00,3.279756784439086914e+00
2.039827108383178711e+00,2.950989484786987305e+00
1.796053171157836914e+00,3.145850896835327148e+00
1.529592990875244141e+00,3.312559843063354492e+00
3.645115137100219727e+00,-3.078625679016113281e+00
1.657390475273132324e+00,3.232865571975708008e+00
1.931128382682800293e+00,3.209066867828369141e+00
1.760586023330688477e+00,3.271464347839355469e+00
1.947764039039611816e+00,2.961691141128540039e+00
1.713747024536132812e+00,3.122276544570922852e+00
2.099382877349853516e+00,2.948552131652832031e+00
1.208172798156738281e+00,3.401884794235229492e+00
1.906421542167663574e+00,3.066818475723266602e+00
1.865897059440612793e+00,3.051501035690307617e+00
1.888067603111267090e+00,2.893557310104370117e+00
2.333820819854736328e+00,2.825122117996215820e+00
1.958970069885253906e+00,2.998687028884887695e+00
2.205834865570068359e+00,2.830458402633666992e+00
2.618960857391357422e+00,2.683019876480102539e+00
1.485140085220336914e+00,3.312888145446777344e+00
3.890506505966186523e+00,2.278063446283340454e-01
1.954713940620422363e+00,3.095348596572875977e+00
2.695503950119018555e+00,2.329736709594726562e+00
3.489201068878173828e+00,1.262577533721923828e+00
1.743118047714233398e+00,3.149535417556762695e+00
1.399296522140502930e+00,3.420763731002807617e+00
1.789422750473022461e+00,3.068620204925537109e+00
1.498695492744445801e+00,3.210222721099853516e+00
1.804170370101928711e+00,2.920965433120727539e+00
1.434861898422241211e+00,3.392690420150756836e+00
2.347763299942016602e+00,2.582123279571533203e+00
1.978827476501464844e+00,2.973693609237670898e+00
1.879105091094970703e+00,2.980695486068725586e+00
1.539066553115844727e+00,3.334855794906616211e+00
3.857712268829345703e+00,-2.746232271194458008e+00
1.671974182128906250e+00,3.302323102951049805e+00
2.136362552642822266e+00,3.017015695571899414e+00
1.567393898963928223e+00,3.408508539199829102e+00
1.938610315322875977e+00,3.000046253204345703e+00
2.043886661529541016e+00,2.890479326248168945e+00
1.917626500129699707e+00,3.110955953598022461e+00
2.311604261398315430e+00,2.918220520019531250e+00
1.354748487472534180e+00,3.540569543838500977e+00
1.446896076202392578e+00,3.331286430358886719e+00
2.056409597396850586e+00,3.136615037918090820e+00
3.648125886917114258e+00,-3.280843496322631836e+00
1.644710063934326172e+00,3.427372217178344727e+00
3.936489582061767578e+00,-2.814040422439575195e+00
2.336115121841430664e+00,2.587172985076904297e+00
1.679750680923461914e+00,3.060462236404418945e+00
2.146370887756347656e+00,2.802776813507080078e+00
1.624868988990783691e+00,3.249562978744506836e+00
2.178684234619140625e+00,2.904184579849243164e+00
1.818560838699340820e+00,3.004060983657836914e+00
1.508180856704711914e+00,3.202393293380737305e+00
1.595139861106872559e+00,3.192140817642211914e+00
2.099602460861206055e+00,2.833587408065795898e+00
1.247361779212951660e+00,3.405845642089843750e+00
2.063948154449462891e+00,2.888529062271118164e+00
2.212933063507080078e+00,2.720533847808837891e+00
2.126980543136596680e+00,2.860887289047241211e+00
3.155918598175048828e+00,1.764241218566894531e+00
3.031130790710449219e+00,2.172775506973266602e+00
2.111174106597900391e+00,2.941680431365966797e+00
1.449784517288208008e+00,3.321104764938354492e+00
1.726052045822143555e+00,3.326048851013183594e+00
1.763461709022521973e+00,2.995688676834106445e+00
2.239730596542358398e+00,3.002435207366943359e+00
3.596681356430053711e+00,-3.336083173751831055e+00
4.090152263641357422e+00,-1.363334894180297852e+00
2.266796112060546875e+00,2.839948892593383789e+00
3.807039022445678711e+00,-3.005732297897338867e+00
1.798693537712097168e+00,3.029784202575683594e+00
2.129255294799804688e+00,2.842583179473876953e+00
3.659073352813720703e+00,1.221954107284545898e+00
1.989942312240600586e+00,2.896007537841796875e+00
2.236770629882812500e+00,2.818570852279663086e+00
1.371248245239257812e+00,3.502234697341918945e+00
1.977929472923278809e+00,3.032898426055908203e+00
2.228170633316040039e+00,2.752482652664184570e+00
1.996189594268798828e+00,3.133155107498168945e+00
1.509267091751098633e+00,3.362967014312744141e+00
1.716712594032287598e+00,3.254734992980957031e+00
3.908738136291503906e+00,5.376923680305480957e-01
3.065889835357666016e+00,1.892740726470947266e+00
2.080988407135009766e+00,2.925407648086547852e+00
2.845378637313842773e+00,2.280472040176391602e+00
2.102154493331909180e+00,2.988320112228393555e+00
1.640072703361511230e+00,3.285684823989868164e+00
2.054855823516845703e+00,3.012489080429077148e+00
1.793738842010498047e+00,3.234051942825317383e+00
1.341131210327148438e+00,3.469097852706909180e+00
2.719221115112304688e+00,2.467968940734863281e+00
1.492467880249023438e+00,3.389194250106811523e+00
2.671646118164062500e+00,2.431937456130981445e+00
4.195637226104736328e+00,-1.064073681831359863e+00
1.799369573593139648e+00,3.176340579986572266e+00
1.537818908691406250e+00,3.284020185470581055e+00
2.272674798965454102e+00,2.793780326843261719e+00
1.508525371551513672e+00,3.409038782119750977e+00
1.777464389801025391e+00,3.161138534545898438e+00
1.668525934219360352e+00,3.218779087066650391e+00
4.001205921173095703e+00,-1.452559947967529297e+00
1.662753701210021973e+00,3.169858932495117188e+00
1.675756454467773438e+00,3.219829320907592773e+00
2.838547229766845703e+00,2.258312702178955078e+00
1.791092634201049805e+00,3.031759262084960938e+00
1.872347950935363770e+00,3.177799940109252930e+00
2.348007678985595703e+00,2.766734361648559570e+00
4.096264362335205078e+00,-4.491700828075408936e-01
1.445295333862304688e+00,3.383709192276000977e+00
1.237115859985351562e+00,3.588575363159179688e+00
1.830289483070373535e+00,3.184227705001831055e+00
1.618222475051879883e+00,3.356032133102416992e+00
1.377632617950439453e+00,3.249607324600219727e+00
3.687044143676757812e+00,-3.135913133621215820e+00
2.955747604370117188e+00,2.119017124176025391e+00
1.604930162429809570e+00,3.159441947937011719e+00
1.944298028945922852e+00,3.034807443618774414e+00
1.811588764190673828e+00,3.202790498733520508e+00
4.021804332733154297e+00,-6.432737410068511963e-02
2.983193874359130859e+00,2.027030229568481445e+00
2.029985427856445312e+00,2.697206258773803711e+00
2.181600809097290039e+00,2.820525407791137695e+00
2.261712551116943359e+00,2.770605087280273438e+00
3.096024036407470703e+00,1.932168245315551758e+00
1.772267580032348633e+00,3.073044300079345703e+00
1.524379014968872070e+00,3.400158643722534180e+00
2.497225999832153320e+00,2.660899877548217773e+00
1.896447896957397461e+00,3.078426122665405273e+00
1.559269070625305176e+00,3.356232166290283203e+00
2.276179313659667969e+00,2.709288358688354492e+00
1.404961466789245605e+00,3.410408496856689453e+00
1.362260580062866211e+00,3.397194385528564453e+00
2.957368850708007812e+00,2.108423709869384766e+00
2.523044109344482422e+00,2.352733612060546875e+00
2.261197805404663086e+00,2.808695554733276367e+00
1.858505964279174805e+00,3.086031913757324219e+00
1.990704536437988281e+00,2.889636754989624023e+00
2.154473066329956055e+00,2.971397161483764648e+00
1.412963628768920898e+00,3.503559350967407227e+00
2.979366064071655273e+00,2.092906236648559570e+00
1.939137458801269531e+00,3.105500936508178711e+00
1.521124362945556641e+00,3.343262910842895508e+00
4.238966941833496094e+00,-1.344951868057250977e+00
1.729183912277221680e+00,3.143275499343872070e+00
1.666786193847656250e+00,3.138326644897460938e+00
3.421114683151245117e+00,1.655221700668334961e+00
1.913931727409362793e+00,2.960910081863403320e+00
1.876983404159545898e+00,3.090771436691284180e+00
1.868335843086242676e+00,3.032834291458129883e+00
1.621712803840637207e+00,3.254620075225830078e+00
3.143665790557861328e+00,1.776616573333740234e+00
1.858566522598266602e+00,3.219983339309692383e+00
2.139273643493652344e+00,2.933437585830688477e+00
2.156872987747192383e+00,2.880971670150756836e+00
4.092388629913330078e+00,-1.736488819122314453e+00
1.699258565902709961e+00,3.244128942489624023e+00
2.166540622711181641e+00,2.903341293334960938e+00
1.905631065368652344e+00,3.127449750900268555e+00
4.165647029876708984e+00,-1.462672710418701172e+00
2.018853187561035156e+00,3.033072233200073242e+00
2.082941293716430664e+00,3.005740880966186523e+00
1.681827902793884277e+00,3.224351644515991211e+00
1.569659829139709473e+00,3.290673494338989258e+00
2.439729213714599609e+00,2.762365102767944336e+00
1.935312986373901367e+00,3.142977237701416016e+00
2.099021196365356445e+00,3.111214876174926758e+00
3.929520368576049805e+00,-2.502810716629028320e+00
1.994952559471130371e+00,2.984756708145141602e+00
1.791726231575012207e+00,3.080296754837036133e+00
3.810147523880004883e+00,7.679064869880676270e-01
1.673648357391357422e+00,3.138068199157714844e+00
1.761045694351196289e+00,3.211967229843139648e+00
1.429918408393859863e+00,3.334286212921142578e+00
2.018784999847412109e+00,3.002937793731689453e+00
1.742749452590942383e+00,3.135990858078002930e+00
1.449664831161499023e+00,3.440131187438964844e+00
1.892569065093994141e+00,3.041219711303710938e+00
1.905663013458251953e+00,3.181087017059326172e+00
1.417984724044799805e+00,3.334287881851196289e+00
4.049692630767822266e+00,-1.007561922073364258e+00
3.279122829437255859e+00,1.680058479309082031e+00
2.181186676025390625e+00,2.796556711196899414e+00
1.836695551872253418e+00,3.130290985107421875e+00
2.500976085662841797e+00,2.567939281463623047e+00
1.577225565910339355e+00,3.290502548217773438e+00
2.607436895370483398e+00,2.465439081192016602e+00
1.966148853302001953e+00,2.936020851135253906e+00
2.879602909088134766e+00,2.188113927841186523e+00
4.156922817230224609e+00,-9.693241119384765625e-01
2.074411392211914062e+00,2.864254236221313477e+00
1.579401373863220215e+00,3.186271667480468750e+00
1.419572234153747559e+00,3.630912303924560547e+00
2.019186735153198242e+00,3.097115755081176758e+00
1.577487826347351074e+00,3.367169618606567383e+00
1.689542651176452637e+00,3.080671310424804688e+00
1.488608717918395996e+00,3.302489995956420898e+00
1.693470954895019531e+00,3.237065553665161133e+00
3.519888639450073242e+00,1.363347530364990234e+00
1.232240080833435059e+00,3.470033645629882812e+00
2.129514932632446289e+00,2.810374021530151367e+00
1.665233135223388672e+00,3.267204046249389648e+00
2.959037780761718750e+00,-3.923062562942504883e+00
1.977991819381713867e+00,3.129619359970092773e+00
1.605055093765258789e+00,2.987118721008300781e+00
1.789879679679870605e+00,3.220162153244018555e+00
1.983194351196289062e+00,3.051554679870605469e+00
3.208088397979736328e+00,1.778424501419067383e+00
1.877772569656372070e+00,3.213195085525512695e+00
2.100737094879150391e+00,2.749627590179443359e+00
2.192495107650756836e+00,2.730809450149536133e+00
2.186091899871826172e+00,2.736148118972778320e+00
2.611035108566284180e+00,2.409388542175292969e+00
2.479380607604980469e+00,2.602975130081176758e+00
1.883361816406250000e+00,2.986409664154052734e+00
1.952307939529418945e+00,3.004375219345092773e+00
1.400332212448120117e+00,3.376594781875610352e+00
2.918184280395507812e+00,2.112699270248413086e+00
1.768509745597839355e+00,3.178951501846313477e+00
2.087515592575073242e+00,3.111692428588867188e+00
2.606735229492187500e+00,2.578476428985595703e+00
1.268678903579711914e+00,3.371488571166992188e+00
4.060296058654785156e+00,-1.698193073272705078e+00
2.515737295150756836e+00,2.625983476638793945e+00
2.070300817489624023e+00,3.016519784927368164e+00
1.846838355064392090e+00,3.131042480468750000e+00
3.683712244033813477e+00,-3.195082426071166992e+00
1.651573419570922852e+00,3.243270397186279297e+00
1.870573997497558594e+00,3.107356309890747070e+00
2.023355960845947266e+00,2.760944604873657227e+00
1.652121067047119141e+00,3.255344629287719727e+00
4.104794979095458984e+00,-1.044148087501525879e+00
2.271642684936523438e+00,2.774558067321777344e+00
2.398263216018676758e+00,2.581127643585205078e+00
2.518535375595092773e+00,2.531629323959350586e+00
1.724003553390502930e+00,2.945550680160522461e+00
2.360787391662597656e+00,2.669990777969360352e+00
1.350839734077453613e+00,3.401531934738159180e+00
2.865574359893798828e+00,2.105374574661254883e+00
1.314156055450439453e+00,3.440093517303466797e+00
4.140904903411865234e+00,-1.272606134414672852e+00
3.861809492111206055e+00,-2.712381601333618164e+00
1.932385444641113281e+00,2.858871221542358398e+00
1.688700437545776367e+00,3.287954330444335938e+00
1.590598106384277344e+00,3.247586965560913086e+00
1.536517024040222168e+00,3.255737543106079102e+00
2.346814870834350586e+00,2.852431058883666992e+00
2.215177536010742188e+00,2.741414785385131836e+00
2.144567966461181641e+00,2.789497137069702148e+00
1.873215436935424805e+00,2.980035066604614258e+00
2.178327083587646484e+00,2.992038965225219727e+00
1.784086942672729492e+00,3.111751794815063477e+00
1.756468296051025391e+00,2.998472452163696289e+00
2.833636522293090820e+00,1.885897159576416016e+00
1.454454660415649414e+00,3.547702550888061523e+00
3.102371454238891602e+00,2.023709058761596680e+00
1.428653240203857422e+00,3.224858283996582031e+00
1.604276418685913086e+00,3.372850656509399414e+00
1.687532424926757812e+00,3.197152137756347656e+00
2.029436349868774414e+00,2.905921697616577148e+00
3.497885704040527344e+00,-3.361156225204467773e+00
1.959483861923217773e+00,2.997437477111816406e+00
3.700423717498779297e+00,-3.189025640487670898e+00
1.527066230773925781e+00,3.436334609985351562e+00
1.446675539016723633e+00,3.077875852584838867e+00
1.241614341735839844e+00,3.441749572753906250e+00
1.452956318855285645e+00,3.328326940536499023e+00
1.887463808059692383e+00,3.141118049621582031e+00
1.454305887222290039e+00,3.458913087844848633e+00
2.377673625946044922e+00,2.728665351867675781e+00
2.030275821685791016e+00,2.640085935592651367e+00
4.044543266296386719e+00,2.823905646800994873e-01
2.448315143585205078e+00,2.619512557983398438e+00
1.638189435005187988e+00,3.264109849929809570e+00
1.485664248466491699e+00,3.300458669662475586e+00
1.656289815902709961e+00,3.242409467697143555e+00
2.008277177810668945e+00,3.067044019699096680e+00
1.802526593208312988e+00,3.327856779098510742e+00
1.769369006156921387e+00,3.177248716354370117e+00
2.991467952728271484e+00,2.036509990692138672e+00
2.120780706405639648e+00,2.914195299148559570e+00
3.101157188415527344e+00,2.010298967361450195e+00
1.713365793228149414e+00,3.217550277709960938e+00
1.931347131729125977e+00,2.939446210861206055e+00
1.502676725387573242e+00,3.369942903518676758e+00
1.875979423522949219e+00,2.971443414688110352e+00
1.817850351333618164e+00,3.082712411880493164e+00
2.066612958908081055e+00,2.930045127868652344e+00
1.952147722244262695e+00,2.966184377670288086e+00
1.528045654296875000e+00,3.356045007705688477e+00
1.520513534545898438e+00,3.257066011428833008e+00
2.928505659103393555e+00,2.154033899307250977e+00
1.620765447616577148e+00,3.236142158508300781e+00
1.953176856040954590e+00,3.016990900039672852e+00
1.567191123962402344e+00,3.211798429489135742e+00
4.082287311553955078e+00,-5.298251509666442871e-01
1.668325781822204590e+00,3.150762319564819336e+00
3.080771923065185547e+00,1.764726042747497559e+00
1.555064439773559570e+00,3.171726465225219727e+00
1.944136261940002441e+00,3.003596305847167969e+00
2.705482959747314453e+00,2.330929517745971680e+00
2.566998004913330078e+00,2.408820629119873047e+00
4.249360561370849609e+00,-5.068772435188293457e-01
2.206630229949951172e+00,2.699745178222656250e+00
3.677656412124633789e+00,1.120397925376892090e+00
2.284753561019897461e+00,2.779428720474243164e+00
4.277247428894042969e+00,-1.160706758499145508e+00
2.213515520095825195e+00,2.871575593948364258e+00
3.929476976394653320e+00,7.231855988502502441e-01
4.236392021179199219e+00,-6.667755246162414551e-01
2.117020130157470703e+00,2.974592924118041992e+00
1.536545157432556152e+00,3.230351686477661133e+00
1.532406568527221680e+00,3.399022340774536133e+00
2.104967355728149414e+00,2.996147871017456055e+00
1.707400798797607422e+00,3.073777437210083008e+00
3.372328281402587891e+00,-3.526798009872436523e+00
2.186097145080566406e+00,2.665468692779541016e+00
2.052896499633789062e+00,3.025274753570556641e+00
2.340545177459716797e+00,2.754128694534301758e+00
3.798492670059204102e+00,1.104350447654724121e+00
1.657371044158935547e+00,3.122187614440917969e+00
2.001779317855834961e+00,3.069548845291137695e+00
1.874856233596801758e+00,2.987324476242065430e+00
1.419578075408935547e+00,3.389416694641113281e+00
2.677153110504150391e+00,2.361962080001831055e+00
1.752871274948120117e+00,3.107176542282104492e+00
2.198357820510864258e+00,2.823220491409301758e+00
1.571970462799072266e+00,3.149422883987426758e+00
1.874294996261596680e+00,3.043871641159057617e+00
4.111858367919921875e+00,-1.927812218666076660e+00
3.569598913192749023e+00,1.087028145790100098e+00
1.983083844184875488e+00,3.088197708129882812e+00
4.136180877685546875e+00,9.199161827564239502e-02
2.451084375381469727e+00,2.741869449615478516e+00
1.736122131347656250e+00,3.309025049209594727e+00
2.065062522888183594e+00,2.941113948822021484e+00
2.557239055633544922e+00,2.487875699996948242e+00
3.820965766906738281e+00,7.106466889381408691e-01
3.539780139923095703e+00,-3.502321243286132812e+00
2.150384426116943359e+00,2.858721971511840820e+00
1.915064692497253418e+00,3.091694355010986328e+00
3.422590732574462891e+00,1.534146308898925781e+00
1.574805498123168945e+00,3.069113254547119141e+00
1.815285205841064453e+00,3.160136222839355469e+00
1.408197760581970215e+00,3.378307580947875977e+00
3.989836692810058594e+00,-2.409027099609375000e+00
2.178288698196411133e+00,2.638568401336669922e+00
2.107168197631835938e+00,2.618830919265747070e+00
3.136478424072265625e+00,1.731337070465087891e+00
2.250445365905761719e+00,2.955510616302490234e+00
2.556593894958496094e+00,2.448029756546020508e+00
1.665048599243164062e+00,3.222435474395751953e+00
2.363718986511230469e+00,2.662608861923217773e+00
1.791470766067504883e+00,3.161542892456054688e+00
1.698272228240966797e+00,2.932415962219238281e+00
1.549533486366271973e+00,3.241195678710937500e+00
1.528806924819946289e+00,3.395558118820190430e+00
1.268371105194091797e+00,3.386990308761596680e+00
2.269706249237060547e+00,2.822819948196411133e+00
1.598694562911987305e+00,3.226158380508422852e+00
1.684810996055603027e+00,3.217052698135375977e+00
1.966473698616027832e+00,2.939846277236938477e+00
1.788154721260070801e+00,3.114168882369995117e+00
1.334732055664062500e+00,3.489959001541137695e+00
1.435552716255187988e+00,3.421685457229614258e+00
1.341851592063903809e+00,3.432814359664916992e+00
1.492134571075439453e+00,3.307325601577758789e+00
1.777363777160644531e+00,3.060763359069824219e+00
1.582885980606079102e+00,3.341729640960693359e+00
2.601645469665527344e+00,2.557482481002807617e+00
1.926673889160156250e+00,2.969870805740356445e+00
1.935562014579772949e+00,3.116767406463623047e+00
1.638809800148010254e+00,3.214952707290649414e+00
4.117730617523193359e+00,-1.100218415260314941e+00
3.207020044326782227e+00,1.725087404251098633e+00
1.435738563537597656e+00,3.241276979446411133e+00
1.428260087966918945e+00,3.470950126647949219e+00
1.348261952400207520e+00,3.350909471511840820e+00
1.693760871887207031e+00,3.312716960906982422e+00
1.476173639297485352e+00,3.187140464782714844e+00
3.893428325653076172e+00,-2.897070646286010742e+00
1.576385021209716797e+00,3.409805059432983398e+00
1.380418658256530762e+00,3.371527910232543945e+00
3.268862485885620117e+00,-3.663391590118408203e+00
1.848936557769775391e+00,3.219164848327636719e+00
3.329703807830810547e+00,-3.579071283340454102e+00
4.142981052398681641e+00,-1.656117916107177734e+00
2.585071325302124023e+00,2.424937009811401367e+00
1.796909451484680176e+00,3.068650484085083008e+00
1.351417064666748047e+00,3.322423934936523438e+00
1.583891510963439941e+00,3.293467760086059570e+00
1.683779358863830566e+00,3.230139732360839844e+00
2.569342136383056641e+00,2.582625150680541992e+00
1.447018384933471680e+00,3.351553916931152344e+00
2.618102312088012695e+00,2.466089487075805664e+00
1.578802466392517090e+00,3.277650117874145508e+00
1.517511844635009766e+00,3.363740205764770508e+00
2.604527950286865234e+00,2.452692985534667969e+00
1.718325376510620117e+00,3.197852611541748047e+00
2.115480899810791016e+00,2.933430433273315430e+00
1.751385688781738281e+00,3.156524896621704102e+00
1.554584145545959473e+00,3.536689043045043945e+00
1.247585058212280273e+00,3.507124662399291992e+00
2.258061647415161133e+00,2.909415483474731445e+00
4.206128120422363281e+00,-2.280207276344299316e-01
2.115429639816284180e+00,2.942122220993041992e+00
1.500759601593017578e+00,3.309911489486694336e+00
1.585100769996643066e+00,3.238556623458862305e+00
1.707203030586242676e+00,3.276497602462768555e+00
1.867240786552429199e+00,3.116314172744750977e+00
1.685822963714599609e+00,3.213094472885131836e+00
1.929350018501281738e+00,3.190237283706665039e+00
2.273807048797607422e+00,2.712159872055053711e+00
1.547750353813171387e+00,3.399292707443237305e+00
1.441880583763122559e+00,3.432195663452148438e+00
1.540100812911987305e+00,3.364254713058471680e+00
2.278326988220214844e+00,2.750460624694824219e+00
4.013324737548828125e+00,-1.754306674003601074e+00
1.458798646926879883e+00,3.295647859573364258e+00
1.764308094978332520e+00,3.153888940811157227e+00
1.467113971710205078e+00,3.318474531173706055e+00
1.727291822433471680e+00,3.256319284439086914e+00
1.687129735946655273e+00,3.154511451721191406e+00
2.035120010375976562e+00,2.866917610168457031e+00
1.594372153282165527e+00,3.189913988113403320e+00
3.458377838134765625e+00,-3.626146554946899414e+00
3.318099737167358398e+00,-3.766130447387695312e+00
2.115486860275268555e+00,2.816791772842407227e+00
1.227545261383056641e+00,3.353378772735595703e+00
2.094038009643554688e+00,2.956166505813598633e+00
2.013315200805664062e+00,3.045703649520874023e+00
1.919332265853881836e+00,3.163200616836547852e+00
1.627993941307067871e+00,3.029390573501586914e+00
2.259279251098632812e+00,2.664085149765014648e+00
3.002912998199462891e+00,2.091958284378051758e+00
3.858499050140380859e+00,8.226736187934875488e-01
2.216407775878906250e+00,2.819144964218139648e+00
2.054953575134277344e+00,2.942643404006958008e+00
1.938065290451049805e+00,3.043627977371215820e+00
1.900440216064453125e+00,2.838857889175415039e+00
1.844382524490356445e+00,3.228873252868652344e+00
1.512825489044189453e+00,3.329635381698608398e+00
4.061289787292480469e+00,-1.513045310974121094e+00
1.653114080429077148e+00,3.259195327758789062e+00
2.036397933959960938e+00,2.909758806228637695e+00
2.212622165679931641e+00,2.819884061813354492e+00
1.842699408531188965e+00,3.149248123168945312e+00
2.691929578781127930e+00,2.443700551986694336e+00
1.699802875518798828e+00,3.354923486709594727e+00
4.073860645294189453e+00,-1.043971061706542969e+00
1.858973979949951172e+00,3.063903570175170898e+00
1.422014951705932617e+00,3.389847993850708008e+00
1.668923974037170410e+00,3.152949094772338867e+00
1.888825178146362305e+00,3.133524417877197266e+00
1.914555668830871582e+00,3.014146327972412109e+00
2.182933330535888672e+00,2.826516628265380859e+00
3.535598754882812500e+00,1.197749972343444824e+00
1.798074603080749512e+00,3.157090663909912109e+00
1.741033911705017090e+00,3.291866540908813477e+00
1.623765230178833008e+00,3.110790014266967773e+00
1.516114473342895508e+00,3.427712678909301758e+00
1.485185384750366211e+00,3.348187208175659180e+00
1.305818557739257812e+00,3.466524124145507812e+00
1.588748931884765625e+00,3.235865831375122070e+00
1.967436671257019043e+00,2.971445560455322266e+00
1.965480089187622070e+00,2.954134225845336914e+00
1.619971156120300293e+00,3.171784400939941406e+00
1.575230598449707031e+00,3.340312957763671875e+00
1.585654497146606445e+00,3.113916158676147461e+00
2.011492729187011719e+00,3.064944505691528320e+00
1.336073875427246094e+00,3.425963401794433594e+00
1.655747771263122559e+00,3.232207536697387695e+00
1.809774994850158691e+00,3.045863866806030273e+00
1.575332164764404297e+00,3.159748792648315430e+00
1.455770015716552734e+00,3.339303970336914062e+00
2.325741767883300781e+00,2.790485620498657227e+00
2.298969030380249023e+00,2.711055517196655273e+00
2.226865291595458984e+00,2.769824743270874023e+00
2.753648996353149414e+00,2.342228651046752930e+00
2.015602111816406250e+00,2.991762876510620117e+00
1.630920052528381348e+00,3.271823644638061523e+00
1.693406581878662109e+00,3.270311117172241211e+00
1.856890439987182617e+00,2.989927053451538086e+00
2.577075719833374023e+00,2.330106496810913086e+00
1.866768360137939453e+00,3.170000314712524414e+00
2.455455541610717773e+00,2.726926088333129883e+00
2.023073911666870117e+00,2.995123147964477539e+00
1.761994719505310059e+00,3.180943727493286133e+00
1.572844266891479492e+00,3.284199237823486328e+00
2.780487537384033203e+00,2.293216466903686523e+00
1.587541937828063965e+00,3.329991579055786133e+00
1.572712421417236328e+00,3.242539405822753906e+00
4.065872669219970703e+00,-2.941684722900390625e-01
1.883667588233947754e+00,3.180179834365844727e+00
1.512662887573242188e+00,3.396659612655639648e+00
1.721272230148315430e+00,3.230334043502807617e+00
1.512280225753784180e+00,3.220482826232910156e+00
2.118691205978393555e+00,2.941720962524414062e+00
2.701886177062988281e+00,2.446011304855346680e+00
3.502189636230468750e+00,-3.314648389816284180e+00
1.885052800178527832e+00,3.058369636535644531e+00
1.398759007453918457e+00,3.432661533355712891e+00
1.980897903442382812e+00,2.830473423004150391e+00
2.835578918457031250e+00,2.219161510467529297e+00
2.858206748962402344e+00,2.074928760528564453e+00
1.506086826324462891e+00,3.358261346817016602e+00
1.744858741760253906e+00,3.301016569137573242e+00
2.343730449676513672e+00,2.730843067169189453e+00
1.425630807876586914e+00,3.374582052230834961e+00
2.146739006042480469e+00,2.902511358261108398e+00
1.492140769958496094e+00,3.370987176895141602e+00
2.218118667602539062e+00,2.804885149002075195e+00
1.354555368423461914e+00,3.244357824325561523e+00
1.889431118965148926e+00,3.241559743881225586e+00
2.123642921447753906e+00,3.021026849746704102e+00
4.102403163909912109e+00,-1.465503334999084473e+00
2.268774032592773438e+00,2.815207242965698242e+00
2.282507419586181641e+00,2.723471879959106445e+00
2.118881702423095703e+00,2.818644762039184570e+00
1.637987613677978516e+00,3.193362951278686523e+00
1.626718759536743164e+00,3.300049543380737305e+00
2.171187400817871094e+00,2.829035282135009766e+00
1.472218036651611328e+00,3.375435113906860352e+00
1.778035163879394531e+00,3.189375400543212891e+00
1.795481204986572266e+00,3.024108409881591797e+00
1.413097381591796875e+00,3.358964920043945312e+00
3.958763837814331055e+00,-2.579270601272583008e+00
1.476860761642456055e+00,3.270673513412475586e+00
1.788963437080383301e+00,3.113129615783691406e+00
4.053276538848876953e+00,-3.333621025085449219e-01
1.906260251998901367e+00,3.100806713104248047e+00
1.701758146286010742e+00,3.113558292388916016e+00
3.685492038726806641e+00,-3.218021869659423828e+00
1.805523872375488281e+00,3.030062437057495117e+00
1.684113264083862305e+00,3.335176229476928711e+00
1.584771156311035156e+00,3.009471654891967773e+00
1.628703951835632324e+00,3.136064052581787109e+00
1.940585851669311523e+00,2.927545785903930664e+00
1.528612136840820312e+00,3.333624124526977539e+00
3.961354255676269531e+00,-2.020255327224731445e+00
1.822561740875244141e+00,3.243525028228759766e+00
1.780805706977844238e+00,3.178844213485717773e+00
1.619382858276367188e+00,3.374709367752075195e+00
2.718000650405883789e+00,2.273550748825073242e+00
1.633548498153686523e+00,3.229297399520874023e+00
2.150093078613281250e+00,2.985790491104125977e+00
2.296402692794799805e+00,2.604422092437744141e+00
2.162187814712524414e+00,2.968140840530395508e+00
2.475927829742431641e+00,2.683220624923706055e+00
4.135737895965576172e+00,-4.418892860412597656e-01
4.166959285736083984e+00,-1.332782745361328125e+00
1.976146221160888672e+00,2.953951835632324219e+00
2.296439886093139648e+00,2.753807067871093750e+00
2.248735904693603516e+00,2.589013814926147461e+00
2.439438343048095703e+00,2.405714750289916992e+00
1.887271165847778320e+00,3.127472639083862305e+00
1.831722736358642578e+00,3.183780908584594727e+00
1.634672522544860840e+00,3.370795488357543945e+00
3.661089181900024414e+00,-3.181678056716918945e+00
1.828557968139648438e+00,3.299451828002929688e+00
4.143427848815917969e+00,-1.537526488304138184e+00
1.777225375175476074e+00,3.283956527709960938e+00
1.785259246826171875e+00,3.215311765670776367e+00
2.100623130798339844e+00,2.944738626480102539e+00
1.984498858451843262e+00,3.008275270462036133e+00
1.779587507247924805e+00,3.202677011489868164e+00
1.485683441162109375e+00,3.296590566635131836e+00
3.005054712295532227e+00,2.071777582168579102e+00
1.761487245559692383e+00,3.227755546569824219e+00
1.606256127357482910e+00,3.289849758148193359e+00
2.839677810668945312e+00,2.133631467819213867e+00
2.064948797225952148e+00,2.888408422470092773e+00
1.901763916015625000e+00,2.994756937026977539e+00
1.683959841728210449e+00,3.216685056686401367e+00
1.689522624015808105e+00,3.225909471511840820e+00
1.286074042320251465e+00,3.240087509155273438e+00
1.567491650581359863e+00,3.290661573410034180e+00
1.754011273384094238e+00,3.183492422103881836e+00
3.968356370925903320e+00,5.808300375938415527e-01
1.706719875335693359e+00,3.308243513107299805e+00
3.028526306152343750e+00,1.972752928733825684e+00
3.819169521331787109e+00,-3.014169931411743164e+00
2.838624954223632812e+00,2.238696336746215820e+00
4.039803504943847656e+00,1.257213801145553589e-01
2.939152240753173828e+00,2.134217739105224609e+00
2.445559978485107422e+00,2.596258401870727539e+00
1.534884214401245117e+00,3.280479192733764648e+00
1.439288616180419922e+00,3.416932582855224609e+00
1.862399935722351074e+00,3.069929838180541992e+00
3.922510385513305664e+00,-2.640183448791503906e+00
2.097222089767456055e+00,3.132301092147827148e+00
1.879057765007019043e+00,3.152847528457641602e+00
1.988436460494995117e+00,2.815412521362304688e+00
1.776695609092712402e+00,3.194950342178344727e+00
3.456773996353149414e+00,-3.430243730545043945e+00
1.916691303253173828e+00,3.120238304138183594e+00
1.442486763000488281e+00,3.415552616119384766e+00
2.085804700851440430e+00,2.746642351150512695e+00
3.891189813613891602e+00,-2.331989526748657227e+00
1.633786916732788086e+00,3.178642272949218750e+00
1.497455835342407227e+00,3.326903581619262695e+00
2.347379207611083984e+00,2.413520812988281250e+00
2.059961557388305664e+00,2.857208490371704102e+00
3.091112613677978516e+00,1.967911601066589355e+00
2.246568202972412109e+00,2.680099964141845703e+00
2.323371648788452148e+00,2.719166994094848633e+00
2.029510021209716797e+00,2.935027360916137695e+00
1.839944243431091309e+00,3.356751441955566406e+00
1.624647378921508789e+00,3.215130567550659180e+00
1.559198617935180664e+00,3.404607295989990234e+00
3.135924577713012695e+00,1.744220733642578125e+00
1.598359107971191406e+00,3.119371652603149414e+00
1.886497855186462402e+00,3.052925348281860352e+00
3.075661897659301758e+00,1.863044619560241699e+00
1.847270250320434570e+00,3.108178377151489258e+00
1.511829614639282227e+00,3.209534406661987305e+00
2.071482658386230469e+00,2.968279600143432617e+00
1.715433835983276367e+00,3.241253852844238281e+00
1.849479556083679199e+00,3.036935329437255859e+00
1.670668363571166992e+00,3.226698160171508789e+00
1.634082317352294922e+00,3.222325563430786133e+00
1.998132109642028809e+00,2.989852190017700195e+00
1.699429869651794434e+00,3.286430120468139648e+00
1.739582538604736328e+00,3.157127618789672852e+00
1.668223619461059570e+00,3.225777864456176758e+00
2.297826766967773438e+00,2.770546197891235352e+00
3.180302143096923828e+00,1.923668980598449707e+00
2.101347446441650391e+00,2.909574508666992188e+00
1.481771469116210938e+00,3.282428503036499023e+00
1.456735253334045410e+00,3.423216104507446289e+00
2.046169042587280273e+00,3.131260633468627930e+00
1.746961116790771484e+00,3.118172883987426758e+00
1.460880994796752930e+00,3.289805889129638672e+00
2.649595975875854492e+00,2.285510301589965820e+00
1.459387063980102539e+00,3.166587829589843750e+00
3.274059295654296875e+00,-3.714984178543090820e+00
1.723441720008850098e+00,3.176092624664306641e+00
3.393432140350341797e+00,1.343542575836181641e+00
1.503907680511474609e+00,3.269840955734252930e+00
1.654403567314147949e+00,3.234957695007324219e+00
2.047731637954711914e+00,2.894162654876708984e+00
1.923657178878784180e+00,3.118515253067016602e+00
4.126050472259521484e+00,-6.612576246261596680e-01
2.764831542968750000e+00,2.308359384536743164e+00
2.293996810913085938e+00,2.701792478561401367e+00
3.603487014770507812e+00,-3.268357992172241211e+00
1.601118326187133789e+00,3.196326494216918945e+00
1.901965379714965820e+00,2.996142864227294922e+00
1.909518718719482422e+00,2.874588727951049805e+00
2.068768978118896484e+00,2.837943792343139648e+00
1.710929036140441895e+00,3.150298118591308594e+00
2.066628217697143555e+00,3.021320104598999023e+00
3.228379249572753906e+00,1.905165910720825195e+00
3.947210311889648438e+00,-2.308422803878784180e+00
1.685537576675415039e+00,3.234626293182373047e+00
2.146098375320434570e+00,2.897647142410278320e+00
1.648875117301940918e+00,3.280490636825561523e+00
1.905199289321899414e+00,3.177539110183715820e+00
2.181834220886230469e+00,2.813148736953735352e+00
4.171358585357666016e+00,-5.971266627311706543e-01
1.527674913406372070e+00,3.287847757339477539e+00
1.705444931983947754e+00,3.285764932632446289e+00
2.578659534454345703e+00,2.589236259460449219e+00
2.052108287811279297e+00,2.894900083541870117e+00
3.044757366180419922e+00,2.115492582321166992e+00
1.395104408264160156e+00,3.568565368652343750e+00
2.669049263000488281e+00,2.526145458221435547e+00
2.666487216949462891e+00,2.430536031723022461e+00
3.777042388916015625e+00,4.860389232635498047e-01
2.186755657196044922e+00,2.956075191497802734e+00
2.302418947219848633e+00,2.861576318740844727e+00
1.533871173858642578e+00,3.321248292922973633e+00
1.366566777229309082e+00,3.563457727432250977e+00
1.756612777709960938e+00,3.136216878890991211e+00
1.872681021690368652e+00,3.014954805374145508e+00
2.505056142807006836e+00,2.405554533004760742e+00
4.046090602874755859e+00,-1.780602693557739258e+00
1.927302241325378418e+00,2.928806066513061523e+00
1.824285984039306641e+00,3.014583826065063477e+00
3.108793258666992188e+00,1.808746814727783203e+00
2.296130657196044922e+00,2.787314653396606445e+00
1.995655298233032227e+00,2.959654092788696289e+00
2.758678436279296875e+00,2.402355432510375977e+00
1.675559043884277344e+00,3.251550912857055664e+00
1.503735065460205078e+00,3.288513898849487305e+00
4.170032024383544922e+00,-9.480751752853393555e-01
3.424107074737548828e+00,-3.499739885330200195e+00
1.908086061477661133e+00,2.993005037307739258e+00
1.560816407203674316e+00,3.253485441207885742e+00
4.033416271209716797e+00,-4.416455700993537903e-02
1.598551511764526367e+00,3.013556957244873047e+00
4.020498275756835938e+00,-2.231495857238769531e+00
1.401214838027954102e+00,3.283355951309204102e+00
1.744986534118652344e+00,3.228766202926635742e+00
1.594676971435546875e+00,3.332767963409423828e+00
1.590892791748046875e+00,3.413547754287719727e+00
3.688455820083618164e+00,-3.179728746414184570e+00
2.796741962432861328e+00,2.382844686508178711e+00
2.659895896911621094e+00,2.389506578445434570e+00
1.453061103820800781e+00,3.345975399017333984e+00
1.436496376991271973e+00,3.373036623001098633e+00
1.900942325592041016e+00,3.033819913864135742e+00
1.891602039337158203e+00,3.095210790634155273e+00
3.449974060058593750e+00,1.164420604705810547e+00
4.139406681060791016e+00,-1.010034084320068359e+00
1.512838840484619141e+00,3.289277315139770508e+00
1.796105146408081055e+00,3.074667692184448242e+00
1.392422795295715332e+00,3.262135267257690430e+00
2.304542541503906250e+00,2.680414915084838867e+00
2.507796287536621094e+00,2.536152124404907227e+00
2.025932073593139648e+00,2.911878108978271484e+00
2.554920673370361328e+00,2.457490682601928711e+00
1.823258638381958008e+00,3.198442220687866211e+00
1.832997202873229980e+00,3.252266645431518555e+00
1.471142172813415527e+00,3.426090955734252930e+00
3.555482864379882812e+00,1.117537021636962891e+00
1.910942554473876953e+00,3.051256895065307617e+00
1.374707937240600586e+00,3.434614658355712891e+00
1.913602232933044434e+00,3.008747577667236328e+00
2.952635288238525391e+00,2.128605127334594727e+00
1.638340353965759277e+00,3.012092351913452148e+00
1.543538808822631836e+00,3.218495368957519531e+00
1.575884938240051270e+00,3.030325889587402344e+00
1.508857131004333496e+00,3.282079458236694336e+00
1.522234916687011719e+00,3.174215078353881836e+00
1.998195767402648926e+00,3.033631563186645508e+00
9.631638526916503906e-01,3.610632181167602539e+00
1.558969497680664062e+00,3.109791517257690430e+00
1.996798992156982422e+00,3.030129671096801758e+00
1.780245900154113770e+00,3.135865449905395508e+00
2.030767917633056641e+00,2.910251617431640625e+00
2.538628578186035156e+00,2.511691570281982422e+00
2.223696231842041016e+00,2.830746173858642578e+00
1.533777952194213867e+00,3.314456939697265625e+00
3.955060005187988281e+00,-2.836627483367919922e+00
2.267392396926879883e+00,2.667022705078125000e+00
2.431039094924926758e+00,2.805314779281616211e+00
1.665983557701110840e+00,3.121904134750366211e+00
2.032593727111816406e+00,2.799275159835815430e+00
3.231999397277832031e+00,1.836237430572509766e+00
1.703904986381530762e+00,3.230751991271972656e+00
3.338550090789794922e+00,1.666161060333251953e+00
1.395305514335632324e+00,3.343840837478637695e+00
2.938638210296630859e+00,1.999573945999145508e+00
2.196605205535888672e+00,2.812374830245971680e+00
1.886564254760742188e+00,2.883875370025634766e+00
2.125317096710205078e+00,2.856255292892456055e+00
2.239914894104003906e+00,2.806784152984619141e+00
3.091063261032104492e+00,1.883432149887084961e+00
1.479107618331909180e+00,3.318222284317016602e+00
2.771923065185546875e+00,2.459518194198608398e+00
1.707478404045104980e+00,3.101620435714721680e+00
1.582735538482666016e+00,3.273415803909301758e+00
1.767523407936096191e+00,3.171823501586914062e+00
1.522650837898254395e+00,3.257181882858276367e+00
1.972400903701782227e+00,2.909596204757690430e+00
1.678081393241882324e+00,3.298988103866577148e+00
1.754313707351684570e+00,3.228760719299316406e+00
2.089145421981811523e+00,3.007632017135620117e+00
1.555790185928344727e+00,3.287014245986938477e+00
2.364408731460571289e+00,2.678341865539550781e+00
2.259289503097534180e+00,2.672867059707641602e+00
1.730664491653442383e+00,3.099357128143310547e+00
1.532785415649414062e+00,3.177982568740844727e+00
2.004751682281494141e+00,3.040211439132690430e+00
2.109563827514648438e+00,3.047273635864257812e+00
3.543998479843139648e+00,-3.416012048721313477e+00
1.926675319671630859e+00,3.097309112548828125e+00
1.854353547096252441e+00,3.080496788024902344e+00
1.895417928695678711e+00,3.214702844619750977e+00
2.541308879852294922e+00,2.504797935485839844e+00
1.561747312545776367e+00,3.272481441497802734e+00
1.420525550842285156e+00,3.325922727584838867e+00
1.547839641571044922e+00,3.280020952224731445e+00
1.840921878814697266e+00,2.935075759887695312e+00
3.830988168716430664e+00,-2.687671899795532227e+00
2.275046825408935547e+00,2.596681356430053711e+00
2.196450710296630859e+00,2.894443988800048828e+00
4.019709110260009766e+00,-5.053233504295349121e-01
2.220723152160644531e+00,2.799155235290527344e+00
2.381576061248779297e+00,2.719735383987426758e+00
2.131165981292724609e+00,2.997943639755249023e+00
2.339904785156250000e+00,2.625482559204101562e+00
1.824551701545715332e+00,3.118151426315307617e+00
2.125373363494873047e+00,2.657347917556762695e+00
1.715236663818359375e+00,3.362249612808227539e+00
1.697964549064636230e+00,3.146161794662475586e+00
1.771216869354248047e+00,3.232291698455810547e+00
3.179445266723632812e+00,-3.688107490539550781e+00
4.011324405670166016e+00,-1.695130348205566406e+00
3.194880962371826172e+00,-3.799344778060913086e+00
4.054888248443603516e+00,-1.459947586059570312e+00
1.349561929702758789e+00,3.437467813491821289e+00
2.157800436019897461e+00,2.775076866149902344e+00
2.041008710861206055e+00,3.151893854141235352e+00
2.195725679397583008e+00,2.909637212753295898e+00
1.600561857223510742e+00,3.334335803985595703e+00
3.926042556762695312e+00,-1.987239599227905273e+00
1.797703027725219727e+00,3.233627319335937500e+00
1.496327877044677734e+00,3.302350759506225586e+00
1.703528642654418945e+00,3.178476095199584961e+00
1.686058878898620605e+00,3.157210111618041992e+00
1.947186470031738281e+00,3.071897268295288086e+00
2.014595985412597656e+00,2.916803121566772461e+00
2.070024967193603516e+00,2.472854852676391602e+00
2.250872611999511719e+00,2.882508277893066406e+00
1.684305548667907715e+00,3.228849649429321289e+00
1.612432956695556641e+00,3.227462291717529297e+00
3.216872215270996094e+00,1.731499671936035156e+00
2.414875507354736328e+00,2.671316862106323242e+00
1.675067663192749023e+00,3.150642633438110352e+00
4.055283546447753906e+00,-1.507278442382812500e+00
1.976531267166137695e+00,2.997074127197265625e+00
2.608919858932495117e+00,2.407574415206909180e+00
1.949654459953308105e+00,2.996208429336547852e+00
1.702924013137817383e+00,3.124524593353271484e+00
2.353179454803466797e+00,2.675817728042602539e+00
1.579211115837097168e+00,3.140607118606567383e+00
4.043429851531982422e+00,-1.736530065536499023e+00
2.781418561935424805e+00,2.279522180557250977e+00
1.668985605239868164e+00,3.404896736145019531e+00
3.792623996734619141e+00,-2.945148468017578125e+00
2.890019893646240234e+00,2.345311164855957031e+00
2.418663024902343750e+00,2.671435594558715820e+00
2.051977634429931641e+00,2.978940725326538086e+00
1.659088373184204102e+00,3.135429382324218750e+00
2.207670450210571289e+00,2.944851636886596680e+00
1.111420392990112305e+00,3.528527975082397461e+00
2.860300540924072266e+00,2.161610126495361328e+00
1.803007721900939941e+00,3.069010257720947266e+00
3.125654220581054688e+00,-3.817433357238769531e+00
1.265810012817382812e+00,3.221731185913085938e+00
1.625190019607543945e+00,3.300044298171997070e+00
2.146800994873046875e+00,2.769137859344482422e+00
2.252357006072998047e+00,2.884363651275634766e+00
2.070962905883789062e+00,2.891227483749389648e+00
1.811283349990844727e+00,3.183758258819580078e+00
2.142795562744140625e+00,2.959199428558349609e+00
1.904026985168457031e+00,3.142264842987060547e+00
1.516722440719604492e+00,3.302134513854980469e+00
2.291895627975463867e+00,2.648537397384643555e+00
1.772193789482116699e+00,3.219912290573120117e+00
1.714724779129028320e+00,3.119648218154907227e+00
1.274529337882995605e+00,3.402393102645874023e+00
1.974051713943481445e+00,3.143779277801513672e+00
2.025927066802978516e+00,3.028251409530639648e+00
1.776788353919982910e+00,3.146783113479614258e+00
1.744806528091430664e+00,3.284820795059204102e+00
2.243826866149902344e+00,2.815966367721557617e+00
1.534359455108642578e+00,3.279192447662353516e+00
1.328509807586669922e+00,3.403578281402587891e+00
2.000841140747070312e+00,2.825682401657104492e+00
1.932059168815612793e+00,3.152771472930908203e+00
1.765699028968811035e+00,3.296798944473266602e+00
2.073024749755859375e+00,3.015851259231567383e+00
1.913767218589782715e+00,3.053352594375610352e+00
1.642951011657714844e+00,3.209194660186767578e+00
1.833753824234008789e+00,3.109116315841674805e+00
1.668694019317626953e+00,3.310694217681884766e+00
2.163111686706542969e+00,2.880651235580444336e+00
2.137159109115600586e+00,2.920399427413940430e+00
2.289551973342895508e+00,2.551014661788940430e+00
1.460253953933715820e+00,3.313930273056030273e+00
1.833119153976440430e+00,3.065973520278930664e+00
3.197381973266601562e+00,1.797678232192993164e+00
1.659828066825866699e+00,3.210469722747802734e+00
2.164207935333251953e+00,2.929236888885498047e+00
1.695525169372558594e+00,3.315963983535766602e+00
1.366704583168029785e+00,3.436423063278198242e+00
2.223652362823486328e+00,2.710409402847290039e+00
2.078396081924438477e+00,2.934394121170043945e+00
1.824709057807922363e+00,3.244567155838012695e+00
1.735266566276550293e+00,3.312796592712402344e+00
2.395539045333862305e+00,2.713424444198608398e+00
2.070994615554809570e+00,2.910619497299194336e+00
1.668947935104370117e+00,3.344376325607299805e+00
1.736886024475097656e+00,3.091911792755126953e+00
1.651566743850708008e+00,3.310317516326904297e+00
1.918195247650146484e+00,3.043221235275268555e+00
2.702613830566406250e+00,2.290321111679077148e+00
3.697060823440551758e+00,9.167094230651855469e-01
1.542078495025634766e+00,3.236186742782592773e+00
2.116171360015869141e+00,2.885234355926513672e+00
2.349811792373657227e+00,2.937566995620727539e+00
1.452480196952819824e+00,3.467685699462890625e+00
2.220901727676391602e+00,2.824481725692749023e+00
1.502749443054199219e+00,3.214288949966430664e+00
1.620565533638000488e+00,3.067536115646362305e+00
1.882489085197448730e+00,3.119252920150756836e+00
4.162018775939941406e+00,-9.768726229667663574e-01
2.144708156585693359e+00,2.848679304122924805e+00
2.007613897323608398e+00,2.985754251480102539e+00
2.042583227157592773e+00,3.002523660659790039e+00
2.995269060134887695e+00,-3.875328779220581055e+00
1.484568595886230469e+00,3.334100008010864258e+00
2.468519210815429688e+00,2.612803697586059570e+00
1.720976829528808594e+00,3.305512905120849609e+00
2.061353683471679688e+00,2.777261018753051758e+00
1.631191730499267578e+00,3.122749328613281250e+00
2.079289913177490234e+00,2.969223976135253906e+00
2.135231256484985352e+00,2.762473344802856445e+00
1.863758325576782227e+00,2.997759580612182617e+00
1.711807966232299805e+00,3.185811758041381836e+00
1.786023616790771484e+00,3.183515310287475586e+00
2.024886131286621094e+00,2.905272245407104492e+00
1.730928778648376465e+00,3.107528686523437500e+00
1.552803754806518555e+00,3.364396810531616211e+00
1.508060455322265625e+00,3.242893695831298828e+00
1.949419856071472168e+00,3.160388469696044922e+00
1.610959529876708984e+00,3.232531785964965820e+00
1.408887147903442383e+00,3.406232595443725586e+00
2.488027095794677734e+00,2.542326688766479492e+00
1.734743833541870117e+00,3.212027549743652344e+00
3.289036750793457031e+00,-3.555618047714233398e+00
1.413909673690795898e+00,3.270219802856445312e+00
3.766477108001708984e+00,-2.923446178436279297e+00
1.607686042785644531e+00,3.173000574111938477e+00
3.459548950195312500e+00,1.553115487098693848e+00
1.787321329116821289e+00,3.182169675827026367e+00
1.803941369056701660e+00,3.184583425521850586e+00
1.882135629653930664e+00,3.157930135726928711e+00
1.311748743057250977e+00,3.262573242187500000e+00
1.688906908035278320e+00,3.058954238891601562e+00
1.705697059631347656e+00,2.985944986343383789e+00
1.944929838180541992e+00,3.117498636245727539e+00
1.438905239105224609e+00,3.289639472961425781e+00
3.461843013763427734e+00,1.377501010894775391e+00
1.475724816322326660e+00,3.306230306625366211e+00
4.040889263153076172e+00,-6.977905631065368652e-01
2.717136383056640625e+00,2.502682447433471680e+00
1.527266502380371094e+00,3.309914350509643555e+00
1.457178592681884766e+00,3.348140001296997070e+00
1.702933549880981445e+00,3.269076585769653320e+00
2.584685325622558594e+00,2.480255365371704102e+00
1.929261684417724609e+00,2.980568408966064453e+00
3.146415233612060547e+00,-3.736646413803100586e+00
2.412395954132080078e+00,2.536924123764038086e+00
1.334851503372192383e+00,3.486250400543212891e+00
1.973603367805480957e+00,3.099715232849121094e+00
3.876165151596069336e+00,-2.479252338409423828e+00
1.570435285568237305e+00,3.093311071395874023e+00
2.313482284545898438e+00,2.625019788742065430e+00
1.426057100296020508e+00,3.466603755950927734e+00
1.950912952423095703e+00,3.057947635650634766e+00
1.533005475997924805e+00,3.288384199142456055e+00
1.697768926620483398e+00,3.362398386001586914e+00
1.691376924514770508e+00,3.100691556930541992e+00
2.325468301773071289e+00,2.822355508804321289e+00
1.701632976531982422e+00,3.319516658782958984e+00
1.701186656951904297e+00,3.164562940597534180e+00
1.327606081962585449e+00,3.427706480026245117e+00
1.838671207427978516e+00,3.171203374862670898e+00
1.710681915283203125e+00,3.221818208694458008e+00
1.389258146286010742e+00,3.348163604736328125e+00
2.340095758438110352e+00,2.744708299636840820e+00
2.448450803756713867e+00,2.566828012466430664e+00
2.101428985595703125e+00,2.862245321273803711e+00
4.201522827148437500e+00,-4.443415403366088867e-01
1.703996181488037109e+00,3.025976896286010742e+00
2.558292388916015625e+00,2.643537044525146484e+00
1.789867281913757324e+00,3.107377290725708008e+00
1.748651027679443359e+00,3.202526807785034180e+00
1.381162762641906738e+00,3.435425043106079102e+00
1.902422428131103516e+00,3.208128690719604492e+00
3.841452598571777344e+00,-2.914887666702270508e+00
3.379655361175537109e+00,1.689414381980895996e+00
1.682678818702697754e+00,3.278086900711059570e+00
1.393581867218017578e+00,3.359210491180419922e+00
1.436671972274780273e+00,3.408854246139526367e+00
1.892874598503112793e+00,3.154222249984741211e+00
1.426101326942443848e+00,3.274686574935913086e+00
2.393485307693481445e+00,2.628572225570678711e+00
1.404378175735473633e+00,3.257830142974853516e+00
1.877351284027099609e+00,3.111850261688232422e+00
2.832716941833496094e+00,2.217453718185424805e+00
1.810382366180419922e+00,3.074147939682006836e+00
2.009186267852783203e+00,2.827428340911865234e+00
2.622724294662475586e+00,2.438114881515502930e+00
3.373475551605224609e+00,1.750777959823608398e+00
1.916221618652343750e+00,3.080201387405395508e+00
1.575807809829711914e+00,3.191873311996459961e+00
2.660402774810791016e+00,2.473260641098022461e+00
1.849831461906433105e+00,3.175411224365234375e+00
1.924743294715881348e+00,3.216598272323608398e+00
1.679548382759094238e+00,3.263422250747680664e+00
2.283138275146484375e+00,2.719548463821411133e+00
3.866780281066894531e+00,-2.675769567489624023e+00
2.045914649963378906e+00,2.850116014480590820e+00
1.375987648963928223e+00,3.536751985549926758e+00
3.376323938369750977e+00,-3.594315052032470703e+00
1.524000287055969238e+00,3.213926792144775391e+00
1.995571970939636230e+00,2.906135797500610352e+00
1.414092540740966797e+00,3.400938749313354492e+00
1.464489817619323730e+00,3.427167654037475586e+00
2.098025798797607422e+00,2.984427928924560547e+00
2.004280567169189453e+00,2.936366319656372070e+00
2.035531044006347656e+00,3.015184640884399414e+00
2.103152275085449219e+00,2.840751409530639648e+00
1.908270835876464844e+00,2.974758863449096680e+00
1.539801359176635742e+00,3.270947694778442383e+00
1.436946392059326172e+00,3.450768470764160156e+00
1.764597654342651367e+00,2.953732728958129883e+00
1.739702105522155762e+00,3.221627950668334961e+00
1.317045688629150391e+00,3.543875455856323242e+00
3.864817619323730469e+00,-2.781215667724609375e+00
3.893118858337402344e+00,-2.724020242691040039e+00
1.753110885620117188e+00,3.139907121658325195e+00
1.501757860183715820e+00,3.296971797943115234e+00
2.144509315490722656e+00,2.812543630599975586e+00
2.042113542556762695e+00,2.926355361938476562e+00
1.685544729232788086e+00,3.096427679061889648e+00
2.847020149230957031e+00,2.245679140090942383e+00
1.329713702201843262e+00,3.471554994583129883e+00
1.717107057571411133e+00,3.217373609542846680e+00
1.971787810325622559e+00,3.224335908889770508e+00
3.974566459655761719e+00,-2.588059663772583008e+00
2.201524496078491211e+00,2.916211843490600586e+00
1.838765144348144531e+00,3.057232618331909180e+00
1.455627918243408203e+00,3.345219850540161133e+00
2.885411262512207031e+00,2.122976779937744141e+00
2.049618244171142578e+00,2.971769094467163086e+00
2.933762073516845703e+00,2.180202722549438477e+00
2.114287376403808594e+00,2.796382904052734375e+00
4.242909908294677734e+00,-7.918094992637634277e-01
2.408018589019775391e+00,2.599963665008544922e+00
3.161481380462646484e+00,1.938451886177062988e+00
1.402450561523437500e+00,3.264835596084594727e+00
2.852170467376708984e+00,2.321566343307495117e+00
1.342442393302917480e+00,3.357591390609741211e+00
1.697441101074218750e+00,3.306043386459350586e+00
1.333340644836425781e+00,3.381424665451049805e+00
1.962500452995300293e+00,3.128972291946411133e+00
3.000084400177001953e+00,2.085166692733764648e+00
2.460191488265991211e+00,2.459233522415161133e+00
2.461386680603027344e+00,2.679309129714965820e+00
2.335543155670166016e+00,2.952384233474731445e+00
1.885762333869934082e+00,3.098625898361206055e+00
1.803235173225402832e+00,3.035772085189819336e+00
2.522199630737304688e+00,2.472173452377319336e+00
1.772344470024108887e+00,3.320032835006713867e+00
2.134530544281005859e+00,2.978832006454467773e+00
1.655574917793273926e+00,3.148602485656738281e+00
1.957484245300292969e+00,2.995967626571655273e+00
1.406145930290222168e+00,3.395191192626953125e+00
1.832625865936279297e+00,3.094143152236938477e+00
4.097601890563964844e+00,4.646362662315368652e-01
1.794020891189575195e+00,3.264362573623657227e+00
1.628696680068969727e+00,3.237108469009399414e+00
3.878327846527099609e+00,7.452462911605834961e-01
1.291627049446105957e+00,3.388809442520141602e+00
1.763759613037109375e+00,3.236897945404052734e+00
1.931005477905273438e+00,3.068603038787841797e+00
1.713278293609619141e+00,3.112975835800170898e+00
2.777276515960693359e+00,-4.034060001373291016e+00
1.689705252647399902e+00,3.260154962539672852e+00
1.784665942192077637e+00,3.264649629592895508e+00
1.706340074539184570e+00,3.185323476791381836e+00
1.651934027671813965e+00,3.249918460845947266e+00
1.727735400199890137e+00,3.096113920211791992e+00
1.713108539581298828e+00,3.249723434448242188e+00
4.222204685211181641e+00,-1.302638173103332520e+00
3.332340002059936523e+00,-3.514362573623657227e+00
1.580227136611938477e+00,3.274321794509887695e+00
3.927034854888916016e+00,-2.346469163894653320e+00
1.777266383171081543e+00,3.166338920593261719e+00
1.929645299911499023e+00,3.063862562179565430e+00
1.632175326347351074e+00,3.264533519744873047e+00
1.548095345497131348e+00,3.218827486038208008e+00
1.449143886566162109e+00,3.380742788314819336e+00
3.929315328598022461e+00,-2.303436756134033203e+00
1.515261292457580566e+00,3.292063951492309570e+00
1.940147519111633301e+00,3.140223741531372070e+00
1.617453455924987793e+00,3.247154474258422852e+00
1.900716066360473633e+00,3.021268367767333984e+00
2.032176256179809570e+00,3.035003662109375000e+00
1.438547372817993164e+00,3.423929214477539062e+00
1.822138547897338867e+00,3.097021818161010742e+00
3.828697681427001953e+00,-2.770548582077026367e+00
1.972588062286376953e+00,3.057182550430297852e+00
1.468842029571533203e+00,3.249527215957641602e+00
3.186413288116455078e+00,1.787133693695068359e+00
1.740136504173278809e+00,3.072423696517944336e+00
2.149394989013671875e+00,2.857933044433593750e+00
1.169412136077880859e+00,3.563306808471679688e+00
1.574325561523437500e+00,3.215282678604125977e+00
1.702800393104553223e+00,3.121621370315551758e+00
2.038552761077880859e+00,3.008930921554565430e+00
1.640813112258911133e+00,3.264295339584350586e+00
2.536079406738281250e+00,2.544712543487548828e+00
2.430533885955810547e+00,2.571304082870483398e+00
1.966375350952148438e+00,3.015088796615600586e+00
2.022678852081298828e+00,3.175945520401000977e+00
1.358456611633300781e+00,3.327153921127319336e+00
1.618269920349121094e+00,3.169641017913818359e+00
2.001430511474609375e+00,3.079760551452636719e+00
1.760904312133789062e+00,3.210383653640747070e+00
1.963358521461486816e+00,3.010252475738525391e+00
1.942386269569396973e+00,3.057878017425537109e+00
2.684105157852172852e+00,2.466779947280883789e+00
1.674903392791748047e+00,3.119657278060913086e+00
1.577380776405334473e+00,3.358800172805786133e+00
3.249672412872314453e+00,1.746793508529663086e+00
1.566255331039428711e+00,3.240303516387939453e+00
3.031502962112426758e+00,1.922086000442504883e+00
1.645588159561157227e+00,3.131021261215209961e+00
1.673695445060729980e+00,3.303272247314453125e+00
1.842637896537780762e+00,3.140861988067626953e+00
1.927795410156250000e+00,3.000951528549194336e+00
1.439719915390014648e+00,3.296169757843017578e+00
1.643435716629028320e+00,3.215435743331909180e+00
2.774074792861938477e+00,2.349862098693847656e+00
2.553915023803710938e+00,2.569967269897460938e+00
1.468769788742065430e+00,3.330206632614135742e+00
1.481676101684570312e+00,3.296956777572631836e+00
1.589469671249389648e+00,3.235929250717163086e+00
2.318046569824218750e+00,2.757271051406860352e+00
1.789132833480834961e+00,3.166433095932006836e+00
2.630584239959716797e+00,2.386945009231567383e+00
1.298597812652587891e+00,3.365363836288452148e+00
1.556387662887573242e+00,3.103886604309082031e+00
1.630639314651489258e+00,3.159551143646240234e+00
3.553674221038818359e+00,-3.308633565902709961e+00
2.733156442642211914e+00,2.443281888961791992e+00
2.475735664367675781e+00,2.463897228240966797e+00
1.856117486953735352e+00,3.134498357772827148e+00
1.536126375198364258e+00,3.216661214828491211e+00
2.096298694610595703e+00,2.908003330230712891e+00
1.953061461448669434e+00,3.202926874160766602e+00
1.653467774391174316e+00,3.371919870376586914e+00
1.502618551254272461e+00,3.250003814697265625e+00
1.926141738891601562e+00,3.150616884231567383e+00
2.844757080078125000e+00,2.376414299011230469e+00
1.953962326049804688e+00,2.911693811416625977e+00
1.762175798416137695e+00,3.243861913681030273e+00
1.686898350715637207e+00,3.135628223419189453e+00
1.775147438049316406e+00,3.074796915054321289e+00
1.560159921646118164e+00,3.259985685348510742e+00
2.701323986053466797e+00,2.423490285873413086e+00
1.593466281890869141e+00,3.242814779281616211e+00
3.852800130844116211e+00,7.150357365608215332e-01
2.209385156631469727e+00,2.825549840927124023e+00
1.934411525726318359e+00,3.037531137466430664e+00
2.308189630508422852e+00,2.737928390502929688e+00
1.459597229957580566e+00,3.214788198471069336e+00
2.241921663284301758e+00,2.837066650390625000e+00
1.700075149536132812e+00,3.107017993927001953e+00
1.940483570098876953e+00,3.052961826324462891e+00
4.090142726898193359e+00,-1.779220223426818848e+00
1.578609704971313477e+00,3.260460138320922852e+00
1.858454585075378418e+00,3.160385847091674805e+00
4.065433025360107422e+00,-1.657338857650756836e+00
1.597525119781494141e+00,3.336294889450073242e+00
3.821285486221313477e+00,-2.541887760162353516e+00
2.953213214874267578e+00,2.230802297592163086e+00
1.738890647888183594e+00,3.187185525894165039e+00
3.382459640502929688e+00,-3.569706201553344727e+00
3.866143941879272461e+00,7.266417741775512695e-01
2.536177396774291992e+00,2.415526628494262695e+00
4.159541606903076172e+00,-1.527313113212585449e+00
1.998504042625427246e+00,2.981668949127197266e+00
2.313129901885986328e+00,2.734925508499145508e+00
2.522499799728393555e+00,2.283434629440307617e+00
4.172049999237060547e+00,-1.284158110618591309e+00
1.584282398223876953e+00,3.209707021713256836e+00
1.599565267562866211e+00,3.186016321182250977e+00
1.706082463264465332e+00,3.238772630691528320e+00
2.374604225158691406e+00,2.681433916091918945e+00
2.288492679595947266e+00,2.894823312759399414e+00
1.600485086441040039e+00,3.336581468582153320e+00
1.551243305206298828e+00,3.251695156097412109e+00
1.845357656478881836e+00,3.108675241470336914e+00
3.105397224426269531e+00,1.993532061576843262e+00
1.877038717269897461e+00,3.071530103683471680e+00
3.870648622512817383e+00,4.466008245944976807e-01
1.425683498382568359e+00,3.540758848190307617e+00
1.338146448135375977e+00,3.416326761245727539e+00
2.284122943878173828e+00,2.915023565292358398e+00
2.825403213500976562e+00,2.374824762344360352e+00
2.274610519409179688e+00,2.767124414443969727e+00
1.963208198547363281e+00,2.991831779479980469e+00
1.402671813964843750e+00,3.388485193252563477e+00
1.978999257087707520e+00,2.943809032440185547e+00
2.714664220809936523e+00,2.307069063186645508e+00
2.311569213867187500e+00,2.647150754928588867e+00
2.064791202545166016e+00,2.997046709060668945e+00
1.959877967834472656e+00,2.899173259735107422e+00
2.089634418487548828e+00,2.932459592819213867e+00
2.221626758575439453e+00,2.845027685165405273e+00
1.662829995155334473e+00,3.172973632812500000e+00
1.497130632400512695e+00,3.360813617706298828e+00
1.643195152282714844e+00,3.173574686050415039e+00
4.034092426300048828e+00,-1.523227572441101074e+00
2.288227558135986328e+00,2.618882894515991211e+00
3.800908088684082031e+00,8.867747187614440918e-01
2.271421909332275391e+00,2.685589790344238281e+00
1.667704820632934570e+00,3.336026191711425781e+00
1.601984381675720215e+00,2.974651098251342773e+00
3.950288534164428711e+00,3.150179684162139893e-01
1.841834545135498047e+00,3.170370101928710938e+00
2.601454257965087891e+00,2.134758710861206055e+00
1.403318405151367188e+00,3.304010152816772461e+00
2.138324737548828125e+00,2.893798828125000000e+00
1.458238363265991211e+00,3.294199705123901367e+00
1.685134530067443848e+00,3.053423404693603516e+00
1.705272555351257324e+00,3.054551601409912109e+00
1.732066392898559570e+00,3.262709856033325195e+00
1.494399309158325195e+00,3.204705953598022461e+00
2.070522069931030273e+00,2.920275211334228516e+00
1.454916000366210938e+00,3.267665624618530273e+00
1.762171030044555664e+00,3.082644224166870117e+00
1.718969583511352539e+00,3.088146924972534180e+00
2.048696279525756836e+00,3.102076768875122070e+00
2.198170661926269531e+00,2.957830667495727539e+00
1.765804052352905273e+00,3.330178260803222656e+00
9.591224789619445801e-01,3.603471994400024414e+00
1.321706056594848633e+00,3.467465639114379883e+00
1.708137512207031250e+00,3.065207242965698242e+00
1.760724306106567383e+00,3.181718826293945312e+00
1.764713764190673828e+00,3.193252086639404297e+00
1.574920177459716797e+00,3.294686079025268555e+00
2.604552745819091797e+00,2.420812129974365234e+00
2.621860027313232422e+00,-4.129255771636962891e+00
1.569658041000366211e+00,3.205642700195312500e+00
1.372467517852783203e+00,3.349711179733276367e+00
1.882337331771850586e+00,2.998025178909301758e+00
1.712690949440002441e+00,3.186930418014526367e+00
1.703858494758605957e+00,3.279654264450073242e+00
1.636442065238952637e+00,3.338605880737304688e+00
1.458251118659973145e+00,3.186649322509765625e+00
2.030953884124755859e+00,2.934463262557983398e+00
1.759067773818969727e+00,3.070005416870117188e+00
1.672258853912353516e+00,3.229491949081420898e+00
1.927413702011108398e+00,3.074353933334350586e+00
2.286167144775390625e+00,2.648939132690429688e+00
1.712579846382141113e+00,3.201516389846801758e+00
2.063206195831298828e+00,2.985151290893554688e+00
1.620057106018066406e+00,3.285980463027954102e+00
1.987244725227355957e+00,3.087976217269897461e+00
1.445230960845947266e+00,3.200469970703125000e+00
2.371867179870605469e+00,2.632458448410034180e+00
2.039509057998657227e+00,2.900226831436157227e+00
1.658030748367309570e+00,3.182083368301391602e+00
1.761203765869140625e+00,3.198400259017944336e+00
3.335414409637451172e+00,-3.688970804214477539e+00
1.402937173843383789e+00,3.354305982589721680e+00
1.696302413940429688e+00,3.133733987808227539e+00
2.341199636459350586e+00,2.634494066238403320e+00
1.505675792694091797e+00,3.331346273422241211e+00
4.095325469970703125e+00,-1.270030021667480469e+00
2.418431043624877930e+00,2.630684852600097656e+00
1.656844735145568848e+00,3.111647844314575195e+00
1.798468947410583496e+00,3.073032617568969727e+00
1.713163137435913086e+00,3.290387630462646484e+00
1.203489303588867188e+00,3.451107501983642578e+00
2.008448600769042969e+00,2.968513250350952148e+00
1.489330291748046875e+00,3.263453722000122070e+00
2.591524839401245117e+00,2.529983758926391602e+00
2.523034811019897461e+00,2.566781282424926758e+00
1.858263850212097168e+00,3.050461053848266602e+00
3.174496173858642578e+00,1.730861902236938477e+00
1.931596398353576660e+00,2.916444540023803711e+00
2.339106082916259766e+00,2.657736063003540039e+00
3.757824897766113281e+00,1.078199863433837891e+00
1.586396455764770508e+00,3.304032802581787109e+00
1.542784094810485840e+00,3.247885465621948242e+00
1.915976524353027344e+00,2.977512121200561523e+00
3.024664163589477539e+00,-3.878366470336914062e+00
1.958806276321411133e+00,2.945792675018310547e+00
1.827116608619689941e+00,3.075621843338012695e+00
1.716817140579223633e+00,3.125653028488159180e+00
1.557779192924499512e+00,3.342106103897094727e+00
2.108370065689086914e+00,2.901363611221313477e+00
2.251860141754150391e+00,2.913242101669311523e+00
1.607284069061279297e+00,3.200870037078857422e+00
1.467378497123718262e+00,3.304779529571533203e+00
1.727958559989929199e+00,3.228482961654663086e+00
1.651093363761901855e+00,3.241979837417602539e+00
3.516685247421264648e+00,1.170669317245483398e+00
1.837553143501281738e+00,3.213307857513427734e+00
1.145628929138183594e+00,3.339202642440795898e+00
1.698011875152587891e+00,3.168435335159301758e+00
2.145147800445556641e+00,2.787525177001953125e+00
1.746087074279785156e+00,3.246049642562866211e+00
2.099860191345214844e+00,3.086448669433593750e+00
1.742206335067749023e+00,3.140937328338623047e+00
1.722317695617675781e+00,3.200248479843139648e+00
1.863328337669372559e+00,3.004601716995239258e+00
1.680033445358276367e+00,3.214073419570922852e+00
2.365350484848022461e+00,2.636825561523437500e+00
2.545154571533203125e+00,2.371601343154907227e+00
1.141644477844238281e+00,3.453842878341674805e+00
2.841716766357421875e+00,1.974631309509277344e+00
1.708474397659301758e+00,3.097399950027465820e+00
1.639459133148193359e+00,3.195722103118896484e+00
3.430179834365844727e+00,-3.569067716598510742e+00
1.848190426826477051e+00,3.183520317077636719e+00
2.626095533370971680e+00,-4.127770423889160156e+00
2.838016271591186523e+00,-3.948851346969604492e+00
1.555929183959960938e+00,3.273396253585815430e+00
1.656231403350830078e+00,3.076805830001831055e+00
1.487305998802185059e+00,3.273190259933471680e+00
1.878457427024841309e+00,3.012085914611816406e+00
1.861039042472839355e+00,3.088979482650756836e+00
4.227356910705566406e+00,-1.099346876144409180e+00
1.880635023117065430e+00,3.077473878860473633e+00
2.191568851470947266e+00,2.941425800323486328e+00
1.936225056648254395e+00,3.189234733581542969e+00
2.032954216003417969e+00,2.942887067794799805e+00
4.049713611602783203e+00,-2.223942279815673828e+00
1.737564206123352051e+00,3.248125314712524414e+00
2.545061111450195312e+00,2.541261434555053711e+00
4.108353137969970703e+00,-1.841830015182495117e-01
1.799797058105468750e+00,3.176281929016113281e+00
1.670656561851501465e+00,3.280237436294555664e+00
1.723622441291809082e+00,3.196947813034057617e+00
1.491697549819946289e+00,3.288947820663452148e+00
3.570915699005126953e+00,-3.320692300796508789e+00
1.723324775695800781e+00,3.055164575576782227e+00
1.461060762405395508e+00,3.388891935348510742e+00
1.643661022186279297e+00,3.319877624511718750e+00
1.404388904571533203e+00,3.295431375503540039e+00
1.837120771408081055e+00,2.918482065200805664e+00
1.869867920875549316e+00,3.215018272399902344e+00
1.797220706939697266e+00,3.102198600769042969e+00
1.693551540374755859e+00,3.218595266342163086e+00
1.982910156250000000e+00,2.935540914535522461e+00
1.665811061859130859e+00,3.041344881057739258e+00
1.748876571655273438e+00,3.272893428802490234e+00
1.904944777488708496e+00,2.870151281356811523e+00
1.756898283958435059e+00,3.068619012832641602e+00
2.063345432281494141e+00,2.954605102539062500e+00
1.484128952026367188e+00,3.210464239120483398e+00
2.156928777694702148e+00,2.843113660812377930e+00
2.893763542175292969e+00,2.139384746551513672e+00
2.157795190811157227e+00,2.829095125198364258e+00
1.510357856750488281e+00,3.379682779312133789e+00
2.050326347351074219e+00,3.068433523178100586e+00
1.879102945327758789e+00,3.114093542098999023e+00
1.778826832771301270e+00,3.151062488555908203e+00
2.704818487167358398e+00,2.434921503067016602e+00
1.697529792785644531e+00,3.230511903762817383e+00
1.654577493667602539e+00,3.341615200042724609e+00
3.617572307586669922e+00,1.072212100028991699e+00
1.650705695152282715e+00,3.233744144439697266e+00
1.544330358505249023e+00,3.217264413833618164e+00
2.380875110626220703e+00,2.585978746414184570e+00
3.892776489257812500e+00,-2.194235086441040039e+00
2.438391208648681641e+00,2.625217199325561523e+00
2.110438585281372070e+00,2.784765481948852539e+00
1.500981330871582031e+00,3.332295417785644531e+00
1.665468931198120117e+00,3.042544126510620117e+00
2.407500743865966797e+00,2.688087224960327148e+00
2.085363626480102539e+00,3.027501821517944336e+00
2.710426807403564453e+00,2.404491424560546875e+00
2.002383232116699219e+00,2.860703706741333008e+00
3.656496047973632812e+00,1.075323343276977539e+00
2.506961107254028320e+00,2.586007356643676758e+00
1.434543728828430176e+00,3.393240928649902344e+00
1.657385826110839844e+00,3.189522266387939453e+00
1.639530420303344727e+00,3.223644495010375977e+00
3.677463054656982422e+00,-3.140398740768432617e+00
1.623332381248474121e+00,3.183340549468994141e+00
1.430211782455444336e+00,3.356441974639892578e+00
1.556873440742492676e+00,3.284827947616577148e+00
3.018457412719726562e+00,2.171818733215332031e+00
1.837836384773254395e+00,3.104487180709838867e+00
3.676652193069458008e+00,-3.179124116897583008e+00
2.864198684692382812e+00,2.302779912948608398e+00
1.869589328765869141e+00,3.159847497940063477e+00
2.301734685897827148e+00,2.626694440841674805e+00
2.159264564514160156e+00,2.918072938919067383e+00
1.892303705215454102e+00,2.952060461044311523e+00
4.022731781005859375e+00,-1.809427380561828613e+00
1.540249347686767578e+00,3.348869562149047852e+00
2.273795604705810547e+00,2.751367092132568359e+00
1.743822932243347168e+00,3.295755147933959961e+00
3.574386596679687500e+00,-3.363503217697143555e+00
3.392904281616210938e+00,1.543123483657836914e+00
1.658994674682617188e+00,3.244477510452270508e+00
2.270928382873535156e+00,2.717425584793090820e+00
1.992619633674621582e+00,2.854298830032348633e+00
4.107988834381103516e+00,-6.486217379570007324e-01
4.241431236267089844e+00,-5.603778958320617676e-01
2.609990358352661133e+00,2.337373256683349609e+00
1.491945266723632812e+00,3.294036626815795898e+00
1.441691637039184570e+00,3.463144063949584961e+00
2.105971097946166992e+00,2.907574892044067383e+00
2.086114406585693359e+00,3.063709974288940430e+00
1.547874689102172852e+00,3.446803808212280273e+00
3.966446161270141602e+00,-2.221940040588378906e+00
4.033699035644531250e+00,-2.036574602127075195e+00
1.762048006057739258e+00,3.226904392242431641e+00
1.698733329772949219e+00,3.120953083038330078e+00
1.681758403778076172e+00,3.138067960739135742e+00
1.846706509590148926e+00,2.992911100387573242e+00
1.783522009849548340e+00,3.213023185729980469e+00
2.151816606521606445e+00,2.890928030014038086e+00
1.727157592773437500e+00,3.246698617935180664e+00
1.561463832855224609e+00,3.329157114028930664e+00
3.921750783920288086e+00,-1.932151198387145996e+00
1.817226648330688477e+00,2.987323284149169922e+00
2.854907512664794922e+00,2.187124013900756836e+00
1.929097890853881836e+00,3.052939176559448242e+00
4.127224445343017578e+00,-1.040092229843139648e+00
1.712154865264892578e+00,3.212037563323974609e+00
4.109254360198974609e+00,-2.253999188542366028e-02
1.784455657005310059e+00,3.184449434280395508e+00
2.223042249679565430e+00,2.918471097946166992e+00
1.757943630218505859e+00,3.173960447311401367e+00
2.160387516021728516e+00,2.968902826309204102e+00
1.792862415313720703e+00,3.132506608963012695e+00
1.279820919036865234e+00,3.488267183303833008e+00
1.531242966651916504e+00,3.155498743057250977e+00
1.950573086738586426e+00,3.130954980850219727e+00
1.565034031867980957e+00,3.204648017883300781e+00
1.794099688529968262e+00,3.276924371719360352e+00
1.770179271697998047e+00,3.270617246627807617e+00
4.039028167724609375e+00,-2.301535844802856445e+00
1.713969826698303223e+00,3.235162734985351562e+00
1.717425704002380371e+00,3.210708856582641602e+00
3.239824295043945312e+00,2.024328231811523438e+00
1.968340396881103516e+00,3.074335813522338867e+00
1.365104794502258301e+00,3.452220916748046875e+00
2.575627803802490234e+00,2.632797002792358398e+00
1.735794901847839355e+00,3.414336919784545898e+00
2.082112789154052734e+00,2.984789609909057617e+00
1.803645610809326172e+00,3.256261348724365234e+00
1.913334727287292480e+00,3.035641670227050781e+00
2.142440795898437500e+00,2.852076053619384766e+00
2.147479295730590820e+00,2.900863885879516602e+00
1.500012040138244629e+00,3.349561929702758789e+00
1.825389027595520020e+00,2.973506689071655273e+00
1.715522766113281250e+00,3.248916387557983398e+00
2.423682689666748047e+00,2.509734392166137695e+00
2.850128650665283203e+00,2.175247430801391602e+00
2.321373462677001953e+00,2.634348392486572266e+00
1.503404855728149414e+00,3.303404092788696289e+00
2.539090633392333984e+00,2.598602533340454102e+00
1.714752078056335449e+00,3.277632236480712891e+00
1.401877403259277344e+00,3.274767637252807617e+00
1.739643692970275879e+00,3.235980749130249023e+00
1.603046298027038574e+00,3.410908937454223633e+00
4.096802234649658203e+00,-6.618453860282897949e-01
1.628063440322875977e+00,3.241505384445190430e+00
1.926490902900695801e+00,3.017656564712524414e+00
1.501101016998291016e+00,3.240730762481689453e+00
1.797296285629272461e+00,3.211548089981079102e+00
1.574235200881958008e+00,3.206036329269409180e+00
1.656352400779724121e+00,3.300876855850219727e+00
2.330690860748291016e+00,2.717803478240966797e+00
1.474921464920043945e+00,3.250889062881469727e+00
2.070045948028564453e+00,3.012012481689453125e+00
1.736880660057067871e+00,3.344502687454223633e+00
2.264384269714355469e+00,2.862601041793823242e+00
1.664091110229492188e+00,3.138268709182739258e+00
1.738381624221801758e+00,3.235965728759765625e+00
1.633725166320800781e+00,3.310058832168579102e+00
1.822034358978271484e+00,2.982664823532104492e+00
1.346865296363830566e+00,3.284545183181762695e+00
2.425836801528930664e+00,2.749916791915893555e+00
2.302527904510498047e+00,2.652765750885009766e+00
4.027399539947509766e+00,-1.619653940200805664e+00
1.919435381889343262e+00,3.169119358062744141e+00
1.604880809783935547e+00,3.314681768417358398e+00
1.957520484924316406e+00,2.985653638839721680e+00
1.659010529518127441e+00,3.274746656417846680e+00
1.593437194824218750e+00,3.216943025588989258e+00
2.360759019851684570e+00,2.672735214233398438e+00
1.612127304077148438e+00,3.199225664138793945e+00
2.062228441238403320e+00,2.877493619918823242e+00
1.860882520675659180e+00,3.070447683334350586e+00
1.710640192031860352e+00,3.235187530517578125e+00
3.424243927001953125e+00,-3.627313613891601562e+00
1.832621335983276367e+00,3.101060628890991211e+00
2.226130962371826172e+00,2.747118711471557617e+00
1.982012152671813965e+00,3.129803895950317383e+00
1.797088623046875000e+00,3.052036046981811523e+00
1.460063576698303223e+00,3.433763742446899414e+00
2.593979358673095703e+00,2.645764827728271484e+00
1.603086113929748535e+00,3.353363275527954102e+00
2.240847587585449219e+00,2.799970388412475586e+00
1.482717514038085938e+00,3.402019500732421875e+00
2.744900941848754883e+00,2.346994161605834961e+00
2.547886848449707031e+00,2.622758626937866211e+00
2.350207567214965820e+00,2.784623861312866211e+00
1.763120174407958984e+00,3.176624298095703125e+00
2.052075862884521484e+00,2.950633525848388672e+00
1.533511161804199219e+00,3.393597841262817383e+00
1.898841857910156250e+00,3.258437156677246094e+00
1.884710073471069336e+00,3.162682294845581055e+00
3.876832962036132812e+00,-2.622859477996826172e+00
1.564843893051147461e+00,3.417221069335937500e+00
1.823553562164306641e+00,3.176840543746948242e+00
1.972536087036132812e+00,3.044024229049682617e+00
1.482377290725708008e+00,3.453317880630493164e+00
1.479854226112365723e+00,3.514840602874755859e+00
2.018652200698852539e+00,3.044941902160644531e+00
2.540369033813476562e+00,2.519119501113891602e+00
2.165432214736938477e+00,2.823356151580810547e+00
1.872269153594970703e+00,3.085397243499755859e+00
1.815323114395141602e+00,3.045317888259887695e+00
1.763955116271972656e+00,3.089270591735839844e+00
1.860617399215698242e+00,3.157312631607055664e+00
1.566650152206420898e+00,3.366353273391723633e+00
1.676558852195739746e+00,3.221680164337158203e+00
1.658093214035034180e+00,3.263338804244995117e+00
1.455083608627319336e+00,3.332391500473022461e+00
1.917469859123229980e+00,3.035971879959106445e+00
3.748595476150512695e+00,6.255613565444946289e-01
1.548980116844177246e+00,3.134880065917968750e+00
1.828392267227172852e+00,3.209978103637695312e+00
1.370893478393554688e+00,3.460000276565551758e+00
1.955812335014343262e+00,2.956308603286743164e+00
1.614501237869262695e+00,3.042308092117309570e+00
1.575153350830078125e+00,3.123667001724243164e+00
1.962893724441528320e+00,3.051269054412841797e+00
1.441489458084106445e+00,3.270543336868286133e+00
2.173341035842895508e+00,2.933122873306274414e+00
1.771183013916015625e+00,3.046338796615600586e+00
1.474920034408569336e+00,3.318412303924560547e+00
1.592146873474121094e+00,3.080163240432739258e+00
2.151407957077026367e+00,2.942572355270385742e+00
1.840902566909790039e+00,3.074115037918090820e+00
1.572675704956054688e+00,3.147883176803588867e+00
2.873911857604980469e+00,2.304585218429565430e+00
1.782551169395446777e+00,3.276850938796997070e+00
3.364048480987548828e+00,-3.620387792587280273e+00
1.601947188377380371e+00,3.277134895324707031e+00
1.730473637580871582e+00,3.136920213699340820e+00
3.304322719573974609e+00,-3.751334905624389648e+00
2.085983276367187500e+00,2.862458229064941406e+00
2.483040809631347656e+00,2.544718503952026367e+00
1.336624383926391602e+00,3.521031856536865234e+00
1.941784858703613281e+00,3.184690237045288086e+00
1.332116603851318359e+00,3.575232505798339844e+00
1.298291444778442383e+00,3.414575338363647461e+00
3.883658409118652344e+00,6.305128335952758789e-01
2.236894130706787109e+00,2.680384635925292969e+00
1.709716439247131348e+00,3.312912464141845703e+00
1.282413959503173828e+00,3.481316566467285156e+00
2.546118736267089844e+00,2.368626594543457031e+00
3.022691488265991211e+00,2.015082359313964844e+00
1.870459079742431641e+00,3.064774751663208008e+00
1.493727922439575195e+00,3.178212404251098633e+00
3.332387447357177734e+00,1.862647294998168945e+00
1.210684537887573242e+00,3.587769746780395508e+00
2.504481077194213867e+00,2.590818643569946289e+00
2.542000055313110352e+00,2.569507598876953125e+00
1.567523598670959473e+00,3.070589542388916016e+00
1.862297654151916504e+00,3.300189256668090820e+00
1.540269136428833008e+00,3.368133544921875000e+00
2.405857086181640625e+00,2.752032995223999023e+00
1.956770181655883789e+00,2.966138839721679688e+00
1.997714757919311523e+00,2.957565307617187500e+00
4.102864742279052734e+00,-2.213141202926635742e+00
1.722140192985534668e+00,3.075569391250610352e+00
1.530585765838623047e+00,3.272855997085571289e+00
1.572631239891052246e+00,3.311736822128295898e+00
1.372045397758483887e+00,3.510779142379760742e+00
2.176798105239868164e+00,2.847253799438476562e+00
2.177306413650512695e+00,2.904030799865722656e+00
1.980724811553955078e+00,2.949263572692871094e+00
2.142041683197021484e+00,2.830163478851318359e+00
1.666465878486633301e+00,3.111246347427368164e+00
2.091425895690917969e+00,2.757782697677612305e+00
1.752738475799560547e+00,3.163765668869018555e+00
1.766824722290039062e+00,3.176646471023559570e+00
2.335554599761962891e+00,2.688079833984375000e+00
1.593259096145629883e+00,3.250616550445556641e+00
1.767135143280029297e+00,2.924755811691284180e+00
1.506629824638366699e+00,3.246366739273071289e+00
1.666580915451049805e+00,3.264233827590942383e+00
3.311795949935913086e+00,-3.608782529830932617e+00
1.877013087272644043e+00,3.041926622390747070e+00
1.645020484924316406e+00,3.366900682449340820e+00
1.968002319335937500e+00,3.043671607971191406e+00
2.008375883102416992e+00,3.141932010650634766e+00
1.795982122421264648e+00,3.209864854812622070e+00
4.067485332489013672e+00,-1.532670021057128906e+00
3.195106983184814453e+00,1.947891831398010254e+00
1.551659226417541504e+00,3.361840963363647461e+00
2.013135910034179688e+00,2.997416734695434570e+00
1.633966922760009766e+00,3.144984006881713867e+00
2.110610961914062500e+00,2.878869295120239258e+00
1.474276781082153320e+00,3.271870374679565430e+00
2.051535129547119141e+00,2.959284543991088867e+00
1.493329882621765137e+00,3.263828516006469727e+00
3.144498109817504883e+00,1.977185487747192383e+00
1.696309328079223633e+00,3.204977512359619141e+00
2.416816234588623047e+00,2.622267484664916992e+00
3.454074382781982422e+00,-3.327888727188110352e+00
1.517518639564514160e+00,3.349919080734252930e+00
2.476541042327880859e+00,2.577795982360839844e+00
1.642048239707946777e+00,3.106532812118530273e+00
1.460530400276184082e+00,3.355488777160644531e+00
2.120555877685546875e+00,2.803555488586425781e+00
1.545129179954528809e+00,3.223624944686889648e+00
1.694744706153869629e+00,3.108898401260375977e+00
1.518340110778808594e+00,3.175888299942016602e+00
3.794149637222290039e+00,6.419773101806640625e-01
2.015020608901977539e+00,2.919553995132446289e+00
2.952055215835571289e+00,-3.912069082260131836e+00
1.730367660522460938e+00,3.144159078598022461e+00
1.564155578613281250e+00,3.278712987899780273e+00
2.311528921127319336e+00,2.811077356338500977e+00
2.723983764648437500e+00,2.381722211837768555e+00
1.978253126144409180e+00,2.964677572250366211e+00
1.631142377853393555e+00,3.235152482986450195e+00
3.342591762542724609e+00,-3.595273971557617188e+00
1.832782506942749023e+00,3.114800214767456055e+00
1.835101842880249023e+00,3.190882444381713867e+00
4.021209239959716797e+00,-4.934999719262123108e-02
2.049552440643310547e+00,2.845915079116821289e+00
1.571327686309814453e+00,3.310565710067749023e+00
2.107423305511474609e+00,2.891252279281616211e+00
1.775059700012207031e+00,3.277231454849243164e+00
3.133713483810424805e+00,1.904043197631835938e+00
1.742469787597656250e+00,3.181382417678833008e+00
2.262422561645507812e+00,2.961694002151489258e+00
2.072989940643310547e+00,2.991698741912841797e+00
1.707308530807495117e+00,3.058810949325561523e+00
1.449914813041687012e+00,3.305567979812622070e+00
1.903984069824218750e+00,3.130530834197998047e+00
4.031091690063476562e+00,-6.402530074119567871e-01
3.064440011978149414e+00,2.049627542495727539e+00
1.936179041862487793e+00,2.928829908370971680e+00
1.458007574081420898e+00,3.262980699539184570e+00
3.484489440917968750e+00,-3.479776144027709961e+00
1.954421520233154297e+00,3.035488843917846680e+00
1.463234901428222656e+00,3.359368562698364258e+00
2.793114662170410156e+00,2.378084421157836914e+00
1.534334659576416016e+00,3.310931682586669922e+00
1.963890075683593750e+00,2.860491991043090820e+00
3.711330890655517578e+00,1.070885658264160156e+00
2.083327770233154297e+00,2.894845008850097656e+00
4.200461864471435547e+00,-8.467442393302917480e-01
2.260287046432495117e+00,2.708751916885375977e+00
1.809818863868713379e+00,3.184458732604980469e+00
1.546450853347778320e+00,3.274795055389404297e+00
2.567155122756958008e+00,2.466791391372680664e+00
1.855470776557922363e+00,3.048316478729248047e+00
1.716818809509277344e+00,3.173413515090942383e+00
2.330509662628173828e+00,2.699566364288330078e+00
1.630476951599121094e+00,3.148048877716064453e+00
1.467063188552856445e+00,3.442575454711914062e+00
3.060727357864379883e+00,2.050714492797851562e+00
1.679717898368835449e+00,3.105644941329956055e+00
1.724637269973754883e+00,3.186334371566772461e+00
1.790669679641723633e+00,3.202306509017944336e+00
1.721675872802734375e+00,3.116315603256225586e+00
2.391750812530517578e+00,2.533296823501586914e+00
2.060182809829711914e+00,2.887417316436767578e+00
1.863195419311523438e+00,3.133630514144897461e+00
1.999891996383666992e+00,3.106902360916137695e+00
1.918671727180480957e+00,3.179146051406860352e+00
2.086393833160400391e+00,2.966024398803710938e+00
2.274357080459594727e+00,2.736303567886352539e+00
2.202873706817626953e+00,2.955764532089233398e+00
1.707790732383728027e+00,3.161586523056030273e+00
2.078358173370361328e+00,3.051943063735961914e+00
1.673730015754699707e+00,3.226877689361572266e+00
1.576698303222656250e+00,3.332810878753662109e+00
1.983065724372863770e+00,3.051241159439086914e+00
1.568877339363098145e+00,3.232859134674072266e+00
2.450759649276733398e+00,2.707989931106567383e+00
1.278335094451904297e+00,3.326730966567993164e+00
1.880121469497680664e+00,3.026886224746704102e+00
1.517570257186889648e+00,3.373035669326782227e+00
1.972732067108154297e+00,2.951938867568969727e+00
1.610963940620422363e+00,3.333898782730102539e+00
1.185149908065795898e+00,3.546664476394653320e+00
2.303677797317504883e+00,2.559702157974243164e+00
1.893305778503417969e+00,2.992645025253295898e+00
1.795605063438415527e+00,3.122915506362915039e+00
1.439800381660461426e+00,3.389478445053100586e+00
1.862509131431579590e+00,3.229538679122924805e+00
1.538629293441772461e+00,3.342705488204956055e+00
2.027213096618652344e+00,3.105589389801025391e+00
2.292489528656005859e+00,2.846503734588623047e+00
2.667682170867919922e+00,2.434190034866333008e+00
1.270066738128662109e+00,3.639339685440063477e+00
1.998700499534606934e+00,2.910832166671752930e+00
2.440685749053955078e+00,2.614562273025512695e+00
1.327134609222412109e+00,3.522243261337280273e+00
1.425836563110351562e+00,3.377393007278442383e+00
3.460158109664916992e+00,-3.436863899230957031e+00
1.627216815948486328e+00,3.217836141586303711e+00
1.937543272972106934e+00,3.113779783248901367e+00
2.016912460327148438e+00,2.911081075668334961e+00
1.968843340873718262e+00,3.010958671569824219e+00
2.505825996398925781e+00,2.609103441238403320e+00
2.093272447586059570e+00,2.778913259506225586e+00
1.975583553314208984e+00,3.137974500656127930e+00
1.982537269592285156e+00,3.087788820266723633e+00
2.233279705047607422e+00,2.736808776855468750e+00
2.294371604919433594e+00,2.823584318161010742e+00
1.923300862312316895e+00,3.178448915481567383e+00
1.312810301780700684e+00,3.401223182678222656e+00
1.705645203590393066e+00,3.177448034286499023e+00
3.254097938537597656e+00,-3.672870874404907227e+00
1.519079208374023438e+00,3.209196805953979492e+00
1.723971843719482422e+00,3.057397603988647461e+00
1.429792523384094238e+00,3.497667074203491211e+00
1.519820213317871094e+00,3.250305652618408203e+00
1.796957731246948242e+00,3.232296705245971680e+00
1.534714341163635254e+00,3.283347606658935547e+00
1.918471336364746094e+00,3.135226249694824219e+00
2.219019412994384766e+00,3.030049324035644531e+00
2.177834987640380859e+00,2.861923694610595703e+00
1.647288918495178223e+00,3.118049383163452148e+00
3.895374536514282227e+00,-2.785321950912475586e+00
2.426685333251953125e+00,2.625493049621582031e+00
3.560248851776123047e+00,1.225713133811950684e+00
1.786731719970703125e+00,3.031290054321289062e+00
1.433021187782287598e+00,3.433152675628662109e+00
1.667545795440673828e+00,3.200841426849365234e+00
1.795757055282592773e+00,3.185434341430664062e+00
1.503184914588928223e+00,3.259043693542480469e+00
1.423269271850585938e+00,3.434077501296997070e+00
3.966454505920410156e+00,4.373621046543121338e-01
1.921370983123779297e+00,3.001785039901733398e+00
2.288434505462646484e+00,3.053292989730834961e+00
1.683726549148559570e+00,3.298132658004760742e+00
1.594823002815246582e+00,3.056010484695434570e+00
1.792527914047241211e+00,3.183040380477905273e+00
1.518606424331665039e+00,3.308005332946777344e+00
1.839433670043945312e+00,3.154152154922485352e+00
1.994922518730163574e+00,3.014378070831298828e+00
1.901643037796020508e+00,2.946171998977661133e+00
2.328860998153686523e+00,2.725986242294311523e+00
1.869586229324340820e+00,2.906065464019775391e+00
1.603303909301757812e+00,3.336621522903442383e+00
1.741303920745849609e+00,3.220416784286499023e+00
1.619322180747985840e+00,3.362596511840820312e+00
3.313659667968750000e+00,-3.622763633728027344e+00
2.303960323333740234e+00,2.810451745986938477e+00
1.705159425735473633e+00,3.318656921386718750e+00
1.275886416435241699e+00,3.545920610427856445e+00
1.903991222381591797e+00,3.264645338058471680e+00
1.681299805641174316e+00,3.329208135604858398e+00
2.047310352325439453e+00,2.949761390686035156e+00
1.783026933670043945e+00,3.217324972152709961e+00
1.558547019958496094e+00,3.346643924713134766e+00
4.052381038665771484e+00,-1.233160197734832764e-01
1.321190595626831055e+00,3.541562795639038086e+00
1.871288776397705078e+00,3.219862222671508789e+00
1.785705685615539551e+00,3.199405670166015625e+00
2.041181087493896484e+00,2.828770637512207031e+00
2.182301998138427734e+00,2.918447494506835938e+00
1.599111199378967285e+00,3.326128244400024414e+00
1.651037454605102539e+00,3.325543165206909180e+00
1.574717164039611816e+00,3.198354005813598633e+00
1.572336554527282715e+00,3.215647935867309570e+00
1.745882749557495117e+00,3.000599384307861328e+00
1.614751338958740234e+00,3.135876417160034180e+00
1.504217267036437988e+00,3.416007757186889648e+00
1.897083520889282227e+00,3.131539106369018555e+00
1.332954525947570801e+00,3.289341688156127930e+00
3.591999530792236328e+00,-3.270883321762084961e+00
1.718797326087951660e+00,3.238435268402099609e+00
2.179801464080810547e+00,2.799018859863281250e+00
2.272686958312988281e+00,2.856136560440063477e+00
1.777155160903930664e+00,3.283525705337524414e+00
3.756700754165649414e+00,-3.226844072341918945e+00
3.392065525054931641e+00,-3.454148530960083008e+00
1.373390197753906250e+00,3.387121438980102539e+00
1.567284226417541504e+00,3.221364736557006836e+00
1.769503116607666016e+00,3.266459703445434570e+00
1.703001022338867188e+00,3.167798280715942383e+00
1.394732117652893066e+00,3.365456342697143555e+00
2.055245161056518555e+00,2.802227497100830078e+00
1.927276372909545898e+00,2.907066583633422852e+00
1.801477432250976562e+00,3.125439882278442383e+00
1.646049141883850098e+00,3.226567745208740234e+00
1.851473569869995117e+00,2.769047498703002930e+00
2.494211673736572266e+00,2.497452735900878906e+00
2.225281715393066406e+00,2.910525083541870117e+00
2.447404384613037109e+00,2.541435956954956055e+00
4.223368167877197266e+00,-6.997488737106323242e-01
1.534614324569702148e+00,3.262570858001708984e+00
3.420291900634765625e+00,-3.663167238235473633e+00
1.731857895851135254e+00,3.249894857406616211e+00
1.924329757690429688e+00,3.132457017898559570e+00
1.662554621696472168e+00,3.131863594055175781e+00
1.687950372695922852e+00,3.264925479888916016e+00
1.900752782821655273e+00,3.226931333541870117e+00
1.929146289825439453e+00,2.773544311523437500e+00
1.527535438537597656e+00,3.309147596359252930e+00
2.162672281265258789e+00,2.810241460800170898e+00
1.656889796257019043e+00,3.142520189285278320e+00
1.733400225639343262e+00,3.258158922195434570e+00
1.715752124786376953e+00,3.079557657241821289e+00
2.642115592956542969e+00,2.420627117156982422e+00
1.900146007537841797e+00,2.982893228530883789e+00
2.506685733795166016e+00,2.524222612380981445e+00
2.239176273345947266e+00,2.832176446914672852e+00
1.798757433891296387e+00,3.107108116149902344e+00
1.819119453430175781e+00,3.268726587295532227e+00
1.496817946434020996e+00,3.313692569732666016e+00
1.904812097549438477e+00,3.083138227462768555e+00
1.253516912460327148e+00,3.301904678344726562e+00
1.830453395843505859e+00,3.024062871932983398e+00
4.109199047088623047e+00,-1.089258670806884766e+00
2.803052425384521484e+00,2.246807336807250977e+00
1.909074306488037109e+00,2.930341005325317383e+00
3.106351852416992188e+00,-3.755186796188354492e+00
1.823489785194396973e+00,3.142220020294189453e+00
2.121418952941894531e+00,3.049014568328857422e+00
1.677294850349426270e+00,3.246547698974609375e+00
1.469082832336425781e+00,3.515995740890502930e+00
3.993798971176147461e+00,-1.764457941055297852e+00
1.412426829338073730e+00,3.296065568923950195e+00
1.956873178482055664e+00,2.953299522399902344e+00
4.187505245208740234e+00,-9.412465691566467285e-01
1.409052133560180664e+00,3.400208950042724609e+00
1.837839007377624512e+00,3.033632040023803711e+00
2.273472070693969727e+00,2.620128631591796875e+00
2.023421764373779297e+00,2.843359947204589844e+00
1.988698482513427734e+00,3.076697111129760742e+00
1.842476367950439453e+00,3.103905916213989258e+00
2.072636365890502930e+00,2.788837194442749023e+00
1.962011456489562988e+00,3.063859224319458008e+00
1.790950417518615723e+00,3.224857568740844727e+00
3.336018800735473633e+00,1.597942709922790527e+00
1.355213999748229980e+00,3.384795904159545898e+00
3.331805229187011719e+00,1.817284941673278809e+00
2.050460338592529297e+00,3.081667900085449219e+00
1.986931681632995605e+00,3.195006608963012695e+00
2.058652877807617188e+00,2.794144868850708008e+00
2.304152965545654297e+00,2.787370920181274414e+00
1.424135208129882812e+00,3.298006296157836914e+00
1.848661422729492188e+00,3.275488138198852539e+00
3.499356746673583984e+00,1.494520187377929688e+00
1.416044950485229492e+00,3.489804506301879883e+00
1.961100697517395020e+00,3.038604974746704102e+00
1.582918167114257812e+00,3.222780942916870117e+00
1.697218179702758789e+00,3.270357847213745117e+00
8.029232621192932129e-01,3.449298143386840820e+00
1.598515510559082031e+00,3.189371824264526367e+00
3.660542726516723633e+00,9.857835173606872559e-01
1.687225818634033203e+00,3.277569055557250977e+00
2.395198345184326172e+00,2.560031175613403320e+00
1.360671997070312500e+00,3.291452646255493164e+00
3.930639982223510742e+00,-2.384190320968627930e+00
3.357977390289306641e+00,-3.643527030944824219e+00
4.109751224517822266e+00,-1.307707071304321289e+00
2.308330535888671875e+00,2.501458883285522461e+00
2.120534896850585938e+00,2.900634527206420898e+00
1.458037614822387695e+00,3.414479732513427734e+00
1.730277061462402344e+00,3.225395917892456055e+00
1.564422845840454102e+00,3.336886644363403320e+00
1.433293581008911133e+00,3.279793977737426758e+00
1.478613615036010742e+00,3.232151269912719727e+00
2.610673904418945312e+00,2.485736846923828125e+00
1.525616168975830078e+00,3.168145895004272461e+00
1.616433858871459961e+00,3.275937557220458984e+00
2.299897193908691406e+00,2.778618097305297852e+00
2.067403554916381836e+00,2.876555442810058594e+00
1.619719743728637695e+00,3.172448396682739258e+00
1.956941366195678711e+00,2.939009189605712891e+00
1.958143472671508789e+00,3.075679540634155273e+00
1.593017816543579102e+00,3.149264335632324219e+00
2.048926830291748047e+00,3.139645099639892578e+00
1.896661043167114258e+00,3.112085819244384766e+00
2.205803871154785156e+00,2.698950290679931641e+00
3.224589586257934570e+00,-3.629406452178955078e+00
3.988550662994384766e+00,-2.464272260665893555e+00
1.889772415161132812e+00,3.068125963211059570e+00
3.885924339294433594e+00,-2.896678209304809570e+00
1.724175214767456055e+00,3.233673334121704102e+00
1.761138439178466797e+00,3.159222841262817383e+00
1.705062866210937500e+00,3.067569255828857422e+00
1.777465701103210449e+00,3.149776697158813477e+00
3.528828144073486328e+00,-3.478669404983520508e+00
1.319263577461242676e+00,3.450526475906372070e+00
1.734735846519470215e+00,3.200608491897583008e+00
2.459270715713500977e+00,2.540067672729492188e+00
4.046597957611083984e+00,-6.931305527687072754e-01
1.315314054489135742e+00,3.317340612411499023e+00
1.904642343521118164e+00,2.961754560470581055e+00
1.454776763916015625e+00,3.312835216522216797e+00
1.690216302871704102e+00,3.157421350479125977e+00
1.468416571617126465e+00,3.360954046249389648e+00
1.637296080589294434e+00,3.182111024856567383e+00
1.771822094917297363e+00,3.152722120285034180e+00
2.157982826232910156e+00,3.154237270355224609e+00
2.283228397369384766e+00,2.651911020278930664e+00
2.713527917861938477e+00,2.399906635284423828e+00
1.402252316474914551e+00,3.249963760375976562e+00
3.848847389221191406e+00,-2.794245243072509766e+00
2.108767986297607422e+00,2.980547189712524414e+00
1.711811780929565430e+00,3.200554609298706055e+00
2.233848571777343750e+00,2.880682706832885742e+00
1.268278121948242188e+00,3.384226083755493164e+00
2.029847145080566406e+00,3.049296617507934570e+00
4.011901378631591797e+00,-2.132358789443969727e+00
1.763869524002075195e+00,2.867375850677490234e+00
1.671949386596679688e+00,3.203970193862915039e+00
2.041637897491455078e+00,2.794705152511596680e+00
1.573219299316406250e+00,3.271862268447875977e+00
1.600291013717651367e+00,3.247558116912841797e+00
1.551464200019836426e+00,3.238553762435913086e+00
1.447194576263427734e+00,3.366597414016723633e+00
1.909099936485290527e+00,3.266852378845214844e+00
1.762076735496520996e+00,3.308525323867797852e+00
1.305573701858520508e+00,3.531075954437255859e+00
1.992223501205444336e+00,3.037545919418334961e+00
3.574671745300292969e+00,-3.195590734481811523e+00
4.116416454315185547e+00,-1.534893751144409180e+00
1.658343076705932617e+00,3.461965799331665039e+00
1.755091190338134766e+00,3.202191114425659180e+00
1.706803202629089355e+00,3.280966997146606445e+00
1.806423664093017578e+00,3.144386529922485352e+00
3.205523490905761719e+00,1.831657171249389648e+00
1.501716613769531250e+00,3.301551580429077148e+00
1.594040036201477051e+00,3.198325157165527344e+00
1.691585183143615723e+00,3.238398551940917969e+00
2.552029132843017578e+00,2.562348604202270508e+00
1.908994913101196289e+00,2.974472761154174805e+00
2.088649988174438477e+00,2.936285734176635742e+00
1.639042735099792480e+00,3.265289068222045898e+00
1.440250158309936523e+00,3.442007303237915039e+00
1.530187845230102539e+00,3.431900739669799805e+00
1.759306788444519043e+00,3.110628843307495117e+00
1.820631980895996094e+00,3.125372409820556641e+00
1.697543740272521973e+00,3.239933729171752930e+00
1.627729892730712891e+00,3.265505552291870117e+00
2.143150806427001953e+00,2.890193700790405273e+00
3.742642879486083984e+00,-3.133428096771240234e+00
1.266242742538452148e+00,3.529730558395385742e+00
2.921978473663330078e+00,-3.971150159835815430e+00
1.535435795783996582e+00,3.359190464019775391e+00
2.711359977722167969e+00,2.394778013229370117e+00
1.274140357971191406e+00,3.385296344757080078e+00
1.515670299530029297e+00,3.290561914443969727e+00
2.822885036468505859e+00,2.219835996627807617e+00
1.621060609817504883e+00,3.184318304061889648e+00
2.055724382400512695e+00,2.941528320312500000e+00
2.383304119110107422e+00,2.613521099090576172e+00
1.111159801483154297e+00,3.385140657424926758e+00
1.884256124496459961e+00,3.155792236328125000e+00
3.346336841583251953e+00,1.563987612724304199e+00
2.373436689376831055e+00,2.586616992950439453e+00
1.264290213584899902e+00,3.459639310836791992e+00
3.821369171142578125e+00,-2.945933580398559570e+00
1.935311317443847656e+00,3.075753450393676758e+00
2.248594760894775391e+00,2.676954984664916992e+00
1.926505565643310547e+00,3.123751878738403320e+00
1.798175454139709473e+00,3.233949899673461914e+00
1.623824596405029297e+00,3.278842687606811523e+00
1.556421041488647461e+00,3.283647298812866211e+00
1.737449169158935547e+00,3.277186870574951172e+00
4.246909618377685547e+00,-1.182292938232421875e+00
2.139211416244506836e+00,2.900603532791137695e+00
1.780745744705200195e+00,3.217744588851928711e+00
2.042317390441894531e+00,2.909834146499633789e+00
1.653078317642211914e+00,3.224398374557495117e+00
2.971925258636474609e+00,1.978730201721191406e+00
3.211511850357055664e+00,1.598116397857666016e+00
1.440179347991943359e+00,3.062931537628173828e+00
1.459111928939819336e+00,3.311038732528686523e+00
1.929725289344787598e+00,3.157370328903198242e+00
1.218087434768676758e+00,3.356385707855224609e+00
1.751402378082275391e+00,3.347379207611083984e+00
2.211666107177734375e+00,2.825975179672241211e+00
3.967156410217285156e+00,-1.851147651672363281e+00
1.446046948432922363e+00,3.299633741378784180e+00
1.681100845336914062e+00,3.270618438720703125e+00
1.829419851303100586e+00,3.016061544418334961e+00
2.035859107971191406e+00,3.151548147201538086e+00
1.842364192008972168e+00,3.215178251266479492e+00
4.135852813720703125e+00,-1.560045838356018066e+00
1.756589055061340332e+00,3.209123849868774414e+00
1.498966932296752930e+00,3.308747053146362305e+00
1.357670068740844727e+00,3.338468313217163086e+00
1.538434505462646484e+00,3.365952730178833008e+00
2.044400691986083984e+00,2.802167177200317383e+00
1.097546696662902832e+00,3.514815568923950195e+00
1.863091707229614258e+00,3.086356878280639648e+00
1.659600615501403809e+00,3.292023658752441406e+00
1.976590633392333984e+00,2.963399887084960938e+00
1.965282559394836426e+00,2.934938669204711914e+00
1.815732955932617188e+00,3.060958623886108398e+00
1.726743221282958984e+00,3.279965877532958984e+00
1.754941701889038086e+00,3.213787078857421875e+00
2.199781179428100586e+00,2.751303911209106445e+00
1.836985468864440918e+00,3.093126773834228516e+00
2.020005226135253906e+00,2.949641704559326172e+00
1.888068199157714844e+00,3.036318540573120117e+00
3.672096967697143555e+00,-3.288568496704101562e+00
1.756131291389465332e+00,3.135417699813842773e+00
3.715510368347167969e+00,-3.166636466979980469e+00
1.419461727142333984e+00,3.367789030075073242e+00
1.454236388206481934e+00,3.290901422500610352e+00
3.894639968872070312e+00,-2.645665407180786133e+00
2.341945171356201172e+00,2.720768213272094727e+00
1.402071475982666016e+00,3.046243906021118164e+00
2.212881326675415039e+00,2.783179521560668945e+00
4.042518138885498047e+00,-1.909581065177917480e+00
3.183234691619873047e+00,1.926545262336730957e+00
2.931060791015625000e+00,-3.939019918441772461e+00
2.697303533554077148e+00,2.460186243057250977e+00
1.548549175262451172e+00,3.382734060287475586e+00
2.039957523345947266e+00,2.850497484207153320e+00
1.092817306518554688e+00,3.482869863510131836e+00
2.960544347763061523e+00,2.142413139343261719e+00
4.089453220367431641e+00,-1.556620359420776367e+00
1.926468133926391602e+00,3.192472219467163086e+00
1.983604669570922852e+00,3.223986864089965820e+00
3.451965570449829102e+00,1.310538053512573242e+00
2.639789581298828125e+00,2.468307733535766602e+00
1.951330542564392090e+00,3.130267381668090820e+00
1.512871623039245605e+00,3.423029422760009766e+00
3.016973733901977539e+00,1.958734989166259766e+00
1.509121298789978027e+00,3.304884672164916992e+00
1.567757487297058105e+00,3.284809827804565430e+00
1.720562696456909180e+00,3.263130426406860352e+00
3.281585931777954102e+00,1.503819584846496582e+00
2.614843845367431641e+00,2.445156812667846680e+00
2.023227691650390625e+00,2.952163457870483398e+00
3.330243587493896484e+00,1.501266717910766602e+00
2.776731014251708984e+00,2.275784254074096680e+00
1.441661000251770020e+00,3.345599412918090820e+00
2.699612617492675781e+00,2.286808252334594727e+00
1.298252582550048828e+00,3.405219793319702148e+00
2.483871221542358398e+00,2.584241628646850586e+00
3.076447248458862305e+00,2.029803037643432617e+00
1.924226403236389160e+00,3.071703910827636719e+00
2.476537466049194336e+00,2.657642602920532227e+00
2.260470867156982422e+00,2.784071683883666992e+00
1.842559099197387695e+00,3.122043848037719727e+00
2.822009563446044922e+00,-3.939686059951782227e+00
1.304989337921142578e+00,3.511120319366455078e+00
1.822080373764038086e+00,3.065013647079467773e+00
4.046236515045166016e+00,-2.104182004928588867e+00
2.169555187225341797e+00,2.622447729110717773e+00
1.893666028976440430e+00,2.956963539123535156e+00
2.218768596649169922e+00,2.835804462432861328e+00
2.990238904953002930e+00,1.937679409980773926e+00
3.270488977432250977e+00,1.729950666427612305e+00
1.942074418067932129e+00,2.889430522918701172e+00
1.751378536224365234e+00,3.037067174911499023e+00
2.136988639831542969e+00,2.753137350082397461e+00
4.249588489532470703e+00,-4.001501202583312988e-01
1.747075915336608887e+00,3.181729316711425781e+00
3.157770633697509766e+00,2.004915237426757812e+00
1.891109704971313477e+00,3.192301273345947266e+00
1.353682756423950195e+00,3.511089324951171875e+00
1.841369628906250000e+00,3.153236627578735352e+00
3.968059301376342773e+00,8.004019856452941895e-01
1.421260356903076172e+00,3.543615579605102539e+00
1.269420981407165527e+00,3.290427446365356445e+00
1.442065954208374023e+00,3.346175193786621094e+00
1.704208731651306152e+00,3.016188859939575195e+00
1.520400166511535645e+00,3.264099359512329102e+00
1.713217020034790039e+00,3.226525545120239258e+00
1.652701377868652344e+00,3.232890605926513672e+00
2.898025035858154297e+00,-3.965345144271850586e+00
1.580444812774658203e+00,3.193011045455932617e+00
2.019373893737792969e+00,3.097400903701782227e+00
1.530426025390625000e+00,3.346898317337036133e+00
3.498773336410522461e+00,1.278142094612121582e+00
2.373284339904785156e+00,2.669753074645996094e+00
2.985323667526245117e+00,-3.891645669937133789e+00
1.348139524459838867e+00,3.313803434371948242e+00
4.074807167053222656e+00,-1.522711277008056641e+00
1.630246877670288086e+00,3.267176866531372070e+00
1.431366562843322754e+00,3.477998971939086914e+00
1.489130735397338867e+00,3.216067075729370117e+00
4.073182106018066406e+00,-1.857357025146484375e+00
1.733785986900329590e+00,3.095658063888549805e+00
2.333692550659179688e+00,2.648651123046875000e+00
2.346847534179687500e+00,2.654074668884277344e+00
1.651428937911987305e+00,3.223853826522827148e+00
1.590712547302246094e+00,3.241226196289062500e+00
2.099748134613037109e+00,2.975919008255004883e+00
3.098313331604003906e+00,1.877242207527160645e+00
2.128010272979736328e+00,2.687135457992553711e+00
1.951020956039428711e+00,2.958327531814575195e+00
1.668683290481567383e+00,2.911629199981689453e+00
1.672690987586975098e+00,3.227349519729614258e+00
3.689643383026123047e+00,-3.098654031753540039e+00
2.250586748123168945e+00,2.803874254226684570e+00
2.531071424484252930e+00,2.557402372360229492e+00
1.474722623825073242e+00,3.304249048233032227e+00
1.727764606475830078e+00,3.130542278289794922e+00
2.196063518524169922e+00,2.777034044265747070e+00
1.799772620201110840e+00,2.970252513885498047e+00
2.667593002319335938e+00,2.322845697402954102e+00
2.192498445510864258e+00,2.747133731842041016e+00
1.737777948379516602e+00,3.234998464584350586e+00
1.519985675811767578e+00,3.210488080978393555e+00
1.509198188781738281e+00,3.195712327957153320e+00
2.126015186309814453e+00,3.000039100646972656e+00
3.847842693328857422e+00,-2.779714107513427734e+00
2.062135934829711914e+00,3.061116218566894531e+00
1.433928728103637695e+00,3.285555601119995117e+00
1.712447166442871094e+00,3.214369058609008789e+00
1.604519486427307129e+00,3.336957693099975586e+00
3.294108867645263672e+00,1.612790107727050781e+00
1.509146928787231445e+00,3.383654832839965820e+00
1.674020886421203613e+00,3.170629262924194336e+00
1.526182651519775391e+00,3.234892606735229492e+00
2.393781900405883789e+00,2.730968236923217773e+00
1.510383009910583496e+00,3.430873394012451172e+00
1.632533788681030273e+00,3.395333528518676758e+00
1.419291138648986816e+00,3.314560174942016602e+00
2.964216709136962891e+00,2.088396549224853516e+00
1.665254116058349609e+00,3.213176965713500977e+00
1.519940376281738281e+00,3.334231138229370117e+00
2.272417545318603516e+00,2.717993021011352539e+00
1.937313914299011230e+00,3.072725534439086914e+00
1.677891969680786133e+00,3.024064064025878906e+00
2.216203927993774414e+00,2.781316995620727539e+00
1.844985246658325195e+00,2.967598199844360352e+00
2.151814937591552734e+00,2.886734485626220703e+00
2.229364871978759766e+00,2.675786972045898438e+00
2.341479778289794922e+00,2.524104595184326172e+00
1.476098775863647461e+00,3.220430135726928711e+00
1.342594146728515625e+00,3.380341291427612305e+00
1.987292766571044922e+00,2.932059526443481445e+00
1.898762941360473633e+00,3.079105615615844727e+00
3.809139251708984375e+00,-2.942138910293579102e+00
2.652944803237915039e+00,2.246053218841552734e+00
3.548588037490844727e+00,-3.409495830535888672e+00
2.503782033920288086e+00,2.507920503616333008e+00
1.626742601394653320e+00,3.284774065017700195e+00
2.948793888092041016e+00,2.069914579391479492e+00
1.644517779350280762e+00,3.255010604858398438e+00
1.411538839340209961e+00,3.333421945571899414e+00
2.292085409164428711e+00,2.780899524688720703e+00
2.330536842346191406e+00,2.785659074783325195e+00
1.695687055587768555e+00,3.189047098159790039e+00
1.858407616615295410e+00,3.053853511810302734e+00
2.853663206100463867e+00,2.121373414993286133e+00
1.484525084495544434e+00,3.487003564834594727e+00
2.170174121856689453e+00,2.803008794784545898e+00
1.505477190017700195e+00,3.371126890182495117e+00
2.119891643524169922e+00,2.860685110092163086e+00
1.710742473602294922e+00,3.035776853561401367e+00
1.641426086425781250e+00,3.332174301147460938e+00
3.879560947418212891e+00,6.115449070930480957e-01
1.543372511863708496e+00,3.168841123580932617e+00
1.395846605300903320e+00,3.461302995681762695e+00
1.399485707283020020e+00,3.362137556076049805e+00
2.163357734680175781e+00,2.815101861953735352e+00
1.517891883850097656e+00,3.157037973403930664e+00
2.951495885848999023e+00,2.300893783569335938e+00
3.614005804061889648e+00,-3.312597751617431641e+00
1.918372273445129395e+00,3.013206720352172852e+00
2.907408952713012695e+00,2.053615331649780273e+00
1.804840326309204102e+00,3.134078502655029297e+00
1.643432378768920898e+00,3.172878742218017578e+00
1.534763574600219727e+00,3.384274959564208984e+00
1.813304424285888672e+00,3.020649433135986328e+00
1.683063387870788574e+00,3.088583469390869141e+00
1.441128253936767578e+00,3.257032394409179688e+00
1.476437091827392578e+00,3.193147897720336914e+00
2.255299806594848633e+00,2.856484651565551758e+00
1.615474224090576172e+00,3.137090921401977539e+00
2.046478271484375000e+00,2.906200408935546875e+00
3.023818969726562500e+00,2.007498025894165039e+00
4.052565097808837891e+00,-2.189604043960571289e+00
1.358920454978942871e+00,3.451065778732299805e+00
1.510789155960083008e+00,3.416301012039184570e+00
1.903760433197021484e+00,2.993202447891235352e+00
1.896919488906860352e+00,2.958778381347656250e+00
1.466825008392333984e+00,3.351227998733520508e+00
3.508377790451049805e+00,-3.555220127105712891e+00
1.484772562980651855e+00,3.167969942092895508e+00
1.526635885238647461e+00,3.311837911605834961e+00
1.656550288200378418e+00,3.210530996322631836e+00
2.170266151428222656e+00,2.975835561752319336e+00
1.764406085014343262e+00,3.181513547897338867e+00
2.569547653198242188e+00,2.696672677993774414e+00
1.936190366744995117e+00,2.973655700683593750e+00
1.838579058647155762e+00,3.097397089004516602e+00
2.467663764953613281e+00,2.686107158660888672e+00
2.653172016143798828e+00,2.493475914001464844e+00
1.405673265457153320e+00,3.287924528121948242e+00
1.547842264175415039e+00,3.310137033462524414e+00
1.994910359382629395e+00,2.940497636795043945e+00
2.055268287658691406e+00,2.994019985198974609e+00
1.692803978919982910e+00,3.294373512268066406e+00
2.260568141937255859e+00,2.930200338363647461e+00
4.152663707733154297e+00,-1.410497665405273438e+00
1.748421907424926758e+00,3.274046421051025391e+00
2.278238296508789062e+00,2.735448122024536133e+00
1.960648894309997559e+00,3.032579898834228516e+00
1.549895048141479492e+00,3.379704236984252930e+00
1.705127954483032227e+00,3.187054395675659180e+00
1.654798030853271484e+00,3.327995538711547852e+00
3.314682483673095703e+00,-3.805750131607055664e+00
1.697680473327636719e+00,3.083560466766357422e+00
1.738872051239013672e+00,3.244228601455688477e+00
1.645613908767700195e+00,3.241575479507446289e+00
1.604102611541748047e+00,3.392459392547607422e+00
3.989904165267944336e+00,-2.130937814712524414e+00
1.476922750473022461e+00,3.423155069351196289e+00
2.752879142761230469e+00,2.176208496093750000e+00
1.602922677993774414e+00,3.340212821960449219e+00
1.904691934585571289e+00,3.177375078201293945e+00
1.423988819122314453e+00,3.281004905700683594e+00
2.203397750854492188e+00,2.852181911468505859e+00
1.496877074241638184e+00,3.189766168594360352e+00
1.549828767776489258e+00,3.465974330902099609e+00
1.812240719795227051e+00,3.287818193435668945e+00
1.609867334365844727e+00,3.220150232315063477e+00
3.515645027160644531e+00,1.360007524490356445e+00
4.212497711181640625e+00,-7.853615880012512207e-01
3.429124832153320312e+00,1.645434379577636719e+00
1.240573287010192871e+00,3.538514852523803711e+00
2.865167617797851562e+00,2.359496355056762695e+00
1.472425580024719238e+00,3.231203317642211914e+00
1.900563836097717285e+00,3.167990922927856445e+00
2.152981758117675781e+00,2.844276666641235352e+00
1.439179658889770508e+00,3.327858209609985352e+00
2.341626167297363281e+00,2.635251283645629883e+00
1.423489570617675781e+00,3.266727209091186523e+00
4.021290302276611328e+00,2.549231052398681641e-01
2.075699806213378906e+00,2.893721818923950195e+00
2.122307062149047852e+00,2.891268968582153320e+00
1.676790475845336914e+00,3.256171941757202148e+00
1.713268995285034180e+00,3.221349000930786133e+00
1.556955337524414062e+00,3.202544450759887695e+00
2.236830711364746094e+00,2.673407316207885742e+00
3.647679805755615234e+00,-3.212882757186889648e+00
4.144015789031982422e+00,-8.196479678153991699e-01
1.732738256454467773e+00,3.183706760406494141e+00
1.981647133827209473e+00,2.929737806320190430e+00
1.938988089561462402e+00,2.929229974746704102e+00
1.898591160774230957e+00,3.280820369720458984e+00
2.749502658843994141e+00,2.404405832290649414e+00
4.013249874114990234e+00,-5.863437429070472717e-02
1.626183986663818359e+00,3.085709095001220703e+00
1.617869377136230469e+00,3.038985729217529297e+00
1.937911629676818848e+00,3.092969179153442383e+00
2.211938381195068359e+00,2.956089735031127930e+00
1.747549772262573242e+00,3.132491827011108398e+00
1.409800887107849121e+00,3.421861410140991211e+00
1.398277044296264648e+00,3.433296918869018555e+00
1.476993560791015625e+00,3.487257242202758789e+00
2.354371070861816406e+00,2.671254873275756836e+00
1.826224207878112793e+00,2.989526987075805664e+00
1.748077630996704102e+00,3.149307966232299805e+00
1.371254324913024902e+00,3.353357076644897461e+00
1.669117450714111328e+00,3.124994516372680664e+00
3.740152120590209961e+00,-3.129294633865356445e+00
1.629365205764770508e+00,3.202259302139282227e+00
4.019356727600097656e+00,-1.639139175415039062e+00
3.557952404022216797e+00,-3.297880172729492188e+00
3.034768581390380859e+00,2.277398824691772461e+00
1.773434162139892578e+00,3.200283765792846680e+00
1.646392941474914551e+00,3.288358926773071289e+00
1.566088676452636719e+00,3.295768499374389648e+00
1.682968378067016602e+00,3.305233716964721680e+00
1.645125031471252441e+00,3.304683208465576172e+00
2.460845470428466797e+00,2.619259595870971680e+00
4.141194820404052734e+00,-1.808877587318420410e-01
1.663322925567626953e+00,3.203754186630249023e+00
2.355527162551879883e+00,2.617734670639038086e+00
1.736575365066528320e+00,3.113502502441406250e+00
1.613165140151977539e+00,3.224432229995727539e+00
1.849137902259826660e+00,3.104992628097534180e+00
2.268727064132690430e+00,2.688732624053955078e+00
1.348344564437866211e+00,3.398243665695190430e+00
2.152186632156372070e+00,2.777204751968383789e+00
1.356475472450256348e+00,3.432760477066040039e+00
1.854799509048461914e+00,3.014767408370971680e+00
1.992362380027770996e+00,2.884509801864624023e+00
1.517669677734375000e+00,3.187354087829589844e+00
1.474611401557922363e+00,3.499712228775024414e+00
1.839974045753479004e+00,2.998530626296997070e+00
2.320497989654541016e+00,2.757767915725708008e+00
3.610087156295776367e+00,-3.346221923828125000e+00
1.385248422622680664e+00,3.404236078262329102e+00
1.562523126602172852e+00,3.211337327957153320e+00
2.063301563262939453e+00,2.936236858367919922e+00
1.637568354606628418e+00,3.208759546279907227e+00
3.289444208145141602e+00,1.531307101249694824e+00
1.633293747901916504e+00,3.376794576644897461e+00
1.844255685806274414e+00,3.095507144927978516e+00
3.040527343750000000e+00,1.997050642967224121e+00
4.219757556915283203e+00,-4.060371220111846924e-01
1.968793630599975586e+00,3.030382394790649414e+00
1.437789201736450195e+00,3.349704504013061523e+00
1.845874190330505371e+00,3.251969099044799805e+00
4.027331352233886719e+00,-2.325217723846435547e+00
1.886287212371826172e+00,3.119253873825073242e+00
1.971398830413818359e+00,3.132806062698364258e+00
2.152061223983764648e+00,2.839405059814453125e+00
1.815432786941528320e+00,3.003810167312622070e+00
1.369253754615783691e+00,3.259060144424438477e+00
3.576449394226074219e+00,1.195187568664550781e+00
2.343695878982543945e+00,2.750348806381225586e+00
1.490636348724365234e+00,3.161960363388061523e+00
1.758861660957336426e+00,3.036331892013549805e+00
1.206908226013183594e+00,3.428625822067260742e+00
2.045309066772460938e+00,2.995364904403686523e+00
3.221229553222656250e+00,-3.877982854843139648e+00
1.296837687492370605e+00,3.453644037246704102e+00
2.134068965911865234e+00,2.826331615447998047e+00
1.716514348983764648e+00,3.212563514709472656e+00
2.197172641754150391e+00,2.789887189865112305e+00
1.979091167449951172e+00,3.019584655761718750e+00
1.430224895477294922e+00,3.414139032363891602e+00
1.667358398437500000e+00,3.261730432510375977e+00
1.835214614868164062e+00,3.049968481063842773e+00
1.670491576194763184e+00,3.128542661666870117e+00
1.702569723129272461e+00,3.223614931106567383e+00
2.837319374084472656e+00,2.177661657333374023e+00
3.031487464904785156e+00,2.148668050765991211e+00
3.785020828247070312e+00,-3.136694192886352539e+00
2.178637266159057617e+00,2.827784299850463867e+00
2.757462739944458008e+00,2.313383340835571289e+00
1.690096735954284668e+00,3.297065973281860352e+00
1.432986497879028320e+00,3.470332145690917969e+00
2.102383136749267578e+00,2.913306951522827148e+00
1.521991848945617676e+00,3.263853073120117188e+00
1.441685438156127930e+00,3.290736436843872070e+00
2.872921943664550781e+00,2.201016426086425781e+00
2.274437904357910156e+00,2.859519243240356445e+00
2.329206466674804688e+00,2.595354795455932617e+00
2.010359525680541992e+00,3.127883195877075195e+00
1.505915403366088867e+00,3.328192949295043945e+00
3.966359615325927734e+00,-2.502325296401977539e+00
3.546242475509643555e+00,1.416032791137695312e+00
2.151830911636352539e+00,2.982599020004272461e+00
3.914380073547363281e+00,-1.988877534866333008e+00
1.710224866867065430e+00,3.286898374557495117e+00
1.552565813064575195e+00,3.216571331024169922e+00
1.451213598251342773e+00,3.365907430648803711e+00
2.025737762451171875e+00,2.968450546264648438e+00
1.077387452125549316e+00,3.143826246261596680e+00
2.379232406616210938e+00,2.696270227432250977e+00
1.751762390136718750e+00,3.261584520339965820e+00
1.775149822235107422e+00,3.137372255325317383e+00
1.618848085403442383e+00,3.135218381881713867e+00
1.607621431350708008e+00,3.368184328079223633e+00
1.398666381835937500e+00,3.253309488296508789e+00
2.231087684631347656e+00,2.777060270309448242e+00
2.102371931076049805e+00,2.920994520187377930e+00
1.789139747619628906e+00,3.234966516494750977e+00
2.356035947799682617e+00,2.658952951431274414e+00
1.597104787826538086e+00,3.407009363174438477e+00
2.780474185943603516e+00,2.131029367446899414e+00
1.348821401596069336e+00,3.505430221557617188e+00
1.464248657226562500e+00,3.302137851715087891e+00
1.348044872283935547e+00,3.407572031021118164e+00
1.538803100585937500e+00,3.215372800827026367e+00
2.197696208953857422e+00,2.937660932540893555e+00
1.495836496353149414e+00,3.367605686187744141e+00
2.039374113082885742e+00,2.891618967056274414e+00
1.855046033859252930e+00,2.995506286621093750e+00
2.487464904785156250e+00,2.424155950546264648e+00
2.928463459014892578e+00,2.138255119323730469e+00
1.894029021263122559e+00,3.099086761474609375e+00
1.482211589813232422e+00,3.388022661209106445e+00
1.487315416336059570e+00,3.305474996566772461e+00
1.956804037094116211e+00,2.929045677185058594e+00
1.805492043495178223e+00,3.260634660720825195e+00
1.965359687805175781e+00,3.054420948028564453e+00
1.515861511230468750e+00,3.279386281967163086e+00
1.850937366485595703e+00,3.269488334655761719e+00
1.307789087295532227e+00,3.561022996902465820e+00
1.407649040222167969e+00,3.380487680435180664e+00
1.566910386085510254e+00,3.255950927734375000e+00
3.852298259735107422e+00,-2.721777677536010742e+00
2.240128755569458008e+00,2.852683782577514648e+00
1.737761259078979492e+00,3.125906705856323242e+00
2.265949010848999023e+00,2.821102142333984375e+00
1.686608552932739258e+00,3.164460182189941406e+00
1.812807202339172363e+00,3.136467933654785156e+00
2.386816978454589844e+00,2.756509780883789062e+00
4.052341938018798828e+00,-1.345087885856628418e-01
1.311168551445007324e+00,3.467235803604125977e+00
1.362181186676025391e+00,3.307202577590942383e+00
1.804144382476806641e+00,3.251284360885620117e+00
2.375468969345092773e+00,2.613005876541137695e+00
1.478211402893066406e+00,3.137514591217041016e+00
1.598249912261962891e+00,3.261087179183959961e+00
2.163522481918334961e+00,2.855729579925537109e+00
2.225450515747070312e+00,2.933028221130371094e+00
2.148447990417480469e+00,3.001951932907104492e+00
2.196786165237426758e+00,2.785096168518066406e+00
2.361043453216552734e+00,2.692259550094604492e+00
1.510792374610900879e+00,3.390933275222778320e+00
2.621644020080566406e+00,2.414555311203002930e+00
1.691319465637207031e+00,3.291314840316772461e+00
2.924844264984130859e+00,2.201900482177734375e+00
4.040802001953125000e+00,-2.117195874452590942e-01
2.155467748641967773e+00,2.728318929672241211e+00
1.750778913497924805e+00,3.265371084213256836e+00
1.624674797058105469e+00,3.331827640533447266e+00
1.533845067024230957e+00,3.148189306259155273e+00
2.571066141128540039e+00,2.567108392715454102e+00
4.159364223480224609e+00,-1.322083115577697754e+00
2.192881107330322266e+00,3.075019836425781250e+00
1.588831543922424316e+00,3.290541887283325195e+00
1.959566116333007812e+00,2.989978551864624023e+00
4.127212047576904297e+00,-1.448541879653930664e+00
1.861279964447021484e+00,3.216074466705322266e+00
2.574575901031494141e+00,2.608309507369995117e+00
3.857097387313842773e+00,9.913840889930725098e-01
2.062427520751953125e+00,2.918783664703369141e+00
1.568960905075073242e+00,3.311562776565551758e+00
3.931400060653686523e+00,-2.468214988708496094e+00
2.236624717712402344e+00,2.944226980209350586e+00
3.909278154373168945e+00,-4.870556592941284180e-01
1.928637027740478516e+00,2.968345880508422852e+00
3.067071437835693359e+00,1.888098716735839844e+00
1.460503339767456055e+00,3.303447484970092773e+00
1.535957336425781250e+00,3.303071260452270508e+00
2.039226055145263672e+00,2.964891195297241211e+00
1.809601545333862305e+00,3.126973867416381836e+00
1.705419063568115234e+00,3.278492212295532227e+00
1.877006292343139648e+00,3.134669542312622070e+00
1.909186840057373047e+00,3.250344514846801758e+00
1.696270942687988281e+00,3.145953416824340820e+00
1.260124921798706055e+00,3.278216838836669922e+00
1.687855601310729980e+00,3.353223085403442383e+00
1.490275144577026367e+00,3.445327997207641602e+00
1.523479700088500977e+00,3.443750858306884766e+00
1.797050476074218750e+00,3.013098716735839844e+00
1.921511769294738770e+00,3.028428554534912109e+00
2.366544723510742188e+00,2.735393762588500977e+00
1.399595975875854492e+00,3.519084215164184570e+00
1.756707668304443359e+00,3.127440214157104492e+00
2.170440673828125000e+00,3.106874227523803711e+00
2.761497735977172852e+00,2.481553077697753906e+00
2.210741043090820312e+00,2.743097543716430664e+00
1.688660144805908203e+00,3.315121889114379883e+00
1.525895595550537109e+00,3.144412755966186523e+00
2.539926290512084961e+00,2.786491632461547852e+00
1.603257060050964355e+00,3.107349395751953125e+00
1.600859880447387695e+00,3.263419866561889648e+00
2.151997089385986328e+00,2.849452733993530273e+00
1.575639605522155762e+00,3.089257240295410156e+00
1.404679536819458008e+00,3.604422569274902344e+00
1.747635722160339355e+00,3.298207044601440430e+00
2.028374910354614258e+00,3.004723787307739258e+00
4.044913768768310547e+00,-7.617805004119873047e-01
2.082573652267456055e+00,2.959582328796386719e+00
1.682515144348144531e+00,3.245443582534790039e+00
3.182168960571289062e+00,1.993981122970581055e+00
1.909368038177490234e+00,3.125026226043701172e+00
1.573730945587158203e+00,3.236887693405151367e+00
1.599553823471069336e+00,3.289215326309204102e+00
1.429425120353698730e+00,3.324247121810913086e+00
1.378229379653930664e+00,3.270898818969726562e+00
2.466494798660278320e+00,2.468557596206665039e+00
2.396116971969604492e+00,2.575226068496704102e+00
1.574251651763916016e+00,3.300481081008911133e+00
1.777385830879211426e+00,3.111124753952026367e+00
3.811483860015869141e+00,-2.857575893402099609e+00
2.321557998657226562e+00,2.622501611709594727e+00
1.473580241203308105e+00,3.298772573471069336e+00
1.455237507820129395e+00,3.326613664627075195e+00
1.716243863105773926e+00,3.171193122863769531e+00
1.671189069747924805e+00,3.270442247390747070e+00
2.277523040771484375e+00,2.819155454635620117e+00
2.267839670181274414e+00,2.676966428756713867e+00
1.406483411788940430e+00,3.262256860733032227e+00
3.993290901184082031e+00,-2.096925497055053711e+00
1.962594389915466309e+00,3.136455535888671875e+00
2.088838577270507812e+00,2.807088375091552734e+00
2.216496229171752930e+00,2.706487178802490234e+00
1.660304784774780273e+00,3.150233507156372070e+00
3.842683076858520508e+00,-2.635263681411743164e+00
1.737178564071655273e+00,3.068346738815307617e+00
2.094459772109985352e+00,2.866674661636352539e+00
2.006145000457763672e+00,3.145734071731567383e+00
1.891484022140502930e+00,3.068395376205444336e+00
2.284311771392822266e+00,2.794672250747680664e+00
1.670089006423950195e+00,3.194008111953735352e+00
1.798280119895935059e+00,3.308656454086303711e+00
3.724535942077636719e+00,-3.106852054595947266e+00
2.022528409957885742e+00,2.923457622528076172e+00
2.242532014846801758e+00,2.816079616546630859e+00
3.941736698150634766e+00,-2.203313589096069336e+00
1.556667327880859375e+00,3.213016748428344727e+00
1.753669977188110352e+00,3.159967660903930664e+00
1.489699125289916992e+00,3.280393600463867188e+00
1.801316261291503906e+00,3.173816204071044922e+00
3.860018014907836914e+00,-2.555776834487915039e+00
1.701479673385620117e+00,3.145992040634155273e+00
2.803828716278076172e+00,2.249810934066772461e+00
2.142006397247314453e+00,2.821552038192749023e+00
2.386361360549926758e+00,2.735412836074829102e+00
1.929651379585266113e+00,3.169774055480957031e+00
1.999132871627807617e+00,3.140993356704711914e+00
1.808810353279113770e+00,3.068038225173950195e+00
1.815437555313110352e+00,3.059019804000854492e+00
1.360810756683349609e+00,3.389486312866210938e+00
1.849048495292663574e+00,3.158944368362426758e+00
2.035608053207397461e+00,3.045290946960449219e+00
1.995403170585632324e+00,2.908819913864135742e+00
1.947686910629272461e+00,3.027808427810668945e+00
3.188514471054077148e+00,1.925184726715087891e+00
2.247543096542358398e+00,2.759659051895141602e+00
1.548964977264404297e+00,3.242550134658813477e+00
1.281850099563598633e+00,3.506465911865234375e+00
2.442430257797241211e+00,2.513234376907348633e+00
1.467102289199829102e+00,3.304785251617431641e+00
2.286390066146850586e+00,2.663772106170654297e+00
3.068450927734375000e+00,2.040455818176269531e+00
1.934820652008056641e+00,3.045365095138549805e+00
3.974526643753051758e+00,-2.677740812301635742e+00
2.949408292770385742e+00,2.167941331863403320e+00
1.540928840637207031e+00,3.327042341232299805e+00
3.525494098663330078e+00,1.400872826576232910e+00
1.710829734802246094e+00,3.169537305831909180e+00
3.572931766510009766e+00,1.160356998443603516e+00
1.792634725570678711e+00,3.206843376159667969e+00
1.651487350463867188e+00,3.253936529159545898e+00
3.299541711807250977e+00,1.818462610244750977e+00
1.878791570663452148e+00,3.312715291976928711e+00
2.002062797546386719e+00,3.032153844833374023e+00
1.389272093772888184e+00,3.317177772521972656e+00
2.126657009124755859e+00,2.944677591323852539e+00
1.422705173492431641e+00,3.329847574234008789e+00
2.304317712783813477e+00,2.453593492507934570e+00
1.606964349746704102e+00,3.302163839340209961e+00
1.967742085456848145e+00,3.112177848815917969e+00
3.304205417633056641e+00,1.477057695388793945e+00
1.665935635566711426e+00,3.173897743225097656e+00
2.259702444076538086e+00,2.911703824996948242e+00
1.601636648178100586e+00,3.233267545700073242e+00
2.511281013488769531e+00,2.424827098846435547e+00
2.123574733734130859e+00,2.821302890777587891e+00
1.408065319061279297e+00,3.343169450759887695e+00
1.637936592102050781e+00,3.266245126724243164e+00
1.533556222915649414e+00,3.251495361328125000e+00
1.949332714080810547e+00,3.107249498367309570e+00
2.533021688461303711e+00,2.472778797149658203e+00
4.041006565093994141e+00,-1.405783057212829590e+00
1.659804701805114746e+00,3.178472042083740234e+00
1.655505180358886719e+00,3.220119476318359375e+00
1.440930724143981934e+00,3.296254873275756836e+00
1.547470569610595703e+00,3.362592220306396484e+00
1.752282142639160156e+00,3.240464210510253906e+00
2.116880416870117188e+00,2.871421337127685547e+00
1.858264207839965820e+00,3.169596433639526367e+00
2.106370687484741211e+00,2.778426885604858398e+00
2.319658756256103516e+00,2.597853899002075195e+00
1.709351658821105957e+00,3.219871282577514648e+00
4.200536727905273438e+00,-1.086306810379028320e+00
1.475870966911315918e+00,3.286397218704223633e+00
1.874847173690795898e+00,2.965177297592163086e+00
1.307291507720947266e+00,3.422590494155883789e+00
2.256686449050903320e+00,2.770869016647338867e+00
2.926857948303222656e+00,2.069581747055053711e+00
2.211923837661743164e+00,2.856678724288940430e+00
2.234482288360595703e+00,2.774015188217163086e+00
1.967512249946594238e+00,3.181648015975952148e+00
1.987145423889160156e+00,3.034209012985229492e+00
3.315900325775146484e+00,-3.518446683883666992e+00
2.962613582611083984e+00,2.063668966293334961e+00
2.049338579177856445e+00,3.009459972381591797e+00
2.275805234909057617e+00,2.415672063827514648e+00
4.113978862762451172e+00,-2.920975387096405029e-01
1.788073778152465820e+00,3.024335145950317383e+00
1.313529849052429199e+00,3.220637321472167969e+00
2.360987424850463867e+00,2.637667655944824219e+00
2.275932312011718750e+00,2.679525136947631836e+00
2.397020578384399414e+00,2.562363386154174805e+00
2.568490505218505859e+00,2.491177797317504883e+00
2.123269557952880859e+00,2.833544969558715820e+00
2.577678442001342773e+00,2.652545690536499023e+00
1.793346047401428223e+00,3.105645418167114258e+00
2.222590923309326172e+00,2.826887845993041992e+00
1.681938171386718750e+00,3.285718679428100586e+00
1.654742836952209473e+00,3.229784727096557617e+00
4.084517002105712891e+00,-1.945065259933471680e+00
1.749215960502624512e+00,3.107698678970336914e+00
1.400038480758666992e+00,3.498052358627319336e+00
3.044543266296386719e+00,2.155505895614624023e+00
1.866331100463867188e+00,3.005619049072265625e+00
1.598900318145751953e+00,3.342222929000854492e+00
3.859289169311523438e+00,4.472735226154327393e-01
1.595358133316040039e+00,3.244579553604125977e+00
1.406310319900512695e+00,3.424081802368164062e+00
1.568812251091003418e+00,3.349662065505981445e+00
1.742234110832214355e+00,3.250159740447998047e+00
2.040052890777587891e+00,3.015394210815429688e+00
3.943776130676269531e+00,-2.519266128540039062e+00
2.147066593170166016e+00,2.899140834808349609e+00
4.106388568878173828e+00,-3.660504519939422607e-01
3.736770629882812500e+00,1.023033142089843750e+00
2.053853034973144531e+00,3.012331485748291016e+00
2.875325202941894531e+00,2.404556989669799805e+00
2.738963127136230469e+00,2.386430263519287109e+00
3.759604215621948242e+00,-2.937293052673339844e+00
1.635306596755981445e+00,3.153111219406127930e+00
1.787508606910705566e+00,3.120213747024536133e+00
1.800180792808532715e+00,2.899969339370727539e+00
2.093437194824218750e+00,2.817256927490234375e+00
1.530200481414794922e+00,3.123584747314453125e+00
2.357520580291748047e+00,2.695812225341796875e+00
1.394322395324707031e+00,3.263280391693115234e+00
1.523952722549438477e+00,3.243032932281494141e+00
2.484205961227416992e+00,2.711322069168090820e+00
1.535736203193664551e+00,3.233587503433227539e+00
1.623864769935607910e+00,3.085447788238525391e+00
2.307430744171142578e+00,2.696671009063720703e+00
1.572667598724365234e+00,3.308266878128051758e+00
4.083614826202392578e+00,-9.090319275856018066e-01
2.320101261138916016e+00,2.694588661193847656e+00
1.863718986511230469e+00,3.109820604324340820e+00
1.384334206581115723e+00,3.511015653610229492e+00
1.735235571861267090e+00,3.099468231201171875e+00
1.592129945755004883e+00,3.215641736984252930e+00
1.343497395515441895e+00,3.346035718917846680e+00
1.440090656280517578e+00,3.558903217315673828e+00
2.824398279190063477e+00,2.093294620513916016e+00
1.832070112228393555e+00,3.236040830612182617e+00
2.259859085083007812e+00,2.812428712844848633e+00
2.121786594390869141e+00,2.952939033508300781e+00
1.414887189865112305e+00,3.295958042144775391e+00
2.048088550567626953e+00,2.999522447586059570e+00
2.113492488861083984e+00,2.799478769302368164e+00
2.674658775329589844e+00,2.220950365066528320e+00
1.751442670822143555e+00,3.272365808486938477e+00
1.916253685951232910e+00,3.139216423034667969e+00
2.046602725982666016e+00,2.983522176742553711e+00
3.757791757583618164e+00,-3.044628858566284180e+00
4.118382930755615234e+00,-1.503170847892761230e+00
1.623406291007995605e+00,3.175627231597900391e+00
1.997627735137939453e+00,2.944222688674926758e+00
3.564352989196777344e+00,-3.331945657730102539e+00
1.912791609764099121e+00,3.143012762069702148e+00
1.712918758392333984e+00,3.272033929824829102e+00
4.058473110198974609e+00,-1.896860122680664062e+00
1.939376831054687500e+00,2.963447093963623047e+00
1.935096263885498047e+00,3.159586429595947266e+00
2.633030414581298828e+00,2.303284406661987305e+00
1.641932606697082520e+00,3.150924444198608398e+00
1.887141942977905273e+00,3.086373567581176758e+00
1.383438467979431152e+00,3.270857572555541992e+00
1.482161760330200195e+00,3.212760686874389648e+00
1.769938230514526367e+00,3.178680658340454102e+00
1.663609623908996582e+00,3.231665849685668945e+00
4.169566154479980469e+00,-4.311807453632354736e-01
2.008041620254516602e+00,2.784172773361206055e+00
1.493094801902770996e+00,3.245676755905151367e+00
1.760231375694274902e+00,3.083794355392456055e+00
3.072423934936523438e+00,-3.882435083389282227e+00
1.699293613433837891e+00,3.129627227783203125e+00
1.650355577468872070e+00,3.231306552886962891e+00
3.397877693176269531e+00,1.693422436714172363e+00
1.612723231315612793e+00,3.268748521804809570e+00
1.630949258804321289e+00,3.116650342941284180e+00
1.436712980270385742e+00,3.359477281570434570e+00
1.555281400680541992e+00,3.088592767715454102e+00
3.617294788360595703e+00,1.168661117553710938e+00
1.393327474594116211e+00,3.338075399398803711e+00
1.396742343902587891e+00,3.406422853469848633e+00
3.947020053863525391e+00,-2.378669500350952148e+00
2.075249671936035156e+00,2.953660249710083008e+00
1.408667087554931641e+00,3.386732578277587891e+00
1.597112655639648438e+00,3.154597043991088867e+00
1.890264511108398438e+00,3.017844915390014648e+00
1.573957204818725586e+00,3.310484409332275391e+00
1.825738191604614258e+00,3.085972785949707031e+00
1.268912553787231445e+00,3.543950796127319336e+00
3.941550254821777344e+00,-2.553457021713256836e+00
1.788473844528198242e+00,2.999650716781616211e+00
3.973790645599365234e+00,-2.128711223602294922e+00
1.698689818382263184e+00,3.334427833557128906e+00
1.315199017524719238e+00,3.449495792388916016e+00
3.897327423095703125e+00,-2.438061237335205078e+00
1.640247225761413574e+00,3.220888376235961914e+00
1.520001411437988281e+00,3.444338560104370117e+00
1.635329246520996094e+00,3.311175823211669922e+00
1.264997601509094238e+00,3.466569185256958008e+00
1.974474668502807617e+00,2.982667684555053711e+00
1.645229578018188477e+00,3.211030006408691406e+00
1.595405817031860352e+00,3.331104993820190430e+00
1.747791767120361328e+00,3.184956789016723633e+00
1.668559551239013672e+00,3.304924964904785156e+00
1.385608434677124023e+00,3.425930261611938477e+00
1.533150672912597656e+00,3.278787851333618164e+00
2.356600522994995117e+00,2.770878553390502930e+00
3.440911293029785156e+00,1.383946895599365234e+00
1.727425813674926758e+00,3.105823040008544922e+00
1.631565093994140625e+00,3.020546674728393555e+00
1.854042291641235352e+00,3.261190652847290039e+00
1.850709438323974609e+00,3.136263608932495117e+00
1.365665435791015625e+00,3.297905445098876953e+00
1.650761485099792480e+00,3.356156110763549805e+00
3.840924739837646484e+00,-2.506180286407470703e+00
1.982968568801879883e+00,3.058970212936401367e+00
2.540050506591796875e+00,2.564478635787963867e+00
1.530717849731445312e+00,3.319700241088867188e+00
1.689958214759826660e+00,3.259844064712524414e+00
1.626317977905273438e+00,3.346855163574218750e+00
2.990489721298217773e+00,2.132891893386840820e+00
2.185416936874389648e+00,2.934870958328247070e+00
1.695578336715698242e+00,3.115634679794311523e+00
3.934693336486816406e+00,-1.910032987594604492e+00
1.937009334564208984e+00,3.214466333389282227e+00
1.788302540779113770e+00,3.061043500900268555e+00
1.798432826995849609e+00,3.141011476516723633e+00
3.645067691802978516e+00,-3.166265726089477539e+00
2.463982105255126953e+00,2.684957265853881836e+00
1.778010010719299316e+00,3.305850744247436523e+00
1.825838208198547363e+00,3.293206453323364258e+00
1.644544839859008789e+00,3.172256231307983398e+00
4.029886245727539062e+00,-1.580517292022705078e+00
1.618316888809204102e+00,3.175024032592773438e+00
2.552657127380371094e+00,2.628099679946899414e+00
1.992574214935302734e+00,3.054727792739868164e+00
1.946999669075012207e+00,3.061839103698730469e+00
1.856320142745971680e+00,3.123837947845458984e+00
1.661419749259948730e+00,3.277894735336303711e+00
4.056829929351806641e+00,-2.040334224700927734e+00
1.526763916015625000e+00,3.347716093063354492e+00
2.347171068191528320e+00,2.807954072952270508e+00
1.551319837570190430e+00,3.304416179656982422e+00
1.998679995536804199e+00,3.118595361709594727e+00
2.342169761657714844e+00,2.691881895065307617e+00
2.533346414566040039e+00,2.541942358016967773e+00
3.719023227691650391e+00,6.715196371078491211e-01
1.900567054748535156e+00,3.115293741226196289e+00
1.605018854141235352e+00,3.454341173171997070e+00
1.763207912445068359e+00,3.267359018325805664e+00
1.994067430496215820e+00,3.144173622131347656e+00
1.654399871826171875e+00,3.246680021286010742e+00
2.890288352966308594e+00,2.394395351409912109e+00
2.104031801223754883e+00,2.740952730178833008e+00
1.747387528419494629e+00,3.083524227142333984e+00
2.492516994476318359e+00,2.484941720962524414e+00
2.300094604492187500e+00,2.701079845428466797e+00
1.931260466575622559e+00,3.169006824493408203e+00
2.453358411788940430e+00,2.481440782546997070e+00
3.097158432006835938e+00,1.928699374198913574e+00
1.503361821174621582e+00,3.198145866394042969e+00
2.732943058013916016e+00,2.395973920822143555e+00
2.166561603546142578e+00,2.852360963821411133e+00
2.519594669342041016e+00,2.573835372924804688e+00
1.592045307159423828e+00,3.218896150588989258e+00
1.690500736236572266e+00,3.218893527984619141e+00
1.636034965515136719e+00,3.180199861526489258e+00
4.124728679656982422e+00,-1.588379383087158203e+00
1.778101205825805664e+00,3.271460294723510742e+00
3.103826284408569336e+00,1.939441084861755371e+00
2.333780288696289062e+00,2.783179521560668945e+00
2.043368577957153320e+00,3.076225757598876953e+00
2.211728096008300781e+00,2.845140695571899414e+00
1.761749029159545898e+00,3.165242195129394531e+00
1.761352777481079102e+00,3.284609079360961914e+00
1.705590128898620605e+00,3.284465551376342773e+00
1.529194355010986328e+00,3.228432893753051758e+00
1.509969115257263184e+00,3.272389650344848633e+00
1.721209168434143066e+00,3.200788259506225586e+00
2.025725364685058594e+00,2.929383993148803711e+00
1.604499936103820801e+00,3.282063961029052734e+00
1.944490909576416016e+00,3.008916616439819336e+00
1.449276566505432129e+00,3.350029706954956055e+00
2.182047843933105469e+00,2.890603780746459961e+00
2.228812217712402344e+00,2.984646558761596680e+00
1.030448913574218750e+00,3.588977098464965820e+00
1.826445698738098145e+00,3.237932443618774414e+00
2.032732248306274414e+00,2.980511426925659180e+00
3.305774688720703125e+00,1.797413110733032227e+00
1.789515376091003418e+00,3.269907474517822266e+00
1.667381286621093750e+00,3.258394479751586914e+00
1.322742581367492676e+00,3.364547491073608398e+00
3.536410808563232422e+00,1.159890532493591309e+00
1.556333541870117188e+00,3.197496414184570312e+00
1.924189448356628418e+00,2.986019849777221680e+00
2.738810539245605469e+00,2.453217983245849609e+00
1.549585819244384766e+00,3.282816171646118164e+00
1.411452889442443848e+00,3.149996519088745117e+00
3.585616588592529297e+00,-3.415670394897460938e+00
1.872624397277832031e+00,3.087462425231933594e+00
1.611735939979553223e+00,3.270797014236450195e+00
1.344333410263061523e+00,3.363364458084106445e+00
2.365980386734008789e+00,2.634451627731323242e+00
1.451668858528137207e+00,3.463579416275024414e+00
2.261117458343505859e+00,2.773939371109008789e+00
2.678825378417968750e+00,2.625693082809448242e+00
3.471701383590698242e+00,-3.468659639358520508e+00
2.354649543762207031e+00,2.601989984512329102e+00
1.678736686706542969e+00,3.165446519851684570e+00
3.738365411758422852e+00,1.054818034172058105e+00
1.694067955017089844e+00,3.327920198440551758e+00
2.688466072082519531e+00,2.323814153671264648e+00
1.904344558715820312e+00,3.066711902618408203e+00
2.545609474182128906e+00,2.629298925399780273e+00
1.122597217559814453e+00,3.402004480361938477e+00
1.931307554244995117e+00,3.093125104904174805e+00
3.381023645401000977e+00,-3.546047210693359375e+00
3.178507804870605469e+00,1.879851937294006348e+00
1.563024044036865234e+00,3.202859163284301758e+00
2.361256599426269531e+00,2.697899341583251953e+00
1.534840703010559082e+00,3.261474370956420898e+00
3.705231428146362305e+00,-3.074398756027221680e+00
1.807790160179138184e+00,3.015897274017333984e+00
1.400743722915649414e+00,3.316069841384887695e+00
2.044640541076660156e+00,2.998323202133178711e+00
1.816787242889404297e+00,3.173881769180297852e+00
1.770855307579040527e+00,3.150827169418334961e+00
2.112274169921875000e+00,3.151084899902343750e+00
1.723623394966125488e+00,3.274163961410522461e+00
3.388548851013183594e+00,1.536132216453552246e+00
2.383961200714111328e+00,2.663623809814453125e+00
3.522160530090332031e+00,-3.310262441635131836e+00
2.070768594741821289e+00,2.961521387100219727e+00
1.378374814987182617e+00,3.303350687026977539e+00
1.480809450149536133e+00,3.424235582351684570e+00
3.002205848693847656e+00,1.962461233139038086e+00
1.979784846305847168e+00,2.983033418655395508e+00
1.716556668281555176e+00,3.182487726211547852e+00
2.076738595962524414e+00,2.978926181793212891e+00
1.677230119705200195e+00,3.341491937637329102e+00
1.934611916542053223e+00,3.162877798080444336e+00
1.778161048889160156e+00,3.184780359268188477e+00
1.615423679351806641e+00,3.240688085556030273e+00
1.949716091156005859e+00,3.092790842056274414e+00
3.318313360214233398e+00,-3.619302034378051758e+00
3.722629547119140625e+00,1.112762570381164551e+00
1.666028141975402832e+00,3.397711277008056641e+00
3.625490188598632812e+00,1.328917503356933594e+00
2.625323295593261719e+00,2.548547267913818359e+00
1.520291924476623535e+00,3.293211460113525391e+00
2.300936698913574219e+00,2.761641979217529297e+00
1.790402293205261230e+00,3.146827459335327148e+00
1.898146510124206543e+00,2.900004386901855469e+00
2.152197837829589844e+00,3.006796836853027344e+00
1.969754576683044434e+00,2.796052217483520508e+00
2.104612827301025391e+00,2.944447755813598633e+00
2.140261173248291016e+00,2.787035942077636719e+00
2.004327297210693359e+00,3.129325389862060547e+00
2.197255611419677734e+00,2.912911176681518555e+00
1.479988336563110352e+00,3.266899108886718750e+00
3.197572708129882812e+00,1.751023292541503906e+00
1.874550700187683105e+00,3.001768827438354492e+00
1.752570033073425293e+00,3.239803791046142578e+00
2.851416349411010742e+00,2.282746791839599609e+00
1.743240833282470703e+00,3.170119762420654297e+00
1.900047302246093750e+00,3.006245851516723633e+00
3.157854795455932617e+00,-3.678747892379760742e+00
1.719354152679443359e+00,3.108875989913940430e+00
2.766464948654174805e+00,2.197385311126708984e+00
3.974636077880859375e+00,-2.552034616470336914e+00
2.147721052169799805e+00,2.896332502365112305e+00
1.822627902030944824e+00,3.164843082427978516e+00
1.122897028923034668e+00,3.435739755630493164e+00
2.370985984802246094e+00,2.812327384948730469e+00
1.587192535400390625e+00,3.259142637252807617e+00
1.707103848457336426e+00,3.335662603378295898e+00
1.758689641952514648e+00,3.153861761093139648e+00
1.649416685104370117e+00,3.376221895217895508e+00
1.592579603195190430e+00,3.304798841476440430e+00
2.006920576095581055e+00,2.815078973770141602e+00
2.030783653259277344e+00,3.106536388397216797e+00
2.307717084884643555e+00,2.766707420349121094e+00
1.907429218292236328e+00,3.077788114547729492e+00
1.889722347259521484e+00,3.068828344345092773e+00
1.368478655815124512e+00,3.476050138473510742e+00
3.312572717666625977e+00,1.404994487762451172e+00
4.003194332122802734e+00,-1.693276882171630859e+00
3.363332271575927734e+00,1.838405489921569824e+00
2.154374361038208008e+00,2.757149457931518555e+00
1.469922184944152832e+00,3.316629171371459961e+00
1.743686199188232422e+00,3.182278394699096680e+00
3.919709205627441406e+00,-2.458679676055908203e+00
4.062305450439453125e+00,-1.775555372238159180e+00
1.888206481933593750e+00,3.127238988876342773e+00
3.329408645629882812e+00,1.551536083221435547e+00
2.125635147094726562e+00,2.881201505661010742e+00
4.044626235961914062e+00,-1.387097716331481934e+00
1.726796269416809082e+00,3.344178915023803711e+00
1.679768085479736328e+00,3.200227499008178711e+00
1.514262914657592773e+00,3.083303928375244141e+00
1.758950829505920410e+00,3.249329805374145508e+00
2.173199892044067383e+00,2.752582073211669922e+00
2.283489465713500977e+00,2.814016819000244141e+00
1.752433776855468750e+00,2.955465078353881836e+00
3.722620725631713867e+00,8.593857884407043457e-01
1.611210703849792480e+00,3.275118589401245117e+00
2.261590480804443359e+00,2.906902551651000977e+00
4.109424114227294922e+00,-1.815799236297607422e+00
2.714064598083496094e+00,2.385818243026733398e+00
2.199839115142822266e+00,2.929640054702758789e+00
1.896634340286254883e+00,3.083826541900634766e+00
1.580331444740295410e+00,3.248447656631469727e+00
3.177118301391601562e+00,1.908167004585266113e+00
2.744486331939697266e+00,2.311582803726196289e+00
2.362974643707275391e+00,2.645865678787231445e+00
3.804955244064331055e+00,-2.992172002792358398e+00
1.577216625213623047e+00,3.254297494888305664e+00
1.827620863914489746e+00,2.960358142852783203e+00
1.654488086700439453e+00,3.270873785018920898e+00
1.841888666152954102e+00,3.215465307235717773e+00
2.968329429626464844e+00,2.142171144485473633e+00
1.707352638244628906e+00,3.181181430816650391e+00
1.592474102973937988e+00,3.233048915863037109e+00
1.825104951858520508e+00,3.279752492904663086e+00
1.749571084976196289e+00,3.324301958084106445e+00
1.660357713699340820e+00,3.209465742111206055e+00
1.665822505950927734e+00,3.200999975204467773e+00
1.727922558784484863e+00,3.260337829589843750e+00
1.968168377876281738e+00,3.133754253387451172e+00
1.487985491752624512e+00,3.468448877334594727e+00
1.642219185829162598e+00,3.324640750885009766e+00
2.021559000015258789e+00,2.848029375076293945e+00
1.916821241378784180e+00,2.791044950485229492e+00
2.319834232330322266e+00,2.673167705535888672e+00
1.720642566680908203e+00,3.076347112655639648e+00
2.571259975433349609e+00,2.429638385772705078e+00
2.114448070526123047e+00,2.809934854507446289e+00
1.986157298088073730e+00,3.111338853836059570e+00
1.787325263023376465e+00,3.013762235641479492e+00
1.522169113159179688e+00,3.269824266433715820e+00
2.281241893768310547e+00,2.865064859390258789e+00
1.577250957489013672e+00,3.269916057586669922e+00
2.102163314819335938e+00,2.973040819168090820e+00
2.379102945327758789e+00,2.697670221328735352e+00
2.822458744049072266e+00,2.330008506774902344e+00
1.895183086395263672e+00,3.133188247680664062e+00
3.988096237182617188e+00,-2.473189830780029297e+00
1.790333032608032227e+00,3.103481531143188477e+00
3.414975881576538086e+00,-3.558827400207519531e+00
1.760130167007446289e+00,3.180422306060791016e+00
2.430988550186157227e+00,2.702155351638793945e+00
2.548908472061157227e+00,2.423750162124633789e+00
1.885687589645385742e+00,3.009530782699584961e+00
1.865866422653198242e+00,3.080734252929687500e+00
2.730195999145507812e+00,2.467400789260864258e+00
1.603550910949707031e+00,3.200285911560058594e+00
1.819288372993469238e+00,3.057624578475952148e+00
4.007323741912841797e+00,8.662785589694976807e-02
1.901381373405456543e+00,2.939828634262084961e+00
4.138939380645751953e+00,-1.922540783882141113e+00
1.985272526741027832e+00,3.003543138504028320e+00
1.632237672805786133e+00,3.270005226135253906e+00
1.525712251663208008e+00,3.468253374099731445e+00
1.761885285377502441e+00,3.107851505279541016e+00
1.732718348503112793e+00,3.332319498062133789e+00
1.979932188987731934e+00,3.056129455566406250e+00
1.640208244323730469e+00,3.349495172500610352e+00
1.647973895072937012e+00,3.318952560424804688e+00
1.752550125122070312e+00,3.131817817687988281e+00
2.233683824539184570e+00,2.850436925888061523e+00
2.893754482269287109e+00,2.249067068099975586e+00
2.270764589309692383e+00,2.894838571548461914e+00
1.574111700057983398e+00,3.289932966232299805e+00
1.941422104835510254e+00,3.056036710739135742e+00
4.000957965850830078e+00,-2.001783370971679688e+00
1.759361147880554199e+00,3.182867527008056641e+00
2.328066825866699219e+00,2.735355615615844727e+00
1.607129335403442383e+00,3.253726005554199219e+00
1.908570170402526855e+00,3.092158555984497070e+00
2.685779094696044922e+00,2.360033512115478516e+00
3.979348182678222656e+00,-1.902548909187316895e+00
1.970194816589355469e+00,3.047244787216186523e+00
1.679905533790588379e+00,3.289804458618164062e+00
2.283719301223754883e+00,2.711803913116455078e+00
2.190040588378906250e+00,2.857427835464477539e+00
2.075798988342285156e+00,2.694241046905517578e+00
2.402461290359497070e+00,2.582561254501342773e+00
1.871825695037841797e+00,2.659576892852783203e+00
1.695909976959228516e+00,3.148827791213989258e+00
4.074317455291748047e+00,-8.447942137718200684e-01
2.328809022903442383e+00,2.757582426071166992e+00
1.309220075607299805e+00,3.454849004745483398e+00
1.605870246887207031e+00,3.309772729873657227e+00
1.995900154113769531e+00,2.806366443634033203e+00
1.988656997680664062e+00,2.951394796371459961e+00
2.008899927139282227e+00,3.060835361480712891e+00
2.109097242355346680e+00,2.890899419784545898e+00
3.201262950897216797e+00,-3.762442350387573242e+00
1.964234113693237305e+00,2.883661031723022461e+00
3.043632507324218750e+00,1.986470699310302734e+00
1.549026250839233398e+00,3.087852716445922852e+00
1.918154478073120117e+00,3.047953128814697266e+00
1.667674183845520020e+00,3.421317338943481445e+00
1.780558943748474121e+00,3.252225399017333984e+00
1.601306557655334473e+00,3.073741674423217773e+00
2.314245700836181641e+00,2.610690832138061523e+00
2.337687253952026367e+00,2.752655744552612305e+00
1.822482943534851074e+00,3.259296178817749023e+00
1.686675190925598145e+00,3.220525026321411133e+00
2.698590755462646484e+00,-4.072481632232666016e+00
1.604309678077697754e+00,3.311290502548217773e+00
1.954878330230712891e+00,3.126044273376464844e+00
1.815779209136962891e+00,3.038964509963989258e+00
1.733775377273559570e+00,3.115780591964721680e+00
3.985325336456298828e+00,-2.058304548263549805e+00
3.448009967803955078e+00,-3.529499769210815430e+00
1.587027311325073242e+00,3.202630043029785156e+00
1.759797215461730957e+00,3.314896821975708008e+00
3.757179260253906250e+00,-3.015668153762817383e+00
1.832654237747192383e+00,3.195511341094970703e+00
1.792772412300109863e+00,3.055415630340576172e+00
2.078488349914550781e+00,2.950463771820068359e+00
1.998747706413269043e+00,2.967000007629394531e+00
3.963340520858764648e+00,-2.149736166000366211e+00
1.931713461875915527e+00,2.883935213088989258e+00
1.662839889526367188e+00,3.244339227676391602e+00
1.886579632759094238e+00,3.002626180648803711e+00
1.848165631294250488e+00,3.058004140853881836e+00
1.562532663345336914e+00,3.358048677444458008e+00
4.053374767303466797e+00,-2.056551694869995117e+00
3.656465291976928711e+00,-3.303158998489379883e+00
2.164018392562866211e+00,2.965819597244262695e+00
1.987447381019592285e+00,3.065850973129272461e+00
1.550488233566284180e+00,3.238881587982177734e+00
1.539193034172058105e+00,3.151341199874877930e+00
2.610063791275024414e+00,2.362478971481323242e+00
1.640691518783569336e+00,3.231747150421142578e+00
1.512105107307434082e+00,3.392724037170410156e+00
1.600922465324401855e+00,3.183602571487426758e+00
2.669161319732666016e+00,2.260045528411865234e+00
1.896832227706909180e+00,3.073467493057250977e+00
3.967618942260742188e+00,-2.557298421859741211e+00
2.683863639831542969e+00,2.186540365219116211e+00
1.394447803497314453e+00,3.532458066940307617e+00
2.009562969207763672e+00,3.087819337844848633e+00
2.213384151458740234e+00,2.918672323226928711e+00
4.121437072753906250e+00,1.141570657491683960e-01
2.366196155548095703e+00,2.655529737472534180e+00
3.469546794891357422e+00,-3.391960859298706055e+00
1.885142564773559570e+00,3.149416685104370117e+00
3.928313732147216797e+00,3.716182708740234375e-01
4.104491710662841797e+00,-7.448670268058776855e-01
1.464368700981140137e+00,3.397382974624633789e+00
2.597292423248291016e+00,2.641045808792114258e+00
1.831397533416748047e+00,3.199238538742065430e+00
2.390212059020996094e+00,2.612913131713867188e+00
2.028264284133911133e+00,3.043631553649902344e+00
1.362254619598388672e+00,3.407064676284790039e+00
1.396457791328430176e+00,3.334123849868774414e+00
2.454931974411010742e+00,2.410737037658691406e+00
3.290100574493408203e+00,-3.777099370956420898e+00
1.617927193641662598e+00,3.022618293762207031e+00
1.963130950927734375e+00,3.010075092315673828e+00
2.245452880859375000e+00,2.868129014968872070e+00
2.065732479095458984e+00,2.937277793884277344e+00
4.087614059448242188e+00,-1.544595718383789062e+00
2.025825977325439453e+00,3.026570081710815430e+00
1.733469486236572266e+00,3.367364883422851562e+00
1.716112375259399414e+00,3.215422868728637695e+00
1.542778849601745605e+00,3.206959962844848633e+00
1.854350328445434570e+00,3.153747558593750000e+00
1.711090445518493652e+00,3.319043397903442383e+00
2.435332775115966797e+00,2.517258167266845703e+00
1.932517170906066895e+00,3.032861471176147461e+00
3.812213182449340820e+00,-2.779928684234619141e+00
2.812807559967041016e+00,2.370995283126831055e+00
2.223706245422363281e+00,2.817547082901000977e+00
1.473769426345825195e+00,3.479654788970947266e+00
1.730394840240478516e+00,3.087693929672241211e+00
2.840111494064331055e+00,2.247724294662475586e+00
2.278108596801757812e+00,2.850185632705688477e+00
2.263532161712646484e+00,2.917852640151977539e+00
2.008403062820434570e+00,2.990130186080932617e+00
2.147743463516235352e+00,2.961621761322021484e+00
1.242931365966796875e+00,3.527150392532348633e+00
1.905863523483276367e+00,3.118839025497436523e+00
3.109112024307250977e+00,2.011883020401000977e+00
1.691992759704589844e+00,3.080684423446655273e+00
3.740239858627319336e+00,-3.035679817199707031e+00
1.877548098564147949e+00,3.166880369186401367e+00
1.789209723472595215e+00,2.975358724594116211e+00
1.937975406646728516e+00,3.141282558441162109e+00
1.505773067474365234e+00,3.412371635437011719e+00
1.584662437438964844e+00,3.259859323501586914e+00
3.893270254135131836e+00,-2.702997922897338867e+00
2.255138874053955078e+00,2.862380266189575195e+00
1.898283839225769043e+00,3.096957206726074219e+00
1.857170343399047852e+00,3.086308240890502930e+00
1.662140011787414551e+00,3.191826105117797852e+00
3.889168024063110352e+00,3.506711423397064209e-01
3.353467464447021484e+00,1.717266798019409180e+00
1.819653153419494629e+00,3.208022117614746094e+00
1.497901916503906250e+00,3.447613716125488281e+00
2.178244829177856445e+00,2.925498962402343750e+00
2.020600795745849609e+00,2.884308338165283203e+00
3.392861366271972656e+00,-3.404520750045776367e+00
2.721197128295898438e+00,2.278951406478881836e+00
2.008040904998779297e+00,3.053496599197387695e+00
2.073085308074951172e+00,2.757224321365356445e+00
2.133855342864990234e+00,2.870151758193969727e+00
2.052506446838378906e+00,2.860658407211303711e+00
4.016582012176513672e+00,-9.578786492347717285e-01
1.362634062767028809e+00,3.362742185592651367e+00
3.294805526733398438e+00,-3.634857892990112305e+00
2.464593410491943359e+00,2.645197868347167969e+00
2.453803539276123047e+00,2.561573982238769531e+00
2.038411140441894531e+00,2.895841121673583984e+00
1.679616928100585938e+00,3.148028373718261719e+00
1.441143870353698730e+00,3.355874300003051758e+00
2.111837148666381836e+00,2.802931547164916992e+00
2.005656242370605469e+00,2.998777151107788086e+00
2.373471498489379883e+00,2.811569213867187500e+00
2.032639026641845703e+00,3.046706438064575195e+00
1.838629245758056641e+00,3.021681308746337891e+00
1.395455360412597656e+00,3.387816667556762695e+00
1.600121378898620605e+00,3.373402595520019531e+00
1.780792236328125000e+00,3.096117973327636719e+00
1.562576651573181152e+00,3.262260198593139648e+00
2.294864654541015625e+00,2.798399925231933594e+00
1.504044771194458008e+00,3.362674951553344727e+00
3.904349088668823242e+00,-2.660351276397705078e+00
2.158662080764770508e+00,2.818365097045898438e+00
1.874114036560058594e+00,3.181067228317260742e+00
3.635843038558959961e+00,1.227384209632873535e+00
1.633511304855346680e+00,3.179955720901489258e+00
3.900926113128662109e+00,-2.808053255081176758e+00
3.061755657196044922e+00,1.939147233963012695e+00
2.462978601455688477e+00,2.556555986404418945e+00
2.333493232727050781e+00,2.859003305435180664e+00
2.129876613616943359e+00,2.723677396774291992e+00
2.641506433486938477e+00,2.327591657638549805e+00
1.890789866447448730e+00,2.939325094223022461e+00
1.610458970069885254e+00,3.133555650711059570e+00
1.761666297912597656e+00,3.084226369857788086e+00
3.921163797378540039e+00,-2.502430677413940430e+00
2.091449260711669922e+00,2.758791446685791016e+00
1.475628376007080078e+00,3.276772737503051758e+00
1.897771000862121582e+00,3.136678457260131836e+00
1.444105386734008789e+00,3.333811759948730469e+00
1.700224399566650391e+00,3.331961393356323242e+00
1.715704679489135742e+00,3.250222921371459961e+00
3.980278015136718750e+00,-1.897397518157958984e+00
3.752119064331054688e+00,-3.097668409347534180e+00
2.019682407379150391e+00,2.903619527816772461e+00
3.754879236221313477e+00,-3.086825609207153320e+00
1.971464157104492188e+00,3.074033260345458984e+00
1.484926939010620117e+00,3.283629655838012695e+00
1.857460618019104004e+00,3.014960527420043945e+00
1.955999851226806641e+00,3.086990118026733398e+00
2.849098443984985352e+00,2.173680543899536133e+00
2.372357368469238281e+00,2.772071838378906250e+00
1.561701536178588867e+00,3.318182229995727539e+00
3.164049148559570312e+00,1.551389694213867188e+00
1.992159843444824219e+00,3.068385124206542969e+00
1.604246854782104492e+00,3.077059507369995117e+00
1.829770326614379883e+00,3.167336225509643555e+00
1.579783678054809570e+00,3.366098165512084961e+00
2.241387844085693359e+00,2.723793745040893555e+00
3.050396442413330078e+00,1.790189862251281738e+00
1.661833763122558594e+00,3.292899847030639648e+00
1.586961030960083008e+00,3.299422025680541992e+00
1.604640722274780273e+00,3.246392965316772461e+00
1.545275211334228516e+00,3.239747762680053711e+00
2.432042598724365234e+00,2.565294742584228516e+00
1.989753961563110352e+00,3.141398191452026367e+00
1.652269363403320312e+00,3.250799894332885742e+00
1.819971561431884766e+00,3.028011083602905273e+00
1.283440351486206055e+00,3.434000492095947266e+00
1.620036840438842773e+00,3.218656778335571289e+00
2.323231220245361328e+00,2.693881273269653320e+00
1.728084564208984375e+00,3.290077686309814453e+00
2.101822376251220703e+00,2.886662006378173828e+00
2.183876276016235352e+00,2.909213781356811523e+00
1.707962036132812500e+00,3.254717826843261719e+00
1.503250956535339355e+00,3.356645822525024414e+00
1.827140450477600098e+00,3.191902875900268555e+00
2.059134960174560547e+00,2.854216098785400391e+00
2.860876321792602539e+00,2.317056179046630859e+00
1.551947951316833496e+00,3.323524713516235352e+00
2.167083263397216797e+00,2.760908842086791992e+00
1.661845922470092773e+00,3.274463891983032227e+00
1.454199075698852539e+00,3.401187658309936523e+00
4.204244613647460938e+00,-9.493148326873779297e-01
1.404571533203125000e+00,3.389535665512084961e+00
1.679056048393249512e+00,3.251435995101928711e+00
4.143769741058349609e+00,-9.871670603752136230e-01
1.382512569427490234e+00,3.358318567276000977e+00
2.398883342742919922e+00,2.840490818023681641e+00
1.796733856201171875e+00,3.123599767684936523e+00
1.501085042953491211e+00,3.383669614791870117e+00
2.029603958129882812e+00,2.997080802917480469e+00
2.377528667449951172e+00,2.628059387207031250e+00
1.661721706390380859e+00,3.342569112777709961e+00
1.613943338394165039e+00,3.360039949417114258e+00
1.678864002227783203e+00,3.178555250167846680e+00
1.510432481765747070e+00,3.162991285324096680e+00
2.483726501464843750e+00,2.350536108016967773e+00
4.009398937225341797e+00,-1.927647113800048828e+00
1.778515577316284180e+00,3.066311120986938477e+00
1.657896280288696289e+00,3.112685441970825195e+00
1.532905697822570801e+00,3.191814184188842773e+00
1.226228356361389160e+00,3.529635190963745117e+00
1.962247967720031738e+00,2.986544847488403320e+00
2.052809953689575195e+00,2.919090986251831055e+00
2.144029378890991211e+00,2.899314880371093750e+00
2.355622768402099609e+00,2.723282337188720703e+00
1.409347295761108398e+00,3.384909152984619141e+00
3.029460191726684570e+00,2.198724746704101562e+00
1.578174710273742676e+00,3.124754667282104492e+00
3.128885269165039062e+00,-3.881521940231323242e+00
1.678867340087890625e+00,3.073451757431030273e+00
2.218378305435180664e+00,2.839747428894042969e+00
1.593585610389709473e+00,3.183423757553100586e+00
2.265519618988037109e+00,2.808627128601074219e+00
1.059929728507995605e+00,3.480526685714721680e+00
1.893047213554382324e+00,2.996894836425781250e+00
1.524265885353088379e+00,3.286349296569824219e+00
1.631176710128784180e+00,3.313799142837524414e+00
2.028294086456298828e+00,3.086601257324218750e+00
3.689390659332275391e+00,-3.092810869216918945e+00
2.067347049713134766e+00,2.809489965438842773e+00
2.645043611526489258e+00,2.535506486892700195e+00
2.588063716888427734e+00,2.257305145263671875e+00
1.723307371139526367e+00,3.178205251693725586e+00
1.975781202316284180e+00,2.871305227279663086e+00
1.864253878593444824e+00,3.074306249618530273e+00
1.604018807411193848e+00,3.219933271408081055e+00
2.049721479415893555e+00,2.832880973815917969e+00
2.185706615447998047e+00,2.794970273971557617e+00
1.701364994049072266e+00,3.339256525039672852e+00
1.545396089553833008e+00,3.235320568084716797e+00
1.680111646652221680e+00,3.177440404891967773e+00
1.683780908584594727e+00,3.108856916427612305e+00
1.945657491683959961e+00,3.017405748367309570e+00
1.517189979553222656e+00,3.345012903213500977e+00
1.891235351562500000e+00,3.172591924667358398e+00
1.845191121101379395e+00,3.103346586227416992e+00
1.810720801353454590e+00,3.197456121444702148e+00
1.755351066589355469e+00,3.137233972549438477e+00
2.820752859115600586e+00,2.250922918319702148e+00
1.611917972564697266e+00,3.391734838485717773e+00
1.971492171287536621e+00,3.070935487747192383e+00
2.133852958679199219e+00,2.894836187362670898e+00
1.477927088737487793e+00,3.404011011123657227e+00
1.590464711189270020e+00,3.235721588134765625e+00
1.517872810363769531e+00,3.254574775695800781e+00
1.719704151153564453e+00,3.212547063827514648e+00
1.472430706024169922e+00,3.176453828811645508e+00
2.614447593688964844e+00,2.414124011993408203e+00
2.508671760559082031e+00,2.696842193603515625e+00
3.176302433013916016e+00,-3.816747903823852539e+00
1.701949834823608398e+00,3.225724697113037109e+00
2.027362823486328125e+00,3.037469148635864258e+00
1.362589478492736816e+00,3.348859786987304688e+00
1.883979916572570801e+00,3.073505401611328125e+00
2.056490898132324219e+00,3.168499708175659180e+00
1.418946504592895508e+00,3.355669736862182617e+00
1.655192852020263672e+00,3.150597095489501953e+00
2.292545795440673828e+00,2.723728179931640625e+00
2.201957225799560547e+00,2.871070861816406250e+00
2.056931257247924805e+00,3.012167692184448242e+00
1.644746184349060059e+00,3.269780874252319336e+00
1.684707880020141602e+00,3.235740900039672852e+00
1.651661157608032227e+00,3.120785474777221680e+00
2.018730163574218750e+00,2.870323181152343750e+00
1.680745124816894531e+00,3.331308603286743164e+00
1.791185140609741211e+00,3.205735445022583008e+00
2.865425825119018555e+00,2.120870828628540039e+00
1.630172729492187500e+00,3.217432975769042969e+00
3.786468982696533203e+00,-2.826533794403076172e+00
1.636641740798950195e+00,3.294778585433959961e+00
1.340910553932189941e+00,3.367728948593139648e+00
1.702405571937561035e+00,2.969852447509765625e+00
2.029941797256469727e+00,2.946621179580688477e+00
1.890619277954101562e+00,3.154686212539672852e+00
1.706159830093383789e+00,3.309054613113403320e+00
1.985790610313415527e+00,2.902391195297241211e+00
2.314108848571777344e+00,2.903347492218017578e+00
3.757273197174072266e+00,5.931164622306823730e-01
2.322516918182373047e+00,2.838351488113403320e+00
2.159117698669433594e+00,3.044825077056884766e+00
2.126030683517456055e+00,2.888100385665893555e+00
1.704397797584533691e+00,3.193672180175781250e+00
1.944445848464965820e+00,3.027897834777832031e+00
1.700556755065917969e+00,3.228365659713745117e+00
1.624092221260070801e+00,3.155490875244140625e+00
1.485821485519409180e+00,3.240429162979125977e+00
1.517944097518920898e+00,3.287732601165771484e+00
1.352630257606506348e+00,3.358755826950073242e+00
1.878760933876037598e+00,2.900401115417480469e+00
1.581978440284729004e+00,3.266829729080200195e+00
2.461947917938232422e+00,2.517171621322631836e+00
1.528012037277221680e+00,3.449935436248779297e+00
1.761946916580200195e+00,3.150795221328735352e+00
1.575528144836425781e+00,3.070345640182495117e+00
1.642739653587341309e+00,3.206382036209106445e+00
1.511567473411560059e+00,3.325843334197998047e+00
2.326232194900512695e+00,2.572952508926391602e+00
1.773084282875061035e+00,3.187015771865844727e+00
1.413578271865844727e+00,3.154113054275512695e+00
2.811420917510986328e+00,2.273390769958496094e+00
2.091467618942260742e+00,2.790599584579467773e+00
2.195453166961669922e+00,2.820321798324584961e+00
2.429639101028442383e+00,2.705606460571289062e+00
1.700417041778564453e+00,3.199913263320922852e+00
1.598298072814941406e+00,3.309967279434204102e+00
1.900289058685302734e+00,2.911617755889892578e+00
1.686096906661987305e+00,3.201875448226928711e+00
1.686000466346740723e+00,3.206255197525024414e+00
1.777767777442932129e+00,3.183411359786987305e+00
1.681075334548950195e+00,3.280266523361206055e+00
1.367376804351806641e+00,3.479500293731689453e+00
1.519912838935852051e+00,3.273575067520141602e+00
1.294728875160217285e+00,3.451765298843383789e+00
1.743917465209960938e+00,2.971526861190795898e+00
1.785338401794433594e+00,3.135355710983276367e+00
2.542403459548950195e+00,2.656738281250000000e+00
2.260813713073730469e+00,2.793520689010620117e+00
1.948522090911865234e+00,3.062890768051147461e+00
1.945851325988769531e+00,3.008922100067138672e+00
3.834662914276123047e+00,8.072701096534729004e-01
1.531111955642700195e+00,3.190515518188476562e+00
2.548398017883300781e+00,2.373943090438842773e+00
1.918524026870727539e+00,3.012531995773315430e+00
1.764308452606201172e+00,3.206062793731689453e+00
1.505897521972656250e+00,3.227663993835449219e+00
1.657224178314208984e+00,3.208225011825561523e+00
3.683286428451538086e+00,1.011464595794677734e+00
1.359598994255065918e+00,3.449720621109008789e+00
1.574835300445556641e+00,3.226991415023803711e+00
1.801951169967651367e+00,3.242111921310424805e+00
3.584458827972412109e+00,1.402458906173706055e+00
2.203565359115600586e+00,2.670594215393066406e+00
1.648405551910400391e+00,3.361246824264526367e+00
2.968827009201049805e+00,2.059489488601684570e+00
1.400269985198974609e+00,3.392161846160888672e+00
4.021369457244873047e+00,-1.398100852966308594e+00
3.060404062271118164e+00,1.976684808731079102e+00
1.808715105056762695e+00,3.214281320571899414e+00
1.711631774902343750e+00,3.240431070327758789e+00
1.864036083221435547e+00,3.076430559158325195e+00
2.201165676116943359e+00,2.873264074325561523e+00
2.610844612121582031e+00,2.466822862625122070e+00
2.165529966354370117e+00,2.819831609725952148e+00
1.527832746505737305e+00,3.281941652297973633e+00
1.963944196701049805e+00,3.004375457763671875e+00
1.527848839759826660e+00,3.382147550582885742e+00
2.889617919921875000e+00,2.084716558456420898e+00
2.030801296234130859e+00,2.764988660812377930e+00
3.887623786926269531e+00,6.821318268775939941e-01
1.784416437149047852e+00,3.016629219055175781e+00
3.594998359680175781e+00,-3.286208629608154297e+00
1.501508951187133789e+00,3.270598649978637695e+00
2.490663528442382812e+00,2.466565370559692383e+00
2.036094665527343750e+00,2.955776691436767578e+00
1.556811451911926270e+00,3.361840486526489258e+00
3.934178113937377930e+00,1.290737241506576538e-01
1.460899949073791504e+00,3.393823862075805664e+00
2.010022163391113281e+00,2.940599918365478516e+00
1.934716701507568359e+00,3.107101202011108398e+00
1.407620429992675781e+00,3.387681245803833008e+00
2.823864936828613281e+00,2.314775228500366211e+00
2.750507593154907227e+00,2.239442586898803711e+00
1.981427311897277832e+00,3.015889167785644531e+00
1.880763888359069824e+00,3.056820631027221680e+00
1.243750214576721191e+00,3.521487951278686523e+00
1.945583939552307129e+00,3.070363521575927734e+00
1.434090852737426758e+00,3.331240415573120117e+00
1.912486672401428223e+00,3.045330762863159180e+00
1.488650441169738770e+00,3.327803373336791992e+00
1.532840967178344727e+00,3.428989410400390625e+00
3.988654613494873047e+00,-2.330047845840454102e+00
3.985796689987182617e+00,-2.302181482315063477e+00
1.533505797386169434e+00,3.253338098526000977e+00
3.939289569854736328e+00,-2.294748544692993164e+00
2.264078617095947266e+00,2.690966129302978516e+00
1.469549059867858887e+00,3.274223566055297852e+00
2.286841869354248047e+00,2.710535287857055664e+00
4.239179611206054688e+00,-8.885846734046936035e-01
1.904391765594482422e+00,3.099704504013061523e+00
3.988390684127807617e+00,-2.669088602066040039e+00
1.817851066589355469e+00,3.065680980682373047e+00
2.002233982086181641e+00,3.138185262680053711e+00
1.561031579971313477e+00,3.330199718475341797e+00
4.167885303497314453e+00,-3.541772961616516113e-01
1.811611890792846680e+00,3.120875120162963867e+00
1.888694405555725098e+00,3.015212059020996094e+00
1.916676998138427734e+00,2.975301742553710938e+00
1.818310856819152832e+00,3.124008893966674805e+00
1.493059039115905762e+00,3.331581830978393555e+00
1.643950581550598145e+00,3.180288791656494141e+00
1.517445325851440430e+00,3.341166734695434570e+00
2.669613361358642578e+00,2.416880369186401367e+00
3.583591938018798828e+00,1.186151146888732910e+00
1.936700224876403809e+00,3.025868654251098633e+00
2.109637498855590820e+00,2.918533802032470703e+00
1.744285345077514648e+00,3.207128524780273438e+00
4.132569789886474609e+00,-9.728845953941345215e-01
2.079368114471435547e+00,3.022293329238891602e+00
3.124942541122436523e+00,-3.726796865463256836e+00
2.048996925354003906e+00,3.029953479766845703e+00
3.495945930480957031e+00,1.557792901992797852e+00
1.664431929588317871e+00,3.240998983383178711e+00
1.237347960472106934e+00,3.311277866363525391e+00
3.848800420761108398e+00,-2.646500349044799805e+00
2.333719015121459961e+00,2.669548034667968750e+00
3.192697048187255859e+00,1.830023765563964844e+00
2.057842731475830078e+00,3.081504821777343750e+00
1.964978933334350586e+00,3.059684038162231445e+00
2.483327627182006836e+00,2.459145784378051758e+00
2.043070793151855469e+00,2.962422609329223633e+00
1.648694753646850586e+00,3.144854784011840820e+00
2.013833045959472656e+00,3.012136220932006836e+00
1.847248554229736328e+00,3.029788732528686523e+00
2.026744127273559570e+00,3.036440849304199219e+00
1.400478601455688477e+00,3.383510828018188477e+00
2.379939317703247070e+00,2.652534484863281250e+00
2.924007177352905273e+00,2.196057081222534180e+00
1.797031760215759277e+00,3.186016798019409180e+00
1.812358021736145020e+00,3.291338205337524414e+00
1.921050786972045898e+00,3.054522514343261719e+00
1.546497941017150879e+00,3.293430566787719727e+00
3.547648429870605469e+00,1.565553665161132812e+00
2.359033107757568359e+00,2.726817369461059570e+00
2.283467769622802734e+00,2.747155427932739258e+00
1.717889189720153809e+00,3.357119560241699219e+00
1.855478048324584961e+00,2.963786840438842773e+00
2.190116643905639648e+00,2.959375381469726562e+00
2.414908647537231445e+00,2.580682277679443359e+00
1.389694333076477051e+00,3.410113573074340820e+00
1.213460087776184082e+00,3.460608720779418945e+00
1.712954998016357422e+00,3.324895620346069336e+00
2.490654468536376953e+00,2.564822435379028320e+00
1.526102066040039062e+00,3.408885240554809570e+00
2.054759263992309570e+00,2.843755960464477539e+00
2.173037528991699219e+00,2.750385522842407227e+00
1.579944729804992676e+00,3.276524305343627930e+00
1.766847968101501465e+00,3.306347370147705078e+00
2.059612274169921875e+00,2.976884365081787109e+00
2.882487773895263672e+00,2.207700014114379883e+00
1.213479995727539062e+00,3.530570745468139648e+00
2.739187717437744141e+00,2.444766521453857422e+00
1.530135154724121094e+00,3.307206392288208008e+00
3.143857955932617188e+00,-3.883763551712036133e+00
4.222025871276855469e+00,-8.616723418235778809e-01
2.102277517318725586e+00,2.759567499160766602e+00
1.700654625892639160e+00,3.271135091781616211e+00
1.580156087875366211e+00,3.365528821945190430e+00
2.468396902084350586e+00,2.384632349014282227e+00
2.268785953521728516e+00,2.847216844558715820e+00
1.564949154853820801e+00,3.212847948074340820e+00
1.763256311416625977e+00,3.159044981002807617e+00
1.769430041313171387e+00,3.260200262069702148e+00
1.973554134368896484e+00,3.072485685348510742e+00
3.872357845306396484e+00,5.809156298637390137e-01
3.324247837066650391e+00,-3.663615942001342773e+00
2.585309505462646484e+00,2.480478525161743164e+00
2.078101634979248047e+00,2.781909465789794922e+00
1.731316566467285156e+00,3.163331508636474609e+00
2.753055095672607422e+00,2.339246511459350586e+00
1.526854991912841797e+00,3.312201976776123047e+00
3.671923637390136719e+00,-3.135556936264038086e+00
4.162204742431640625e+00,-2.975915372371673584e-01
2.196037769317626953e+00,2.719680547714233398e+00
1.583983421325683594e+00,3.295847415924072266e+00
3.994844913482666016e+00,-2.094447851181030273e+00
1.534034013748168945e+00,3.370296478271484375e+00
3.961845636367797852e+00,-2.497109651565551758e+00
4.111564159393310547e+00,-1.967660188674926758e+00
1.394020557403564453e+00,3.441400289535522461e+00
1.807544231414794922e+00,3.138566732406616211e+00
1.434849023818969727e+00,3.393360614776611328e+00
1.731417179107666016e+00,3.134286642074584961e+00
1.374689102172851562e+00,3.356339216232299805e+00
1.912657618522644043e+00,3.123111009597778320e+00
3.617208957672119141e+00,1.145325303077697754e+00
1.677522063255310059e+00,3.259500741958618164e+00
2.645728111267089844e+00,2.347990036010742188e+00
2.315165519714355469e+00,2.731011629104614258e+00
1.935805320739746094e+00,3.014628648757934570e+00
1.993103742599487305e+00,3.011586427688598633e+00
1.755190134048461914e+00,3.188547372817993164e+00
2.381679296493530273e+00,2.818456172943115234e+00
1.643275499343872070e+00,3.218677282333374023e+00
2.539394855499267578e+00,2.765988349914550781e+00
2.290696144104003906e+00,2.820336818695068359e+00
2.459542274475097656e+00,2.624983310699462891e+00
1.805881500244140625e+00,2.972450256347656250e+00
1.769512176513671875e+00,3.074169874191284180e+00
1.347466230392456055e+00,3.384657621383666992e+00
1.318508863449096680e+00,3.103050231933593750e+00
1.788205862045288086e+00,3.197373628616333008e+00
2.082465648651123047e+00,2.951834440231323242e+00
3.675616502761840820e+00,-3.293334484100341797e+00
1.280372381210327148e+00,3.275761604309082031e+00
3.671266317367553711e+00,-3.205893754959106445e+00
1.623991727828979492e+00,3.430732250213623047e+00
3.790164947509765625e+00,3.931112289428710938e-01
3.277972221374511719e+00,1.807409763336181641e+00
1.608672738075256348e+00,3.228120326995849609e+00
1.490473985671997070e+00,3.114809274673461914e+00
2.346741676330566406e+00,2.759270429611206055e+00
2.174952983856201172e+00,2.660443067550659180e+00
2.510024070739746094e+00,2.577463150024414062e+00
2.109693527221679688e+00,2.987586498260498047e+00
1.827504515647888184e+00,3.241737604141235352e+00
1.710230350494384766e+00,3.163054943084716797e+00
3.400233030319213867e+00,1.716710329055786133e+00
4.008476734161376953e+00,-1.771733760833740234e+00
1.877338647842407227e+00,3.102192640304565430e+00
1.803560018539428711e+00,3.132590770721435547e+00
4.007207393646240234e+00,-1.837041139602661133e+00
2.091275930404663086e+00,2.885573148727416992e+00
1.820640444755554199e+00,3.093946695327758789e+00
2.462034940719604492e+00,2.586508274078369141e+00
3.762364864349365234e+00,7.573281526565551758e-01
1.681779146194458008e+00,3.231000900268554688e+00
1.642559409141540527e+00,3.059836626052856445e+00
1.911507964134216309e+00,3.014373779296875000e+00
2.858571529388427734e+00,2.073626995086669922e+00
2.253727912902832031e+00,2.969557046890258789e+00
2.993562936782836914e+00,1.850379943847656250e+00
2.970722913742065430e+00,2.193777322769165039e+00
1.616535186767578125e+00,3.280691862106323242e+00
1.706076145172119141e+00,3.234038114547729492e+00
3.878597497940063477e+00,-2.715921640396118164e+00
1.774097919464111328e+00,3.111243009567260742e+00
1.963943481445312500e+00,2.945245981216430664e+00
1.872345805168151855e+00,3.143926382064819336e+00
2.053039073944091797e+00,2.933793544769287109e+00
1.704233288764953613e+00,3.275144100189208984e+00
1.468451261520385742e+00,3.286486387252807617e+00
1.931277751922607422e+00,2.982947587966918945e+00
1.881106376647949219e+00,2.961959600448608398e+00
2.211645364761352539e+00,2.864623308181762695e+00
1.528946638107299805e+00,3.363710165023803711e+00
4.108397483825683594e+00,-1.467580556869506836e+00
1.905828475952148438e+00,3.167071104049682617e+00
3.987696170806884766e+00,-2.157391786575317383e+00
2.294807434082031250e+00,2.586532354354858398e+00
1.643925428390502930e+00,3.229476213455200195e+00
1.639914512634277344e+00,3.335571765899658203e+00
1.562307000160217285e+00,3.303862333297729492e+00
1.738979339599609375e+00,3.159267663955688477e+00
1.921818375587463379e+00,3.133760690689086914e+00
1.436584949493408203e+00,3.306452512741088867e+00
1.594252824783325195e+00,3.331180572509765625e+00
2.439911842346191406e+00,2.667758703231811523e+00
2.340895652770996094e+00,2.693141222000122070e+00
2.470244407653808594e+00,2.557962179183959961e+00
2.246110677719116211e+00,2.833761215209960938e+00
1.252609014511108398e+00,3.488116979598999023e+00
3.555832147598266602e+00,1.238399863243103027e+00
1.975628495216369629e+00,2.974254131317138672e+00
1.704890727996826172e+00,3.325816392898559570e+00
1.489732980728149414e+00,3.405225992202758789e+00
3.886026382446289062e+00,-2.518330335617065430e+00
1.773166537284851074e+00,3.241115570068359375e+00
2.503028869628906250e+00,2.497293710708618164e+00
1.768559932708740234e+00,3.143796443939208984e+00
4.127486705780029297e+00,-1.663318634033203125e+00
1.647739291191101074e+00,3.206638097763061523e+00
4.104434013366699219e+00,-8.880583047866821289e-01
2.328855514526367188e+00,2.653789758682250977e+00
1.919019818305969238e+00,3.131038188934326172e+00
1.803424954414367676e+00,3.062797307968139648e+00
1.677231073379516602e+00,3.191626071929931641e+00
1.662873029708862305e+00,3.215574502944946289e+00
2.301836967468261719e+00,2.640964746475219727e+00
3.075491428375244141e+00,1.988987445831298828e+00
2.027531623840332031e+00,2.994752883911132812e+00
3.036133050918579102e+00,1.765600442886352539e+00
1.626047372817993164e+00,3.271608591079711914e+00
3.128459453582763672e+00,2.246844530105590820e+00
1.932661056518554688e+00,3.022426128387451172e+00
1.728055953979492188e+00,3.100951433181762695e+00
1.523123264312744141e+00,3.411467313766479492e+00
1.797553300857543945e+00,3.171526670455932617e+00
2.058996915817260742e+00,3.037533521652221680e+00
1.473065495491027832e+00,3.403907537460327148e+00
4.263104915618896484e+00,-9.568092226982116699e-01
1.951280355453491211e+00,3.105881690979003906e+00
1.964360117912292480e+00,3.102195501327514648e+00
2.683270931243896484e+00,2.395019769668579102e+00
1.406925916671752930e+00,3.391040563583374023e+00
1.859260082244873047e+00,2.995457649230957031e+00
2.627646923065185547e+00,2.417646169662475586e+00
3.438340663909912109e+00,1.325140953063964844e+00
2.294286251068115234e+00,2.843871831893920898e+00
2.683058500289916992e+00,2.443803071975708008e+00
3.618881702423095703e+00,1.095722675323486328e+00
1.700225472450256348e+00,3.277590274810791016e+00
3.335505485534667969e+00,-3.718677282333374023e+00
1.839199066162109375e+00,3.013042688369750977e+00
1.616058588027954102e+00,3.248429059982299805e+00
2.466407775878906250e+00,2.581929445266723633e+00
2.340507030487060547e+00,2.807228326797485352e+00
3.197579145431518555e+00,-3.805914640426635742e+00
1.801221013069152832e+00,3.044229984283447266e+00
1.362619042396545410e+00,3.202654600143432617e+00
1.877616167068481445e+00,3.310568094253540039e+00
1.523113012313842773e+00,3.396357297897338867e+00
1.943365931510925293e+00,3.089909315109252930e+00
2.656826019287109375e+00,2.330534219741821289e+00
1.329482555389404297e+00,3.368389368057250977e+00
1.454856395721435547e+00,3.307617187500000000e+00
1.946306586265563965e+00,3.123713970184326172e+00
1.958068728446960449e+00,3.136542081832885742e+00
1.938771367073059082e+00,3.044176101684570312e+00
2.256231784820556641e+00,2.867407560348510742e+00
2.293268680572509766e+00,2.635743618011474609e+00
3.455910921096801758e+00,-3.459038972854614258e+00
4.076375484466552734e+00,-1.504849433898925781e+00
3.943018436431884766e+00,-2.551904916763305664e+00
1.785158514976501465e+00,3.151688814163208008e+00
1.719678163528442383e+00,3.215415716171264648e+00
2.084713935852050781e+00,3.045937061309814453e+00
1.970128774642944336e+00,2.903375864028930664e+00
1.723266839981079102e+00,3.042690038681030273e+00
1.655110239982604980e+00,3.270228624343872070e+00
1.933459758758544922e+00,2.992489576339721680e+00
1.662062525749206543e+00,3.215912580490112305e+00
4.203316211700439453e+00,-1.297772049903869629e+00
4.021867275238037109e+00,-2.149294137954711914e+00
2.264931201934814453e+00,2.741465806961059570e+00
1.940285921096801758e+00,2.803477525711059570e+00
1.740823030471801758e+00,3.212083578109741211e+00
1.492059469223022461e+00,3.332610130310058594e+00
3.618529558181762695e+00,-3.269579172134399414e+00
1.841107606887817383e+00,3.108172893524169922e+00
2.932132244110107422e+00,1.846615195274353027e+00
4.176063060760498047e+00,-1.058732390403747559e+00
1.515275239944458008e+00,3.171162366867065430e+00
2.274536609649658203e+00,2.608415603637695312e+00
2.824407100677490234e+00,2.226736307144165039e+00
1.643840312957763672e+00,3.301402330398559570e+00
3.803524494171142578e+00,-3.223697423934936523e+00
3.683913707733154297e+00,-2.972505807876586914e+00
1.649779796600341797e+00,3.349460363388061523e+00
1.341048240661621094e+00,3.454418897628784180e+00
1.827890396118164062e+00,3.111615180969238281e+00
1.955978035926818848e+00,3.257763624191284180e+00
4.052923679351806641e+00,-1.720088481903076172e+00
1.279442787170410156e+00,3.394876003265380859e+00
2.128375291824340820e+00,2.947280168533325195e+00
2.844308853149414062e+00,2.211286783218383789e+00
3.961554050445556641e+00,-2.522514104843139648e+00
2.333810329437255859e+00,2.540836572647094727e+00
1.710407733917236328e+00,3.218202590942382812e+00
1.835981607437133789e+00,3.077840328216552734e+00
2.589370489120483398e+00,2.407940149307250977e+00
3.614314794540405273e+00,1.394746541976928711e+00
1.681157946586608887e+00,3.226147413253784180e+00
1.732272386550903320e+00,3.349394559860229492e+00
1.694432258605957031e+00,3.293195009231567383e+00
2.643471717834472656e+00,-4.033484935760498047e+00
1.944785594940185547e+00,3.007525682449340820e+00
1.841886758804321289e+00,3.084180116653442383e+00
2.241423130035400391e+00,2.760445356369018555e+00
1.586319327354431152e+00,3.228301763534545898e+00
1.758784532546997070e+00,3.084037065505981445e+00
2.282735347747802734e+00,2.786580801010131836e+00
2.381384372711181641e+00,2.637826204299926758e+00
1.811707258224487305e+00,3.156293630599975586e+00
2.261447906494140625e+00,2.785049200057983398e+00
3.072327852249145508e+00,1.907505631446838379e+00
1.941931605339050293e+00,2.957613229751586914e+00
1.671289920806884766e+00,3.246811151504516602e+00
4.039922237396240234e+00,-1.604722857475280762e+00
2.113670349121093750e+00,2.949067354202270508e+00
2.168843984603881836e+00,2.979013681411743164e+00
2.191626548767089844e+00,3.051717519760131836e+00
3.105862617492675781e+00,1.833579778671264648e+00
1.529257774353027344e+00,3.247605562210083008e+00
1.671568632125854492e+00,3.219721555709838867e+00
1.928751468658447266e+00,3.028362274169921875e+00
1.801672935485839844e+00,3.322930574417114258e+00
4.069401264190673828e+00,-1.464016795158386230e+00
2.975132703781127930e+00,2.291842460632324219e+00
1.661488056182861328e+00,3.196804046630859375e+00
1.455254793167114258e+00,3.334833860397338867e+00
1.579695343971252441e+00,3.379435300827026367e+00
1.687232613563537598e+00,3.179131984710693359e+00
1.959020614624023438e+00,3.013760566711425781e+00
2.508793830871582031e+00,2.567111015319824219e+00
2.955596923828125000e+00,2.136860609054565430e+00
4.064874172210693359e+00,-1.599330544471740723e+00
1.399107933044433594e+00,3.145835161209106445e+00
1.860097169876098633e+00,3.146198987960815430e+00
3.864368438720703125e+00,-2.643989801406860352e+00
2.203849315643310547e+00,2.797752618789672852e+00
2.271818399429321289e+00,2.767841339111328125e+00
3.585471153259277344e+00,1.278779983520507812e+00
1.862269520759582520e+00,3.139217138290405273e+00
1.460439920425415039e+00,3.332573413848876953e+00
1.888594150543212891e+00,2.973566293716430664e+00
1.657237887382507324e+00,3.134901285171508789e+00
1.824971318244934082e+00,3.221493721008300781e+00
1.850306630134582520e+00,3.017988204956054688e+00
2.174731969833374023e+00,2.995737791061401367e+00
1.632609248161315918e+00,3.260254621505737305e+00
1.508475184440612793e+00,3.193969964981079102e+00
2.059086322784423828e+00,2.988815307617187500e+00
4.115168094635009766e+00,-8.291421532630920410e-01
3.945828914642333984e+00,2.452991753816604614e-01
1.770070552825927734e+00,3.010198593139648438e+00
2.323991060256958008e+00,2.838848352432250977e+00
2.744223117828369141e+00,2.120676994323730469e+00
1.289073944091796875e+00,3.542388916015625000e+00
1.782776355743408203e+00,3.274442434310913086e+00
3.013322830200195312e+00,2.162905931472778320e+00
2.050926685333251953e+00,3.095015525817871094e+00
1.020925283432006836e+00,3.319829702377319336e+00
1.881598949432373047e+00,2.994017362594604492e+00
3.647923946380615234e+00,1.068608164787292480e+00
3.751494884490966797e+00,9.731736183166503906e-01
1.636988520622253418e+00,3.359174728393554688e+00
1.801754474639892578e+00,3.189620018005371094e+00
2.255708217620849609e+00,2.839436292648315430e+00
2.322664737701416016e+00,2.820554494857788086e+00
3.351373910903930664e+00,-3.574961423873901367e+00
1.784253835678100586e+00,3.152333498001098633e+00
2.734539031982421875e+00,2.402053356170654297e+00
2.471661567687988281e+00,2.650289535522460938e+00
3.985803604125976562e+00,1.466036289930343628e-01
3.794320583343505859e+00,7.594598531723022461e-01
1.868979096412658691e+00,3.009144306182861328e+00
1.529579162597656250e+00,3.399415016174316406e+00
1.695969343185424805e+00,3.179965496063232422e+00
2.389843225479125977e+00,2.749786138534545898e+00
2.017997264862060547e+00,2.916669845581054688e+00
2.536230087280273438e+00,2.669879674911499023e+00
1.749419689178466797e+00,3.161363840103149414e+00
4.055776119232177734e+00,-1.668318033218383789e+00
1.596170544624328613e+00,3.448857069015502930e+00
2.100662231445312500e+00,3.001509189605712891e+00
1.411038875579833984e+00,3.246762514114379883e+00
2.275683879852294922e+00,2.496724843978881836e+00
1.582258462905883789e+00,3.203612565994262695e+00
1.380305528640747070e+00,3.410879373550415039e+00
1.228573560714721680e+00,3.458514928817749023e+00
1.482558012008666992e+00,3.403678417205810547e+00
1.606202960014343262e+00,3.256485700607299805e+00
1.800435185432434082e+00,3.082070112228393555e+00
4.013036727905273438e+00,-2.034584522247314453e+00
1.561225652694702148e+00,2.945978164672851562e+00
1.458863854408264160e+00,3.412328481674194336e+00
1.742536067962646484e+00,3.132569074630737305e+00
2.853586435317993164e+00,2.354670286178588867e+00
1.964273691177368164e+00,3.187585353851318359e+00
1.611908197402954102e+00,3.209498167037963867e+00
1.592966556549072266e+00,3.083597421646118164e+00
4.118197917938232422e+00,-1.095705032348632812e+00
1.737083077430725098e+00,3.329712629318237305e+00
1.990527510643005371e+00,2.953107118606567383e+00
3.891511201858520508e+00,-2.636337280273437500e+00
2.329051971435546875e+00,2.795515537261962891e+00
1.290006875991821289e+00,3.420394182205200195e+00
1.385677099227905273e+00,3.299078226089477539e+00
2.177037239074707031e+00,2.773800849914550781e+00
1.788620948791503906e+00,3.218667030334472656e+00
2.009612083435058594e+00,2.827849149703979492e+00
1.988026380538940430e+00,3.012561559677124023e+00
4.083945751190185547e+00,-9.750564694404602051e-01
1.981141328811645508e+00,3.119958162307739258e+00
2.020621776580810547e+00,2.959514141082763672e+00
4.136844158172607422e+00,-1.667034387588500977e+00
3.802430629730224609e+00,7.946557998657226562e-01
1.409367561340332031e+00,3.392071485519409180e+00
1.720109701156616211e+00,3.172193765640258789e+00
1.971299648284912109e+00,3.006190061569213867e+00
3.184230804443359375e+00,1.876613974571228027e+00
1.524565696716308594e+00,3.505678892135620117e+00
1.780673265457153320e+00,3.231236696243286133e+00
1.342987179756164551e+00,3.492361545562744141e+00
1.714548349380493164e+00,3.197066307067871094e+00
1.973177671432495117e+00,3.068287372589111328e+00
1.776465773582458496e+00,3.098497867584228516e+00
2.473129510879516602e+00,2.753651142120361328e+00
1.943557024002075195e+00,2.956838130950927734e+00
1.869617223739624023e+00,3.027088403701782227e+00
2.587833881378173828e+00,2.344777584075927734e+00
1.902581930160522461e+00,3.161335229873657227e+00
2.792906522750854492e+00,2.330407381057739258e+00
3.747880458831787109e+00,6.257496774196624756e-02
2.104138851165771484e+00,2.942853212356567383e+00
1.931285619735717773e+00,2.994683980941772461e+00
2.040818691253662109e+00,2.986284017562866211e+00
3.909721136093139648e+00,-2.353410005569458008e+00
2.038089275360107422e+00,3.112729310989379883e+00
2.161199331283569336e+00,2.995120763778686523e+00
2.116114139556884766e+00,2.979838609695434570e+00
1.309739828109741211e+00,3.501631021499633789e+00
4.088493824005126953e+00,-1.481876373291015625e+00
2.680388450622558594e+00,2.363000631332397461e+00
2.281265974044799805e+00,2.790038347244262695e+00
2.226995944976806641e+00,2.716850280761718750e+00
1.801104307174682617e+00,3.135504007339477539e+00
1.937480926513671875e+00,3.136087179183959961e+00
2.449209690093994141e+00,2.616597175598144531e+00
2.429278135299682617e+00,2.545275211334228516e+00
2.167985916137695312e+00,3.037206411361694336e+00
1.635567665100097656e+00,3.192880153656005859e+00
1.516512513160705566e+00,3.241325855255126953e+00
2.362640380859375000e+00,2.643580675125122070e+00
2.009993076324462891e+00,2.959628820419311523e+00
1.643713235855102539e+00,3.151804208755493164e+00
2.184749841690063477e+00,2.836296796798706055e+00
1.947370290756225586e+00,3.009842157363891602e+00
4.044664859771728516e+00,-1.666816234588623047e+00
1.739325046539306641e+00,3.238832235336303711e+00
1.345908880233764648e+00,3.275595426559448242e+00
1.651571035385131836e+00,3.004063844680786133e+00
3.515245914459228516e+00,-3.386248350143432617e+00
1.869813561439514160e+00,2.937410116195678711e+00
1.738343358039855957e+00,3.108967542648315430e+00
1.952283620834350586e+00,2.989140033721923828e+00
2.517734050750732422e+00,2.642394781112670898e+00
4.010390758514404297e+00,-1.525162458419799805e+00
3.622112751007080078e+00,-3.302933931350708008e+00
3.248737096786499023e+00,-3.683967828750610352e+00
4.095272541046142578e+00,-7.719616293907165527e-01
1.478089928627014160e+00,3.250700712203979492e+00
2.136169433593750000e+00,2.936404466629028320e+00
1.940012931823730469e+00,3.133195877075195312e+00
1.618889570236206055e+00,3.256041288375854492e+00
3.800875902175903320e+00,-2.850514650344848633e+00
3.661244153976440430e+00,-3.259613275527954102e+00
1.736716747283935547e+00,3.208347082138061523e+00
1.487518668174743652e+00,3.223546743392944336e+00
1.914567589759826660e+00,3.140708446502685547e+00
1.334258079528808594e+00,3.358865022659301758e+00
1.812693595886230469e+00,3.251739740371704102e+00
3.630437135696411133e+00,-3.232902050018310547e+00
3.901954174041748047e+00,-1.901890993118286133e+00
2.809852838516235352e+00,2.187683343887329102e+00
1.611301898956298828e+00,3.247687578201293945e+00
1.422109246253967285e+00,3.062851428985595703e+00
1.825551271438598633e+00,3.033235311508178711e+00
1.620147824287414551e+00,3.393192291259765625e+00
2.140922307968139648e+00,2.845128536224365234e+00
1.653995990753173828e+00,3.148858308792114258e+00
3.719227313995361328e+00,1.060518980026245117e+00
1.741224050521850586e+00,3.262161493301391602e+00
2.388459205627441406e+00,2.611997842788696289e+00
2.440821170806884766e+00,2.711112499237060547e+00
2.027493000030517578e+00,3.100585460662841797e+00
1.663691401481628418e+00,3.097286224365234375e+00
1.706275820732116699e+00,3.205348014831542969e+00
3.942740678787231445e+00,-2.683332204818725586e+00
1.763357639312744141e+00,3.140865087509155273e+00
4.100854396820068359e+00,-6.152195930480957031e-01
1.672968149185180664e+00,3.157525777816772461e+00
1.395019292831420898e+00,3.211070775985717773e+00
2.695176839828491211e+00,2.426812410354614258e+00
1.723960995674133301e+00,3.201256036758422852e+00
2.591576576232910156e+00,2.550137281417846680e+00
1.515528678894042969e+00,3.372101545333862305e+00
1.180049300193786621e+00,3.349779367446899414e+00
3.794011116027832031e+00,-2.978950262069702148e+00
1.609223604202270508e+00,3.206969976425170898e+00
1.809394240379333496e+00,3.182920455932617188e+00
1.567718148231506348e+00,3.345572948455810547e+00
3.466506481170654297e+00,1.661685228347778320e+00
1.826148390769958496e+00,3.149432897567749023e+00
2.091111183166503906e+00,2.909056901931762695e+00
2.012169361114501953e+00,3.112460851669311523e+00
1.870528817176818848e+00,3.080684900283813477e+00
3.949062347412109375e+00,-2.700420618057250977e+00
3.976364612579345703e+00,-2.208186626434326172e+00
1.993972063064575195e+00,2.891458749771118164e+00
1.703336238861083984e+00,3.141006231307983398e+00
1.541720867156982422e+00,3.358888149261474609e+00
2.163174629211425781e+00,3.000714540481567383e+00
1.862554311752319336e+00,3.170032739639282227e+00
3.809647083282470703e+00,-3.001349210739135742e+00
2.343317985534667969e+00,2.814174890518188477e+00
1.945790052413940430e+00,2.880527019500732422e+00
2.176617145538330078e+00,3.087575197219848633e+00
9.710438847541809082e-01,3.486450672149658203e+00
1.550480842590332031e+00,3.262444019317626953e+00
1.661498188972473145e+00,3.252217531204223633e+00
1.447716236114501953e+00,3.432451486587524414e+00
1.883967399597167969e+00,3.053014039993286133e+00
1.894311785697937012e+00,2.865325450897216797e+00
1.805341482162475586e+00,3.171054124832153320e+00
2.767339229583740234e+00,2.407094478607177734e+00
3.985043048858642578e+00,-2.212386369705200195e+00
2.250037670135498047e+00,2.778766155242919922e+00
1.849176406860351562e+00,3.117369890213012695e+00
1.656054615974426270e+00,3.165602922439575195e+00
2.065983057022094727e+00,3.010473966598510742e+00
1.633530497550964355e+00,3.156172275543212891e+00
3.377762556076049805e+00,1.684937357902526855e+00
3.868621587753295898e+00,-2.837203025817871094e+00
2.538781881332397461e+00,2.639036178588867188e+00
1.419633269309997559e+00,3.430057048797607422e+00
2.021893262863159180e+00,3.026184320449829102e+00
1.361407995223999023e+00,3.343848705291748047e+00
1.446646213531494141e+00,3.517057657241821289e+00
3.397243976593017578e+00,-3.634294509887695312e+00
2.889654159545898438e+00,2.029341936111450195e+00
1.662336349487304688e+00,3.300363779067993164e+00
3.405476570129394531e+00,1.619350314140319824e+00
1.975688099861145020e+00,3.086011648178100586e+00
1.831487059593200684e+00,3.275599956512451172e+00
1.748344898223876953e+00,3.267286539077758789e+00
1.972853779792785645e+00,3.059121608734130859e+00
1.518082618713378906e+00,3.232887983322143555e+00
1.562027931213378906e+00,3.334980487823486328e+00
2.027482032775878906e+00,3.050463914871215820e+00
1.847342729568481445e+00,3.050747632980346680e+00
1.627276420593261719e+00,3.417793035507202148e+00
1.697146415710449219e+00,3.192247390747070312e+00
1.994289398193359375e+00,2.922882080078125000e+00
1.358745932579040527e+00,3.412065744400024414e+00
1.517303466796875000e+00,3.456773042678833008e+00
2.285949468612670898e+00,2.754339933395385742e+00
1.502548933029174805e+00,3.276407957077026367e+00
2.284497737884521484e+00,2.523907184600830078e+00
3.124136447906494141e+00,2.017768621444702148e+00
1.738944530487060547e+00,3.061033010482788086e+00
3.268667697906494141e+00,1.679579019546508789e+00
2.193112373352050781e+00,2.890438318252563477e+00
1.821590304374694824e+00,3.068759202957153320e+00
2.945734024047851562e+00,-4.012770652770996094e+00
2.388646125793457031e+00,2.645091533660888672e+00
1.950769424438476562e+00,3.147994279861450195e+00
1.961742281913757324e+00,2.938894271850585938e+00
2.368580102920532227e+00,2.531149864196777344e+00
1.939952373504638672e+00,3.123315095901489258e+00
1.999708533287048340e+00,2.841789484024047852e+00
1.444703936576843262e+00,3.394857168197631836e+00
2.246717453002929688e+00,2.813906669616699219e+00
2.138392925262451172e+00,2.860198259353637695e+00
3.771324634552001953e+00,-3.076544523239135742e+00
1.672419667243957520e+00,3.279186010360717773e+00
1.975969433784484863e+00,2.987830877304077148e+00
3.920538425445556641e+00,-1.781239390373229980e+00
2.058569431304931641e+00,2.903724431991577148e+00
3.674176931381225586e+00,-3.182555913925170898e+00
1.480081915855407715e+00,3.494897603988647461e+00
3.867111682891845703e+00,-2.613065958023071289e+00
2.006609439849853516e+00,3.131939649581909180e+00
1.706865310668945312e+00,3.310016870498657227e+00
1.545179963111877441e+00,3.301299333572387695e+00
1.651428461074829102e+00,3.187558650970458984e+00
2.490918874740600586e+00,2.704312086105346680e+00
1.392709970474243164e+00,3.397855043411254883e+00
2.111232280731201172e+00,2.991780519485473633e+00
3.217101097106933594e+00,-3.740844488143920898e+00
1.375818014144897461e+00,3.166474103927612305e+00
1.648414611816406250e+00,3.203233480453491211e+00
3.442862033843994141e+00,-3.403794050216674805e+00
3.916311502456665039e+00,-2.699480772018432617e+00
2.431319713592529297e+00,2.656367063522338867e+00
1.937401771545410156e+00,2.972517728805541992e+00
1.372563719749450684e+00,3.282490968704223633e+00
3.556959152221679688e+00,-3.405494213104248047e+00
3.651046752929687500e+00,-3.270343303680419922e+00
3.432089805603027344e+00,-3.641715526580810547e+00
1.146408319473266602e+00,3.469511747360229492e+00
1.926270961761474609e+00,2.978843927383422852e+00
1.796099185943603516e+00,3.214892387390136719e+00
1.691670656204223633e+00,3.324063777923583984e+00
1.300939917564392090e+00,3.483321905136108398e+00
1.818698525428771973e+00,2.932844400405883789e+00
1.436894416809082031e+00,3.418820381164550781e+00
4.205997943878173828e+00,-7.999903559684753418e-01
1.954738616943359375e+00,2.917683362960815430e+00
1.463828086853027344e+00,3.355259418487548828e+00
1.605679154396057129e+00,3.194589376449584961e+00
1.400828599929809570e+00,3.353741407394409180e+00
1.631855010986328125e+00,3.255651235580444336e+00
1.969390988349914551e+00,3.048797845840454102e+00
2.057638645172119141e+00,2.859089136123657227e+00
1.444090843200683594e+00,3.259773492813110352e+00
3.610741376876831055e+00,-3.230747461318969727e+00
1.648686408996582031e+00,3.199658155441284180e+00
1.860782265663146973e+00,3.200746536254882812e+00
1.809774398803710938e+00,3.077998399734497070e+00
2.027984857559204102e+00,2.926422357559204102e+00
2.514675140380859375e+00,2.579801082611083984e+00
2.528643608093261719e+00,2.417338132858276367e+00
2.313282728195190430e+00,2.856524944305419922e+00
2.126301765441894531e+00,2.822208404541015625e+00
2.251532554626464844e+00,2.666970491409301758e+00
1.490765452384948730e+00,3.427460432052612305e+00
3.483744382858276367e+00,1.269567728042602539e+00
1.240637302398681641e+00,3.532491445541381836e+00
1.608581781387329102e+00,3.236669301986694336e+00
1.290574908256530762e+00,3.349386930465698242e+00
2.151125669479370117e+00,2.881559371948242188e+00
2.102337360382080078e+00,2.585259914398193359e+00
3.990225076675415039e+00,-2.149010181427001953e+00
1.490018129348754883e+00,3.331395864486694336e+00
1.352435946464538574e+00,3.394441843032836914e+00
2.019592761993408203e+00,3.092691183090209961e+00
1.687119364738464355e+00,3.214388132095336914e+00
1.844069600105285645e+00,3.140804052352905273e+00
2.469020843505859375e+00,2.650686979293823242e+00
1.713559985160827637e+00,3.153420448303222656e+00
2.163235425949096680e+00,2.785052061080932617e+00
2.220322132110595703e+00,2.767728567123413086e+00
2.429409265518188477e+00,2.612931489944458008e+00
1.696604967117309570e+00,3.259046554565429688e+00
1.948255300521850586e+00,2.997026681900024414e+00
1.394283771514892578e+00,3.555142402648925781e+00
1.995071291923522949e+00,3.157163858413696289e+00
2.121023654937744141e+00,2.859172105789184570e+00
1.573531866073608398e+00,3.310112714767456055e+00
1.645530939102172852e+00,3.315942525863647461e+00
1.550442218780517578e+00,3.232955217361450195e+00
2.043924331665039062e+00,3.077939748764038086e+00
1.819348812103271484e+00,3.211204051971435547e+00
1.140029430389404297e+00,3.431052923202514648e+00
1.558416843414306641e+00,3.183439970016479492e+00
1.304419875144958496e+00,3.049951791763305664e+00
1.883210062980651855e+00,3.125167846679687500e+00
1.836208105087280273e+00,3.059942245483398438e+00
2.332097291946411133e+00,2.693206310272216797e+00
1.281058549880981445e+00,3.510002613067626953e+00
1.795593857765197754e+00,3.092606544494628906e+00
2.268815994262695312e+00,2.841488838195800781e+00
1.964249372482299805e+00,3.045665502548217773e+00
1.553835988044738770e+00,3.175394535064697266e+00
2.230539083480834961e+00,2.926449537277221680e+00
1.558654308319091797e+00,3.221574544906616211e+00
4.172221183776855469e+00,-1.169037818908691406e+00
1.104924917221069336e+00,3.461781978607177734e+00
3.399572372436523438e+00,1.600064635276794434e+00
1.130924463272094727e+00,3.555966138839721680e+00
2.117899894714355469e+00,3.050684690475463867e+00
1.598019123077392578e+00,3.311185836791992188e+00
1.562460660934448242e+00,3.251909017562866211e+00
4.111489772796630859e+00,-1.167527794837951660e+00
2.269410133361816406e+00,2.948800086975097656e+00
2.464712381362915039e+00,2.685096263885498047e+00
1.914229273796081543e+00,3.159790515899658203e+00
3.481976985931396484e+00,-3.481394529342651367e+00
1.704967141151428223e+00,3.214304924011230469e+00
2.497333526611328125e+00,2.516612052917480469e+00
3.313976287841796875e+00,1.466168880462646484e+00
1.740552067756652832e+00,3.274579048156738281e+00
1.475378990173339844e+00,3.336385726928710938e+00
1.876000165939331055e+00,2.917137861251831055e+00
1.713771343231201172e+00,3.308997631072998047e+00
1.907087087631225586e+00,3.022017478942871094e+00
1.540828704833984375e+00,3.347465753555297852e+00
1.145637750625610352e+00,3.407438039779663086e+00
3.775406122207641602e+00,6.766560673713684082e-01
1.629547715187072754e+00,3.045016050338745117e+00
1.562631368637084961e+00,3.162689924240112305e+00
3.314246892929077148e+00,-3.691291570663452148e+00
1.697438836097717285e+00,3.248298406600952148e+00
2.473448991775512695e+00,2.559135675430297852e+00
1.538057684898376465e+00,3.227805137634277344e+00
2.555374860763549805e+00,2.542942285537719727e+00
2.384801149368286133e+00,2.611544609069824219e+00
3.240006208419799805e+00,1.712613105773925781e+00
1.851379632949829102e+00,3.163065671920776367e+00
1.618080019950866699e+00,3.273574829101562500e+00
2.601834774017333984e+00,2.293615818023681641e+00
1.526321649551391602e+00,3.309574365615844727e+00
1.911091208457946777e+00,2.905598878860473633e+00
1.586885690689086914e+00,3.136958360671997070e+00
1.568232774734497070e+00,3.322541236877441406e+00
1.676116108894348145e+00,3.260912656784057617e+00
1.846681714057922363e+00,3.188386678695678711e+00
4.022251129150390625e+00,-2.047397851943969727e+00
1.926973819732666016e+00,3.075587511062622070e+00
3.318314790725708008e+00,1.622872114181518555e+00
2.393168449401855469e+00,2.848285436630249023e+00
1.653830409049987793e+00,3.099212884902954102e+00
2.747693538665771484e+00,2.423056840896606445e+00
1.990596771240234375e+00,2.897427797317504883e+00
1.626353383064270020e+00,3.267934083938598633e+00
1.699243903160095215e+00,3.231634616851806641e+00
2.427167654037475586e+00,2.740408658981323242e+00
1.991981744766235352e+00,2.718513727188110352e+00
1.933123826980590820e+00,3.168455123901367188e+00
2.407325983047485352e+00,2.518816709518432617e+00
1.890462398529052734e+00,3.135399818420410156e+00
2.473431110382080078e+00,2.448113679885864258e+00
1.502911806106567383e+00,3.328728437423706055e+00
1.848324179649353027e+00,3.130225896835327148e+00
2.586799383163452148e+00,2.260644674301147461e+00
2.249284029006958008e+00,2.658739805221557617e+00
2.147460460662841797e+00,2.705077171325683594e+00
2.162155151367187500e+00,2.836512088775634766e+00
4.033959388732910156e+00,-1.825398564338684082e+00
1.800709486007690430e+00,3.197637796401977539e+00
1.561614751815795898e+00,3.350388288497924805e+00
2.350191593170166016e+00,2.622408390045166016e+00
2.651990413665771484e+00,2.448280811309814453e+00
1.641339182853698730e+00,3.219061851501464844e+00
1.554581880569458008e+00,3.065916299819946289e+00
2.305243492126464844e+00,2.776955366134643555e+00
1.404306173324584961e+00,3.340775489807128906e+00
2.744109630584716797e+00,2.355598449707031250e+00
3.073684215545654297e+00,2.149566888809204102e+00
1.806362628936767578e+00,3.114771842956542969e+00
1.445640444755554199e+00,3.379731893539428711e+00
2.817689895629882812e+00,2.380569219589233398e+00
1.821463465690612793e+00,3.108445405960083008e+00
2.630443572998046875e+00,-4.164434909820556641e+00
1.840003728866577148e+00,2.994955301284790039e+00
1.616301417350769043e+00,3.103481054306030273e+00
1.849682569503784180e+00,3.208832025527954102e+00
2.499013900756835938e+00,2.322002172470092773e+00
1.635913252830505371e+00,3.250316858291625977e+00
3.121535301208496094e+00,1.627749919891357422e+00
2.566798925399780273e+00,2.602239847183227539e+00
3.887050151824951172e+00,-2.610470294952392578e+00
1.411062479019165039e+00,3.476621389389038086e+00
1.465105056762695312e+00,3.519547700881958008e+00
1.866696834564208984e+00,3.049484014511108398e+00
2.005106925964355469e+00,2.971198797225952148e+00
4.159337997436523438e+00,-7.323563098907470703e-01
1.648882389068603516e+00,3.112416982650756836e+00
1.836582422256469727e+00,3.040341138839721680e+00
2.062179327011108398e+00,2.977029085159301758e+00
1.627486944198608398e+00,3.284793138504028320e+00
1.857162714004516602e+00,3.018497705459594727e+00
3.184967041015625000e+00,1.843487620353698730e+00
1.610576391220092773e+00,3.224813699722290039e+00
1.440755844116210938e+00,3.327987909317016602e+00
2.012714147567749023e+00,3.095823287963867188e+00
1.659340143203735352e+00,3.266199350357055664e+00
1.812765836715698242e+00,3.181421518325805664e+00
2.351124286651611328e+00,2.583062171936035156e+00
1.463289856910705566e+00,3.285325527191162109e+00
1.554305315017700195e+00,3.129441499710083008e+00
1.559152960777282715e+00,3.382196426391601562e+00
2.257462263107299805e+00,2.768471479415893555e+00
1.908090114593505859e+00,2.999505043029785156e+00
2.169069051742553711e+00,2.849775791168212891e+00
1.917188882827758789e+00,3.002135515213012695e+00
3.796561717987060547e+00,-3.003946065902709961e+00
1.903328180313110352e+00,2.967478036880493164e+00
2.341366529464721680e+00,2.749217510223388672e+00
2.494708538055419922e+00,2.496960639953613281e+00
4.008329868316650391e+00,-2.021229028701782227e+00
2.359055280685424805e+00,2.768634796142578125e+00
2.650285482406616211e+00,2.374470472335815430e+00
2.117372035980224609e+00,2.898507356643676758e+00
1.631162643432617188e+00,3.181940078735351562e+00
1.874515533447265625e+00,3.080718040466308594e+00
2.226352691650390625e+00,3.033194780349731445e+00
1.627834320068359375e+00,3.270585775375366211e+00
1.904087543487548828e+00,3.156162023544311523e+00
3.979913711547851562e+00,2.915029823780059814e-01
2.494734764099121094e+00,2.557846784591674805e+00
1.364606142044067383e+00,3.346005201339721680e+00
3.341616153717041016e+00,-3.744707345962524414e+00
1.920320034027099609e+00,3.170654296875000000e+00
1.317060947418212891e+00,3.516088962554931641e+00
1.335243225097656250e+00,3.296367168426513672e+00
4.009770870208740234e+00,-1.597292661666870117e+00
2.390330314636230469e+00,2.555870771408081055e+00
1.425248861312866211e+00,3.405451536178588867e+00
1.327277302742004395e+00,3.455746412277221680e+00
1.566668272018432617e+00,3.291424036026000977e+00
1.682041168212890625e+00,3.217144727706909180e+00
1.825301408767700195e+00,3.149624109268188477e+00
4.057692050933837891e+00,-1.377697348594665527e+00
1.891278505325317383e+00,3.161105155944824219e+00
1.699350833892822266e+00,3.136605501174926758e+00
1.767361402511596680e+00,3.306120634078979492e+00
1.932932376861572266e+00,3.012945890426635742e+00
2.033591270446777344e+00,2.918751001358032227e+00
1.532260417938232422e+00,3.225222587585449219e+00
1.908160328865051270e+00,3.112741947174072266e+00
2.784944534301757812e+00,2.188141822814941406e+00
2.688774108886718750e+00,2.397774457931518555e+00
1.094814538955688477e+00,3.439274549484252930e+00
1.777292370796203613e+00,3.184016466140747070e+00
1.475679516792297363e+00,3.326407194137573242e+00
2.017204284667968750e+00,2.973136663436889648e+00
4.150498390197753906e+00,-9.505437016487121582e-01
2.668589591979980469e+00,-4.118691444396972656e+00
1.947411537170410156e+00,3.058797597885131836e+00
2.017839193344116211e+00,2.967791795730590820e+00
3.904437541961669922e+00,-2.847732305526733398e+00
4.207568645477294922e+00,-2.484994232654571533e-01
1.449997186660766602e+00,3.512505769729614258e+00
1.427786707878112793e+00,3.460305929183959961e+00
2.218480587005615234e+00,2.976629972457885742e+00
1.249180793762207031e+00,3.275221586227416992e+00
1.589882135391235352e+00,3.164527893066406250e+00
3.370489120483398438e+00,1.732301950454711914e+00
1.253138303756713867e+00,3.393453121185302734e+00
2.370054006576538086e+00,2.639308929443359375e+00
1.995035886764526367e+00,2.908689022064208984e+00
2.513919115066528320e+00,2.499180316925048828e+00
1.904666423797607422e+00,3.170739889144897461e+00
3.524358510971069336e+00,-3.437847137451171875e+00
1.494193196296691895e+00,3.225436925888061523e+00
1.697846174240112305e+00,3.183710575103759766e+00
1.718047142028808594e+00,3.188128948211669922e+00
1.829214334487915039e+00,3.343949317932128906e+00
2.286816120147705078e+00,2.785251855850219727e+00
2.206442832946777344e+00,2.868315696716308594e+00
3.221067190170288086e+00,1.875988245010375977e+00
2.384638309478759766e+00,2.856519222259521484e+00
1.552818775177001953e+00,3.281821966171264648e+00
1.636789560317993164e+00,3.300399065017700195e+00
1.757650971412658691e+00,3.162330627441406250e+00
1.567404270172119141e+00,3.277042627334594727e+00
1.715249061584472656e+00,3.114086627960205078e+00
1.654811501502990723e+00,3.197368383407592773e+00
3.905771017074584961e+00,-2.088122606277465820e+00
4.082248210906982422e+00,-1.573799848556518555e+00
2.325744628906250000e+00,2.704535722732543945e+00
1.504873156547546387e+00,3.294860839843750000e+00
4.234609127044677734e+00,-9.146106839179992676e-01
2.192536115646362305e+00,2.827313899993896484e+00
2.417342662811279297e+00,2.671679496765136719e+00
2.803844928741455078e+00,2.229918241500854492e+00
2.135035991668701172e+00,2.911535978317260742e+00
3.902357578277587891e+00,-2.515889883041381836e+00
2.323477983474731445e+00,2.611389875411987305e+00
1.728337168693542480e+00,3.265154600143432617e+00
2.127790451049804688e+00,2.719279050827026367e+00
4.161843299865722656e+00,-4.580513834953308105e-01
2.171449899673461914e+00,3.069103479385375977e+00
3.402337789535522461e+00,1.506970882415771484e+00
1.680956125259399414e+00,3.270100831985473633e+00
2.091006755828857422e+00,2.978764295578002930e+00
2.788070917129516602e+00,2.281147003173828125e+00
2.934501409530639648e+00,2.134740591049194336e+00
2.276679515838623047e+00,2.889850854873657227e+00
1.755151867866516113e+00,3.315061569213867188e+00
1.487050890922546387e+00,3.353772163391113281e+00
1.644682765007019043e+00,3.251078605651855469e+00
1.646002531051635742e+00,3.393710136413574219e+00
2.232674121856689453e+00,2.773337602615356445e+00
1.920261859893798828e+00,3.044277667999267578e+00
2.101380109786987305e+00,2.880396127700805664e+00
1.395176291465759277e+00,3.558668851852416992e+00
2.313939332962036133e+00,2.880306959152221680e+00
1.746373176574707031e+00,3.173107624053955078e+00
1.576045274734497070e+00,3.371912240982055664e+00
1.812835097312927246e+00,3.128804445266723633e+00
1.587481498718261719e+00,3.201505899429321289e+00
3.567287683486938477e+00,-3.349101305007934570e+00
1.794599056243896484e+00,2.972697734832763672e+00
1.566709041595458984e+00,3.345594167709350586e+00
3.060609817504882812e+00,1.808357000350952148e+00
1.804768085479736328e+00,3.172978162765502930e+00
3.846754312515258789e+00,-2.835686445236206055e+00
2.885173320770263672e+00,2.086351633071899414e+00
3.828441143035888672e+00,8.589023351669311523e-01
1.363114714622497559e+00,3.065095663070678711e+00
1.837396025657653809e+00,3.131219625473022461e+00
1.627064824104309082e+00,3.198847055435180664e+00
2.080750226974487305e+00,2.909426927566528320e+00
2.012209177017211914e+00,2.977441310882568359e+00
1.782701969146728516e+00,3.255303859710693359e+00
2.066774845123291016e+00,2.910195827484130859e+00
3.587108373641967773e+00,-3.321816444396972656e+00
4.049105644226074219e+00,-1.370424151420593262e+00
2.316984891891479492e+00,2.855608463287353516e+00
1.569092750549316406e+00,3.247302770614624023e+00
2.108401775360107422e+00,2.844911336898803711e+00
1.784531831741333008e+00,3.243068695068359375e+00
1.578187465667724609e+00,3.175314188003540039e+00
1.912873506546020508e+00,3.153703212738037109e+00
1.473679542541503906e+00,3.051153659820556641e+00
2.657906532287597656e+00,2.359101295471191406e+00
1.579570055007934570e+00,3.323944330215454102e+00
3.727890491485595703e+00,-3.101590871810913086e+00
1.557347059249877930e+00,3.370662927627563477e+00
1.604333519935607910e+00,3.306328535079956055e+00
2.375886917114257812e+00,2.566506147384643555e+00
2.165261745452880859e+00,3.040194749832153320e+00
2.197730064392089844e+00,2.817310094833374023e+00
1.823421955108642578e+00,3.161381483078002930e+00
1.967164635658264160e+00,3.020660161972045898e+00
3.707491397857666016e+00,-3.126404762268066406e+00
1.562699317932128906e+00,3.301612138748168945e+00
1.700084567070007324e+00,3.322282075881958008e+00
1.451272368431091309e+00,3.268367290496826172e+00
1.580265283584594727e+00,3.093560457229614258e+00
3.283482313156127930e+00,1.830453038215637207e+00
1.757245421409606934e+00,3.265933036804199219e+00
1.222586631774902344e+00,3.416119813919067383e+00
4.032394409179687500e+00,-1.952838182449340820e+00
2.189951419830322266e+00,2.842904806137084961e+00
2.838373184204101562e+00,2.362351894378662109e+00
2.091375112533569336e+00,3.042391538619995117e+00
1.728867650032043457e+00,3.177275419235229492e+00
1.884917736053466797e+00,3.035873651504516602e+00
2.517204523086547852e+00,2.621869564056396484e+00
1.848277449607849121e+00,3.191090106964111328e+00
2.180186033248901367e+00,2.616621732711791992e+00
4.055023670196533203e+00,-1.345815896987915039e+00
2.457701683044433594e+00,2.710796117782592773e+00
2.786033153533935547e+00,2.156985998153686523e+00
1.830281734466552734e+00,3.059115648269653320e+00
2.422025442123413086e+00,2.731531143188476562e+00
2.242267608642578125e+00,2.577088356018066406e+00
2.010554552078247070e+00,3.121858358383178711e+00
2.208384513854980469e+00,2.976415634155273438e+00
3.938602209091186523e+00,-2.377950429916381836e+00
1.957973718643188477e+00,3.075130224227905273e+00
1.303226828575134277e+00,3.316373109817504883e+00
4.033418178558349609e+00,-1.946566224098205566e+00
1.885084152221679688e+00,3.110301733016967773e+00
2.112524032592773438e+00,2.808704614639282227e+00
2.283184051513671875e+00,2.823989152908325195e+00
2.273693799972534180e+00,2.796774625778198242e+00
1.683641433715820312e+00,3.303801536560058594e+00
2.441231250762939453e+00,2.535637617111206055e+00
1.508485078811645508e+00,3.333819150924682617e+00
4.054513454437255859e+00,-1.803906321525573730e+00
1.949496746063232422e+00,3.092644453048706055e+00
1.640463590621948242e+00,3.270787000656127930e+00
1.969870328903198242e+00,2.915686368942260742e+00
1.567509889602661133e+00,3.259634017944335938e+00
1.463883876800537109e+00,3.261513710021972656e+00
1.150945067405700684e+00,3.331215620040893555e+00
1.955332636833190918e+00,3.043130636215209961e+00
2.134841442108154297e+00,2.807934999465942383e+00
1.989404201507568359e+00,3.119540214538574219e+00
3.659656286239624023e+00,-3.297890901565551758e+00
1.429834485054016113e+00,3.234974145889282227e+00
2.998587608337402344e+00,-3.897372007369995117e+00
2.146665334701538086e+00,2.911199569702148438e+00
1.523535013198852539e+00,3.398215532302856445e+00
1.802230596542358398e+00,3.119971990585327148e+00
1.731135845184326172e+00,3.223837137222290039e+00
2.347251176834106445e+00,2.727905511856079102e+00
1.703608274459838867e+00,3.150934696197509766e+00
3.257606506347656250e+00,-3.643374204635620117e+00
1.173276662826538086e+00,3.404385089874267578e+00
1.811810374259948730e+00,3.101420879364013672e+00
2.111675262451171875e+00,2.705121040344238281e+00
1.748874425888061523e+00,3.258905172348022461e+00
1.980248570442199707e+00,3.077347993850708008e+00
1.407360792160034180e+00,3.071805000305175781e+00
1.377197742462158203e+00,3.409796714782714844e+00
2.116775512695312500e+00,2.740056037902832031e+00
2.029179334640502930e+00,2.977548360824584961e+00
1.922717094421386719e+00,3.191716909408569336e+00
1.773345947265625000e+00,3.055758714675903320e+00
1.928980588912963867e+00,2.998431921005249023e+00
2.168047904968261719e+00,2.712396383285522461e+00
1.514196991920471191e+00,3.461297988891601562e+00
2.191556453704833984e+00,2.928482770919799805e+00
2.369547843933105469e+00,2.875194787979125977e+00
1.804185390472412109e+00,3.180834770202636719e+00
2.013704299926757812e+00,2.981379747390747070e+00
1.650095939636230469e+00,3.200899839401245117e+00
1.796230435371398926e+00,3.092413187026977539e+00
1.727184653282165527e+00,3.168700456619262695e+00
1.556699275970458984e+00,3.185064315795898438e+00
2.014867067337036133e+00,3.050723552703857422e+00
3.111186981201171875e+00,1.985246419906616211e+00
2.003804206848144531e+00,2.856877565383911133e+00
1.725823402404785156e+00,3.230528116226196289e+00
1.511956453323364258e+00,3.420149564743041992e+00
1.470491647720336914e+00,3.355567455291748047e+00
1.624967932701110840e+00,3.254706144332885742e+00
1.793501615524291992e+00,3.188547372817993164e+00
1.733230352401733398e+00,3.232133150100708008e+00
1.660602450370788574e+00,3.184242486953735352e+00
1.733363032341003418e+00,3.242445230484008789e+00
3.579540491104125977e+00,-3.180153131484985352e+00
2.165440082550048828e+00,2.945924520492553711e+00
1.591084837913513184e+00,3.352630376815795898e+00
2.000538587570190430e+00,3.040907144546508789e+00
1.924221396446228027e+00,3.082980394363403320e+00
1.894437074661254883e+00,3.156234025955200195e+00
1.596104502677917480e+00,3.265215396881103516e+00
1.933655261993408203e+00,3.084918260574340820e+00
1.515172362327575684e+00,3.355977773666381836e+00
3.038109540939331055e+00,1.986369013786315918e+00
3.348710775375366211e+00,-3.646004199981689453e+00
2.283773422241210938e+00,2.868070125579833984e+00
2.737670660018920898e+00,2.368387937545776367e+00
1.334796190261840820e+00,3.307270765304565430e+00
1.909405469894409180e+00,2.962802171707153320e+00
2.200778484344482422e+00,2.923215150833129883e+00
1.349139094352722168e+00,3.342019319534301758e+00
1.551974534988403320e+00,3.297992706298828125e+00
1.349526405334472656e+00,3.185533761978149414e+00
1.693761348724365234e+00,3.264118194580078125e+00
2.180817842483520508e+00,2.843883514404296875e+00
2.027091979980468750e+00,2.950178861618041992e+00
3.800886154174804688e+00,3.076833486557006836e-01
2.963904142379760742e+00,2.067219257354736328e+00
1.645496845245361328e+00,3.265661478042602539e+00
1.519733190536499023e+00,3.347926855087280273e+00
1.700759410858154297e+00,3.075084686279296875e+00
1.841761946678161621e+00,2.979413270950317383e+00
2.148237228393554688e+00,3.007953166961669922e+00
1.653506875038146973e+00,3.258224725723266602e+00
2.166383743286132812e+00,2.804053068161010742e+00
2.302075862884521484e+00,2.795003652572631836e+00
1.857956171035766602e+00,3.085389614105224609e+00
2.484397411346435547e+00,2.577709436416625977e+00
2.242326736450195312e+00,2.584578037261962891e+00
1.534242391586303711e+00,3.289141416549682617e+00
1.680983066558837891e+00,3.097966909408569336e+00
1.462589025497436523e+00,3.469530582427978516e+00
2.202111721038818359e+00,2.967854738235473633e+00
3.623126983642578125e+00,-3.289260149002075195e+00
1.505599737167358398e+00,3.301820516586303711e+00
2.576230049133300781e+00,2.495396852493286133e+00
2.421872377395629883e+00,2.504056692123413086e+00
1.386788249015808105e+00,3.476340055465698242e+00
1.578769922256469727e+00,3.227891206741333008e+00
1.836450576782226562e+00,3.179748296737670898e+00
1.614214777946472168e+00,3.309299945831298828e+00
1.587440013885498047e+00,3.100357294082641602e+00
1.778709888458251953e+00,3.110357046127319336e+00
1.993351817131042480e+00,2.982673406600952148e+00
1.823368787765502930e+00,3.151205062866210938e+00
2.056145429611206055e+00,2.756198644638061523e+00
1.682769775390625000e+00,3.242783784866333008e+00
2.217496871948242188e+00,2.746180772781372070e+00
1.796632170677185059e+00,3.086968660354614258e+00
1.822495818138122559e+00,2.974277257919311523e+00
4.005670070648193359e+00,-2.090509653091430664e+00
1.363856554031372070e+00,3.464267730712890625e+00
2.689961433410644531e+00,2.551963567733764648e+00
1.986746430397033691e+00,2.931675434112548828e+00
1.787949800491333008e+00,3.109472036361694336e+00
1.526391863822937012e+00,3.327534437179565430e+00
2.500722408294677734e+00,2.622071981430053711e+00
1.455550193786621094e+00,3.467358827590942383e+00
1.986401319503784180e+00,3.157870769500732422e+00
2.793249130249023438e+00,2.461572408676147461e+00
1.795444607734680176e+00,3.259021520614624023e+00
1.858453035354614258e+00,3.076941013336181641e+00
1.727948188781738281e+00,3.259042501449584961e+00
1.556346654891967773e+00,3.488767147064208984e+00
2.109772205352783203e+00,3.077616930007934570e+00
3.599511384963989258e+00,1.053821325302124023e+00
1.947665095329284668e+00,3.091591119766235352e+00
2.525103569030761719e+00,2.692106962203979492e+00
4.056317806243896484e+00,-1.729657173156738281e+00
1.221355915069580078e+00,3.329041242599487305e+00
2.055155515670776367e+00,3.023288249969482422e+00
3.925470590591430664e+00,-2.375236272811889648e+00
1.816973924636840820e+00,2.993715047836303711e+00
2.156901359558105469e+00,2.933466196060180664e+00
9.300425052642822266e-01,3.439524888992309570e+00
1.603680372238159180e+00,3.191507577896118164e+00
2.014244079589843750e+00,3.008782386779785156e+00
3.747909069061279297e+00,-3.285056114196777344e+00
1.414081931114196777e+00,3.432729721069335938e+00
1.984595537185668945e+00,2.983988046646118164e+00
1.913678050041198730e+00,3.133514404296875000e+00
2.671100854873657227e+00,2.591334342956542969e+00
1.638222575187683105e+00,3.270584106445312500e+00
3.754975318908691406e+00,1.191656351089477539e+00
2.290871143341064453e+00,2.794791698455810547e+00
2.070035457611083984e+00,2.806492090225219727e+00
2.069608688354492188e+00,2.669764041900634766e+00
1.376455307006835938e+00,3.256495952606201172e+00
1.477785110473632812e+00,3.416621446609497070e+00
2.068103313446044922e+00,2.893278121948242188e+00
1.273197650909423828e+00,3.416256904602050781e+00
1.807694196701049805e+00,3.067657232284545898e+00
2.189451694488525391e+00,2.667282104492187500e+00
2.897007942199707031e+00,2.316228151321411133e+00
1.447617530822753906e+00,3.540138483047485352e+00
1.982209444046020508e+00,3.049294233322143555e+00
1.994687795639038086e+00,3.021766662597656250e+00
1.737065553665161133e+00,3.139333963394165039e+00
1.520372629165649414e+00,3.266876697540283203e+00
1.687115192413330078e+00,3.162915468215942383e+00
1.593408226966857910e+00,3.080435752868652344e+00
1.708399415016174316e+00,3.091451883316040039e+00
1.659278631210327148e+00,3.287981510162353516e+00
2.411631584167480469e+00,2.602116107940673828e+00
1.890150070190429688e+00,2.993232250213623047e+00
2.059113025665283203e+00,3.030000448226928711e+00
2.326715469360351562e+00,2.806427001953125000e+00
2.627603530883789062e+00,2.554797172546386719e+00
3.627310991287231445e+00,-3.251046657562255859e+00
3.857905149459838867e+00,6.930338740348815918e-01
4.160550594329833984e+00,-5.971778631210327148e-01
1.778221726417541504e+00,3.097802877426147461e+00
1.583278059959411621e+00,3.302983045578002930e+00
2.310078144073486328e+00,2.668599843978881836e+00
2.911214351654052734e+00,2.277944564819335938e+00
1.959170222282409668e+00,2.884684085845947266e+00
1.931098937988281250e+00,3.184197187423706055e+00
1.523360490798950195e+00,3.128425836563110352e+00
1.899325251579284668e+00,3.048143148422241211e+00
3.052461624145507812e+00,2.032209157943725586e+00
1.695914506912231445e+00,2.988135099411010742e+00
1.710269927978515625e+00,3.335530757904052734e+00
1.644654512405395508e+00,3.243505239486694336e+00
1.693695425987243652e+00,3.223032474517822266e+00
1.563557028770446777e+00,3.326865434646606445e+00
1.997478127479553223e+00,2.986972332000732422e+00
4.204451084136962891e+00,-7.618127465248107910e-01
1.846573829650878906e+00,3.186441898345947266e+00
2.072012901306152344e+00,2.752003908157348633e+00
1.487298965454101562e+00,3.352840662002563477e+00
1.553166151046752930e+00,3.220375537872314453e+00
2.203356742858886719e+00,2.753097295761108398e+00
1.972261428833007812e+00,3.094345331192016602e+00
2.016916751861572266e+00,3.094778776168823242e+00
1.586397767066955566e+00,3.348718404769897461e+00
1.586555719375610352e+00,3.198605060577392578e+00
2.170289516448974609e+00,2.902477741241455078e+00
1.584909677505493164e+00,3.291059017181396484e+00
2.133746862411499023e+00,2.897851467132568359e+00
4.173428535461425781e+00,-3.929285705089569092e-01
1.541738748550415039e+00,3.198919296264648438e+00
1.930340886116027832e+00,3.274269104003906250e+00
1.442009806632995605e+00,3.224359989166259766e+00
2.007945060729980469e+00,3.036366224288940430e+00
1.656966686248779297e+00,3.276165723800659180e+00
1.860295772552490234e+00,3.128032207489013672e+00
1.602237462997436523e+00,3.421634674072265625e+00
1.872242927551269531e+00,3.208524942398071289e+00
1.900178432464599609e+00,3.010629177093505859e+00
2.016219139099121094e+00,2.896525144577026367e+00
1.701601743698120117e+00,3.206022500991821289e+00
2.147821903228759766e+00,2.894920349121093750e+00
1.792525291442871094e+00,3.160098791122436523e+00
3.899608373641967773e+00,-2.692263364791870117e+00
1.769836187362670898e+00,3.302387952804565430e+00
3.848247766494750977e+00,2.751729190349578857e-01
1.754896163940429688e+00,3.155108213424682617e+00
1.579929351806640625e+00,3.114943742752075195e+00
1.572339892387390137e+00,3.191645860671997070e+00
2.853607654571533203e+00,2.345384359359741211e+00
1.445181965827941895e+00,3.391757726669311523e+00
2.425517082214355469e+00,2.802574157714843750e+00
1.686078667640686035e+00,3.278943538665771484e+00
2.414729833602905273e+00,2.510444402694702148e+00
2.116850376129150391e+00,2.733298540115356445e+00
1.169628858566284180e+00,3.351735830307006836e+00
3.286717414855957031e+00,-3.651542663574218750e+00
1.798209547996520996e+00,3.118100404739379883e+00
1.867104053497314453e+00,3.123202562332153320e+00
2.189207792282104492e+00,2.975070714950561523e+00
2.909373998641967773e+00,2.293039321899414062e+00
2.017432212829589844e+00,2.868908643722534180e+00
1.436546564102172852e+00,3.319943189620971680e+00
1.554853916168212891e+00,3.249573469161987305e+00
3.853847503662109375e+00,-2.547122240066528320e+00
3.009581565856933594e+00,2.291030645370483398e+00
1.645343184471130371e+00,3.278347492218017578e+00
1.602539539337158203e+00,3.306474685668945312e+00
1.958783626556396484e+00,3.052282571792602539e+00
1.364670991897583008e+00,3.545264482498168945e+00
1.978748798370361328e+00,2.953925132751464844e+00
1.336236476898193359e+00,3.353838205337524414e+00
2.067134141921997070e+00,3.083785533905029297e+00
1.529227137565612793e+00,3.180429935455322266e+00
2.522186756134033203e+00,2.529260873794555664e+00
2.019582748413085938e+00,2.986598730087280273e+00
2.731235742568969727e+00,2.390420198440551758e+00
1.694345355033874512e+00,3.212870597839355469e+00
1.778707265853881836e+00,3.184087514877319336e+00
2.935674190521240234e+00,2.085132837295532227e+00
3.672261714935302734e+00,-3.197934389114379883e+00
2.307185173034667969e+00,2.631304502487182617e+00
2.146657466888427734e+00,2.870942354202270508e+00
4.054250240325927734e+00,-1.444576501846313477e+00
1.972352504730224609e+00,3.267383337020874023e+00
2.571946620941162109e+00,2.517403125762939453e+00
1.563276767730712891e+00,3.335123300552368164e+00
2.003897190093994141e+00,3.041514635086059570e+00
3.885038137435913086e+00,5.895636677742004395e-01
1.791907787322998047e+00,3.231098651885986328e+00
1.646434307098388672e+00,3.222793817520141602e+00
2.760321140289306641e+00,2.064214229583740234e+00
1.755039453506469727e+00,3.141433000564575195e+00
1.642189383506774902e+00,3.118207216262817383e+00
1.816027402877807617e+00,3.138673782348632812e+00
2.085862159729003906e+00,3.005633115768432617e+00
1.459116697311401367e+00,3.288304090499877930e+00
2.015556812286376953e+00,2.995822429656982422e+00
2.497387886047363281e+00,2.605989456176757812e+00
2.021491527557373047e+00,2.859429597854614258e+00
1.713219881057739258e+00,3.297482728958129883e+00
1.539362430572509766e+00,3.361025810241699219e+00
1.268770217895507812e+00,3.558286428451538086e+00
4.240494728088378906e+00,-4.162867665290832520e-01
1.585610985755920410e+00,3.222649097442626953e+00
2.359190702438354492e+00,2.581639051437377930e+00
1.544003486633300781e+00,3.344729185104370117e+00
1.581233859062194824e+00,3.301012992858886719e+00
1.896026730537414551e+00,3.170350790023803711e+00
1.777251482009887695e+00,3.058625459671020508e+00
2.432648658752441406e+00,2.733938694000244141e+00
4.188722610473632812e+00,-8.398212790489196777e-01
1.193807840347290039e+00,3.298275232315063477e+00
1.856465697288513184e+00,3.032661199569702148e+00
1.276085257530212402e+00,3.497479677200317383e+00
1.933589696884155273e+00,3.159533977508544922e+00
1.648304581642150879e+00,3.197670459747314453e+00
4.170059680938720703e+00,-4.354154169559478760e-01
2.852723598480224609e+00,2.293483495712280273e+00
1.745182275772094727e+00,3.156636476516723633e+00
2.899121046066284180e+00,2.143679618835449219e+00
1.660971164703369141e+00,3.235663175582885742e+00
2.197541236877441406e+00,2.755446910858154297e+00
4.067663192749023438e+00,-1.909634828567504883e+00
4.190046787261962891e+00,-6.517044901847839355e-01
3.301546096801757812e+00,1.687685012817382812e+00
1.504681348800659180e+00,3.355041503906250000e+00
2.001376628875732422e+00,3.180312395095825195e+00
1.506971597671508789e+00,3.304302692413330078e+00
1.938418745994567871e+00,3.057018518447875977e+00
1.927804350852966309e+00,3.194805145263671875e+00
2.000968456268310547e+00,3.015606880187988281e+00
2.088316917419433594e+00,2.939681768417358398e+00
1.473509430885314941e+00,3.239615201950073242e+00
1.845866203308105469e+00,3.018983840942382812e+00
2.523765087127685547e+00,2.624086618423461914e+00
1.732045412063598633e+00,3.255445957183837891e+00
2.119990348815917969e+00,2.914664506912231445e+00
1.008561134338378906e+00,3.424906253814697266e+00
1.754933595657348633e+00,3.155335426330566406e+00
2.340359687805175781e+00,2.843973875045776367e+00
1.397957682609558105e+00,3.524388074874877930e+00
2.839968204498291016e+00,2.466897726058959961e+00
1.588613390922546387e+00,3.330137491226196289e+00
1.905604124069213867e+00,3.185778856277465820e+00
1.638161897659301758e+00,3.155687570571899414e+00
1.999955415725708008e+00,3.117521286010742188e+00
1.656246542930603027e+00,3.162193059921264648e+00
3.896150588989257812e+00,-2.838506698608398438e+00
1.846891880035400391e+00,3.123336553573608398e+00
1.832274198532104492e+00,3.238435983657836914e+00
1.556102991104125977e+00,3.272676706314086914e+00
2.115945100784301758e+00,3.156743764877319336e+00
1.153121232986450195e+00,3.458389043807983398e+00
1.702060341835021973e+00,3.080773115158081055e+00
3.710970878601074219e+00,-3.080129861831665039e+00
2.634687423706054688e+00,2.454058408737182617e+00
2.726735115051269531e+00,2.433553695678710938e+00
1.375362038612365723e+00,3.470563173294067383e+00
2.108409404754638672e+00,2.922686100006103516e+00
4.112145900726318359e+00,-3.443221449851989746e-01
1.260518908500671387e+00,3.371877670288085938e+00
3.418826103210449219e+00,-3.490075826644897461e+00
1.924367904663085938e+00,3.123639822006225586e+00
2.181435108184814453e+00,2.817969083786010742e+00
1.850598096847534180e+00,3.041563987731933594e+00
1.874029040336608887e+00,3.075738668441772461e+00
1.690839886665344238e+00,3.288978815078735352e+00
1.738267660140991211e+00,3.322737455368041992e+00
1.837729811668395996e+00,3.140090703964233398e+00
3.564621210098266602e+00,-3.377508163452148438e+00
1.803909063339233398e+00,3.217254877090454102e+00
2.103125572204589844e+00,2.849115610122680664e+00
1.523163795471191406e+00,3.305938482284545898e+00
1.350404024124145508e+00,3.440792322158813477e+00
1.585270404815673828e+00,3.005908250808715820e+00
1.856184720993041992e+00,2.997557163238525391e+00
2.118032932281494141e+00,3.008908033370971680e+00
2.695578575134277344e+00,2.498916864395141602e+00
1.098079204559326172e+00,3.457949399948120117e+00
1.594652175903320312e+00,3.291475057601928711e+00
1.767347931861877441e+00,3.269894838333129883e+00
1.766168713569641113e+00,3.210141420364379883e+00
1.585372686386108398e+00,2.838816165924072266e+00
1.693972110748291016e+00,3.171144485473632812e+00
1.113855361938476562e+00,3.487864732742309570e+00
1.969149827957153320e+00,3.007930040359497070e+00
1.710035562515258789e+00,3.066629648208618164e+00
1.870952844619750977e+00,3.125381708145141602e+00
2.696750640869140625e+00,2.346571207046508789e+00
1.841276288032531738e+00,3.198332309722900391e+00
1.856829166412353516e+00,3.042408704757690430e+00
1.570196390151977539e+00,3.353234529495239258e+00
3.347898483276367188e+00,-3.638028383255004883e+00
1.476147294044494629e+00,3.314522504806518555e+00
1.754191398620605469e+00,3.201819181442260742e+00
1.613721013069152832e+00,3.270573854446411133e+00
2.597708463668823242e+00,2.454250574111938477e+00
1.525779128074645996e+00,3.148482799530029297e+00
1.461571455001831055e+00,3.359378099441528320e+00
1.958831071853637695e+00,3.319380044937133789e+00
1.663855791091918945e+00,3.229768991470336914e+00
2.002345085144042969e+00,3.112348318099975586e+00
1.893163442611694336e+00,2.955908536911010742e+00
2.095010042190551758e+00,3.036744356155395508e+00
1.955787658691406250e+00,2.985015153884887695e+00
1.796844959259033203e+00,3.125729799270629883e+00
1.916579604148864746e+00,3.126553773880004883e+00
1.681598424911499023e+00,3.220493793487548828e+00
4.088811397552490234e+00,-5.788443684577941895e-01
2.700499534606933594e+00,2.140160083770751953e+00
1.464214324951171875e+00,3.420024633407592773e+00
1.751936316490173340e+00,3.057814121246337891e+00
1.422515630722045898e+00,3.418155908584594727e+00
1.835098147392272949e+00,3.132999658584594727e+00
2.503333330154418945e+00,2.435279369354248047e+00
2.010289192199707031e+00,2.839945077896118164e+00
2.306081295013427734e+00,2.626010656356811523e+00
1.809811592102050781e+00,3.026171922683715820e+00
1.764646768569946289e+00,3.208227634429931641e+00
4.120669841766357422e+00,-2.500164881348609924e-02
1.619465827941894531e+00,3.247347593307495117e+00
1.516341686248779297e+00,3.410814762115478516e+00
2.326401233673095703e+00,2.767476797103881836e+00
1.561786413192749023e+00,3.212062597274780273e+00
1.479287147521972656e+00,3.350229263305664062e+00
1.794224739074707031e+00,3.082236289978027344e+00
3.741321086883544922e+00,9.547040462493896484e-01
2.118483304977416992e+00,2.740269899368286133e+00
1.546741962432861328e+00,3.185973405838012695e+00
3.458112239837646484e+00,-3.468192577362060547e+00
1.669566512107849121e+00,3.268604278564453125e+00
1.569872617721557617e+00,3.258563280105590820e+00
2.603147506713867188e+00,2.582848787307739258e+00
3.424143075942993164e+00,1.498549938201904297e+00
3.587393999099731445e+00,-3.339171648025512695e+00
1.977425098419189453e+00,3.128466367721557617e+00
2.194100618362426758e+00,2.829670190811157227e+00
1.500814437866210938e+00,3.228871583938598633e+00
3.292932510375976562e+00,-3.621153116226196289e+00
1.693073272705078125e+00,3.148123264312744141e+00
1.802943229675292969e+00,3.130001306533813477e+00
3.505217313766479492e+00,1.413124203681945801e+00
4.001937389373779297e+00,-1.539431571960449219e+00
2.004351615905761719e+00,3.002555847167968750e+00
2.469861030578613281e+00,2.719922065734863281e+00
1.823541641235351562e+00,3.115022420883178711e+00
1.705026745796203613e+00,3.097607374191284180e+00
4.041502952575683594e+00,-1.305131893604993820e-02
1.387751936912536621e+00,3.405697822570800781e+00
1.635962486267089844e+00,3.428456544876098633e+00
1.513091206550598145e+00,3.313449144363403320e+00
2.324902057647705078e+00,2.585455179214477539e+00
1.741834163665771484e+00,3.345631122589111328e+00
2.140130043029785156e+00,2.785368919372558594e+00
1.610845565795898438e+00,3.144766092300415039e+00
1.455240488052368164e+00,3.377250909805297852e+00
1.590635180473327637e+00,3.156745672225952148e+00
4.144082546234130859e+00,-1.557599544525146484e+00
1.662700891494750977e+00,3.110401868820190430e+00
1.508784770965576172e+00,3.329064130783081055e+00
1.462156772613525391e+00,3.508848905563354492e+00
2.806940793991088867e+00,2.244326114654541016e+00
3.352311134338378906e+00,-3.700900077819824219e+00
2.088756322860717773e+00,2.973878622055053711e+00
1.852038621902465820e+00,3.069004774093627930e+00
2.580874443054199219e+00,2.498185634613037109e+00
1.940397381782531738e+00,3.180163383483886719e+00
1.483188271522521973e+00,3.312562227249145508e+00
2.001490592956542969e+00,2.860452413558959961e+00
1.716064453125000000e+00,3.137888431549072266e+00
1.859371900558471680e+00,3.167762517929077148e+00
2.128225326538085938e+00,2.914927721023559570e+00
1.565769910812377930e+00,3.232285261154174805e+00
3.274324417114257812e+00,1.496559023857116699e+00
1.512596964836120605e+00,3.405407905578613281e+00
3.469426155090332031e+00,1.172318458557128906e+00
3.575330495834350586e+00,-3.478921175003051758e+00
1.827417850494384766e+00,3.252273797988891602e+00
2.102673053741455078e+00,2.819924831390380859e+00
3.650278329849243164e+00,-3.256267309188842773e+00
1.613814234733581543e+00,3.074204683303833008e+00
1.246185302734375000e+00,3.519297599792480469e+00
1.637794137001037598e+00,3.389449357986450195e+00
1.360758781433105469e+00,3.529506683349609375e+00
1.831207513809204102e+00,3.232227087020874023e+00
2.757449626922607422e+00,2.367522239685058594e+00
1.970368146896362305e+00,3.102859497070312500e+00
1.640521407127380371e+00,3.228655099868774414e+00
2.065743446350097656e+00,2.812999248504638672e+00
4.015749454498291016e+00,1.567816883325576782e-01
1.340255141258239746e+00,3.502721548080444336e+00
2.327251434326171875e+00,2.601324319839477539e+00
3.129180669784545898e+00,-3.867182016372680664e+00
1.738079309463500977e+00,3.322336435317993164e+00
1.766446352005004883e+00,3.156380176544189453e+00
2.783775329589843750e+00,2.427596569061279297e+00
2.129299163818359375e+00,2.968545675277709961e+00
2.144621372222900391e+00,2.871854066848754883e+00
1.960342526435852051e+00,2.987338542938232422e+00
2.245071172714233398e+00,2.737195730209350586e+00
1.867522716522216797e+00,3.019252777099609375e+00
1.626680493354797363e+00,3.217204332351684570e+00
1.659959197044372559e+00,3.199318647384643555e+00
1.975419044494628906e+00,2.923478841781616211e+00
2.147754669189453125e+00,3.022683858871459961e+00
1.453096866607666016e+00,3.264077901840209961e+00
1.777612328529357910e+00,3.251199007034301758e+00
1.440952777862548828e+00,3.404163599014282227e+00
1.739670038223266602e+00,3.258868455886840820e+00
1.944762468338012695e+00,3.190343141555786133e+00
1.430789113044738770e+00,3.311361551284790039e+00
4.217604637145996094e+00,-1.262635946273803711e+00
2.362720966339111328e+00,2.793364048004150391e+00
2.172623395919799805e+00,2.957636594772338867e+00
1.485176563262939453e+00,3.413534879684448242e+00
1.999633789062500000e+00,2.857454061508178711e+00
1.324061632156372070e+00,3.323958635330200195e+00
2.722700119018554688e+00,2.282291173934936523e+00
3.442516326904296875e+00,1.481344819068908691e+00
1.704904437065124512e+00,3.018990755081176758e+00
1.447924852371215820e+00,3.230558633804321289e+00
1.984783053398132324e+00,3.034245729446411133e+00
1.392213106155395508e+00,3.491013526916503906e+00
1.319620609283447266e+00,3.414534807205200195e+00
2.619775295257568359e+00,2.313834428787231445e+00
1.624525427818298340e+00,3.345448732376098633e+00
2.098892450332641602e+00,2.934332132339477539e+00
1.872986316680908203e+00,3.099868535995483398e+00
2.032078981399536133e+00,2.912481307983398438e+00
3.726070404052734375e+00,1.126796603202819824e+00
2.829387664794921875e+00,2.027309656143188477e+00
1.679459929466247559e+00,3.151536226272583008e+00
1.880946159362792969e+00,3.084251165390014648e+00
2.205467224121093750e+00,2.767564296722412109e+00
1.728506088256835938e+00,3.190174341201782227e+00
1.838443040847778320e+00,3.081372737884521484e+00
1.733270168304443359e+00,3.234674215316772461e+00
3.371708869934082031e+00,-3.617910146713256836e+00
1.662270665168762207e+00,3.083655595779418945e+00
2.852878808975219727e+00,2.428652048110961914e+00
1.672898888587951660e+00,3.405778169631958008e+00
1.664168953895568848e+00,3.306700468063354492e+00
2.575319766998291016e+00,2.433849573135375977e+00
1.606637716293334961e+00,3.211219549179077148e+00
2.434860706329345703e+00,2.673405408859252930e+00
1.835335969924926758e+00,2.993873119354248047e+00
1.795398473739624023e+00,3.111914396286010742e+00
2.716403961181640625e+00,2.367724657058715820e+00
2.179472208023071289e+00,2.978910207748413086e+00
1.567437171936035156e+00,3.185997486114501953e+00
1.858464956283569336e+00,2.884304761886596680e+00
2.943007946014404297e+00,2.216982126235961914e+00
2.119072437286376953e+00,3.029024362564086914e+00
2.331070423126220703e+00,2.680307149887084961e+00
1.255022048950195312e+00,3.412942171096801758e+00
3.373297214508056641e+00,-3.565119028091430664e+00
2.088273286819458008e+00,3.048744678497314453e+00
2.787202835083007812e+00,2.200421571731567383e+00
1.410083174705505371e+00,3.533927440643310547e+00
1.903421878814697266e+00,3.026138067245483398e+00
2.617626905441284180e+00,2.399876832962036133e+00
1.703725695610046387e+00,3.061280965805053711e+00
3.292463302612304688e+00,-3.546258926391601562e+00
1.950910449028015137e+00,3.059592962265014648e+00
1.557663917541503906e+00,3.285959243774414062e+00
1.446285724639892578e+00,3.241140127182006836e+00
1.911697864532470703e+00,3.126837730407714844e+00
3.913967370986938477e+00,-2.493838787078857422e+00
1.268380522727966309e+00,3.388517141342163086e+00
2.997725009918212891e+00,2.111135005950927734e+00
1.535326957702636719e+00,3.185813665390014648e+00
1.734966993331909180e+00,3.184743404388427734e+00
2.254774570465087891e+00,2.684924602508544922e+00
3.059800624847412109e+00,1.875773787498474121e+00
1.415943145751953125e+00,3.433979511260986328e+00
1.500742912292480469e+00,3.424927473068237305e+00
1.556502699851989746e+00,3.287658452987670898e+00
1.625381946563720703e+00,3.362100601196289062e+00
2.621232986450195312e+00,2.428341150283813477e+00
1.275063514709472656e+00,3.269287824630737305e+00
3.400702476501464844e+00,1.515883922576904297e+00
1.558273911476135254e+00,3.277605772018432617e+00
3.556105852127075195e+00,9.900928139686584473e-01
1.538382053375244141e+00,3.413744211196899414e+00
2.399964809417724609e+00,2.681076765060424805e+00
1.645685076713562012e+00,3.371898889541625977e+00
2.048632621765136719e+00,2.873712301254272461e+00
1.800144553184509277e+00,2.987731695175170898e+00
1.461073517799377441e+00,3.432359457015991211e+00
1.919645547866821289e+00,3.203354358673095703e+00
2.416527032852172852e+00,2.560371398925781250e+00
1.557978630065917969e+00,3.244101762771606445e+00
2.022815704345703125e+00,3.072533369064331055e+00
2.534878730773925781e+00,2.432785749435424805e+00
3.688514947891235352e+00,1.057386636734008789e+00
1.123976707458496094e+00,3.414394140243530273e+00
1.587985754013061523e+00,3.261433124542236328e+00
1.724191069602966309e+00,3.265617609024047852e+00
2.068969249725341797e+00,2.808909654617309570e+00
2.736023187637329102e+00,2.256303548812866211e+00
1.321039676666259766e+00,3.381202220916748047e+00
2.788850307464599609e+00,2.117808580398559570e+00
1.434798002243041992e+00,3.284161329269409180e+00
1.432244062423706055e+00,3.355683803558349609e+00
2.108121633529663086e+00,2.784704923629760742e+00
3.305663108825683594e+00,-3.695512056350708008e+00
1.948602080345153809e+00,3.096268415451049805e+00
1.838823080062866211e+00,3.181509256362915039e+00
2.964168071746826172e+00,-4.007856845855712891e+00
2.206900596618652344e+00,2.692252397537231445e+00
1.546453714370727539e+00,3.159425497055053711e+00
1.663340091705322266e+00,3.232573747634887695e+00
1.611366271972656250e+00,3.277436256408691406e+00
1.574067115783691406e+00,3.298408269882202148e+00
2.038150787353515625e+00,2.846036434173583984e+00
2.248731613159179688e+00,2.740640401840209961e+00
3.925754547119140625e+00,-2.676978349685668945e+00
1.557136058807373047e+00,3.248807430267333984e+00
1.603839874267578125e+00,3.215371370315551758e+00
1.964290857315063477e+00,2.867018938064575195e+00
3.924957752227783203e+00,-2.616626024246215820e+00
1.644490242004394531e+00,3.185981988906860352e+00
1.997308373451232910e+00,2.884130716323852539e+00
1.679654598236083984e+00,3.196108102798461914e+00
1.786957263946533203e+00,3.085610151290893555e+00
2.624515295028686523e+00,2.458685159683227539e+00
1.600883603096008301e+00,3.225167751312255859e+00
3.852252483367919922e+00,-2.877000331878662109e+00
1.425486087799072266e+00,3.276081800460815430e+00
1.790844798088073730e+00,3.048716306686401367e+00
1.838573813438415527e+00,3.172674894332885742e+00
3.760620832443237305e+00,7.726357579231262207e-01
1.480681180953979492e+00,3.330172300338745117e+00
1.365883827209472656e+00,3.268639087677001953e+00
2.150904655456542969e+00,2.801955699920654297e+00
1.584139704704284668e+00,3.262783765792846680e+00
2.072594642639160156e+00,2.833912611007690430e+00
4.012733936309814453e+00,-1.911734819412231445e+00
1.629679918289184570e+00,3.232547998428344727e+00
1.823013305664062500e+00,3.081605195999145508e+00
1.925830841064453125e+00,2.950211286544799805e+00
2.581898689270019531e+00,2.493760108947753906e+00
1.943539142608642578e+00,3.101870775222778320e+00
2.122421503067016602e+00,2.887053489685058594e+00
4.046862602233886719e+00,-4.821161031723022461e-01
2.400078296661376953e+00,2.771206140518188477e+00
2.930340766906738281e+00,-4.007369995117187500e+00
2.164918422698974609e+00,2.867371559143066406e+00
1.467994809150695801e+00,3.433990478515625000e+00
2.060573816299438477e+00,2.962559461593627930e+00
2.088358402252197266e+00,3.001839160919189453e+00
1.624886989593505859e+00,3.345308303833007812e+00
1.535236835479736328e+00,3.335992574691772461e+00
1.373950600624084473e+00,3.335360050201416016e+00
3.719479799270629883e+00,-3.244648218154907227e+00
1.594808340072631836e+00,3.200933933258056641e+00
1.536850929260253906e+00,3.417128801345825195e+00
3.873532772064208984e+00,-2.534752607345581055e+00
1.700953125953674316e+00,3.101217269897460938e+00
1.645874023437500000e+00,3.184090375900268555e+00
2.726317644119262695e+00,2.382642269134521484e+00
1.364102959632873535e+00,3.482269525527954102e+00
2.128333330154418945e+00,2.815283536911010742e+00
2.535709381103515625e+00,2.495165348052978516e+00
2.910110712051391602e+00,2.110532760620117188e+00
1.909666419029235840e+00,3.063575983047485352e+00
2.035602092742919922e+00,3.022716283798217773e+00
2.048027753829956055e+00,2.867699623107910156e+00
1.676267862319946289e+00,3.290774345397949219e+00
1.944653511047363281e+00,3.166452646255493164e+00
2.414284706115722656e+00,2.639149427413940430e+00
1.796230316162109375e+00,3.134582757949829102e+00
4.102382659912109375e+00,-3.244165778160095215e-01
1.901871919631958008e+00,2.926566362380981445e+00
1.441208958625793457e+00,3.487987756729125977e+00
1.721339821815490723e+00,3.246329069137573242e+00
3.721311569213867188e+00,-3.081344842910766602e+00
4.121290206909179688e+00,-1.711697816848754883e+00
1.677715778350830078e+00,3.309847831726074219e+00
2.206102371215820312e+00,2.626223087310791016e+00
4.047476291656494141e+00,-1.636349439620971680e+00
1.559027791023254395e+00,3.385357618331909180e+00
4.005122661590576172e+00,-2.193562030792236328e+00
2.049111604690551758e+00,2.779677867889404297e+00
3.943163871765136719e+00,-2.731484651565551758e+00
2.591139793395996094e+00,2.508054971694946289e+00
1.670569419860839844e+00,3.197758674621582031e+00
1.836444973945617676e+00,3.139443635940551758e+00
1.899594187736511230e+00,3.135533094406127930e+00
2.093432426452636719e+00,2.907793283462524414e+00
2.969463348388671875e+00,-3.830573558807373047e+00
1.968843698501586914e+00,3.108002185821533203e+00
1.856194734573364258e+00,3.313421487808227539e+00
2.527462482452392578e+00,2.497158288955688477e+00
2.840392827987670898e+00,2.309995889663696289e+00
1.960774064064025879e+00,3.060022354125976562e+00
1.722379922866821289e+00,3.199760198593139648e+00
2.290809392929077148e+00,2.725293874740600586e+00
3.534800052642822266e+00,1.501054406166076660e+00
4.148949146270751953e+00,-1.149285674095153809e+00
1.666212081909179688e+00,3.257277727127075195e+00
1.942950367927551270e+00,2.990810155868530273e+00
1.257379055023193359e+00,3.423241853713989258e+00
2.788447380065917969e+00,2.300491094589233398e+00
1.844762802124023438e+00,3.095066785812377930e+00
1.693269491195678711e+00,2.908909082412719727e+00
2.215230464935302734e+00,2.761805295944213867e+00
3.284486293792724609e+00,1.785395503044128418e+00
1.349077463150024414e+00,3.564438581466674805e+00
1.601221561431884766e+00,3.344878435134887695e+00
3.783196687698364258e+00,-2.760046243667602539e+00
1.739152073860168457e+00,3.179944276809692383e+00
2.774594783782958984e+00,2.355446338653564453e+00
1.506136536598205566e+00,3.307720422744750977e+00
4.081743717193603516e+00,-1.626659750938415527e+00
1.761547565460205078e+00,3.084322452545166016e+00
2.064999818801879883e+00,2.962308168411254883e+00
2.432281017303466797e+00,2.675065279006958008e+00
1.597277641296386719e+00,3.274029493331909180e+00
3.807967185974121094e+00,-2.895096540451049805e+00
1.726228117942810059e+00,3.246475696563720703e+00
1.696073174476623535e+00,3.190169095993041992e+00
1.932850122451782227e+00,2.895248174667358398e+00
2.249254941940307617e+00,2.791467666625976562e+00
1.894241929054260254e+00,3.248461246490478516e+00
2.906463623046875000e+00,2.186522722244262695e+00
1.924187898635864258e+00,3.171742677688598633e+00
1.603227615356445312e+00,3.447916746139526367e+00
1.463399171829223633e+00,3.189203977584838867e+00
3.768343448638916016e+00,-3.013495206832885742e+00
2.302125692367553711e+00,2.673317670822143555e+00
1.714966535568237305e+00,3.284133672714233398e+00
4.180704593658447266e+00,2.395884320139884949e-02
1.456071496009826660e+00,3.300027370452880859e+00
2.223999500274658203e+00,2.836858034133911133e+00
2.021800041198730469e+00,2.920575380325317383e+00
2.090284109115600586e+00,2.817412137985229492e+00
1.990225315093994141e+00,3.128667593002319336e+00
1.799828171730041504e+00,3.308528900146484375e+00
1.579437375068664551e+00,3.326246261596679688e+00
1.999353408813476562e+00,3.073772668838500977e+00
1.729887247085571289e+00,3.385641336441040039e+00
1.470044851303100586e+00,3.276990175247192383e+00
1.983389854431152344e+00,2.992277622222900391e+00
1.346407413482666016e+00,3.506616115570068359e+00
2.035948753356933594e+00,2.947204828262329102e+00
1.607212066650390625e+00,3.259735822677612305e+00
1.201621890068054199e+00,3.408451080322265625e+00
1.387164473533630371e+00,3.451022148132324219e+00
1.604630351066589355e+00,3.215810060501098633e+00
2.246323108673095703e+00,2.734949350357055664e+00
3.216123342514038086e+00,-3.808876991271972656e+00
1.894088029861450195e+00,3.283975839614868164e+00
2.224820613861083984e+00,2.820759057998657227e+00
1.384045600891113281e+00,3.407962560653686523e+00
1.587431669235229492e+00,3.270462512969970703e+00
2.451172351837158203e+00,2.644743919372558594e+00
1.740285634994506836e+00,3.116434812545776367e+00
2.220597028732299805e+00,2.794065237045288086e+00
1.744779109954833984e+00,3.248915672302246094e+00
4.070516109466552734e+00,-2.324512481689453125e+00
2.095932245254516602e+00,2.897480726242065430e+00
1.458409428596496582e+00,3.360056400299072266e+00
1.405936598777770996e+00,3.419498205184936523e+00
2.409174442291259766e+00,2.580654859542846680e+00
4.103395938873291016e+00,-9.661120772361755371e-01
1.495921850204467773e+00,3.406409502029418945e+00
3.640018701553344727e+00,1.270570278167724609e+00
2.004301548004150391e+00,2.939321994781494141e+00
2.361427307128906250e+00,2.612981796264648438e+00
1.744726896286010742e+00,3.201780319213867188e+00
4.100915431976318359e+00,-1.271200060844421387e+00
3.404235124588012695e+00,-3.510451793670654297e+00
1.707818388938903809e+00,3.273042440414428711e+00
2.285791397094726562e+00,2.898599386215209961e+00
1.749157190322875977e+00,3.283177137374877930e+00
1.971101284027099609e+00,2.980580091476440430e+00
3.552663803100585938e+00,1.494367003440856934e+00
1.991695642471313477e+00,3.036286115646362305e+00
2.165683746337890625e+00,2.888981580734252930e+00
2.339068889617919922e+00,2.571205139160156250e+00
1.546357870101928711e+00,3.246762037277221680e+00
2.176887035369873047e+00,2.888440847396850586e+00
1.977501749992370605e+00,2.865230798721313477e+00
3.518202781677246094e+00,1.053096413612365723e+00
1.429541349411010742e+00,3.347373008728027344e+00
1.421593308448791504e+00,3.379497766494750977e+00
3.297117948532104492e+00,1.667855024337768555e+00
1.670822739601135254e+00,3.221482753753662109e+00
1.621613025665283203e+00,3.247413635253906250e+00
1.435685634613037109e+00,3.296070814132690430e+00
3.768334150314331055e+00,-2.954891920089721680e+00
2.199223041534423828e+00,2.803631544113159180e+00
1.564386844635009766e+00,3.147438049316406250e+00
1.836229920387268066e+00,3.139676094055175781e+00
2.165541648864746094e+00,2.787505388259887695e+00
1.749555587768554688e+00,3.116746664047241211e+00
1.585499525070190430e+00,3.345692157745361328e+00
1.376832127571105957e+00,3.406524181365966797e+00
3.042788505554199219e+00,2.186338186264038086e+00
1.594255328178405762e+00,3.283562660217285156e+00
3.189385652542114258e+00,1.780018687248229980e+00
3.534525871276855469e+00,-3.536668539047241211e+00
1.350267052650451660e+00,3.392007589340209961e+00
4.092570781707763672e+00,-1.066686391830444336e+00
2.084163665771484375e+00,2.843697309494018555e+00
2.014570713043212891e+00,3.040501832962036133e+00
2.645301342010498047e+00,2.458707332611083984e+00
1.892450928688049316e+00,3.001910924911499023e+00
2.143180131912231445e+00,2.951134920120239258e+00
1.724802255630493164e+00,3.125576496124267578e+00
3.412642002105712891e+00,1.551349043846130371e+00
2.441922426223754883e+00,2.774682283401489258e+00
1.528334736824035645e+00,3.283246994018554688e+00
3.629417419433593750e+00,-3.391044616699218750e+00
2.377020597457885742e+00,2.706821680068969727e+00
2.020053625106811523e+00,3.110669612884521484e+00
1.816085100173950195e+00,3.162102937698364258e+00
1.757977843284606934e+00,3.248556852340698242e+00
1.882381796836853027e+00,2.808985471725463867e+00
3.657801151275634766e+00,-3.181597948074340820e+00
2.268181800842285156e+00,2.773346662521362305e+00
1.597543716430664062e+00,3.396422147750854492e+00
1.769274592399597168e+00,2.915771245956420898e+00
3.046848773956298828e+00,2.095045804977416992e+00
1.636256933212280273e+00,3.398027181625366211e+00
2.386598348617553711e+00,2.581159353256225586e+00
1.787218928337097168e+00,3.242141246795654297e+00
1.619248747825622559e+00,3.376822948455810547e+00
2.926651477813720703e+00,-3.892832517623901367e+00
3.344952344894409180e+00,-3.494713068008422852e+00
3.083174705505371094e+00,2.025424957275390625e+00
1.464249134063720703e+00,3.243402242660522461e+00
1.465928792953491211e+00,3.287947177886962891e+00
1.895946979522705078e+00,3.165204763412475586e+00
2.447568416595458984e+00,2.575957536697387695e+00
4.073885440826416016e+00,-1.848479390144348145e+00
2.058682918548583984e+00,3.003786325454711914e+00
3.697527408599853516e+00,-3.103507280349731445e+00
1.494273900985717773e+00,3.465526342391967773e+00
3.551880598068237305e+00,1.498662590980529785e+00
3.157499074935913086e+00,2.004047632217407227e+00
1.654550433158874512e+00,3.094430685043334961e+00
2.151932477951049805e+00,2.932939291000366211e+00
3.335137844085693359e+00,1.638728618621826172e+00
2.080692529678344727e+00,2.880795240402221680e+00
3.088102340698242188e+00,-3.917300462722778320e+00
2.111100435256958008e+00,3.035489320755004883e+00
1.983326554298400879e+00,2.900048494338989258e+00
1.793280124664306641e+00,2.978474378585815430e+00
1.500353932380676270e+00,3.329176425933837891e+00
3.861435413360595703e+00,-2.497280597686767578e+00
2.517330646514892578e+00,2.452757358551025391e+00
4.193144798278808594e+00,-8.395321965217590332e-01
1.954367876052856445e+00,3.159278631210327148e+00
1.615007042884826660e+00,3.357211828231811523e+00
1.949361324310302734e+00,3.043450832366943359e+00
1.919931054115295410e+00,2.992449522018432617e+00
1.345585107803344727e+00,3.377622365951538086e+00
2.115161180496215820e+00,2.918240785598754883e+00
3.116283416748046875e+00,-3.886752367019653320e+00
1.428996920585632324e+00,3.418009519577026367e+00
2.300434589385986328e+00,2.856546401977539062e+00
2.044677972793579102e+00,3.046088695526123047e+00
1.498143076896667480e+00,3.317621946334838867e+00
1.594984054565429688e+00,3.358485698699951172e+00
1.527160406112670898e+00,3.511866092681884766e+00
1.511624097824096680e+00,3.330964803695678711e+00
2.823953628540039062e+00,2.343901634216308594e+00
2.100513458251953125e+00,2.852333068847656250e+00
2.956534385681152344e+00,2.101061582565307617e+00
1.471047639846801758e+00,3.395102262496948242e+00
1.466536998748779297e+00,3.421314477920532227e+00
3.326228141784667969e+00,1.638248562812805176e+00
1.777752280235290527e+00,3.103677034378051758e+00
2.398835659027099609e+00,2.747049093246459961e+00
1.919241189956665039e+00,3.142542839050292969e+00
3.004108428955078125e+00,2.112358331680297852e+00
2.132521867752075195e+00,2.965765237808227539e+00
1.957846641540527344e+00,3.068854570388793945e+00
4.157702922821044922e+00,-1.631511688232421875e+00
2.463796138763427734e+00,2.689566612243652344e+00
3.879766225814819336e+00,3.673411905765533447e-01
2.039295673370361328e+00,2.933169126510620117e+00
1.846354484558105469e+00,2.970197200775146484e+00
1.744032859802246094e+00,3.050388813018798828e+00
4.076463222503662109e+00,-1.900958895683288574e+00
2.587965011596679688e+00,2.534410476684570312e+00
1.690981388092041016e+00,3.118414163589477539e+00
3.836991786956787109e+00,9.829688072204589844e-01
4.028667926788330078e+00,-2.253662198781967163e-01
1.268178343772888184e+00,3.422653913497924805e+00
2.731046199798583984e+00,2.091422319412231445e+00
1.708494186401367188e+00,3.142766237258911133e+00
2.139509677886962891e+00,2.754995584487915039e+00
1.501892089843750000e+00,3.343575954437255859e+00
1.707276821136474609e+00,3.188050031661987305e+00
3.798337459564208984e+00,6.121978759765625000e-01
1.724510550498962402e+00,3.092332124710083008e+00
2.240891218185424805e+00,2.908407449722290039e+00
1.181690692901611328e+00,3.550539016723632812e+00
2.022383928298950195e+00,2.893090963363647461e+00
3.910895586013793945e+00,-2.349853277206420898e+00
3.725004196166992188e+00,-3.210109233856201172e+00
2.359281063079833984e+00,2.755716562271118164e+00
1.769950389862060547e+00,2.955955743789672852e+00
2.079181194305419922e+00,2.902639150619506836e+00
2.976511955261230469e+00,2.113575696945190430e+00
1.832036375999450684e+00,3.239944219589233398e+00
3.498520135879516602e+00,-3.585822343826293945e+00
4.046864032745361328e+00,-3.983765840530395508e-01
2.915948152542114258e+00,2.001002073287963867e+00
1.366787672042846680e+00,3.242639064788818359e+00
2.765146255493164062e+00,2.302602529525756836e+00
2.204260587692260742e+00,2.802019119262695312e+00
3.146793603897094727e+00,-3.751132488250732422e+00
1.615997314453125000e+00,3.213073730468750000e+00
2.088095188140869141e+00,2.871003866195678711e+00
1.357444286346435547e+00,3.140982389450073242e+00
1.611760258674621582e+00,3.282495737075805664e+00
3.536603689193725586e+00,-3.357410669326782227e+00
2.166373252868652344e+00,2.888983011245727539e+00
2.316627502441406250e+00,2.764032125473022461e+00
3.936121702194213867e+00,3.078719377517700195e-01
1.338376283645629883e+00,3.442198991775512695e+00
3.820615053176879883e+00,7.251916527748107910e-01
2.168635845184326172e+00,2.650290966033935547e+00
1.517554521560668945e+00,3.208415508270263672e+00
1.340283393859863281e+00,3.446987390518188477e+00
1.795475006103515625e+00,3.184340238571166992e+00
1.586048007011413574e+00,3.345783948898315430e+00
1.611322283744812012e+00,3.246081352233886719e+00
1.575911998748779297e+00,3.151396512985229492e+00
2.140138149261474609e+00,2.710007429122924805e+00
1.474701404571533203e+00,3.229637622833251953e+00
2.327348470687866211e+00,2.591419458389282227e+00
1.193819880485534668e+00,3.319764852523803711e+00
1.974546551704406738e+00,3.016805171966552734e+00
3.097566366195678711e+00,1.875329256057739258e+00
4.106980323791503906e+00,-9.325253367424011230e-01
1.841197729110717773e+00,3.131710290908813477e+00
2.186543464660644531e+00,2.907790184020996094e+00
4.189498424530029297e+00,-4.621777534484863281e-01
1.341763496398925781e+00,3.324890851974487305e+00
1.455885410308837891e+00,3.363999605178833008e+00
4.208175182342529297e+00,-7.463690042495727539e-01
1.657991290092468262e+00,3.236843585968017578e+00
1.314954042434692383e+00,3.445551872253417969e+00
1.616861343383789062e+00,3.268649816513061523e+00
2.244792461395263672e+00,2.684077978134155273e+00
4.074943065643310547e+00,-6.269886493682861328e-01
2.284216403961181641e+00,2.734169483184814453e+00
3.259714365005493164e+00,-3.819632530212402344e+00
1.676371693611145020e+00,3.240358114242553711e+00
2.055891036987304688e+00,2.934559822082519531e+00
2.014553308486938477e+00,3.016239404678344727e+00
1.758822798728942871e+00,3.172842025756835938e+00
1.558909177780151367e+00,3.255608320236206055e+00
2.232711791992187500e+00,2.764776468276977539e+00
1.860725522041320801e+00,3.187012434005737305e+00
1.983355045318603516e+00,3.098770856857299805e+00
1.883174657821655273e+00,3.092768192291259766e+00
1.623939633369445801e+00,3.227011442184448242e+00
1.941521406173706055e+00,2.910131216049194336e+00
1.908508658409118652e+00,3.093337297439575195e+00
1.353159666061401367e+00,3.473960399627685547e+00
2.426749944686889648e+00,2.626640796661376953e+00
3.238608121871948242e+00,1.930887937545776367e+00
2.116071701049804688e+00,2.896548509597778320e+00
3.989909648895263672e+00,-2.434105396270751953e+00
2.931904077529907227e+00,2.269196271896362305e+00
3.299768686294555664e+00,-3.697898626327514648e+00
9.791356921195983887e-01,3.486629724502563477e+00
2.068325757980346680e+00,3.006735324859619141e+00
2.616931438446044922e+00,2.317822217941284180e+00
2.410974502563476562e+00,2.647780895233154297e+00
2.676798343658447266e+00,2.237221479415893555e+00
1.933759570121765137e+00,3.126989126205444336e+00
1.464394330978393555e+00,3.471253156661987305e+00
2.023674011230468750e+00,2.946712970733642578e+00
2.084493875503540039e+00,3.008728742599487305e+00
1.824349164962768555e+00,3.097346305847167969e+00
1.790979623794555664e+00,3.215585947036743164e+00
1.715979337692260742e+00,3.233622789382934570e+00
1.630467653274536133e+00,3.193505048751831055e+00
2.399541854858398438e+00,2.654253482818603516e+00
1.417923450469970703e+00,3.047319650650024414e+00
1.295086026191711426e+00,3.336093902587890625e+00
2.355338096618652344e+00,2.615909814834594727e+00
1.753971815109252930e+00,3.185529708862304688e+00
2.198038816452026367e+00,2.775644540786743164e+00
1.874600768089294434e+00,3.267948389053344727e+00
1.754366874694824219e+00,2.892550468444824219e+00
1.398186922073364258e+00,3.358319520950317383e+00
4.004357337951660156e+00,-1.506533622741699219e+00
2.229968786239624023e+00,2.723612785339355469e+00
3.653373479843139648e+00,1.192046880722045898e+00
2.010981559753417969e+00,3.063806772232055664e+00
1.340654850006103516e+00,3.400386571884155273e+00
2.431780338287353516e+00,2.643566608428955078e+00
1.661470413208007812e+00,3.031951665878295898e+00
1.659880638122558594e+00,3.158674716949462891e+00
3.769083261489868164e+00,6.686240434646606445e-01
1.907154440879821777e+00,2.999237060546875000e+00
2.069178581237792969e+00,2.978427410125732422e+00
1.460751891136169434e+00,3.360459089279174805e+00
2.645236730575561523e+00,2.569802284240722656e+00
1.844774246215820312e+00,3.008677244186401367e+00
1.611674547195434570e+00,3.384413957595825195e+00
1.586465597152709961e+00,3.304132938385009766e+00
2.141455173492431641e+00,3.031124114990234375e+00
2.561648845672607422e+00,2.557631254196166992e+00
3.964517593383789062e+00,-2.493520259857177734e+00
3.510745048522949219e+00,1.313024640083312988e+00
3.334971904754638672e+00,1.660797119140625000e+00
1.548806190490722656e+00,3.105611085891723633e+00
2.042038440704345703e+00,2.970097541809082031e+00
1.715755105018615723e+00,3.082518100738525391e+00
1.960132479667663574e+00,2.936807632446289062e+00
1.835303544998168945e+00,3.176496744155883789e+00
3.101752042770385742e+00,1.833985567092895508e+00
1.983452558517456055e+00,3.010910749435424805e+00
1.780655384063720703e+00,3.277349710464477539e+00
1.584412097930908203e+00,3.336665391921997070e+00
1.844870924949645996e+00,3.187817811965942383e+00
1.649998545646667480e+00,3.208786964416503906e+00
1.580118298530578613e+00,3.306459665298461914e+00
1.686809420585632324e+00,3.086935043334960938e+00
1.555259704589843750e+00,3.464040517807006836e+00
1.814817190170288086e+00,3.164736509323120117e+00
1.532972216606140137e+00,3.299361944198608398e+00
2.072543621063232422e+00,2.934720039367675781e+00
1.668102264404296875e+00,3.346986532211303711e+00
1.449911952018737793e+00,3.242057561874389648e+00
2.141907691955566406e+00,2.892420530319213867e+00
1.650764226913452148e+00,3.099832773208618164e+00
2.142127752304077148e+00,3.096919536590576172e+00
2.209163904190063477e+00,2.845006227493286133e+00
1.978715181350708008e+00,3.017815351486206055e+00
2.500609397888183594e+00,2.593042612075805664e+00
2.986154317855834961e+00,2.086390256881713867e+00
1.750898122787475586e+00,3.284492731094360352e+00
1.528015971183776855e+00,3.337015390396118164e+00
2.478170394897460938e+00,2.513885259628295898e+00
2.646054506301879883e+00,2.410300254821777344e+00
2.256441354751586914e+00,2.782593727111816406e+00
2.287328720092773438e+00,2.877273321151733398e+00
1.724290609359741211e+00,3.283062696456909180e+00
1.575006246566772461e+00,3.315389871597290039e+00
1.616408348083496094e+00,3.077718496322631836e+00
1.307774782180786133e+00,3.356878042221069336e+00
1.776519179344177246e+00,3.063567876815795898e+00
1.909176349639892578e+00,2.965217113494873047e+00
2.725105762481689453e+00,2.229345083236694336e+00
1.864142775535583496e+00,3.057272434234619141e+00
2.614162921905517578e+00,2.433838129043579102e+00
1.718951225280761719e+00,3.221231460571289062e+00
1.224005937576293945e+00,3.361261367797851562e+00
1.613674640655517578e+00,3.237036466598510742e+00
1.689333200454711914e+00,3.175404310226440430e+00
3.957835197448730469e+00,-1.793964385986328125e+00
4.129171848297119141e+00,-1.088278770446777344e+00
1.854753613471984863e+00,3.256918668746948242e+00
2.005497217178344727e+00,2.976046085357666016e+00
1.642036557197570801e+00,3.329873085021972656e+00
2.118479967117309570e+00,2.904866218566894531e+00
3.063288450241088867e+00,2.036010026931762695e+00
1.743019104003906250e+00,3.092505216598510742e+00
2.439477682113647461e+00,2.521955728530883789e+00
1.661910653114318848e+00,3.152537107467651367e+00
2.113731384277343750e+00,3.063619852066040039e+00
3.856842517852783203e+00,-2.773024797439575195e+00
2.193972826004028320e+00,2.814604043960571289e+00
1.496422767639160156e+00,3.277443885803222656e+00
1.941177368164062500e+00,2.944035053253173828e+00
4.147395133972167969e+00,-1.267720699310302734e+00
4.226802349090576172e+00,-5.745199322700500488e-01
2.080595970153808594e+00,2.890067577362060547e+00
2.033931255340576172e+00,3.012936592102050781e+00
1.869550228118896484e+00,3.061038970947265625e+00
2.095369338989257812e+00,2.702602624893188477e+00
1.771169066429138184e+00,2.967033624649047852e+00
2.831181526184082031e+00,2.051871538162231445e+00
3.002742528915405273e+00,2.158003330230712891e+00
3.662542343139648438e+00,-3.255294561386108398e+00
1.556051254272460938e+00,3.285924434661865234e+00
2.381047248840332031e+00,2.696950674057006836e+00
1.540084004402160645e+00,3.242803096771240234e+00
3.311144828796386719e+00,-3.566359996795654297e+00
2.176938056945800781e+00,2.781235456466674805e+00
1.513510465621948242e+00,3.281504869461059570e+00
1.613782405853271484e+00,3.130494356155395508e+00
1.903878331184387207e+00,3.226899862289428711e+00
1.746932983398437500e+00,3.156608343124389648e+00
1.294483423233032227e+00,3.476942777633666992e+00
1.829823732376098633e+00,3.151719808578491211e+00
1.736920475959777832e+00,3.295466661453247070e+00
1.547380208969116211e+00,3.297223567962646484e+00
2.124694347381591797e+00,2.929237842559814453e+00
2.035779237747192383e+00,2.991074800491333008e+00
1.719629883766174316e+00,3.094162225723266602e+00
3.427677869796752930e+00,1.690779209136962891e+00
1.931161284446716309e+00,3.170894384384155273e+00
1.922712922096252441e+00,3.029865980148315430e+00
1.593696117401123047e+00,3.232308387756347656e+00
3.965823173522949219e+00,-1.881323337554931641e+00
3.254456281661987305e+00,1.624410748481750488e+00
1.346550226211547852e+00,3.464429378509521484e+00
2.564318656921386719e+00,2.409355401992797852e+00
1.351586341857910156e+00,3.435196161270141602e+00
2.468907833099365234e+00,2.587240934371948242e+00
1.785113930702209473e+00,3.111583232879638672e+00
2.513641595840454102e+00,2.487283468246459961e+00
2.393585205078125000e+00,2.570890665054321289e+00
1.548358082771301270e+00,3.419875860214233398e+00
4.269566535949707031e+00,-9.127247929573059082e-01
1.473109483718872070e+00,3.183177947998046875e+00
2.400041818618774414e+00,2.734105825424194336e+00
4.055490493774414062e+00,-1.896760225296020508e+00
3.527891159057617188e+00,1.394060730934143066e+00
3.445539236068725586e+00,1.397438287734985352e+00
2.205858230590820312e+00,2.706915140151977539e+00
4.236960887908935547e+00,-1.010578036308288574e+00
2.188629627227783203e+00,2.763584852218627930e+00
1.675468802452087402e+00,3.291716814041137695e+00
2.098979949951171875e+00,3.083817243576049805e+00
1.996283411979675293e+00,3.052451372146606445e+00
4.081896781921386719e+00,3.647388517856597900e-01
2.017396926879882812e+00,2.882523775100708008e+00
1.652342081069946289e+00,3.221426725387573242e+00
2.070995330810546875e+00,2.891685009002685547e+00
1.618477582931518555e+00,3.264813184738159180e+00
1.891398191452026367e+00,3.019308090209960938e+00
1.612178444862365723e+00,3.276277542114257812e+00
2.135284423828125000e+00,2.828361988067626953e+00
4.199609279632568359e+00,-6.989521384239196777e-01
1.661735177040100098e+00,3.183397054672241211e+00
1.841028213500976562e+00,3.017888307571411133e+00
1.465854406356811523e+00,3.431243181228637695e+00
4.114211559295654297e+00,-7.239203453063964844e-01
1.663157224655151367e+00,3.139010190963745117e+00
1.569865345954895020e+00,3.214920043945312500e+00
3.960528850555419922e+00,-2.653086185455322266e+00
1.722157001495361328e+00,3.129922866821289062e+00
4.059378147125244141e+00,-1.484893560409545898e+00
3.588217020034790039e+00,-3.371369600296020508e+00
2.271288394927978516e+00,2.791429758071899414e+00
1.774089097976684570e+00,3.163865327835083008e+00
1.903604984283447266e+00,3.082103013992309570e+00
1.854220986366271973e+00,3.199038982391357422e+00
1.308287620544433594e+00,3.444897413253784180e+00
1.476321101188659668e+00,3.405166387557983398e+00
2.510869741439819336e+00,2.470129728317260742e+00
2.135507345199584961e+00,2.822932720184326172e+00
2.166838645935058594e+00,2.772948503494262695e+00
1.618071198463439941e+00,3.130227327346801758e+00
1.389532327651977539e+00,3.406290769577026367e+00
3.431399345397949219e+00,-3.422754049301147461e+00
2.721336841583251953e+00,2.555305480957031250e+00
3.440474033355712891e+00,-3.541507005691528320e+00
2.223046302795410156e+00,2.795597076416015625e+00
1.688483238220214844e+00,3.374097108840942383e+00
2.620553970336914062e+00,2.271041631698608398e+00
2.544463634490966797e+00,2.499645471572875977e+00
1.625550270080566406e+00,3.180064916610717773e+00
1.732809901237487793e+00,3.264064550399780273e+00
1.503970503807067871e+00,3.483126878738403320e+00
3.927994489669799805e+00,5.396792292594909668e-01
1.111510992050170898e+00,3.384870767593383789e+00
1.664589166641235352e+00,3.233278512954711914e+00
1.429840803146362305e+00,3.316131830215454102e+00
1.781103730201721191e+00,3.240225076675415039e+00
2.233696937561035156e+00,2.871972322463989258e+00
1.345698714256286621e+00,3.304160594940185547e+00
1.355413436889648438e+00,3.384298086166381836e+00
3.933495044708251953e+00,-2.258951187133789062e+00
2.002522945404052734e+00,2.952485799789428711e+00
1.568213462829589844e+00,3.286364555358886719e+00
3.656688213348388672e+00,-3.370725393295288086e+00
2.043797016143798828e+00,3.099610090255737305e+00
2.374348163604736328e+00,2.742199182510375977e+00
3.291176080703735352e+00,-3.621976613998413086e+00
1.710162162780761719e+00,3.269642591476440430e+00
2.127445697784423828e+00,2.890793323516845703e+00
1.900934576988220215e+00,3.053825139999389648e+00
2.541705608367919922e+00,2.490310430526733398e+00
1.995723962783813477e+00,2.890344381332397461e+00
1.402952551841735840e+00,3.429877042770385742e+00
2.773783206939697266e+00,2.466024875640869141e+00
3.156865358352661133e+00,-3.880149364471435547e+00
1.527444839477539062e+00,3.347568273544311523e+00
1.664007663726806641e+00,3.273483753204345703e+00
1.421298146247863770e+00,3.350033521652221680e+00
1.440336585044860840e+00,3.364637374877929688e+00
1.800780177116394043e+00,3.246870279312133789e+00
1.801440358161926270e+00,2.983888149261474609e+00
3.041293621063232422e+00,2.093540906906127930e+00
1.770252823829650879e+00,3.231619119644165039e+00
1.647418975830078125e+00,3.353205204010009766e+00
1.362929582595825195e+00,3.368849039077758789e+00
1.954943537712097168e+00,3.145289897918701172e+00
2.288702726364135742e+00,2.744960069656372070e+00
1.702225446701049805e+00,3.199282646179199219e+00
1.795004487037658691e+00,3.177366733551025391e+00
1.812913537025451660e+00,3.279957056045532227e+00
1.985062599182128906e+00,2.950665712356567383e+00
1.370831489562988281e+00,3.445024728775024414e+00
1.779315948486328125e+00,3.157311439514160156e+00
2.057373046875000000e+00,2.882274866104125977e+00
1.713298320770263672e+00,3.339082956314086914e+00
4.060731410980224609e+00,-1.903987646102905273e+00
2.680072307586669922e+00,2.435518741607666016e+00
2.298338413238525391e+00,2.844299554824829102e+00
1.659873485565185547e+00,3.038932323455810547e+00
2.309657573699951172e+00,2.682025194168090820e+00
3.397987604141235352e+00,-3.606269598007202148e+00
3.120367527008056641e+00,-3.901007890701293945e+00
1.973094940185546875e+00,2.991972684860229492e+00
1.843342185020446777e+00,3.126080751419067383e+00
1.516203880310058594e+00,3.426729917526245117e+00
1.475029945373535156e+00,3.223737478256225586e+00
3.419302701950073242e+00,-3.556603193283081055e+00
2.642076492309570312e+00,2.482153654098510742e+00
1.679864525794982910e+00,3.257439136505126953e+00
2.712461709976196289e+00,2.211887598037719727e+00
1.626852035522460938e+00,3.263604402542114258e+00
2.266725540161132812e+00,2.831052064895629883e+00
1.640116810798645020e+00,3.216298818588256836e+00
1.989932775497436523e+00,3.180873632431030273e+00
1.633917689323425293e+00,3.146260023117065430e+00
1.737555384635925293e+00,3.325266599655151367e+00
1.723162770271301270e+00,3.279711246490478516e+00
1.931247591972351074e+00,3.025066614151000977e+00
1.675171732902526855e+00,3.331414937973022461e+00
1.923873543739318848e+00,2.904645204544067383e+00
2.529566526412963867e+00,2.472911596298217773e+00
1.916245698928833008e+00,3.128902673721313477e+00
1.776503920555114746e+00,3.167557239532470703e+00
2.111047744750976562e+00,2.768725872039794922e+00
2.149632930755615234e+00,2.752697229385375977e+00
3.731790781021118164e+00,1.012116670608520508e+00
3.537725687026977539e+00,-3.268820524215698242e+00
1.917687058448791504e+00,3.084662199020385742e+00
1.650243282318115234e+00,3.191768884658813477e+00
3.411074399948120117e+00,-3.644804239273071289e+00
2.782241344451904297e+00,2.175925016403198242e+00
1.736077547073364258e+00,3.251932144165039062e+00
2.317419528961181641e+00,2.798362493515014648e+00
1.796892762184143066e+00,3.201880455017089844e+00
1.632771968841552734e+00,3.323685407638549805e+00
3.626470804214477539e+00,1.304547309875488281e+00
1.741737842559814453e+00,3.085037708282470703e+00
1.599083423614501953e+00,3.007689714431762695e+00
1.505621910095214844e+00,3.428640842437744141e+00
2.611795425415039062e+00,2.682864427566528320e+00
2.097335815429687500e+00,2.985021829605102539e+00
2.576622486114501953e+00,2.551749467849731445e+00
2.202671051025390625e+00,2.854780912399291992e+00
3.114973545074462891e+00,2.002110242843627930e+00
3.064268350601196289e+00,-3.889296293258666992e+00
1.690991759300231934e+00,3.392652750015258789e+00
1.528714895248413086e+00,3.360571861267089844e+00
3.649881124496459961e+00,-3.197053670883178711e+00
2.198408126831054688e+00,2.810638427734375000e+00
2.051124811172485352e+00,2.913217544555664062e+00
3.479099035263061523e+00,1.496576070785522461e+00
1.559459567070007324e+00,3.306060075759887695e+00
1.764857292175292969e+00,2.987840890884399414e+00
1.798329353332519531e+00,3.327172994613647461e+00
1.592110037803649902e+00,3.384079217910766602e+00
1.861149668693542480e+00,3.204015731811523438e+00
4.059279918670654297e+00,-1.949644088745117188e+00
1.612582206726074219e+00,3.167593240737915039e+00
1.896534323692321777e+00,3.082495450973510742e+00
1.653416752815246582e+00,3.229149818420410156e+00
1.875167012214660645e+00,3.107972860336303711e+00
2.136155605316162109e+00,2.833275079727172852e+00
2.349511623382568359e+00,2.587538003921508789e+00
1.996446609497070312e+00,2.806406736373901367e+00
1.842647910118103027e+00,3.155361413955688477e+00
1.565028429031372070e+00,3.224097251892089844e+00
1.952969789505004883e+00,3.133111715316772461e+00
3.065774440765380859e+00,2.161496162414550781e+00
1.284740447998046875e+00,3.403078079223632812e+00
1.698141455650329590e+00,3.151196002960205078e+00
2.130926132202148438e+00,2.880890607833862305e+00
2.706729888916015625e+00,2.270556926727294922e+00
1.731243133544921875e+00,3.212461709976196289e+00
2.055800199508666992e+00,2.920288562774658203e+00
1.902726888656616211e+00,3.055856943130493164e+00
1.653816819190979004e+00,3.326368093490600586e+00
2.321306705474853516e+00,2.945001840591430664e+00
1.803463935852050781e+00,3.215070962905883789e+00
1.892858982086181641e+00,2.868488550186157227e+00
3.774859189987182617e+00,7.259837985038757324e-01
1.556859850883483887e+00,3.256011486053466797e+00
2.089860439300537109e+00,3.044728040695190430e+00
1.809819698333740234e+00,3.120291948318481445e+00
1.556266069412231445e+00,3.292209863662719727e+00
1.432499647140502930e+00,3.414815664291381836e+00
1.661002278327941895e+00,2.977622270584106445e+00
2.100104570388793945e+00,2.974165201187133789e+00
1.544378399848937988e+00,3.154736757278442383e+00
2.467323780059814453e+00,2.511016607284545898e+00
4.001758098602294922e+00,-2.057001590728759766e+00
3.987364053726196289e+00,-1.947394847869873047e+00
4.196753025054931641e+00,-1.267773985862731934e+00
2.243391752243041992e+00,3.006678819656372070e+00
3.961961030960083008e+00,-2.367956161499023438e+00
1.657350778579711914e+00,3.217580318450927734e+00
2.635699748992919922e+00,2.285696029663085938e+00
2.008519172668457031e+00,3.055846691131591797e+00
1.963501691818237305e+00,2.879544496536254883e+00
1.753431916236877441e+00,3.266557693481445312e+00
1.911274552345275879e+00,3.080620050430297852e+00
1.963467836380004883e+00,3.129812955856323242e+00
2.001266956329345703e+00,3.037612915039062500e+00
1.776283502578735352e+00,3.030140638351440430e+00
1.878934860229492188e+00,3.175117015838623047e+00
1.654646873474121094e+00,3.235987663269042969e+00
2.564044952392578125e+00,2.489648818969726562e+00
2.309280872344970703e+00,3.037525653839111328e+00
1.581798076629638672e+00,3.350554704666137695e+00
1.353515148162841797e+00,3.309661149978637695e+00
1.696430563926696777e+00,3.224472284317016602e+00
2.055130243301391602e+00,3.065764188766479492e+00
1.758840799331665039e+00,3.014569520950317383e+00
1.965505123138427734e+00,3.122278928756713867e+00
3.182232379913330078e+00,1.721729159355163574e+00
1.966955065727233887e+00,3.002138137817382812e+00
2.824578762054443359e+00,2.495691061019897461e+00
1.948149442672729492e+00,3.170800924301147461e+00
1.605773448944091797e+00,3.331784009933471680e+00
1.973943710327148438e+00,2.844091653823852539e+00
1.634023904800415039e+00,3.229554891586303711e+00
1.733926057815551758e+00,3.332401752471923828e+00
2.228508949279785156e+00,2.781058073043823242e+00
1.539810419082641602e+00,3.184037446975708008e+00
2.415304183959960938e+00,2.707923173904418945e+00
1.141426086425781250e+00,3.485062837600708008e+00
1.944270849227905273e+00,3.201608180999755859e+00
1.799526572227478027e+00,3.035144567489624023e+00
2.275927066802978516e+00,2.801785469055175781e+00
1.861088752746582031e+00,3.136775016784667969e+00
1.773620367050170898e+00,3.182773828506469727e+00
2.242737531661987305e+00,2.954985857009887695e+00
1.793874740600585938e+00,3.204172849655151367e+00
1.751496315002441406e+00,3.126847028732299805e+00
2.342187643051147461e+00,2.650533437728881836e+00
1.658603668212890625e+00,3.236566781997680664e+00
2.048348903656005859e+00,2.829751968383789062e+00
2.396652698516845703e+00,2.702398538589477539e+00
2.064167499542236328e+00,2.994688987731933594e+00
1.645127415657043457e+00,3.262042284011840820e+00
1.503457307815551758e+00,3.213234424591064453e+00
1.665770292282104492e+00,3.145933628082275391e+00
4.147134304046630859e+00,-1.836401462554931641e+00
1.770889520645141602e+00,3.068765878677368164e+00
1.728746294975280762e+00,3.211864709854125977e+00
1.584200024604797363e+00,3.142691135406494141e+00
1.589292287826538086e+00,3.343594074249267578e+00
1.671271204948425293e+00,3.192813873291015625e+00
1.756543517112731934e+00,3.225867748260498047e+00
3.315179109573364258e+00,1.660141706466674805e+00
1.706755638122558594e+00,3.164544820785522461e+00
3.142861127853393555e+00,1.958305597305297852e+00
4.074932098388671875e+00,-1.827199816703796387e+00
1.850106596946716309e+00,3.191377401351928711e+00
2.105950355529785156e+00,2.858170747756958008e+00
3.018511295318603516e+00,2.249832391738891602e+00
3.456699371337890625e+00,1.563162326812744141e+00
1.810280919075012207e+00,3.082422494888305664e+00
1.700815439224243164e+00,3.207625150680541992e+00
1.795611381530761719e+00,3.185690641403198242e+00
2.219839334487915039e+00,2.877923727035522461e+00
4.276011943817138672e+00,-9.918108582496643066e-01
1.857983231544494629e+00,3.196161508560180664e+00
1.495496511459350586e+00,3.354573726654052734e+00
1.614582538604736328e+00,3.206619262695312500e+00
1.877300739288330078e+00,3.035576105117797852e+00
1.987021923065185547e+00,3.125274419784545898e+00
1.561943411827087402e+00,3.231997728347778320e+00
1.530919671058654785e+00,3.338719844818115234e+00
3.104692697525024414e+00,-3.782207727432250977e+00
3.900008678436279297e+00,-2.725443124771118164e+00
3.671137332916259766e+00,1.103860139846801758e+00
2.136862993240356445e+00,2.924363374710083008e+00
2.657260894775390625e+00,2.380576372146606445e+00
4.086484432220458984e+00,-1.636384487152099609e+00
1.382990479469299316e+00,3.242481231689453125e+00
1.784500598907470703e+00,2.930584669113159180e+00
1.622145891189575195e+00,3.364857435226440430e+00
1.947802186012268066e+00,2.998528003692626953e+00
1.695704936981201172e+00,3.016088247299194336e+00
3.555853843688964844e+00,-3.398862838745117188e+00
1.934556365013122559e+00,3.188448429107666016e+00
1.382849454879760742e+00,3.342994213104248047e+00
2.243431568145751953e+00,2.977398633956909180e+00
1.344091296195983887e+00,3.363557338714599609e+00
2.111205577850341797e+00,2.943632602691650391e+00
1.340423822402954102e+00,3.101907491683959961e+00
1.453222036361694336e+00,3.361656904220581055e+00
1.511026501655578613e+00,3.182898998260498047e+00
1.668173193931579590e+00,3.261024713516235352e+00
3.804170846939086914e+00,7.471443414688110352e-01
1.484938859939575195e+00,3.341766834259033203e+00
3.746087074279785156e+00,-3.109043359756469727e+00
1.891771197319030762e+00,3.150983095169067383e+00
1.751766562461853027e+00,3.142556428909301758e+00
2.100162267684936523e+00,2.813341856002807617e+00
1.429680943489074707e+00,3.490504503250122070e+00
2.306956768035888672e+00,2.632582902908325195e+00
3.138174533843994141e+00,1.862988710403442383e+00
1.618138074874877930e+00,3.261467218399047852e+00
1.859390735626220703e+00,2.927938461303710938e+00
1.893195748329162598e+00,3.124786615371704102e+00
1.182066202163696289e+00,3.347249269485473633e+00
1.875795483589172363e+00,3.029237031936645508e+00
2.113842725753784180e+00,2.807788133621215820e+00
1.639608025550842285e+00,3.272750616073608398e+00
1.824754118919372559e+00,3.077540636062622070e+00
1.821584701538085938e+00,3.180375814437866211e+00
1.922386407852172852e+00,2.859837293624877930e+00
1.475536346435546875e+00,3.377463579177856445e+00
2.464424610137939453e+00,2.722979307174682617e+00
3.397450923919677734e+00,-3.544258356094360352e+00
2.895488262176513672e+00,2.071501493453979492e+00
1.666499495506286621e+00,3.328554391860961914e+00
2.023969888687133789e+00,3.054293155670166016e+00
1.492328524589538574e+00,3.394206285476684570e+00
4.185412883758544922e+00,-8.817487955093383789e-01
2.725880861282348633e+00,2.217954397201538086e+00
1.770414113998413086e+00,3.165130853652954102e+00
1.561773180961608887e+00,3.433000802993774414e+00
2.672082901000976562e+00,2.381896734237670898e+00
2.091188907623291016e+00,2.991720676422119141e+00
3.518074512481689453e+00,-3.368005752563476562e+00
4.144322872161865234e+00,-8.201919198036193848e-01
1.799896478652954102e+00,3.186971426010131836e+00
1.938407897949218750e+00,3.075036048889160156e+00
1.837085723876953125e+00,3.180345773696899414e+00
1.715751528739929199e+00,3.216757535934448242e+00
1.651566624641418457e+00,3.111385107040405273e+00
1.563175439834594727e+00,3.207673311233520508e+00
4.181930065155029297e+00,-3.865797519683837891e-01
2.265177488327026367e+00,2.667104959487915039e+00
1.762687802314758301e+00,3.286387205123901367e+00
1.888653874397277832e+00,3.135461807250976562e+00
1.934273481369018555e+00,2.954415082931518555e+00
1.472310423851013184e+00,3.426053762435913086e+00
1.734158515930175781e+00,3.111658334732055664e+00
1.412405848503112793e+00,3.406370878219604492e+00
1.693202257156372070e+00,3.244852304458618164e+00
1.971602678298950195e+00,3.092610597610473633e+00
1.451994180679321289e+00,3.374122142791748047e+00
1.538158416748046875e+00,3.213604688644409180e+00
1.652516484260559082e+00,3.204652070999145508e+00
1.974349856376647949e+00,2.998955726623535156e+00
2.145736217498779297e+00,2.844997167587280273e+00
1.858344078063964844e+00,3.076141834259033203e+00
2.336746215820312500e+00,2.515965938568115234e+00
4.047605991363525391e+00,-1.634622812271118164e+00
1.551013827323913574e+00,3.100269794464111328e+00
2.509359598159790039e+00,2.602476835250854492e+00
1.881599187850952148e+00,3.097664117813110352e+00
1.931612372398376465e+00,2.881469011306762695e+00
1.586625695228576660e+00,3.108219623565673828e+00
2.866672277450561523e+00,2.120739698410034180e+00
1.866404294967651367e+00,3.238486289978027344e+00
2.347874641418457031e+00,2.503582715988159180e+00
2.153114318847656250e+00,2.843199968338012695e+00
1.804715633392333984e+00,3.328848600387573242e+00
1.626316428184509277e+00,3.053861379623413086e+00
1.932120561599731445e+00,2.988518238067626953e+00
1.792202830314636230e+00,3.115041494369506836e+00
2.124897003173828125e+00,2.980667591094970703e+00
1.714480400085449219e+00,3.309502124786376953e+00
2.166077375411987305e+00,2.800814867019653320e+00
1.460121393203735352e+00,3.191092491149902344e+00
2.500683784484863281e+00,2.472036600112915039e+00
1.714779615402221680e+00,3.245044469833374023e+00
1.476443529129028320e+00,3.286325693130493164e+00
1.729120492935180664e+00,3.263153791427612305e+00
2.312791824340820312e+00,2.851420164108276367e+00
1.462927341461181641e+00,3.415227174758911133e+00
1.443964481353759766e+00,3.187361001968383789e+00
2.109326839447021484e+00,2.868592500686645508e+00
1.956401348114013672e+00,3.236979246139526367e+00
1.807015895843505859e+00,3.146670103073120117e+00
1.592535376548767090e+00,3.263664484024047852e+00
2.111042737960815430e+00,3.055554628372192383e+00
1.666813135147094727e+00,3.281056880950927734e+00
1.690599083900451660e+00,3.158318281173706055e+00
1.744539618492126465e+00,3.273874044418334961e+00
1.734097480773925781e+00,3.220202684402465820e+00
2.240335941314697266e+00,2.707166433334350586e+00
2.112634181976318359e+00,2.818808555603027344e+00
1.665095090866088867e+00,3.339548110961914062e+00
1.817871809005737305e+00,3.082307100296020508e+00
1.795392870903015137e+00,3.180865526199340820e+00
2.496151924133300781e+00,2.610946416854858398e+00
2.307665586471557617e+00,2.845605134963989258e+00
2.417781114578247070e+00,2.726825952529907227e+00
1.987495422363281250e+00,3.159575223922729492e+00
2.180946588516235352e+00,3.009945154190063477e+00
1.789590001106262207e+00,3.251127481460571289e+00
3.725095272064208984e+00,-3.139643907546997070e+00
4.100688457489013672e+00,-1.641893625259399414e+00
1.896115303039550781e+00,3.082737207412719727e+00
3.650586128234863281e+00,-3.215767621994018555e+00
1.853645801544189453e+00,3.073671340942382812e+00
1.693420171737670898e+00,3.005930900573730469e+00
1.772622346878051758e+00,3.182639360427856445e+00
1.999521970748901367e+00,2.993049860000610352e+00
2.137603044509887695e+00,2.960643768310546875e+00
1.534631133079528809e+00,3.376846075057983398e+00
3.227858781814575195e+00,-3.693688869476318359e+00
1.488438725471496582e+00,3.367156267166137695e+00
1.791982769966125488e+00,3.113666296005249023e+00
2.102150201797485352e+00,2.872584104537963867e+00
2.616398811340332031e+00,2.476060390472412109e+00
1.635007381439208984e+00,3.411168336868286133e+00
1.265453338623046875e+00,3.458024978637695312e+00
2.679384231567382812e+00,2.264505386352539062e+00
1.659253120422363281e+00,3.093518257141113281e+00
1.997501134872436523e+00,2.997907638549804688e+00
1.726610898971557617e+00,3.188307046890258789e+00
3.842273473739624023e+00,-2.617498874664306641e+00
1.824793338775634766e+00,3.117545843124389648e+00
2.323040962219238281e+00,2.799921274185180664e+00
1.788713932037353516e+00,3.203624725341796875e+00
1.627119064331054688e+00,3.286722421646118164e+00
2.426860809326171875e+00,2.677993535995483398e+00
1.963492393493652344e+00,3.106177091598510742e+00
1.606306910514831543e+00,3.240962982177734375e+00
1.865887403488159180e+00,3.149601459503173828e+00
3.600983142852783203e+00,-3.362497806549072266e+00
3.352307319641113281e+00,-3.606493473052978516e+00
1.723625421524047852e+00,3.184856414794921875e+00
1.599712848663330078e+00,3.129772424697875977e+00
1.115737915039062500e+00,3.443000316619873047e+00
2.051392078399658203e+00,3.049603939056396484e+00
1.749377012252807617e+00,3.269624471664428711e+00
1.637071490287780762e+00,3.249321222305297852e+00
2.225677490234375000e+00,2.876632213592529297e+00
1.479802012443542480e+00,3.338768482208251953e+00
3.145644187927246094e+00,1.948913931846618652e+00
2.143328905105590820e+00,2.672597646713256836e+00
1.349056005477905273e+00,3.199206590652465820e+00
2.413648843765258789e+00,2.533881664276123047e+00
2.033315181732177734e+00,3.031121015548706055e+00
1.911527633666992188e+00,3.139174222946166992e+00
3.569783210754394531e+00,-3.348884105682373047e+00
2.701447486877441406e+00,2.324457168579101562e+00
1.387179970741271973e+00,3.391215324401855469e+00
1.414639711380004883e+00,3.352479219436645508e+00
1.810577988624572754e+00,3.019245386123657227e+00
1.590685844421386719e+00,3.329187154769897461e+00
2.836372137069702148e+00,2.360311269760131836e+00
2.455368041992187500e+00,2.555980443954467773e+00
3.365716934204101562e+00,1.461795091629028320e+00
1.901387572288513184e+00,3.213961839675903320e+00
2.170124530792236328e+00,3.006825208663940430e+00
1.135797619819641113e+00,3.432871103286743164e+00
1.702973365783691406e+00,3.109821319580078125e+00
1.419217348098754883e+00,3.421226501464843750e+00
2.584544658660888672e+00,2.310690641403198242e+00
1.840958118438720703e+00,3.024443387985229492e+00
1.365853309631347656e+00,3.284178972244262695e+00
2.109617948532104492e+00,2.910320997238159180e+00
1.648050427436828613e+00,3.251396894454956055e+00
2.964617729187011719e+00,-3.981972932815551758e+00
1.702539443969726562e+00,3.260361433029174805e+00
1.467390298843383789e+00,3.430086851119995117e+00
1.603774905204772949e+00,3.159245491027832031e+00
1.357851743698120117e+00,3.294571161270141602e+00
1.587515830993652344e+00,3.229751348495483398e+00
1.878269672393798828e+00,2.939064741134643555e+00
1.742700099945068359e+00,3.189473390579223633e+00
2.309276819229125977e+00,2.739956617355346680e+00
2.836668491363525391e+00,2.261919736862182617e+00
3.084349155426025391e+00,1.993702173233032227e+00
3.434354066848754883e+00,-3.473128795623779297e+00
2.204613685607910156e+00,2.543399095535278320e+00
1.517064094543457031e+00,3.266846418380737305e+00
4.200704097747802734e+00,-9.631796479225158691e-01
2.132767200469970703e+00,2.763725996017456055e+00
3.297239780426025391e+00,1.659664511680603027e+00
1.724134206771850586e+00,2.977676630020141602e+00
3.035299777984619141e+00,1.883088231086730957e+00
1.924835681915283203e+00,3.085161447525024414e+00
1.370789766311645508e+00,3.469894170761108398e+00
2.000067472457885742e+00,2.967314481735229492e+00
1.740378022193908691e+00,3.146645307540893555e+00
1.647050380706787109e+00,3.343815088272094727e+00
1.649495601654052734e+00,3.131949663162231445e+00
1.744064807891845703e+00,3.137540578842163086e+00
1.446544885635375977e+00,3.338887214660644531e+00
2.083997488021850586e+00,2.924718618392944336e+00
1.954736828804016113e+00,2.938229084014892578e+00
2.102272033691406250e+00,2.785912752151489258e+00
1.641460180282592773e+00,3.176791191101074219e+00
1.859001874923706055e+00,3.047714948654174805e+00
3.431972265243530273e+00,1.507295370101928711e+00
2.757448673248291016e+00,2.473438501358032227e+00
1.921140909194946289e+00,3.034517049789428711e+00
2.888306140899658203e+00,2.247110605239868164e+00
1.522626280784606934e+00,3.306720495223999023e+00
1.571654677391052246e+00,3.212081432342529297e+00
1.942178964614868164e+00,3.247559309005737305e+00
1.846022963523864746e+00,2.924825429916381836e+00
1.749726295471191406e+00,3.152592897415161133e+00
2.704236268997192383e+00,2.313483953475952148e+00
3.572312116622924805e+00,1.284868001937866211e+00
2.653631687164306641e+00,2.507390022277832031e+00
1.389489889144897461e+00,3.265887737274169922e+00
1.538743257522583008e+00,3.352317571640014648e+00
1.806018471717834473e+00,3.204294919967651367e+00
1.733294963836669922e+00,3.223052740097045898e+00
1.738393783569335938e+00,3.235871076583862305e+00
1.394327759742736816e+00,3.262419462203979492e+00
1.862468481063842773e+00,3.021227598190307617e+00
2.028679847717285156e+00,3.082833290100097656e+00
3.786915063858032227e+00,-2.976480722427368164e+00
3.258461236953735352e+00,1.481032967567443848e+00
1.870885252952575684e+00,3.164831876754760742e+00
2.181834936141967773e+00,2.769248247146606445e+00
3.879191875457763672e+00,6.071564555168151855e-01
1.681895971298217773e+00,3.275405168533325195e+00
3.910746574401855469e+00,-2.392921686172485352e+00
2.102685213088989258e+00,2.796208381652832031e+00
1.491298913955688477e+00,3.390761137008666992e+00
1.683025479316711426e+00,3.244750976562500000e+00
3.245638132095336914e+00,-3.688471794128417969e+00
1.608222365379333496e+00,3.353714227676391602e+00
1.999017596244812012e+00,3.000631093978881836e+00
1.405376195907592773e+00,3.380236148834228516e+00
1.525744080543518066e+00,3.297876119613647461e+00
3.970392704010009766e+00,-2.270228624343872070e+00
2.141913414001464844e+00,2.964030981063842773e+00
1.936664938926696777e+00,3.034787178039550781e+00
3.318405866622924805e+00,-3.713568449020385742e+00
3.054818153381347656e+00,2.061385869979858398e+00
2.463313102722167969e+00,2.864035844802856445e+00
1.346953392028808594e+00,3.261545896530151367e+00
1.088253259658813477e+00,3.481451749801635742e+00
1.626642465591430664e+00,3.123931646347045898e+00
2.437391281127929688e+00,2.653265953063964844e+00
1.930124998092651367e+00,3.076765298843383789e+00
1.635920882225036621e+00,3.255461931228637695e+00
1.683014750480651855e+00,3.187404394149780273e+00
2.137199640274047852e+00,2.902754068374633789e+00
2.348515748977661133e+00,2.730596065521240234e+00
1.930575013160705566e+00,3.083647251129150391e+00
1.832760095596313477e+00,3.125325441360473633e+00
1.800918817520141602e+00,3.144286394119262695e+00
1.439306378364562988e+00,3.391006946563720703e+00
3.405742645263671875e+00,-3.543688058853149414e+00
1.823107242584228516e+00,3.158817529678344727e+00
1.700640439987182617e+00,3.221512079238891602e+00
1.321345090866088867e+00,3.276506423950195312e+00
2.031490325927734375e+00,3.126054525375366211e+00
2.826560497283935547e+00,2.200792789459228516e+00
3.095053434371948242e+00,1.915403604507446289e+00
1.338147640228271484e+00,3.327944517135620117e+00
1.908589839935302734e+00,3.112785577774047852e+00
1.669610977172851562e+00,3.162785053253173828e+00
1.646427869796752930e+00,3.353825330734252930e+00
1.612168669700622559e+00,3.212067365646362305e+00
1.705381512641906738e+00,3.262793779373168945e+00
2.972567558288574219e+00,2.067588806152343750e+00
1.806972265243530273e+00,3.130348920822143555e+00
1.936035871505737305e+00,3.087119340896606445e+00
1.985523462295532227e+00,3.052601099014282227e+00
1.480384588241577148e+00,3.302968502044677734e+00
2.116940021514892578e+00,2.889564752578735352e+00
2.161220073699951172e+00,2.686536788940429688e+00
3.523604154586791992e+00,-3.445484399795532227e+00
1.440043210983276367e+00,3.287599802017211914e+00
2.604882240295410156e+00,2.608434677124023438e+00
3.706101417541503906e+00,-3.166822195053100586e+00
1.409493923187255859e+00,3.435807466506958008e+00
1.687087178230285645e+00,3.215548753738403320e+00
1.991894602775573730e+00,2.856565237045288086e+00
2.216360569000244141e+00,2.783916711807250977e+00
1.678568005561828613e+00,3.210053682327270508e+00
3.256975173950195312e+00,-3.750952720642089844e+00
3.766756534576416016e+00,8.835603594779968262e-01
4.103921413421630859e+00,-3.733811378479003906e-01
1.565383434295654297e+00,3.222251415252685547e+00
1.564500570297241211e+00,3.236145019531250000e+00
2.351199150085449219e+00,2.782743930816650391e+00
3.241461277008056641e+00,1.640278100967407227e+00
2.137354850769042969e+00,2.844667434692382812e+00
2.939951181411743164e+00,2.079682588577270508e+00
1.641681313514709473e+00,3.146081447601318359e+00
2.073207378387451172e+00,3.043528318405151367e+00
1.847297906875610352e+00,3.216495752334594727e+00
1.476078152656555176e+00,3.334262609481811523e+00
1.945166707038879395e+00,3.114578723907470703e+00
3.242724657058715820e+00,1.840311646461486816e+00
1.751242399215698242e+00,3.269035339355468750e+00
2.124074935913085938e+00,2.933853626251220703e+00
1.444893717765808105e+00,3.228236436843872070e+00
1.713614463806152344e+00,3.233054876327514648e+00
1.602548837661743164e+00,3.186936616897583008e+00
1.966969609260559082e+00,3.087888717651367188e+00
